,ts_generation,generated_by,co2,pressure,temperature,humidity
0,1718150672436,abc0d16aaf15b3a4ee2e561195dfd82ab260497412e326bb57f2ee5bbe9042d8,489.0,,17.6,81.0
1,1718151284591,abc0d16aaf15b3a4ee2e561195dfd82ab260497412e326bb57f2ee5bbe9042d8,489.0,,17.5,86.0
2,1718151896739,abc0d16aaf15b3a4ee2e561195dfd82ab260497412e326bb57f2ee5bbe9042d8,510.0,,17.3,90.0
3,1718152508872,abc0d16aaf15b3a4ee2e561195dfd82ab260497412e326bb57f2ee5bbe9042d8,486.0,,17.2,90.0
4,1718153120995,abc0d16aaf15b3a4ee2e561195dfd82ab260497412e326bb57f2ee5bbe9042d8,507.0,,17.1,91.0
5,1718153733153,abc0d16aaf15b3a4ee2e561195dfd82ab260497412e326bb57f2ee5bbe9042d8,509.0,,16.9,90.0
6,1718154345284,abc0d16aaf15b3a4ee2e561195dfd82ab260497412e326bb57f2ee5bbe9042d8,513.0,,16.7,90.0
7,1718154957514,abc0d16aaf15b3a4ee2e561195dfd82ab260497412e326bb57f2ee5bbe9042d8,510.0,,16.5,92.0
8,1718155569657,abc0d16aaf15b3a4ee2e561195dfd82ab260497412e326bb57f2ee5bbe9042d8,531.0,,16.4,96.0
9,1718156181804,abc0d16aaf15b3a4ee2e561195dfd82ab260497412e326bb57f2ee5bbe9042d8,515.0,,16.3,96.0
10,1718156793983,abc0d16aaf15b3a4ee2e561195dfd82ab260497412e326bb57f2ee5bbe9042d8,527.0,,16.2,99.0
11,1718157406123,abc0d16aaf15b3a4ee2e561195dfd82ab260497412e326bb57f2ee5bbe9042d8,511.0,,16.2,100.0
12,1718158018343,abc0d16aaf15b3a4ee2e561195dfd82ab260497412e326bb57f2ee5bbe9042d8,518.0,,16.2,100.0
13,1718158630477,abc0d16aaf15b3a4ee2e561195dfd82ab260497412e326bb57f2ee5bbe9042d8,509.0,,16.1,100.0
14,1718159242635,abc0d16aaf15b3a4ee2e561195dfd82ab260497412e326bb57f2ee5bbe9042d8,515.0,,15.8,100.0
15,1718159854781,abc0d16aaf15b3a4ee2e561195dfd82ab260497412e326bb57f2ee5bbe9042d8,508.0,,15.9,100.0
16,1718160466918,abc0d16aaf15b3a4ee2e561195dfd82ab260497412e326bb57f2ee5bbe9042d8,499.0,,15.9,100.0
17,1718161079062,abc0d16aaf15b3a4ee2e561195dfd82ab260497412e326bb57f2ee5bbe9042d8,501.0,,15.8,100.0
18,1718161691198,abc0d16aaf15b3a4ee2e561195dfd82ab260497412e326bb57f2ee5bbe9042d8,523.0,,15.9,100.0
19,1718162303355,abc0d16aaf15b3a4ee2e561195dfd82ab260497412e326bb57f2ee5bbe9042d8,520.0,,15.9,100.0
20,1718162915501,abc0d16aaf15b3a4ee2e561195dfd82ab260497412e326bb57f2ee5bbe9042d8,501.0,,15.8,100.0
21,1718163527635,abc0d16aaf15b3a4ee2e561195dfd82ab260497412e326bb57f2ee5bbe9042d8,501.0,,15.8,100.0
22,1718164139789,abc0d16aaf15b3a4ee2e561195dfd82ab260497412e326bb57f2ee5bbe9042d8,496.0,,15.7,100.0
23,1718164751941,abc0d16aaf15b3a4ee2e561195dfd82ab260497412e326bb57f2ee5bbe9042d8,507.0,,15.9,100.0
24,1718165364047,abc0d16aaf15b3a4ee2e561195dfd82ab260497412e326bb57f2ee5bbe9042d8,505.0,,15.8,100.0
25,1718165976202,abc0d16aaf15b3a4ee2e561195dfd82ab260497412e326bb57f2ee5bbe9042d8,511.0,,15.9,100.0
26,1718166588349,abc0d16aaf15b3a4ee2e561195dfd82ab260497412e326bb57f2ee5bbe9042d8,495.0,,16.2,100.0
27,1718167200566,abc0d16aaf15b3a4ee2e561195dfd82ab260497412e326bb57f2ee5bbe9042d8,506.0,,16.7,100.0
28,1718167812714,abc0d16aaf15b3a4ee2e561195dfd82ab260497412e326bb57f2ee5bbe9042d8,487.0,,18.0,100.0
29,1718168424854,abc0d16aaf15b3a4ee2e561195dfd82ab260497412e326bb57f2ee5bbe9042d8,504.0,,17.7,100.0
30,1718169036972,abc0d16aaf15b3a4ee2e561195dfd82ab260497412e326bb57f2ee5bbe9042d8,491.0,,17.8,100.0
31,1718169649104,abc0d16aaf15b3a4ee2e561195dfd82ab260497412e326bb57f2ee5bbe9042d8,510.0,,17.7,100.0
32,1718170261272,abc0d16aaf15b3a4ee2e561195dfd82ab260497412e326bb57f2ee5bbe9042d8,505.0,,17.8,100.0
33,1718170873390,abc0d16aaf15b3a4ee2e561195dfd82ab260497412e326bb57f2ee5bbe9042d8,496.0,,18.7,100.0
34,1718171485534,abc0d16aaf15b3a4ee2e561195dfd82ab260497412e326bb57f2ee5bbe9042d8,499.0,,19.9,100.0
35,1718172097756,abc0d16aaf15b3a4ee2e561195dfd82ab260497412e326bb57f2ee5bbe9042d8,491.0,,20.2,98.0
36,1718172709906,abc0d16aaf15b3a4ee2e561195dfd82ab260497412e326bb57f2ee5bbe9042d8,496.0,,20.6,94.0
37,1718173322028,abc0d16aaf15b3a4ee2e561195dfd82ab260497412e326bb57f2ee5bbe9042d8,490.0,,20.3,94.0
38,1718173934157,abc0d16aaf15b3a4ee2e561195dfd82ab260497412e326bb57f2ee5bbe9042d8,498.0,,21.7,91.0
39,1718174546292,abc0d16aaf15b3a4ee2e561195dfd82ab260497412e326bb57f2ee5bbe9042d8,468.0,,20.9,87.0
40,1718175158442,abc0d16aaf15b3a4ee2e561195dfd82ab260497412e326bb57f2ee5bbe9042d8,469.0,,21.0,87.0
41,1718175770594,abc0d16aaf15b3a4ee2e561195dfd82ab260497412e326bb57f2ee5bbe9042d8,488.0,,21.1,87.0
42,1718176382842,abc0d16aaf15b3a4ee2e561195dfd82ab260497412e326bb57f2ee5bbe9042d8,483.0,,21.4,85.0
43,1718176994909,abc0d16aaf15b3a4ee2e561195dfd82ab260497412e326bb57f2ee5bbe9042d8,493.0,,21.5,82.0
44,1718177607054,abc0d16aaf15b3a4ee2e561195dfd82ab260497412e326bb57f2ee5bbe9042d8,471.0,,21.5,82.0
45,1718178219260,abc0d16aaf15b3a4ee2e561195dfd82ab260497412e326bb57f2ee5bbe9042d8,473.0,,22.3,81.0
46,1718178831410,abc0d16aaf15b3a4ee2e561195dfd82ab260497412e326bb57f2ee5bbe9042d8,474.0,,22.8,80.0
47,1718179443540,abc0d16aaf15b3a4ee2e561195dfd82ab260497412e326bb57f2ee5bbe9042d8,473.0,,22.7,80.0
48,1718180055675,abc0d16aaf15b3a4ee2e561195dfd82ab260497412e326bb57f2ee5bbe9042d8,472.0,,22.6,79.0
49,1718180667887,abc0d16aaf15b3a4ee2e561195dfd82ab260497412e326bb57f2ee5bbe9042d8,460.0,,22.8,76.0
50,1718181280022,abc0d16aaf15b3a4ee2e561195dfd82ab260497412e326bb57f2ee5bbe9042d8,479.0,,23.1,76.0
51,1718181892246,abc0d16aaf15b3a4ee2e561195dfd82ab260497412e326bb57f2ee5bbe9042d8,448.0,,23.5,75.0
52,1718182504398,abc0d16aaf15b3a4ee2e561195dfd82ab260497412e326bb57f2ee5bbe9042d8,461.0,,23.3,73.0
53,1718183116549,abc0d16aaf15b3a4ee2e561195dfd82ab260497412e326bb57f2ee5bbe9042d8,454.0,,23.1,73.0
54,1718183728745,abc0d16aaf15b3a4ee2e561195dfd82ab260497412e326bb57f2ee5bbe9042d8,475.0,,23.4,70.0
55,1718184340901,abc0d16aaf15b3a4ee2e561195dfd82ab260497412e326bb57f2ee5bbe9042d8,454.0,,23.8,68.0
56,1718184953042,abc0d16aaf15b3a4ee2e561195dfd82ab260497412e326bb57f2ee5bbe9042d8,462.0,,24.3,68.0
57,1718185565223,abc0d16aaf15b3a4ee2e561195dfd82ab260497412e326bb57f2ee5bbe9042d8,463.0,,24.7,67.0
58,1718186177373,abc0d16aaf15b3a4ee2e561195dfd82ab260497412e326bb57f2ee5bbe9042d8,450.0,,24.6,68.0
59,1718186789501,abc0d16aaf15b3a4ee2e561195dfd82ab260497412e326bb57f2ee5bbe9042d8,458.0,,25.3,68.0
60,1718187401712,abc0d16aaf15b3a4ee2e561195dfd82ab260497412e326bb57f2ee5bbe9042d8,460.0,,25.2,65.0
61,1718188013920,abc0d16aaf15b3a4ee2e561195dfd82ab260497412e326bb57f2ee5bbe9042d8,461.0,,25.9,63.0
62,1718188626092,abc0d16aaf15b3a4ee2e561195dfd82ab260497412e326bb57f2ee5bbe9042d8,465.0,,26.3,63.0
63,1718189238238,abc0d16aaf15b3a4ee2e561195dfd82ab260497412e326bb57f2ee5bbe9042d8,461.0,,26.8,62.0
64,1718189850420,abc0d16aaf15b3a4ee2e561195dfd82ab260497412e326bb57f2ee5bbe9042d8,477.0,,27.4,61.0
65,1718190462558,abc0d16aaf15b3a4ee2e561195dfd82ab260497412e326bb57f2ee5bbe9042d8,459.0,,27.9,59.0
66,1718191074769,abc0d16aaf15b3a4ee2e561195dfd82ab260497412e326bb57f2ee5bbe9042d8,464.0,,28.2,59.0
67,1718191686904,abc0d16aaf15b3a4ee2e561195dfd82ab260497412e326bb57f2ee5bbe9042d8,472.0,,28.7,58.0
68,1718192299059,abc0d16aaf15b3a4ee2e561195dfd82ab260497412e326bb57f2ee5bbe9042d8,457.0,,28.8,54.0
69,1718192911280,abc0d16aaf15b3a4ee2e561195dfd82ab260497412e326bb57f2ee5bbe9042d8,465.0,,29.4,54.0
70,1718193523425,abc0d16aaf15b3a4ee2e561195dfd82ab260497412e326bb57f2ee5bbe9042d8,460.0,,29.7,52.0
71,1718194135581,abc0d16aaf15b3a4ee2e561195dfd82ab260497412e326bb57f2ee5bbe9042d8,472.0,,30.1,52.0
72,1718194747784,abc0d16aaf15b3a4ee2e561195dfd82ab260497412e326bb57f2ee5bbe9042d8,452.0,,29.9,52.0
73,1718195359963,abc0d16aaf15b3a4ee2e561195dfd82ab260497412e326bb57f2ee5bbe9042d8,445.0,,30.5,50.0
74,1718195972117,abc0d16aaf15b3a4ee2e561195dfd82ab260497412e326bb57f2ee5bbe9042d8,452.0,,30.5,52.0
75,1718196584271,abc0d16aaf15b3a4ee2e561195dfd82ab260497412e326bb57f2ee5bbe9042d8,454.0,,29.3,52.0
76,1718197196483,abc0d16aaf15b3a4ee2e561195dfd82ab260497412e326bb57f2ee5bbe9042d8,465.0,,29.7,52.0
77,1718197808641,abc0d16aaf15b3a4ee2e561195dfd82ab260497412e326bb57f2ee5bbe9042d8,464.0,,28.0,51.0
78,1718198420870,abc0d16aaf15b3a4ee2e561195dfd82ab260497412e326bb57f2ee5bbe9042d8,456.0,,28.0,51.0
79,1718199033081,abc0d16aaf15b3a4ee2e561195dfd82ab260497412e326bb57f2ee5bbe9042d8,456.0,,29.0,51.0
80,1718199645254,abc0d16aaf15b3a4ee2e561195dfd82ab260497412e326bb57f2ee5bbe9042d8,479.0,,30.8,46.0
81,1718200257393,abc0d16aaf15b3a4ee2e561195dfd82ab260497412e326bb57f2ee5bbe9042d8,448.0,,31.3,46.0
82,1718200869616,abc0d16aaf15b3a4ee2e561195dfd82ab260497412e326bb57f2ee5bbe9042d8,446.0,,31.0,47.0
83,1718201481745,abc0d16aaf15b3a4ee2e561195dfd82ab260497412e326bb57f2ee5bbe9042d8,457.0,,29.3,45.0
84,1718202093964,abc0d16aaf15b3a4ee2e561195dfd82ab260497412e326bb57f2ee5bbe9042d8,441.0,,29.1,45.0
85,1718202706109,abc0d16aaf15b3a4ee2e561195dfd82ab260497412e326bb57f2ee5bbe9042d8,457.0,,29.1,38.0
86,1718203318275,abc0d16aaf15b3a4ee2e561195dfd82ab260497412e326bb57f2ee5bbe9042d8,437.0,,28.6,26.0
87,1718203930505,abc0d16aaf15b3a4ee2e561195dfd82ab260497412e326bb57f2ee5bbe9042d8,450.0,,28.7,26.0
88,1718204542730,abc0d16aaf15b3a4ee2e561195dfd82ab260497412e326bb57f2ee5bbe9042d8,456.0,,29.7,25.0
89,1718205154969,abc0d16aaf15b3a4ee2e561195dfd82ab260497412e326bb57f2ee5bbe9042d8,478.0,,30.4,25.0
90,1718205767197,abc0d16aaf15b3a4ee2e561195dfd82ab260497412e326bb57f2ee5bbe9042d8,465.0,,30.4,24.0
91,1718206379347,abc0d16aaf15b3a4ee2e561195dfd82ab260497412e326bb57f2ee5bbe9042d8,461.0,,29.7,24.0
92,1718206991513,abc0d16aaf15b3a4ee2e561195dfd82ab260497412e326bb57f2ee5bbe9042d8,469.0,,30.0,25.0
93,1718207603645,abc0d16aaf15b3a4ee2e561195dfd82ab260497412e326bb57f2ee5bbe9042d8,448.0,,29.7,24.0
94,1718208215823,abc0d16aaf15b3a4ee2e561195dfd82ab260497412e326bb57f2ee5bbe9042d8,451.0,,29.5,24.0
95,1718208827990,abc0d16aaf15b3a4ee2e561195dfd82ab260497412e326bb57f2ee5bbe9042d8,440.0,,28.7,26.0
96,1718209440133,abc0d16aaf15b3a4ee2e561195dfd82ab260497412e326bb57f2ee5bbe9042d8,461.0,,28.0,28.0
97,1718210052286,abc0d16aaf15b3a4ee2e561195dfd82ab260497412e326bb57f2ee5bbe9042d8,443.0,,27.7,28.0
98,1718210664473,abc0d16aaf15b3a4ee2e561195dfd82ab260497412e326bb57f2ee5bbe9042d8,447.0,,27.2,30.0
99,1718211276698,abc0d16aaf15b3a4ee2e561195dfd82ab260497412e326bb57f2ee5bbe9042d8,456.0,,27.1,31.0
100,1718211888848,abc0d16aaf15b3a4ee2e561195dfd82ab260497412e326bb57f2ee5bbe9042d8,452.0,,26.9,31.0
101,1718212501081,abc0d16aaf15b3a4ee2e561195dfd82ab260497412e326bb57f2ee5bbe9042d8,448.0,,27.5,34.0
102,1718213113209,abc0d16aaf15b3a4ee2e561195dfd82ab260497412e326bb57f2ee5bbe9042d8,463.0,,27.5,48.0
103,1718213725362,abc0d16aaf15b3a4ee2e561195dfd82ab260497412e326bb57f2ee5bbe9042d8,445.0,,28.2,48.0
104,1718214337509,abc0d16aaf15b3a4ee2e561195dfd82ab260497412e326bb57f2ee5bbe9042d8,450.0,,27.9,59.0
105,1718214949701,abc0d16aaf15b3a4ee2e561195dfd82ab260497412e326bb57f2ee5bbe9042d8,453.0,,27.2,54.0
106,1718215561821,abc0d16aaf15b3a4ee2e561195dfd82ab260497412e326bb57f2ee5bbe9042d8,448.0,,24.5,54.0
107,1718216173974,abc0d16aaf15b3a4ee2e561195dfd82ab260497412e326bb57f2ee5bbe9042d8,460.0,,21.6,60.0
108,1718216786087,abc0d16aaf15b3a4ee2e561195dfd82ab260497412e326bb57f2ee5bbe9042d8,449.0,,20.3,64.0
109,1718217398263,abc0d16aaf15b3a4ee2e561195dfd82ab260497412e326bb57f2ee5bbe9042d8,455.0,,19.6,64.0
110,1718218010403,abc0d16aaf15b3a4ee2e561195dfd82ab260497412e326bb57f2ee5bbe9042d8,451.0,,18.8,66.0
111,1718218622533,abc0d16aaf15b3a4ee2e561195dfd82ab260497412e326bb57f2ee5bbe9042d8,469.0,,18.2,72.0
112,1718219234681,abc0d16aaf15b3a4ee2e561195dfd82ab260497412e326bb57f2ee5bbe9042d8,465.0,,17.6,72.0
113,1718219846870,abc0d16aaf15b3a4ee2e561195dfd82ab260497412e326bb57f2ee5bbe9042d8,485.0,,17.2,77.0
114,1718220459031,abc0d16aaf15b3a4ee2e561195dfd82ab260497412e326bb57f2ee5bbe9042d8,464.0,,16.7,79.0
115,1718221071181,abc0d16aaf15b3a4ee2e561195dfd82ab260497412e326bb57f2ee5bbe9042d8,486.0,,16.3,81.0
116,1718221683331,abc0d16aaf15b3a4ee2e561195dfd82ab260497412e326bb57f2ee5bbe9042d8,498.0,,15.9,81.0
117,1718222295554,abc0d16aaf15b3a4ee2e561195dfd82ab260497412e326bb57f2ee5bbe9042d8,504.0,,15.4,81.0
118,1718222907683,abc0d16aaf15b3a4ee2e561195dfd82ab260497412e326bb57f2ee5bbe9042d8,500.0,,15.2,83.0
119,1718223519829,abc0d16aaf15b3a4ee2e561195dfd82ab260497412e326bb57f2ee5bbe9042d8,545.0,,14.8,83.0
120,1718224131960,abc0d16aaf15b3a4ee2e561195dfd82ab260497412e326bb57f2ee5bbe9042d8,516.0,,14.5,83.0
121,1718224744127,abc0d16aaf15b3a4ee2e561195dfd82ab260497412e326bb57f2ee5bbe9042d8,522.0,,14.4,87.0
122,1718225356270,abc0d16aaf15b3a4ee2e561195dfd82ab260497412e326bb57f2ee5bbe9042d8,519.0,,14.3,87.0
123,1718225968408,abc0d16aaf15b3a4ee2e561195dfd82ab260497412e326bb57f2ee5bbe9042d8,539.0,,14.1,87.0
124,1718226580550,abc0d16aaf15b3a4ee2e561195dfd82ab260497412e326bb57f2ee5bbe9042d8,531.0,,13.9,88.0
125,1718227192784,abc0d16aaf15b3a4ee2e561195dfd82ab260497412e326bb57f2ee5bbe9042d8,545.0,,13.8,88.0
126,1718227804910,abc0d16aaf15b3a4ee2e561195dfd82ab260497412e326bb57f2ee5bbe9042d8,554.0,,13.6,93.0
127,1718228417083,abc0d16aaf15b3a4ee2e561195dfd82ab260497412e326bb57f2ee5bbe9042d8,537.0,,13.9,96.0
128,1718229029222,abc0d16aaf15b3a4ee2e561195dfd82ab260497412e326bb57f2ee5bbe9042d8,558.0,,14.4,96.0
129,1718229641457,abc0d16aaf15b3a4ee2e561195dfd82ab260497412e326bb57f2ee5bbe9042d8,522.0,,14.9,97.0
130,1718230253674,abc0d16aaf15b3a4ee2e561195dfd82ab260497412e326bb57f2ee5bbe9042d8,532.0,,15.2,97.0
131,1718230865828,abc0d16aaf15b3a4ee2e561195dfd82ab260497412e326bb57f2ee5bbe9042d8,505.0,,15.7,97.0
132,1718231477980,abc0d16aaf15b3a4ee2e561195dfd82ab260497412e326bb57f2ee5bbe9042d8,514.0,,15.9,95.0
133,1718232090140,abc0d16aaf15b3a4ee2e561195dfd82ab260497412e326bb57f2ee5bbe9042d8,510.0,,15.8,93.0
134,1718232702283,abc0d16aaf15b3a4ee2e561195dfd82ab260497412e326bb57f2ee5bbe9042d8,523.0,,15.6,93.0
135,1718233314416,abc0d16aaf15b3a4ee2e561195dfd82ab260497412e326bb57f2ee5bbe9042d8,527.0,,15.1,93.0
136,1718233926611,abc0d16aaf15b3a4ee2e561195dfd82ab260497412e326bb57f2ee5bbe9042d8,510.0,,14.8,94.0
137,1718234538812,abc0d16aaf15b3a4ee2e561195dfd82ab260497412e326bb57f2ee5bbe9042d8,522.0,,14.6,94.0
138,1718235150978,abc0d16aaf15b3a4ee2e561195dfd82ab260497412e326bb57f2ee5bbe9042d8,520.0,,14.5,93.0
139,1718235763138,abc0d16aaf15b3a4ee2e561195dfd82ab260497412e326bb57f2ee5bbe9042d8,523.0,,14.5,89.0
140,1718236375312,abc0d16aaf15b3a4ee2e561195dfd82ab260497412e326bb57f2ee5bbe9042d8,513.0,,14.6,87.0
141,1718236987454,abc0d16aaf15b3a4ee2e561195dfd82ab260497412e326bb57f2ee5bbe9042d8,510.0,,14.4,87.0
142,1718237599582,abc0d16aaf15b3a4ee2e561195dfd82ab260497412e326bb57f2ee5bbe9042d8,535.0,,14.0,88.0
143,1718238211729,abc0d16aaf15b3a4ee2e561195dfd82ab260497412e326bb57f2ee5bbe9042d8,537.0,,13.9,87.0
144,1718238823881,abc0d16aaf15b3a4ee2e561195dfd82ab260497412e326bb57f2ee5bbe9042d8,526.0,,14.0,87.0
145,1718239436056,abc0d16aaf15b3a4ee2e561195dfd82ab260497412e326bb57f2ee5bbe9042d8,511.0,,13.9,83.0
146,1718240048208,abc0d16aaf15b3a4ee2e561195dfd82ab260497412e326bb57f2ee5bbe9042d8,506.0,,14.1,80.0
147,1718240660350,abc0d16aaf15b3a4ee2e561195dfd82ab260497412e326bb57f2ee5bbe9042d8,511.0,,14.0,80.0
148,1718241272564,abc0d16aaf15b3a4ee2e561195dfd82ab260497412e326bb57f2ee5bbe9042d8,519.0,,13.9,79.0
149,1718241884778,abc0d16aaf15b3a4ee2e561195dfd82ab260497412e326bb57f2ee5bbe9042d8,523.0,,13.9,78.0
150,1718242496912,abc0d16aaf15b3a4ee2e561195dfd82ab260497412e326bb57f2ee5bbe9042d8,515.0,,13.8,78.0
151,1718243109077,abc0d16aaf15b3a4ee2e561195dfd82ab260497412e326bb57f2ee5bbe9042d8,511.0,,14.0,77.0
152,1718243721225,abc0d16aaf15b3a4ee2e561195dfd82ab260497412e326bb57f2ee5bbe9042d8,507.0,,13.9,75.0
153,1718244333364,abc0d16aaf15b3a4ee2e561195dfd82ab260497412e326bb57f2ee5bbe9042d8,519.0,,13.9,75.0
154,1718244945588,abc0d16aaf15b3a4ee2e561195dfd82ab260497412e326bb57f2ee5bbe9042d8,518.0,,13.9,77.0
155,1718245557760,abc0d16aaf15b3a4ee2e561195dfd82ab260497412e326bb57f2ee5bbe9042d8,533.0,,13.7,81.0
156,1718246169912,abc0d16aaf15b3a4ee2e561195dfd82ab260497412e326bb57f2ee5bbe9042d8,527.0,,13.7,81.0
157,1718246782069,abc0d16aaf15b3a4ee2e561195dfd82ab260497412e326bb57f2ee5bbe9042d8,524.0,,13.5,84.0
158,1718247394213,abc0d16aaf15b3a4ee2e561195dfd82ab260497412e326bb57f2ee5bbe9042d8,522.0,,13.6,82.0
159,1718248006392,abc0d16aaf15b3a4ee2e561195dfd82ab260497412e326bb57f2ee5bbe9042d8,535.0,,13.6,82.0
160,1718248618540,abc0d16aaf15b3a4ee2e561195dfd82ab260497412e326bb57f2ee5bbe9042d8,527.0,,13.6,80.0
161,1718249230683,abc0d16aaf15b3a4ee2e561195dfd82ab260497412e326bb57f2ee5bbe9042d8,529.0,,13.7,81.0
162,1718249842821,abc0d16aaf15b3a4ee2e561195dfd82ab260497412e326bb57f2ee5bbe9042d8,545.0,,13.7,81.0
163,1718250454962,abc0d16aaf15b3a4ee2e561195dfd82ab260497412e326bb57f2ee5bbe9042d8,534.0,,13.7,80.0
164,1718251067162,abc0d16aaf15b3a4ee2e561195dfd82ab260497412e326bb57f2ee5bbe9042d8,553.0,,13.5,82.0
165,1718251679385,abc0d16aaf15b3a4ee2e561195dfd82ab260497412e326bb57f2ee5bbe9042d8,549.0,,13.6,84.0
166,1718252291605,abc0d16aaf15b3a4ee2e561195dfd82ab260497412e326bb57f2ee5bbe9042d8,530.0,,13.6,84.0
167,1718252903750,abc0d16aaf15b3a4ee2e561195dfd82ab260497412e326bb57f2ee5bbe9042d8,531.0,,13.8,80.0
168,1718253515889,abc0d16aaf15b3a4ee2e561195dfd82ab260497412e326bb57f2ee5bbe9042d8,522.0,,14.1,79.0
169,1718254128032,abc0d16aaf15b3a4ee2e561195dfd82ab260497412e326bb57f2ee5bbe9042d8,539.0,,14.5,79.0
170,1718254740183,abc0d16aaf15b3a4ee2e561195dfd82ab260497412e326bb57f2ee5bbe9042d8,526.0,,15.1,80.0
171,1718255352324,abc0d16aaf15b3a4ee2e561195dfd82ab260497412e326bb57f2ee5bbe9042d8,497.0,,15.5,76.0
172,1718255964461,abc0d16aaf15b3a4ee2e561195dfd82ab260497412e326bb57f2ee5bbe9042d8,516.0,,16.2,76.0
173,1718256576615,abc0d16aaf15b3a4ee2e561195dfd82ab260497412e326bb57f2ee5bbe9042d8,517.0,,16.3,75.0
174,1718257188801,abc0d16aaf15b3a4ee2e561195dfd82ab260497412e326bb57f2ee5bbe9042d8,503.0,,16.5,75.0
175,1718257800964,abc0d16aaf15b3a4ee2e561195dfd82ab260497412e326bb57f2ee5bbe9042d8,507.0,,16.8,75.0
176,1718258413121,abc0d16aaf15b3a4ee2e561195dfd82ab260497412e326bb57f2ee5bbe9042d8,484.0,,17.5,74.0
177,1718259025339,abc0d16aaf15b3a4ee2e561195dfd82ab260497412e326bb57f2ee5bbe9042d8,507.0,,18.1,76.0
178,1718259637477,abc0d16aaf15b3a4ee2e561195dfd82ab260497412e326bb57f2ee5bbe9042d8,508.0,,18.3,76.0
179,1718260249623,abc0d16aaf15b3a4ee2e561195dfd82ab260497412e326bb57f2ee5bbe9042d8,498.0,,18.4,80.0
180,1718260861833,abc0d16aaf15b3a4ee2e561195dfd82ab260497412e326bb57f2ee5bbe9042d8,503.0,,17.9,85.0
181,1718261473993,abc0d16aaf15b3a4ee2e561195dfd82ab260497412e326bb57f2ee5bbe9042d8,485.0,,17.7,85.0
182,1718262086145,abc0d16aaf15b3a4ee2e561195dfd82ab260497412e326bb57f2ee5bbe9042d8,478.0,,17.4,88.0
183,1718262698332,abc0d16aaf15b3a4ee2e561195dfd82ab260497412e326bb57f2ee5bbe9042d8,473.0,,17.2,89.0
184,1718263310476,abc0d16aaf15b3a4ee2e561195dfd82ab260497412e326bb57f2ee5bbe9042d8,479.0,,16.8,89.0
185,1718263922641,abc0d16aaf15b3a4ee2e561195dfd82ab260497412e326bb57f2ee5bbe9042d8,498.0,,16.7,89.0
186,1718264534775,abc0d16aaf15b3a4ee2e561195dfd82ab260497412e326bb57f2ee5bbe9042d8,475.0,,16.7,88.0
187,1718265146902,abc0d16aaf15b3a4ee2e561195dfd82ab260497412e326bb57f2ee5bbe9042d8,462.0,,16.7,88.0
188,1718265759076,abc0d16aaf15b3a4ee2e561195dfd82ab260497412e326bb57f2ee5bbe9042d8,464.0,,17.0,86.0
189,1718266371201,abc0d16aaf15b3a4ee2e561195dfd82ab260497412e326bb57f2ee5bbe9042d8,472.0,,17.6,83.0
190,1718266983326,abc0d16aaf15b3a4ee2e561195dfd82ab260497412e326bb57f2ee5bbe9042d8,468.0,,18.6,82.0
191,1718267595497,abc0d16aaf15b3a4ee2e561195dfd82ab260497412e326bb57f2ee5bbe9042d8,458.0,,19.2,82.0
192,1718268207719,abc0d16aaf15b3a4ee2e561195dfd82ab260497412e326bb57f2ee5bbe9042d8,457.0,,19.2,81.0
193,1718268819851,abc0d16aaf15b3a4ee2e561195dfd82ab260497412e326bb57f2ee5bbe9042d8,459.0,,20.1,77.0
194,1718269432071,abc0d16aaf15b3a4ee2e561195dfd82ab260497412e326bb57f2ee5bbe9042d8,476.0,,20.6,77.0
195,1718270044295,abc0d16aaf15b3a4ee2e561195dfd82ab260497412e326bb57f2ee5bbe9042d8,489.0,,21.5,72.0
196,1718270656507,abc0d16aaf15b3a4ee2e561195dfd82ab260497412e326bb57f2ee5bbe9042d8,466.0,,23.0,70.0
197,1718271880815,abc0d16aaf15b3a4ee2e561195dfd82ab260497412e326bb57f2ee5bbe9042d8,462.0,,22.3,72.0
198,1718272492977,abc0d16aaf15b3a4ee2e561195dfd82ab260497412e326bb57f2ee5bbe9042d8,471.0,,22.2,69.0
199,1718273105232,abc0d16aaf15b3a4ee2e561195dfd82ab260497412e326bb57f2ee5bbe9042d8,451.0,,23.5,69.0
200,1718273717415,abc0d16aaf15b3a4ee2e561195dfd82ab260497412e326bb57f2ee5bbe9042d8,471.0,,23.8,66.0
201,1718274329625,abc0d16aaf15b3a4ee2e561195dfd82ab260497412e326bb57f2ee5bbe9042d8,453.0,,24.8,63.0
202,1718274941773,abc0d16aaf15b3a4ee2e561195dfd82ab260497412e326bb57f2ee5bbe9042d8,469.0,,24.6,63.0
203,1718275553926,abc0d16aaf15b3a4ee2e561195dfd82ab260497412e326bb57f2ee5bbe9042d8,472.0,,24.4,65.0
204,1718276166060,abc0d16aaf15b3a4ee2e561195dfd82ab260497412e326bb57f2ee5bbe9042d8,472.0,,25.3,60.0
205,1718276778204,abc0d16aaf15b3a4ee2e561195dfd82ab260497412e326bb57f2ee5bbe9042d8,452.0,,25.9,60.0
206,1718277390344,abc0d16aaf15b3a4ee2e561195dfd82ab260497412e326bb57f2ee5bbe9042d8,468.0,,25.8,60.0
207,1718278002484,abc0d16aaf15b3a4ee2e561195dfd82ab260497412e326bb57f2ee5bbe9042d8,454.0,,26.0,58.0
208,1718278614638,abc0d16aaf15b3a4ee2e561195dfd82ab260497412e326bb57f2ee5bbe9042d8,452.0,,26.3,58.0
209,1718279226761,abc0d16aaf15b3a4ee2e561195dfd82ab260497412e326bb57f2ee5bbe9042d8,476.0,,25.6,57.0
210,1718279838887,abc0d16aaf15b3a4ee2e561195dfd82ab260497412e326bb57f2ee5bbe9042d8,464.0,,26.8,56.0
211,1718280451020,abc0d16aaf15b3a4ee2e561195dfd82ab260497412e326bb57f2ee5bbe9042d8,460.0,,27.5,55.0
212,1718281063170,abc0d16aaf15b3a4ee2e561195dfd82ab260497412e326bb57f2ee5bbe9042d8,452.0,,28.3,55.0
213,1718281675320,abc0d16aaf15b3a4ee2e561195dfd82ab260497412e326bb57f2ee5bbe9042d8,465.0,,27.3,54.0
214,1718282287535,abc0d16aaf15b3a4ee2e561195dfd82ab260497412e326bb57f2ee5bbe9042d8,462.0,,28.0,52.0
215,1718282899730,abc0d16aaf15b3a4ee2e561195dfd82ab260497412e326bb57f2ee5bbe9042d8,481.0,,27.8,52.0
216,1718283511880,abc0d16aaf15b3a4ee2e561195dfd82ab260497412e326bb57f2ee5bbe9042d8,456.0,,28.6,52.0
217,1718284124118,abc0d16aaf15b3a4ee2e561195dfd82ab260497412e326bb57f2ee5bbe9042d8,456.0,,28.5,52.0
218,1718284736257,abc0d16aaf15b3a4ee2e561195dfd82ab260497412e326bb57f2ee5bbe9042d8,466.0,,28.1,52.0
219,1718285348381,abc0d16aaf15b3a4ee2e561195dfd82ab260497412e326bb57f2ee5bbe9042d8,455.0,,28.3,51.0
220,1718285960561,abc0d16aaf15b3a4ee2e561195dfd82ab260497412e326bb57f2ee5bbe9042d8,460.0,,27.1,51.0
221,1718286572776,abc0d16aaf15b3a4ee2e561195dfd82ab260497412e326bb57f2ee5bbe9042d8,460.0,,28.1,51.0
222,1718287185015,abc0d16aaf15b3a4ee2e561195dfd82ab260497412e326bb57f2ee5bbe9042d8,470.0,,29.3,51.0
223,1718287797148,abc0d16aaf15b3a4ee2e561195dfd82ab260497412e326bb57f2ee5bbe9042d8,461.0,,28.9,48.0
224,1718288409279,abc0d16aaf15b3a4ee2e561195dfd82ab260497412e326bb57f2ee5bbe9042d8,464.0,,30.0,48.0
225,1718289021433,abc0d16aaf15b3a4ee2e561195dfd82ab260497412e326bb57f2ee5bbe9042d8,452.0,,30.6,48.0
226,1718289633599,abc0d16aaf15b3a4ee2e561195dfd82ab260497412e326bb57f2ee5bbe9042d8,445.0,,29.9,48.0
227,1718290245744,abc0d16aaf15b3a4ee2e561195dfd82ab260497412e326bb57f2ee5bbe9042d8,449.0,,30.4,48.0
228,1718290857865,abc0d16aaf15b3a4ee2e561195dfd82ab260497412e326bb57f2ee5bbe9042d8,461.0,,31.3,49.0
229,1718291470009,abc0d16aaf15b3a4ee2e561195dfd82ab260497412e326bb57f2ee5bbe9042d8,451.0,,31.9,47.0
230,1718292082228,abc0d16aaf15b3a4ee2e561195dfd82ab260497412e326bb57f2ee5bbe9042d8,453.0,,31.2,47.0
231,1718292694446,abc0d16aaf15b3a4ee2e561195dfd82ab260497412e326bb57f2ee5bbe9042d8,459.0,,30.6,47.0
232,1718293306615,abc0d16aaf15b3a4ee2e561195dfd82ab260497412e326bb57f2ee5bbe9042d8,478.0,,29.9,48.0
233,1718293918759,abc0d16aaf15b3a4ee2e561195dfd82ab260497412e326bb57f2ee5bbe9042d8,445.0,,30.0,48.0
234,1718294530951,abc0d16aaf15b3a4ee2e561195dfd82ab260497412e326bb57f2ee5bbe9042d8,464.0,,30.3,47.0
235,1718295143089,abc0d16aaf15b3a4ee2e561195dfd82ab260497412e326bb57f2ee5bbe9042d8,459.0,,31.0,45.0
236,1718295755208,abc0d16aaf15b3a4ee2e561195dfd82ab260497412e326bb57f2ee5bbe9042d8,457.0,,31.2,46.0
237,1718296367354,abc0d16aaf15b3a4ee2e561195dfd82ab260497412e326bb57f2ee5bbe9042d8,466.0,,31.1,46.0
238,1718296979506,abc0d16aaf15b3a4ee2e561195dfd82ab260497412e326bb57f2ee5bbe9042d8,453.0,,31.8,46.0
239,1718298203852,abc0d16aaf15b3a4ee2e561195dfd82ab260497412e326bb57f2ee5bbe9042d8,451.0,,30.4,47.0
240,1718298815993,abc0d16aaf15b3a4ee2e561195dfd82ab260497412e326bb57f2ee5bbe9042d8,456.0,,30.5,47.0
241,1718299428120,abc0d16aaf15b3a4ee2e561195dfd82ab260497412e326bb57f2ee5bbe9042d8,456.0,,30.6,48.0
242,1718300040333,abc0d16aaf15b3a4ee2e561195dfd82ab260497412e326bb57f2ee5bbe9042d8,464.0,,29.0,48.0
243,1718300652508,abc0d16aaf15b3a4ee2e561195dfd82ab260497412e326bb57f2ee5bbe9042d8,473.0,,28.6,48.0
244,1718301264622,abc0d16aaf15b3a4ee2e561195dfd82ab260497412e326bb57f2ee5bbe9042d8,466.0,,28.7,50.0
245,1718301876782,abc0d16aaf15b3a4ee2e561195dfd82ab260497412e326bb57f2ee5bbe9042d8,451.0,,27.6,50.0
246,1718302488986,abc0d16aaf15b3a4ee2e561195dfd82ab260497412e326bb57f2ee5bbe9042d8,452.0,,26.0,54.0
247,1718303101116,abc0d16aaf15b3a4ee2e561195dfd82ab260497412e326bb57f2ee5bbe9042d8,457.0,,25.2,55.0
248,1718303713290,abc0d16aaf15b3a4ee2e561195dfd82ab260497412e326bb57f2ee5bbe9042d8,453.0,,24.7,55.0
249,1718304325440,abc0d16aaf15b3a4ee2e561195dfd82ab260497412e326bb57f2ee5bbe9042d8,455.0,,24.3,54.0
250,1718304937550,abc0d16aaf15b3a4ee2e561195dfd82ab260497412e326bb57f2ee5bbe9042d8,451.0,,23.1,54.0
251,1718305549693,abc0d16aaf15b3a4ee2e561195dfd82ab260497412e326bb57f2ee5bbe9042d8,468.0,,22.1,54.0
252,1718306161842,abc0d16aaf15b3a4ee2e561195dfd82ab260497412e326bb57f2ee5bbe9042d8,478.0,,21.4,56.0
253,1718306773963,abc0d16aaf15b3a4ee2e561195dfd82ab260497412e326bb57f2ee5bbe9042d8,508.0,,20.6,60.0
254,1718307386142,abc0d16aaf15b3a4ee2e561195dfd82ab260497412e326bb57f2ee5bbe9042d8,550.0,,19.9,60.0
255,1718307998280,abc0d16aaf15b3a4ee2e561195dfd82ab260497412e326bb57f2ee5bbe9042d8,539.0,,19.1,63.0
256,1718308610416,abc0d16aaf15b3a4ee2e561195dfd82ab260497412e326bb57f2ee5bbe9042d8,542.0,,18.5,65.0
257,1718309222635,abc0d16aaf15b3a4ee2e561195dfd82ab260497412e326bb57f2ee5bbe9042d8,552.0,,18.5,65.0
258,1718309834792,abc0d16aaf15b3a4ee2e561195dfd82ab260497412e326bb57f2ee5bbe9042d8,559.0,,18.0,65.0
259,1718310447023,abc0d16aaf15b3a4ee2e561195dfd82ab260497412e326bb57f2ee5bbe9042d8,581.0,,17.6,68.0
260,1718311059163,abc0d16aaf15b3a4ee2e561195dfd82ab260497412e326bb57f2ee5bbe9042d8,570.0,,17.4,77.0
261,1718311671321,abc0d16aaf15b3a4ee2e561195dfd82ab260497412e326bb57f2ee5bbe9042d8,565.0,,17.2,77.0
262,1718312283525,abc0d16aaf15b3a4ee2e561195dfd82ab260497412e326bb57f2ee5bbe9042d8,552.0,,16.9,78.0
263,1718312895745,abc0d16aaf15b3a4ee2e561195dfd82ab260497412e326bb57f2ee5bbe9042d8,570.0,,16.5,79.0
264,1718313507876,abc0d16aaf15b3a4ee2e561195dfd82ab260497412e326bb57f2ee5bbe9042d8,625.0,,16.3,79.0
265,1718314120005,abc0d16aaf15b3a4ee2e561195dfd82ab260497412e326bb57f2ee5bbe9042d8,595.0,,16.0,80.0
266,1718314732155,abc0d16aaf15b3a4ee2e561195dfd82ab260497412e326bb57f2ee5bbe9042d8,582.0,,15.9,81.0
267,1718315344310,abc0d16aaf15b3a4ee2e561195dfd82ab260497412e326bb57f2ee5bbe9042d8,587.0,,15.7,81.0
268,1718315956525,abc0d16aaf15b3a4ee2e561195dfd82ab260497412e326bb57f2ee5bbe9042d8,571.0,,15.5,84.0
269,1718316568680,abc0d16aaf15b3a4ee2e561195dfd82ab260497412e326bb57f2ee5bbe9042d8,674.0,,15.3,86.0
270,1718317180814,abc0d16aaf15b3a4ee2e561195dfd82ab260497412e326bb57f2ee5bbe9042d8,630.0,,15.1,86.0
271,1718317793018,abc0d16aaf15b3a4ee2e561195dfd82ab260497412e326bb57f2ee5bbe9042d8,623.0,,15.2,81.0
272,1718318405186,abc0d16aaf15b3a4ee2e561195dfd82ab260497412e326bb57f2ee5bbe9042d8,469.0,,16.5,75.0
273,1718319017325,abc0d16aaf15b3a4ee2e561195dfd82ab260497412e326bb57f2ee5bbe9042d8,465.0,,17.3,75.0
274,1718319629463,abc0d16aaf15b3a4ee2e561195dfd82ab260497412e326bb57f2ee5bbe9042d8,476.0,,17.4,75.0
275,1718320241599,abc0d16aaf15b3a4ee2e561195dfd82ab260497412e326bb57f2ee5bbe9042d8,490.0,,17.0,77.0
276,1718320853746,abc0d16aaf15b3a4ee2e561195dfd82ab260497412e326bb57f2ee5bbe9042d8,473.0,,16.8,77.0
277,1718321465938,abc0d16aaf15b3a4ee2e561195dfd82ab260497412e326bb57f2ee5bbe9042d8,487.0,,16.6,77.0
278,1718322078105,abc0d16aaf15b3a4ee2e561195dfd82ab260497412e326bb57f2ee5bbe9042d8,486.0,,16.4,76.0
279,1718322690260,abc0d16aaf15b3a4ee2e561195dfd82ab260497412e326bb57f2ee5bbe9042d8,477.0,,16.5,76.0
280,1718323302448,abc0d16aaf15b3a4ee2e561195dfd82ab260497412e326bb57f2ee5bbe9042d8,474.0,,16.3,75.0
281,1718323914622,abc0d16aaf15b3a4ee2e561195dfd82ab260497412e326bb57f2ee5bbe9042d8,494.0,,16.2,77.0
282,1718324526761,abc0d16aaf15b3a4ee2e561195dfd82ab260497412e326bb57f2ee5bbe9042d8,523.0,,15.7,77.0
283,1718325138894,abc0d16aaf15b3a4ee2e561195dfd82ab260497412e326bb57f2ee5bbe9042d8,500.0,,15.5,80.0
284,1718325751060,abc0d16aaf15b3a4ee2e561195dfd82ab260497412e326bb57f2ee5bbe9042d8,518.0,,15.4,79.0
285,1718326363216,abc0d16aaf15b3a4ee2e561195dfd82ab260497412e326bb57f2ee5bbe9042d8,550.0,,14.9,82.0
286,1718326975422,abc0d16aaf15b3a4ee2e561195dfd82ab260497412e326bb57f2ee5bbe9042d8,503.0,,14.6,82.0
287,1718327587577,abc0d16aaf15b3a4ee2e561195dfd82ab260497412e326bb57f2ee5bbe9042d8,535.0,,14.1,84.0
288,1718328199812,abc0d16aaf15b3a4ee2e561195dfd82ab260497412e326bb57f2ee5bbe9042d8,605.0,,13.6,84.0
289,1718328811946,abc0d16aaf15b3a4ee2e561195dfd82ab260497412e326bb57f2ee5bbe9042d8,530.0,,13.5,84.0
290,1718329424098,abc0d16aaf15b3a4ee2e561195dfd82ab260497412e326bb57f2ee5bbe9042d8,513.0,,13.5,85.0
291,1718330036251,abc0d16aaf15b3a4ee2e561195dfd82ab260497412e326bb57f2ee5bbe9042d8,503.0,,14.0,83.0
292,1718330648476,abc0d16aaf15b3a4ee2e561195dfd82ab260497412e326bb57f2ee5bbe9042d8,510.0,,14.2,83.0
293,1718331260679,abc0d16aaf15b3a4ee2e561195dfd82ab260497412e326bb57f2ee5bbe9042d8,583.0,,13.7,80.0
294,1718331872843,abc0d16aaf15b3a4ee2e561195dfd82ab260497412e326bb57f2ee5bbe9042d8,485.0,,14.0,82.0
295,1718332485055,abc0d16aaf15b3a4ee2e561195dfd82ab260497412e326bb57f2ee5bbe9042d8,493.0,,14.4,82.0
296,1718333097240,abc0d16aaf15b3a4ee2e561195dfd82ab260497412e326bb57f2ee5bbe9042d8,479.0,,14.5,80.0
297,1718333709396,abc0d16aaf15b3a4ee2e561195dfd82ab260497412e326bb57f2ee5bbe9042d8,509.0,,14.4,78.0
298,1718334321610,abc0d16aaf15b3a4ee2e561195dfd82ab260497412e326bb57f2ee5bbe9042d8,474.0,,14.6,78.0
299,1718334933817,abc0d16aaf15b3a4ee2e561195dfd82ab260497412e326bb57f2ee5bbe9042d8,477.0,,14.8,76.0
300,1718335545952,abc0d16aaf15b3a4ee2e561195dfd82ab260497412e326bb57f2ee5bbe9042d8,504.0,,14.8,76.0
301,1718336158169,abc0d16aaf15b3a4ee2e561195dfd82ab260497412e326bb57f2ee5bbe9042d8,518.0,,14.5,76.0
302,1718336770314,abc0d16aaf15b3a4ee2e561195dfd82ab260497412e326bb57f2ee5bbe9042d8,531.0,,14.2,77.0
303,1718337382456,abc0d16aaf15b3a4ee2e561195dfd82ab260497412e326bb57f2ee5bbe9042d8,514.0,,14.2,79.0
304,1718337994678,abc0d16aaf15b3a4ee2e561195dfd82ab260497412e326bb57f2ee5bbe9042d8,508.0,,14.2,79.0
305,1718338606836,abc0d16aaf15b3a4ee2e561195dfd82ab260497412e326bb57f2ee5bbe9042d8,533.0,,14.3,78.0
306,1718339218986,abc0d16aaf15b3a4ee2e561195dfd82ab260497412e326bb57f2ee5bbe9042d8,501.0,,14.9,76.0
307,1718339831120,abc0d16aaf15b3a4ee2e561195dfd82ab260497412e326bb57f2ee5bbe9042d8,491.0,,15.3,76.0
308,1718340443338,abc0d16aaf15b3a4ee2e561195dfd82ab260497412e326bb57f2ee5bbe9042d8,488.0,,17.2,74.0
309,1718341055513,abc0d16aaf15b3a4ee2e561195dfd82ab260497412e326bb57f2ee5bbe9042d8,483.0,,18.9,72.0
310,1718341667711,abc0d16aaf15b3a4ee2e561195dfd82ab260497412e326bb57f2ee5bbe9042d8,488.0,,20.1,66.0
311,1718342279860,abc0d16aaf15b3a4ee2e561195dfd82ab260497412e326bb57f2ee5bbe9042d8,477.0,,19.8,66.0
312,1718342892018,abc0d16aaf15b3a4ee2e561195dfd82ab260497412e326bb57f2ee5bbe9042d8,477.0,,20.2,66.0
313,1718343504224,abc0d16aaf15b3a4ee2e561195dfd82ab260497412e326bb57f2ee5bbe9042d8,474.0,,20.5,63.0
314,1718344116442,abc0d16aaf15b3a4ee2e561195dfd82ab260497412e326bb57f2ee5bbe9042d8,471.0,,21.6,63.0
315,1718344728647,abc0d16aaf15b3a4ee2e561195dfd82ab260497412e326bb57f2ee5bbe9042d8,452.0,,21.4,61.0
316,1718345340870,abc0d16aaf15b3a4ee2e561195dfd82ab260497412e326bb57f2ee5bbe9042d8,481.0,,20.9,61.0
317,1718345952990,abc0d16aaf15b3a4ee2e561195dfd82ab260497412e326bb57f2ee5bbe9042d8,467.0,,21.8,61.0
318,1718346565130,abc0d16aaf15b3a4ee2e561195dfd82ab260497412e326bb57f2ee5bbe9042d8,449.0,,23.1,58.0
319,1718347177274,abc0d16aaf15b3a4ee2e561195dfd82ab260497412e326bb57f2ee5bbe9042d8,482.0,,23.0,57.0
320,1718347789417,abc0d16aaf15b3a4ee2e561195dfd82ab260497412e326bb57f2ee5bbe9042d8,459.0,,22.3,57.0
321,1718348401572,abc0d16aaf15b3a4ee2e561195dfd82ab260497412e326bb57f2ee5bbe9042d8,474.0,,22.5,56.0
322,1718349013804,abc0d16aaf15b3a4ee2e561195dfd82ab260497412e326bb57f2ee5bbe9042d8,456.0,,22.9,56.0
323,1718349626029,abc0d16aaf15b3a4ee2e561195dfd82ab260497412e326bb57f2ee5bbe9042d8,466.0,,22.7,56.0
324,1718350238187,abc0d16aaf15b3a4ee2e561195dfd82ab260497412e326bb57f2ee5bbe9042d8,470.0,,23.4,54.0
325,1718350850301,abc0d16aaf15b3a4ee2e561195dfd82ab260497412e326bb57f2ee5bbe9042d8,461.0,,24.3,51.0
326,1718351462477,abc0d16aaf15b3a4ee2e561195dfd82ab260497412e326bb57f2ee5bbe9042d8,458.0,,24.4,51.0
327,1718352074697,abc0d16aaf15b3a4ee2e561195dfd82ab260497412e326bb57f2ee5bbe9042d8,452.0,,24.5,51.0
328,1718352686865,abc0d16aaf15b3a4ee2e561195dfd82ab260497412e326bb57f2ee5bbe9042d8,459.0,,24.0,52.0
329,1718353299003,abc0d16aaf15b3a4ee2e561195dfd82ab260497412e326bb57f2ee5bbe9042d8,455.0,,23.8,52.0
330,1718353911157,abc0d16aaf15b3a4ee2e561195dfd82ab260497412e326bb57f2ee5bbe9042d8,465.0,,23.5,53.0
331,1718354523291,abc0d16aaf15b3a4ee2e561195dfd82ab260497412e326bb57f2ee5bbe9042d8,451.0,,23.8,51.0
332,1718355135445,abc0d16aaf15b3a4ee2e561195dfd82ab260497412e326bb57f2ee5bbe9042d8,474.0,,23.6,51.0
333,1718355747562,abc0d16aaf15b3a4ee2e561195dfd82ab260497412e326bb57f2ee5bbe9042d8,466.0,,24.3,49.0
334,1718356359725,abc0d16aaf15b3a4ee2e561195dfd82ab260497412e326bb57f2ee5bbe9042d8,452.0,,24.4,47.0
335,1718356971868,abc0d16aaf15b3a4ee2e561195dfd82ab260497412e326bb57f2ee5bbe9042d8,448.0,,24.8,47.0
336,1718357584024,abc0d16aaf15b3a4ee2e561195dfd82ab260497412e326bb57f2ee5bbe9042d8,446.0,,24.8,47.0
337,1718358196181,abc0d16aaf15b3a4ee2e561195dfd82ab260497412e326bb57f2ee5bbe9042d8,457.0,,25.2,46.0
338,1718358808322,abc0d16aaf15b3a4ee2e561195dfd82ab260497412e326bb57f2ee5bbe9042d8,469.0,,25.3,44.0
339,1718359420479,abc0d16aaf15b3a4ee2e561195dfd82ab260497412e326bb57f2ee5bbe9042d8,459.0,,25.8,44.0
340,1718360032691,abc0d16aaf15b3a4ee2e561195dfd82ab260497412e326bb57f2ee5bbe9042d8,460.0,,26.0,42.0
341,1718360644924,abc0d16aaf15b3a4ee2e561195dfd82ab260497412e326bb57f2ee5bbe9042d8,469.0,,26.6,42.0
342,1718361257068,abc0d16aaf15b3a4ee2e561195dfd82ab260497412e326bb57f2ee5bbe9042d8,458.0,,26.5,42.0
343,1718361869224,abc0d16aaf15b3a4ee2e561195dfd82ab260497412e326bb57f2ee5bbe9042d8,461.0,,26.5,41.0
344,1718362481360,abc0d16aaf15b3a4ee2e561195dfd82ab260497412e326bb57f2ee5bbe9042d8,450.0,,26.9,42.0
345,1718363093504,abc0d16aaf15b3a4ee2e561195dfd82ab260497412e326bb57f2ee5bbe9042d8,447.0,,27.6,42.0
346,1718363705642,abc0d16aaf15b3a4ee2e561195dfd82ab260497412e326bb57f2ee5bbe9042d8,455.0,,28.2,40.0
347,1718364317858,abc0d16aaf15b3a4ee2e561195dfd82ab260497412e326bb57f2ee5bbe9042d8,459.0,,27.4,40.0
348,1718364930016,abc0d16aaf15b3a4ee2e561195dfd82ab260497412e326bb57f2ee5bbe9042d8,442.0,,26.9,40.0
349,1718365542156,abc0d16aaf15b3a4ee2e561195dfd82ab260497412e326bb57f2ee5bbe9042d8,465.0,,27.1,41.0
350,1718366154355,abc0d16aaf15b3a4ee2e561195dfd82ab260497412e326bb57f2ee5bbe9042d8,450.0,,27.4,40.0
351,1718366766494,abc0d16aaf15b3a4ee2e561195dfd82ab260497412e326bb57f2ee5bbe9042d8,444.0,,27.1,40.0
352,1718367378685,abc0d16aaf15b3a4ee2e561195dfd82ab260497412e326bb57f2ee5bbe9042d8,460.0,,26.9,43.0
353,1718367990862,abc0d16aaf15b3a4ee2e561195dfd82ab260497412e326bb57f2ee5bbe9042d8,483.0,,27.2,42.0
354,1718368602999,abc0d16aaf15b3a4ee2e561195dfd82ab260497412e326bb57f2ee5bbe9042d8,457.0,,27.6,42.0
355,1718369215137,abc0d16aaf15b3a4ee2e561195dfd82ab260497412e326bb57f2ee5bbe9042d8,450.0,,27.9,42.0
356,1718369827354,abc0d16aaf15b3a4ee2e561195dfd82ab260497412e326bb57f2ee5bbe9042d8,461.0,,27.9,43.0
357,1718370439571,abc0d16aaf15b3a4ee2e561195dfd82ab260497412e326bb57f2ee5bbe9042d8,457.0,,27.4,43.0
358,1718371051778,abc0d16aaf15b3a4ee2e561195dfd82ab260497412e326bb57f2ee5bbe9042d8,432.0,,26.6,44.0
359,1718371663936,abc0d16aaf15b3a4ee2e561195dfd82ab260497412e326bb57f2ee5bbe9042d8,462.0,,27.0,44.0
360,1718372276165,abc0d16aaf15b3a4ee2e561195dfd82ab260497412e326bb57f2ee5bbe9042d8,443.0,,27.1,46.0
361,1718372888319,abc0d16aaf15b3a4ee2e561195dfd82ab260497412e326bb57f2ee5bbe9042d8,454.0,,27.0,46.0
362,1718373500449,abc0d16aaf15b3a4ee2e561195dfd82ab260497412e326bb57f2ee5bbe9042d8,455.0,,26.1,47.0
363,1718374112609,abc0d16aaf15b3a4ee2e561195dfd82ab260497412e326bb57f2ee5bbe9042d8,446.0,,26.4,46.0
364,1718374724823,abc0d16aaf15b3a4ee2e561195dfd82ab260497412e326bb57f2ee5bbe9042d8,451.0,,27.3,46.0
365,1718375336981,abc0d16aaf15b3a4ee2e561195dfd82ab260497412e326bb57f2ee5bbe9042d8,439.0,,27.9,45.0
366,1718375949119,abc0d16aaf15b3a4ee2e561195dfd82ab260497412e326bb57f2ee5bbe9042d8,448.0,,28.7,45.0
367,1718376561261,abc0d16aaf15b3a4ee2e561195dfd82ab260497412e326bb57f2ee5bbe9042d8,456.0,,27.8,45.0
368,1718377173389,abc0d16aaf15b3a4ee2e561195dfd82ab260497412e326bb57f2ee5bbe9042d8,462.0,,27.6,46.0
369,1718377785554,abc0d16aaf15b3a4ee2e561195dfd82ab260497412e326bb57f2ee5bbe9042d8,464.0,,27.8,47.0
370,1718378397691,abc0d16aaf15b3a4ee2e561195dfd82ab260497412e326bb57f2ee5bbe9042d8,460.0,,27.7,47.0
371,1718379009931,abc0d16aaf15b3a4ee2e561195dfd82ab260497412e326bb57f2ee5bbe9042d8,444.0,,28.0,48.0
372,1718379622049,abc0d16aaf15b3a4ee2e561195dfd82ab260497412e326bb57f2ee5bbe9042d8,442.0,,27.3,49.0
373,1718380234179,abc0d16aaf15b3a4ee2e561195dfd82ab260497412e326bb57f2ee5bbe9042d8,445.0,,27.2,49.0
374,1718380846397,abc0d16aaf15b3a4ee2e561195dfd82ab260497412e326bb57f2ee5bbe9042d8,438.0,,27.2,49.0
375,1718381458546,abc0d16aaf15b3a4ee2e561195dfd82ab260497412e326bb57f2ee5bbe9042d8,458.0,,27.0,48.0
376,1718382070678,abc0d16aaf15b3a4ee2e561195dfd82ab260497412e326bb57f2ee5bbe9042d8,458.0,,26.8,48.0
377,1718382682906,abc0d16aaf15b3a4ee2e561195dfd82ab260497412e326bb57f2ee5bbe9042d8,436.0,,26.6,50.0
378,1718383295072,abc0d16aaf15b3a4ee2e561195dfd82ab260497412e326bb57f2ee5bbe9042d8,428.0,,26.6,50.0
379,1718383907199,abc0d16aaf15b3a4ee2e561195dfd82ab260497412e326bb57f2ee5bbe9042d8,457.0,,26.7,50.0
380,1718384519421,abc0d16aaf15b3a4ee2e561195dfd82ab260497412e326bb57f2ee5bbe9042d8,457.0,,26.8,50.0
381,1718385131570,abc0d16aaf15b3a4ee2e561195dfd82ab260497412e326bb57f2ee5bbe9042d8,454.0,,25.7,50.0
382,1718385743717,abc0d16aaf15b3a4ee2e561195dfd82ab260497412e326bb57f2ee5bbe9042d8,444.0,,26.3,50.0
383,1718386355852,abc0d16aaf15b3a4ee2e561195dfd82ab260497412e326bb57f2ee5bbe9042d8,449.0,,26.0,52.0
384,1718386968026,abc0d16aaf15b3a4ee2e561195dfd82ab260497412e326bb57f2ee5bbe9042d8,439.0,,25.5,52.0
385,1718387580158,abc0d16aaf15b3a4ee2e561195dfd82ab260497412e326bb57f2ee5bbe9042d8,447.0,,25.3,52.0
386,1718388192294,abc0d16aaf15b3a4ee2e561195dfd82ab260497412e326bb57f2ee5bbe9042d8,454.0,,24.2,52.0
387,1718388804431,abc0d16aaf15b3a4ee2e561195dfd82ab260497412e326bb57f2ee5bbe9042d8,452.0,,23.7,53.0
388,1718389416568,abc0d16aaf15b3a4ee2e561195dfd82ab260497412e326bb57f2ee5bbe9042d8,448.0,,23.6,54.0
389,1718390028728,abc0d16aaf15b3a4ee2e561195dfd82ab260497412e326bb57f2ee5bbe9042d8,452.0,,23.0,54.0
390,1718390640878,abc0d16aaf15b3a4ee2e561195dfd82ab260497412e326bb57f2ee5bbe9042d8,466.0,,22.0,55.0
391,1718391253090,abc0d16aaf15b3a4ee2e561195dfd82ab260497412e326bb57f2ee5bbe9042d8,450.0,,21.5,56.0
392,1718391865302,abc0d16aaf15b3a4ee2e561195dfd82ab260497412e326bb57f2ee5bbe9042d8,453.0,,20.9,56.0
393,1718392477470,abc0d16aaf15b3a4ee2e561195dfd82ab260497412e326bb57f2ee5bbe9042d8,449.0,,20.5,58.0
394,1718393089678,abc0d16aaf15b3a4ee2e561195dfd82ab260497412e326bb57f2ee5bbe9042d8,450.0,,20.4,60.0
395,1718393701824,abc0d16aaf15b3a4ee2e561195dfd82ab260497412e326bb57f2ee5bbe9042d8,462.0,,20.1,60.0
396,1718394313976,abc0d16aaf15b3a4ee2e561195dfd82ab260497412e326bb57f2ee5bbe9042d8,463.0,,20.0,60.0
397,1718394926117,abc0d16aaf15b3a4ee2e561195dfd82ab260497412e326bb57f2ee5bbe9042d8,458.0,,19.9,60.0
398,1718395538344,abc0d16aaf15b3a4ee2e561195dfd82ab260497412e326bb57f2ee5bbe9042d8,475.0,,20.0,60.0
399,1718396150487,abc0d16aaf15b3a4ee2e561195dfd82ab260497412e326bb57f2ee5bbe9042d8,463.0,,19.8,60.0
400,1718396762616,abc0d16aaf15b3a4ee2e561195dfd82ab260497412e326bb57f2ee5bbe9042d8,461.0,,20.0,60.0
401,1718397374785,abc0d16aaf15b3a4ee2e561195dfd82ab260497412e326bb57f2ee5bbe9042d8,460.0,,20.2,60.0
402,1718397986921,abc0d16aaf15b3a4ee2e561195dfd82ab260497412e326bb57f2ee5bbe9042d8,467.0,,20.2,60.0
403,1718398599053,abc0d16aaf15b3a4ee2e561195dfd82ab260497412e326bb57f2ee5bbe9042d8,476.0,,20.3,60.0
404,1718399211188,abc0d16aaf15b3a4ee2e561195dfd82ab260497412e326bb57f2ee5bbe9042d8,453.0,,20.2,60.0
405,1718399823327,abc0d16aaf15b3a4ee2e561195dfd82ab260497412e326bb57f2ee5bbe9042d8,448.0,,20.2,61.0
406,1718400435554,abc0d16aaf15b3a4ee2e561195dfd82ab260497412e326bb57f2ee5bbe9042d8,469.0,,20.3,60.0
407,1718401047747,abc0d16aaf15b3a4ee2e561195dfd82ab260497412e326bb57f2ee5bbe9042d8,461.0,,20.3,60.0
408,1718401659901,abc0d16aaf15b3a4ee2e561195dfd82ab260497412e326bb57f2ee5bbe9042d8,461.0,,20.2,59.0
409,1718402272132,abc0d16aaf15b3a4ee2e561195dfd82ab260497412e326bb57f2ee5bbe9042d8,461.0,,20.3,60.0
410,1718402884277,abc0d16aaf15b3a4ee2e561195dfd82ab260497412e326bb57f2ee5bbe9042d8,461.0,,20.4,60.0
411,1718403496431,abc0d16aaf15b3a4ee2e561195dfd82ab260497412e326bb57f2ee5bbe9042d8,468.0,,20.3,60.0
412,1718404108581,abc0d16aaf15b3a4ee2e561195dfd82ab260497412e326bb57f2ee5bbe9042d8,454.0,,20.3,60.0
413,1718404720735,abc0d16aaf15b3a4ee2e561195dfd82ab260497412e326bb57f2ee5bbe9042d8,463.0,,20.3,61.0
414,1718405332930,abc0d16aaf15b3a4ee2e561195dfd82ab260497412e326bb57f2ee5bbe9042d8,461.0,,20.2,61.0
415,1718405945132,abc0d16aaf15b3a4ee2e561195dfd82ab260497412e326bb57f2ee5bbe9042d8,477.0,,20.3,60.0
416,1718406557275,abc0d16aaf15b3a4ee2e561195dfd82ab260497412e326bb57f2ee5bbe9042d8,467.0,,20.3,59.0
417,1718407169423,abc0d16aaf15b3a4ee2e561195dfd82ab260497412e326bb57f2ee5bbe9042d8,464.0,,20.2,59.0
418,1718407781557,abc0d16aaf15b3a4ee2e561195dfd82ab260497412e326bb57f2ee5bbe9042d8,469.0,,20.3,60.0
419,1718408393718,abc0d16aaf15b3a4ee2e561195dfd82ab260497412e326bb57f2ee5bbe9042d8,486.0,,20.0,61.0
420,1718409005857,abc0d16aaf15b3a4ee2e561195dfd82ab260497412e326bb57f2ee5bbe9042d8,458.0,,20.0,61.0
421,1718409618005,abc0d16aaf15b3a4ee2e561195dfd82ab260497412e326bb57f2ee5bbe9042d8,464.0,,19.8,61.0
422,1718410230174,abc0d16aaf15b3a4ee2e561195dfd82ab260497412e326bb57f2ee5bbe9042d8,457.0,,20.1,61.0
423,1718410842324,abc0d16aaf15b3a4ee2e561195dfd82ab260497412e326bb57f2ee5bbe9042d8,448.0,,20.1,61.0
424,1718411454453,abc0d16aaf15b3a4ee2e561195dfd82ab260497412e326bb57f2ee5bbe9042d8,456.0,,19.9,62.0
425,1718412066608,abc0d16aaf15b3a4ee2e561195dfd82ab260497412e326bb57f2ee5bbe9042d8,466.0,,19.7,63.0
426,1718412678767,abc0d16aaf15b3a4ee2e561195dfd82ab260497412e326bb57f2ee5bbe9042d8,449.0,,19.5,63.0
427,1718413290985,abc0d16aaf15b3a4ee2e561195dfd82ab260497412e326bb57f2ee5bbe9042d8,465.0,,19.5,64.0
428,1718413903209,abc0d16aaf15b3a4ee2e561195dfd82ab260497412e326bb57f2ee5bbe9042d8,464.0,,19.4,65.0
429,1718414515408,abc0d16aaf15b3a4ee2e561195dfd82ab260497412e326bb57f2ee5bbe9042d8,479.0,,19.3,65.0
430,1718415127533,abc0d16aaf15b3a4ee2e561195dfd82ab260497412e326bb57f2ee5bbe9042d8,450.0,,19.1,65.0
431,1718415739687,abc0d16aaf15b3a4ee2e561195dfd82ab260497412e326bb57f2ee5bbe9042d8,475.0,,19.1,66.0
432,1718416351869,abc0d16aaf15b3a4ee2e561195dfd82ab260497412e326bb57f2ee5bbe9042d8,466.0,,18.8,68.0
433,1718416964086,abc0d16aaf15b3a4ee2e561195dfd82ab260497412e326bb57f2ee5bbe9042d8,454.0,,18.8,68.0
434,1718417576236,abc0d16aaf15b3a4ee2e561195dfd82ab260497412e326bb57f2ee5bbe9042d8,480.0,,18.7,69.0
435,1718418188390,abc0d16aaf15b3a4ee2e561195dfd82ab260497412e326bb57f2ee5bbe9042d8,484.0,,18.4,71.0
436,1718418800605,abc0d16aaf15b3a4ee2e561195dfd82ab260497412e326bb57f2ee5bbe9042d8,474.0,,18.0,71.0
437,1718419412729,abc0d16aaf15b3a4ee2e561195dfd82ab260497412e326bb57f2ee5bbe9042d8,486.0,,17.6,76.0
438,1718420024883,abc0d16aaf15b3a4ee2e561195dfd82ab260497412e326bb57f2ee5bbe9042d8,506.0,,16.7,81.0
439,1718420637097,abc0d16aaf15b3a4ee2e561195dfd82ab260497412e326bb57f2ee5bbe9042d8,509.0,,16.1,81.0
440,1718421249235,abc0d16aaf15b3a4ee2e561195dfd82ab260497412e326bb57f2ee5bbe9042d8,522.0,,15.8,86.0
441,1718421861391,abc0d16aaf15b3a4ee2e561195dfd82ab260497412e326bb57f2ee5bbe9042d8,529.0,,15.7,84.0
442,1718422473527,abc0d16aaf15b3a4ee2e561195dfd82ab260497412e326bb57f2ee5bbe9042d8,508.0,,15.9,84.0
443,1718423085671,abc0d16aaf15b3a4ee2e561195dfd82ab260497412e326bb57f2ee5bbe9042d8,504.0,,16.2,80.0
444,1718423697839,abc0d16aaf15b3a4ee2e561195dfd82ab260497412e326bb57f2ee5bbe9042d8,497.0,,16.4,77.0
445,1718424310045,abc0d16aaf15b3a4ee2e561195dfd82ab260497412e326bb57f2ee5bbe9042d8,519.0,,16.5,77.0
446,1718424922172,abc0d16aaf15b3a4ee2e561195dfd82ab260497412e326bb57f2ee5bbe9042d8,505.0,,16.6,77.0
447,1718425534326,abc0d16aaf15b3a4ee2e561195dfd82ab260497412e326bb57f2ee5bbe9042d8,511.0,,16.8,75.0
448,1718426146531,abc0d16aaf15b3a4ee2e561195dfd82ab260497412e326bb57f2ee5bbe9042d8,486.0,,17.5,75.0
449,1718426758687,abc0d16aaf15b3a4ee2e561195dfd82ab260497412e326bb57f2ee5bbe9042d8,490.0,,18.1,71.0
450,1718427370837,abc0d16aaf15b3a4ee2e561195dfd82ab260497412e326bb57f2ee5bbe9042d8,487.0,,18.2,72.0
451,1718427983039,abc0d16aaf15b3a4ee2e561195dfd82ab260497412e326bb57f2ee5bbe9042d8,507.0,,19.8,72.0
452,1718428595205,abc0d16aaf15b3a4ee2e561195dfd82ab260497412e326bb57f2ee5bbe9042d8,471.0,,21.1,70.0
453,1718429207369,abc0d16aaf15b3a4ee2e561195dfd82ab260497412e326bb57f2ee5bbe9042d8,463.0,,21.0,64.0
454,1718429819582,abc0d16aaf15b3a4ee2e561195dfd82ab260497412e326bb57f2ee5bbe9042d8,483.0,,22.3,64.0
455,1718430431780,abc0d16aaf15b3a4ee2e561195dfd82ab260497412e326bb57f2ee5bbe9042d8,461.0,,24.0,61.0
456,1718431043913,abc0d16aaf15b3a4ee2e561195dfd82ab260497412e326bb57f2ee5bbe9042d8,460.0,,24.0,58.0
457,1718431656036,abc0d16aaf15b3a4ee2e561195dfd82ab260497412e326bb57f2ee5bbe9042d8,478.0,,24.6,55.0
458,1718432268204,abc0d16aaf15b3a4ee2e561195dfd82ab260497412e326bb57f2ee5bbe9042d8,455.0,,25.5,55.0
459,1718432880334,abc0d16aaf15b3a4ee2e561195dfd82ab260497412e326bb57f2ee5bbe9042d8,475.0,,26.3,55.0
460,1718433492531,abc0d16aaf15b3a4ee2e561195dfd82ab260497412e326bb57f2ee5bbe9042d8,454.0,,26.9,53.0
461,1718434104753,abc0d16aaf15b3a4ee2e561195dfd82ab260497412e326bb57f2ee5bbe9042d8,459.0,,26.7,53.0
462,1718434716983,abc0d16aaf15b3a4ee2e561195dfd82ab260497412e326bb57f2ee5bbe9042d8,467.0,,27.2,55.0
463,1718435329119,abc0d16aaf15b3a4ee2e561195dfd82ab260497412e326bb57f2ee5bbe9042d8,467.0,,27.7,51.0
464,1718435941263,abc0d16aaf15b3a4ee2e561195dfd82ab260497412e326bb57f2ee5bbe9042d8,461.0,,28.6,51.0
465,1718436553393,abc0d16aaf15b3a4ee2e561195dfd82ab260497412e326bb57f2ee5bbe9042d8,469.0,,29.1,50.0
466,1718437165535,abc0d16aaf15b3a4ee2e561195dfd82ab260497412e326bb57f2ee5bbe9042d8,471.0,,28.6,51.0
467,1718437777694,abc0d16aaf15b3a4ee2e561195dfd82ab260497412e326bb57f2ee5bbe9042d8,457.0,,28.0,51.0
468,1718438389908,abc0d16aaf15b3a4ee2e561195dfd82ab260497412e326bb57f2ee5bbe9042d8,458.0,,28.7,51.0
469,1718439002122,abc0d16aaf15b3a4ee2e561195dfd82ab260497412e326bb57f2ee5bbe9042d8,459.0,,29.0,48.0
470,1718439614245,abc0d16aaf15b3a4ee2e561195dfd82ab260497412e326bb57f2ee5bbe9042d8,464.0,,29.3,48.0
471,1718440226391,abc0d16aaf15b3a4ee2e561195dfd82ab260497412e326bb57f2ee5bbe9042d8,469.0,,29.9,47.0
472,1718440838543,abc0d16aaf15b3a4ee2e561195dfd82ab260497412e326bb57f2ee5bbe9042d8,448.0,,29.7,44.0
473,1718441450676,abc0d16aaf15b3a4ee2e561195dfd82ab260497412e326bb57f2ee5bbe9042d8,459.0,,29.0,44.0
474,1718442062863,abc0d16aaf15b3a4ee2e561195dfd82ab260497412e326bb57f2ee5bbe9042d8,461.0,,28.8,45.0
475,1718442675000,abc0d16aaf15b3a4ee2e561195dfd82ab260497412e326bb57f2ee5bbe9042d8,464.0,,29.0,42.0
476,1718443287143,abc0d16aaf15b3a4ee2e561195dfd82ab260497412e326bb57f2ee5bbe9042d8,446.0,,29.1,42.0
477,1718443899293,abc0d16aaf15b3a4ee2e561195dfd82ab260497412e326bb57f2ee5bbe9042d8,430.0,,29.1,43.0
478,1718444511420,abc0d16aaf15b3a4ee2e561195dfd82ab260497412e326bb57f2ee5bbe9042d8,455.0,,29.0,42.0
479,1718445123632,abc0d16aaf15b3a4ee2e561195dfd82ab260497412e326bb57f2ee5bbe9042d8,458.0,,29.3,42.0
480,1718445735837,abc0d16aaf15b3a4ee2e561195dfd82ab260497412e326bb57f2ee5bbe9042d8,447.0,,29.9,40.0
481,1718446347985,abc0d16aaf15b3a4ee2e561195dfd82ab260497412e326bb57f2ee5bbe9042d8,477.0,,30.1,38.0
482,1718446960126,abc0d16aaf15b3a4ee2e561195dfd82ab260497412e326bb57f2ee5bbe9042d8,443.0,,30.4,38.0
483,1718447572260,abc0d16aaf15b3a4ee2e561195dfd82ab260497412e326bb57f2ee5bbe9042d8,454.0,,30.6,38.0
484,1718448184394,abc0d16aaf15b3a4ee2e561195dfd82ab260497412e326bb57f2ee5bbe9042d8,467.0,,31.3,37.0
485,1718448796530,abc0d16aaf15b3a4ee2e561195dfd82ab260497412e326bb57f2ee5bbe9042d8,452.0,,31.2,38.0
486,1718449408668,abc0d16aaf15b3a4ee2e561195dfd82ab260497412e326bb57f2ee5bbe9042d8,455.0,,30.4,38.0
487,1718450020888,abc0d16aaf15b3a4ee2e561195dfd82ab260497412e326bb57f2ee5bbe9042d8,446.0,,29.8,40.0
488,1718450633032,abc0d16aaf15b3a4ee2e561195dfd82ab260497412e326bb57f2ee5bbe9042d8,447.0,,30.5,40.0
489,1718451245177,abc0d16aaf15b3a4ee2e561195dfd82ab260497412e326bb57f2ee5bbe9042d8,471.0,,30.3,40.0
490,1718451857385,abc0d16aaf15b3a4ee2e561195dfd82ab260497412e326bb57f2ee5bbe9042d8,445.0,,29.7,41.0
491,1718452469511,abc0d16aaf15b3a4ee2e561195dfd82ab260497412e326bb57f2ee5bbe9042d8,448.0,,29.1,41.0
492,1718453081668,abc0d16aaf15b3a4ee2e561195dfd82ab260497412e326bb57f2ee5bbe9042d8,439.0,,29.2,41.0
493,1718453693884,abc0d16aaf15b3a4ee2e561195dfd82ab260497412e326bb57f2ee5bbe9042d8,449.0,,29.6,41.0
494,1718454306022,abc0d16aaf15b3a4ee2e561195dfd82ab260497412e326bb57f2ee5bbe9042d8,449.0,,29.8,40.0
495,1718454918150,abc0d16aaf15b3a4ee2e561195dfd82ab260497412e326bb57f2ee5bbe9042d8,438.0,,30.2,40.0
496,1718455530309,abc0d16aaf15b3a4ee2e561195dfd82ab260497412e326bb57f2ee5bbe9042d8,457.0,,29.4,39.0
497,1718456142518,abc0d16aaf15b3a4ee2e561195dfd82ab260497412e326bb57f2ee5bbe9042d8,428.0,,29.6,42.0
498,1718456754679,abc0d16aaf15b3a4ee2e561195dfd82ab260497412e326bb57f2ee5bbe9042d8,444.0,,30.3,42.0
499,1718457366853,abc0d16aaf15b3a4ee2e561195dfd82ab260497412e326bb57f2ee5bbe9042d8,451.0,,30.8,40.0
500,1718457978986,abc0d16aaf15b3a4ee2e561195dfd82ab260497412e326bb57f2ee5bbe9042d8,437.0,,31.1,38.0
501,1718458591150,abc0d16aaf15b3a4ee2e561195dfd82ab260497412e326bb57f2ee5bbe9042d8,461.0,,31.5,38.0
502,1718459203269,abc0d16aaf15b3a4ee2e561195dfd82ab260497412e326bb57f2ee5bbe9042d8,449.0,,31.7,37.0
503,1718459815415,abc0d16aaf15b3a4ee2e561195dfd82ab260497412e326bb57f2ee5bbe9042d8,448.0,,31.6,37.0
504,1718460427561,abc0d16aaf15b3a4ee2e561195dfd82ab260497412e326bb57f2ee5bbe9042d8,438.0,,31.3,37.0
505,1718461039692,abc0d16aaf15b3a4ee2e561195dfd82ab260497412e326bb57f2ee5bbe9042d8,450.0,,31.4,37.0
506,1718461651855,abc0d16aaf15b3a4ee2e561195dfd82ab260497412e326bb57f2ee5bbe9042d8,429.0,,31.1,37.0
507,1718462264001,abc0d16aaf15b3a4ee2e561195dfd82ab260497412e326bb57f2ee5bbe9042d8,450.0,,31.2,38.0
508,1718462876154,abc0d16aaf15b3a4ee2e561195dfd82ab260497412e326bb57f2ee5bbe9042d8,435.0,,31.0,38.0
509,1718463488368,abc0d16aaf15b3a4ee2e561195dfd82ab260497412e326bb57f2ee5bbe9042d8,418.0,,31.1,38.0
510,1718464100522,abc0d16aaf15b3a4ee2e561195dfd82ab260497412e326bb57f2ee5bbe9042d8,430.0,,31.2,39.0
511,1718464712641,abc0d16aaf15b3a4ee2e561195dfd82ab260497412e326bb57f2ee5bbe9042d8,461.0,,31.3,39.0
512,1718465324819,abc0d16aaf15b3a4ee2e561195dfd82ab260497412e326bb57f2ee5bbe9042d8,426.0,,31.0,39.0
513,1718465936962,abc0d16aaf15b3a4ee2e561195dfd82ab260497412e326bb57f2ee5bbe9042d8,448.0,,30.3,41.0
514,1718466549088,abc0d16aaf15b3a4ee2e561195dfd82ab260497412e326bb57f2ee5bbe9042d8,456.0,,29.8,41.0
515,1718467161298,abc0d16aaf15b3a4ee2e561195dfd82ab260497412e326bb57f2ee5bbe9042d8,426.0,,29.8,40.0
516,1718467773440,abc0d16aaf15b3a4ee2e561195dfd82ab260497412e326bb57f2ee5bbe9042d8,454.0,,29.9,43.0
517,1718468385646,abc0d16aaf15b3a4ee2e561195dfd82ab260497412e326bb57f2ee5bbe9042d8,459.0,,29.9,43.0
518,1718468997792,abc0d16aaf15b3a4ee2e561195dfd82ab260497412e326bb57f2ee5bbe9042d8,432.0,,30.3,42.0
519,1718469609939,abc0d16aaf15b3a4ee2e561195dfd82ab260497412e326bb57f2ee5bbe9042d8,447.0,,30.2,42.0
520,1718470222086,abc0d16aaf15b3a4ee2e561195dfd82ab260497412e326bb57f2ee5bbe9042d8,454.0,,28.9,42.0
521,1718470834298,abc0d16aaf15b3a4ee2e561195dfd82ab260497412e326bb57f2ee5bbe9042d8,444.0,,28.0,45.0
522,1718471446457,abc0d16aaf15b3a4ee2e561195dfd82ab260497412e326bb57f2ee5bbe9042d8,468.0,,28.6,45.0
523,1718472058582,abc0d16aaf15b3a4ee2e561195dfd82ab260497412e326bb57f2ee5bbe9042d8,428.0,,28.5,45.0
524,1718472670738,abc0d16aaf15b3a4ee2e561195dfd82ab260497412e326bb57f2ee5bbe9042d8,434.0,,27.9,45.0
525,1718473282952,abc0d16aaf15b3a4ee2e561195dfd82ab260497412e326bb57f2ee5bbe9042d8,448.0,,27.1,45.0
526,1718473895170,abc0d16aaf15b3a4ee2e561195dfd82ab260497412e326bb57f2ee5bbe9042d8,453.0,,26.8,45.0
527,1718474507316,abc0d16aaf15b3a4ee2e561195dfd82ab260497412e326bb57f2ee5bbe9042d8,433.0,,26.3,44.0
528,1718475119458,abc0d16aaf15b3a4ee2e561195dfd82ab260497412e326bb57f2ee5bbe9042d8,439.0,,25.8,44.0
529,1718475731698,abc0d16aaf15b3a4ee2e561195dfd82ab260497412e326bb57f2ee5bbe9042d8,457.0,,25.5,44.0
530,1718476343920,abc0d16aaf15b3a4ee2e561195dfd82ab260497412e326bb57f2ee5bbe9042d8,453.0,,24.8,46.0
531,1718476956064,abc0d16aaf15b3a4ee2e561195dfd82ab260497412e326bb57f2ee5bbe9042d8,458.0,,24.2,48.0
532,1718477568280,abc0d16aaf15b3a4ee2e561195dfd82ab260497412e326bb57f2ee5bbe9042d8,463.0,,23.4,49.0
533,1718478180427,abc0d16aaf15b3a4ee2e561195dfd82ab260497412e326bb57f2ee5bbe9042d8,447.0,,22.8,49.0
534,1718478792637,abc0d16aaf15b3a4ee2e561195dfd82ab260497412e326bb57f2ee5bbe9042d8,446.0,,22.7,49.0
535,1718479404771,abc0d16aaf15b3a4ee2e561195dfd82ab260497412e326bb57f2ee5bbe9042d8,442.0,,22.5,49.0
536,1718480016936,abc0d16aaf15b3a4ee2e561195dfd82ab260497412e326bb57f2ee5bbe9042d8,452.0,,22.5,49.0
537,1718480629142,abc0d16aaf15b3a4ee2e561195dfd82ab260497412e326bb57f2ee5bbe9042d8,451.0,,22.2,51.0
538,1718481241351,abc0d16aaf15b3a4ee2e561195dfd82ab260497412e326bb57f2ee5bbe9042d8,467.0,,21.6,53.0
539,1718481853494,abc0d16aaf15b3a4ee2e561195dfd82ab260497412e326bb57f2ee5bbe9042d8,462.0,,21.3,53.0
540,1718482465646,abc0d16aaf15b3a4ee2e561195dfd82ab260497412e326bb57f2ee5bbe9042d8,463.0,,21.4,54.0
541,1718483077860,abc0d16aaf15b3a4ee2e561195dfd82ab260497412e326bb57f2ee5bbe9042d8,457.0,,21.4,53.0
542,1718483689991,abc0d16aaf15b3a4ee2e561195dfd82ab260497412e326bb57f2ee5bbe9042d8,445.0,,21.5,53.0
543,1718484302147,abc0d16aaf15b3a4ee2e561195dfd82ab260497412e326bb57f2ee5bbe9042d8,462.0,,21.5,54.0
544,1718484914374,abc0d16aaf15b3a4ee2e561195dfd82ab260497412e326bb57f2ee5bbe9042d8,469.0,,21.6,55.0
545,1718485526510,abc0d16aaf15b3a4ee2e561195dfd82ab260497412e326bb57f2ee5bbe9042d8,445.0,,21.4,55.0
546,1718486138735,abc0d16aaf15b3a4ee2e561195dfd82ab260497412e326bb57f2ee5bbe9042d8,447.0,,21.3,57.0
547,1718486750936,abc0d16aaf15b3a4ee2e561195dfd82ab260497412e326bb57f2ee5bbe9042d8,468.0,,21.2,56.0
548,1718487363089,abc0d16aaf15b3a4ee2e561195dfd82ab260497412e326bb57f2ee5bbe9042d8,455.0,,21.0,56.0
549,1718487975253,abc0d16aaf15b3a4ee2e561195dfd82ab260497412e326bb57f2ee5bbe9042d8,460.0,,20.6,57.0
550,1718488587401,abc0d16aaf15b3a4ee2e561195dfd82ab260497412e326bb57f2ee5bbe9042d8,466.0,,20.3,58.0
551,1718489199539,abc0d16aaf15b3a4ee2e561195dfd82ab260497412e326bb57f2ee5bbe9042d8,469.0,,20.3,58.0
552,1718489811686,abc0d16aaf15b3a4ee2e561195dfd82ab260497412e326bb57f2ee5bbe9042d8,462.0,,20.1,59.0
553,1718490423907,abc0d16aaf15b3a4ee2e561195dfd82ab260497412e326bb57f2ee5bbe9042d8,463.0,,20.0,60.0
554,1718491036064,abc0d16aaf15b3a4ee2e561195dfd82ab260497412e326bb57f2ee5bbe9042d8,454.0,,19.6,60.0
555,1718491648244,abc0d16aaf15b3a4ee2e561195dfd82ab260497412e326bb57f2ee5bbe9042d8,470.0,,19.3,62.0
556,1718492260400,abc0d16aaf15b3a4ee2e561195dfd82ab260497412e326bb57f2ee5bbe9042d8,469.0,,19.2,63.0
557,1718492872535,abc0d16aaf15b3a4ee2e561195dfd82ab260497412e326bb57f2ee5bbe9042d8,463.0,,19.4,63.0
558,1718493484679,abc0d16aaf15b3a4ee2e561195dfd82ab260497412e326bb57f2ee5bbe9042d8,463.0,,18.9,63.0
559,1718494096826,abc0d16aaf15b3a4ee2e561195dfd82ab260497412e326bb57f2ee5bbe9042d8,468.0,,18.6,65.0
560,1718494708981,abc0d16aaf15b3a4ee2e561195dfd82ab260497412e326bb57f2ee5bbe9042d8,471.0,,18.7,62.0
561,1718495321155,abc0d16aaf15b3a4ee2e561195dfd82ab260497412e326bb57f2ee5bbe9042d8,465.0,,18.7,62.0
562,1718495933375,abc0d16aaf15b3a4ee2e561195dfd82ab260497412e326bb57f2ee5bbe9042d8,473.0,,18.2,60.0
563,1718496545500,abc0d16aaf15b3a4ee2e561195dfd82ab260497412e326bb57f2ee5bbe9042d8,472.0,,18.4,60.0
564,1718497157648,abc0d16aaf15b3a4ee2e561195dfd82ab260497412e326bb57f2ee5bbe9042d8,471.0,,18.4,60.0
565,1718497769785,abc0d16aaf15b3a4ee2e561195dfd82ab260497412e326bb57f2ee5bbe9042d8,462.0,,18.5,60.0
566,1718498381996,abc0d16aaf15b3a4ee2e561195dfd82ab260497412e326bb57f2ee5bbe9042d8,465.0,,18.3,61.0
567,1718498994109,abc0d16aaf15b3a4ee2e561195dfd82ab260497412e326bb57f2ee5bbe9042d8,500.0,,18.0,61.0
568,1718499606248,abc0d16aaf15b3a4ee2e561195dfd82ab260497412e326bb57f2ee5bbe9042d8,490.0,,17.3,63.0
569,1718500218392,abc0d16aaf15b3a4ee2e561195dfd82ab260497412e326bb57f2ee5bbe9042d8,508.0,,17.1,64.0
570,1718500830541,abc0d16aaf15b3a4ee2e561195dfd82ab260497412e326bb57f2ee5bbe9042d8,529.0,,16.9,64.0
571,1718501442684,abc0d16aaf15b3a4ee2e561195dfd82ab260497412e326bb57f2ee5bbe9042d8,518.0,,16.8,70.0
572,1718502054834,abc0d16aaf15b3a4ee2e561195dfd82ab260497412e326bb57f2ee5bbe9042d8,520.0,,16.5,73.0
573,1718502666976,abc0d16aaf15b3a4ee2e561195dfd82ab260497412e326bb57f2ee5bbe9042d8,528.0,,16.1,73.0
574,1718503279189,abc0d16aaf15b3a4ee2e561195dfd82ab260497412e326bb57f2ee5bbe9042d8,526.0,,15.8,78.0
575,1718503891342,abc0d16aaf15b3a4ee2e561195dfd82ab260497412e326bb57f2ee5bbe9042d8,540.0,,15.5,81.0
576,1718504503485,abc0d16aaf15b3a4ee2e561195dfd82ab260497412e326bb57f2ee5bbe9042d8,543.0,,15.4,81.0
577,1718505115644,abc0d16aaf15b3a4ee2e561195dfd82ab260497412e326bb57f2ee5bbe9042d8,579.0,,15.1,82.0
578,1718505727854,abc0d16aaf15b3a4ee2e561195dfd82ab260497412e326bb57f2ee5bbe9042d8,523.0,,15.2,80.0
579,1718506339998,abc0d16aaf15b3a4ee2e561195dfd82ab260497412e326bb57f2ee5bbe9042d8,540.0,,15.4,80.0
580,1718506952144,abc0d16aaf15b3a4ee2e561195dfd82ab260497412e326bb57f2ee5bbe9042d8,555.0,,15.4,81.0
581,1718507564296,abc0d16aaf15b3a4ee2e561195dfd82ab260497412e326bb57f2ee5bbe9042d8,530.0,,15.7,81.0
582,1718508176440,abc0d16aaf15b3a4ee2e561195dfd82ab260497412e326bb57f2ee5bbe9042d8,514.0,,16.1,81.0
583,1718508788666,abc0d16aaf15b3a4ee2e561195dfd82ab260497412e326bb57f2ee5bbe9042d8,518.0,,16.7,81.0
584,1718509400814,abc0d16aaf15b3a4ee2e561195dfd82ab260497412e326bb57f2ee5bbe9042d8,504.0,,17.0,77.0
585,1718510013031,abc0d16aaf15b3a4ee2e561195dfd82ab260497412e326bb57f2ee5bbe9042d8,488.0,,17.8,71.0
586,1718510625174,abc0d16aaf15b3a4ee2e561195dfd82ab260497412e326bb57f2ee5bbe9042d8,504.0,,18.5,71.0
587,1718511237388,abc0d16aaf15b3a4ee2e561195dfd82ab260497412e326bb57f2ee5bbe9042d8,508.0,,18.6,71.0
588,1718511849544,abc0d16aaf15b3a4ee2e561195dfd82ab260497412e326bb57f2ee5bbe9042d8,497.0,,18.8,66.0
589,1718512461666,abc0d16aaf15b3a4ee2e561195dfd82ab260497412e326bb57f2ee5bbe9042d8,486.0,,19.3,66.0
590,1718513073837,abc0d16aaf15b3a4ee2e561195dfd82ab260497412e326bb57f2ee5bbe9042d8,486.0,,20.4,64.0
591,1718513685999,abc0d16aaf15b3a4ee2e561195dfd82ab260497412e326bb57f2ee5bbe9042d8,487.0,,21.1,63.0
592,1718514298128,abc0d16aaf15b3a4ee2e561195dfd82ab260497412e326bb57f2ee5bbe9042d8,465.0,,20.5,63.0
593,1718514910335,abc0d16aaf15b3a4ee2e561195dfd82ab260497412e326bb57f2ee5bbe9042d8,475.0,,20.5,64.0
594,1718515522476,abc0d16aaf15b3a4ee2e561195dfd82ab260497412e326bb57f2ee5bbe9042d8,465.0,,21.7,61.0
595,1718516134621,abc0d16aaf15b3a4ee2e561195dfd82ab260497412e326bb57f2ee5bbe9042d8,469.0,,21.8,61.0
596,1718516746779,abc0d16aaf15b3a4ee2e561195dfd82ab260497412e326bb57f2ee5bbe9042d8,468.0,,21.9,62.0
597,1718517358919,abc0d16aaf15b3a4ee2e561195dfd82ab260497412e326bb57f2ee5bbe9042d8,466.0,,23.5,60.0
598,1718517971094,abc0d16aaf15b3a4ee2e561195dfd82ab260497412e326bb57f2ee5bbe9042d8,458.0,,25.1,60.0
599,1718518583245,abc0d16aaf15b3a4ee2e561195dfd82ab260497412e326bb57f2ee5bbe9042d8,442.0,,26.2,57.0
600,1718519195385,abc0d16aaf15b3a4ee2e561195dfd82ab260497412e326bb57f2ee5bbe9042d8,467.0,,26.8,55.0
601,1718519807587,abc0d16aaf15b3a4ee2e561195dfd82ab260497412e326bb57f2ee5bbe9042d8,462.0,,25.2,55.0
602,1718520419747,abc0d16aaf15b3a4ee2e561195dfd82ab260497412e326bb57f2ee5bbe9042d8,454.0,,24.9,56.0
603,1718521031903,abc0d16aaf15b3a4ee2e561195dfd82ab260497412e326bb57f2ee5bbe9042d8,460.0,,26.4,53.0
604,1718521644113,abc0d16aaf15b3a4ee2e561195dfd82ab260497412e326bb57f2ee5bbe9042d8,459.0,,27.2,53.0
605,1718522256257,abc0d16aaf15b3a4ee2e561195dfd82ab260497412e326bb57f2ee5bbe9042d8,456.0,,27.3,53.0
606,1718522868409,abc0d16aaf15b3a4ee2e561195dfd82ab260497412e326bb57f2ee5bbe9042d8,455.0,,27.4,54.0
607,1718523480543,abc0d16aaf15b3a4ee2e561195dfd82ab260497412e326bb57f2ee5bbe9042d8,456.0,,27.2,54.0
608,1718524092770,abc0d16aaf15b3a4ee2e561195dfd82ab260497412e326bb57f2ee5bbe9042d8,447.0,,25.7,54.0
609,1718524704917,abc0d16aaf15b3a4ee2e561195dfd82ab260497412e326bb57f2ee5bbe9042d8,453.0,,25.8,55.0
610,1718525317047,abc0d16aaf15b3a4ee2e561195dfd82ab260497412e326bb57f2ee5bbe9042d8,449.0,,26.7,52.0
611,1718525929173,abc0d16aaf15b3a4ee2e561195dfd82ab260497412e326bb57f2ee5bbe9042d8,445.0,,27.5,52.0
612,1718526541329,abc0d16aaf15b3a4ee2e561195dfd82ab260497412e326bb57f2ee5bbe9042d8,451.0,,27.3,52.0
613,1718527153556,abc0d16aaf15b3a4ee2e561195dfd82ab260497412e326bb57f2ee5bbe9042d8,453.0,,26.9,51.0
614,1718527765676,abc0d16aaf15b3a4ee2e561195dfd82ab260497412e326bb57f2ee5bbe9042d8,457.0,,27.7,51.0
615,1718528377824,abc0d16aaf15b3a4ee2e561195dfd82ab260497412e326bb57f2ee5bbe9042d8,452.0,,27.4,52.0
616,1718528990026,abc0d16aaf15b3a4ee2e561195dfd82ab260497412e326bb57f2ee5bbe9042d8,463.0,,28.7,49.0
617,1718529602181,abc0d16aaf15b3a4ee2e561195dfd82ab260497412e326bb57f2ee5bbe9042d8,459.0,,29.2,49.0
618,1718530214330,abc0d16aaf15b3a4ee2e561195dfd82ab260497412e326bb57f2ee5bbe9042d8,463.0,,29.7,49.0
619,1718531438670,abc0d16aaf15b3a4ee2e561195dfd82ab260497412e326bb57f2ee5bbe9042d8,454.0,,29.5,48.0
620,1718532050814,abc0d16aaf15b3a4ee2e561195dfd82ab260497412e326bb57f2ee5bbe9042d8,464.0,,29.9,46.0
621,1718532663032,abc0d16aaf15b3a4ee2e561195dfd82ab260497412e326bb57f2ee5bbe9042d8,448.0,,30.3,43.0
622,1718533275181,abc0d16aaf15b3a4ee2e561195dfd82ab260497412e326bb57f2ee5bbe9042d8,456.0,,30.6,43.0
623,1718533887323,abc0d16aaf15b3a4ee2e561195dfd82ab260497412e326bb57f2ee5bbe9042d8,448.0,,30.2,45.0
624,1718534499522,abc0d16aaf15b3a4ee2e561195dfd82ab260497412e326bb57f2ee5bbe9042d8,427.0,,30.6,41.0
625,1718535111732,abc0d16aaf15b3a4ee2e561195dfd82ab260497412e326bb57f2ee5bbe9042d8,457.0,,30.8,41.0
626,1718535723865,abc0d16aaf15b3a4ee2e561195dfd82ab260497412e326bb57f2ee5bbe9042d8,463.0,,30.5,39.0
627,1718536336017,abc0d16aaf15b3a4ee2e561195dfd82ab260497412e326bb57f2ee5bbe9042d8,464.0,,30.5,39.0
628,1718536948194,abc0d16aaf15b3a4ee2e561195dfd82ab260497412e326bb57f2ee5bbe9042d8,468.0,,30.8,39.0
629,1718537560334,abc0d16aaf15b3a4ee2e561195dfd82ab260497412e326bb57f2ee5bbe9042d8,457.0,,31.2,39.0
630,1718538172476,abc0d16aaf15b3a4ee2e561195dfd82ab260497412e326bb57f2ee5bbe9042d8,459.0,,30.9,42.0
631,1718538786372,abc0d16aaf15b3a4ee2e561195dfd82ab260497412e326bb57f2ee5bbe9042d8,448.0,,30.4,41.0
632,1718539398598,abc0d16aaf15b3a4ee2e561195dfd82ab260497412e326bb57f2ee5bbe9042d8,454.0,,30.8,41.0
633,1718540010831,abc0d16aaf15b3a4ee2e561195dfd82ab260497412e326bb57f2ee5bbe9042d8,434.0,,30.7,40.0
634,1718540623042,abc0d16aaf15b3a4ee2e561195dfd82ab260497412e326bb57f2ee5bbe9042d8,460.0,,30.9,39.0
635,1718541235182,abc0d16aaf15b3a4ee2e561195dfd82ab260497412e326bb57f2ee5bbe9042d8,445.0,,31.4,39.0
636,1718541847422,abc0d16aaf15b3a4ee2e561195dfd82ab260497412e326bb57f2ee5bbe9042d8,457.0,,31.6,39.0
637,1718542459538,abc0d16aaf15b3a4ee2e561195dfd82ab260497412e326bb57f2ee5bbe9042d8,445.0,,31.9,40.0
638,1718543071676,abc0d16aaf15b3a4ee2e561195dfd82ab260497412e326bb57f2ee5bbe9042d8,441.0,,31.8,40.0
639,1718543683909,abc0d16aaf15b3a4ee2e561195dfd82ab260497412e326bb57f2ee5bbe9042d8,444.0,,31.9,39.0
640,1718544296042,abc0d16aaf15b3a4ee2e561195dfd82ab260497412e326bb57f2ee5bbe9042d8,470.0,,32.2,37.0
641,1718544908208,abc0d16aaf15b3a4ee2e561195dfd82ab260497412e326bb57f2ee5bbe9042d8,447.0,,32.3,37.0
642,1718545520368,abc0d16aaf15b3a4ee2e561195dfd82ab260497412e326bb57f2ee5bbe9042d8,440.0,,32.8,38.0
643,1718546132562,abc0d16aaf15b3a4ee2e561195dfd82ab260497412e326bb57f2ee5bbe9042d8,444.0,,33.5,36.0
644,1718546744714,abc0d16aaf15b3a4ee2e561195dfd82ab260497412e326bb57f2ee5bbe9042d8,456.0,,33.1,36.0
645,1718547356839,abc0d16aaf15b3a4ee2e561195dfd82ab260497412e326bb57f2ee5bbe9042d8,438.0,,31.8,39.0
646,1718547968982,abc0d16aaf15b3a4ee2e561195dfd82ab260497412e326bb57f2ee5bbe9042d8,463.0,,32.3,39.0
647,1718548581158,abc0d16aaf15b3a4ee2e561195dfd82ab260497412e326bb57f2ee5bbe9042d8,438.0,,33.0,39.0
648,1718549193378,abc0d16aaf15b3a4ee2e561195dfd82ab260497412e326bb57f2ee5bbe9042d8,450.0,,32.0,39.0
649,1718549805604,abc0d16aaf15b3a4ee2e561195dfd82ab260497412e326bb57f2ee5bbe9042d8,456.0,,33.2,38.0
650,1718550417766,abc0d16aaf15b3a4ee2e561195dfd82ab260497412e326bb57f2ee5bbe9042d8,437.0,,32.7,38.0
651,1718551029890,abc0d16aaf15b3a4ee2e561195dfd82ab260497412e326bb57f2ee5bbe9042d8,448.0,,32.0,39.0
652,1718551642024,abc0d16aaf15b3a4ee2e561195dfd82ab260497412e326bb57f2ee5bbe9042d8,443.0,,33.0,40.0
653,1718552254250,abc0d16aaf15b3a4ee2e561195dfd82ab260497412e326bb57f2ee5bbe9042d8,439.0,,31.9,39.0
654,1718552866380,abc0d16aaf15b3a4ee2e561195dfd82ab260497412e326bb57f2ee5bbe9042d8,430.0,,33.2,39.0
655,1718553478520,abc0d16aaf15b3a4ee2e561195dfd82ab260497412e326bb57f2ee5bbe9042d8,444.0,,33.5,39.0
656,1718554090698,abc0d16aaf15b3a4ee2e561195dfd82ab260497412e326bb57f2ee5bbe9042d8,439.0,,33.0,40.0
657,1718554702837,abc0d16aaf15b3a4ee2e561195dfd82ab260497412e326bb57f2ee5bbe9042d8,443.0,,33.5,40.0
658,1718555314986,abc0d16aaf15b3a4ee2e561195dfd82ab260497412e326bb57f2ee5bbe9042d8,440.0,,32.4,40.0
659,1718555927172,abc0d16aaf15b3a4ee2e561195dfd82ab260497412e326bb57f2ee5bbe9042d8,450.0,,32.0,40.0
660,1718556539311,abc0d16aaf15b3a4ee2e561195dfd82ab260497412e326bb57f2ee5bbe9042d8,453.0,,32.2,40.0
661,1718557151479,abc0d16aaf15b3a4ee2e561195dfd82ab260497412e326bb57f2ee5bbe9042d8,449.0,,31.2,41.0
662,1718557763682,abc0d16aaf15b3a4ee2e561195dfd82ab260497412e326bb57f2ee5bbe9042d8,433.0,,31.3,41.0
663,1718558375814,abc0d16aaf15b3a4ee2e561195dfd82ab260497412e326bb57f2ee5bbe9042d8,421.0,,30.9,41.0
664,1718558987946,abc0d16aaf15b3a4ee2e561195dfd82ab260497412e326bb57f2ee5bbe9042d8,437.0,,30.0,42.0
665,1718559600134,abc0d16aaf15b3a4ee2e561195dfd82ab260497412e326bb57f2ee5bbe9042d8,429.0,,29.5,43.0
666,1718560212337,abc0d16aaf15b3a4ee2e561195dfd82ab260497412e326bb57f2ee5bbe9042d8,452.0,,28.8,43.0
667,1718560824496,abc0d16aaf15b3a4ee2e561195dfd82ab260497412e326bb57f2ee5bbe9042d8,417.0,,28.3,44.0
668,1718561436652,abc0d16aaf15b3a4ee2e561195dfd82ab260497412e326bb57f2ee5bbe9042d8,460.0,,27.4,44.0
669,1718562048790,abc0d16aaf15b3a4ee2e561195dfd82ab260497412e326bb57f2ee5bbe9042d8,444.0,,26.5,44.0
670,1718562660929,abc0d16aaf15b3a4ee2e561195dfd82ab260497412e326bb57f2ee5bbe9042d8,430.0,,25.3,46.0
671,1718563273081,abc0d16aaf15b3a4ee2e561195dfd82ab260497412e326bb57f2ee5bbe9042d8,443.0,,24.5,47.0
672,1718563885234,abc0d16aaf15b3a4ee2e561195dfd82ab260497412e326bb57f2ee5bbe9042d8,442.0,,23.7,47.0
673,1718564497464,abc0d16aaf15b3a4ee2e561195dfd82ab260497412e326bb57f2ee5bbe9042d8,450.0,,23.3,45.0
674,1718565109692,abc0d16aaf15b3a4ee2e561195dfd82ab260497412e326bb57f2ee5bbe9042d8,447.0,,22.9,43.0
675,1718565721867,abc0d16aaf15b3a4ee2e561195dfd82ab260497412e326bb57f2ee5bbe9042d8,444.0,,22.9,43.0
676,1718566334003,abc0d16aaf15b3a4ee2e561195dfd82ab260497412e326bb57f2ee5bbe9042d8,447.0,,22.6,43.0
677,1718566946150,abc0d16aaf15b3a4ee2e561195dfd82ab260497412e326bb57f2ee5bbe9042d8,448.0,,22.5,43.0
678,1718567558376,abc0d16aaf15b3a4ee2e561195dfd82ab260497412e326bb57f2ee5bbe9042d8,453.0,,22.3,45.0
679,1718568170531,abc0d16aaf15b3a4ee2e561195dfd82ab260497412e326bb57f2ee5bbe9042d8,444.0,,22.1,45.0
680,1718568782691,abc0d16aaf15b3a4ee2e561195dfd82ab260497412e326bb57f2ee5bbe9042d8,460.0,,21.9,46.0
681,1718569394915,abc0d16aaf15b3a4ee2e561195dfd82ab260497412e326bb57f2ee5bbe9042d8,451.0,,21.7,46.0
682,1718570007049,abc0d16aaf15b3a4ee2e561195dfd82ab260497412e326bb57f2ee5bbe9042d8,457.0,,21.5,46.0
683,1718570619191,abc0d16aaf15b3a4ee2e561195dfd82ab260497412e326bb57f2ee5bbe9042d8,438.0,,21.2,48.0
684,1718571231417,abc0d16aaf15b3a4ee2e561195dfd82ab260497412e326bb57f2ee5bbe9042d8,465.0,,21.0,48.0
685,1718571843561,abc0d16aaf15b3a4ee2e561195dfd82ab260497412e326bb57f2ee5bbe9042d8,465.0,,20.9,48.0
686,1718572455707,abc0d16aaf15b3a4ee2e561195dfd82ab260497412e326bb57f2ee5bbe9042d8,447.0,,20.9,46.0
687,1718573067907,abc0d16aaf15b3a4ee2e561195dfd82ab260497412e326bb57f2ee5bbe9042d8,463.0,,21.0,45.0
688,1718573680053,abc0d16aaf15b3a4ee2e561195dfd82ab260497412e326bb57f2ee5bbe9042d8,460.0,,20.9,45.0
689,1718574292195,abc0d16aaf15b3a4ee2e561195dfd82ab260497412e326bb57f2ee5bbe9042d8,453.0,,20.8,46.0
690,1718574904422,abc0d16aaf15b3a4ee2e561195dfd82ab260497412e326bb57f2ee5bbe9042d8,458.0,,20.6,46.0
691,1718575516545,abc0d16aaf15b3a4ee2e561195dfd82ab260497412e326bb57f2ee5bbe9042d8,453.0,,20.5,46.0
692,1718576128696,abc0d16aaf15b3a4ee2e561195dfd82ab260497412e326bb57f2ee5bbe9042d8,462.0,,20.4,45.0
693,1718576740849,abc0d16aaf15b3a4ee2e561195dfd82ab260497412e326bb57f2ee5bbe9042d8,460.0,,20.2,47.0
694,1718577353004,abc0d16aaf15b3a4ee2e561195dfd82ab260497412e326bb57f2ee5bbe9042d8,450.0,,19.9,47.0
695,1718577965137,abc0d16aaf15b3a4ee2e561195dfd82ab260497412e326bb57f2ee5bbe9042d8,450.0,,19.8,48.0
696,1718578577272,abc0d16aaf15b3a4ee2e561195dfd82ab260497412e326bb57f2ee5bbe9042d8,466.0,,19.8,49.0
697,1718579189411,abc0d16aaf15b3a4ee2e561195dfd82ab260497412e326bb57f2ee5bbe9042d8,445.0,,19.8,49.0
698,1718579801555,abc0d16aaf15b3a4ee2e561195dfd82ab260497412e326bb57f2ee5bbe9042d8,477.0,,19.7,50.0
699,1718580413732,abc0d16aaf15b3a4ee2e561195dfd82ab260497412e326bb57f2ee5bbe9042d8,456.0,,19.6,50.0
700,1718581025903,abc0d16aaf15b3a4ee2e561195dfd82ab260497412e326bb57f2ee5bbe9042d8,461.0,,19.5,50.0
701,1718581638132,abc0d16aaf15b3a4ee2e561195dfd82ab260497412e326bb57f2ee5bbe9042d8,469.0,,19.3,50.0
702,1718582250274,abc0d16aaf15b3a4ee2e561195dfd82ab260497412e326bb57f2ee5bbe9042d8,473.0,,19.2,50.0
703,1718582862482,abc0d16aaf15b3a4ee2e561195dfd82ab260497412e326bb57f2ee5bbe9042d8,471.0,,19.0,52.0
704,1718583474714,abc0d16aaf15b3a4ee2e561195dfd82ab260497412e326bb57f2ee5bbe9042d8,460.0,,18.9,52.0
705,1718584086839,abc0d16aaf15b3a4ee2e561195dfd82ab260497412e326bb57f2ee5bbe9042d8,476.0,,18.8,53.0
706,1718584699000,abc0d16aaf15b3a4ee2e561195dfd82ab260497412e326bb57f2ee5bbe9042d8,470.0,,18.8,53.0
707,1718585311156,abc0d16aaf15b3a4ee2e561195dfd82ab260497412e326bb57f2ee5bbe9042d8,465.0,,18.9,53.0
708,1718585923376,abc0d16aaf15b3a4ee2e561195dfd82ab260497412e326bb57f2ee5bbe9042d8,481.0,,18.9,52.0
709,1718586535546,abc0d16aaf15b3a4ee2e561195dfd82ab260497412e326bb57f2ee5bbe9042d8,462.0,,18.8,53.0
710,1718587147682,abc0d16aaf15b3a4ee2e561195dfd82ab260497412e326bb57f2ee5bbe9042d8,457.0,,18.5,53.0
711,1718587759844,abc0d16aaf15b3a4ee2e561195dfd82ab260497412e326bb57f2ee5bbe9042d8,466.0,,18.2,56.0
712,1718588371964,abc0d16aaf15b3a4ee2e561195dfd82ab260497412e326bb57f2ee5bbe9042d8,473.0,,17.8,57.0
713,1718588984194,abc0d16aaf15b3a4ee2e561195dfd82ab260497412e326bb57f2ee5bbe9042d8,478.0,,17.5,57.0
714,1718589596320,abc0d16aaf15b3a4ee2e561195dfd82ab260497412e326bb57f2ee5bbe9042d8,480.0,,16.9,60.0
715,1718590208446,abc0d16aaf15b3a4ee2e561195dfd82ab260497412e326bb57f2ee5bbe9042d8,489.0,,16.6,61.0
716,1718590820606,abc0d16aaf15b3a4ee2e561195dfd82ab260497412e326bb57f2ee5bbe9042d8,485.0,,16.4,61.0
717,1718591432714,abc0d16aaf15b3a4ee2e561195dfd82ab260497412e326bb57f2ee5bbe9042d8,490.0,,15.8,63.0
718,1718592044894,abc0d16aaf15b3a4ee2e561195dfd82ab260497412e326bb57f2ee5bbe9042d8,493.0,,15.6,67.0
719,1718592657056,abc0d16aaf15b3a4ee2e561195dfd82ab260497412e326bb57f2ee5bbe9042d8,492.0,,15.8,67.0
720,1718593269309,abc0d16aaf15b3a4ee2e561195dfd82ab260497412e326bb57f2ee5bbe9042d8,501.0,,15.8,68.0
721,1718593881424,abc0d16aaf15b3a4ee2e561195dfd82ab260497412e326bb57f2ee5bbe9042d8,498.0,,15.5,69.0
722,1718594493668,abc0d16aaf15b3a4ee2e561195dfd82ab260497412e326bb57f2ee5bbe9042d8,509.0,,15.2,69.0
723,1718595105888,abc0d16aaf15b3a4ee2e561195dfd82ab260497412e326bb57f2ee5bbe9042d8,486.0,,15.2,71.0
724,1718595718007,abc0d16aaf15b3a4ee2e561195dfd82ab260497412e326bb57f2ee5bbe9042d8,475.0,,15.4,70.0
725,1718596330167,abc0d16aaf15b3a4ee2e561195dfd82ab260497412e326bb57f2ee5bbe9042d8,471.0,,15.6,70.0
726,1718596942385,abc0d16aaf15b3a4ee2e561195dfd82ab260497412e326bb57f2ee5bbe9042d8,485.0,,15.9,69.0
727,1718597554538,abc0d16aaf15b3a4ee2e561195dfd82ab260497412e326bb57f2ee5bbe9042d8,491.0,,16.0,66.0
728,1718598166664,abc0d16aaf15b3a4ee2e561195dfd82ab260497412e326bb57f2ee5bbe9042d8,499.0,,16.3,66.0
729,1718598778846,abc0d16aaf15b3a4ee2e561195dfd82ab260497412e326bb57f2ee5bbe9042d8,484.0,,16.6,66.0
730,1718599390982,abc0d16aaf15b3a4ee2e561195dfd82ab260497412e326bb57f2ee5bbe9042d8,488.0,,17.4,65.0
731,1718600003142,abc0d16aaf15b3a4ee2e561195dfd82ab260497412e326bb57f2ee5bbe9042d8,496.0,,18.8,63.0
732,1718600615365,abc0d16aaf15b3a4ee2e561195dfd82ab260497412e326bb57f2ee5bbe9042d8,485.0,,19.7,63.0
733,1718601227500,abc0d16aaf15b3a4ee2e561195dfd82ab260497412e326bb57f2ee5bbe9042d8,491.0,,20.3,61.0
734,1718601839646,abc0d16aaf15b3a4ee2e561195dfd82ab260497412e326bb57f2ee5bbe9042d8,484.0,,20.9,59.0
735,1718602451788,abc0d16aaf15b3a4ee2e561195dfd82ab260497412e326bb57f2ee5bbe9042d8,492.0,,21.8,59.0
736,1718603064008,abc0d16aaf15b3a4ee2e561195dfd82ab260497412e326bb57f2ee5bbe9042d8,470.0,,22.6,58.0
737,1718603676154,abc0d16aaf15b3a4ee2e561195dfd82ab260497412e326bb57f2ee5bbe9042d8,478.0,,23.2,57.0
738,1718604288382,abc0d16aaf15b3a4ee2e561195dfd82ab260497412e326bb57f2ee5bbe9042d8,472.0,,23.6,57.0
739,1718604900524,abc0d16aaf15b3a4ee2e561195dfd82ab260497412e326bb57f2ee5bbe9042d8,482.0,,23.7,55.0
740,1718605512644,abc0d16aaf15b3a4ee2e561195dfd82ab260497412e326bb57f2ee5bbe9042d8,464.0,,24.4,54.0
741,1718606124856,abc0d16aaf15b3a4ee2e561195dfd82ab260497412e326bb57f2ee5bbe9042d8,483.0,,25.0,54.0
742,1718606736983,abc0d16aaf15b3a4ee2e561195dfd82ab260497412e326bb57f2ee5bbe9042d8,462.0,,25.5,54.0
743,1718607349142,abc0d16aaf15b3a4ee2e561195dfd82ab260497412e326bb57f2ee5bbe9042d8,466.0,,26.1,55.0
744,1718608573418,abc0d16aaf15b3a4ee2e561195dfd82ab260497412e326bb57f2ee5bbe9042d8,470.0,,27.4,56.0
745,1718609185567,abc0d16aaf15b3a4ee2e561195dfd82ab260497412e326bb57f2ee5bbe9042d8,468.0,,27.6,56.0
746,1718609797689,abc0d16aaf15b3a4ee2e561195dfd82ab260497412e326bb57f2ee5bbe9042d8,476.0,,27.9,56.0
747,1718610409837,abc0d16aaf15b3a4ee2e561195dfd82ab260497412e326bb57f2ee5bbe9042d8,494.0,,27.8,53.0
748,1718611021978,abc0d16aaf15b3a4ee2e561195dfd82ab260497412e326bb57f2ee5bbe9042d8,481.0,,28.2,52.0
749,1718611634189,abc0d16aaf15b3a4ee2e561195dfd82ab260497412e326bb57f2ee5bbe9042d8,469.0,,28.6,52.0
750,1718612246343,abc0d16aaf15b3a4ee2e561195dfd82ab260497412e326bb57f2ee5bbe9042d8,452.0,,28.4,51.0
751,1718612858487,abc0d16aaf15b3a4ee2e561195dfd82ab260497412e326bb57f2ee5bbe9042d8,465.0,,28.8,48.0
752,1718613470721,abc0d16aaf15b3a4ee2e561195dfd82ab260497412e326bb57f2ee5bbe9042d8,460.0,,28.9,49.0
753,1718614082911,abc0d16aaf15b3a4ee2e561195dfd82ab260497412e326bb57f2ee5bbe9042d8,479.0,,29.2,49.0
754,1718614695053,abc0d16aaf15b3a4ee2e561195dfd82ab260497412e326bb57f2ee5bbe9042d8,463.0,,29.2,49.0
755,1718615307230,abc0d16aaf15b3a4ee2e561195dfd82ab260497412e326bb57f2ee5bbe9042d8,468.0,,29.0,48.0
756,1718615919390,abc0d16aaf15b3a4ee2e561195dfd82ab260497412e326bb57f2ee5bbe9042d8,465.0,,29.4,48.0
757,1718616531548,abc0d16aaf15b3a4ee2e561195dfd82ab260497412e326bb57f2ee5bbe9042d8,464.0,,29.6,47.0
758,1718617143748,abc0d16aaf15b3a4ee2e561195dfd82ab260497412e326bb57f2ee5bbe9042d8,461.0,,29.8,47.0
759,1718617755916,abc0d16aaf15b3a4ee2e561195dfd82ab260497412e326bb57f2ee5bbe9042d8,451.0,,29.4,47.0
760,1718618368066,abc0d16aaf15b3a4ee2e561195dfd82ab260497412e326bb57f2ee5bbe9042d8,448.0,,29.6,46.0
761,1718618980204,abc0d16aaf15b3a4ee2e561195dfd82ab260497412e326bb57f2ee5bbe9042d8,464.0,,30.1,44.0
762,1718619592351,abc0d16aaf15b3a4ee2e561195dfd82ab260497412e326bb57f2ee5bbe9042d8,453.0,,30.4,44.0
763,1718620204491,abc0d16aaf15b3a4ee2e561195dfd82ab260497412e326bb57f2ee5bbe9042d8,463.0,,30.3,46.0
764,1718620816697,abc0d16aaf15b3a4ee2e561195dfd82ab260497412e326bb57f2ee5bbe9042d8,454.0,,30.6,44.0
765,1718621428835,abc0d16aaf15b3a4ee2e561195dfd82ab260497412e326bb57f2ee5bbe9042d8,467.0,,30.7,44.0
766,1718622040994,abc0d16aaf15b3a4ee2e561195dfd82ab260497412e326bb57f2ee5bbe9042d8,465.0,,31.0,43.0
767,1718622653134,abc0d16aaf15b3a4ee2e561195dfd82ab260497412e326bb57f2ee5bbe9042d8,454.0,,31.2,41.0
768,1718623265278,abc0d16aaf15b3a4ee2e561195dfd82ab260497412e326bb57f2ee5bbe9042d8,450.0,,31.2,41.0
769,1718623877415,abc0d16aaf15b3a4ee2e561195dfd82ab260497412e326bb57f2ee5bbe9042d8,458.0,,31.1,41.0
770,1718624489634,abc0d16aaf15b3a4ee2e561195dfd82ab260497412e326bb57f2ee5bbe9042d8,456.0,,31.2,42.0
771,1718625101857,abc0d16aaf15b3a4ee2e561195dfd82ab260497412e326bb57f2ee5bbe9042d8,457.0,,31.2,42.0
772,1718625714029,abc0d16aaf15b3a4ee2e561195dfd82ab260497412e326bb57f2ee5bbe9042d8,458.0,,31.3,40.0
773,1718626326222,abc0d16aaf15b3a4ee2e561195dfd82ab260497412e326bb57f2ee5bbe9042d8,446.0,,31.8,39.0
774,1718626938422,abc0d16aaf15b3a4ee2e561195dfd82ab260497412e326bb57f2ee5bbe9042d8,465.0,,31.8,39.0
775,1718627550605,abc0d16aaf15b3a4ee2e561195dfd82ab260497412e326bb57f2ee5bbe9042d8,450.0,,32.2,41.0
776,1718628162814,abc0d16aaf15b3a4ee2e561195dfd82ab260497412e326bb57f2ee5bbe9042d8,476.0,,32.0,40.0
777,1718628774959,abc0d16aaf15b3a4ee2e561195dfd82ab260497412e326bb57f2ee5bbe9042d8,446.0,,32.4,40.0
778,1718629387139,abc0d16aaf15b3a4ee2e561195dfd82ab260497412e326bb57f2ee5bbe9042d8,442.0,,32.7,40.0
779,1718629999268,abc0d16aaf15b3a4ee2e561195dfd82ab260497412e326bb57f2ee5bbe9042d8,465.0,,33.0,39.0
780,1718630611414,abc0d16aaf15b3a4ee2e561195dfd82ab260497412e326bb57f2ee5bbe9042d8,450.0,,33.3,39.0
781,1718631223582,abc0d16aaf15b3a4ee2e561195dfd82ab260497412e326bb57f2ee5bbe9042d8,448.0,,34.0,39.0
782,1718631835776,abc0d16aaf15b3a4ee2e561195dfd82ab260497412e326bb57f2ee5bbe9042d8,454.0,,33.7,39.0
783,1718632447895,abc0d16aaf15b3a4ee2e561195dfd82ab260497412e326bb57f2ee5bbe9042d8,463.0,,34.3,40.0
784,1718633060037,abc0d16aaf15b3a4ee2e561195dfd82ab260497412e326bb57f2ee5bbe9042d8,449.0,,34.7,40.0
785,1718633672173,abc0d16aaf15b3a4ee2e561195dfd82ab260497412e326bb57f2ee5bbe9042d8,455.0,,35.3,39.0
786,1718634284321,abc0d16aaf15b3a4ee2e561195dfd82ab260497412e326bb57f2ee5bbe9042d8,450.0,,34.3,40.0
787,1718634896470,abc0d16aaf15b3a4ee2e561195dfd82ab260497412e326bb57f2ee5bbe9042d8,451.0,,33.2,40.0
788,1718635508616,abc0d16aaf15b3a4ee2e561195dfd82ab260497412e326bb57f2ee5bbe9042d8,437.0,,33.7,39.0
789,1718636120746,abc0d16aaf15b3a4ee2e561195dfd82ab260497412e326bb57f2ee5bbe9042d8,458.0,,35.3,39.0
790,1718636732898,abc0d16aaf15b3a4ee2e561195dfd82ab260497412e326bb57f2ee5bbe9042d8,462.0,,35.4,39.0
791,1718637345037,abc0d16aaf15b3a4ee2e561195dfd82ab260497412e326bb57f2ee5bbe9042d8,459.0,,35.6,39.0
792,1718637957178,abc0d16aaf15b3a4ee2e561195dfd82ab260497412e326bb57f2ee5bbe9042d8,457.0,,35.6,39.0
793,1718638569349,abc0d16aaf15b3a4ee2e561195dfd82ab260497412e326bb57f2ee5bbe9042d8,474.0,,36.1,39.0
794,1718639181502,abc0d16aaf15b3a4ee2e561195dfd82ab260497412e326bb57f2ee5bbe9042d8,469.0,,35.9,38.0
795,1718639793647,abc0d16aaf15b3a4ee2e561195dfd82ab260497412e326bb57f2ee5bbe9042d8,455.0,,36.1,38.0
796,1718640405777,abc0d16aaf15b3a4ee2e561195dfd82ab260497412e326bb57f2ee5bbe9042d8,465.0,,35.8,38.0
797,1718641017903,abc0d16aaf15b3a4ee2e561195dfd82ab260497412e326bb57f2ee5bbe9042d8,471.0,,35.2,39.0
798,1718641630043,abc0d16aaf15b3a4ee2e561195dfd82ab260497412e326bb57f2ee5bbe9042d8,427.0,,34.5,39.0
799,1718642242191,abc0d16aaf15b3a4ee2e561195dfd82ab260497412e326bb57f2ee5bbe9042d8,445.0,,35.3,39.0
800,1718642854413,abc0d16aaf15b3a4ee2e561195dfd82ab260497412e326bb57f2ee5bbe9042d8,441.0,,35.1,40.0
801,1718643466643,abc0d16aaf15b3a4ee2e561195dfd82ab260497412e326bb57f2ee5bbe9042d8,447.0,,35.3,36.0
802,1718644078773,abc0d16aaf15b3a4ee2e561195dfd82ab260497412e326bb57f2ee5bbe9042d8,443.0,,34.9,39.0
803,1718644690895,abc0d16aaf15b3a4ee2e561195dfd82ab260497412e326bb57f2ee5bbe9042d8,426.0,,34.8,39.0
804,1718645303019,abc0d16aaf15b3a4ee2e561195dfd82ab260497412e326bb57f2ee5bbe9042d8,445.0,,33.6,38.0
805,1718645915171,abc0d16aaf15b3a4ee2e561195dfd82ab260497412e326bb57f2ee5bbe9042d8,449.0,,33.0,39.0
806,1718646527311,abc0d16aaf15b3a4ee2e561195dfd82ab260497412e326bb57f2ee5bbe9042d8,438.0,,32.4,39.0
807,1718647139442,abc0d16aaf15b3a4ee2e561195dfd82ab260497412e326bb57f2ee5bbe9042d8,428.0,,31.9,40.0
808,1718647751583,abc0d16aaf15b3a4ee2e561195dfd82ab260497412e326bb57f2ee5bbe9042d8,460.0,,31.1,41.0
809,1718648363708,abc0d16aaf15b3a4ee2e561195dfd82ab260497412e326bb57f2ee5bbe9042d8,452.0,,30.1,41.0
810,1718648975905,abc0d16aaf15b3a4ee2e561195dfd82ab260497412e326bb57f2ee5bbe9042d8,460.0,,29.2,43.0
811,1718649588117,abc0d16aaf15b3a4ee2e561195dfd82ab260497412e326bb57f2ee5bbe9042d8,450.0,,28.4,44.0
812,1718650200263,abc0d16aaf15b3a4ee2e561195dfd82ab260497412e326bb57f2ee5bbe9042d8,450.0,,26.9,44.0
813,1718650812409,abc0d16aaf15b3a4ee2e561195dfd82ab260497412e326bb57f2ee5bbe9042d8,462.0,,26.1,45.0
814,1718651424559,abc0d16aaf15b3a4ee2e561195dfd82ab260497412e326bb57f2ee5bbe9042d8,446.0,,25.3,46.0
815,1718652036684,abc0d16aaf15b3a4ee2e561195dfd82ab260497412e326bb57f2ee5bbe9042d8,484.0,,24.8,46.0
816,1718652648817,abc0d16aaf15b3a4ee2e561195dfd82ab260497412e326bb57f2ee5bbe9042d8,450.0,,24.4,48.0
817,1718653260979,abc0d16aaf15b3a4ee2e561195dfd82ab260497412e326bb57f2ee5bbe9042d8,464.0,,23.9,49.0
818,1718653873115,abc0d16aaf15b3a4ee2e561195dfd82ab260497412e326bb57f2ee5bbe9042d8,461.0,,23.6,49.0
819,1718654485323,abc0d16aaf15b3a4ee2e561195dfd82ab260497412e326bb57f2ee5bbe9042d8,476.0,,23.1,51.0
820,1718655097475,abc0d16aaf15b3a4ee2e561195dfd82ab260497412e326bb57f2ee5bbe9042d8,472.0,,23.0,49.0
821,1718655709614,abc0d16aaf15b3a4ee2e561195dfd82ab260497412e326bb57f2ee5bbe9042d8,462.0,,23.0,49.0
822,1718656321734,abc0d16aaf15b3a4ee2e561195dfd82ab260497412e326bb57f2ee5bbe9042d8,450.0,,23.2,47.0
823,1718656933950,abc0d16aaf15b3a4ee2e561195dfd82ab260497412e326bb57f2ee5bbe9042d8,472.0,,23.1,48.0
824,1718657546078,abc0d16aaf15b3a4ee2e561195dfd82ab260497412e326bb57f2ee5bbe9042d8,467.0,,23.0,48.0
825,1718658158216,abc0d16aaf15b3a4ee2e561195dfd82ab260497412e326bb57f2ee5bbe9042d8,458.0,,22.7,48.0
826,1718658770392,abc0d16aaf15b3a4ee2e561195dfd82ab260497412e326bb57f2ee5bbe9042d8,481.0,,22.7,49.0
827,1718659382524,abc0d16aaf15b3a4ee2e561195dfd82ab260497412e326bb57f2ee5bbe9042d8,474.0,,22.5,47.0
828,1718659994676,abc0d16aaf15b3a4ee2e561195dfd82ab260497412e326bb57f2ee5bbe9042d8,477.0,,22.6,47.0
829,1718660606822,abc0d16aaf15b3a4ee2e561195dfd82ab260497412e326bb57f2ee5bbe9042d8,463.0,,22.3,49.0
830,1718661219014,abc0d16aaf15b3a4ee2e561195dfd82ab260497412e326bb57f2ee5bbe9042d8,463.0,,22.0,50.0
831,1718661831169,abc0d16aaf15b3a4ee2e561195dfd82ab260497412e326bb57f2ee5bbe9042d8,472.0,,21.7,50.0
832,1718662443308,abc0d16aaf15b3a4ee2e561195dfd82ab260497412e326bb57f2ee5bbe9042d8,474.0,,21.6,52.0
833,1718663055510,abc0d16aaf15b3a4ee2e561195dfd82ab260497412e326bb57f2ee5bbe9042d8,462.0,,21.5,53.0
834,1718663667651,abc0d16aaf15b3a4ee2e561195dfd82ab260497412e326bb57f2ee5bbe9042d8,465.0,,21.4,53.0
835,1718664279794,abc0d16aaf15b3a4ee2e561195dfd82ab260497412e326bb57f2ee5bbe9042d8,487.0,,21.3,55.0
836,1718664891941,abc0d16aaf15b3a4ee2e561195dfd82ab260497412e326bb57f2ee5bbe9042d8,477.0,,21.0,56.0
837,1718665504163,abc0d16aaf15b3a4ee2e561195dfd82ab260497412e326bb57f2ee5bbe9042d8,469.0,,20.9,56.0
838,1718666116329,abc0d16aaf15b3a4ee2e561195dfd82ab260497412e326bb57f2ee5bbe9042d8,479.0,,20.9,56.0
839,1718666728552,abc0d16aaf15b3a4ee2e561195dfd82ab260497412e326bb57f2ee5bbe9042d8,488.0,,20.6,57.0
840,1718667340699,abc0d16aaf15b3a4ee2e561195dfd82ab260497412e326bb57f2ee5bbe9042d8,488.0,,20.6,57.0
841,1718667952847,abc0d16aaf15b3a4ee2e561195dfd82ab260497412e326bb57f2ee5bbe9042d8,481.0,,20.5,57.0
842,1718668564983,abc0d16aaf15b3a4ee2e561195dfd82ab260497412e326bb57f2ee5bbe9042d8,467.0,,20.4,57.0
843,1718669177131,abc0d16aaf15b3a4ee2e561195dfd82ab260497412e326bb57f2ee5bbe9042d8,479.0,,20.4,57.0
844,1718669789281,abc0d16aaf15b3a4ee2e561195dfd82ab260497412e326bb57f2ee5bbe9042d8,478.0,,20.5,56.0
845,1718670401433,abc0d16aaf15b3a4ee2e561195dfd82ab260497412e326bb57f2ee5bbe9042d8,480.0,,20.4,56.0
846,1718671013654,abc0d16aaf15b3a4ee2e561195dfd82ab260497412e326bb57f2ee5bbe9042d8,490.0,,20.2,56.0
847,1718671625826,abc0d16aaf15b3a4ee2e561195dfd82ab260497412e326bb57f2ee5bbe9042d8,480.0,,19.9,57.0
848,1718672238037,abc0d16aaf15b3a4ee2e561195dfd82ab260497412e326bb57f2ee5bbe9042d8,487.0,,19.6,58.0
849,1718672850171,abc0d16aaf15b3a4ee2e561195dfd82ab260497412e326bb57f2ee5bbe9042d8,487.0,,19.3,59.0
850,1718673462383,abc0d16aaf15b3a4ee2e561195dfd82ab260497412e326bb57f2ee5bbe9042d8,510.0,,19.1,59.0
851,1718674074541,abc0d16aaf15b3a4ee2e561195dfd82ab260497412e326bb57f2ee5bbe9042d8,488.0,,19.0,58.0
852,1718674686692,abc0d16aaf15b3a4ee2e561195dfd82ab260497412e326bb57f2ee5bbe9042d8,500.0,,19.0,58.0
853,1718675298841,abc0d16aaf15b3a4ee2e561195dfd82ab260497412e326bb57f2ee5bbe9042d8,477.0,,18.9,58.0
854,1718675911059,abc0d16aaf15b3a4ee2e561195dfd82ab260497412e326bb57f2ee5bbe9042d8,481.0,,19.0,58.0
855,1718676523212,abc0d16aaf15b3a4ee2e561195dfd82ab260497412e326bb57f2ee5bbe9042d8,487.0,,18.9,58.0
856,1718677135380,abc0d16aaf15b3a4ee2e561195dfd82ab260497412e326bb57f2ee5bbe9042d8,488.0,,18.8,58.0
857,1718677747533,abc0d16aaf15b3a4ee2e561195dfd82ab260497412e326bb57f2ee5bbe9042d8,497.0,,18.8,59.0
858,1718678359739,abc0d16aaf15b3a4ee2e561195dfd82ab260497412e326bb57f2ee5bbe9042d8,495.0,,18.4,60.0
859,1718678971901,abc0d16aaf15b3a4ee2e561195dfd82ab260497412e326bb57f2ee5bbe9042d8,481.0,,18.3,60.0
860,1718679584111,abc0d16aaf15b3a4ee2e561195dfd82ab260497412e326bb57f2ee5bbe9042d8,504.0,,18.2,60.0
861,1718680196334,abc0d16aaf15b3a4ee2e561195dfd82ab260497412e326bb57f2ee5bbe9042d8,491.0,,18.3,60.0
862,1718680808491,abc0d16aaf15b3a4ee2e561195dfd82ab260497412e326bb57f2ee5bbe9042d8,490.0,,18.2,60.0
863,1718681420711,abc0d16aaf15b3a4ee2e561195dfd82ab260497412e326bb57f2ee5bbe9042d8,493.0,,18.1,60.0
864,1718682032840,abc0d16aaf15b3a4ee2e561195dfd82ab260497412e326bb57f2ee5bbe9042d8,509.0,,18.0,61.0
865,1718682644997,abc0d16aaf15b3a4ee2e561195dfd82ab260497412e326bb57f2ee5bbe9042d8,512.0,,18.0,61.0
866,1718683257133,abc0d16aaf15b3a4ee2e561195dfd82ab260497412e326bb57f2ee5bbe9042d8,504.0,,18.2,61.0
867,1718683869271,abc0d16aaf15b3a4ee2e561195dfd82ab260497412e326bb57f2ee5bbe9042d8,490.0,,18.5,60.0
868,1718684481481,abc0d16aaf15b3a4ee2e561195dfd82ab260497412e326bb57f2ee5bbe9042d8,494.0,,18.9,60.0
869,1718685093697,abc0d16aaf15b3a4ee2e561195dfd82ab260497412e326bb57f2ee5bbe9042d8,500.0,,19.0,59.0
870,1718685705839,abc0d16aaf15b3a4ee2e561195dfd82ab260497412e326bb57f2ee5bbe9042d8,465.0,,19.3,59.0
871,1718686318076,abc0d16aaf15b3a4ee2e561195dfd82ab260497412e326bb57f2ee5bbe9042d8,487.0,,19.6,59.0
872,1718686930219,abc0d16aaf15b3a4ee2e561195dfd82ab260497412e326bb57f2ee5bbe9042d8,486.0,,19.9,58.0
873,1718687542339,abc0d16aaf15b3a4ee2e561195dfd82ab260497412e326bb57f2ee5bbe9042d8,490.0,,20.2,58.0
874,1718688154482,abc0d16aaf15b3a4ee2e561195dfd82ab260497412e326bb57f2ee5bbe9042d8,500.0,,20.4,58.0
875,1718688766643,abc0d16aaf15b3a4ee2e561195dfd82ab260497412e326bb57f2ee5bbe9042d8,486.0,,21.0,58.0
876,1718689378779,abc0d16aaf15b3a4ee2e561195dfd82ab260497412e326bb57f2ee5bbe9042d8,476.0,,21.9,57.0
877,1718689990904,abc0d16aaf15b3a4ee2e561195dfd82ab260497412e326bb57f2ee5bbe9042d8,478.0,,23.3,55.0
878,1718690603050,abc0d16aaf15b3a4ee2e561195dfd82ab260497412e326bb57f2ee5bbe9042d8,482.0,,24.0,55.0
879,1718691215171,abc0d16aaf15b3a4ee2e561195dfd82ab260497412e326bb57f2ee5bbe9042d8,484.0,,24.7,54.0
880,1718691827361,abc0d16aaf15b3a4ee2e561195dfd82ab260497412e326bb57f2ee5bbe9042d8,468.0,,24.6,55.0
881,1718692439570,abc0d16aaf15b3a4ee2e561195dfd82ab260497412e326bb57f2ee5bbe9042d8,482.0,,24.6,55.0
882,1718693051719,abc0d16aaf15b3a4ee2e561195dfd82ab260497412e326bb57f2ee5bbe9042d8,473.0,,25.9,53.0
883,1718693663854,abc0d16aaf15b3a4ee2e561195dfd82ab260497412e326bb57f2ee5bbe9042d8,485.0,,27.2,52.0
884,1718694276067,abc0d16aaf15b3a4ee2e561195dfd82ab260497412e326bb57f2ee5bbe9042d8,475.0,,27.9,52.0
885,1718694888221,abc0d16aaf15b3a4ee2e561195dfd82ab260497412e326bb57f2ee5bbe9042d8,473.0,,28.3,52.0
886,1718695500369,abc0d16aaf15b3a4ee2e561195dfd82ab260497412e326bb57f2ee5bbe9042d8,483.0,,29.0,51.0
887,1718696112530,abc0d16aaf15b3a4ee2e561195dfd82ab260497412e326bb57f2ee5bbe9042d8,473.0,,28.7,51.0
888,1718696724672,abc0d16aaf15b3a4ee2e561195dfd82ab260497412e326bb57f2ee5bbe9042d8,503.0,,28.8,52.0
889,1718697336835,abc0d16aaf15b3a4ee2e561195dfd82ab260497412e326bb57f2ee5bbe9042d8,488.0,,29.1,52.0
890,1718697949009,abc0d16aaf15b3a4ee2e561195dfd82ab260497412e326bb57f2ee5bbe9042d8,500.0,,29.6,52.0
891,1718698561152,abc0d16aaf15b3a4ee2e561195dfd82ab260497412e326bb57f2ee5bbe9042d8,487.0,,29.6,53.0
892,1718699173318,abc0d16aaf15b3a4ee2e561195dfd82ab260497412e326bb57f2ee5bbe9042d8,480.0,,30.3,52.0
893,1718699785526,abc0d16aaf15b3a4ee2e561195dfd82ab260497412e326bb57f2ee5bbe9042d8,504.0,,30.4,52.0
894,1718700397685,abc0d16aaf15b3a4ee2e561195dfd82ab260497412e326bb57f2ee5bbe9042d8,484.0,,30.8,51.0
895,1718701622134,abc0d16aaf15b3a4ee2e561195dfd82ab260497412e326bb57f2ee5bbe9042d8,506.0,,31.2,52.0
896,1718702234270,abc0d16aaf15b3a4ee2e561195dfd82ab260497412e326bb57f2ee5bbe9042d8,473.0,,31.4,52.0
897,1718702846403,abc0d16aaf15b3a4ee2e561195dfd82ab260497412e326bb57f2ee5bbe9042d8,477.0,,31.2,50.0
898,1718703458634,abc0d16aaf15b3a4ee2e561195dfd82ab260497412e326bb57f2ee5bbe9042d8,462.0,,31.5,50.0
899,1718704070793,abc0d16aaf15b3a4ee2e561195dfd82ab260497412e326bb57f2ee5bbe9042d8,494.0,,32.0,50.0
900,1718704682941,abc0d16aaf15b3a4ee2e561195dfd82ab260497412e326bb57f2ee5bbe9042d8,482.0,,32.1,48.0
901,1718705295080,abc0d16aaf15b3a4ee2e561195dfd82ab260497412e326bb57f2ee5bbe9042d8,460.0,,32.2,47.0
902,1718705907228,abc0d16aaf15b3a4ee2e561195dfd82ab260497412e326bb57f2ee5bbe9042d8,478.0,,32.6,47.0
903,1718706519457,abc0d16aaf15b3a4ee2e561195dfd82ab260497412e326bb57f2ee5bbe9042d8,479.0,,32.7,47.0
904,1718707131652,abc0d16aaf15b3a4ee2e561195dfd82ab260497412e326bb57f2ee5bbe9042d8,453.0,,32.8,39.0
905,1718707743849,abc0d16aaf15b3a4ee2e561195dfd82ab260497412e326bb57f2ee5bbe9042d8,459.0,,32.7,39.0
906,1718708355991,abc0d16aaf15b3a4ee2e561195dfd82ab260497412e326bb57f2ee5bbe9042d8,464.0,,33.3,42.0
907,1718708968126,abc0d16aaf15b3a4ee2e561195dfd82ab260497412e326bb57f2ee5bbe9042d8,481.0,,33.7,44.0
908,1718709580282,abc0d16aaf15b3a4ee2e561195dfd82ab260497412e326bb57f2ee5bbe9042d8,480.0,,33.9,44.0
909,1718710192414,abc0d16aaf15b3a4ee2e561195dfd82ab260497412e326bb57f2ee5bbe9042d8,485.0,,33.6,41.0
910,1718710804544,abc0d16aaf15b3a4ee2e561195dfd82ab260497412e326bb57f2ee5bbe9042d8,470.0,,34.4,40.0
911,1718711416706,abc0d16aaf15b3a4ee2e561195dfd82ab260497412e326bb57f2ee5bbe9042d8,474.0,,34.5,40.0
912,1718712028875,abc0d16aaf15b3a4ee2e561195dfd82ab260497412e326bb57f2ee5bbe9042d8,472.0,,34.9,40.0
913,1718712641089,abc0d16aaf15b3a4ee2e561195dfd82ab260497412e326bb57f2ee5bbe9042d8,469.0,,34.9,37.0
914,1718713253230,abc0d16aaf15b3a4ee2e561195dfd82ab260497412e326bb57f2ee5bbe9042d8,473.0,,35.9,37.0
915,1718713865374,abc0d16aaf15b3a4ee2e561195dfd82ab260497412e326bb57f2ee5bbe9042d8,472.0,,36.0,37.0
916,1718714477520,abc0d16aaf15b3a4ee2e561195dfd82ab260497412e326bb57f2ee5bbe9042d8,470.0,,35.7,36.0
917,1718715089677,abc0d16aaf15b3a4ee2e561195dfd82ab260497412e326bb57f2ee5bbe9042d8,469.0,,35.7,36.0
918,1718715701907,abc0d16aaf15b3a4ee2e561195dfd82ab260497412e326bb57f2ee5bbe9042d8,465.0,,36.2,36.0
919,1718716314040,abc0d16aaf15b3a4ee2e561195dfd82ab260497412e326bb57f2ee5bbe9042d8,475.0,,36.5,40.0
920,1718716926242,abc0d16aaf15b3a4ee2e561195dfd82ab260497412e326bb57f2ee5bbe9042d8,463.0,,35.1,40.0
921,1718717538386,abc0d16aaf15b3a4ee2e561195dfd82ab260497412e326bb57f2ee5bbe9042d8,480.0,,35.2,39.0
922,1718718150531,abc0d16aaf15b3a4ee2e561195dfd82ab260497412e326bb57f2ee5bbe9042d8,448.0,,36.2,39.0
923,1718718762691,abc0d16aaf15b3a4ee2e561195dfd82ab260497412e326bb57f2ee5bbe9042d8,491.0,,35.6,37.0
924,1718719374850,abc0d16aaf15b3a4ee2e561195dfd82ab260497412e326bb57f2ee5bbe9042d8,448.0,,35.9,37.0
925,1718719986969,abc0d16aaf15b3a4ee2e561195dfd82ab260497412e326bb57f2ee5bbe9042d8,442.0,,35.8,39.0
926,1718720599130,abc0d16aaf15b3a4ee2e561195dfd82ab260497412e326bb57f2ee5bbe9042d8,455.0,,34.9,38.0
927,1718721211284,abc0d16aaf15b3a4ee2e561195dfd82ab260497412e326bb57f2ee5bbe9042d8,470.0,,35.2,38.0
928,1718721823427,abc0d16aaf15b3a4ee2e561195dfd82ab260497412e326bb57f2ee5bbe9042d8,468.0,,36.3,39.0
929,1718722435564,abc0d16aaf15b3a4ee2e561195dfd82ab260497412e326bb57f2ee5bbe9042d8,444.0,,36.3,36.0
930,1718723047702,abc0d16aaf15b3a4ee2e561195dfd82ab260497412e326bb57f2ee5bbe9042d8,465.0,,36.4,36.0
931,1718723659920,abc0d16aaf15b3a4ee2e561195dfd82ab260497412e326bb57f2ee5bbe9042d8,441.0,,34.9,39.0
932,1718724272090,abc0d16aaf15b3a4ee2e561195dfd82ab260497412e326bb57f2ee5bbe9042d8,425.0,,34.9,39.0
933,1718724884298,abc0d16aaf15b3a4ee2e561195dfd82ab260497412e326bb57f2ee5bbe9042d8,472.0,,36.1,39.0
934,1718725496448,abc0d16aaf15b3a4ee2e561195dfd82ab260497412e326bb57f2ee5bbe9042d8,440.0,,35.9,37.0
935,1718726108601,abc0d16aaf15b3a4ee2e561195dfd82ab260497412e326bb57f2ee5bbe9042d8,461.0,,36.1,37.0
936,1718726720721,abc0d16aaf15b3a4ee2e561195dfd82ab260497412e326bb57f2ee5bbe9042d8,461.0,,34.7,37.0
937,1718727332864,abc0d16aaf15b3a4ee2e561195dfd82ab260497412e326bb57f2ee5bbe9042d8,446.0,,34.2,39.0
938,1718727945088,abc0d16aaf15b3a4ee2e561195dfd82ab260497412e326bb57f2ee5bbe9042d8,450.0,,34.9,39.0
939,1718728557249,abc0d16aaf15b3a4ee2e561195dfd82ab260497412e326bb57f2ee5bbe9042d8,461.0,,35.7,39.0
940,1718729169390,abc0d16aaf15b3a4ee2e561195dfd82ab260497412e326bb57f2ee5bbe9042d8,456.0,,34.7,39.0
941,1718729781542,abc0d16aaf15b3a4ee2e561195dfd82ab260497412e326bb57f2ee5bbe9042d8,445.0,,34.0,41.0
942,1718730393691,abc0d16aaf15b3a4ee2e561195dfd82ab260497412e326bb57f2ee5bbe9042d8,453.0,,33.5,41.0
943,1718731005862,abc0d16aaf15b3a4ee2e561195dfd82ab260497412e326bb57f2ee5bbe9042d8,437.0,,33.0,43.0
944,1718731618022,abc0d16aaf15b3a4ee2e561195dfd82ab260497412e326bb57f2ee5bbe9042d8,455.0,,31.4,46.0
945,1718732230156,abc0d16aaf15b3a4ee2e561195dfd82ab260497412e326bb57f2ee5bbe9042d8,456.0,,31.2,46.0
946,1718732842306,abc0d16aaf15b3a4ee2e561195dfd82ab260497412e326bb57f2ee5bbe9042d8,455.0,,31.8,46.0
947,1718733454537,abc0d16aaf15b3a4ee2e561195dfd82ab260497412e326bb57f2ee5bbe9042d8,454.0,,31.5,45.0
948,1718734066680,abc0d16aaf15b3a4ee2e561195dfd82ab260497412e326bb57f2ee5bbe9042d8,448.0,,31.1,46.0
949,1718734678904,abc0d16aaf15b3a4ee2e561195dfd82ab260497412e326bb57f2ee5bbe9042d8,469.0,,30.6,46.0
950,1718735291085,abc0d16aaf15b3a4ee2e561195dfd82ab260497412e326bb57f2ee5bbe9042d8,445.0,,29.9,46.0
951,1718735903177,abc0d16aaf15b3a4ee2e561195dfd82ab260497412e326bb57f2ee5bbe9042d8,467.0,,29.1,48.0
952,1718736515339,abc0d16aaf15b3a4ee2e561195dfd82ab260497412e326bb57f2ee5bbe9042d8,476.0,,28.6,48.0
953,1718737127471,abc0d16aaf15b3a4ee2e561195dfd82ab260497412e326bb57f2ee5bbe9042d8,501.0,,28.1,50.0
954,1718737739635,abc0d16aaf15b3a4ee2e561195dfd82ab260497412e326bb57f2ee5bbe9042d8,495.0,,27.7,51.0
955,1718738351771,abc0d16aaf15b3a4ee2e561195dfd82ab260497412e326bb57f2ee5bbe9042d8,468.0,,27.8,51.0
956,1718738963920,abc0d16aaf15b3a4ee2e561195dfd82ab260497412e326bb57f2ee5bbe9042d8,477.0,,27.6,50.0
957,1718739576141,abc0d16aaf15b3a4ee2e561195dfd82ab260497412e326bb57f2ee5bbe9042d8,490.0,,27.2,52.0
958,1718740188286,abc0d16aaf15b3a4ee2e561195dfd82ab260497412e326bb57f2ee5bbe9042d8,501.0,,27.0,52.0
959,1718740800435,abc0d16aaf15b3a4ee2e561195dfd82ab260497412e326bb57f2ee5bbe9042d8,491.0,,26.6,56.0
960,1718741412569,abc0d16aaf15b3a4ee2e561195dfd82ab260497412e326bb57f2ee5bbe9042d8,560.0,,25.9,61.0
961,1718742024702,abc0d16aaf15b3a4ee2e561195dfd82ab260497412e326bb57f2ee5bbe9042d8,590.0,,25.2,61.0
962,1718742636837,abc0d16aaf15b3a4ee2e561195dfd82ab260497412e326bb57f2ee5bbe9042d8,559.0,,24.8,65.0
963,1718743248982,abc0d16aaf15b3a4ee2e561195dfd82ab260497412e326bb57f2ee5bbe9042d8,569.0,,24.4,66.0
964,1718743861101,abc0d16aaf15b3a4ee2e561195dfd82ab260497412e326bb57f2ee5bbe9042d8,608.0,,24.0,66.0
965,1718744473245,abc0d16aaf15b3a4ee2e561195dfd82ab260497412e326bb57f2ee5bbe9042d8,601.0,,23.9,69.0
966,1718745085394,abc0d16aaf15b3a4ee2e561195dfd82ab260497412e326bb57f2ee5bbe9042d8,611.0,,23.5,74.0
967,1718745697629,abc0d16aaf15b3a4ee2e561195dfd82ab260497412e326bb57f2ee5bbe9042d8,576.0,,23.4,74.0
968,1718746309801,abc0d16aaf15b3a4ee2e561195dfd82ab260497412e326bb57f2ee5bbe9042d8,606.0,,23.0,76.0
969,1718746921965,abc0d16aaf15b3a4ee2e561195dfd82ab260497412e326bb57f2ee5bbe9042d8,617.0,,22.7,78.0
970,1718747534093,abc0d16aaf15b3a4ee2e561195dfd82ab260497412e326bb57f2ee5bbe9042d8,632.0,,22.3,78.0
971,1718748146267,abc0d16aaf15b3a4ee2e561195dfd82ab260497412e326bb57f2ee5bbe9042d8,608.0,,22.1,79.0
972,1718748758402,abc0d16aaf15b3a4ee2e561195dfd82ab260497412e326bb57f2ee5bbe9042d8,590.0,,22.0,82.0
973,1718749370632,abc0d16aaf15b3a4ee2e561195dfd82ab260497412e326bb57f2ee5bbe9042d8,626.0,,22.0,81.0
974,1718749982846,abc0d16aaf15b3a4ee2e561195dfd82ab260497412e326bb57f2ee5bbe9042d8,555.0,,22.0,81.0
975,1718750594978,abc0d16aaf15b3a4ee2e561195dfd82ab260497412e326bb57f2ee5bbe9042d8,584.0,,21.6,81.0
976,1718751207140,abc0d16aaf15b3a4ee2e561195dfd82ab260497412e326bb57f2ee5bbe9042d8,615.0,,21.4,80.0
977,1718751819277,abc0d16aaf15b3a4ee2e561195dfd82ab260497412e326bb57f2ee5bbe9042d8,616.0,,21.1,80.0
978,1718752431410,abc0d16aaf15b3a4ee2e561195dfd82ab260497412e326bb57f2ee5bbe9042d8,576.0,,21.0,79.0
979,1718753043651,abc0d16aaf15b3a4ee2e561195dfd82ab260497412e326bb57f2ee5bbe9042d8,559.0,,21.1,80.0
980,1718753655877,abc0d16aaf15b3a4ee2e561195dfd82ab260497412e326bb57f2ee5bbe9042d8,563.0,,21.1,80.0
981,1718754268037,abc0d16aaf15b3a4ee2e561195dfd82ab260497412e326bb57f2ee5bbe9042d8,590.0,,20.9,81.0
982,1718754880159,abc0d16aaf15b3a4ee2e561195dfd82ab260497412e326bb57f2ee5bbe9042d8,552.0,,20.9,80.0
983,1718755492314,abc0d16aaf15b3a4ee2e561195dfd82ab260497412e326bb57f2ee5bbe9042d8,524.0,,20.9,80.0
984,1718756104475,abc0d16aaf15b3a4ee2e561195dfd82ab260497412e326bb57f2ee5bbe9042d8,558.0,,20.8,80.0
985,1718756716611,abc0d16aaf15b3a4ee2e561195dfd82ab260497412e326bb57f2ee5bbe9042d8,553.0,,20.6,80.0
986,1718757328753,abc0d16aaf15b3a4ee2e561195dfd82ab260497412e326bb57f2ee5bbe9042d8,577.0,,20.3,80.0
987,1718757940904,abc0d16aaf15b3a4ee2e561195dfd82ab260497412e326bb57f2ee5bbe9042d8,536.0,,20.2,81.0
988,1718758553029,abc0d16aaf15b3a4ee2e561195dfd82ab260497412e326bb57f2ee5bbe9042d8,532.0,,20.3,82.0
989,1718759165182,abc0d16aaf15b3a4ee2e561195dfd82ab260497412e326bb57f2ee5bbe9042d8,559.0,,20.2,82.0
990,1718759777377,abc0d16aaf15b3a4ee2e561195dfd82ab260497412e326bb57f2ee5bbe9042d8,553.0,,20.0,83.0
991,1718760389506,abc0d16aaf15b3a4ee2e561195dfd82ab260497412e326bb57f2ee5bbe9042d8,541.0,,19.9,82.0
992,1718761001641,abc0d16aaf15b3a4ee2e561195dfd82ab260497412e326bb57f2ee5bbe9042d8,537.0,,20.0,82.0
993,1718761613805,abc0d16aaf15b3a4ee2e561195dfd82ab260497412e326bb57f2ee5bbe9042d8,529.0,,19.8,81.0
994,1718762225939,abc0d16aaf15b3a4ee2e561195dfd82ab260497412e326bb57f2ee5bbe9042d8,561.0,,19.7,83.0
995,1718762838076,abc0d16aaf15b3a4ee2e561195dfd82ab260497412e326bb57f2ee5bbe9042d8,573.0,,19.4,83.0
996,1718763450246,abc0d16aaf15b3a4ee2e561195dfd82ab260497412e326bb57f2ee5bbe9042d8,566.0,,19.2,84.0
997,1718764062427,abc0d16aaf15b3a4ee2e561195dfd82ab260497412e326bb57f2ee5bbe9042d8,596.0,,19.1,85.0
998,1718764674567,abc0d16aaf15b3a4ee2e561195dfd82ab260497412e326bb57f2ee5bbe9042d8,551.0,,19.2,85.0
999,1718765286742,abc0d16aaf15b3a4ee2e561195dfd82ab260497412e326bb57f2ee5bbe9042d8,551.0,,19.2,85.0
1000,1718765898978,abc0d16aaf15b3a4ee2e561195dfd82ab260497412e326bb57f2ee5bbe9042d8,552.0,,19.4,84.0
1001,1718766511203,abc0d16aaf15b3a4ee2e561195dfd82ab260497412e326bb57f2ee5bbe9042d8,557.0,,19.4,84.0
1002,1718767123417,abc0d16aaf15b3a4ee2e561195dfd82ab260497412e326bb57f2ee5bbe9042d8,554.0,,19.3,84.0
1003,1718767735611,abc0d16aaf15b3a4ee2e561195dfd82ab260497412e326bb57f2ee5bbe9042d8,576.0,,19.0,85.0
1004,1718768347776,abc0d16aaf15b3a4ee2e561195dfd82ab260497412e326bb57f2ee5bbe9042d8,563.0,,19.1,85.0
1005,1718768959917,abc0d16aaf15b3a4ee2e561195dfd82ab260497412e326bb57f2ee5bbe9042d8,553.0,,19.1,85.0
1006,1718769572057,abc0d16aaf15b3a4ee2e561195dfd82ab260497412e326bb57f2ee5bbe9042d8,539.0,,19.2,86.0
1007,1718770184198,abc0d16aaf15b3a4ee2e561195dfd82ab260497412e326bb57f2ee5bbe9042d8,560.0,,19.4,86.0
1008,1718770796360,abc0d16aaf15b3a4ee2e561195dfd82ab260497412e326bb57f2ee5bbe9042d8,542.0,,19.7,86.0
1009,1718771408488,abc0d16aaf15b3a4ee2e561195dfd82ab260497412e326bb57f2ee5bbe9042d8,526.0,,20.0,85.0
1010,1718772020624,abc0d16aaf15b3a4ee2e561195dfd82ab260497412e326bb57f2ee5bbe9042d8,566.0,,20.4,85.0
1011,1718772632791,abc0d16aaf15b3a4ee2e561195dfd82ab260497412e326bb57f2ee5bbe9042d8,514.0,,20.8,85.0
1012,1718773244994,abc0d16aaf15b3a4ee2e561195dfd82ab260497412e326bb57f2ee5bbe9042d8,515.0,,21.5,83.0
1013,1718773857162,abc0d16aaf15b3a4ee2e561195dfd82ab260497412e326bb57f2ee5bbe9042d8,520.0,,22.1,82.0
1014,1718774469310,abc0d16aaf15b3a4ee2e561195dfd82ab260497412e326bb57f2ee5bbe9042d8,529.0,,22.6,82.0
1015,1718775081444,abc0d16aaf15b3a4ee2e561195dfd82ab260497412e326bb57f2ee5bbe9042d8,530.0,,23.3,79.0
1016,1718775693664,abc0d16aaf15b3a4ee2e561195dfd82ab260497412e326bb57f2ee5bbe9042d8,515.0,,24.0,77.0
1017,1718776305810,abc0d16aaf15b3a4ee2e561195dfd82ab260497412e326bb57f2ee5bbe9042d8,522.0,,24.9,77.0
1018,1718776917938,abc0d16aaf15b3a4ee2e561195dfd82ab260497412e326bb57f2ee5bbe9042d8,518.0,,25.5,76.0
1019,1718777530084,abc0d16aaf15b3a4ee2e561195dfd82ab260497412e326bb57f2ee5bbe9042d8,498.0,,26.2,75.0
1020,1718778142244,abc0d16aaf15b3a4ee2e561195dfd82ab260497412e326bb57f2ee5bbe9042d8,503.0,,26.9,75.0
1021,1718778754380,abc0d16aaf15b3a4ee2e561195dfd82ab260497412e326bb57f2ee5bbe9042d8,515.0,,27.6,75.0
1022,1718779366562,abc0d16aaf15b3a4ee2e561195dfd82ab260497412e326bb57f2ee5bbe9042d8,541.0,,27.8,74.0
1023,1718779978710,abc0d16aaf15b3a4ee2e561195dfd82ab260497412e326bb57f2ee5bbe9042d8,519.0,,28.6,73.0
1024,1718780590832,abc0d16aaf15b3a4ee2e561195dfd82ab260497412e326bb57f2ee5bbe9042d8,516.0,,29.3,73.0
1025,1718781202978,abc0d16aaf15b3a4ee2e561195dfd82ab260497412e326bb57f2ee5bbe9042d8,513.0,,29.3,72.0
1026,1718781815129,abc0d16aaf15b3a4ee2e561195dfd82ab260497412e326bb57f2ee5bbe9042d8,517.0,,29.5,74.0
1027,1718782427243,abc0d16aaf15b3a4ee2e561195dfd82ab260497412e326bb57f2ee5bbe9042d8,520.0,,29.3,74.0
1028,1718783039386,abc0d16aaf15b3a4ee2e561195dfd82ab260497412e326bb57f2ee5bbe9042d8,492.0,,30.1,71.0
1029,1718783651549,abc0d16aaf15b3a4ee2e561195dfd82ab260497412e326bb57f2ee5bbe9042d8,513.0,,30.4,71.0
1030,1718784263816,abc0d16aaf15b3a4ee2e561195dfd82ab260497412e326bb57f2ee5bbe9042d8,489.0,,31.0,71.0
1031,1718784875905,abc0d16aaf15b3a4ee2e561195dfd82ab260497412e326bb57f2ee5bbe9042d8,497.0,,30.8,69.0
1032,1718785488055,abc0d16aaf15b3a4ee2e561195dfd82ab260497412e326bb57f2ee5bbe9042d8,485.0,,31.3,70.0
1033,1718786100189,abc0d16aaf15b3a4ee2e561195dfd82ab260497412e326bb57f2ee5bbe9042d8,504.0,,30.6,70.0
1034,1718786712367,abc0d16aaf15b3a4ee2e561195dfd82ab260497412e326bb57f2ee5bbe9042d8,495.0,,30.3,67.0
1035,1718787324477,abc0d16aaf15b3a4ee2e561195dfd82ab260497412e326bb57f2ee5bbe9042d8,480.0,,30.9,66.0
1036,1718787936614,abc0d16aaf15b3a4ee2e561195dfd82ab260497412e326bb57f2ee5bbe9042d8,483.0,,31.0,66.0
1037,1718788548745,abc0d16aaf15b3a4ee2e561195dfd82ab260497412e326bb57f2ee5bbe9042d8,500.0,,30.7,67.0
1038,1718789160923,abc0d16aaf15b3a4ee2e561195dfd82ab260497412e326bb57f2ee5bbe9042d8,511.0,,30.4,68.0
1039,1718789773047,abc0d16aaf15b3a4ee2e561195dfd82ab260497412e326bb57f2ee5bbe9042d8,487.0,,31.3,68.0
1040,1718790385217,abc0d16aaf15b3a4ee2e561195dfd82ab260497412e326bb57f2ee5bbe9042d8,479.0,,32.1,67.0
1041,1718790997438,abc0d16aaf15b3a4ee2e561195dfd82ab260497412e326bb57f2ee5bbe9042d8,492.0,,32.0,65.0
1042,1718791609574,abc0d16aaf15b3a4ee2e561195dfd82ab260497412e326bb57f2ee5bbe9042d8,477.0,,31.9,65.0
1043,1718792221716,abc0d16aaf15b3a4ee2e561195dfd82ab260497412e326bb57f2ee5bbe9042d8,478.0,,32.1,62.0
1044,1718792833912,abc0d16aaf15b3a4ee2e561195dfd82ab260497412e326bb57f2ee5bbe9042d8,466.0,,32.1,62.0
1045,1718793446071,abc0d16aaf15b3a4ee2e561195dfd82ab260497412e326bb57f2ee5bbe9042d8,484.0,,32.6,62.0
1046,1718794058226,abc0d16aaf15b3a4ee2e561195dfd82ab260497412e326bb57f2ee5bbe9042d8,476.0,,32.6,58.0
1047,1718794670375,abc0d16aaf15b3a4ee2e561195dfd82ab260497412e326bb57f2ee5bbe9042d8,462.0,,33.4,58.0
1048,1718795282568,abc0d16aaf15b3a4ee2e561195dfd82ab260497412e326bb57f2ee5bbe9042d8,478.0,,33.7,58.0
1049,1718795894705,abc0d16aaf15b3a4ee2e561195dfd82ab260497412e326bb57f2ee5bbe9042d8,478.0,,33.9,58.0
1050,1718796506933,abc0d16aaf15b3a4ee2e561195dfd82ab260497412e326bb57f2ee5bbe9042d8,474.0,,34.0,56.0
1051,1718797119069,abc0d16aaf15b3a4ee2e561195dfd82ab260497412e326bb57f2ee5bbe9042d8,442.0,,34.3,52.0
1052,1718797731232,abc0d16aaf15b3a4ee2e561195dfd82ab260497412e326bb57f2ee5bbe9042d8,466.0,,34.3,52.0
1053,1718798343385,abc0d16aaf15b3a4ee2e561195dfd82ab260497412e326bb57f2ee5bbe9042d8,472.0,,34.3,50.0
1054,1718798955533,abc0d16aaf15b3a4ee2e561195dfd82ab260497412e326bb57f2ee5bbe9042d8,452.0,,34.4,50.0
1055,1718799567662,abc0d16aaf15b3a4ee2e561195dfd82ab260497412e326bb57f2ee5bbe9042d8,471.0,,34.7,50.0
1056,1718800179817,abc0d16aaf15b3a4ee2e561195dfd82ab260497412e326bb57f2ee5bbe9042d8,452.0,,35.0,50.0
1057,1718800792040,abc0d16aaf15b3a4ee2e561195dfd82ab260497412e326bb57f2ee5bbe9042d8,458.0,,34.7,49.0
1058,1718801404208,abc0d16aaf15b3a4ee2e561195dfd82ab260497412e326bb57f2ee5bbe9042d8,459.0,,34.1,49.0
1059,1718802016353,abc0d16aaf15b3a4ee2e561195dfd82ab260497412e326bb57f2ee5bbe9042d8,458.0,,34.1,49.0
1060,1718802628494,abc0d16aaf15b3a4ee2e561195dfd82ab260497412e326bb57f2ee5bbe9042d8,472.0,,33.9,47.0
1061,1718803240640,abc0d16aaf15b3a4ee2e561195dfd82ab260497412e326bb57f2ee5bbe9042d8,452.0,,32.6,47.0
1062,1718803852783,abc0d16aaf15b3a4ee2e561195dfd82ab260497412e326bb57f2ee5bbe9042d8,482.0,,31.7,49.0
1063,1718804464957,abc0d16aaf15b3a4ee2e561195dfd82ab260497412e326bb57f2ee5bbe9042d8,437.0,,31.5,49.0
1064,1718805077086,abc0d16aaf15b3a4ee2e561195dfd82ab260497412e326bb57f2ee5bbe9042d8,485.0,,31.6,49.0
1065,1718805689259,abc0d16aaf15b3a4ee2e561195dfd82ab260497412e326bb57f2ee5bbe9042d8,459.0,,32.1,49.0
1066,1718806301458,abc0d16aaf15b3a4ee2e561195dfd82ab260497412e326bb57f2ee5bbe9042d8,457.0,,34.3,44.0
1067,1718806913628,abc0d16aaf15b3a4ee2e561195dfd82ab260497412e326bb57f2ee5bbe9042d8,461.0,,36.0,44.0
1068,1718807525773,abc0d16aaf15b3a4ee2e561195dfd82ab260497412e326bb57f2ee5bbe9042d8,472.0,,36.3,43.0
1069,1718808137911,abc0d16aaf15b3a4ee2e561195dfd82ab260497412e326bb57f2ee5bbe9042d8,452.0,,35.0,42.0
1070,1718808750075,abc0d16aaf15b3a4ee2e561195dfd82ab260497412e326bb57f2ee5bbe9042d8,440.0,,34.0,42.0
1071,1718809362188,abc0d16aaf15b3a4ee2e561195dfd82ab260497412e326bb57f2ee5bbe9042d8,430.0,,33.1,42.0
1072,1718809974335,abc0d16aaf15b3a4ee2e561195dfd82ab260497412e326bb57f2ee5bbe9042d8,459.0,,32.9,43.0
1073,1718810586529,abc0d16aaf15b3a4ee2e561195dfd82ab260497412e326bb57f2ee5bbe9042d8,436.0,,33.0,44.0
1074,1718811198666,abc0d16aaf15b3a4ee2e561195dfd82ab260497412e326bb57f2ee5bbe9042d8,455.0,,32.3,44.0
1075,1718811810807,abc0d16aaf15b3a4ee2e561195dfd82ab260497412e326bb57f2ee5bbe9042d8,447.0,,31.9,47.0
1076,1718812422951,abc0d16aaf15b3a4ee2e561195dfd82ab260497412e326bb57f2ee5bbe9042d8,455.0,,31.2,46.0
1077,1718813035113,abc0d16aaf15b3a4ee2e561195dfd82ab260497412e326bb57f2ee5bbe9042d8,470.0,,30.9,46.0
1078,1718813647243,abc0d16aaf15b3a4ee2e561195dfd82ab260497412e326bb57f2ee5bbe9042d8,446.0,,30.8,47.0
1079,1718814259390,abc0d16aaf15b3a4ee2e561195dfd82ab260497412e326bb57f2ee5bbe9042d8,451.0,,30.4,47.0
1080,1718814871549,abc0d16aaf15b3a4ee2e561195dfd82ab260497412e326bb57f2ee5bbe9042d8,458.0,,30.2,47.0
1081,1718815483703,abc0d16aaf15b3a4ee2e561195dfd82ab260497412e326bb57f2ee5bbe9042d8,483.0,,30.0,50.0
1082,1718816095845,abc0d16aaf15b3a4ee2e561195dfd82ab260497412e326bb57f2ee5bbe9042d8,479.0,,29.7,53.0
1083,1718816707986,abc0d16aaf15b3a4ee2e561195dfd82ab260497412e326bb57f2ee5bbe9042d8,469.0,,29.4,53.0
1084,1718817320129,abc0d16aaf15b3a4ee2e561195dfd82ab260497412e326bb57f2ee5bbe9042d8,470.0,,29.1,55.0
1085,1718817932268,abc0d16aaf15b3a4ee2e561195dfd82ab260497412e326bb57f2ee5bbe9042d8,467.0,,29.1,53.0
1086,1718818544426,abc0d16aaf15b3a4ee2e561195dfd82ab260497412e326bb57f2ee5bbe9042d8,459.0,,29.0,53.0
1087,1718819156563,abc0d16aaf15b3a4ee2e561195dfd82ab260497412e326bb57f2ee5bbe9042d8,470.0,,28.9,54.0
1088,1718819768708,abc0d16aaf15b3a4ee2e561195dfd82ab260497412e326bb57f2ee5bbe9042d8,459.0,,28.6,57.0
1089,1718820380890,abc0d16aaf15b3a4ee2e561195dfd82ab260497412e326bb57f2ee5bbe9042d8,475.0,,28.3,57.0
1090,1718820993036,abc0d16aaf15b3a4ee2e561195dfd82ab260497412e326bb57f2ee5bbe9042d8,481.0,,28.0,59.0
1091,1718821605168,abc0d16aaf15b3a4ee2e561195dfd82ab260497412e326bb57f2ee5bbe9042d8,474.0,,27.4,61.0
1092,1718822217321,abc0d16aaf15b3a4ee2e561195dfd82ab260497412e326bb57f2ee5bbe9042d8,484.0,,27.4,61.0
1093,1718822829468,abc0d16aaf15b3a4ee2e561195dfd82ab260497412e326bb57f2ee5bbe9042d8,507.0,,27.1,63.0
1094,1718823441606,abc0d16aaf15b3a4ee2e561195dfd82ab260497412e326bb57f2ee5bbe9042d8,485.0,,26.8,65.0
1095,1718824053815,abc0d16aaf15b3a4ee2e561195dfd82ab260497412e326bb57f2ee5bbe9042d8,493.0,,26.4,68.0
1096,1718824665982,abc0d16aaf15b3a4ee2e561195dfd82ab260497412e326bb57f2ee5bbe9042d8,508.0,,26.0,68.0
1097,1718825278127,abc0d16aaf15b3a4ee2e561195dfd82ab260497412e326bb57f2ee5bbe9042d8,526.0,,25.7,69.0
1098,1718825890296,abc0d16aaf15b3a4ee2e561195dfd82ab260497412e326bb57f2ee5bbe9042d8,516.0,,25.5,70.0
1099,1718826502518,abc0d16aaf15b3a4ee2e561195dfd82ab260497412e326bb57f2ee5bbe9042d8,533.0,,25.1,70.0
1100,1718827114736,abc0d16aaf15b3a4ee2e561195dfd82ab260497412e326bb57f2ee5bbe9042d8,567.0,,24.7,70.0
1101,1718827726894,abc0d16aaf15b3a4ee2e561195dfd82ab260497412e326bb57f2ee5bbe9042d8,507.0,,24.7,70.0
1102,1718828339109,abc0d16aaf15b3a4ee2e561195dfd82ab260497412e326bb57f2ee5bbe9042d8,530.0,,24.6,70.0
1103,1718828951327,abc0d16aaf15b3a4ee2e561195dfd82ab260497412e326bb57f2ee5bbe9042d8,528.0,,24.4,70.0
1104,1718829563481,abc0d16aaf15b3a4ee2e561195dfd82ab260497412e326bb57f2ee5bbe9042d8,526.0,,24.1,69.0
1105,1718830175627,abc0d16aaf15b3a4ee2e561195dfd82ab260497412e326bb57f2ee5bbe9042d8,516.0,,23.9,69.0
1106,1718830787778,abc0d16aaf15b3a4ee2e561195dfd82ab260497412e326bb57f2ee5bbe9042d8,501.0,,23.8,69.0
1107,1718831399913,abc0d16aaf15b3a4ee2e561195dfd82ab260497412e326bb57f2ee5bbe9042d8,506.0,,23.8,69.0
1108,1718832012059,abc0d16aaf15b3a4ee2e561195dfd82ab260497412e326bb57f2ee5bbe9042d8,500.0,,23.6,69.0
1109,1718832624199,abc0d16aaf15b3a4ee2e561195dfd82ab260497412e326bb57f2ee5bbe9042d8,492.0,,23.7,71.0
1110,1718833236362,abc0d16aaf15b3a4ee2e561195dfd82ab260497412e326bb57f2ee5bbe9042d8,493.0,,23.9,68.0
1111,1718833848503,abc0d16aaf15b3a4ee2e561195dfd82ab260497412e326bb57f2ee5bbe9042d8,494.0,,24.0,68.0
1112,1718834460651,abc0d16aaf15b3a4ee2e561195dfd82ab260497412e326bb57f2ee5bbe9042d8,494.0,,23.9,70.0
1113,1718835072797,abc0d16aaf15b3a4ee2e561195dfd82ab260497412e326bb57f2ee5bbe9042d8,497.0,,23.7,70.0
1114,1718835684985,abc0d16aaf15b3a4ee2e561195dfd82ab260497412e326bb57f2ee5bbe9042d8,517.0,,23.5,70.0
1115,1718836297177,abc0d16aaf15b3a4ee2e561195dfd82ab260497412e326bb57f2ee5bbe9042d8,504.0,,23.5,68.0
1116,1718836909327,abc0d16aaf15b3a4ee2e561195dfd82ab260497412e326bb57f2ee5bbe9042d8,493.0,,23.2,70.0
1117,1718837521466,abc0d16aaf15b3a4ee2e561195dfd82ab260497412e326bb57f2ee5bbe9042d8,505.0,,23.2,70.0
1118,1718838133669,abc0d16aaf15b3a4ee2e561195dfd82ab260497412e326bb57f2ee5bbe9042d8,508.0,,22.9,70.0
1119,1718838745824,abc0d16aaf15b3a4ee2e561195dfd82ab260497412e326bb57f2ee5bbe9042d8,505.0,,22.7,71.0
1120,1718839357955,abc0d16aaf15b3a4ee2e561195dfd82ab260497412e326bb57f2ee5bbe9042d8,533.0,,22.4,75.0
1121,1718839970111,abc0d16aaf15b3a4ee2e561195dfd82ab260497412e326bb57f2ee5bbe9042d8,534.0,,22.0,75.0
1122,1718840582263,abc0d16aaf15b3a4ee2e561195dfd82ab260497412e326bb57f2ee5bbe9042d8,506.0,,22.1,77.0
1123,1718841194387,abc0d16aaf15b3a4ee2e561195dfd82ab260497412e326bb57f2ee5bbe9042d8,512.0,,22.2,77.0
1124,1718841806541,abc0d16aaf15b3a4ee2e561195dfd82ab260497412e326bb57f2ee5bbe9042d8,525.0,,22.2,77.0
1125,1718842418698,abc0d16aaf15b3a4ee2e561195dfd82ab260497412e326bb57f2ee5bbe9042d8,520.0,,22.0,77.0
1126,1718843030911,abc0d16aaf15b3a4ee2e561195dfd82ab260497412e326bb57f2ee5bbe9042d8,536.0,,21.6,79.0
1127,1718843643109,abc0d16aaf15b3a4ee2e561195dfd82ab260497412e326bb57f2ee5bbe9042d8,527.0,,21.5,79.0
1128,1718844255297,abc0d16aaf15b3a4ee2e561195dfd82ab260497412e326bb57f2ee5bbe9042d8,550.0,,21.2,80.0
1129,1718844867438,abc0d16aaf15b3a4ee2e561195dfd82ab260497412e326bb57f2ee5bbe9042d8,533.0,,21.4,78.0
1130,1718845479595,abc0d16aaf15b3a4ee2e561195dfd82ab260497412e326bb57f2ee5bbe9042d8,524.0,,21.7,78.0
1131,1718846091737,abc0d16aaf15b3a4ee2e561195dfd82ab260497412e326bb57f2ee5bbe9042d8,543.0,,21.6,80.0
1132,1718846703871,abc0d16aaf15b3a4ee2e561195dfd82ab260497412e326bb57f2ee5bbe9042d8,511.0,,21.4,77.0
1133,1718847316087,abc0d16aaf15b3a4ee2e561195dfd82ab260497412e326bb57f2ee5bbe9042d8,522.0,,21.6,77.0
1134,1718847928293,abc0d16aaf15b3a4ee2e561195dfd82ab260497412e326bb57f2ee5bbe9042d8,499.0,,21.8,76.0
1135,1718848540421,abc0d16aaf15b3a4ee2e561195dfd82ab260497412e326bb57f2ee5bbe9042d8,518.0,,21.9,75.0
1136,1718849152582,abc0d16aaf15b3a4ee2e561195dfd82ab260497412e326bb57f2ee5bbe9042d8,530.0,,21.9,75.0
1137,1718849764781,abc0d16aaf15b3a4ee2e561195dfd82ab260497412e326bb57f2ee5bbe9042d8,522.0,,21.9,74.0
1138,1718850376980,abc0d16aaf15b3a4ee2e561195dfd82ab260497412e326bb57f2ee5bbe9042d8,517.0,,21.9,73.0
1139,1718850989151,abc0d16aaf15b3a4ee2e561195dfd82ab260497412e326bb57f2ee5bbe9042d8,516.0,,21.9,73.0
1140,1718851601320,abc0d16aaf15b3a4ee2e561195dfd82ab260497412e326bb57f2ee5bbe9042d8,494.0,,22.0,73.0
1141,1718852213553,abc0d16aaf15b3a4ee2e561195dfd82ab260497412e326bb57f2ee5bbe9042d8,510.0,,22.2,72.0
1142,1718852825700,abc0d16aaf15b3a4ee2e561195dfd82ab260497412e326bb57f2ee5bbe9042d8,524.0,,22.1,72.0
1143,1718853437854,abc0d16aaf15b3a4ee2e561195dfd82ab260497412e326bb57f2ee5bbe9042d8,524.0,,22.1,73.0
1144,1718854050081,abc0d16aaf15b3a4ee2e561195dfd82ab260497412e326bb57f2ee5bbe9042d8,529.0,,22.1,74.0
1145,1718854662213,abc0d16aaf15b3a4ee2e561195dfd82ab260497412e326bb57f2ee5bbe9042d8,522.0,,21.9,74.0
1146,1718855276095,abc0d16aaf15b3a4ee2e561195dfd82ab260497412e326bb57f2ee5bbe9042d8,524.0,,22.0,74.0
1147,1718855888233,abc0d16aaf15b3a4ee2e561195dfd82ab260497412e326bb57f2ee5bbe9042d8,527.0,,21.9,74.0
1148,1718856500443,abc0d16aaf15b3a4ee2e561195dfd82ab260497412e326bb57f2ee5bbe9042d8,520.0,,22.0,74.0
1149,1718857112604,abc0d16aaf15b3a4ee2e561195dfd82ab260497412e326bb57f2ee5bbe9042d8,510.0,,22.0,74.0
1150,1718857724812,abc0d16aaf15b3a4ee2e561195dfd82ab260497412e326bb57f2ee5bbe9042d8,521.0,,22.5,73.0
1151,1718858336962,abc0d16aaf15b3a4ee2e561195dfd82ab260497412e326bb57f2ee5bbe9042d8,507.0,,23.1,70.0
1152,1718858949171,abc0d16aaf15b3a4ee2e561195dfd82ab260497412e326bb57f2ee5bbe9042d8,521.0,,23.7,70.0
1153,1718859561299,abc0d16aaf15b3a4ee2e561195dfd82ab260497412e326bb57f2ee5bbe9042d8,520.0,,24.2,69.0
1154,1718860173445,abc0d16aaf15b3a4ee2e561195dfd82ab260497412e326bb57f2ee5bbe9042d8,499.0,,24.2,67.0
1155,1718860785642,abc0d16aaf15b3a4ee2e561195dfd82ab260497412e326bb57f2ee5bbe9042d8,506.0,,24.1,67.0
1156,1718861397865,abc0d16aaf15b3a4ee2e561195dfd82ab260497412e326bb57f2ee5bbe9042d8,494.0,,24.0,67.0
1157,1718862010011,abc0d16aaf15b3a4ee2e561195dfd82ab260497412e326bb57f2ee5bbe9042d8,519.0,,24.0,69.0
1158,1718862622169,abc0d16aaf15b3a4ee2e561195dfd82ab260497412e326bb57f2ee5bbe9042d8,518.0,,24.2,69.0
1159,1718863234378,abc0d16aaf15b3a4ee2e561195dfd82ab260497412e326bb57f2ee5bbe9042d8,500.0,,24.9,69.0
1160,1718863846545,abc0d16aaf15b3a4ee2e561195dfd82ab260497412e326bb57f2ee5bbe9042d8,511.0,,25.6,68.0
1161,1718864458760,abc0d16aaf15b3a4ee2e561195dfd82ab260497412e326bb57f2ee5bbe9042d8,505.0,,25.6,68.0
1162,1718865070897,abc0d16aaf15b3a4ee2e561195dfd82ab260497412e326bb57f2ee5bbe9042d8,515.0,,25.8,67.0
1163,1718865683035,abc0d16aaf15b3a4ee2e561195dfd82ab260497412e326bb57f2ee5bbe9042d8,490.0,,25.6,68.0
1164,1718866295178,abc0d16aaf15b3a4ee2e561195dfd82ab260497412e326bb57f2ee5bbe9042d8,492.0,,25.7,68.0
1165,1718866907404,abc0d16aaf15b3a4ee2e561195dfd82ab260497412e326bb57f2ee5bbe9042d8,506.0,,26.3,67.0
1166,1718867519619,abc0d16aaf15b3a4ee2e561195dfd82ab260497412e326bb57f2ee5bbe9042d8,493.0,,26.6,67.0
1167,1718868131822,abc0d16aaf15b3a4ee2e561195dfd82ab260497412e326bb57f2ee5bbe9042d8,508.0,,26.9,67.0
1168,1718868743953,abc0d16aaf15b3a4ee2e561195dfd82ab260497412e326bb57f2ee5bbe9042d8,499.0,,27.3,67.0
1169,1718869356107,abc0d16aaf15b3a4ee2e561195dfd82ab260497412e326bb57f2ee5bbe9042d8,519.0,,27.3,67.0
1170,1718869968318,abc0d16aaf15b3a4ee2e561195dfd82ab260497412e326bb57f2ee5bbe9042d8,505.0,,27.3,65.0
1171,1718870580471,abc0d16aaf15b3a4ee2e561195dfd82ab260497412e326bb57f2ee5bbe9042d8,480.0,,27.7,65.0
1172,1718871192611,abc0d16aaf15b3a4ee2e561195dfd82ab260497412e326bb57f2ee5bbe9042d8,508.0,,28.5,63.0
1173,1718871804752,abc0d16aaf15b3a4ee2e561195dfd82ab260497412e326bb57f2ee5bbe9042d8,491.0,,28.8,61.0
1174,1718872416972,abc0d16aaf15b3a4ee2e561195dfd82ab260497412e326bb57f2ee5bbe9042d8,502.0,,30.7,61.0
1175,1718873029127,abc0d16aaf15b3a4ee2e561195dfd82ab260497412e326bb57f2ee5bbe9042d8,494.0,,31.7,56.0
1176,1718873641273,abc0d16aaf15b3a4ee2e561195dfd82ab260497412e326bb57f2ee5bbe9042d8,496.0,,32.2,49.0
1177,1718874253492,abc0d16aaf15b3a4ee2e561195dfd82ab260497412e326bb57f2ee5bbe9042d8,463.0,,32.5,49.0
1178,1718874865639,abc0d16aaf15b3a4ee2e561195dfd82ab260497412e326bb57f2ee5bbe9042d8,474.0,,32.2,48.0
1179,1718875477785,abc0d16aaf15b3a4ee2e561195dfd82ab260497412e326bb57f2ee5bbe9042d8,463.0,,32.5,45.0
1180,1718876089929,abc0d16aaf15b3a4ee2e561195dfd82ab260497412e326bb57f2ee5bbe9042d8,460.0,,33.3,45.0
1181,1718876702075,abc0d16aaf15b3a4ee2e561195dfd82ab260497412e326bb57f2ee5bbe9042d8,462.0,,33.6,45.0
1182,1718877314241,abc0d16aaf15b3a4ee2e561195dfd82ab260497412e326bb57f2ee5bbe9042d8,455.0,,33.8,43.0
1183,1718877926383,abc0d16aaf15b3a4ee2e561195dfd82ab260497412e326bb57f2ee5bbe9042d8,465.0,,34.1,43.0
1184,1718878538520,abc0d16aaf15b3a4ee2e561195dfd82ab260497412e326bb57f2ee5bbe9042d8,451.0,,33.6,42.0
1185,1718879150754,abc0d16aaf15b3a4ee2e561195dfd82ab260497412e326bb57f2ee5bbe9042d8,470.0,,33.2,45.0
1186,1718879762913,abc0d16aaf15b3a4ee2e561195dfd82ab260497412e326bb57f2ee5bbe9042d8,462.0,,31.9,45.0
1187,1718880375057,abc0d16aaf15b3a4ee2e561195dfd82ab260497412e326bb57f2ee5bbe9042d8,472.0,,31.1,50.0
1188,1718880987207,abc0d16aaf15b3a4ee2e561195dfd82ab260497412e326bb57f2ee5bbe9042d8,468.0,,30.9,53.0
1189,1718881599350,abc0d16aaf15b3a4ee2e561195dfd82ab260497412e326bb57f2ee5bbe9042d8,470.0,,30.8,53.0
1190,1718882211530,abc0d16aaf15b3a4ee2e561195dfd82ab260497412e326bb57f2ee5bbe9042d8,461.0,,31.3,51.0
1191,1718882823670,abc0d16aaf15b3a4ee2e561195dfd82ab260497412e326bb57f2ee5bbe9042d8,480.0,,32.0,50.0
1192,1718883435812,abc0d16aaf15b3a4ee2e561195dfd82ab260497412e326bb57f2ee5bbe9042d8,480.0,,31.0,50.0
1193,1718884047984,abc0d16aaf15b3a4ee2e561195dfd82ab260497412e326bb57f2ee5bbe9042d8,450.0,,30.1,51.0
1194,1718884660133,abc0d16aaf15b3a4ee2e561195dfd82ab260497412e326bb57f2ee5bbe9042d8,462.0,,29.7,54.0
1195,1718885272262,abc0d16aaf15b3a4ee2e561195dfd82ab260497412e326bb57f2ee5bbe9042d8,476.0,,29.4,59.0
1196,1718885884486,abc0d16aaf15b3a4ee2e561195dfd82ab260497412e326bb57f2ee5bbe9042d8,480.0,,28.9,59.0
1197,1718886496625,abc0d16aaf15b3a4ee2e561195dfd82ab260497412e326bb57f2ee5bbe9042d8,474.0,,28.6,61.0
1198,1718887108787,abc0d16aaf15b3a4ee2e561195dfd82ab260497412e326bb57f2ee5bbe9042d8,482.0,,27.9,63.0
1199,1718887720908,abc0d16aaf15b3a4ee2e561195dfd82ab260497412e326bb57f2ee5bbe9042d8,484.0,,27.6,63.0
1200,1718888333043,abc0d16aaf15b3a4ee2e561195dfd82ab260497412e326bb57f2ee5bbe9042d8,468.0,,28.2,64.0
1201,1718888945268,abc0d16aaf15b3a4ee2e561195dfd82ab260497412e326bb57f2ee5bbe9042d8,472.0,,29.0,64.0
1202,1718889557490,abc0d16aaf15b3a4ee2e561195dfd82ab260497412e326bb57f2ee5bbe9042d8,477.0,,29.5,64.0
1203,1718890169635,abc0d16aaf15b3a4ee2e561195dfd82ab260497412e326bb57f2ee5bbe9042d8,484.0,,30.5,62.0
1204,1718890781776,abc0d16aaf15b3a4ee2e561195dfd82ab260497412e326bb57f2ee5bbe9042d8,489.0,,31.4,60.0
1205,1718891393919,abc0d16aaf15b3a4ee2e561195dfd82ab260497412e326bb57f2ee5bbe9042d8,473.0,,31.3,60.0
1206,1718892006060,abc0d16aaf15b3a4ee2e561195dfd82ab260497412e326bb57f2ee5bbe9042d8,488.0,,31.3,61.0
1207,1718892618290,abc0d16aaf15b3a4ee2e561195dfd82ab260497412e326bb57f2ee5bbe9042d8,482.0,,31.4,58.0
1208,1718893230415,abc0d16aaf15b3a4ee2e561195dfd82ab260497412e326bb57f2ee5bbe9042d8,475.0,,32.5,58.0
1209,1718893842621,abc0d16aaf15b3a4ee2e561195dfd82ab260497412e326bb57f2ee5bbe9042d8,482.0,,33.0,57.0
1210,1718894454769,abc0d16aaf15b3a4ee2e561195dfd82ab260497412e326bb57f2ee5bbe9042d8,470.0,,33.5,56.0
1211,1718895066893,abc0d16aaf15b3a4ee2e561195dfd82ab260497412e326bb57f2ee5bbe9042d8,484.0,,32.9,56.0
1212,1718895679073,abc0d16aaf15b3a4ee2e561195dfd82ab260497412e326bb57f2ee5bbe9042d8,461.0,,32.6,55.0
1213,1718896291288,abc0d16aaf15b3a4ee2e561195dfd82ab260497412e326bb57f2ee5bbe9042d8,447.0,,32.5,55.0
1214,1718896903420,abc0d16aaf15b3a4ee2e561195dfd82ab260497412e326bb57f2ee5bbe9042d8,490.0,,32.3,55.0
1215,1718897515568,abc0d16aaf15b3a4ee2e561195dfd82ab260497412e326bb57f2ee5bbe9042d8,469.0,,31.4,54.0
1216,1718898127710,abc0d16aaf15b3a4ee2e561195dfd82ab260497412e326bb57f2ee5bbe9042d8,455.0,,30.5,55.0
1217,1718898739868,abc0d16aaf15b3a4ee2e561195dfd82ab260497412e326bb57f2ee5bbe9042d8,480.0,,29.7,55.0
1218,1718899352090,abc0d16aaf15b3a4ee2e561195dfd82ab260497412e326bb57f2ee5bbe9042d8,490.0,,29.2,56.0
1219,1718899964328,abc0d16aaf15b3a4ee2e561195dfd82ab260497412e326bb57f2ee5bbe9042d8,490.0,,28.8,57.0
1220,1718900576457,abc0d16aaf15b3a4ee2e561195dfd82ab260497412e326bb57f2ee5bbe9042d8,475.0,,28.5,58.0
1221,1718901188603,abc0d16aaf15b3a4ee2e561195dfd82ab260497412e326bb57f2ee5bbe9042d8,469.0,,28.4,58.0
1222,1718901800761,abc0d16aaf15b3a4ee2e561195dfd82ab260497412e326bb57f2ee5bbe9042d8,469.0,,28.5,58.0
1223,1718902412917,abc0d16aaf15b3a4ee2e561195dfd82ab260497412e326bb57f2ee5bbe9042d8,478.0,,28.2,59.0
1224,1718903025141,abc0d16aaf15b3a4ee2e561195dfd82ab260497412e326bb57f2ee5bbe9042d8,467.0,,27.8,59.0
1225,1718903637278,abc0d16aaf15b3a4ee2e561195dfd82ab260497412e326bb57f2ee5bbe9042d8,472.0,,27.5,59.0
1226,1718904249407,abc0d16aaf15b3a4ee2e561195dfd82ab260497412e326bb57f2ee5bbe9042d8,486.0,,27.3,61.0
1227,1718904861565,abc0d16aaf15b3a4ee2e561195dfd82ab260497412e326bb57f2ee5bbe9042d8,477.0,,27.0,61.0
1228,1718905473764,abc0d16aaf15b3a4ee2e561195dfd82ab260497412e326bb57f2ee5bbe9042d8,469.0,,26.6,62.0
1229,1718906085895,abc0d16aaf15b3a4ee2e561195dfd82ab260497412e326bb57f2ee5bbe9042d8,502.0,,26.6,64.0
1230,1718906698037,abc0d16aaf15b3a4ee2e561195dfd82ab260497412e326bb57f2ee5bbe9042d8,503.0,,26.4,64.0
1231,1718907310177,abc0d16aaf15b3a4ee2e561195dfd82ab260497412e326bb57f2ee5bbe9042d8,496.0,,26.1,66.0
1232,1718907922311,abc0d16aaf15b3a4ee2e561195dfd82ab260497412e326bb57f2ee5bbe9042d8,534.0,,25.9,66.0
1233,1718908534469,abc0d16aaf15b3a4ee2e561195dfd82ab260497412e326bb57f2ee5bbe9042d8,490.0,,25.7,66.0
1234,1718909146607,abc0d16aaf15b3a4ee2e561195dfd82ab260497412e326bb57f2ee5bbe9042d8,490.0,,25.5,67.0
1235,1718909758766,abc0d16aaf15b3a4ee2e561195dfd82ab260497412e326bb57f2ee5bbe9042d8,502.0,,25.3,68.0
1236,1718910370907,abc0d16aaf15b3a4ee2e561195dfd82ab260497412e326bb57f2ee5bbe9042d8,497.0,,25.2,68.0
1237,1718910983131,abc0d16aaf15b3a4ee2e561195dfd82ab260497412e326bb57f2ee5bbe9042d8,519.0,,25.0,70.0
1238,1718911595271,abc0d16aaf15b3a4ee2e561195dfd82ab260497412e326bb57f2ee5bbe9042d8,515.0,,24.8,73.0
1239,1718912207409,abc0d16aaf15b3a4ee2e561195dfd82ab260497412e326bb57f2ee5bbe9042d8,494.0,,24.8,73.0
1240,1718912819619,abc0d16aaf15b3a4ee2e561195dfd82ab260497412e326bb57f2ee5bbe9042d8,500.0,,24.6,74.0
1241,1718913431855,abc0d16aaf15b3a4ee2e561195dfd82ab260497412e326bb57f2ee5bbe9042d8,523.0,,24.5,75.0
1242,1718914044001,abc0d16aaf15b3a4ee2e561195dfd82ab260497412e326bb57f2ee5bbe9042d8,512.0,,24.2,75.0
1243,1718914656213,abc0d16aaf15b3a4ee2e561195dfd82ab260497412e326bb57f2ee5bbe9042d8,603.0,,24.0,77.0
1244,1718915268341,abc0d16aaf15b3a4ee2e561195dfd82ab260497412e326bb57f2ee5bbe9042d8,566.0,,23.7,79.0
1245,1718915880487,abc0d16aaf15b3a4ee2e561195dfd82ab260497412e326bb57f2ee5bbe9042d8,568.0,,23.7,81.0
1246,1718916492635,abc0d16aaf15b3a4ee2e561195dfd82ab260497412e326bb57f2ee5bbe9042d8,578.0,,23.6,81.0
1247,1718917104859,abc0d16aaf15b3a4ee2e561195dfd82ab260497412e326bb57f2ee5bbe9042d8,547.0,,23.5,82.0
1248,1718917717000,abc0d16aaf15b3a4ee2e561195dfd82ab260497412e326bb57f2ee5bbe9042d8,535.0,,23.8,79.0
1249,1718918329222,abc0d16aaf15b3a4ee2e561195dfd82ab260497412e326bb57f2ee5bbe9042d8,530.0,,23.8,79.0
1250,1718918941350,abc0d16aaf15b3a4ee2e561195dfd82ab260497412e326bb57f2ee5bbe9042d8,539.0,,23.8,79.0
1251,1718919553498,abc0d16aaf15b3a4ee2e561195dfd82ab260497412e326bb57f2ee5bbe9042d8,531.0,,23.6,79.0
1252,1718920165637,abc0d16aaf15b3a4ee2e561195dfd82ab260497412e326bb57f2ee5bbe9042d8,502.0,,23.6,79.0
1253,1718920777791,abc0d16aaf15b3a4ee2e561195dfd82ab260497412e326bb57f2ee5bbe9042d8,513.0,,23.6,79.0
1254,1718921389999,abc0d16aaf15b3a4ee2e561195dfd82ab260497412e326bb57f2ee5bbe9042d8,534.0,,23.4,82.0
1255,1718922002184,abc0d16aaf15b3a4ee2e561195dfd82ab260497412e326bb57f2ee5bbe9042d8,561.0,,23.1,82.0
1256,1718922614309,abc0d16aaf15b3a4ee2e561195dfd82ab260497412e326bb57f2ee5bbe9042d8,546.0,,22.9,82.0
1257,1718923226470,abc0d16aaf15b3a4ee2e561195dfd82ab260497412e326bb57f2ee5bbe9042d8,568.0,,22.9,82.0
1258,1718923838616,abc0d16aaf15b3a4ee2e561195dfd82ab260497412e326bb57f2ee5bbe9042d8,563.0,,22.7,82.0
1259,1718924450783,abc0d16aaf15b3a4ee2e561195dfd82ab260497412e326bb57f2ee5bbe9042d8,552.0,,22.6,82.0
1260,1718925062938,abc0d16aaf15b3a4ee2e561195dfd82ab260497412e326bb57f2ee5bbe9042d8,534.0,,22.6,83.0
1261,1718925675149,abc0d16aaf15b3a4ee2e561195dfd82ab260497412e326bb57f2ee5bbe9042d8,531.0,,22.6,83.0
1262,1718926287319,abc0d16aaf15b3a4ee2e561195dfd82ab260497412e326bb57f2ee5bbe9042d8,516.0,,22.6,85.0
1263,1718926899488,abc0d16aaf15b3a4ee2e561195dfd82ab260497412e326bb57f2ee5bbe9042d8,548.0,,22.7,86.0
1264,1718927511605,abc0d16aaf15b3a4ee2e561195dfd82ab260497412e326bb57f2ee5bbe9042d8,555.0,,22.7,86.0
1265,1718928123739,abc0d16aaf15b3a4ee2e561195dfd82ab260497412e326bb57f2ee5bbe9042d8,524.0,,22.8,85.0
1266,1718928735891,abc0d16aaf15b3a4ee2e561195dfd82ab260497412e326bb57f2ee5bbe9042d8,525.0,,22.7,82.0
1267,1718929348013,abc0d16aaf15b3a4ee2e561195dfd82ab260497412e326bb57f2ee5bbe9042d8,509.0,,22.8,82.0
1268,1718929960182,abc0d16aaf15b3a4ee2e561195dfd82ab260497412e326bb57f2ee5bbe9042d8,530.0,,22.6,82.0
1269,1718930572347,abc0d16aaf15b3a4ee2e561195dfd82ab260497412e326bb57f2ee5bbe9042d8,510.0,,22.4,82.0
1270,1718931184473,abc0d16aaf15b3a4ee2e561195dfd82ab260497412e326bb57f2ee5bbe9042d8,533.0,,22.4,85.0
1271,1718931796632,abc0d16aaf15b3a4ee2e561195dfd82ab260497412e326bb57f2ee5bbe9042d8,512.0,,22.2,85.0
1272,1718932408834,abc0d16aaf15b3a4ee2e561195dfd82ab260497412e326bb57f2ee5bbe9042d8,563.0,,21.7,88.0
1273,1718933021057,abc0d16aaf15b3a4ee2e561195dfd82ab260497412e326bb57f2ee5bbe9042d8,566.0,,21.3,91.0
1274,1718933633245,abc0d16aaf15b3a4ee2e561195dfd82ab260497412e326bb57f2ee5bbe9042d8,553.0,,21.1,91.0
1275,1718934245438,abc0d16aaf15b3a4ee2e561195dfd82ab260497412e326bb57f2ee5bbe9042d8,580.0,,21.2,91.0
1276,1718934857575,abc0d16aaf15b3a4ee2e561195dfd82ab260497412e326bb57f2ee5bbe9042d8,559.0,,21.2,89.0
1277,1718935469715,abc0d16aaf15b3a4ee2e561195dfd82ab260497412e326bb57f2ee5bbe9042d8,544.0,,21.2,89.0
1278,1718936081853,abc0d16aaf15b3a4ee2e561195dfd82ab260497412e326bb57f2ee5bbe9042d8,583.0,,21.2,91.0
1279,1718936693999,abc0d16aaf15b3a4ee2e561195dfd82ab260497412e326bb57f2ee5bbe9042d8,571.0,,21.2,92.0
1280,1718937306163,abc0d16aaf15b3a4ee2e561195dfd82ab260497412e326bb57f2ee5bbe9042d8,563.0,,21.1,92.0
1281,1718937918321,abc0d16aaf15b3a4ee2e561195dfd82ab260497412e326bb57f2ee5bbe9042d8,552.0,,21.2,93.0
1282,1718938530491,abc0d16aaf15b3a4ee2e561195dfd82ab260497412e326bb57f2ee5bbe9042d8,564.0,,21.4,93.0
1283,1718939142716,abc0d16aaf15b3a4ee2e561195dfd82ab260497412e326bb57f2ee5bbe9042d8,553.0,,21.4,93.0
1284,1718939754871,abc0d16aaf15b3a4ee2e561195dfd82ab260497412e326bb57f2ee5bbe9042d8,567.0,,21.5,94.0
1285,1718940367073,abc0d16aaf15b3a4ee2e561195dfd82ab260497412e326bb57f2ee5bbe9042d8,535.0,,21.7,94.0
1286,1718940979213,abc0d16aaf15b3a4ee2e561195dfd82ab260497412e326bb57f2ee5bbe9042d8,546.0,,21.6,94.0
1287,1718941591365,abc0d16aaf15b3a4ee2e561195dfd82ab260497412e326bb57f2ee5bbe9042d8,541.0,,21.6,92.0
1288,1718942203509,abc0d16aaf15b3a4ee2e561195dfd82ab260497412e326bb57f2ee5bbe9042d8,554.0,,21.5,93.0
1289,1718942815666,abc0d16aaf15b3a4ee2e561195dfd82ab260497412e326bb57f2ee5bbe9042d8,565.0,,21.6,93.0
1290,1718943427889,abc0d16aaf15b3a4ee2e561195dfd82ab260497412e326bb57f2ee5bbe9042d8,547.0,,21.4,92.0
1291,1718944040019,abc0d16aaf15b3a4ee2e561195dfd82ab260497412e326bb57f2ee5bbe9042d8,549.0,,21.5,94.0
1292,1718944652177,abc0d16aaf15b3a4ee2e561195dfd82ab260497412e326bb57f2ee5bbe9042d8,584.0,,21.5,95.0
1293,1718945264317,abc0d16aaf15b3a4ee2e561195dfd82ab260497412e326bb57f2ee5bbe9042d8,565.0,,21.8,95.0
1294,1718945876511,abc0d16aaf15b3a4ee2e561195dfd82ab260497412e326bb57f2ee5bbe9042d8,561.0,,22.1,95.0
1295,1718946488659,abc0d16aaf15b3a4ee2e561195dfd82ab260497412e326bb57f2ee5bbe9042d8,571.0,,22.3,95.0
1296,1718947100803,abc0d16aaf15b3a4ee2e561195dfd82ab260497412e326bb57f2ee5bbe9042d8,568.0,,22.6,95.0
1297,1718947712990,abc0d16aaf15b3a4ee2e561195dfd82ab260497412e326bb57f2ee5bbe9042d8,546.0,,23.1,92.0
1298,1718948325175,abc0d16aaf15b3a4ee2e561195dfd82ab260497412e326bb57f2ee5bbe9042d8,522.0,,23.4,89.0
1299,1718948937337,abc0d16aaf15b3a4ee2e561195dfd82ab260497412e326bb57f2ee5bbe9042d8,521.0,,23.4,89.0
1300,1718949549459,abc0d16aaf15b3a4ee2e561195dfd82ab260497412e326bb57f2ee5bbe9042d8,508.0,,24.1,86.0
1301,1718950161671,abc0d16aaf15b3a4ee2e561195dfd82ab260497412e326bb57f2ee5bbe9042d8,532.0,,24.2,86.0
1302,1718950773807,abc0d16aaf15b3a4ee2e561195dfd82ab260497412e326bb57f2ee5bbe9042d8,542.0,,24.8,86.0
1303,1718951385949,abc0d16aaf15b3a4ee2e561195dfd82ab260497412e326bb57f2ee5bbe9042d8,529.0,,25.4,82.0
1304,1718951998159,abc0d16aaf15b3a4ee2e561195dfd82ab260497412e326bb57f2ee5bbe9042d8,523.0,,25.5,82.0
1305,1718952610321,abc0d16aaf15b3a4ee2e561195dfd82ab260497412e326bb57f2ee5bbe9042d8,513.0,,24.9,82.0
1306,1718953222537,abc0d16aaf15b3a4ee2e561195dfd82ab260497412e326bb57f2ee5bbe9042d8,518.0,,24.7,82.0
1307,1718953834692,abc0d16aaf15b3a4ee2e561195dfd82ab260497412e326bb57f2ee5bbe9042d8,532.0,,24.5,82.0
1308,1718954446798,abc0d16aaf15b3a4ee2e561195dfd82ab260497412e326bb57f2ee5bbe9042d8,542.0,,24.4,82.0
1309,1718955058936,abc0d16aaf15b3a4ee2e561195dfd82ab260497412e326bb57f2ee5bbe9042d8,521.0,,24.5,82.0
1310,1718955671152,abc0d16aaf15b3a4ee2e561195dfd82ab260497412e326bb57f2ee5bbe9042d8,533.0,,24.9,81.0
1311,1718956283304,abc0d16aaf15b3a4ee2e561195dfd82ab260497412e326bb57f2ee5bbe9042d8,528.0,,26.0,81.0
1312,1718956895426,abc0d16aaf15b3a4ee2e561195dfd82ab260497412e326bb57f2ee5bbe9042d8,526.0,,26.1,80.0
1313,1718957507599,abc0d16aaf15b3a4ee2e561195dfd82ab260497412e326bb57f2ee5bbe9042d8,530.0,,26.0,80.0
1314,1718958119745,abc0d16aaf15b3a4ee2e561195dfd82ab260497412e326bb57f2ee5bbe9042d8,526.0,,26.5,80.0
1315,1718958731893,abc0d16aaf15b3a4ee2e561195dfd82ab260497412e326bb57f2ee5bbe9042d8,502.0,,26.3,79.0
1316,1718959344041,abc0d16aaf15b3a4ee2e561195dfd82ab260497412e326bb57f2ee5bbe9042d8,496.0,,26.9,77.0
1317,1718959956259,abc0d16aaf15b3a4ee2e561195dfd82ab260497412e326bb57f2ee5bbe9042d8,503.0,,27.7,76.0
1318,1718960568379,abc0d16aaf15b3a4ee2e561195dfd82ab260497412e326bb57f2ee5bbe9042d8,509.0,,28.7,76.0
1319,1718961180523,abc0d16aaf15b3a4ee2e561195dfd82ab260497412e326bb57f2ee5bbe9042d8,490.0,,28.6,74.0
1320,1718961792653,abc0d16aaf15b3a4ee2e561195dfd82ab260497412e326bb57f2ee5bbe9042d8,484.0,,28.9,73.0
1321,1718962404886,abc0d16aaf15b3a4ee2e561195dfd82ab260497412e326bb57f2ee5bbe9042d8,503.0,,29.3,73.0
1322,1718963017011,abc0d16aaf15b3a4ee2e561195dfd82ab260497412e326bb57f2ee5bbe9042d8,500.0,,29.1,71.0
1323,1718963629178,abc0d16aaf15b3a4ee2e561195dfd82ab260497412e326bb57f2ee5bbe9042d8,477.0,,28.9,71.0
1324,1718964241405,abc0d16aaf15b3a4ee2e561195dfd82ab260497412e326bb57f2ee5bbe9042d8,489.0,,29.3,71.0
1325,1718964853573,abc0d16aaf15b3a4ee2e561195dfd82ab260497412e326bb57f2ee5bbe9042d8,506.0,,29.7,69.0
1326,1718965465707,abc0d16aaf15b3a4ee2e561195dfd82ab260497412e326bb57f2ee5bbe9042d8,483.0,,30.3,68.0
1327,1718966077856,abc0d16aaf15b3a4ee2e561195dfd82ab260497412e326bb57f2ee5bbe9042d8,471.0,,29.9,68.0
1328,1718966689995,abc0d16aaf15b3a4ee2e561195dfd82ab260497412e326bb57f2ee5bbe9042d8,478.0,,29.8,68.0
1329,1718967302121,abc0d16aaf15b3a4ee2e561195dfd82ab260497412e326bb57f2ee5bbe9042d8,482.0,,29.6,68.0
1330,1718967914266,abc0d16aaf15b3a4ee2e561195dfd82ab260497412e326bb57f2ee5bbe9042d8,471.0,,30.2,68.0
1331,1718968526486,abc0d16aaf15b3a4ee2e561195dfd82ab260497412e326bb57f2ee5bbe9042d8,486.0,,30.1,67.0
1332,1718969138654,abc0d16aaf15b3a4ee2e561195dfd82ab260497412e326bb57f2ee5bbe9042d8,469.0,,30.7,66.0
1333,1718969750782,abc0d16aaf15b3a4ee2e561195dfd82ab260497412e326bb57f2ee5bbe9042d8,474.0,,30.3,66.0
1334,1718970362930,abc0d16aaf15b3a4ee2e561195dfd82ab260497412e326bb57f2ee5bbe9042d8,471.0,,30.7,68.0
1335,1718970975083,abc0d16aaf15b3a4ee2e561195dfd82ab260497412e326bb57f2ee5bbe9042d8,477.0,,30.7,66.0
1336,1718971587299,abc0d16aaf15b3a4ee2e561195dfd82ab260497412e326bb57f2ee5bbe9042d8,483.0,,31.3,66.0
1337,1718972199511,abc0d16aaf15b3a4ee2e561195dfd82ab260497412e326bb57f2ee5bbe9042d8,475.0,,31.9,65.0
1338,1718972811664,abc0d16aaf15b3a4ee2e561195dfd82ab260497412e326bb57f2ee5bbe9042d8,504.0,,32.0,65.0
1339,1718973423808,abc0d16aaf15b3a4ee2e561195dfd82ab260497412e326bb57f2ee5bbe9042d8,489.0,,32.1,65.0
1340,1718974035948,abc0d16aaf15b3a4ee2e561195dfd82ab260497412e326bb57f2ee5bbe9042d8,488.0,,32.7,61.0
1341,1718974648095,abc0d16aaf15b3a4ee2e561195dfd82ab260497412e326bb57f2ee5bbe9042d8,472.0,,33.6,59.0
1342,1718975260306,abc0d16aaf15b3a4ee2e561195dfd82ab260497412e326bb57f2ee5bbe9042d8,471.0,,33.5,57.0
1343,1718975872452,abc0d16aaf15b3a4ee2e561195dfd82ab260497412e326bb57f2ee5bbe9042d8,467.0,,33.8,57.0
1344,1718976484594,abc0d16aaf15b3a4ee2e561195dfd82ab260497412e326bb57f2ee5bbe9042d8,505.0,,33.3,59.0
1345,1718977096749,abc0d16aaf15b3a4ee2e561195dfd82ab260497412e326bb57f2ee5bbe9042d8,457.0,,32.7,59.0
1346,1718977708903,abc0d16aaf15b3a4ee2e561195dfd82ab260497412e326bb57f2ee5bbe9042d8,488.0,,33.4,59.0
1347,1718978321045,abc0d16aaf15b3a4ee2e561195dfd82ab260497412e326bb57f2ee5bbe9042d8,488.0,,34.3,59.0
1348,1718978933197,abc0d16aaf15b3a4ee2e561195dfd82ab260497412e326bb57f2ee5bbe9042d8,492.0,,34.1,58.0
1349,1718979545410,abc0d16aaf15b3a4ee2e561195dfd82ab260497412e326bb57f2ee5bbe9042d8,457.0,,35.0,58.0
1350,1718980157567,abc0d16aaf15b3a4ee2e561195dfd82ab260497412e326bb57f2ee5bbe9042d8,464.0,,34.1,59.0
1351,1718980769706,abc0d16aaf15b3a4ee2e561195dfd82ab260497412e326bb57f2ee5bbe9042d8,480.0,,34.6,57.0
1352,1718981381855,abc0d16aaf15b3a4ee2e561195dfd82ab260497412e326bb57f2ee5bbe9042d8,480.0,,35.0,57.0
1353,1718981994011,abc0d16aaf15b3a4ee2e561195dfd82ab260497412e326bb57f2ee5bbe9042d8,477.0,,34.9,57.0
1354,1718982606150,abc0d16aaf15b3a4ee2e561195dfd82ab260497412e326bb57f2ee5bbe9042d8,457.0,,35.0,54.0
1355,1718983218317,abc0d16aaf15b3a4ee2e561195dfd82ab260497412e326bb57f2ee5bbe9042d8,474.0,,34.5,54.0
1356,1718983830462,abc0d16aaf15b3a4ee2e561195dfd82ab260497412e326bb57f2ee5bbe9042d8,462.0,,35.4,53.0
1357,1718984442604,abc0d16aaf15b3a4ee2e561195dfd82ab260497412e326bb57f2ee5bbe9042d8,453.0,,35.0,43.0
1358,1718985054746,abc0d16aaf15b3a4ee2e561195dfd82ab260497412e326bb57f2ee5bbe9042d8,462.0,,34.3,43.0
1359,1718985666892,abc0d16aaf15b3a4ee2e561195dfd82ab260497412e326bb57f2ee5bbe9042d8,455.0,,33.9,41.0
1360,1718986279028,abc0d16aaf15b3a4ee2e561195dfd82ab260497412e326bb57f2ee5bbe9042d8,446.0,,33.6,40.0
1361,1718986891213,abc0d16aaf15b3a4ee2e561195dfd82ab260497412e326bb57f2ee5bbe9042d8,464.0,,32.9,40.0
1362,1718987503366,abc0d16aaf15b3a4ee2e561195dfd82ab260497412e326bb57f2ee5bbe9042d8,448.0,,30.9,42.0
1363,1718988115554,abc0d16aaf15b3a4ee2e561195dfd82ab260497412e326bb57f2ee5bbe9042d8,447.0,,30.1,45.0
1364,1718988727708,abc0d16aaf15b3a4ee2e561195dfd82ab260497412e326bb57f2ee5bbe9042d8,453.0,,29.8,45.0
1365,1718989339858,abc0d16aaf15b3a4ee2e561195dfd82ab260497412e326bb57f2ee5bbe9042d8,469.0,,29.5,45.0
1366,1718989952074,abc0d16aaf15b3a4ee2e561195dfd82ab260497412e326bb57f2ee5bbe9042d8,453.0,,29.3,47.0
1367,1718990564235,abc0d16aaf15b3a4ee2e561195dfd82ab260497412e326bb57f2ee5bbe9042d8,463.0,,29.4,48.0
1368,1718991176372,abc0d16aaf15b3a4ee2e561195dfd82ab260497412e326bb57f2ee5bbe9042d8,471.0,,29.4,48.0
1369,1718991788508,abc0d16aaf15b3a4ee2e561195dfd82ab260497412e326bb57f2ee5bbe9042d8,481.0,,29.1,47.0
1370,1718992400653,abc0d16aaf15b3a4ee2e561195dfd82ab260497412e326bb57f2ee5bbe9042d8,471.0,,29.4,46.0
1371,1718993012796,abc0d16aaf15b3a4ee2e561195dfd82ab260497412e326bb57f2ee5bbe9042d8,449.0,,29.4,46.0
1372,1718993624909,abc0d16aaf15b3a4ee2e561195dfd82ab260497412e326bb57f2ee5bbe9042d8,461.0,,28.8,47.0
1373,1718994237055,abc0d16aaf15b3a4ee2e561195dfd82ab260497412e326bb57f2ee5bbe9042d8,454.0,,28.6,47.0
1374,1718994849200,abc0d16aaf15b3a4ee2e561195dfd82ab260497412e326bb57f2ee5bbe9042d8,443.0,,27.9,47.0
1375,1718995461317,abc0d16aaf15b3a4ee2e561195dfd82ab260497412e326bb57f2ee5bbe9042d8,462.0,,27.2,49.0
1376,1718996073532,abc0d16aaf15b3a4ee2e561195dfd82ab260497412e326bb57f2ee5bbe9042d8,463.0,,26.5,51.0
1377,1718996685759,abc0d16aaf15b3a4ee2e561195dfd82ab260497412e326bb57f2ee5bbe9042d8,464.0,,25.8,51.0
1378,1718997297890,abc0d16aaf15b3a4ee2e561195dfd82ab260497412e326bb57f2ee5bbe9042d8,466.0,,25.4,54.0
1379,1718997910035,abc0d16aaf15b3a4ee2e561195dfd82ab260497412e326bb57f2ee5bbe9042d8,449.0,,25.2,53.0
1380,1718998522247,abc0d16aaf15b3a4ee2e561195dfd82ab260497412e326bb57f2ee5bbe9042d8,453.0,,25.0,53.0
1381,1718999134464,abc0d16aaf15b3a4ee2e561195dfd82ab260497412e326bb57f2ee5bbe9042d8,462.0,,24.6,54.0
1382,1718999746617,abc0d16aaf15b3a4ee2e561195dfd82ab260497412e326bb57f2ee5bbe9042d8,472.0,,24.2,55.0
1383,1719000358811,abc0d16aaf15b3a4ee2e561195dfd82ab260497412e326bb57f2ee5bbe9042d8,452.0,,23.9,55.0
1384,1719000971011,abc0d16aaf15b3a4ee2e561195dfd82ab260497412e326bb57f2ee5bbe9042d8,457.0,,23.6,56.0
1385,1719001583157,abc0d16aaf15b3a4ee2e561195dfd82ab260497412e326bb57f2ee5bbe9042d8,447.0,,23.8,52.0
1386,1719002195325,abc0d16aaf15b3a4ee2e561195dfd82ab260497412e326bb57f2ee5bbe9042d8,463.0,,23.3,52.0
1387,1719002807435,abc0d16aaf15b3a4ee2e561195dfd82ab260497412e326bb57f2ee5bbe9042d8,474.0,,23.1,53.0
1388,1719003419587,abc0d16aaf15b3a4ee2e561195dfd82ab260497412e326bb57f2ee5bbe9042d8,472.0,,22.8,53.0
1389,1719004031749,abc0d16aaf15b3a4ee2e561195dfd82ab260497412e326bb57f2ee5bbe9042d8,468.0,,22.4,53.0
1390,1719004643948,abc0d16aaf15b3a4ee2e561195dfd82ab260497412e326bb57f2ee5bbe9042d8,479.0,,21.9,53.0
1391,1719005256090,abc0d16aaf15b3a4ee2e561195dfd82ab260497412e326bb57f2ee5bbe9042d8,471.0,,21.7,55.0
1392,1719005868234,abc0d16aaf15b3a4ee2e561195dfd82ab260497412e326bb57f2ee5bbe9042d8,468.0,,21.4,55.0
1393,1719006480358,abc0d16aaf15b3a4ee2e561195dfd82ab260497412e326bb57f2ee5bbe9042d8,467.0,,21.3,55.0
1394,1719007092497,abc0d16aaf15b3a4ee2e561195dfd82ab260497412e326bb57f2ee5bbe9042d8,465.0,,21.8,52.0
1395,1719007704700,abc0d16aaf15b3a4ee2e561195dfd82ab260497412e326bb57f2ee5bbe9042d8,458.0,,22.2,52.0
1396,1719008316850,abc0d16aaf15b3a4ee2e561195dfd82ab260497412e326bb57f2ee5bbe9042d8,478.0,,21.9,52.0
1397,1719008928988,abc0d16aaf15b3a4ee2e561195dfd82ab260497412e326bb57f2ee5bbe9042d8,488.0,,21.4,58.0
1398,1719009541224,abc0d16aaf15b3a4ee2e561195dfd82ab260497412e326bb57f2ee5bbe9042d8,492.0,,20.9,61.0
1399,1719010153345,abc0d16aaf15b3a4ee2e561195dfd82ab260497412e326bb57f2ee5bbe9042d8,484.0,,20.6,61.0
1400,1719010765492,abc0d16aaf15b3a4ee2e561195dfd82ab260497412e326bb57f2ee5bbe9042d8,476.0,,20.0,64.0
1401,1719011377642,abc0d16aaf15b3a4ee2e561195dfd82ab260497412e326bb57f2ee5bbe9042d8,491.0,,19.7,65.0
1402,1719011989816,abc0d16aaf15b3a4ee2e561195dfd82ab260497412e326bb57f2ee5bbe9042d8,500.0,,19.5,65.0
1403,1719012601958,abc0d16aaf15b3a4ee2e561195dfd82ab260497412e326bb57f2ee5bbe9042d8,499.0,,19.4,66.0
1404,1719013214106,abc0d16aaf15b3a4ee2e561195dfd82ab260497412e326bb57f2ee5bbe9042d8,482.0,,19.5,67.0
1405,1719013826252,abc0d16aaf15b3a4ee2e561195dfd82ab260497412e326bb57f2ee5bbe9042d8,484.0,,19.5,67.0
1406,1719014438390,abc0d16aaf15b3a4ee2e561195dfd82ab260497412e326bb57f2ee5bbe9042d8,483.0,,19.1,67.0
1407,1719015050530,abc0d16aaf15b3a4ee2e561195dfd82ab260497412e326bb57f2ee5bbe9042d8,506.0,,18.6,74.0
1408,1719015662763,abc0d16aaf15b3a4ee2e561195dfd82ab260497412e326bb57f2ee5bbe9042d8,511.0,,18.3,74.0
1409,1719016274894,abc0d16aaf15b3a4ee2e561195dfd82ab260497412e326bb57f2ee5bbe9042d8,536.0,,17.6,78.0
1410,1719016887037,abc0d16aaf15b3a4ee2e561195dfd82ab260497412e326bb57f2ee5bbe9042d8,552.0,,17.1,82.0
1411,1719017499184,abc0d16aaf15b3a4ee2e561195dfd82ab260497412e326bb57f2ee5bbe9042d8,572.0,,16.6,82.0
1412,1719018111318,abc0d16aaf15b3a4ee2e561195dfd82ab260497412e326bb57f2ee5bbe9042d8,523.0,,16.7,83.0
1413,1719018723550,abc0d16aaf15b3a4ee2e561195dfd82ab260497412e326bb57f2ee5bbe9042d8,522.0,,16.9,79.0
1414,1719019335662,abc0d16aaf15b3a4ee2e561195dfd82ab260497412e326bb57f2ee5bbe9042d8,505.0,,17.4,79.0
1415,1719019947838,abc0d16aaf15b3a4ee2e561195dfd82ab260497412e326bb57f2ee5bbe9042d8,534.0,,17.2,80.0
1416,1719020559993,abc0d16aaf15b3a4ee2e561195dfd82ab260497412e326bb57f2ee5bbe9042d8,561.0,,16.8,81.0
1417,1719021172129,abc0d16aaf15b3a4ee2e561195dfd82ab260497412e326bb57f2ee5bbe9042d8,565.0,,16.4,84.0
1418,1719021784258,abc0d16aaf15b3a4ee2e561195dfd82ab260497412e326bb57f2ee5bbe9042d8,584.0,,16.4,84.0
1419,1719022396398,abc0d16aaf15b3a4ee2e561195dfd82ab260497412e326bb57f2ee5bbe9042d8,549.0,,16.3,87.0
1420,1719023008530,abc0d16aaf15b3a4ee2e561195dfd82ab260497412e326bb57f2ee5bbe9042d8,540.0,,16.5,87.0
1421,1719023620675,abc0d16aaf15b3a4ee2e561195dfd82ab260497412e326bb57f2ee5bbe9042d8,588.0,,16.4,87.0
1422,1719024232844,abc0d16aaf15b3a4ee2e561195dfd82ab260497412e326bb57f2ee5bbe9042d8,589.0,,16.0,88.0
1423,1719024844973,abc0d16aaf15b3a4ee2e561195dfd82ab260497412e326bb57f2ee5bbe9042d8,554.0,,16.0,88.0
1424,1719025457103,abc0d16aaf15b3a4ee2e561195dfd82ab260497412e326bb57f2ee5bbe9042d8,544.0,,16.0,88.0
1425,1719026069244,abc0d16aaf15b3a4ee2e561195dfd82ab260497412e326bb57f2ee5bbe9042d8,524.0,,16.1,87.0
1426,1719026681489,abc0d16aaf15b3a4ee2e561195dfd82ab260497412e326bb57f2ee5bbe9042d8,557.0,,16.3,88.0
1427,1719027293704,abc0d16aaf15b3a4ee2e561195dfd82ab260497412e326bb57f2ee5bbe9042d8,544.0,,16.2,88.0
1428,1719027905856,abc0d16aaf15b3a4ee2e561195dfd82ab260497412e326bb57f2ee5bbe9042d8,521.0,,16.6,86.0
1429,1719028518070,abc0d16aaf15b3a4ee2e561195dfd82ab260497412e326bb57f2ee5bbe9042d8,529.0,,16.6,87.0
1430,1719029130291,abc0d16aaf15b3a4ee2e561195dfd82ab260497412e326bb57f2ee5bbe9042d8,524.0,,16.9,87.0
1431,1719029742516,abc0d16aaf15b3a4ee2e561195dfd82ab260497412e326bb57f2ee5bbe9042d8,525.0,,17.2,86.0
1432,1719030354663,abc0d16aaf15b3a4ee2e561195dfd82ab260497412e326bb57f2ee5bbe9042d8,540.0,,17.4,87.0
1433,1719030966793,abc0d16aaf15b3a4ee2e561195dfd82ab260497412e326bb57f2ee5bbe9042d8,523.0,,17.5,87.0
1434,1719031578943,abc0d16aaf15b3a4ee2e561195dfd82ab260497412e326bb57f2ee5bbe9042d8,530.0,,19.1,86.0
1435,1719032191055,abc0d16aaf15b3a4ee2e561195dfd82ab260497412e326bb57f2ee5bbe9042d8,518.0,,21.3,81.0
1436,1719032803194,abc0d16aaf15b3a4ee2e561195dfd82ab260497412e326bb57f2ee5bbe9042d8,503.0,,22.6,81.0
1437,1719033415398,abc0d16aaf15b3a4ee2e561195dfd82ab260497412e326bb57f2ee5bbe9042d8,515.0,,23.7,75.0
1438,1719034027599,abc0d16aaf15b3a4ee2e561195dfd82ab260497412e326bb57f2ee5bbe9042d8,507.0,,25.2,70.0
1439,1719034639747,abc0d16aaf15b3a4ee2e561195dfd82ab260497412e326bb57f2ee5bbe9042d8,480.0,,25.7,70.0
1440,1719035251879,abc0d16aaf15b3a4ee2e561195dfd82ab260497412e326bb57f2ee5bbe9042d8,500.0,,26.1,72.0
1441,1719035864099,abc0d16aaf15b3a4ee2e561195dfd82ab260497412e326bb57f2ee5bbe9042d8,491.0,,25.4,74.0
1442,1719036476229,abc0d16aaf15b3a4ee2e561195dfd82ab260497412e326bb57f2ee5bbe9042d8,478.0,,25.2,74.0
1443,1719037088401,abc0d16aaf15b3a4ee2e561195dfd82ab260497412e326bb57f2ee5bbe9042d8,498.0,,25.6,74.0
1444,1719037700587,abc0d16aaf15b3a4ee2e561195dfd82ab260497412e326bb57f2ee5bbe9042d8,492.0,,26.6,71.0
1445,1719038312733,abc0d16aaf15b3a4ee2e561195dfd82ab260497412e326bb57f2ee5bbe9042d8,499.0,,27.1,69.0
1446,1719038924873,abc0d16aaf15b3a4ee2e561195dfd82ab260497412e326bb57f2ee5bbe9042d8,490.0,,27.7,69.0
1447,1719039537107,abc0d16aaf15b3a4ee2e561195dfd82ab260497412e326bb57f2ee5bbe9042d8,483.0,,28.5,66.0
1448,1719040149236,abc0d16aaf15b3a4ee2e561195dfd82ab260497412e326bb57f2ee5bbe9042d8,480.0,,29.1,64.0
1449,1719040761385,abc0d16aaf15b3a4ee2e561195dfd82ab260497412e326bb57f2ee5bbe9042d8,474.0,,29.2,64.0
1450,1719041373575,abc0d16aaf15b3a4ee2e561195dfd82ab260497412e326bb57f2ee5bbe9042d8,472.0,,29.3,64.0
1451,1719041985730,abc0d16aaf15b3a4ee2e561195dfd82ab260497412e326bb57f2ee5bbe9042d8,482.0,,29.5,62.0
1452,1719042597863,abc0d16aaf15b3a4ee2e561195dfd82ab260497412e326bb57f2ee5bbe9042d8,472.0,,29.4,62.0
1453,1719043210001,abc0d16aaf15b3a4ee2e561195dfd82ab260497412e326bb57f2ee5bbe9042d8,479.0,,29.5,60.0
1454,1719043822231,abc0d16aaf15b3a4ee2e561195dfd82ab260497412e326bb57f2ee5bbe9042d8,460.0,,29.4,60.0
1455,1719044434377,abc0d16aaf15b3a4ee2e561195dfd82ab260497412e326bb57f2ee5bbe9042d8,477.0,,29.7,60.0
1456,1719045046535,abc0d16aaf15b3a4ee2e561195dfd82ab260497412e326bb57f2ee5bbe9042d8,467.0,,30.0,59.0
1457,1719045658675,abc0d16aaf15b3a4ee2e561195dfd82ab260497412e326bb57f2ee5bbe9042d8,452.0,,30.2,58.0
1458,1719046270845,abc0d16aaf15b3a4ee2e561195dfd82ab260497412e326bb57f2ee5bbe9042d8,454.0,,30.5,58.0
1459,1719046882975,abc0d16aaf15b3a4ee2e561195dfd82ab260497412e326bb57f2ee5bbe9042d8,446.0,,30.7,57.0
1460,1719047495099,abc0d16aaf15b3a4ee2e561195dfd82ab260497412e326bb57f2ee5bbe9042d8,457.0,,31.0,56.0
1461,1719048107259,abc0d16aaf15b3a4ee2e561195dfd82ab260497412e326bb57f2ee5bbe9042d8,464.0,,30.8,56.0
1462,1719048719488,abc0d16aaf15b3a4ee2e561195dfd82ab260497412e326bb57f2ee5bbe9042d8,465.0,,30.8,55.0
1463,1719049331623,abc0d16aaf15b3a4ee2e561195dfd82ab260497412e326bb57f2ee5bbe9042d8,474.0,,30.7,53.0
1464,1719049943775,abc0d16aaf15b3a4ee2e561195dfd82ab260497412e326bb57f2ee5bbe9042d8,471.0,,31.1,53.0
1465,1719050555993,abc0d16aaf15b3a4ee2e561195dfd82ab260497412e326bb57f2ee5bbe9042d8,446.0,,31.2,50.0
1466,1719051168137,abc0d16aaf15b3a4ee2e561195dfd82ab260497412e326bb57f2ee5bbe9042d8,446.0,,31.3,50.0
1467,1719051780269,abc0d16aaf15b3a4ee2e561195dfd82ab260497412e326bb57f2ee5bbe9042d8,452.0,,31.3,48.0
1468,1719052392401,abc0d16aaf15b3a4ee2e561195dfd82ab260497412e326bb57f2ee5bbe9042d8,462.0,,31.4,48.0
1469,1719053004577,abc0d16aaf15b3a4ee2e561195dfd82ab260497412e326bb57f2ee5bbe9042d8,463.0,,31.8,48.0
1470,1719053616723,abc0d16aaf15b3a4ee2e561195dfd82ab260497412e326bb57f2ee5bbe9042d8,479.0,,31.8,46.0
1471,1719054228850,abc0d16aaf15b3a4ee2e561195dfd82ab260497412e326bb57f2ee5bbe9042d8,475.0,,32.1,46.0
1472,1719054841055,abc0d16aaf15b3a4ee2e561195dfd82ab260497412e326bb57f2ee5bbe9042d8,423.0,,32.5,43.0
1473,1719055453213,abc0d16aaf15b3a4ee2e561195dfd82ab260497412e326bb57f2ee5bbe9042d8,457.0,,32.8,43.0
1474,1719056065321,abc0d16aaf15b3a4ee2e561195dfd82ab260497412e326bb57f2ee5bbe9042d8,455.0,,32.6,43.0
1475,1719056677540,abc0d16aaf15b3a4ee2e561195dfd82ab260497412e326bb57f2ee5bbe9042d8,433.0,,32.7,41.0
1476,1719057289743,abc0d16aaf15b3a4ee2e561195dfd82ab260497412e326bb57f2ee5bbe9042d8,448.0,,32.8,41.0
1477,1719057901927,abc0d16aaf15b3a4ee2e561195dfd82ab260497412e326bb57f2ee5bbe9042d8,459.0,,33.1,41.0
1478,1719058514072,abc0d16aaf15b3a4ee2e561195dfd82ab260497412e326bb57f2ee5bbe9042d8,430.0,,33.0,40.0
1479,1719059126222,abc0d16aaf15b3a4ee2e561195dfd82ab260497412e326bb57f2ee5bbe9042d8,448.0,,33.2,40.0
1480,1719059738352,abc0d16aaf15b3a4ee2e561195dfd82ab260497412e326bb57f2ee5bbe9042d8,458.0,,33.3,40.0
1481,1719060350491,abc0d16aaf15b3a4ee2e561195dfd82ab260497412e326bb57f2ee5bbe9042d8,437.0,,33.4,37.0
1482,1719060962649,abc0d16aaf15b3a4ee2e561195dfd82ab260497412e326bb57f2ee5bbe9042d8,437.0,,33.9,37.0
1483,1719061574867,abc0d16aaf15b3a4ee2e561195dfd82ab260497412e326bb57f2ee5bbe9042d8,455.0,,33.9,37.0
1484,1719062187027,abc0d16aaf15b3a4ee2e561195dfd82ab260497412e326bb57f2ee5bbe9042d8,431.0,,34.1,35.0
1485,1719062799159,abc0d16aaf15b3a4ee2e561195dfd82ab260497412e326bb57f2ee5bbe9042d8,455.0,,33.8,36.0
1486,1719063411293,abc0d16aaf15b3a4ee2e561195dfd82ab260497412e326bb57f2ee5bbe9042d8,446.0,,33.9,36.0
1487,1719064023445,abc0d16aaf15b3a4ee2e561195dfd82ab260497412e326bb57f2ee5bbe9042d8,469.0,,33.9,34.0
1488,1719064635605,abc0d16aaf15b3a4ee2e561195dfd82ab260497412e326bb57f2ee5bbe9042d8,446.0,,33.9,36.0
1489,1719065247799,abc0d16aaf15b3a4ee2e561195dfd82ab260497412e326bb57f2ee5bbe9042d8,435.0,,33.4,36.0
1490,1719065859951,abc0d16aaf15b3a4ee2e561195dfd82ab260497412e326bb57f2ee5bbe9042d8,440.0,,33.3,36.0
1491,1719066472159,abc0d16aaf15b3a4ee2e561195dfd82ab260497412e326bb57f2ee5bbe9042d8,461.0,,33.1,35.0
1492,1719067084301,abc0d16aaf15b3a4ee2e561195dfd82ab260497412e326bb57f2ee5bbe9042d8,422.0,,33.3,34.0
1493,1719067696449,abc0d16aaf15b3a4ee2e561195dfd82ab260497412e326bb57f2ee5bbe9042d8,443.0,,32.9,34.0
1494,1719068308639,abc0d16aaf15b3a4ee2e561195dfd82ab260497412e326bb57f2ee5bbe9042d8,448.0,,32.5,35.0
1495,1719068920805,abc0d16aaf15b3a4ee2e561195dfd82ab260497412e326bb57f2ee5bbe9042d8,429.0,,31.6,37.0
1496,1719069532950,abc0d16aaf15b3a4ee2e561195dfd82ab260497412e326bb57f2ee5bbe9042d8,446.0,,31.0,37.0
1497,1719070145176,abc0d16aaf15b3a4ee2e561195dfd82ab260497412e326bb57f2ee5bbe9042d8,439.0,,30.7,39.0
1498,1719070757339,abc0d16aaf15b3a4ee2e561195dfd82ab260497412e326bb57f2ee5bbe9042d8,429.0,,28.6,43.0
1499,1719071369502,abc0d16aaf15b3a4ee2e561195dfd82ab260497412e326bb57f2ee5bbe9042d8,452.0,,28.1,43.0
1500,1719071981651,abc0d16aaf15b3a4ee2e561195dfd82ab260497412e326bb57f2ee5bbe9042d8,436.0,,28.7,43.0
1501,1719072593864,abc0d16aaf15b3a4ee2e561195dfd82ab260497412e326bb57f2ee5bbe9042d8,439.0,,29.9,41.0
1502,1719073206015,abc0d16aaf15b3a4ee2e561195dfd82ab260497412e326bb57f2ee5bbe9042d8,433.0,,30.7,41.0
1503,1719073818202,abc0d16aaf15b3a4ee2e561195dfd82ab260497412e326bb57f2ee5bbe9042d8,438.0,,29.5,43.0
1504,1719074430402,abc0d16aaf15b3a4ee2e561195dfd82ab260497412e326bb57f2ee5bbe9042d8,456.0,,27.8,44.0
1505,1719075042540,abc0d16aaf15b3a4ee2e561195dfd82ab260497412e326bb57f2ee5bbe9042d8,459.0,,26.5,44.0
1506,1719075654699,abc0d16aaf15b3a4ee2e561195dfd82ab260497412e326bb57f2ee5bbe9042d8,456.0,,26.1,46.0
1507,1719076266889,abc0d16aaf15b3a4ee2e561195dfd82ab260497412e326bb57f2ee5bbe9042d8,445.0,,26.0,47.0
1508,1719076879019,abc0d16aaf15b3a4ee2e561195dfd82ab260497412e326bb57f2ee5bbe9042d8,446.0,,25.7,47.0
1509,1719077491177,abc0d16aaf15b3a4ee2e561195dfd82ab260497412e326bb57f2ee5bbe9042d8,454.0,,26.0,47.0
1510,1719078103301,abc0d16aaf15b3a4ee2e561195dfd82ab260497412e326bb57f2ee5bbe9042d8,458.0,,27.3,47.0
1511,1719078715472,abc0d16aaf15b3a4ee2e561195dfd82ab260497412e326bb57f2ee5bbe9042d8,443.0,,27.5,47.0
1512,1719079327599,abc0d16aaf15b3a4ee2e561195dfd82ab260497412e326bb57f2ee5bbe9042d8,440.0,,26.5,49.0
1513,1719079939734,abc0d16aaf15b3a4ee2e561195dfd82ab260497412e326bb57f2ee5bbe9042d8,454.0,,25.3,51.0
1514,1719080551874,abc0d16aaf15b3a4ee2e561195dfd82ab260497412e326bb57f2ee5bbe9042d8,455.0,,24.7,53.0
1515,1719081164033,abc0d16aaf15b3a4ee2e561195dfd82ab260497412e326bb57f2ee5bbe9042d8,447.0,,24.0,53.0
1516,1719081776148,abc0d16aaf15b3a4ee2e561195dfd82ab260497412e326bb57f2ee5bbe9042d8,452.0,,23.9,54.0
1517,1719082388336,abc0d16aaf15b3a4ee2e561195dfd82ab260497412e326bb57f2ee5bbe9042d8,444.0,,23.3,55.0
1518,1719083000491,abc0d16aaf15b3a4ee2e561195dfd82ab260497412e326bb57f2ee5bbe9042d8,462.0,,23.3,55.0
1519,1719083612712,abc0d16aaf15b3a4ee2e561195dfd82ab260497412e326bb57f2ee5bbe9042d8,453.0,,23.2,55.0
1520,1719084224851,abc0d16aaf15b3a4ee2e561195dfd82ab260497412e326bb57f2ee5bbe9042d8,470.0,,22.9,55.0
1521,1719084837001,abc0d16aaf15b3a4ee2e561195dfd82ab260497412e326bb57f2ee5bbe9042d8,451.0,,22.7,55.0
1522,1719085449152,abc0d16aaf15b3a4ee2e561195dfd82ab260497412e326bb57f2ee5bbe9042d8,455.0,,22.7,56.0
1523,1719086061298,abc0d16aaf15b3a4ee2e561195dfd82ab260497412e326bb57f2ee5bbe9042d8,456.0,,22.7,56.0
1524,1719086673437,abc0d16aaf15b3a4ee2e561195dfd82ab260497412e326bb57f2ee5bbe9042d8,458.0,,22.6,56.0
1525,1719087285572,abc0d16aaf15b3a4ee2e561195dfd82ab260497412e326bb57f2ee5bbe9042d8,454.0,,22.6,57.0
1526,1719087897701,abc0d16aaf15b3a4ee2e561195dfd82ab260497412e326bb57f2ee5bbe9042d8,455.0,,22.5,58.0
1527,1719088509854,abc0d16aaf15b3a4ee2e561195dfd82ab260497412e326bb57f2ee5bbe9042d8,455.0,,22.4,58.0
1528,1719089121972,abc0d16aaf15b3a4ee2e561195dfd82ab260497412e326bb57f2ee5bbe9042d8,461.0,,22.4,58.0
1529,1719089734125,abc0d16aaf15b3a4ee2e561195dfd82ab260497412e326bb57f2ee5bbe9042d8,465.0,,22.5,59.0
1530,1719090346348,abc0d16aaf15b3a4ee2e561195dfd82ab260497412e326bb57f2ee5bbe9042d8,456.0,,22.3,59.0
1531,1719090958484,abc0d16aaf15b3a4ee2e561195dfd82ab260497412e326bb57f2ee5bbe9042d8,439.0,,22.3,59.0
1532,1719091570616,abc0d16aaf15b3a4ee2e561195dfd82ab260497412e326bb57f2ee5bbe9042d8,459.0,,22.2,58.0
1533,1719092182794,abc0d16aaf15b3a4ee2e561195dfd82ab260497412e326bb57f2ee5bbe9042d8,458.0,,22.5,58.0
1534,1719092794922,abc0d16aaf15b3a4ee2e561195dfd82ab260497412e326bb57f2ee5bbe9042d8,476.0,,22.5,58.0
1535,1719093407068,abc0d16aaf15b3a4ee2e561195dfd82ab260497412e326bb57f2ee5bbe9042d8,463.0,,22.5,59.0
1536,1719094019212,abc0d16aaf15b3a4ee2e561195dfd82ab260497412e326bb57f2ee5bbe9042d8,461.0,,22.2,59.0
1537,1719094631336,abc0d16aaf15b3a4ee2e561195dfd82ab260497412e326bb57f2ee5bbe9042d8,473.0,,22.1,59.0
1538,1719095243488,abc0d16aaf15b3a4ee2e561195dfd82ab260497412e326bb57f2ee5bbe9042d8,478.0,,22.0,61.0
1539,1719095855710,abc0d16aaf15b3a4ee2e561195dfd82ab260497412e326bb57f2ee5bbe9042d8,474.0,,21.9,62.0
1540,1719096467926,abc0d16aaf15b3a4ee2e561195dfd82ab260497412e326bb57f2ee5bbe9042d8,473.0,,21.8,62.0
1541,1719097080121,abc0d16aaf15b3a4ee2e561195dfd82ab260497412e326bb57f2ee5bbe9042d8,462.0,,21.9,62.0
1542,1719097692372,abc0d16aaf15b3a4ee2e561195dfd82ab260497412e326bb57f2ee5bbe9042d8,461.0,,21.8,62.0
1543,1719098304488,abc0d16aaf15b3a4ee2e561195dfd82ab260497412e326bb57f2ee5bbe9042d8,467.0,,21.9,62.0
1544,1719098916654,abc0d16aaf15b3a4ee2e561195dfd82ab260497412e326bb57f2ee5bbe9042d8,474.0,,22.0,62.0
1545,1719099528843,abc0d16aaf15b3a4ee2e561195dfd82ab260497412e326bb57f2ee5bbe9042d8,467.0,,21.8,70.0
1546,1719100140980,abc0d16aaf15b3a4ee2e561195dfd82ab260497412e326bb57f2ee5bbe9042d8,475.0,,20.7,70.0
1547,1719100753118,abc0d16aaf15b3a4ee2e561195dfd82ab260497412e326bb57f2ee5bbe9042d8,468.0,,19.8,77.0
1548,1719101365340,abc0d16aaf15b3a4ee2e561195dfd82ab260497412e326bb57f2ee5bbe9042d8,456.0,,19.2,83.0
1549,1719101977475,abc0d16aaf15b3a4ee2e561195dfd82ab260497412e326bb57f2ee5bbe9042d8,449.0,,18.7,83.0
1550,1719102589613,abc0d16aaf15b3a4ee2e561195dfd82ab260497412e326bb57f2ee5bbe9042d8,472.0,,18.7,86.0
1551,1719103201770,abc0d16aaf15b3a4ee2e561195dfd82ab260497412e326bb57f2ee5bbe9042d8,453.0,,18.7,88.0
1552,1719103813906,abc0d16aaf15b3a4ee2e561195dfd82ab260497412e326bb57f2ee5bbe9042d8,473.0,,18.7,88.0
1553,1719104426071,abc0d16aaf15b3a4ee2e561195dfd82ab260497412e326bb57f2ee5bbe9042d8,465.0,,18.9,87.0
1554,1719105038300,abc0d16aaf15b3a4ee2e561195dfd82ab260497412e326bb57f2ee5bbe9042d8,450.0,,18.9,83.0
1555,1719105650523,abc0d16aaf15b3a4ee2e561195dfd82ab260497412e326bb57f2ee5bbe9042d8,475.0,,18.9,83.0
1556,1719106262649,abc0d16aaf15b3a4ee2e561195dfd82ab260497412e326bb57f2ee5bbe9042d8,479.0,,18.7,83.0
1557,1719106874868,abc0d16aaf15b3a4ee2e561195dfd82ab260497412e326bb57f2ee5bbe9042d8,476.0,,18.4,86.0
1558,1719107487007,abc0d16aaf15b3a4ee2e561195dfd82ab260497412e326bb57f2ee5bbe9042d8,468.0,,18.4,86.0
1559,1719108099133,abc0d16aaf15b3a4ee2e561195dfd82ab260497412e326bb57f2ee5bbe9042d8,491.0,,18.2,88.0
1560,1719108711345,abc0d16aaf15b3a4ee2e561195dfd82ab260497412e326bb57f2ee5bbe9042d8,479.0,,18.2,89.0
1561,1719109323565,abc0d16aaf15b3a4ee2e561195dfd82ab260497412e326bb57f2ee5bbe9042d8,494.0,,18.0,89.0
1562,1719109935702,abc0d16aaf15b3a4ee2e561195dfd82ab260497412e326bb57f2ee5bbe9042d8,487.0,,17.8,91.0
1563,1719110547849,abc0d16aaf15b3a4ee2e561195dfd82ab260497412e326bb57f2ee5bbe9042d8,483.0,,17.7,93.0
1564,1719111159996,abc0d16aaf15b3a4ee2e561195dfd82ab260497412e326bb57f2ee5bbe9042d8,473.0,,17.7,92.0
1565,1719111772211,abc0d16aaf15b3a4ee2e561195dfd82ab260497412e326bb57f2ee5bbe9042d8,472.0,,17.5,92.0
1566,1719112384359,abc0d16aaf15b3a4ee2e561195dfd82ab260497412e326bb57f2ee5bbe9042d8,474.0,,17.4,90.0
1567,1719112996511,abc0d16aaf15b3a4ee2e561195dfd82ab260497412e326bb57f2ee5bbe9042d8,475.0,,17.4,90.0
1568,1719113608637,abc0d16aaf15b3a4ee2e561195dfd82ab260497412e326bb57f2ee5bbe9042d8,475.0,,17.3,90.0
1569,1719114220783,abc0d16aaf15b3a4ee2e561195dfd82ab260497412e326bb57f2ee5bbe9042d8,470.0,,17.2,88.0
1570,1719114833005,abc0d16aaf15b3a4ee2e561195dfd82ab260497412e326bb57f2ee5bbe9042d8,470.0,,17.3,88.0
1571,1719115445149,abc0d16aaf15b3a4ee2e561195dfd82ab260497412e326bb57f2ee5bbe9042d8,477.0,,17.2,88.0
1572,1719116057313,abc0d16aaf15b3a4ee2e561195dfd82ab260497412e326bb57f2ee5bbe9042d8,464.0,,17.2,90.0
1573,1719116669451,abc0d16aaf15b3a4ee2e561195dfd82ab260497412e326bb57f2ee5bbe9042d8,480.0,,17.1,93.0
1574,1719117281586,abc0d16aaf15b3a4ee2e561195dfd82ab260497412e326bb57f2ee5bbe9042d8,497.0,,17.2,93.0
1575,1719117893723,abc0d16aaf15b3a4ee2e561195dfd82ab260497412e326bb57f2ee5bbe9042d8,468.0,,17.1,95.0
1576,1719118505852,abc0d16aaf15b3a4ee2e561195dfd82ab260497412e326bb57f2ee5bbe9042d8,478.0,,17.0,95.0
1577,1719119119746,abc0d16aaf15b3a4ee2e561195dfd82ab260497412e326bb57f2ee5bbe9042d8,472.0,,17.0,95.0
1578,1719119731976,abc0d16aaf15b3a4ee2e561195dfd82ab260497412e326bb57f2ee5bbe9042d8,477.0,,17.1,96.0
1579,1719120344115,abc0d16aaf15b3a4ee2e561195dfd82ab260497412e326bb57f2ee5bbe9042d8,481.0,,17.1,97.0
1580,1719120956252,abc0d16aaf15b3a4ee2e561195dfd82ab260497412e326bb57f2ee5bbe9042d8,480.0,,17.2,97.0
1581,1719121568409,abc0d16aaf15b3a4ee2e561195dfd82ab260497412e326bb57f2ee5bbe9042d8,482.0,,17.2,97.0
1582,1719122180547,abc0d16aaf15b3a4ee2e561195dfd82ab260497412e326bb57f2ee5bbe9042d8,494.0,,17.4,97.0
1583,1719122794431,abc0d16aaf15b3a4ee2e561195dfd82ab260497412e326bb57f2ee5bbe9042d8,465.0,,17.3,97.0
1584,1719123406574,abc0d16aaf15b3a4ee2e561195dfd82ab260497412e326bb57f2ee5bbe9042d8,468.0,,17.6,99.0
1585,1719124018797,abc0d16aaf15b3a4ee2e561195dfd82ab260497412e326bb57f2ee5bbe9042d8,480.0,,17.8,100.0
1586,1719124630923,abc0d16aaf15b3a4ee2e561195dfd82ab260497412e326bb57f2ee5bbe9042d8,478.0,,17.8,100.0
1587,1719125243069,abc0d16aaf15b3a4ee2e561195dfd82ab260497412e326bb57f2ee5bbe9042d8,477.0,,17.9,100.0
1588,1719125855203,abc0d16aaf15b3a4ee2e561195dfd82ab260497412e326bb57f2ee5bbe9042d8,484.0,,18.0,100.0
1589,1719126467425,abc0d16aaf15b3a4ee2e561195dfd82ab260497412e326bb57f2ee5bbe9042d8,477.0,,18.4,100.0
1590,1719127079555,abc0d16aaf15b3a4ee2e561195dfd82ab260497412e326bb57f2ee5bbe9042d8,470.0,,19.0,100.0
1591,1719127691768,abc0d16aaf15b3a4ee2e561195dfd82ab260497412e326bb57f2ee5bbe9042d8,485.0,,20.6,100.0
1592,1719128303884,abc0d16aaf15b3a4ee2e561195dfd82ab260497412e326bb57f2ee5bbe9042d8,464.0,,20.6,97.0
1593,1719128916029,abc0d16aaf15b3a4ee2e561195dfd82ab260497412e326bb57f2ee5bbe9042d8,473.0,,20.0,97.0
1594,1719129528225,abc0d16aaf15b3a4ee2e561195dfd82ab260497412e326bb57f2ee5bbe9042d8,461.0,,19.7,97.0
1595,1719130140393,abc0d16aaf15b3a4ee2e561195dfd82ab260497412e326bb57f2ee5bbe9042d8,469.0,,19.7,96.0
1596,1719130752543,abc0d16aaf15b3a4ee2e561195dfd82ab260497412e326bb57f2ee5bbe9042d8,478.0,,19.7,96.0
1597,1719131364672,abc0d16aaf15b3a4ee2e561195dfd82ab260497412e326bb57f2ee5bbe9042d8,470.0,,20.2,96.0
1598,1719131976895,abc0d16aaf15b3a4ee2e561195dfd82ab260497412e326bb57f2ee5bbe9042d8,480.0,,21.4,94.0
1599,1719132589033,abc0d16aaf15b3a4ee2e561195dfd82ab260497412e326bb57f2ee5bbe9042d8,476.0,,21.2,94.0
1600,1719133201255,abc0d16aaf15b3a4ee2e561195dfd82ab260497412e326bb57f2ee5bbe9042d8,480.0,,21.6,92.0
1601,1719133813411,abc0d16aaf15b3a4ee2e561195dfd82ab260497412e326bb57f2ee5bbe9042d8,473.0,,21.9,89.0
1602,1719134425559,abc0d16aaf15b3a4ee2e561195dfd82ab260497412e326bb57f2ee5bbe9042d8,479.0,,21.5,89.0
1603,1719135037769,abc0d16aaf15b3a4ee2e561195dfd82ab260497412e326bb57f2ee5bbe9042d8,478.0,,21.7,89.0
1604,1719135649915,abc0d16aaf15b3a4ee2e561195dfd82ab260497412e326bb57f2ee5bbe9042d8,474.0,,21.5,88.0
1605,1719136262065,abc0d16aaf15b3a4ee2e561195dfd82ab260497412e326bb57f2ee5bbe9042d8,485.0,,21.8,88.0
1606,1719136874273,abc0d16aaf15b3a4ee2e561195dfd82ab260497412e326bb57f2ee5bbe9042d8,487.0,,22.3,87.0
1607,1719137486449,abc0d16aaf15b3a4ee2e561195dfd82ab260497412e326bb57f2ee5bbe9042d8,465.0,,23.9,82.0
1608,1719138098612,abc0d16aaf15b3a4ee2e561195dfd82ab260497412e326bb57f2ee5bbe9042d8,474.0,,23.8,82.0
1609,1719138710749,abc0d16aaf15b3a4ee2e561195dfd82ab260497412e326bb57f2ee5bbe9042d8,482.0,,23.5,84.0
1610,1719139322885,abc0d16aaf15b3a4ee2e561195dfd82ab260497412e326bb57f2ee5bbe9042d8,473.0,,22.5,84.0
1611,1719139935021,abc0d16aaf15b3a4ee2e561195dfd82ab260497412e326bb57f2ee5bbe9042d8,483.0,,22.3,84.0
1612,1719140547247,abc0d16aaf15b3a4ee2e561195dfd82ab260497412e326bb57f2ee5bbe9042d8,484.0,,22.4,83.0
1613,1719141159411,abc0d16aaf15b3a4ee2e561195dfd82ab260497412e326bb57f2ee5bbe9042d8,482.0,,22.0,86.0
1614,1719141771591,abc0d16aaf15b3a4ee2e561195dfd82ab260497412e326bb57f2ee5bbe9042d8,468.0,,21.4,83.0
1615,1719142383718,abc0d16aaf15b3a4ee2e561195dfd82ab260497412e326bb57f2ee5bbe9042d8,466.0,,22.0,83.0
1616,1719142995871,abc0d16aaf15b3a4ee2e561195dfd82ab260497412e326bb57f2ee5bbe9042d8,471.0,,22.5,79.0
1617,1719143608077,abc0d16aaf15b3a4ee2e561195dfd82ab260497412e326bb57f2ee5bbe9042d8,456.0,,23.0,78.0
1618,1719144220295,abc0d16aaf15b3a4ee2e561195dfd82ab260497412e326bb57f2ee5bbe9042d8,451.0,,22.4,78.0
1619,1719144832444,abc0d16aaf15b3a4ee2e561195dfd82ab260497412e326bb57f2ee5bbe9042d8,461.0,,22.8,78.0
1620,1719145444581,abc0d16aaf15b3a4ee2e561195dfd82ab260497412e326bb57f2ee5bbe9042d8,459.0,,22.6,77.0
1621,1719146056719,abc0d16aaf15b3a4ee2e561195dfd82ab260497412e326bb57f2ee5bbe9042d8,476.0,,23.5,77.0
1622,1719146668883,abc0d16aaf15b3a4ee2e561195dfd82ab260497412e326bb57f2ee5bbe9042d8,463.0,,23.5,77.0
1623,1719147281092,abc0d16aaf15b3a4ee2e561195dfd82ab260497412e326bb57f2ee5bbe9042d8,463.0,,23.7,75.0
1624,1719147893322,abc0d16aaf15b3a4ee2e561195dfd82ab260497412e326bb57f2ee5bbe9042d8,466.0,,23.2,75.0
1625,1719148505444,abc0d16aaf15b3a4ee2e561195dfd82ab260497412e326bb57f2ee5bbe9042d8,468.0,,22.9,75.0
1626,1719149117610,abc0d16aaf15b3a4ee2e561195dfd82ab260497412e326bb57f2ee5bbe9042d8,474.0,,22.9,77.0
1627,1719149729742,abc0d16aaf15b3a4ee2e561195dfd82ab260497412e326bb57f2ee5bbe9042d8,444.0,,25.8,77.0
1628,1719150341914,abc0d16aaf15b3a4ee2e561195dfd82ab260497412e326bb57f2ee5bbe9042d8,456.0,,25.3,74.0
1629,1719150954114,abc0d16aaf15b3a4ee2e561195dfd82ab260497412e326bb57f2ee5bbe9042d8,465.0,,24.7,71.0
1630,1719151566314,abc0d16aaf15b3a4ee2e561195dfd82ab260497412e326bb57f2ee5bbe9042d8,472.0,,24.1,71.0
1631,1719152178478,abc0d16aaf15b3a4ee2e561195dfd82ab260497412e326bb57f2ee5bbe9042d8,465.0,,22.7,77.0
1632,1719152790684,abc0d16aaf15b3a4ee2e561195dfd82ab260497412e326bb57f2ee5bbe9042d8,481.0,,21.8,82.0
1633,1719153402894,abc0d16aaf15b3a4ee2e561195dfd82ab260497412e326bb57f2ee5bbe9042d8,478.0,,21.4,82.0
1634,1719154015054,abc0d16aaf15b3a4ee2e561195dfd82ab260497412e326bb57f2ee5bbe9042d8,477.0,,21.4,85.0
1635,1719154627258,abc0d16aaf15b3a4ee2e561195dfd82ab260497412e326bb57f2ee5bbe9042d8,458.0,,21.5,86.0
1636,1719155239386,abc0d16aaf15b3a4ee2e561195dfd82ab260497412e326bb57f2ee5bbe9042d8,467.0,,21.7,86.0
1637,1719155851530,abc0d16aaf15b3a4ee2e561195dfd82ab260497412e326bb57f2ee5bbe9042d8,466.0,,21.8,85.0
1638,1719156463682,abc0d16aaf15b3a4ee2e561195dfd82ab260497412e326bb57f2ee5bbe9042d8,456.0,,21.8,84.0
1639,1719157075890,abc0d16aaf15b3a4ee2e561195dfd82ab260497412e326bb57f2ee5bbe9042d8,468.0,,22.7,83.0
1640,1719157688056,abc0d16aaf15b3a4ee2e561195dfd82ab260497412e326bb57f2ee5bbe9042d8,464.0,,22.9,83.0
1641,1719158300274,abc0d16aaf15b3a4ee2e561195dfd82ab260497412e326bb57f2ee5bbe9042d8,465.0,,22.9,82.0
1642,1719158912420,abc0d16aaf15b3a4ee2e561195dfd82ab260497412e326bb57f2ee5bbe9042d8,473.0,,22.9,83.0
1643,1719159524536,abc0d16aaf15b3a4ee2e561195dfd82ab260497412e326bb57f2ee5bbe9042d8,466.0,,22.8,83.0
1644,1719160136680,abc0d16aaf15b3a4ee2e561195dfd82ab260497412e326bb57f2ee5bbe9042d8,470.0,,22.0,83.0
1645,1719160748905,abc0d16aaf15b3a4ee2e561195dfd82ab260497412e326bb57f2ee5bbe9042d8,484.0,,21.5,85.0
1646,1719161361041,abc0d16aaf15b3a4ee2e561195dfd82ab260497412e326bb57f2ee5bbe9042d8,470.0,,21.5,85.0
1647,1719161973198,abc0d16aaf15b3a4ee2e561195dfd82ab260497412e326bb57f2ee5bbe9042d8,467.0,,22.2,79.0
1648,1719162585343,abc0d16aaf15b3a4ee2e561195dfd82ab260497412e326bb57f2ee5bbe9042d8,478.0,,23.7,77.0
1649,1719163197490,abc0d16aaf15b3a4ee2e561195dfd82ab260497412e326bb57f2ee5bbe9042d8,475.0,,22.4,77.0
1650,1719163809631,abc0d16aaf15b3a4ee2e561195dfd82ab260497412e326bb57f2ee5bbe9042d8,460.0,,21.8,79.0
1651,1719164421853,abc0d16aaf15b3a4ee2e561195dfd82ab260497412e326bb57f2ee5bbe9042d8,497.0,,21.5,79.0
1652,1719165033994,abc0d16aaf15b3a4ee2e561195dfd82ab260497412e326bb57f2ee5bbe9042d8,471.0,,21.3,79.0
1653,1719165646199,abc0d16aaf15b3a4ee2e561195dfd82ab260497412e326bb57f2ee5bbe9042d8,488.0,,21.1,81.0
1654,1719166258412,abc0d16aaf15b3a4ee2e561195dfd82ab260497412e326bb57f2ee5bbe9042d8,465.0,,20.7,83.0
1655,1719166870561,abc0d16aaf15b3a4ee2e561195dfd82ab260497412e326bb57f2ee5bbe9042d8,484.0,,20.4,83.0
1656,1719167482699,abc0d16aaf15b3a4ee2e561195dfd82ab260497412e326bb57f2ee5bbe9042d8,480.0,,20.1,85.0
1657,1719168094913,abc0d16aaf15b3a4ee2e561195dfd82ab260497412e326bb57f2ee5bbe9042d8,473.0,,19.8,85.0
1658,1719168707064,abc0d16aaf15b3a4ee2e561195dfd82ab260497412e326bb57f2ee5bbe9042d8,464.0,,19.4,85.0
1659,1719169319294,abc0d16aaf15b3a4ee2e561195dfd82ab260497412e326bb57f2ee5bbe9042d8,488.0,,19.1,88.0
1660,1719169931426,abc0d16aaf15b3a4ee2e561195dfd82ab260497412e326bb57f2ee5bbe9042d8,496.0,,18.7,91.0
1661,1719170543576,abc0d16aaf15b3a4ee2e561195dfd82ab260497412e326bb57f2ee5bbe9042d8,466.0,,18.4,91.0
1662,1719171155716,abc0d16aaf15b3a4ee2e561195dfd82ab260497412e326bb57f2ee5bbe9042d8,479.0,,18.1,93.0
1663,1719171767848,abc0d16aaf15b3a4ee2e561195dfd82ab260497412e326bb57f2ee5bbe9042d8,488.0,,18.1,94.0
1664,1719172380046,abc0d16aaf15b3a4ee2e561195dfd82ab260497412e326bb57f2ee5bbe9042d8,477.0,,18.2,95.0
1665,1719172992169,abc0d16aaf15b3a4ee2e561195dfd82ab260497412e326bb57f2ee5bbe9042d8,491.0,,18.1,95.0
1666,1719173604375,abc0d16aaf15b3a4ee2e561195dfd82ab260497412e326bb57f2ee5bbe9042d8,492.0,,18.1,96.0
1667,1719174216533,abc0d16aaf15b3a4ee2e561195dfd82ab260497412e326bb57f2ee5bbe9042d8,473.0,,18.0,97.0
1668,1719174828679,abc0d16aaf15b3a4ee2e561195dfd82ab260497412e326bb57f2ee5bbe9042d8,495.0,,18.0,97.0
1669,1719175440814,abc0d16aaf15b3a4ee2e561195dfd82ab260497412e326bb57f2ee5bbe9042d8,480.0,,18.0,98.0
1670,1719176052940,abc0d16aaf15b3a4ee2e561195dfd82ab260497412e326bb57f2ee5bbe9042d8,490.0,,18.0,99.0
1671,1719176665101,abc0d16aaf15b3a4ee2e561195dfd82ab260497412e326bb57f2ee5bbe9042d8,474.0,,17.9,99.0
1672,1719177277242,abc0d16aaf15b3a4ee2e561195dfd82ab260497412e326bb57f2ee5bbe9042d8,494.0,,18.0,100.0
1673,1719177889376,abc0d16aaf15b3a4ee2e561195dfd82ab260497412e326bb57f2ee5bbe9042d8,472.0,,18.0,100.0
1674,1719178501595,abc0d16aaf15b3a4ee2e561195dfd82ab260497412e326bb57f2ee5bbe9042d8,499.0,,18.1,100.0
1675,1719179113740,abc0d16aaf15b3a4ee2e561195dfd82ab260497412e326bb57f2ee5bbe9042d8,488.0,,18.0,100.0
1676,1719179725875,abc0d16aaf15b3a4ee2e561195dfd82ab260497412e326bb57f2ee5bbe9042d8,488.0,,18.0,100.0
1677,1719180338091,abc0d16aaf15b3a4ee2e561195dfd82ab260497412e326bb57f2ee5bbe9042d8,485.0,,17.9,100.0
1678,1719180950223,abc0d16aaf15b3a4ee2e561195dfd82ab260497412e326bb57f2ee5bbe9042d8,491.0,,18.0,100.0
1679,1719181562400,abc0d16aaf15b3a4ee2e561195dfd82ab260497412e326bb57f2ee5bbe9042d8,492.0,,18.0,99.0
1680,1719182174528,abc0d16aaf15b3a4ee2e561195dfd82ab260497412e326bb57f2ee5bbe9042d8,493.0,,18.0,99.0
1681,1719182786663,abc0d16aaf15b3a4ee2e561195dfd82ab260497412e326bb57f2ee5bbe9042d8,479.0,,18.0,98.0
1682,1719183398899,abc0d16aaf15b3a4ee2e561195dfd82ab260497412e326bb57f2ee5bbe9042d8,494.0,,18.0,97.0
1683,1719184011091,abc0d16aaf15b3a4ee2e561195dfd82ab260497412e326bb57f2ee5bbe9042d8,491.0,,17.9,97.0
1684,1719184623233,abc0d16aaf15b3a4ee2e561195dfd82ab260497412e326bb57f2ee5bbe9042d8,488.0,,18.1,95.0
1685,1719185235375,abc0d16aaf15b3a4ee2e561195dfd82ab260497412e326bb57f2ee5bbe9042d8,506.0,,18.1,93.0
1686,1719185847537,abc0d16aaf15b3a4ee2e561195dfd82ab260497412e326bb57f2ee5bbe9042d8,492.0,,18.0,93.0
1687,1719186459664,abc0d16aaf15b3a4ee2e561195dfd82ab260497412e326bb57f2ee5bbe9042d8,502.0,,18.2,93.0
1688,1719187071808,abc0d16aaf15b3a4ee2e561195dfd82ab260497412e326bb57f2ee5bbe9042d8,507.0,,18.0,95.0
1689,1719187684026,abc0d16aaf15b3a4ee2e561195dfd82ab260497412e326bb57f2ee5bbe9042d8,492.0,,18.0,95.0
1690,1719188296182,abc0d16aaf15b3a4ee2e561195dfd82ab260497412e326bb57f2ee5bbe9042d8,509.0,,18.0,95.0
1691,1719188908400,abc0d16aaf15b3a4ee2e561195dfd82ab260497412e326bb57f2ee5bbe9042d8,509.0,,17.9,95.0
1692,1719189520555,abc0d16aaf15b3a4ee2e561195dfd82ab260497412e326bb57f2ee5bbe9042d8,514.0,,17.8,95.0
1693,1719190132778,abc0d16aaf15b3a4ee2e561195dfd82ab260497412e326bb57f2ee5bbe9042d8,520.0,,17.7,95.0
1694,1719190744988,abc0d16aaf15b3a4ee2e561195dfd82ab260497412e326bb57f2ee5bbe9042d8,508.0,,17.6,95.0
1695,1719191357240,abc0d16aaf15b3a4ee2e561195dfd82ab260497412e326bb57f2ee5bbe9042d8,523.0,,17.5,96.0
1696,1719191969440,abc0d16aaf15b3a4ee2e561195dfd82ab260497412e326bb57f2ee5bbe9042d8,508.0,,17.3,96.0
1697,1719192581608,abc0d16aaf15b3a4ee2e561195dfd82ab260497412e326bb57f2ee5bbe9042d8,507.0,,17.2,97.0
1698,1719193193742,abc0d16aaf15b3a4ee2e561195dfd82ab260497412e326bb57f2ee5bbe9042d8,506.0,,17.2,97.0
1699,1719193805888,abc0d16aaf15b3a4ee2e561195dfd82ab260497412e326bb57f2ee5bbe9042d8,511.0,,17.2,97.0
1700,1719194418101,abc0d16aaf15b3a4ee2e561195dfd82ab260497412e326bb57f2ee5bbe9042d8,519.0,,17.2,98.0
1701,1719195030250,abc0d16aaf15b3a4ee2e561195dfd82ab260497412e326bb57f2ee5bbe9042d8,522.0,,17.1,98.0
1702,1719195642386,abc0d16aaf15b3a4ee2e561195dfd82ab260497412e326bb57f2ee5bbe9042d8,522.0,,17.0,98.0
1703,1719196254538,abc0d16aaf15b3a4ee2e561195dfd82ab260497412e326bb57f2ee5bbe9042d8,510.0,,17.2,98.0
1704,1719196866742,abc0d16aaf15b3a4ee2e561195dfd82ab260497412e326bb57f2ee5bbe9042d8,498.0,,17.5,93.0
1705,1719197478890,abc0d16aaf15b3a4ee2e561195dfd82ab260497412e326bb57f2ee5bbe9042d8,493.0,,17.5,93.0
1706,1719198091002,abc0d16aaf15b3a4ee2e561195dfd82ab260497412e326bb57f2ee5bbe9042d8,505.0,,17.5,91.0
1707,1719198703154,abc0d16aaf15b3a4ee2e561195dfd82ab260497412e326bb57f2ee5bbe9042d8,495.0,,17.6,90.0
1708,1719199315295,abc0d16aaf15b3a4ee2e561195dfd82ab260497412e326bb57f2ee5bbe9042d8,487.0,,17.5,90.0
1709,1719199927495,abc0d16aaf15b3a4ee2e561195dfd82ab260497412e326bb57f2ee5bbe9042d8,494.0,,17.5,91.0
1710,1719200539648,abc0d16aaf15b3a4ee2e561195dfd82ab260497412e326bb57f2ee5bbe9042d8,490.0,,17.3,93.0
1711,1719201151860,abc0d16aaf15b3a4ee2e561195dfd82ab260497412e326bb57f2ee5bbe9042d8,497.0,,17.1,95.0
1712,1719201764076,abc0d16aaf15b3a4ee2e561195dfd82ab260497412e326bb57f2ee5bbe9042d8,487.0,,17.0,95.0
1713,1719202376214,abc0d16aaf15b3a4ee2e561195dfd82ab260497412e326bb57f2ee5bbe9042d8,499.0,,17.1,97.0
1714,1719202988436,abc0d16aaf15b3a4ee2e561195dfd82ab260497412e326bb57f2ee5bbe9042d8,494.0,,17.3,98.0
1715,1719203600580,abc0d16aaf15b3a4ee2e561195dfd82ab260497412e326bb57f2ee5bbe9042d8,487.0,,17.5,98.0
1716,1719204212714,abc0d16aaf15b3a4ee2e561195dfd82ab260497412e326bb57f2ee5bbe9042d8,505.0,,17.5,99.0
1717,1719204824847,abc0d16aaf15b3a4ee2e561195dfd82ab260497412e326bb57f2ee5bbe9042d8,500.0,,17.5,99.0
1718,1719205436978,abc0d16aaf15b3a4ee2e561195dfd82ab260497412e326bb57f2ee5bbe9042d8,487.0,,17.5,99.0
1719,1719206049118,abc0d16aaf15b3a4ee2e561195dfd82ab260497412e326bb57f2ee5bbe9042d8,474.0,,17.5,100.0
1720,1719206661248,abc0d16aaf15b3a4ee2e561195dfd82ab260497412e326bb57f2ee5bbe9042d8,498.0,,17.4,100.0
1721,1719207273404,abc0d16aaf15b3a4ee2e561195dfd82ab260497412e326bb57f2ee5bbe9042d8,495.0,,17.3,100.0
1722,1719207885557,abc0d16aaf15b3a4ee2e561195dfd82ab260497412e326bb57f2ee5bbe9042d8,486.0,,17.4,100.0
1723,1719208497746,abc0d16aaf15b3a4ee2e561195dfd82ab260497412e326bb57f2ee5bbe9042d8,501.0,,17.5,100.0
1724,1719209109918,abc0d16aaf15b3a4ee2e561195dfd82ab260497412e326bb57f2ee5bbe9042d8,504.0,,17.5,100.0
1725,1719209722063,abc0d16aaf15b3a4ee2e561195dfd82ab260497412e326bb57f2ee5bbe9042d8,498.0,,17.7,100.0
1726,1719210334194,abc0d16aaf15b3a4ee2e561195dfd82ab260497412e326bb57f2ee5bbe9042d8,512.0,,17.6,100.0
1727,1719210946390,abc0d16aaf15b3a4ee2e561195dfd82ab260497412e326bb57f2ee5bbe9042d8,509.0,,17.7,100.0
1728,1719211558568,abc0d16aaf15b3a4ee2e561195dfd82ab260497412e326bb57f2ee5bbe9042d8,512.0,,17.6,100.0
1729,1719212170802,abc0d16aaf15b3a4ee2e561195dfd82ab260497412e326bb57f2ee5bbe9042d8,500.0,,17.7,100.0
1730,1719212782954,abc0d16aaf15b3a4ee2e561195dfd82ab260497412e326bb57f2ee5bbe9042d8,501.0,,18.1,100.0
1731,1719213395150,abc0d16aaf15b3a4ee2e561195dfd82ab260497412e326bb57f2ee5bbe9042d8,508.0,,18.5,100.0
1732,1719214007292,abc0d16aaf15b3a4ee2e561195dfd82ab260497412e326bb57f2ee5bbe9042d8,501.0,,18.5,100.0
1733,1719214619446,abc0d16aaf15b3a4ee2e561195dfd82ab260497412e326bb57f2ee5bbe9042d8,498.0,,18.4,100.0
1734,1719215231667,abc0d16aaf15b3a4ee2e561195dfd82ab260497412e326bb57f2ee5bbe9042d8,494.0,,18.5,100.0
1735,1719215843874,abc0d16aaf15b3a4ee2e561195dfd82ab260497412e326bb57f2ee5bbe9042d8,509.0,,18.5,100.0
1736,1719216456016,abc0d16aaf15b3a4ee2e561195dfd82ab260497412e326bb57f2ee5bbe9042d8,513.0,,18.8,100.0
1737,1719217068151,abc0d16aaf15b3a4ee2e561195dfd82ab260497412e326bb57f2ee5bbe9042d8,500.0,,18.6,100.0
1738,1719217680378,abc0d16aaf15b3a4ee2e561195dfd82ab260497412e326bb57f2ee5bbe9042d8,507.0,,18.8,100.0
1739,1719218292514,abc0d16aaf15b3a4ee2e561195dfd82ab260497412e326bb57f2ee5bbe9042d8,493.0,,19.9,100.0
1740,1719218904701,abc0d16aaf15b3a4ee2e561195dfd82ab260497412e326bb57f2ee5bbe9042d8,490.0,,20.9,100.0
1741,1719219516911,abc0d16aaf15b3a4ee2e561195dfd82ab260497412e326bb57f2ee5bbe9042d8,507.0,,21.9,100.0
1742,1719220129118,abc0d16aaf15b3a4ee2e561195dfd82ab260497412e326bb57f2ee5bbe9042d8,467.0,,21.9,100.0
1743,1719220741273,abc0d16aaf15b3a4ee2e561195dfd82ab260497412e326bb57f2ee5bbe9042d8,490.0,,22.6,100.0
1744,1719221353397,abc0d16aaf15b3a4ee2e561195dfd82ab260497412e326bb57f2ee5bbe9042d8,502.0,,21.7,100.0
1745,1719221965535,abc0d16aaf15b3a4ee2e561195dfd82ab260497412e326bb57f2ee5bbe9042d8,515.0,,20.8,100.0
1746,1719222577683,abc0d16aaf15b3a4ee2e561195dfd82ab260497412e326bb57f2ee5bbe9042d8,483.0,,20.7,100.0
1747,1719223189832,abc0d16aaf15b3a4ee2e561195dfd82ab260497412e326bb57f2ee5bbe9042d8,502.0,,21.2,100.0
1748,1719223802059,abc0d16aaf15b3a4ee2e561195dfd82ab260497412e326bb57f2ee5bbe9042d8,504.0,,22.1,100.0
1749,1719224414282,abc0d16aaf15b3a4ee2e561195dfd82ab260497412e326bb57f2ee5bbe9042d8,492.0,,21.4,100.0
1750,1719225026405,abc0d16aaf15b3a4ee2e561195dfd82ab260497412e326bb57f2ee5bbe9042d8,510.0,,21.2,100.0
1751,1719225638555,abc0d16aaf15b3a4ee2e561195dfd82ab260497412e326bb57f2ee5bbe9042d8,493.0,,20.6,100.0
1752,1719226250715,abc0d16aaf15b3a4ee2e561195dfd82ab260497412e326bb57f2ee5bbe9042d8,508.0,,20.5,100.0
1753,1719226862910,abc0d16aaf15b3a4ee2e561195dfd82ab260497412e326bb57f2ee5bbe9042d8,505.0,,20.3,100.0
1754,1719227475136,abc0d16aaf15b3a4ee2e561195dfd82ab260497412e326bb57f2ee5bbe9042d8,493.0,,20.8,100.0
1755,1719228087280,abc0d16aaf15b3a4ee2e561195dfd82ab260497412e326bb57f2ee5bbe9042d8,503.0,,21.2,100.0
1756,1719228699422,abc0d16aaf15b3a4ee2e561195dfd82ab260497412e326bb57f2ee5bbe9042d8,479.0,,20.7,99.0
1757,1719229311547,abc0d16aaf15b3a4ee2e561195dfd82ab260497412e326bb57f2ee5bbe9042d8,469.0,,21.1,98.0
1758,1719229923666,abc0d16aaf15b3a4ee2e561195dfd82ab260497412e326bb57f2ee5bbe9042d8,500.0,,22.6,98.0
1759,1719230535810,abc0d16aaf15b3a4ee2e561195dfd82ab260497412e326bb57f2ee5bbe9042d8,490.0,,23.9,93.0
1760,1719231148020,abc0d16aaf15b3a4ee2e561195dfd82ab260497412e326bb57f2ee5bbe9042d8,473.0,,24.2,87.0
1761,1719231760183,abc0d16aaf15b3a4ee2e561195dfd82ab260497412e326bb57f2ee5bbe9042d8,478.0,,24.5,82.0
1762,1719232372380,abc0d16aaf15b3a4ee2e561195dfd82ab260497412e326bb57f2ee5bbe9042d8,466.0,,25.2,82.0
1763,1719232984532,abc0d16aaf15b3a4ee2e561195dfd82ab260497412e326bb57f2ee5bbe9042d8,476.0,,24.3,81.0
1764,1719233596688,abc0d16aaf15b3a4ee2e561195dfd82ab260497412e326bb57f2ee5bbe9042d8,476.0,,23.3,84.0
1765,1719234208810,abc0d16aaf15b3a4ee2e561195dfd82ab260497412e326bb57f2ee5bbe9042d8,488.0,,22.4,84.0
1766,1719234821014,abc0d16aaf15b3a4ee2e561195dfd82ab260497412e326bb57f2ee5bbe9042d8,481.0,,21.8,90.0
1767,1719235433172,abc0d16aaf15b3a4ee2e561195dfd82ab260497412e326bb57f2ee5bbe9042d8,469.0,,21.9,94.0
1768,1719236045382,abc0d16aaf15b3a4ee2e561195dfd82ab260497412e326bb57f2ee5bbe9042d8,494.0,,22.1,94.0
1769,1719236657527,abc0d16aaf15b3a4ee2e561195dfd82ab260497412e326bb57f2ee5bbe9042d8,483.0,,21.8,91.0
1770,1719237269745,abc0d16aaf15b3a4ee2e561195dfd82ab260497412e326bb57f2ee5bbe9042d8,489.0,,22.1,93.0
1771,1719237881879,abc0d16aaf15b3a4ee2e561195dfd82ab260497412e326bb57f2ee5bbe9042d8,473.0,,22.4,93.0
1772,1719238494007,abc0d16aaf15b3a4ee2e561195dfd82ab260497412e326bb57f2ee5bbe9042d8,484.0,,22.3,91.0
1773,1719239106149,abc0d16aaf15b3a4ee2e561195dfd82ab260497412e326bb57f2ee5bbe9042d8,483.0,,22.3,91.0
1774,1719239718293,abc0d16aaf15b3a4ee2e561195dfd82ab260497412e326bb57f2ee5bbe9042d8,486.0,,21.9,91.0
1775,1719240330430,abc0d16aaf15b3a4ee2e561195dfd82ab260497412e326bb57f2ee5bbe9042d8,485.0,,21.5,92.0
1776,1719240942658,abc0d16aaf15b3a4ee2e561195dfd82ab260497412e326bb57f2ee5bbe9042d8,481.0,,21.3,94.0
1777,1719241554868,abc0d16aaf15b3a4ee2e561195dfd82ab260497412e326bb57f2ee5bbe9042d8,464.0,,21.2,94.0
1778,1719242167025,abc0d16aaf15b3a4ee2e561195dfd82ab260497412e326bb57f2ee5bbe9042d8,493.0,,20.7,94.0
1779,1719242779173,abc0d16aaf15b3a4ee2e561195dfd82ab260497412e326bb57f2ee5bbe9042d8,488.0,,20.5,97.0
1780,1719243391316,abc0d16aaf15b3a4ee2e561195dfd82ab260497412e326bb57f2ee5bbe9042d8,480.0,,20.5,97.0
1781,1719244003530,abc0d16aaf15b3a4ee2e561195dfd82ab260497412e326bb57f2ee5bbe9042d8,469.0,,20.2,97.0
1782,1719244615657,abc0d16aaf15b3a4ee2e561195dfd82ab260497412e326bb57f2ee5bbe9042d8,495.0,,19.5,100.0
1783,1719245227807,abc0d16aaf15b3a4ee2e561195dfd82ab260497412e326bb57f2ee5bbe9042d8,507.0,,18.9,100.0
1784,1719245840012,abc0d16aaf15b3a4ee2e561195dfd82ab260497412e326bb57f2ee5bbe9042d8,464.0,,17.2,100.0
1785,1719246452180,abc0d16aaf15b3a4ee2e561195dfd82ab260497412e326bb57f2ee5bbe9042d8,477.0,,17.0,100.0
1786,1719247064379,abc0d16aaf15b3a4ee2e561195dfd82ab260497412e326bb57f2ee5bbe9042d8,482.0,,17.3,100.0
1787,1719247676545,abc0d16aaf15b3a4ee2e561195dfd82ab260497412e326bb57f2ee5bbe9042d8,483.0,,17.5,100.0
1788,1719248288755,abc0d16aaf15b3a4ee2e561195dfd82ab260497412e326bb57f2ee5bbe9042d8,494.0,,17.4,100.0
1789,1719248900901,abc0d16aaf15b3a4ee2e561195dfd82ab260497412e326bb57f2ee5bbe9042d8,499.0,,17.3,100.0
1790,1719249513039,abc0d16aaf15b3a4ee2e561195dfd82ab260497412e326bb57f2ee5bbe9042d8,493.0,,17.4,100.0
1791,1719250125177,abc0d16aaf15b3a4ee2e561195dfd82ab260497412e326bb57f2ee5bbe9042d8,496.0,,17.5,100.0
1792,1719250737409,abc0d16aaf15b3a4ee2e561195dfd82ab260497412e326bb57f2ee5bbe9042d8,493.0,,17.7,100.0
1793,1719251349537,abc0d16aaf15b3a4ee2e561195dfd82ab260497412e326bb57f2ee5bbe9042d8,498.0,,17.5,100.0
1794,1719251961683,abc0d16aaf15b3a4ee2e561195dfd82ab260497412e326bb57f2ee5bbe9042d8,512.0,,17.7,100.0
1795,1719252573813,abc0d16aaf15b3a4ee2e561195dfd82ab260497412e326bb57f2ee5bbe9042d8,489.0,,17.6,100.0
1796,1719253185961,abc0d16aaf15b3a4ee2e561195dfd82ab260497412e326bb57f2ee5bbe9042d8,496.0,,17.7,100.0
1797,1719253798120,abc0d16aaf15b3a4ee2e561195dfd82ab260497412e326bb57f2ee5bbe9042d8,505.0,,17.7,100.0
1798,1719254410341,abc0d16aaf15b3a4ee2e561195dfd82ab260497412e326bb57f2ee5bbe9042d8,489.0,,17.7,100.0
1799,1719255022574,abc0d16aaf15b3a4ee2e561195dfd82ab260497412e326bb57f2ee5bbe9042d8,487.0,,17.8,100.0
1800,1719255634732,abc0d16aaf15b3a4ee2e561195dfd82ab260497412e326bb57f2ee5bbe9042d8,498.0,,17.9,100.0
1801,1719256246954,abc0d16aaf15b3a4ee2e561195dfd82ab260497412e326bb57f2ee5bbe9042d8,483.0,,17.9,100.0
1802,1719256859087,abc0d16aaf15b3a4ee2e561195dfd82ab260497412e326bb57f2ee5bbe9042d8,503.0,,18.0,100.0
1803,1719257471241,abc0d16aaf15b3a4ee2e561195dfd82ab260497412e326bb57f2ee5bbe9042d8,491.0,,18.0,100.0
1804,1719258083459,abc0d16aaf15b3a4ee2e561195dfd82ab260497412e326bb57f2ee5bbe9042d8,498.0,,18.0,100.0
1805,1719258695680,abc0d16aaf15b3a4ee2e561195dfd82ab260497412e326bb57f2ee5bbe9042d8,493.0,,17.9,100.0
1806,1719259307825,abc0d16aaf15b3a4ee2e561195dfd82ab260497412e326bb57f2ee5bbe9042d8,485.0,,18.0,100.0
1807,1719259919965,abc0d16aaf15b3a4ee2e561195dfd82ab260497412e326bb57f2ee5bbe9042d8,488.0,,18.0,100.0
1808,1719260532183,abc0d16aaf15b3a4ee2e561195dfd82ab260497412e326bb57f2ee5bbe9042d8,501.0,,17.9,100.0
1809,1719261144344,abc0d16aaf15b3a4ee2e561195dfd82ab260497412e326bb57f2ee5bbe9042d8,485.0,,17.8,100.0
1810,1719261756551,abc0d16aaf15b3a4ee2e561195dfd82ab260497412e326bb57f2ee5bbe9042d8,500.0,,17.7,100.0
1811,1719262368692,abc0d16aaf15b3a4ee2e561195dfd82ab260497412e326bb57f2ee5bbe9042d8,488.0,,17.8,100.0
1812,1719262980847,abc0d16aaf15b3a4ee2e561195dfd82ab260497412e326bb57f2ee5bbe9042d8,493.0,,17.8,100.0
1813,1719263592970,abc0d16aaf15b3a4ee2e561195dfd82ab260497412e326bb57f2ee5bbe9042d8,492.0,,17.7,100.0
1814,1719264205126,abc0d16aaf15b3a4ee2e561195dfd82ab260497412e326bb57f2ee5bbe9042d8,488.0,,17.8,100.0
1815,1719264817247,abc0d16aaf15b3a4ee2e561195dfd82ab260497412e326bb57f2ee5bbe9042d8,511.0,,17.8,100.0
1816,1719265429400,abc0d16aaf15b3a4ee2e561195dfd82ab260497412e326bb57f2ee5bbe9042d8,495.0,,17.8,100.0
1817,1719266041614,abc0d16aaf15b3a4ee2e561195dfd82ab260497412e326bb57f2ee5bbe9042d8,490.0,,17.8,100.0
1818,1719267265963,abc0d16aaf15b3a4ee2e561195dfd82ab260497412e326bb57f2ee5bbe9042d8,480.0,,17.7,100.0
1819,1719267878108,abc0d16aaf15b3a4ee2e561195dfd82ab260497412e326bb57f2ee5bbe9042d8,477.0,,17.7,100.0
1820,1719268490277,abc0d16aaf15b3a4ee2e561195dfd82ab260497412e326bb57f2ee5bbe9042d8,494.0,,17.6,100.0
1821,1719269102492,abc0d16aaf15b3a4ee2e561195dfd82ab260497412e326bb57f2ee5bbe9042d8,491.0,,17.4,100.0
1822,1719269714626,abc0d16aaf15b3a4ee2e561195dfd82ab260497412e326bb57f2ee5bbe9042d8,468.0,,17.3,100.0
1823,1719270326850,abc0d16aaf15b3a4ee2e561195dfd82ab260497412e326bb57f2ee5bbe9042d8,480.0,,17.0,100.0
1824,1719270938988,abc0d16aaf15b3a4ee2e561195dfd82ab260497412e326bb57f2ee5bbe9042d8,489.0,,16.9,100.0
1825,1719272163267,abc0d16aaf15b3a4ee2e561195dfd82ab260497412e326bb57f2ee5bbe9042d8,491.0,,16.8,100.0
1826,1719272775413,abc0d16aaf15b3a4ee2e561195dfd82ab260497412e326bb57f2ee5bbe9042d8,481.0,,16.8,100.0
1827,1719273387640,abc0d16aaf15b3a4ee2e561195dfd82ab260497412e326bb57f2ee5bbe9042d8,494.0,,16.8,100.0
1828,1719273999776,abc0d16aaf15b3a4ee2e561195dfd82ab260497412e326bb57f2ee5bbe9042d8,500.0,,16.7,100.0
1829,1719274611907,abc0d16aaf15b3a4ee2e561195dfd82ab260497412e326bb57f2ee5bbe9042d8,495.0,,16.7,100.0
1830,1719275224046,abc0d16aaf15b3a4ee2e561195dfd82ab260497412e326bb57f2ee5bbe9042d8,480.0,,16.7,100.0
1831,1719275836201,abc0d16aaf15b3a4ee2e561195dfd82ab260497412e326bb57f2ee5bbe9042d8,485.0,,16.7,100.0
1832,1719276448422,abc0d16aaf15b3a4ee2e561195dfd82ab260497412e326bb57f2ee5bbe9042d8,479.0,,16.7,100.0
1833,1719277060591,abc0d16aaf15b3a4ee2e561195dfd82ab260497412e326bb57f2ee5bbe9042d8,501.0,,16.7,100.0
1834,1719277672714,abc0d16aaf15b3a4ee2e561195dfd82ab260497412e326bb57f2ee5bbe9042d8,499.0,,16.6,100.0
1835,1719278284933,abc0d16aaf15b3a4ee2e561195dfd82ab260497412e326bb57f2ee5bbe9042d8,494.0,,16.7,100.0
1836,1719278897081,abc0d16aaf15b3a4ee2e561195dfd82ab260497412e326bb57f2ee5bbe9042d8,495.0,,16.6,100.0
1837,1719279509220,abc0d16aaf15b3a4ee2e561195dfd82ab260497412e326bb57f2ee5bbe9042d8,479.0,,16.6,100.0
1838,1719280121463,abc0d16aaf15b3a4ee2e561195dfd82ab260497412e326bb57f2ee5bbe9042d8,499.0,,16.6,100.0
1839,1719280733590,abc0d16aaf15b3a4ee2e561195dfd82ab260497412e326bb57f2ee5bbe9042d8,494.0,,16.6,100.0
1840,1719281345760,abc0d16aaf15b3a4ee2e561195dfd82ab260497412e326bb57f2ee5bbe9042d8,493.0,,16.6,100.0
1841,1719281957874,abc0d16aaf15b3a4ee2e561195dfd82ab260497412e326bb57f2ee5bbe9042d8,504.0,,16.6,100.0
1842,1719282570026,abc0d16aaf15b3a4ee2e561195dfd82ab260497412e326bb57f2ee5bbe9042d8,509.0,,16.6,100.0
1843,1719283182243,abc0d16aaf15b3a4ee2e561195dfd82ab260497412e326bb57f2ee5bbe9042d8,490.0,,16.6,100.0
1844,1719283794471,abc0d16aaf15b3a4ee2e561195dfd82ab260497412e326bb57f2ee5bbe9042d8,490.0,,16.7,100.0
1845,1719284406610,abc0d16aaf15b3a4ee2e561195dfd82ab260497412e326bb57f2ee5bbe9042d8,500.0,,16.7,100.0
1846,1719285018830,abc0d16aaf15b3a4ee2e561195dfd82ab260497412e326bb57f2ee5bbe9042d8,484.0,,16.7,100.0
1847,1719285630973,abc0d16aaf15b3a4ee2e561195dfd82ab260497412e326bb57f2ee5bbe9042d8,504.0,,16.8,100.0
1848,1719286243200,abc0d16aaf15b3a4ee2e561195dfd82ab260497412e326bb57f2ee5bbe9042d8,505.0,,16.7,100.0
1849,1719286855332,abc0d16aaf15b3a4ee2e561195dfd82ab260497412e326bb57f2ee5bbe9042d8,504.0,,16.7,100.0
1850,1719287467556,abc0d16aaf15b3a4ee2e561195dfd82ab260497412e326bb57f2ee5bbe9042d8,499.0,,16.7,100.0
1851,1719288079694,abc0d16aaf15b3a4ee2e561195dfd82ab260497412e326bb57f2ee5bbe9042d8,497.0,,16.7,100.0
1852,1719288691912,abc0d16aaf15b3a4ee2e561195dfd82ab260497412e326bb57f2ee5bbe9042d8,508.0,,16.7,100.0
1853,1719289304036,abc0d16aaf15b3a4ee2e561195dfd82ab260497412e326bb57f2ee5bbe9042d8,499.0,,16.7,100.0
1854,1719289916182,abc0d16aaf15b3a4ee2e561195dfd82ab260497412e326bb57f2ee5bbe9042d8,502.0,,16.8,100.0
1855,1719290528349,abc0d16aaf15b3a4ee2e561195dfd82ab260497412e326bb57f2ee5bbe9042d8,499.0,,16.9,100.0
1856,1719291140548,abc0d16aaf15b3a4ee2e561195dfd82ab260497412e326bb57f2ee5bbe9042d8,489.0,,16.9,100.0
1857,1719291752694,abc0d16aaf15b3a4ee2e561195dfd82ab260497412e326bb57f2ee5bbe9042d8,492.0,,16.9,100.0
1858,1719292364890,abc0d16aaf15b3a4ee2e561195dfd82ab260497412e326bb57f2ee5bbe9042d8,503.0,,17.0,100.0
1859,1719292977122,abc0d16aaf15b3a4ee2e561195dfd82ab260497412e326bb57f2ee5bbe9042d8,502.0,,17.0,100.0
1860,1719293589268,abc0d16aaf15b3a4ee2e561195dfd82ab260497412e326bb57f2ee5bbe9042d8,491.0,,17.1,100.0
1861,1719294201416,abc0d16aaf15b3a4ee2e561195dfd82ab260497412e326bb57f2ee5bbe9042d8,498.0,,17.0,100.0
1862,1719294813633,abc0d16aaf15b3a4ee2e561195dfd82ab260497412e326bb57f2ee5bbe9042d8,507.0,,17.1,100.0
1863,1719295425780,abc0d16aaf15b3a4ee2e561195dfd82ab260497412e326bb57f2ee5bbe9042d8,503.0,,17.2,100.0
1864,1719296037912,abc0d16aaf15b3a4ee2e561195dfd82ab260497412e326bb57f2ee5bbe9042d8,502.0,,17.4,100.0
1865,1719296650046,abc0d16aaf15b3a4ee2e561195dfd82ab260497412e326bb57f2ee5bbe9042d8,504.0,,17.6,100.0
1866,1719297262262,abc0d16aaf15b3a4ee2e561195dfd82ab260497412e326bb57f2ee5bbe9042d8,499.0,,17.7,100.0
1867,1719297874424,abc0d16aaf15b3a4ee2e561195dfd82ab260497412e326bb57f2ee5bbe9042d8,496.0,,17.6,100.0
1868,1719298486625,abc0d16aaf15b3a4ee2e561195dfd82ab260497412e326bb57f2ee5bbe9042d8,501.0,,17.5,100.0
1869,1719299098751,abc0d16aaf15b3a4ee2e561195dfd82ab260497412e326bb57f2ee5bbe9042d8,494.0,,17.1,100.0
1870,1719299710891,abc0d16aaf15b3a4ee2e561195dfd82ab260497412e326bb57f2ee5bbe9042d8,505.0,,17.0,100.0
1871,1719300323047,abc0d16aaf15b3a4ee2e561195dfd82ab260497412e326bb57f2ee5bbe9042d8,483.0,,17.0,100.0
1872,1719300935182,abc0d16aaf15b3a4ee2e561195dfd82ab260497412e326bb57f2ee5bbe9042d8,482.0,,16.9,100.0
1873,1719301547364,abc0d16aaf15b3a4ee2e561195dfd82ab260497412e326bb57f2ee5bbe9042d8,479.0,,17.7,100.0
1874,1719302159562,abc0d16aaf15b3a4ee2e561195dfd82ab260497412e326bb57f2ee5bbe9042d8,475.0,,18.6,100.0
1875,1719302771719,abc0d16aaf15b3a4ee2e561195dfd82ab260497412e326bb57f2ee5bbe9042d8,481.0,,19.0,100.0
1876,1719303383857,abc0d16aaf15b3a4ee2e561195dfd82ab260497412e326bb57f2ee5bbe9042d8,487.0,,18.8,100.0
1877,1719303996056,abc0d16aaf15b3a4ee2e561195dfd82ab260497412e326bb57f2ee5bbe9042d8,483.0,,18.7,100.0
1878,1719304608202,abc0d16aaf15b3a4ee2e561195dfd82ab260497412e326bb57f2ee5bbe9042d8,489.0,,18.9,100.0
1879,1719305220339,abc0d16aaf15b3a4ee2e561195dfd82ab260497412e326bb57f2ee5bbe9042d8,475.0,,19.6,100.0
1880,1719305832478,abc0d16aaf15b3a4ee2e561195dfd82ab260497412e326bb57f2ee5bbe9042d8,500.0,,19.5,100.0
1881,1719306444618,abc0d16aaf15b3a4ee2e561195dfd82ab260497412e326bb57f2ee5bbe9042d8,477.0,,19.4,100.0
1882,1719307056758,abc0d16aaf15b3a4ee2e561195dfd82ab260497412e326bb57f2ee5bbe9042d8,497.0,,19.0,100.0
1883,1719307668994,abc0d16aaf15b3a4ee2e561195dfd82ab260497412e326bb57f2ee5bbe9042d8,503.0,,18.8,100.0
1884,1719308281123,abc0d16aaf15b3a4ee2e561195dfd82ab260497412e326bb57f2ee5bbe9042d8,463.0,,18.9,100.0
1885,1719308893341,abc0d16aaf15b3a4ee2e561195dfd82ab260497412e326bb57f2ee5bbe9042d8,486.0,,19.1,100.0
1886,1719309505483,abc0d16aaf15b3a4ee2e561195dfd82ab260497412e326bb57f2ee5bbe9042d8,464.0,,19.2,100.0
1887,1719310117619,abc0d16aaf15b3a4ee2e561195dfd82ab260497412e326bb57f2ee5bbe9042d8,484.0,,19.0,100.0
1888,1719310729760,abc0d16aaf15b3a4ee2e561195dfd82ab260497412e326bb57f2ee5bbe9042d8,479.0,,19.0,100.0
1889,1719311341911,abc0d16aaf15b3a4ee2e561195dfd82ab260497412e326bb57f2ee5bbe9042d8,485.0,,19.3,100.0
1890,1719311954083,abc0d16aaf15b3a4ee2e561195dfd82ab260497412e326bb57f2ee5bbe9042d8,477.0,,19.2,100.0
1891,1719312566221,abc0d16aaf15b3a4ee2e561195dfd82ab260497412e326bb57f2ee5bbe9042d8,479.0,,19.2,100.0
1892,1719313178356,abc0d16aaf15b3a4ee2e561195dfd82ab260497412e326bb57f2ee5bbe9042d8,483.0,,19.5,100.0
1893,1719313790518,abc0d16aaf15b3a4ee2e561195dfd82ab260497412e326bb57f2ee5bbe9042d8,482.0,,19.6,100.0
1894,1719314402677,abc0d16aaf15b3a4ee2e561195dfd82ab260497412e326bb57f2ee5bbe9042d8,483.0,,19.4,100.0
1895,1719315014800,abc0d16aaf15b3a4ee2e561195dfd82ab260497412e326bb57f2ee5bbe9042d8,475.0,,19.5,100.0
1896,1719315626992,abc0d16aaf15b3a4ee2e561195dfd82ab260497412e326bb57f2ee5bbe9042d8,481.0,,20.3,100.0
1897,1719316239178,abc0d16aaf15b3a4ee2e561195dfd82ab260497412e326bb57f2ee5bbe9042d8,474.0,,20.8,100.0
1898,1719316851302,abc0d16aaf15b3a4ee2e561195dfd82ab260497412e326bb57f2ee5bbe9042d8,473.0,,21.2,100.0
1899,1719317463451,abc0d16aaf15b3a4ee2e561195dfd82ab260497412e326bb57f2ee5bbe9042d8,468.0,,21.9,100.0
1900,1719318075600,abc0d16aaf15b3a4ee2e561195dfd82ab260497412e326bb57f2ee5bbe9042d8,486.0,,22.2,100.0
1901,1719318687734,abc0d16aaf15b3a4ee2e561195dfd82ab260497412e326bb57f2ee5bbe9042d8,501.0,,22.5,100.0
1902,1719319299885,abc0d16aaf15b3a4ee2e561195dfd82ab260497412e326bb57f2ee5bbe9042d8,483.0,,22.5,100.0
1903,1719319912128,abc0d16aaf15b3a4ee2e561195dfd82ab260497412e326bb57f2ee5bbe9042d8,484.0,,22.6,100.0
1904,1719320524238,abc0d16aaf15b3a4ee2e561195dfd82ab260497412e326bb57f2ee5bbe9042d8,497.0,,23.1,99.0
1905,1719321136424,abc0d16aaf15b3a4ee2e561195dfd82ab260497412e326bb57f2ee5bbe9042d8,494.0,,23.0,96.0
1906,1719321748574,abc0d16aaf15b3a4ee2e561195dfd82ab260497412e326bb57f2ee5bbe9042d8,497.0,,23.1,96.0
1907,1719322360715,abc0d16aaf15b3a4ee2e561195dfd82ab260497412e326bb57f2ee5bbe9042d8,497.0,,23.2,96.0
1908,1719322972867,abc0d16aaf15b3a4ee2e561195dfd82ab260497412e326bb57f2ee5bbe9042d8,473.0,,23.5,95.0
1909,1719323585084,abc0d16aaf15b3a4ee2e561195dfd82ab260497412e326bb57f2ee5bbe9042d8,473.0,,23.0,94.0
1910,1719324197215,abc0d16aaf15b3a4ee2e561195dfd82ab260497412e326bb57f2ee5bbe9042d8,468.0,,22.1,94.0
1911,1719324809355,abc0d16aaf15b3a4ee2e561195dfd82ab260497412e326bb57f2ee5bbe9042d8,491.0,,22.5,96.0
1912,1719325421484,abc0d16aaf15b3a4ee2e561195dfd82ab260497412e326bb57f2ee5bbe9042d8,487.0,,22.0,96.0
1913,1719326033613,abc0d16aaf15b3a4ee2e561195dfd82ab260497412e326bb57f2ee5bbe9042d8,496.0,,21.7,96.0
1914,1719326645849,abc0d16aaf15b3a4ee2e561195dfd82ab260497412e326bb57f2ee5bbe9042d8,493.0,,21.3,98.0
1915,1719327257980,abc0d16aaf15b3a4ee2e561195dfd82ab260497412e326bb57f2ee5bbe9042d8,492.0,,21.0,91.0
1916,1719327870180,abc0d16aaf15b3a4ee2e561195dfd82ab260497412e326bb57f2ee5bbe9042d8,478.0,,20.3,91.0
1917,1719328482318,abc0d16aaf15b3a4ee2e561195dfd82ab260497412e326bb57f2ee5bbe9042d8,480.0,,19.0,88.0
1918,1719329094483,abc0d16aaf15b3a4ee2e561195dfd82ab260497412e326bb57f2ee5bbe9042d8,487.0,,18.3,91.0
1919,1719329706709,abc0d16aaf15b3a4ee2e561195dfd82ab260497412e326bb57f2ee5bbe9042d8,474.0,,17.7,91.0
1920,1719330318838,abc0d16aaf15b3a4ee2e561195dfd82ab260497412e326bb57f2ee5bbe9042d8,470.0,,16.9,96.0
1921,1719330930981,abc0d16aaf15b3a4ee2e561195dfd82ab260497412e326bb57f2ee5bbe9042d8,488.0,,16.4,100.0
1922,1719331543201,abc0d16aaf15b3a4ee2e561195dfd82ab260497412e326bb57f2ee5bbe9042d8,474.0,,16.3,100.0
1923,1719332155354,abc0d16aaf15b3a4ee2e561195dfd82ab260497412e326bb57f2ee5bbe9042d8,479.0,,16.6,100.0
1924,1719332767515,abc0d16aaf15b3a4ee2e561195dfd82ab260497412e326bb57f2ee5bbe9042d8,481.0,,16.9,100.0
1925,1719333379639,abc0d16aaf15b3a4ee2e561195dfd82ab260497412e326bb57f2ee5bbe9042d8,469.0,,17.1,100.0
1926,1719333991875,abc0d16aaf15b3a4ee2e561195dfd82ab260497412e326bb57f2ee5bbe9042d8,482.0,,17.3,100.0
1927,1719334604003,abc0d16aaf15b3a4ee2e561195dfd82ab260497412e326bb57f2ee5bbe9042d8,469.0,,17.3,100.0
1928,1719335216139,abc0d16aaf15b3a4ee2e561195dfd82ab260497412e326bb57f2ee5bbe9042d8,480.0,,17.2,100.0
1929,1719335828274,abc0d16aaf15b3a4ee2e561195dfd82ab260497412e326bb57f2ee5bbe9042d8,490.0,,17.1,100.0
1930,1719336440423,abc0d16aaf15b3a4ee2e561195dfd82ab260497412e326bb57f2ee5bbe9042d8,484.0,,17.0,100.0
1931,1719337052561,abc0d16aaf15b3a4ee2e561195dfd82ab260497412e326bb57f2ee5bbe9042d8,486.0,,17.1,100.0
1932,1719338276905,abc0d16aaf15b3a4ee2e561195dfd82ab260497412e326bb57f2ee5bbe9042d8,480.0,,17.3,100.0
1933,1719338889043,abc0d16aaf15b3a4ee2e561195dfd82ab260497412e326bb57f2ee5bbe9042d8,489.0,,17.4,100.0
1934,1719339501243,abc0d16aaf15b3a4ee2e561195dfd82ab260497412e326bb57f2ee5bbe9042d8,486.0,,17.4,100.0
1935,1719340113389,abc0d16aaf15b3a4ee2e561195dfd82ab260497412e326bb57f2ee5bbe9042d8,459.0,,17.6,100.0
1936,1719340725592,abc0d16aaf15b3a4ee2e561195dfd82ab260497412e326bb57f2ee5bbe9042d8,469.0,,17.7,100.0
1937,1719341337767,abc0d16aaf15b3a4ee2e561195dfd82ab260497412e326bb57f2ee5bbe9042d8,487.0,,17.6,100.0
1938,1719341949895,abc0d16aaf15b3a4ee2e561195dfd82ab260497412e326bb57f2ee5bbe9042d8,493.0,,17.6,100.0
1939,1719342562028,abc0d16aaf15b3a4ee2e561195dfd82ab260497412e326bb57f2ee5bbe9042d8,499.0,,17.7,100.0
1940,1719343174245,abc0d16aaf15b3a4ee2e561195dfd82ab260497412e326bb57f2ee5bbe9042d8,501.0,,17.6,100.0
1941,1719343786394,abc0d16aaf15b3a4ee2e561195dfd82ab260497412e326bb57f2ee5bbe9042d8,490.0,,17.6,100.0
1942,1719344398532,abc0d16aaf15b3a4ee2e561195dfd82ab260497412e326bb57f2ee5bbe9042d8,490.0,,17.7,100.0
1943,1719345010723,abc0d16aaf15b3a4ee2e561195dfd82ab260497412e326bb57f2ee5bbe9042d8,494.0,,17.8,100.0
1944,1719345622891,abc0d16aaf15b3a4ee2e561195dfd82ab260497412e326bb57f2ee5bbe9042d8,482.0,,17.8,100.0
1945,1719346235015,abc0d16aaf15b3a4ee2e561195dfd82ab260497412e326bb57f2ee5bbe9042d8,506.0,,17.7,100.0
1946,1719346847189,abc0d16aaf15b3a4ee2e561195dfd82ab260497412e326bb57f2ee5bbe9042d8,482.0,,17.7,100.0
1947,1719347459329,abc0d16aaf15b3a4ee2e561195dfd82ab260497412e326bb57f2ee5bbe9042d8,498.0,,17.6,100.0
1948,1719348071483,abc0d16aaf15b3a4ee2e561195dfd82ab260497412e326bb57f2ee5bbe9042d8,498.0,,17.7,100.0
1949,1719348683639,abc0d16aaf15b3a4ee2e561195dfd82ab260497412e326bb57f2ee5bbe9042d8,468.0,,17.7,100.0
1950,1719349295790,abc0d16aaf15b3a4ee2e561195dfd82ab260497412e326bb57f2ee5bbe9042d8,486.0,,17.8,100.0
1951,1719349907925,abc0d16aaf15b3a4ee2e561195dfd82ab260497412e326bb57f2ee5bbe9042d8,473.0,,17.7,100.0
1952,1719350520082,abc0d16aaf15b3a4ee2e561195dfd82ab260497412e326bb57f2ee5bbe9042d8,486.0,,17.5,100.0
1953,1719351132225,abc0d16aaf15b3a4ee2e561195dfd82ab260497412e326bb57f2ee5bbe9042d8,502.0,,17.3,100.0
1954,1719351744373,abc0d16aaf15b3a4ee2e561195dfd82ab260497412e326bb57f2ee5bbe9042d8,494.0,,17.1,100.0
1955,1719352356595,abc0d16aaf15b3a4ee2e561195dfd82ab260497412e326bb57f2ee5bbe9042d8,513.0,,16.9,100.0
1956,1719352968737,abc0d16aaf15b3a4ee2e561195dfd82ab260497412e326bb57f2ee5bbe9042d8,492.0,,16.7,100.0
1957,1719353580869,abc0d16aaf15b3a4ee2e561195dfd82ab260497412e326bb57f2ee5bbe9042d8,490.0,,16.7,100.0
1958,1719354193027,abc0d16aaf15b3a4ee2e561195dfd82ab260497412e326bb57f2ee5bbe9042d8,503.0,,16.7,100.0
1959,1719354805185,abc0d16aaf15b3a4ee2e561195dfd82ab260497412e326bb57f2ee5bbe9042d8,491.0,,16.6,100.0
1960,1719355417415,abc0d16aaf15b3a4ee2e561195dfd82ab260497412e326bb57f2ee5bbe9042d8,503.0,,16.6,100.0
1961,1719356029607,abc0d16aaf15b3a4ee2e561195dfd82ab260497412e326bb57f2ee5bbe9042d8,513.0,,16.8,100.0
1962,1719356641779,abc0d16aaf15b3a4ee2e561195dfd82ab260497412e326bb57f2ee5bbe9042d8,501.0,,16.9,100.0
1963,1719357253989,abc0d16aaf15b3a4ee2e561195dfd82ab260497412e326bb57f2ee5bbe9042d8,508.0,,17.0,100.0
1964,1719357866129,abc0d16aaf15b3a4ee2e561195dfd82ab260497412e326bb57f2ee5bbe9042d8,495.0,,17.1,100.0
1965,1719358478279,abc0d16aaf15b3a4ee2e561195dfd82ab260497412e326bb57f2ee5bbe9042d8,502.0,,17.2,100.0
1966,1719359090507,abc0d16aaf15b3a4ee2e561195dfd82ab260497412e326bb57f2ee5bbe9042d8,495.0,,17.2,100.0
1967,1719359702645,abc0d16aaf15b3a4ee2e561195dfd82ab260497412e326bb57f2ee5bbe9042d8,505.0,,17.1,100.0
1968,1719360314806,abc0d16aaf15b3a4ee2e561195dfd82ab260497412e326bb57f2ee5bbe9042d8,495.0,,17.1,100.0
1969,1719360927029,abc0d16aaf15b3a4ee2e561195dfd82ab260497412e326bb57f2ee5bbe9042d8,524.0,,17.1,100.0
1970,1719361539169,abc0d16aaf15b3a4ee2e561195dfd82ab260497412e326bb57f2ee5bbe9042d8,511.0,,17.0,100.0
1971,1719362151318,abc0d16aaf15b3a4ee2e561195dfd82ab260497412e326bb57f2ee5bbe9042d8,497.0,,17.0,100.0
1972,1719362763450,abc0d16aaf15b3a4ee2e561195dfd82ab260497412e326bb57f2ee5bbe9042d8,507.0,,16.8,100.0
1973,1719363375579,abc0d16aaf15b3a4ee2e561195dfd82ab260497412e326bb57f2ee5bbe9042d8,515.0,,16.7,100.0
1974,1719363987737,abc0d16aaf15b3a4ee2e561195dfd82ab260497412e326bb57f2ee5bbe9042d8,503.0,,16.8,100.0
1975,1719364599854,abc0d16aaf15b3a4ee2e561195dfd82ab260497412e326bb57f2ee5bbe9042d8,507.0,,16.6,100.0
1976,1719365212006,abc0d16aaf15b3a4ee2e561195dfd82ab260497412e326bb57f2ee5bbe9042d8,503.0,,16.6,100.0
1977,1719365824153,abc0d16aaf15b3a4ee2e561195dfd82ab260497412e326bb57f2ee5bbe9042d8,522.0,,16.4,100.0
1978,1719366436344,abc0d16aaf15b3a4ee2e561195dfd82ab260497412e326bb57f2ee5bbe9042d8,515.0,,16.3,100.0
1979,1719367048495,abc0d16aaf15b3a4ee2e561195dfd82ab260497412e326bb57f2ee5bbe9042d8,515.0,,16.4,100.0
1980,1719367660640,abc0d16aaf15b3a4ee2e561195dfd82ab260497412e326bb57f2ee5bbe9042d8,518.0,,16.4,100.0
1981,1719368272854,abc0d16aaf15b3a4ee2e561195dfd82ab260497412e326bb57f2ee5bbe9042d8,504.0,,16.5,100.0
1982,1719368884978,abc0d16aaf15b3a4ee2e561195dfd82ab260497412e326bb57f2ee5bbe9042d8,528.0,,16.6,100.0
1983,1719369497126,abc0d16aaf15b3a4ee2e561195dfd82ab260497412e326bb57f2ee5bbe9042d8,512.0,,16.8,100.0
1984,1719370109287,abc0d16aaf15b3a4ee2e561195dfd82ab260497412e326bb57f2ee5bbe9042d8,513.0,,16.8,100.0
1985,1719370721458,abc0d16aaf15b3a4ee2e561195dfd82ab260497412e326bb57f2ee5bbe9042d8,525.0,,16.9,100.0
1986,1719371333600,abc0d16aaf15b3a4ee2e561195dfd82ab260497412e326bb57f2ee5bbe9042d8,516.0,,16.9,100.0
1987,1719371945806,abc0d16aaf15b3a4ee2e561195dfd82ab260497412e326bb57f2ee5bbe9042d8,520.0,,16.9,100.0
1988,1719372558020,abc0d16aaf15b3a4ee2e561195dfd82ab260497412e326bb57f2ee5bbe9042d8,518.0,,17.1,100.0
1989,1719373170239,abc0d16aaf15b3a4ee2e561195dfd82ab260497412e326bb57f2ee5bbe9042d8,512.0,,17.1,100.0
1990,1719373782454,abc0d16aaf15b3a4ee2e561195dfd82ab260497412e326bb57f2ee5bbe9042d8,516.0,,17.0,100.0
1991,1719374394611,abc0d16aaf15b3a4ee2e561195dfd82ab260497412e326bb57f2ee5bbe9042d8,509.0,,17.1,100.0
1992,1719375006757,abc0d16aaf15b3a4ee2e561195dfd82ab260497412e326bb57f2ee5bbe9042d8,522.0,,17.3,100.0
1993,1719375618904,abc0d16aaf15b3a4ee2e561195dfd82ab260497412e326bb57f2ee5bbe9042d8,505.0,,17.3,100.0
1994,1719376231116,abc0d16aaf15b3a4ee2e561195dfd82ab260497412e326bb57f2ee5bbe9042d8,529.0,,17.6,100.0
1995,1719376843264,abc0d16aaf15b3a4ee2e561195dfd82ab260497412e326bb57f2ee5bbe9042d8,503.0,,17.8,100.0
1996,1719377455468,abc0d16aaf15b3a4ee2e561195dfd82ab260497412e326bb57f2ee5bbe9042d8,499.0,,19.1,100.0
1997,1719378067682,abc0d16aaf15b3a4ee2e561195dfd82ab260497412e326bb57f2ee5bbe9042d8,511.0,,19.0,100.0
1998,1719378679832,abc0d16aaf15b3a4ee2e561195dfd82ab260497412e326bb57f2ee5bbe9042d8,513.0,,19.2,100.0
1999,1719379291989,abc0d16aaf15b3a4ee2e561195dfd82ab260497412e326bb57f2ee5bbe9042d8,507.0,,20.3,100.0
2000,1719379904152,abc0d16aaf15b3a4ee2e561195dfd82ab260497412e326bb57f2ee5bbe9042d8,523.0,,21.0,99.0
2001,1719380516378,abc0d16aaf15b3a4ee2e561195dfd82ab260497412e326bb57f2ee5bbe9042d8,512.0,,21.6,96.0
2002,1719381128502,abc0d16aaf15b3a4ee2e561195dfd82ab260497412e326bb57f2ee5bbe9042d8,521.0,,22.4,96.0
2003,1719381740646,abc0d16aaf15b3a4ee2e561195dfd82ab260497412e326bb57f2ee5bbe9042d8,508.0,,22.5,95.0
2004,1719382352796,abc0d16aaf15b3a4ee2e561195dfd82ab260497412e326bb57f2ee5bbe9042d8,517.0,,23.4,92.0
2005,1719382964938,abc0d16aaf15b3a4ee2e561195dfd82ab260497412e326bb57f2ee5bbe9042d8,507.0,,21.7,95.0
2006,1719383577098,abc0d16aaf15b3a4ee2e561195dfd82ab260497412e326bb57f2ee5bbe9042d8,527.0,,23.5,95.0
2007,1719384189322,abc0d16aaf15b3a4ee2e561195dfd82ab260497412e326bb57f2ee5bbe9042d8,508.0,,24.8,90.0
2008,1719384801455,abc0d16aaf15b3a4ee2e561195dfd82ab260497412e326bb57f2ee5bbe9042d8,493.0,,25.8,86.0
2009,1719385413604,abc0d16aaf15b3a4ee2e561195dfd82ab260497412e326bb57f2ee5bbe9042d8,498.0,,25.9,86.0
2010,1719386025760,abc0d16aaf15b3a4ee2e561195dfd82ab260497412e326bb57f2ee5bbe9042d8,489.0,,26.1,86.0
2011,1719386637991,abc0d16aaf15b3a4ee2e561195dfd82ab260497412e326bb57f2ee5bbe9042d8,480.0,,26.6,84.0
2012,1719387250109,abc0d16aaf15b3a4ee2e561195dfd82ab260497412e326bb57f2ee5bbe9042d8,518.0,,27.0,84.0
2013,1719387862256,abc0d16aaf15b3a4ee2e561195dfd82ab260497412e326bb57f2ee5bbe9042d8,500.0,,26.9,84.0
2014,1719388474388,abc0d16aaf15b3a4ee2e561195dfd82ab260497412e326bb57f2ee5bbe9042d8,491.0,,26.0,84.0
2015,1719389086506,abc0d16aaf15b3a4ee2e561195dfd82ab260497412e326bb57f2ee5bbe9042d8,482.0,,26.8,84.0
2016,1719389698715,abc0d16aaf15b3a4ee2e561195dfd82ab260497412e326bb57f2ee5bbe9042d8,481.0,,26.4,83.0
2017,1719390310844,abc0d16aaf15b3a4ee2e561195dfd82ab260497412e326bb57f2ee5bbe9042d8,477.0,,26.1,80.0
2018,1719390922989,abc0d16aaf15b3a4ee2e561195dfd82ab260497412e326bb57f2ee5bbe9042d8,464.0,,26.9,80.0
2019,1719391535168,abc0d16aaf15b3a4ee2e561195dfd82ab260497412e326bb57f2ee5bbe9042d8,481.0,,25.5,81.0
2020,1719392147392,abc0d16aaf15b3a4ee2e561195dfd82ab260497412e326bb57f2ee5bbe9042d8,468.0,,26.6,77.0
2021,1719392759541,abc0d16aaf15b3a4ee2e561195dfd82ab260497412e326bb57f2ee5bbe9042d8,474.0,,27.4,77.0
2022,1719393371757,abc0d16aaf15b3a4ee2e561195dfd82ab260497412e326bb57f2ee5bbe9042d8,472.0,,27.4,76.0
2023,1719393983971,abc0d16aaf15b3a4ee2e561195dfd82ab260497412e326bb57f2ee5bbe9042d8,472.0,,27.4,73.0
2024,1719394596106,abc0d16aaf15b3a4ee2e561195dfd82ab260497412e326bb57f2ee5bbe9042d8,478.0,,28.0,73.0
2025,1719395208252,abc0d16aaf15b3a4ee2e561195dfd82ab260497412e326bb57f2ee5bbe9042d8,476.0,,28.3,65.0
2026,1719395820461,abc0d16aaf15b3a4ee2e561195dfd82ab260497412e326bb57f2ee5bbe9042d8,470.0,,27.8,63.0
2027,1719396432578,abc0d16aaf15b3a4ee2e561195dfd82ab260497412e326bb57f2ee5bbe9042d8,457.0,,27.2,63.0
2028,1719397044725,abc0d16aaf15b3a4ee2e561195dfd82ab260497412e326bb57f2ee5bbe9042d8,477.0,,28.1,62.0
2029,1719397656860,abc0d16aaf15b3a4ee2e561195dfd82ab260497412e326bb57f2ee5bbe9042d8,453.0,,27.9,61.0
2030,1719398269087,abc0d16aaf15b3a4ee2e561195dfd82ab260497412e326bb57f2ee5bbe9042d8,465.0,,27.9,59.0
2031,1719398881229,abc0d16aaf15b3a4ee2e561195dfd82ab260497412e326bb57f2ee5bbe9042d8,449.0,,27.8,59.0
2032,1719399493359,abc0d16aaf15b3a4ee2e561195dfd82ab260497412e326bb57f2ee5bbe9042d8,476.0,,27.9,58.0
2033,1719400105513,abc0d16aaf15b3a4ee2e561195dfd82ab260497412e326bb57f2ee5bbe9042d8,481.0,,28.3,55.0
2034,1719400717742,abc0d16aaf15b3a4ee2e561195dfd82ab260497412e326bb57f2ee5bbe9042d8,480.0,,28.3,55.0
2035,1719401329964,abc0d16aaf15b3a4ee2e561195dfd82ab260497412e326bb57f2ee5bbe9042d8,459.0,,28.2,53.0
2036,1719401942196,abc0d16aaf15b3a4ee2e561195dfd82ab260497412e326bb57f2ee5bbe9042d8,457.0,,28.8,54.0
2037,1719402554348,abc0d16aaf15b3a4ee2e561195dfd82ab260497412e326bb57f2ee5bbe9042d8,445.0,,29.4,54.0
2038,1719403166471,abc0d16aaf15b3a4ee2e561195dfd82ab260497412e326bb57f2ee5bbe9042d8,452.0,,29.3,53.0
2039,1719403778659,abc0d16aaf15b3a4ee2e561195dfd82ab260497412e326bb57f2ee5bbe9042d8,467.0,,29.0,52.0
2040,1719404390857,abc0d16aaf15b3a4ee2e561195dfd82ab260497412e326bb57f2ee5bbe9042d8,443.0,,29.6,52.0
2041,1719405002997,abc0d16aaf15b3a4ee2e561195dfd82ab260497412e326bb57f2ee5bbe9042d8,455.0,,29.9,51.0
2042,1719405615130,abc0d16aaf15b3a4ee2e561195dfd82ab260497412e326bb57f2ee5bbe9042d8,458.0,,30.4,52.0
2043,1719406227286,abc0d16aaf15b3a4ee2e561195dfd82ab260497412e326bb57f2ee5bbe9042d8,441.0,,30.1,52.0
2044,1719406839423,abc0d16aaf15b3a4ee2e561195dfd82ab260497412e326bb57f2ee5bbe9042d8,450.0,,30.3,52.0
2045,1719407451564,abc0d16aaf15b3a4ee2e561195dfd82ab260497412e326bb57f2ee5bbe9042d8,439.0,,30.1,48.0
2046,1719408063692,abc0d16aaf15b3a4ee2e561195dfd82ab260497412e326bb57f2ee5bbe9042d8,459.0,,30.5,48.0
2047,1719408675833,abc0d16aaf15b3a4ee2e561195dfd82ab260497412e326bb57f2ee5bbe9042d8,448.0,,31.1,48.0
2048,1719409287969,abc0d16aaf15b3a4ee2e561195dfd82ab260497412e326bb57f2ee5bbe9042d8,455.0,,31.3,47.0
2049,1719409900124,abc0d16aaf15b3a4ee2e561195dfd82ab260497412e326bb57f2ee5bbe9042d8,451.0,,31.9,47.0
2050,1719410512321,abc0d16aaf15b3a4ee2e561195dfd82ab260497412e326bb57f2ee5bbe9042d8,450.0,,31.3,48.0
2051,1719411124449,abc0d16aaf15b3a4ee2e561195dfd82ab260497412e326bb57f2ee5bbe9042d8,471.0,,31.6,48.0
2052,1719411736594,abc0d16aaf15b3a4ee2e561195dfd82ab260497412e326bb57f2ee5bbe9042d8,451.0,,32.6,48.0
2053,1719412348723,abc0d16aaf15b3a4ee2e561195dfd82ab260497412e326bb57f2ee5bbe9042d8,457.0,,33.2,47.0
2054,1719412960874,abc0d16aaf15b3a4ee2e561195dfd82ab260497412e326bb57f2ee5bbe9042d8,456.0,,32.9,48.0
2055,1719413573028,abc0d16aaf15b3a4ee2e561195dfd82ab260497412e326bb57f2ee5bbe9042d8,444.0,,30.2,48.0
2056,1719414185242,abc0d16aaf15b3a4ee2e561195dfd82ab260497412e326bb57f2ee5bbe9042d8,478.0,,29.6,48.0
2057,1719414797394,abc0d16aaf15b3a4ee2e561195dfd82ab260497412e326bb57f2ee5bbe9042d8,448.0,,29.9,48.0
2058,1719415409538,abc0d16aaf15b3a4ee2e561195dfd82ab260497412e326bb57f2ee5bbe9042d8,449.0,,29.2,49.0
2059,1719416021756,abc0d16aaf15b3a4ee2e561195dfd82ab260497412e326bb57f2ee5bbe9042d8,444.0,,30.8,49.0
2060,1719416633913,abc0d16aaf15b3a4ee2e561195dfd82ab260497412e326bb57f2ee5bbe9042d8,431.0,,31.2,49.0
2061,1719417246076,abc0d16aaf15b3a4ee2e561195dfd82ab260497412e326bb57f2ee5bbe9042d8,448.0,,29.4,53.0
2062,1719417858226,abc0d16aaf15b3a4ee2e561195dfd82ab260497412e326bb57f2ee5bbe9042d8,434.0,,29.0,53.0
2063,1719418470360,abc0d16aaf15b3a4ee2e561195dfd82ab260497412e326bb57f2ee5bbe9042d8,454.0,,30.1,54.0
2064,1719419082504,abc0d16aaf15b3a4ee2e561195dfd82ab260497412e326bb57f2ee5bbe9042d8,453.0,,31.3,51.0
2065,1719419694726,abc0d16aaf15b3a4ee2e561195dfd82ab260497412e326bb57f2ee5bbe9042d8,446.0,,30.3,51.0
2066,1719420306863,abc0d16aaf15b3a4ee2e561195dfd82ab260497412e326bb57f2ee5bbe9042d8,452.0,,29.0,52.0
2067,1719420918998,abc0d16aaf15b3a4ee2e561195dfd82ab260497412e326bb57f2ee5bbe9042d8,473.0,,29.1,52.0
2068,1719421531118,abc0d16aaf15b3a4ee2e561195dfd82ab260497412e326bb57f2ee5bbe9042d8,461.0,,31.1,52.0
2069,1719422143290,abc0d16aaf15b3a4ee2e561195dfd82ab260497412e326bb57f2ee5bbe9042d8,467.0,,32.5,49.0
2070,1719422755456,abc0d16aaf15b3a4ee2e561195dfd82ab260497412e326bb57f2ee5bbe9042d8,455.0,,32.0,48.0
2071,1719423367590,abc0d16aaf15b3a4ee2e561195dfd82ab260497412e326bb57f2ee5bbe9042d8,448.0,,32.7,48.0
2072,1719423979744,abc0d16aaf15b3a4ee2e561195dfd82ab260497412e326bb57f2ee5bbe9042d8,459.0,,32.1,52.0
2073,1719424591878,abc0d16aaf15b3a4ee2e561195dfd82ab260497412e326bb57f2ee5bbe9042d8,463.0,,29.6,58.0
2074,1719425204110,abc0d16aaf15b3a4ee2e561195dfd82ab260497412e326bb57f2ee5bbe9042d8,443.0,,27.9,58.0
2075,1719425816247,abc0d16aaf15b3a4ee2e561195dfd82ab260497412e326bb57f2ee5bbe9042d8,450.0,,26.7,61.0
2076,1719426428386,abc0d16aaf15b3a4ee2e561195dfd82ab260497412e326bb57f2ee5bbe9042d8,457.0,,26.9,62.0
2077,1719427040594,abc0d16aaf15b3a4ee2e561195dfd82ab260497412e326bb57f2ee5bbe9042d8,451.0,,26.4,62.0
2078,1719427652740,abc0d16aaf15b3a4ee2e561195dfd82ab260497412e326bb57f2ee5bbe9042d8,470.0,,25.7,65.0
2079,1719428264977,abc0d16aaf15b3a4ee2e561195dfd82ab260497412e326bb57f2ee5bbe9042d8,479.0,,24.6,70.0
2080,1719428877190,abc0d16aaf15b3a4ee2e561195dfd82ab260497412e326bb57f2ee5bbe9042d8,509.0,,23.6,75.0
2081,1719429489346,abc0d16aaf15b3a4ee2e561195dfd82ab260497412e326bb57f2ee5bbe9042d8,526.0,,22.8,75.0
2082,1719430101576,abc0d16aaf15b3a4ee2e561195dfd82ab260497412e326bb57f2ee5bbe9042d8,555.0,,22.0,81.0
2083,1719430713706,abc0d16aaf15b3a4ee2e561195dfd82ab260497412e326bb57f2ee5bbe9042d8,543.0,,21.5,84.0
2084,1719431325840,abc0d16aaf15b3a4ee2e561195dfd82ab260497412e326bb57f2ee5bbe9042d8,575.0,,21.0,84.0
2085,1719431937998,abc0d16aaf15b3a4ee2e561195dfd82ab260497412e326bb57f2ee5bbe9042d8,576.0,,20.7,86.0
2086,1719432550126,abc0d16aaf15b3a4ee2e561195dfd82ab260497412e326bb57f2ee5bbe9042d8,689.0,,20.4,85.0
2087,1719433162292,abc0d16aaf15b3a4ee2e561195dfd82ab260497412e326bb57f2ee5bbe9042d8,530.0,,20.3,85.0
2088,1719433774444,abc0d16aaf15b3a4ee2e561195dfd82ab260497412e326bb57f2ee5bbe9042d8,500.0,,20.3,86.0
2089,1719434386623,abc0d16aaf15b3a4ee2e561195dfd82ab260497412e326bb57f2ee5bbe9042d8,499.0,,20.2,85.0
2090,1719434998779,abc0d16aaf15b3a4ee2e561195dfd82ab260497412e326bb57f2ee5bbe9042d8,475.0,,20.3,85.0
2091,1719435611006,abc0d16aaf15b3a4ee2e561195dfd82ab260497412e326bb57f2ee5bbe9042d8,467.0,,20.3,85.0
2092,1719436223156,abc0d16aaf15b3a4ee2e561195dfd82ab260497412e326bb57f2ee5bbe9042d8,480.0,,20.3,85.0
2093,1719436835287,abc0d16aaf15b3a4ee2e561195dfd82ab260497412e326bb57f2ee5bbe9042d8,473.0,,20.2,85.0
2094,1719437447525,abc0d16aaf15b3a4ee2e561195dfd82ab260497412e326bb57f2ee5bbe9042d8,492.0,,19.9,85.0
2095,1719438059706,abc0d16aaf15b3a4ee2e561195dfd82ab260497412e326bb57f2ee5bbe9042d8,474.0,,19.8,85.0
2096,1719438671840,abc0d16aaf15b3a4ee2e561195dfd82ab260497412e326bb57f2ee5bbe9042d8,476.0,,19.9,85.0
2097,1719439284000,abc0d16aaf15b3a4ee2e561195dfd82ab260497412e326bb57f2ee5bbe9042d8,486.0,,19.9,85.0
2098,1719439896123,abc0d16aaf15b3a4ee2e561195dfd82ab260497412e326bb57f2ee5bbe9042d8,474.0,,19.9,85.0
2099,1719440508287,abc0d16aaf15b3a4ee2e561195dfd82ab260497412e326bb57f2ee5bbe9042d8,460.0,,20.0,85.0
2100,1719441120522,abc0d16aaf15b3a4ee2e561195dfd82ab260497412e326bb57f2ee5bbe9042d8,462.0,,19.9,84.0
2101,1719441732724,abc0d16aaf15b3a4ee2e561195dfd82ab260497412e326bb57f2ee5bbe9042d8,485.0,,20.0,84.0
2102,1719442344947,abc0d16aaf15b3a4ee2e561195dfd82ab260497412e326bb57f2ee5bbe9042d8,491.0,,19.9,84.0
2103,1719442957086,abc0d16aaf15b3a4ee2e561195dfd82ab260497412e326bb57f2ee5bbe9042d8,463.0,,19.9,84.0
2104,1719443569310,abc0d16aaf15b3a4ee2e561195dfd82ab260497412e326bb57f2ee5bbe9042d8,479.0,,19.8,84.0
2105,1719444181458,abc0d16aaf15b3a4ee2e561195dfd82ab260497412e326bb57f2ee5bbe9042d8,496.0,,19.8,84.0
2106,1719444793597,abc0d16aaf15b3a4ee2e561195dfd82ab260497412e326bb57f2ee5bbe9042d8,492.0,,19.7,84.0
2107,1719445405758,abc0d16aaf15b3a4ee2e561195dfd82ab260497412e326bb57f2ee5bbe9042d8,500.0,,19.5,85.0
2108,1719446017916,abc0d16aaf15b3a4ee2e561195dfd82ab260497412e326bb57f2ee5bbe9042d8,492.0,,19.3,87.0
2109,1719446630061,abc0d16aaf15b3a4ee2e561195dfd82ab260497412e326bb57f2ee5bbe9042d8,488.0,,19.1,87.0
2110,1719447242195,abc0d16aaf15b3a4ee2e561195dfd82ab260497412e326bb57f2ee5bbe9042d8,470.0,,19.2,86.0
2111,1719447854344,abc0d16aaf15b3a4ee2e561195dfd82ab260497412e326bb57f2ee5bbe9042d8,498.0,,19.1,86.0
2112,1719448466568,abc0d16aaf15b3a4ee2e561195dfd82ab260497412e326bb57f2ee5bbe9042d8,483.0,,19.2,86.0
2113,1719449078708,abc0d16aaf15b3a4ee2e561195dfd82ab260497412e326bb57f2ee5bbe9042d8,486.0,,19.0,86.0
2114,1719449690916,abc0d16aaf15b3a4ee2e561195dfd82ab260497412e326bb57f2ee5bbe9042d8,483.0,,19.0,85.0
2115,1719450303062,abc0d16aaf15b3a4ee2e561195dfd82ab260497412e326bb57f2ee5bbe9042d8,483.0,,19.2,85.0
2116,1719450915270,abc0d16aaf15b3a4ee2e561195dfd82ab260497412e326bb57f2ee5bbe9042d8,486.0,,19.1,86.0
2117,1719451527410,abc0d16aaf15b3a4ee2e561195dfd82ab260497412e326bb57f2ee5bbe9042d8,486.0,,19.1,85.0
2118,1719452139629,abc0d16aaf15b3a4ee2e561195dfd82ab260497412e326bb57f2ee5bbe9042d8,478.0,,19.2,85.0
2119,1719452751846,abc0d16aaf15b3a4ee2e561195dfd82ab260497412e326bb57f2ee5bbe9042d8,489.0,,19.1,84.0
2120,1719453364000,abc0d16aaf15b3a4ee2e561195dfd82ab260497412e326bb57f2ee5bbe9042d8,507.0,,19.0,85.0
2121,1719453976196,abc0d16aaf15b3a4ee2e561195dfd82ab260497412e326bb57f2ee5bbe9042d8,474.0,,19.0,85.0
2122,1719454588328,abc0d16aaf15b3a4ee2e561195dfd82ab260497412e326bb57f2ee5bbe9042d8,480.0,,18.9,85.0
2123,1719455200467,abc0d16aaf15b3a4ee2e561195dfd82ab260497412e326bb57f2ee5bbe9042d8,484.0,,18.9,85.0
2124,1719455812610,abc0d16aaf15b3a4ee2e561195dfd82ab260497412e326bb57f2ee5bbe9042d8,500.0,,18.6,85.0
2125,1719456424763,abc0d16aaf15b3a4ee2e561195dfd82ab260497412e326bb57f2ee5bbe9042d8,488.0,,18.5,87.0
2126,1719457036956,abc0d16aaf15b3a4ee2e561195dfd82ab260497412e326bb57f2ee5bbe9042d8,503.0,,18.4,88.0
2127,1719457649119,abc0d16aaf15b3a4ee2e561195dfd82ab260497412e326bb57f2ee5bbe9042d8,488.0,,18.3,88.0
2128,1719458261343,abc0d16aaf15b3a4ee2e561195dfd82ab260497412e326bb57f2ee5bbe9042d8,502.0,,18.0,89.0
2129,1719458873475,abc0d16aaf15b3a4ee2e561195dfd82ab260497412e326bb57f2ee5bbe9042d8,499.0,,18.1,88.0
2130,1719459485601,abc0d16aaf15b3a4ee2e561195dfd82ab260497412e326bb57f2ee5bbe9042d8,484.0,,18.1,89.0
2131,1719460097738,abc0d16aaf15b3a4ee2e561195dfd82ab260497412e326bb57f2ee5bbe9042d8,486.0,,18.3,89.0
2132,1719460709889,abc0d16aaf15b3a4ee2e561195dfd82ab260497412e326bb57f2ee5bbe9042d8,487.0,,18.4,89.0
2133,1719461322033,abc0d16aaf15b3a4ee2e561195dfd82ab260497412e326bb57f2ee5bbe9042d8,491.0,,18.5,88.0
2134,1719461934247,abc0d16aaf15b3a4ee2e561195dfd82ab260497412e326bb57f2ee5bbe9042d8,496.0,,18.5,88.0
2135,1719462546389,abc0d16aaf15b3a4ee2e561195dfd82ab260497412e326bb57f2ee5bbe9042d8,489.0,,18.8,86.0
2136,1719463158539,abc0d16aaf15b3a4ee2e561195dfd82ab260497412e326bb57f2ee5bbe9042d8,487.0,,18.9,84.0
2137,1719463770732,abc0d16aaf15b3a4ee2e561195dfd82ab260497412e326bb57f2ee5bbe9042d8,500.0,,20.4,84.0
2138,1719464382877,abc0d16aaf15b3a4ee2e561195dfd82ab260497412e326bb57f2ee5bbe9042d8,496.0,,21.7,82.0
2139,1719464995005,abc0d16aaf15b3a4ee2e561195dfd82ab260497412e326bb57f2ee5bbe9042d8,493.0,,22.4,80.0
2140,1719465607149,abc0d16aaf15b3a4ee2e561195dfd82ab260497412e326bb57f2ee5bbe9042d8,474.0,,23.2,80.0
2141,1719466219287,abc0d16aaf15b3a4ee2e561195dfd82ab260497412e326bb57f2ee5bbe9042d8,480.0,,23.7,79.0
2142,1719466831428,abc0d16aaf15b3a4ee2e561195dfd82ab260497412e326bb57f2ee5bbe9042d8,466.0,,23.7,77.0
2143,1719467443641,abc0d16aaf15b3a4ee2e561195dfd82ab260497412e326bb57f2ee5bbe9042d8,480.0,,24.3,77.0
2144,1719468055796,abc0d16aaf15b3a4ee2e561195dfd82ab260497412e326bb57f2ee5bbe9042d8,485.0,,25.1,75.0
2145,1719468667925,abc0d16aaf15b3a4ee2e561195dfd82ab260497412e326bb57f2ee5bbe9042d8,484.0,,26.0,71.0
2146,1719469280069,abc0d16aaf15b3a4ee2e561195dfd82ab260497412e326bb57f2ee5bbe9042d8,477.0,,27.0,71.0
2147,1719469892213,abc0d16aaf15b3a4ee2e561195dfd82ab260497412e326bb57f2ee5bbe9042d8,481.0,,27.7,70.0
2148,1719470504349,abc0d16aaf15b3a4ee2e561195dfd82ab260497412e326bb57f2ee5bbe9042d8,475.0,,27.9,68.0
2149,1719471116509,abc0d16aaf15b3a4ee2e561195dfd82ab260497412e326bb57f2ee5bbe9042d8,471.0,,28.1,68.0
2150,1719471728641,abc0d16aaf15b3a4ee2e561195dfd82ab260497412e326bb57f2ee5bbe9042d8,481.0,,28.2,68.0
2151,1719472340783,abc0d16aaf15b3a4ee2e561195dfd82ab260497412e326bb57f2ee5bbe9042d8,483.0,,28.7,66.0
2152,1719472952923,abc0d16aaf15b3a4ee2e561195dfd82ab260497412e326bb57f2ee5bbe9042d8,446.0,,29.3,66.0
2153,1719473565066,abc0d16aaf15b3a4ee2e561195dfd82ab260497412e326bb57f2ee5bbe9042d8,482.0,,29.4,66.0
2154,1719474177208,abc0d16aaf15b3a4ee2e561195dfd82ab260497412e326bb57f2ee5bbe9042d8,467.0,,29.2,66.0
2155,1719474789337,abc0d16aaf15b3a4ee2e561195dfd82ab260497412e326bb57f2ee5bbe9042d8,483.0,,29.7,64.0
2156,1719475401503,abc0d16aaf15b3a4ee2e561195dfd82ab260497412e326bb57f2ee5bbe9042d8,464.0,,29.7,64.0
2157,1719476013619,abc0d16aaf15b3a4ee2e561195dfd82ab260497412e326bb57f2ee5bbe9042d8,459.0,,30.1,66.0
2158,1719476625757,abc0d16aaf15b3a4ee2e561195dfd82ab260497412e326bb57f2ee5bbe9042d8,468.0,,29.5,66.0
2159,1719477237895,abc0d16aaf15b3a4ee2e561195dfd82ab260497412e326bb57f2ee5bbe9042d8,472.0,,29.8,66.0
2160,1719477850053,abc0d16aaf15b3a4ee2e561195dfd82ab260497412e326bb57f2ee5bbe9042d8,462.0,,29.7,64.0
2161,1719478462273,abc0d16aaf15b3a4ee2e561195dfd82ab260497412e326bb57f2ee5bbe9042d8,478.0,,30.2,61.0
2162,1719479074475,abc0d16aaf15b3a4ee2e561195dfd82ab260497412e326bb57f2ee5bbe9042d8,469.0,,30.2,61.0
2163,1719479686618,abc0d16aaf15b3a4ee2e561195dfd82ab260497412e326bb57f2ee5bbe9042d8,470.0,,30.3,59.0
2164,1719480298760,abc0d16aaf15b3a4ee2e561195dfd82ab260497412e326bb57f2ee5bbe9042d8,456.0,,30.4,58.0
2165,1719481523046,abc0d16aaf15b3a4ee2e561195dfd82ab260497412e326bb57f2ee5bbe9042d8,471.0,,30.5,60.0
2166,1719482135175,abc0d16aaf15b3a4ee2e561195dfd82ab260497412e326bb57f2ee5bbe9042d8,453.0,,30.5,60.0
2167,1719482747384,abc0d16aaf15b3a4ee2e561195dfd82ab260497412e326bb57f2ee5bbe9042d8,477.0,,30.8,60.0
2168,1719483359575,abc0d16aaf15b3a4ee2e561195dfd82ab260497412e326bb57f2ee5bbe9042d8,482.0,,31.4,58.0
2169,1719483971788,abc0d16aaf15b3a4ee2e561195dfd82ab260497412e326bb57f2ee5bbe9042d8,472.0,,31.9,55.0
2170,1719484583932,abc0d16aaf15b3a4ee2e561195dfd82ab260497412e326bb57f2ee5bbe9042d8,486.0,,32.0,55.0
2171,1719485196070,abc0d16aaf15b3a4ee2e561195dfd82ab260497412e326bb57f2ee5bbe9042d8,479.0,,32.3,55.0
2172,1719485808196,abc0d16aaf15b3a4ee2e561195dfd82ab260497412e326bb57f2ee5bbe9042d8,472.0,,32.3,54.0
2173,1719486420439,abc0d16aaf15b3a4ee2e561195dfd82ab260497412e326bb57f2ee5bbe9042d8,482.0,,32.8,54.0
2174,1719487032660,abc0d16aaf15b3a4ee2e561195dfd82ab260497412e326bb57f2ee5bbe9042d8,495.0,,32.5,54.0
2175,1719487644798,abc0d16aaf15b3a4ee2e561195dfd82ab260497412e326bb57f2ee5bbe9042d8,483.0,,32.6,53.0
2176,1719488257024,abc0d16aaf15b3a4ee2e561195dfd82ab260497412e326bb57f2ee5bbe9042d8,446.0,,32.9,53.0
2177,1719488869170,abc0d16aaf15b3a4ee2e561195dfd82ab260497412e326bb57f2ee5bbe9042d8,485.0,,32.5,53.0
2178,1719489481381,abc0d16aaf15b3a4ee2e561195dfd82ab260497412e326bb57f2ee5bbe9042d8,468.0,,32.5,51.0
2179,1719490093542,abc0d16aaf15b3a4ee2e561195dfd82ab260497412e326bb57f2ee5bbe9042d8,486.0,,32.9,51.0
2180,1719490705691,abc0d16aaf15b3a4ee2e561195dfd82ab260497412e326bb57f2ee5bbe9042d8,487.0,,33.4,51.0
2181,1719491317923,abc0d16aaf15b3a4ee2e561195dfd82ab260497412e326bb57f2ee5bbe9042d8,460.0,,34.1,49.0
2182,1719491930061,abc0d16aaf15b3a4ee2e561195dfd82ab260497412e326bb57f2ee5bbe9042d8,468.0,,34.1,48.0
2183,1719492542198,abc0d16aaf15b3a4ee2e561195dfd82ab260497412e326bb57f2ee5bbe9042d8,478.0,,34.1,48.0
2184,1719493154431,abc0d16aaf15b3a4ee2e561195dfd82ab260497412e326bb57f2ee5bbe9042d8,488.0,,33.8,47.0
2185,1719493766561,abc0d16aaf15b3a4ee2e561195dfd82ab260497412e326bb57f2ee5bbe9042d8,481.0,,34.1,46.0
2186,1719494378700,abc0d16aaf15b3a4ee2e561195dfd82ab260497412e326bb57f2ee5bbe9042d8,468.0,,34.2,46.0
2187,1719494990898,abc0d16aaf15b3a4ee2e561195dfd82ab260497412e326bb57f2ee5bbe9042d8,464.0,,34.3,46.0
2188,1719495603044,abc0d16aaf15b3a4ee2e561195dfd82ab260497412e326bb57f2ee5bbe9042d8,459.0,,34.2,46.0
2189,1719496215205,abc0d16aaf15b3a4ee2e561195dfd82ab260497412e326bb57f2ee5bbe9042d8,459.0,,34.6,46.0
2190,1719496827402,abc0d16aaf15b3a4ee2e561195dfd82ab260497412e326bb57f2ee5bbe9042d8,477.0,,34.4,47.0
2191,1719497439545,abc0d16aaf15b3a4ee2e561195dfd82ab260497412e326bb57f2ee5bbe9042d8,458.0,,34.1,46.0
2192,1719498051773,abc0d16aaf15b3a4ee2e561195dfd82ab260497412e326bb57f2ee5bbe9042d8,471.0,,34.7,46.0
2193,1719498663995,abc0d16aaf15b3a4ee2e561195dfd82ab260497412e326bb57f2ee5bbe9042d8,494.0,,35.3,45.0
2194,1719499276131,abc0d16aaf15b3a4ee2e561195dfd82ab260497412e326bb57f2ee5bbe9042d8,471.0,,35.6,45.0
2195,1719499888300,abc0d16aaf15b3a4ee2e561195dfd82ab260497412e326bb57f2ee5bbe9042d8,447.0,,35.3,45.0
2196,1719500500512,abc0d16aaf15b3a4ee2e561195dfd82ab260497412e326bb57f2ee5bbe9042d8,472.0,,35.5,44.0
2197,1719501112659,abc0d16aaf15b3a4ee2e561195dfd82ab260497412e326bb57f2ee5bbe9042d8,456.0,,35.9,44.0
2198,1719501724807,abc0d16aaf15b3a4ee2e561195dfd82ab260497412e326bb57f2ee5bbe9042d8,465.0,,36.0,44.0
2199,1719502337026,abc0d16aaf15b3a4ee2e561195dfd82ab260497412e326bb57f2ee5bbe9042d8,469.0,,36.5,42.0
2200,1719502949188,abc0d16aaf15b3a4ee2e561195dfd82ab260497412e326bb57f2ee5bbe9042d8,461.0,,36.4,45.0
2201,1719503561349,abc0d16aaf15b3a4ee2e561195dfd82ab260497412e326bb57f2ee5bbe9042d8,472.0,,36.2,47.0
2202,1719504173508,abc0d16aaf15b3a4ee2e561195dfd82ab260497412e326bb57f2ee5bbe9042d8,474.0,,35.8,47.0
2203,1719504785648,abc0d16aaf15b3a4ee2e561195dfd82ab260497412e326bb57f2ee5bbe9042d8,461.0,,35.9,45.0
2204,1719505397808,abc0d16aaf15b3a4ee2e561195dfd82ab260497412e326bb57f2ee5bbe9042d8,465.0,,35.1,47.0
2205,1719506009954,abc0d16aaf15b3a4ee2e561195dfd82ab260497412e326bb57f2ee5bbe9042d8,462.0,,34.6,47.0
2206,1719506622125,abc0d16aaf15b3a4ee2e561195dfd82ab260497412e326bb57f2ee5bbe9042d8,486.0,,34.7,48.0
2207,1719507234291,abc0d16aaf15b3a4ee2e561195dfd82ab260497412e326bb57f2ee5bbe9042d8,464.0,,34.8,49.0
2208,1719507846503,abc0d16aaf15b3a4ee2e561195dfd82ab260497412e326bb57f2ee5bbe9042d8,488.0,,34.7,49.0
2209,1719508458650,abc0d16aaf15b3a4ee2e561195dfd82ab260497412e326bb57f2ee5bbe9042d8,445.0,,35.1,49.0
2210,1719509070891,abc0d16aaf15b3a4ee2e561195dfd82ab260497412e326bb57f2ee5bbe9042d8,456.0,,34.5,53.0
2211,1719509683120,abc0d16aaf15b3a4ee2e561195dfd82ab260497412e326bb57f2ee5bbe9042d8,453.0,,33.2,53.0
2212,1719510295258,abc0d16aaf15b3a4ee2e561195dfd82ab260497412e326bb57f2ee5bbe9042d8,467.0,,32.6,57.0
2213,1719510907418,abc0d16aaf15b3a4ee2e561195dfd82ab260497412e326bb57f2ee5bbe9042d8,455.0,,31.9,57.0
2214,1719511519552,abc0d16aaf15b3a4ee2e561195dfd82ab260497412e326bb57f2ee5bbe9042d8,438.0,,31.1,57.0
2215,1719512131698,abc0d16aaf15b3a4ee2e561195dfd82ab260497412e326bb57f2ee5bbe9042d8,468.0,,30.2,58.0
2216,1719512743848,abc0d16aaf15b3a4ee2e561195dfd82ab260497412e326bb57f2ee5bbe9042d8,447.0,,29.6,59.0
2217,1719513356078,abc0d16aaf15b3a4ee2e561195dfd82ab260497412e326bb57f2ee5bbe9042d8,456.0,,28.4,59.0
2218,1719513968234,abc0d16aaf15b3a4ee2e561195dfd82ab260497412e326bb57f2ee5bbe9042d8,459.0,,27.8,61.0
2219,1719514580380,abc0d16aaf15b3a4ee2e561195dfd82ab260497412e326bb57f2ee5bbe9042d8,475.0,,27.3,63.0
2220,1719515192560,abc0d16aaf15b3a4ee2e561195dfd82ab260497412e326bb57f2ee5bbe9042d8,475.0,,26.6,63.0
2221,1719515804720,abc0d16aaf15b3a4ee2e561195dfd82ab260497412e326bb57f2ee5bbe9042d8,475.0,,26.3,62.0
2222,1719516416866,abc0d16aaf15b3a4ee2e561195dfd82ab260497412e326bb57f2ee5bbe9042d8,461.0,,26.2,61.0
2223,1719517029070,abc0d16aaf15b3a4ee2e561195dfd82ab260497412e326bb57f2ee5bbe9042d8,463.0,,26.0,61.0
2224,1719517641200,abc0d16aaf15b3a4ee2e561195dfd82ab260497412e326bb57f2ee5bbe9042d8,475.0,,25.8,61.0
2225,1719518253346,abc0d16aaf15b3a4ee2e561195dfd82ab260497412e326bb57f2ee5bbe9042d8,475.0,,25.5,61.0
2226,1719518865488,abc0d16aaf15b3a4ee2e561195dfd82ab260497412e326bb57f2ee5bbe9042d8,472.0,,25.4,61.0
2227,1719519477622,abc0d16aaf15b3a4ee2e561195dfd82ab260497412e326bb57f2ee5bbe9042d8,476.0,,25.3,61.0
2228,1719520089828,abc0d16aaf15b3a4ee2e561195dfd82ab260497412e326bb57f2ee5bbe9042d8,465.0,,25.2,61.0
2229,1719520701975,abc0d16aaf15b3a4ee2e561195dfd82ab260497412e326bb57f2ee5bbe9042d8,483.0,,25.1,62.0
2230,1719521314105,abc0d16aaf15b3a4ee2e561195dfd82ab260497412e326bb57f2ee5bbe9042d8,475.0,,24.9,62.0
2231,1719521926256,abc0d16aaf15b3a4ee2e561195dfd82ab260497412e326bb57f2ee5bbe9042d8,481.0,,24.8,63.0
2232,1719522538476,abc0d16aaf15b3a4ee2e561195dfd82ab260497412e326bb57f2ee5bbe9042d8,477.0,,24.7,63.0
2233,1719523150607,abc0d16aaf15b3a4ee2e561195dfd82ab260497412e326bb57f2ee5bbe9042d8,500.0,,24.5,63.0
2234,1719523762825,abc0d16aaf15b3a4ee2e561195dfd82ab260497412e326bb57f2ee5bbe9042d8,499.0,,24.3,64.0
2235,1719524375038,abc0d16aaf15b3a4ee2e561195dfd82ab260497412e326bb57f2ee5bbe9042d8,492.0,,24.2,65.0
2236,1719524987191,abc0d16aaf15b3a4ee2e561195dfd82ab260497412e326bb57f2ee5bbe9042d8,476.0,,23.8,65.0
2237,1719525599345,abc0d16aaf15b3a4ee2e561195dfd82ab260497412e326bb57f2ee5bbe9042d8,487.0,,23.4,67.0
2238,1719526211489,abc0d16aaf15b3a4ee2e561195dfd82ab260497412e326bb57f2ee5bbe9042d8,486.0,,23.3,68.0
2239,1719526823641,abc0d16aaf15b3a4ee2e561195dfd82ab260497412e326bb57f2ee5bbe9042d8,500.0,,23.2,68.0
2240,1719527435840,abc0d16aaf15b3a4ee2e561195dfd82ab260497412e326bb57f2ee5bbe9042d8,485.0,,23.1,68.0
2241,1719528048062,abc0d16aaf15b3a4ee2e561195dfd82ab260497412e326bb57f2ee5bbe9042d8,486.0,,23.0,69.0
2242,1719528660229,abc0d16aaf15b3a4ee2e561195dfd82ab260497412e326bb57f2ee5bbe9042d8,500.0,,22.9,69.0
2243,1719529272366,abc0d16aaf15b3a4ee2e561195dfd82ab260497412e326bb57f2ee5bbe9042d8,511.0,,22.9,69.0
2244,1719529884491,abc0d16aaf15b3a4ee2e561195dfd82ab260497412e326bb57f2ee5bbe9042d8,503.0,,22.7,70.0
2245,1719530496652,abc0d16aaf15b3a4ee2e561195dfd82ab260497412e326bb57f2ee5bbe9042d8,491.0,,22.6,70.0
2246,1719531108876,abc0d16aaf15b3a4ee2e561195dfd82ab260497412e326bb57f2ee5bbe9042d8,496.0,,22.6,69.0
2247,1719531720996,abc0d16aaf15b3a4ee2e561195dfd82ab260497412e326bb57f2ee5bbe9042d8,496.0,,22.5,71.0
2248,1719532333143,abc0d16aaf15b3a4ee2e561195dfd82ab260497412e326bb57f2ee5bbe9042d8,496.0,,22.3,71.0
2249,1719532945296,abc0d16aaf15b3a4ee2e561195dfd82ab260497412e326bb57f2ee5bbe9042d8,501.0,,22.2,72.0
2250,1719533557529,abc0d16aaf15b3a4ee2e561195dfd82ab260497412e326bb57f2ee5bbe9042d8,506.0,,22.1,71.0
2251,1719534169645,abc0d16aaf15b3a4ee2e561195dfd82ab260497412e326bb57f2ee5bbe9042d8,504.0,,22.1,72.0
2252,1719534781796,abc0d16aaf15b3a4ee2e561195dfd82ab260497412e326bb57f2ee5bbe9042d8,509.0,,22.0,72.0
2253,1719535394012,abc0d16aaf15b3a4ee2e561195dfd82ab260497412e326bb57f2ee5bbe9042d8,505.0,,21.8,73.0
2254,1719536006178,abc0d16aaf15b3a4ee2e561195dfd82ab260497412e326bb57f2ee5bbe9042d8,514.0,,21.6,75.0
2255,1719536618318,abc0d16aaf15b3a4ee2e561195dfd82ab260497412e326bb57f2ee5bbe9042d8,511.0,,21.4,75.0
2256,1719537230527,abc0d16aaf15b3a4ee2e561195dfd82ab260497412e326bb57f2ee5bbe9042d8,516.0,,21.1,78.0
2257,1719537842671,abc0d16aaf15b3a4ee2e561195dfd82ab260497412e326bb57f2ee5bbe9042d8,509.0,,20.9,80.0
2258,1719538454814,abc0d16aaf15b3a4ee2e561195dfd82ab260497412e326bb57f2ee5bbe9042d8,513.0,,20.9,80.0
2259,1719539067032,abc0d16aaf15b3a4ee2e561195dfd82ab260497412e326bb57f2ee5bbe9042d8,512.0,,20.8,80.0
2260,1719539679171,abc0d16aaf15b3a4ee2e561195dfd82ab260497412e326bb57f2ee5bbe9042d8,517.0,,20.7,81.0
2261,1719540291325,abc0d16aaf15b3a4ee2e561195dfd82ab260497412e326bb57f2ee5bbe9042d8,522.0,,20.4,81.0
2262,1719540903515,abc0d16aaf15b3a4ee2e561195dfd82ab260497412e326bb57f2ee5bbe9042d8,530.0,,20.0,83.0
2263,1719541515671,abc0d16aaf15b3a4ee2e561195dfd82ab260497412e326bb57f2ee5bbe9042d8,539.0,,19.7,84.0
2264,1719542127815,abc0d16aaf15b3a4ee2e561195dfd82ab260497412e326bb57f2ee5bbe9042d8,533.0,,19.6,84.0
2265,1719542739965,abc0d16aaf15b3a4ee2e561195dfd82ab260497412e326bb57f2ee5bbe9042d8,540.0,,19.4,87.0
2266,1719543352189,abc0d16aaf15b3a4ee2e561195dfd82ab260497412e326bb57f2ee5bbe9042d8,541.0,,19.2,88.0
2267,1719543964333,abc0d16aaf15b3a4ee2e561195dfd82ab260497412e326bb57f2ee5bbe9042d8,530.0,,19.2,88.0
2268,1719544576543,abc0d16aaf15b3a4ee2e561195dfd82ab260497412e326bb57f2ee5bbe9042d8,551.0,,19.0,89.0
2269,1719545188678,abc0d16aaf15b3a4ee2e561195dfd82ab260497412e326bb57f2ee5bbe9042d8,549.0,,18.9,90.0
2270,1719545800837,abc0d16aaf15b3a4ee2e561195dfd82ab260497412e326bb57f2ee5bbe9042d8,542.0,,19.1,90.0
2271,1719546412971,abc0d16aaf15b3a4ee2e561195dfd82ab260497412e326bb57f2ee5bbe9042d8,541.0,,19.0,92.0
2272,1719547025122,abc0d16aaf15b3a4ee2e561195dfd82ab260497412e326bb57f2ee5bbe9042d8,564.0,,18.9,93.0
2273,1719547637259,abc0d16aaf15b3a4ee2e561195dfd82ab260497412e326bb57f2ee5bbe9042d8,563.0,,19.0,93.0
2274,1719548249488,abc0d16aaf15b3a4ee2e561195dfd82ab260497412e326bb57f2ee5bbe9042d8,544.0,,19.1,94.0
2275,1719548861677,abc0d16aaf15b3a4ee2e561195dfd82ab260497412e326bb57f2ee5bbe9042d8,539.0,,19.3,92.0
2276,1719549473831,abc0d16aaf15b3a4ee2e561195dfd82ab260497412e326bb57f2ee5bbe9042d8,529.0,,19.6,89.0
2277,1719550086051,abc0d16aaf15b3a4ee2e561195dfd82ab260497412e326bb57f2ee5bbe9042d8,530.0,,21.0,89.0
2278,1719550698211,abc0d16aaf15b3a4ee2e561195dfd82ab260497412e326bb57f2ee5bbe9042d8,521.0,,22.6,88.0
2279,1719551310355,abc0d16aaf15b3a4ee2e561195dfd82ab260497412e326bb57f2ee5bbe9042d8,527.0,,23.9,86.0
2280,1719551922491,abc0d16aaf15b3a4ee2e561195dfd82ab260497412e326bb57f2ee5bbe9042d8,504.0,,25.0,86.0
2281,1719552534701,abc0d16aaf15b3a4ee2e561195dfd82ab260497412e326bb57f2ee5bbe9042d8,505.0,,25.5,84.0
2282,1719553146875,abc0d16aaf15b3a4ee2e561195dfd82ab260497412e326bb57f2ee5bbe9042d8,496.0,,26.4,81.0
2283,1719553759090,abc0d16aaf15b3a4ee2e561195dfd82ab260497412e326bb57f2ee5bbe9042d8,517.0,,27.1,81.0
2284,1719554371229,abc0d16aaf15b3a4ee2e561195dfd82ab260497412e326bb57f2ee5bbe9042d8,499.0,,27.6,80.0
2285,1719554983354,abc0d16aaf15b3a4ee2e561195dfd82ab260497412e326bb57f2ee5bbe9042d8,516.0,,28.5,77.0
2286,1719555595573,abc0d16aaf15b3a4ee2e561195dfd82ab260497412e326bb57f2ee5bbe9042d8,513.0,,28.7,77.0
2287,1719556207730,abc0d16aaf15b3a4ee2e561195dfd82ab260497412e326bb57f2ee5bbe9042d8,509.0,,29.1,76.0
2288,1719556819943,abc0d16aaf15b3a4ee2e561195dfd82ab260497412e326bb57f2ee5bbe9042d8,508.0,,29.2,75.0
2289,1719557432080,abc0d16aaf15b3a4ee2e561195dfd82ab260497412e326bb57f2ee5bbe9042d8,499.0,,29.3,75.0
2290,1719558044236,abc0d16aaf15b3a4ee2e561195dfd82ab260497412e326bb57f2ee5bbe9042d8,519.0,,29.5,75.0
2291,1719558656383,abc0d16aaf15b3a4ee2e561195dfd82ab260497412e326bb57f2ee5bbe9042d8,499.0,,29.9,74.0
2292,1719559268523,abc0d16aaf15b3a4ee2e561195dfd82ab260497412e326bb57f2ee5bbe9042d8,489.0,,30.5,74.0
2293,1719559880743,abc0d16aaf15b3a4ee2e561195dfd82ab260497412e326bb57f2ee5bbe9042d8,511.0,,31.2,70.0
2294,1719560492917,abc0d16aaf15b3a4ee2e561195dfd82ab260497412e326bb57f2ee5bbe9042d8,492.0,,31.5,69.0
2295,1719561105035,abc0d16aaf15b3a4ee2e561195dfd82ab260497412e326bb57f2ee5bbe9042d8,497.0,,31.9,69.0
2296,1719561717195,abc0d16aaf15b3a4ee2e561195dfd82ab260497412e326bb57f2ee5bbe9042d8,482.0,,31.7,66.0
2297,1719562329405,abc0d16aaf15b3a4ee2e561195dfd82ab260497412e326bb57f2ee5bbe9042d8,478.0,,32.1,61.0
2298,1719562941519,abc0d16aaf15b3a4ee2e561195dfd82ab260497412e326bb57f2ee5bbe9042d8,488.0,,32.4,61.0
2299,1719563553654,abc0d16aaf15b3a4ee2e561195dfd82ab260497412e326bb57f2ee5bbe9042d8,504.0,,32.4,58.0
2300,1719564165872,abc0d16aaf15b3a4ee2e561195dfd82ab260497412e326bb57f2ee5bbe9042d8,490.0,,32.9,57.0
2301,1719564778031,abc0d16aaf15b3a4ee2e561195dfd82ab260497412e326bb57f2ee5bbe9042d8,491.0,,33.0,59.0
2302,1719565390163,abc0d16aaf15b3a4ee2e561195dfd82ab260497412e326bb57f2ee5bbe9042d8,483.0,,32.5,59.0
2303,1719566002317,abc0d16aaf15b3a4ee2e561195dfd82ab260497412e326bb57f2ee5bbe9042d8,477.0,,33.5,59.0
2304,1719566614541,abc0d16aaf15b3a4ee2e561195dfd82ab260497412e326bb57f2ee5bbe9042d8,483.0,,33.2,59.0
2305,1719567226680,abc0d16aaf15b3a4ee2e561195dfd82ab260497412e326bb57f2ee5bbe9042d8,477.0,,33.9,59.0
2306,1719567838821,abc0d16aaf15b3a4ee2e561195dfd82ab260497412e326bb57f2ee5bbe9042d8,485.0,,33.8,59.0
2307,1719568450953,abc0d16aaf15b3a4ee2e561195dfd82ab260497412e326bb57f2ee5bbe9042d8,473.0,,34.0,60.0
2308,1719569063107,abc0d16aaf15b3a4ee2e561195dfd82ab260497412e326bb57f2ee5bbe9042d8,480.0,,33.8,60.0
2309,1719569675306,abc0d16aaf15b3a4ee2e561195dfd82ab260497412e326bb57f2ee5bbe9042d8,498.0,,34.5,59.0
2310,1719570287532,abc0d16aaf15b3a4ee2e561195dfd82ab260497412e326bb57f2ee5bbe9042d8,491.0,,34.6,59.0
2311,1719570899683,abc0d16aaf15b3a4ee2e561195dfd82ab260497412e326bb57f2ee5bbe9042d8,485.0,,34.0,59.0
2312,1719571511827,abc0d16aaf15b3a4ee2e561195dfd82ab260497412e326bb57f2ee5bbe9042d8,480.0,,33.9,55.0
2313,1719572123971,abc0d16aaf15b3a4ee2e561195dfd82ab260497412e326bb57f2ee5bbe9042d8,464.0,,34.2,57.0
2314,1719572736189,abc0d16aaf15b3a4ee2e561195dfd82ab260497412e326bb57f2ee5bbe9042d8,469.0,,35.2,57.0
2315,1719573348335,abc0d16aaf15b3a4ee2e561195dfd82ab260497412e326bb57f2ee5bbe9042d8,488.0,,34.9,55.0
2316,1719573960483,abc0d16aaf15b3a4ee2e561195dfd82ab260497412e326bb57f2ee5bbe9042d8,484.0,,35.0,52.0
2317,1719574572635,abc0d16aaf15b3a4ee2e561195dfd82ab260497412e326bb57f2ee5bbe9042d8,508.0,,34.9,52.0
2318,1719575184789,abc0d16aaf15b3a4ee2e561195dfd82ab260497412e326bb57f2ee5bbe9042d8,476.0,,35.0,51.0
2319,1719575796977,abc0d16aaf15b3a4ee2e561195dfd82ab260497412e326bb57f2ee5bbe9042d8,489.0,,35.1,53.0
2320,1719576409206,abc0d16aaf15b3a4ee2e561195dfd82ab260497412e326bb57f2ee5bbe9042d8,472.0,,34.9,53.0
2321,1719577021347,abc0d16aaf15b3a4ee2e561195dfd82ab260497412e326bb57f2ee5bbe9042d8,477.0,,34.7,50.0
2322,1719577633553,abc0d16aaf15b3a4ee2e561195dfd82ab260497412e326bb57f2ee5bbe9042d8,498.0,,35.7,47.0
2323,1719578245773,abc0d16aaf15b3a4ee2e561195dfd82ab260497412e326bb57f2ee5bbe9042d8,484.0,,36.2,47.0
2324,1719578857929,abc0d16aaf15b3a4ee2e561195dfd82ab260497412e326bb57f2ee5bbe9042d8,483.0,,36.5,44.0
2325,1719579470085,abc0d16aaf15b3a4ee2e561195dfd82ab260497412e326bb57f2ee5bbe9042d8,465.0,,36.5,47.0
2326,1719580082208,abc0d16aaf15b3a4ee2e561195dfd82ab260497412e326bb57f2ee5bbe9042d8,473.0,,36.5,46.0
2327,1719580694373,abc0d16aaf15b3a4ee2e561195dfd82ab260497412e326bb57f2ee5bbe9042d8,482.0,,36.3,46.0
2328,1719581306519,abc0d16aaf15b3a4ee2e561195dfd82ab260497412e326bb57f2ee5bbe9042d8,479.0,,36.1,49.0
2329,1719581918673,abc0d16aaf15b3a4ee2e561195dfd82ab260497412e326bb57f2ee5bbe9042d8,463.0,,35.6,47.0
2330,1719582530830,abc0d16aaf15b3a4ee2e561195dfd82ab260497412e326bb57f2ee5bbe9042d8,456.0,,35.4,47.0
2331,1719583142970,abc0d16aaf15b3a4ee2e561195dfd82ab260497412e326bb57f2ee5bbe9042d8,461.0,,36.0,46.0
2332,1719583755104,abc0d16aaf15b3a4ee2e561195dfd82ab260497412e326bb57f2ee5bbe9042d8,475.0,,36.2,45.0
2333,1719584367262,abc0d16aaf15b3a4ee2e561195dfd82ab260497412e326bb57f2ee5bbe9042d8,473.0,,36.5,45.0
2334,1719584979480,abc0d16aaf15b3a4ee2e561195dfd82ab260497412e326bb57f2ee5bbe9042d8,465.0,,37.1,44.0
2335,1719585591644,abc0d16aaf15b3a4ee2e561195dfd82ab260497412e326bb57f2ee5bbe9042d8,486.0,,36.6,42.0
2336,1719586203786,abc0d16aaf15b3a4ee2e561195dfd82ab260497412e326bb57f2ee5bbe9042d8,468.0,,36.2,42.0
2337,1719586816010,abc0d16aaf15b3a4ee2e561195dfd82ab260497412e326bb57f2ee5bbe9042d8,483.0,,37.1,44.0
2338,1719587428190,abc0d16aaf15b3a4ee2e561195dfd82ab260497412e326bb57f2ee5bbe9042d8,471.0,,36.8,46.0
2339,1719588040342,abc0d16aaf15b3a4ee2e561195dfd82ab260497412e326bb57f2ee5bbe9042d8,482.0,,36.5,46.0
2340,1719588652573,abc0d16aaf15b3a4ee2e561195dfd82ab260497412e326bb57f2ee5bbe9042d8,464.0,,35.9,45.0
2341,1719589264708,abc0d16aaf15b3a4ee2e561195dfd82ab260497412e326bb57f2ee5bbe9042d8,468.0,,35.5,43.0
2342,1719589876858,abc0d16aaf15b3a4ee2e561195dfd82ab260497412e326bb57f2ee5bbe9042d8,454.0,,35.6,43.0
2343,1719590489056,abc0d16aaf15b3a4ee2e561195dfd82ab260497412e326bb57f2ee5bbe9042d8,484.0,,36.0,45.0
2344,1719591101226,abc0d16aaf15b3a4ee2e561195dfd82ab260497412e326bb57f2ee5bbe9042d8,479.0,,35.4,43.0
2345,1719591713444,abc0d16aaf15b3a4ee2e561195dfd82ab260497412e326bb57f2ee5bbe9042d8,471.0,,35.8,43.0
2346,1719592325569,abc0d16aaf15b3a4ee2e561195dfd82ab260497412e326bb57f2ee5bbe9042d8,467.0,,35.7,45.0
2347,1719592937704,abc0d16aaf15b3a4ee2e561195dfd82ab260497412e326bb57f2ee5bbe9042d8,461.0,,36.0,47.0
2348,1719593549848,abc0d16aaf15b3a4ee2e561195dfd82ab260497412e326bb57f2ee5bbe9042d8,462.0,,35.9,47.0
2349,1719594162066,abc0d16aaf15b3a4ee2e561195dfd82ab260497412e326bb57f2ee5bbe9042d8,479.0,,35.5,47.0
2350,1719594774233,abc0d16aaf15b3a4ee2e561195dfd82ab260497412e326bb57f2ee5bbe9042d8,471.0,,34.6,48.0
2351,1719595386372,abc0d16aaf15b3a4ee2e561195dfd82ab260497412e326bb57f2ee5bbe9042d8,454.0,,34.1,49.0
2352,1719595998499,abc0d16aaf15b3a4ee2e561195dfd82ab260497412e326bb57f2ee5bbe9042d8,455.0,,33.6,49.0
2353,1719596610644,abc0d16aaf15b3a4ee2e561195dfd82ab260497412e326bb57f2ee5bbe9042d8,474.0,,33.7,48.0
2354,1719597222768,abc0d16aaf15b3a4ee2e561195dfd82ab260497412e326bb57f2ee5bbe9042d8,466.0,,33.3,52.0
2355,1719597835002,abc0d16aaf15b3a4ee2e561195dfd82ab260497412e326bb57f2ee5bbe9042d8,477.0,,33.5,52.0
2356,1719598447135,abc0d16aaf15b3a4ee2e561195dfd82ab260497412e326bb57f2ee5bbe9042d8,465.0,,33.3,54.0
2357,1719599059274,abc0d16aaf15b3a4ee2e561195dfd82ab260497412e326bb57f2ee5bbe9042d8,502.0,,32.4,56.0
2358,1719599671480,abc0d16aaf15b3a4ee2e561195dfd82ab260497412e326bb57f2ee5bbe9042d8,499.0,,31.5,56.0
2359,1719600283711,abc0d16aaf15b3a4ee2e561195dfd82ab260497412e326bb57f2ee5bbe9042d8,473.0,,30.5,53.0
2360,1719600895940,abc0d16aaf15b3a4ee2e561195dfd82ab260497412e326bb57f2ee5bbe9042d8,511.0,,29.8,58.0
2361,1719601508155,abc0d16aaf15b3a4ee2e561195dfd82ab260497412e326bb57f2ee5bbe9042d8,577.0,,28.7,58.0
2362,1719602120284,abc0d16aaf15b3a4ee2e561195dfd82ab260497412e326bb57f2ee5bbe9042d8,601.0,,27.8,64.0
2363,1719602732427,abc0d16aaf15b3a4ee2e561195dfd82ab260497412e326bb57f2ee5bbe9042d8,649.0,,27.1,64.0
2364,1719603344545,abc0d16aaf15b3a4ee2e561195dfd82ab260497412e326bb57f2ee5bbe9042d8,572.0,,26.5,64.0
2365,1719603956703,abc0d16aaf15b3a4ee2e561195dfd82ab260497412e326bb57f2ee5bbe9042d8,705.0,,26.1,71.0
2366,1719604568911,abc0d16aaf15b3a4ee2e561195dfd82ab260497412e326bb57f2ee5bbe9042d8,612.0,,25.6,76.0
2367,1719605181041,abc0d16aaf15b3a4ee2e561195dfd82ab260497412e326bb57f2ee5bbe9042d8,649.0,,25.4,76.0
2368,1719605793173,abc0d16aaf15b3a4ee2e561195dfd82ab260497412e326bb57f2ee5bbe9042d8,611.0,,25.1,81.0
2369,1719606405322,abc0d16aaf15b3a4ee2e561195dfd82ab260497412e326bb57f2ee5bbe9042d8,597.0,,25.1,84.0
2370,1719607017453,abc0d16aaf15b3a4ee2e561195dfd82ab260497412e326bb57f2ee5bbe9042d8,714.0,,24.7,84.0
2371,1719607629592,abc0d16aaf15b3a4ee2e561195dfd82ab260497412e326bb57f2ee5bbe9042d8,687.0,,24.4,84.0
2372,1719608241749,abc0d16aaf15b3a4ee2e561195dfd82ab260497412e326bb57f2ee5bbe9042d8,675.0,,24.2,87.0
2373,1719608853877,abc0d16aaf15b3a4ee2e561195dfd82ab260497412e326bb57f2ee5bbe9042d8,629.0,,24.2,91.0
2374,1719609466021,abc0d16aaf15b3a4ee2e561195dfd82ab260497412e326bb57f2ee5bbe9042d8,656.0,,24.0,91.0
2375,1719610078167,abc0d16aaf15b3a4ee2e561195dfd82ab260497412e326bb57f2ee5bbe9042d8,612.0,,23.9,95.0
2376,1719610690306,abc0d16aaf15b3a4ee2e561195dfd82ab260497412e326bb57f2ee5bbe9042d8,609.0,,23.8,97.0
2377,1719611302475,abc0d16aaf15b3a4ee2e561195dfd82ab260497412e326bb57f2ee5bbe9042d8,551.0,,23.8,97.0
2378,1719611914622,abc0d16aaf15b3a4ee2e561195dfd82ab260497412e326bb57f2ee5bbe9042d8,564.0,,23.9,98.0
2379,1719612526840,abc0d16aaf15b3a4ee2e561195dfd82ab260497412e326bb57f2ee5bbe9042d8,566.0,,24.1,95.0
2380,1719613138977,abc0d16aaf15b3a4ee2e561195dfd82ab260497412e326bb57f2ee5bbe9042d8,566.0,,24.0,95.0
2381,1719613751107,abc0d16aaf15b3a4ee2e561195dfd82ab260497412e326bb57f2ee5bbe9042d8,542.0,,23.9,94.0
2382,1719614363233,abc0d16aaf15b3a4ee2e561195dfd82ab260497412e326bb57f2ee5bbe9042d8,518.0,,23.9,92.0
2383,1719614975393,abc0d16aaf15b3a4ee2e561195dfd82ab260497412e326bb57f2ee5bbe9042d8,541.0,,23.6,92.0
2384,1719615587537,abc0d16aaf15b3a4ee2e561195dfd82ab260497412e326bb57f2ee5bbe9042d8,552.0,,23.5,92.0
2385,1719616199751,abc0d16aaf15b3a4ee2e561195dfd82ab260497412e326bb57f2ee5bbe9042d8,547.0,,23.7,90.0
2386,1719616811892,abc0d16aaf15b3a4ee2e561195dfd82ab260497412e326bb57f2ee5bbe9042d8,552.0,,23.5,90.0
2387,1719617424042,abc0d16aaf15b3a4ee2e561195dfd82ab260497412e326bb57f2ee5bbe9042d8,549.0,,23.5,89.0
2388,1719618036181,abc0d16aaf15b3a4ee2e561195dfd82ab260497412e326bb57f2ee5bbe9042d8,570.0,,23.3,88.0
2389,1719618648388,abc0d16aaf15b3a4ee2e561195dfd82ab260497412e326bb57f2ee5bbe9042d8,558.0,,23.2,88.0
2390,1719619260525,abc0d16aaf15b3a4ee2e561195dfd82ab260497412e326bb57f2ee5bbe9042d8,532.0,,23.1,86.0
2391,1719619872656,abc0d16aaf15b3a4ee2e561195dfd82ab260497412e326bb57f2ee5bbe9042d8,544.0,,23.0,85.0
2392,1719620484871,abc0d16aaf15b3a4ee2e561195dfd82ab260497412e326bb57f2ee5bbe9042d8,542.0,,22.9,85.0
2393,1719621097023,abc0d16aaf15b3a4ee2e561195dfd82ab260497412e326bb57f2ee5bbe9042d8,530.0,,22.8,84.0
2394,1719621709153,abc0d16aaf15b3a4ee2e561195dfd82ab260497412e326bb57f2ee5bbe9042d8,545.0,,22.9,86.0
2395,1719622321285,abc0d16aaf15b3a4ee2e561195dfd82ab260497412e326bb57f2ee5bbe9042d8,559.0,,22.9,86.0
2396,1719622933435,abc0d16aaf15b3a4ee2e561195dfd82ab260497412e326bb57f2ee5bbe9042d8,575.0,,22.7,86.0
2397,1719623545551,abc0d16aaf15b3a4ee2e561195dfd82ab260497412e326bb57f2ee5bbe9042d8,579.0,,22.2,88.0
2398,1719624157697,abc0d16aaf15b3a4ee2e561195dfd82ab260497412e326bb57f2ee5bbe9042d8,604.0,,22.2,89.0
2399,1719624769832,abc0d16aaf15b3a4ee2e561195dfd82ab260497412e326bb57f2ee5bbe9042d8,641.0,,22.0,89.0
2400,1719625381971,abc0d16aaf15b3a4ee2e561195dfd82ab260497412e326bb57f2ee5bbe9042d8,643.0,,21.7,90.0
2401,1719625994118,abc0d16aaf15b3a4ee2e561195dfd82ab260497412e326bb57f2ee5bbe9042d8,597.0,,21.5,85.0
2402,1719626606266,abc0d16aaf15b3a4ee2e561195dfd82ab260497412e326bb57f2ee5bbe9042d8,562.0,,21.7,85.0
2403,1719627218421,abc0d16aaf15b3a4ee2e561195dfd82ab260497412e326bb57f2ee5bbe9042d8,579.0,,21.6,84.0
2404,1719627830619,abc0d16aaf15b3a4ee2e561195dfd82ab260497412e326bb57f2ee5bbe9042d8,545.0,,21.6,86.0
2405,1719628442833,abc0d16aaf15b3a4ee2e561195dfd82ab260497412e326bb57f2ee5bbe9042d8,561.0,,21.8,86.0
2406,1719629055055,abc0d16aaf15b3a4ee2e561195dfd82ab260497412e326bb57f2ee5bbe9042d8,567.0,,21.8,87.0
2407,1719629667204,abc0d16aaf15b3a4ee2e561195dfd82ab260497412e326bb57f2ee5bbe9042d8,561.0,,21.7,88.0
2408,1719630279378,abc0d16aaf15b3a4ee2e561195dfd82ab260497412e326bb57f2ee5bbe9042d8,566.0,,21.5,88.0
2409,1719630891593,abc0d16aaf15b3a4ee2e561195dfd82ab260497412e326bb57f2ee5bbe9042d8,590.0,,21.3,89.0
2410,1719631503829,abc0d16aaf15b3a4ee2e561195dfd82ab260497412e326bb57f2ee5bbe9042d8,575.0,,21.2,90.0
2411,1719632116048,abc0d16aaf15b3a4ee2e561195dfd82ab260497412e326bb57f2ee5bbe9042d8,589.0,,21.1,90.0
2412,1719632728184,abc0d16aaf15b3a4ee2e561195dfd82ab260497412e326bb57f2ee5bbe9042d8,647.0,,20.9,92.0
2413,1719633340319,abc0d16aaf15b3a4ee2e561195dfd82ab260497412e326bb57f2ee5bbe9042d8,670.0,,20.8,92.0
2414,1719633952540,abc0d16aaf15b3a4ee2e561195dfd82ab260497412e326bb57f2ee5bbe9042d8,622.0,,21.0,92.0
2415,1719634564676,abc0d16aaf15b3a4ee2e561195dfd82ab260497412e326bb57f2ee5bbe9042d8,611.0,,21.4,94.0
2416,1719635176804,abc0d16aaf15b3a4ee2e561195dfd82ab260497412e326bb57f2ee5bbe9042d8,634.0,,21.7,97.0
2417,1719635788960,abc0d16aaf15b3a4ee2e561195dfd82ab260497412e326bb57f2ee5bbe9042d8,559.0,,22.3,97.0
2418,1719636401179,abc0d16aaf15b3a4ee2e561195dfd82ab260497412e326bb57f2ee5bbe9042d8,581.0,,23.1,98.0
2419,1719637013314,abc0d16aaf15b3a4ee2e561195dfd82ab260497412e326bb57f2ee5bbe9042d8,555.0,,24.0,92.0
2420,1719637625458,abc0d16aaf15b3a4ee2e561195dfd82ab260497412e326bb57f2ee5bbe9042d8,558.0,,24.5,92.0
2421,1719638237668,abc0d16aaf15b3a4ee2e561195dfd82ab260497412e326bb57f2ee5bbe9042d8,536.0,,24.8,87.0
2422,1719638849803,abc0d16aaf15b3a4ee2e561195dfd82ab260497412e326bb57f2ee5bbe9042d8,547.0,,25.2,84.0
2423,1719639461982,abc0d16aaf15b3a4ee2e561195dfd82ab260497412e326bb57f2ee5bbe9042d8,551.0,,26.0,82.0
2424,1719640074128,abc0d16aaf15b3a4ee2e561195dfd82ab260497412e326bb57f2ee5bbe9042d8,533.0,,26.1,82.0
2425,1719640686284,abc0d16aaf15b3a4ee2e561195dfd82ab260497412e326bb57f2ee5bbe9042d8,549.0,,26.7,80.0
2426,1719641298439,abc0d16aaf15b3a4ee2e561195dfd82ab260497412e326bb57f2ee5bbe9042d8,559.0,,27.1,81.0
2427,1719641910642,abc0d16aaf15b3a4ee2e561195dfd82ab260497412e326bb57f2ee5bbe9042d8,555.0,,27.7,81.0
2428,1719642522848,abc0d16aaf15b3a4ee2e561195dfd82ab260497412e326bb57f2ee5bbe9042d8,608.0,,29.4,80.0
2429,1719643134989,abc0d16aaf15b3a4ee2e561195dfd82ab260497412e326bb57f2ee5bbe9042d8,578.0,,30.2,77.0
2430,1719643747122,abc0d16aaf15b3a4ee2e561195dfd82ab260497412e326bb57f2ee5bbe9042d8,552.0,,30.8,77.0
2431,1719644359277,abc0d16aaf15b3a4ee2e561195dfd82ab260497412e326bb57f2ee5bbe9042d8,543.0,,30.6,74.0
2432,1719644971414,abc0d16aaf15b3a4ee2e561195dfd82ab260497412e326bb57f2ee5bbe9042d8,557.0,,30.8,74.0
2433,1719645583639,abc0d16aaf15b3a4ee2e561195dfd82ab260497412e326bb57f2ee5bbe9042d8,559.0,,30.7,74.0
2434,1719646195777,abc0d16aaf15b3a4ee2e561195dfd82ab260497412e326bb57f2ee5bbe9042d8,562.0,,30.6,77.0
2435,1719646807909,abc0d16aaf15b3a4ee2e561195dfd82ab260497412e326bb57f2ee5bbe9042d8,568.0,,30.7,78.0
2436,1719647420041,abc0d16aaf15b3a4ee2e561195dfd82ab260497412e326bb57f2ee5bbe9042d8,540.0,,31.0,78.0
2437,1719648032169,abc0d16aaf15b3a4ee2e561195dfd82ab260497412e326bb57f2ee5bbe9042d8,543.0,,30.5,77.0
2438,1719648644323,abc0d16aaf15b3a4ee2e561195dfd82ab260497412e326bb57f2ee5bbe9042d8,553.0,,31.3,75.0
2439,1719649256563,abc0d16aaf15b3a4ee2e561195dfd82ab260497412e326bb57f2ee5bbe9042d8,551.0,,31.8,75.0
2440,1719649868709,abc0d16aaf15b3a4ee2e561195dfd82ab260497412e326bb57f2ee5bbe9042d8,549.0,,32.2,74.0
2441,1719650480847,abc0d16aaf15b3a4ee2e561195dfd82ab260497412e326bb57f2ee5bbe9042d8,547.0,,32.1,75.0
2442,1719651092990,abc0d16aaf15b3a4ee2e561195dfd82ab260497412e326bb57f2ee5bbe9042d8,531.0,,32.7,75.0
2443,1719651705193,abc0d16aaf15b3a4ee2e561195dfd82ab260497412e326bb57f2ee5bbe9042d8,508.0,,32.3,71.0
2444,1719652317329,abc0d16aaf15b3a4ee2e561195dfd82ab260497412e326bb57f2ee5bbe9042d8,502.0,,32.8,69.0
2445,1719652929555,abc0d16aaf15b3a4ee2e561195dfd82ab260497412e326bb57f2ee5bbe9042d8,525.0,,33.3,69.0
2446,1719653541722,abc0d16aaf15b3a4ee2e561195dfd82ab260497412e326bb57f2ee5bbe9042d8,541.0,,33.4,67.0
2447,1719654153890,abc0d16aaf15b3a4ee2e561195dfd82ab260497412e326bb57f2ee5bbe9042d8,528.0,,33.2,65.0
2448,1719654766020,abc0d16aaf15b3a4ee2e561195dfd82ab260497412e326bb57f2ee5bbe9042d8,509.0,,32.9,64.0
2449,1719655378247,abc0d16aaf15b3a4ee2e561195dfd82ab260497412e326bb57f2ee5bbe9042d8,499.0,,32.8,64.0
2450,1719655990391,abc0d16aaf15b3a4ee2e561195dfd82ab260497412e326bb57f2ee5bbe9042d8,502.0,,32.8,64.0
2451,1719656602602,abc0d16aaf15b3a4ee2e561195dfd82ab260497412e326bb57f2ee5bbe9042d8,526.0,,33.3,63.0
2452,1719657214743,abc0d16aaf15b3a4ee2e561195dfd82ab260497412e326bb57f2ee5bbe9042d8,516.0,,33.4,63.0
2453,1719657826899,abc0d16aaf15b3a4ee2e561195dfd82ab260497412e326bb57f2ee5bbe9042d8,501.0,,33.8,62.0
2454,1719658439118,abc0d16aaf15b3a4ee2e561195dfd82ab260497412e326bb57f2ee5bbe9042d8,517.0,,33.6,61.0
2455,1719659051247,abc0d16aaf15b3a4ee2e561195dfd82ab260497412e326bb57f2ee5bbe9042d8,510.0,,34.2,61.0
2456,1719659663400,abc0d16aaf15b3a4ee2e561195dfd82ab260497412e326bb57f2ee5bbe9042d8,506.0,,33.2,61.0
2457,1719660275623,abc0d16aaf15b3a4ee2e561195dfd82ab260497412e326bb57f2ee5bbe9042d8,494.0,,34.6,59.0
2458,1719660887775,abc0d16aaf15b3a4ee2e561195dfd82ab260497412e326bb57f2ee5bbe9042d8,491.0,,34.4,59.0
2459,1719661499971,abc0d16aaf15b3a4ee2e561195dfd82ab260497412e326bb57f2ee5bbe9042d8,495.0,,33.7,60.0
2460,1719662112093,abc0d16aaf15b3a4ee2e561195dfd82ab260497412e326bb57f2ee5bbe9042d8,483.0,,33.4,60.0
2461,1719662724261,abc0d16aaf15b3a4ee2e561195dfd82ab260497412e326bb57f2ee5bbe9042d8,489.0,,32.9,60.0
2462,1719663336391,abc0d16aaf15b3a4ee2e561195dfd82ab260497412e326bb57f2ee5bbe9042d8,480.0,,32.5,62.0
2463,1719663948619,abc0d16aaf15b3a4ee2e561195dfd82ab260497412e326bb57f2ee5bbe9042d8,503.0,,32.1,62.0
2464,1719664560750,abc0d16aaf15b3a4ee2e561195dfd82ab260497412e326bb57f2ee5bbe9042d8,508.0,,31.7,62.0
2465,1719665172893,abc0d16aaf15b3a4ee2e561195dfd82ab260497412e326bb57f2ee5bbe9042d8,473.0,,31.0,65.0
2466,1719665785104,abc0d16aaf15b3a4ee2e561195dfd82ab260497412e326bb57f2ee5bbe9042d8,480.0,,30.7,66.0
2467,1719666397258,abc0d16aaf15b3a4ee2e561195dfd82ab260497412e326bb57f2ee5bbe9042d8,489.0,,31.0,66.0
2468,1719667009385,abc0d16aaf15b3a4ee2e561195dfd82ab260497412e326bb57f2ee5bbe9042d8,479.0,,31.4,65.0
2469,1719667621589,abc0d16aaf15b3a4ee2e561195dfd82ab260497412e326bb57f2ee5bbe9042d8,473.0,,31.1,64.0
2470,1719668233731,abc0d16aaf15b3a4ee2e561195dfd82ab260497412e326bb57f2ee5bbe9042d8,511.0,,30.8,64.0
2471,1719668845885,abc0d16aaf15b3a4ee2e561195dfd82ab260497412e326bb57f2ee5bbe9042d8,465.0,,30.8,66.0
2472,1719669458107,abc0d16aaf15b3a4ee2e561195dfd82ab260497412e326bb57f2ee5bbe9042d8,472.0,,30.9,65.0
2473,1719670070247,abc0d16aaf15b3a4ee2e561195dfd82ab260497412e326bb57f2ee5bbe9042d8,479.0,,31.3,66.0
2474,1719670682421,abc0d16aaf15b3a4ee2e561195dfd82ab260497412e326bb57f2ee5bbe9042d8,478.0,,31.8,66.0
2475,1719671906719,abc0d16aaf15b3a4ee2e561195dfd82ab260497412e326bb57f2ee5bbe9042d8,474.0,,31.8,71.0
2476,1719672518846,abc0d16aaf15b3a4ee2e561195dfd82ab260497412e326bb57f2ee5bbe9042d8,462.0,,31.2,71.0
2477,1719673130984,abc0d16aaf15b3a4ee2e561195dfd82ab260497412e326bb57f2ee5bbe9042d8,494.0,,30.8,71.0
2478,1719673743124,abc0d16aaf15b3a4ee2e561195dfd82ab260497412e326bb57f2ee5bbe9042d8,495.0,,30.3,72.0
2479,1719674355274,abc0d16aaf15b3a4ee2e561195dfd82ab260497412e326bb57f2ee5bbe9042d8,473.0,,30.3,72.0
2480,1719674967490,abc0d16aaf15b3a4ee2e561195dfd82ab260497412e326bb57f2ee5bbe9042d8,484.0,,30.2,74.0
2481,1719675579632,abc0d16aaf15b3a4ee2e561195dfd82ab260497412e326bb57f2ee5bbe9042d8,494.0,,29.9,76.0
2482,1719676191758,abc0d16aaf15b3a4ee2e561195dfd82ab260497412e326bb57f2ee5bbe9042d8,490.0,,29.9,76.0
2483,1719676803910,abc0d16aaf15b3a4ee2e561195dfd82ab260497412e326bb57f2ee5bbe9042d8,486.0,,30.2,74.0
2484,1719677416128,abc0d16aaf15b3a4ee2e561195dfd82ab260497412e326bb57f2ee5bbe9042d8,492.0,,30.4,74.0
2485,1719678028272,abc0d16aaf15b3a4ee2e561195dfd82ab260497412e326bb57f2ee5bbe9042d8,495.0,,29.9,74.0
2486,1719678640498,abc0d16aaf15b3a4ee2e561195dfd82ab260497412e326bb57f2ee5bbe9042d8,512.0,,29.2,75.0
2487,1719679252686,abc0d16aaf15b3a4ee2e561195dfd82ab260497412e326bb57f2ee5bbe9042d8,477.0,,28.8,72.0
2488,1719679864844,abc0d16aaf15b3a4ee2e561195dfd82ab260497412e326bb57f2ee5bbe9042d8,475.0,,29.0,72.0
2489,1719680476972,abc0d16aaf15b3a4ee2e561195dfd82ab260497412e326bb57f2ee5bbe9042d8,491.0,,29.1,71.0
2490,1719681089120,abc0d16aaf15b3a4ee2e561195dfd82ab260497412e326bb57f2ee5bbe9042d8,486.0,,29.0,70.0
2491,1719681701234,abc0d16aaf15b3a4ee2e561195dfd82ab260497412e326bb57f2ee5bbe9042d8,495.0,,29.0,70.0
2492,1719682313392,abc0d16aaf15b3a4ee2e561195dfd82ab260497412e326bb57f2ee5bbe9042d8,492.0,,29.1,70.0
2493,1719682925586,abc0d16aaf15b3a4ee2e561195dfd82ab260497412e326bb57f2ee5bbe9042d8,486.0,,29.5,70.0
2494,1719683537730,abc0d16aaf15b3a4ee2e561195dfd82ab260497412e326bb57f2ee5bbe9042d8,489.0,,29.3,70.0
2495,1719684149952,abc0d16aaf15b3a4ee2e561195dfd82ab260497412e326bb57f2ee5bbe9042d8,499.0,,28.9,72.0
2496,1719684762100,abc0d16aaf15b3a4ee2e561195dfd82ab260497412e326bb57f2ee5bbe9042d8,489.0,,28.3,76.0
2497,1719685374253,abc0d16aaf15b3a4ee2e561195dfd82ab260497412e326bb57f2ee5bbe9042d8,500.0,,27.8,79.0
2498,1719685986475,abc0d16aaf15b3a4ee2e561195dfd82ab260497412e326bb57f2ee5bbe9042d8,494.0,,27.6,79.0
2499,1719686598689,abc0d16aaf15b3a4ee2e561195dfd82ab260497412e326bb57f2ee5bbe9042d8,532.0,,27.4,81.0
2500,1719687210848,abc0d16aaf15b3a4ee2e561195dfd82ab260497412e326bb57f2ee5bbe9042d8,505.0,,27.3,80.0
2501,1719687822973,abc0d16aaf15b3a4ee2e561195dfd82ab260497412e326bb57f2ee5bbe9042d8,503.0,,27.4,80.0
2502,1719688435109,abc0d16aaf15b3a4ee2e561195dfd82ab260497412e326bb57f2ee5bbe9042d8,518.0,,27.5,78.0
2503,1719689047266,abc0d16aaf15b3a4ee2e561195dfd82ab260497412e326bb57f2ee5bbe9042d8,490.0,,27.4,76.0
2504,1719690271617,abc0d16aaf15b3a4ee2e561195dfd82ab260497412e326bb57f2ee5bbe9042d8,491.0,,27.4,76.0
2505,1719690883796,abc0d16aaf15b3a4ee2e561195dfd82ab260497412e326bb57f2ee5bbe9042d8,513.0,,27.3,76.0
2506,1719691496010,abc0d16aaf15b3a4ee2e561195dfd82ab260497412e326bb57f2ee5bbe9042d8,499.0,,27.1,76.0
2507,1719692108134,abc0d16aaf15b3a4ee2e561195dfd82ab260497412e326bb57f2ee5bbe9042d8,492.0,,27.1,76.0
2508,1719692720280,abc0d16aaf15b3a4ee2e561195dfd82ab260497412e326bb57f2ee5bbe9042d8,499.0,,26.8,77.0
2509,1719693332498,abc0d16aaf15b3a4ee2e561195dfd82ab260497412e326bb57f2ee5bbe9042d8,509.0,,26.7,77.0
2510,1719693944626,abc0d16aaf15b3a4ee2e561195dfd82ab260497412e326bb57f2ee5bbe9042d8,504.0,,26.5,77.0
2511,1719694556783,abc0d16aaf15b3a4ee2e561195dfd82ab260497412e326bb57f2ee5bbe9042d8,487.0,,26.5,77.0
2512,1719695168917,abc0d16aaf15b3a4ee2e561195dfd82ab260497412e326bb57f2ee5bbe9042d8,505.0,,26.3,77.0
2513,1719695781144,abc0d16aaf15b3a4ee2e561195dfd82ab260497412e326bb57f2ee5bbe9042d8,500.0,,26.3,77.0
2514,1719696393290,abc0d16aaf15b3a4ee2e561195dfd82ab260497412e326bb57f2ee5bbe9042d8,512.0,,26.1,77.0
2515,1719697005418,abc0d16aaf15b3a4ee2e561195dfd82ab260497412e326bb57f2ee5bbe9042d8,502.0,,26.0,77.0
2516,1719697617571,abc0d16aaf15b3a4ee2e561195dfd82ab260497412e326bb57f2ee5bbe9042d8,504.0,,26.0,76.0
2517,1719698229711,abc0d16aaf15b3a4ee2e561195dfd82ab260497412e326bb57f2ee5bbe9042d8,515.0,,25.7,78.0
2518,1719698841928,abc0d16aaf15b3a4ee2e561195dfd82ab260497412e326bb57f2ee5bbe9042d8,512.0,,25.3,78.0
2519,1719699454159,abc0d16aaf15b3a4ee2e561195dfd82ab260497412e326bb57f2ee5bbe9042d8,533.0,,24.7,83.0
2520,1719700066303,abc0d16aaf15b3a4ee2e561195dfd82ab260497412e326bb57f2ee5bbe9042d8,590.0,,24.4,86.0
2521,1719700678504,abc0d16aaf15b3a4ee2e561195dfd82ab260497412e326bb57f2ee5bbe9042d8,570.0,,23.7,88.0
2522,1719701290652,abc0d16aaf15b3a4ee2e561195dfd82ab260497412e326bb57f2ee5bbe9042d8,592.0,,23.4,88.0
2523,1719701902791,abc0d16aaf15b3a4ee2e561195dfd82ab260497412e326bb57f2ee5bbe9042d8,578.0,,23.1,93.0
2524,1719702514931,abc0d16aaf15b3a4ee2e561195dfd82ab260497412e326bb57f2ee5bbe9042d8,588.0,,23.1,93.0
2525,1719703127164,abc0d16aaf15b3a4ee2e561195dfd82ab260497412e326bb57f2ee5bbe9042d8,653.0,,22.6,93.0
2526,1719703739310,abc0d16aaf15b3a4ee2e561195dfd82ab260497412e326bb57f2ee5bbe9042d8,592.0,,22.2,96.0
2527,1719704351450,abc0d16aaf15b3a4ee2e561195dfd82ab260497412e326bb57f2ee5bbe9042d8,595.0,,22.1,99.0
2528,1719704963566,abc0d16aaf15b3a4ee2e561195dfd82ab260497412e326bb57f2ee5bbe9042d8,545.0,,22.2,99.0
2529,1719705575742,abc0d16aaf15b3a4ee2e561195dfd82ab260497412e326bb57f2ee5bbe9042d8,641.0,,22.1,96.0
2530,1719706187921,abc0d16aaf15b3a4ee2e561195dfd82ab260497412e326bb57f2ee5bbe9042d8,601.0,,22.4,98.0
2531,1719706800134,abc0d16aaf15b3a4ee2e561195dfd82ab260497412e326bb57f2ee5bbe9042d8,573.0,,22.2,98.0
2532,1719707412298,abc0d16aaf15b3a4ee2e561195dfd82ab260497412e326bb57f2ee5bbe9042d8,651.0,,22.0,96.0
2533,1719708024430,abc0d16aaf15b3a4ee2e561195dfd82ab260497412e326bb57f2ee5bbe9042d8,605.0,,21.9,94.0
2534,1719708636593,abc0d16aaf15b3a4ee2e561195dfd82ab260497412e326bb57f2ee5bbe9042d8,613.0,,21.5,94.0
2535,1719709248735,abc0d16aaf15b3a4ee2e561195dfd82ab260497412e326bb57f2ee5bbe9042d8,604.0,,21.3,98.0
2536,1719709860960,abc0d16aaf15b3a4ee2e561195dfd82ab260497412e326bb57f2ee5bbe9042d8,603.0,,21.5,100.0
2537,1719710473172,abc0d16aaf15b3a4ee2e561195dfd82ab260497412e326bb57f2ee5bbe9042d8,595.0,,21.5,100.0
2538,1719711085325,abc0d16aaf15b3a4ee2e561195dfd82ab260497412e326bb57f2ee5bbe9042d8,601.0,,21.3,100.0
2539,1719711697443,abc0d16aaf15b3a4ee2e561195dfd82ab260497412e326bb57f2ee5bbe9042d8,609.0,,21.0,100.0
2540,1719712309618,abc0d16aaf15b3a4ee2e561195dfd82ab260497412e326bb57f2ee5bbe9042d8,599.0,,20.7,100.0
2541,1719712921765,abc0d16aaf15b3a4ee2e561195dfd82ab260497412e326bb57f2ee5bbe9042d8,628.0,,20.4,100.0
2542,1719713533980,abc0d16aaf15b3a4ee2e561195dfd82ab260497412e326bb57f2ee5bbe9042d8,629.0,,20.2,100.0
2543,1719714146172,abc0d16aaf15b3a4ee2e561195dfd82ab260497412e326bb57f2ee5bbe9042d8,623.0,,20.1,100.0
2544,1719714758334,abc0d16aaf15b3a4ee2e561195dfd82ab260497412e326bb57f2ee5bbe9042d8,610.0,,20.1,95.0
2545,1719715370459,abc0d16aaf15b3a4ee2e561195dfd82ab260497412e326bb57f2ee5bbe9042d8,558.0,,20.8,79.0
2546,1719715982604,abc0d16aaf15b3a4ee2e561195dfd82ab260497412e326bb57f2ee5bbe9042d8,539.0,,20.8,80.0
2547,1719716594748,abc0d16aaf15b3a4ee2e561195dfd82ab260497412e326bb57f2ee5bbe9042d8,564.0,,21.0,80.0
2548,1719717206890,abc0d16aaf15b3a4ee2e561195dfd82ab260497412e326bb57f2ee5bbe9042d8,585.0,,20.8,83.0
2549,1719717819041,abc0d16aaf15b3a4ee2e561195dfd82ab260497412e326bb57f2ee5bbe9042d8,570.0,,20.6,80.0
2550,1719718431171,abc0d16aaf15b3a4ee2e561195dfd82ab260497412e326bb57f2ee5bbe9042d8,564.0,,20.0,80.0
2551,1719719043313,abc0d16aaf15b3a4ee2e561195dfd82ab260497412e326bb57f2ee5bbe9042d8,541.0,,20.1,85.0
2552,1719719655481,abc0d16aaf15b3a4ee2e561195dfd82ab260497412e326bb57f2ee5bbe9042d8,566.0,,20.2,86.0
2553,1719720267648,abc0d16aaf15b3a4ee2e561195dfd82ab260497412e326bb57f2ee5bbe9042d8,555.0,,20.0,86.0
2554,1719720879853,abc0d16aaf15b3a4ee2e561195dfd82ab260497412e326bb57f2ee5bbe9042d8,577.0,,20.1,82.0
2555,1719721491983,abc0d16aaf15b3a4ee2e561195dfd82ab260497412e326bb57f2ee5bbe9042d8,565.0,,20.2,84.0
2556,1719722104127,abc0d16aaf15b3a4ee2e561195dfd82ab260497412e326bb57f2ee5bbe9042d8,557.0,,20.6,84.0
2557,1719722716257,abc0d16aaf15b3a4ee2e561195dfd82ab260497412e326bb57f2ee5bbe9042d8,524.0,,21.9,83.0
2558,1719723328405,abc0d16aaf15b3a4ee2e561195dfd82ab260497412e326bb57f2ee5bbe9042d8,509.0,,23.5,77.0
2559,1719723940546,abc0d16aaf15b3a4ee2e561195dfd82ab260497412e326bb57f2ee5bbe9042d8,524.0,,25.4,77.0
2560,1719724552739,abc0d16aaf15b3a4ee2e561195dfd82ab260497412e326bb57f2ee5bbe9042d8,505.0,,27.8,72.0
2561,1719725164878,abc0d16aaf15b3a4ee2e561195dfd82ab260497412e326bb57f2ee5bbe9042d8,503.0,,29.4,69.0
2562,1719725777035,abc0d16aaf15b3a4ee2e561195dfd82ab260497412e326bb57f2ee5bbe9042d8,508.0,,29.8,69.0
2563,1719726389161,abc0d16aaf15b3a4ee2e561195dfd82ab260497412e326bb57f2ee5bbe9042d8,503.0,,27.9,68.0
2564,1719727001299,abc0d16aaf15b3a4ee2e561195dfd82ab260497412e326bb57f2ee5bbe9042d8,511.0,,28.0,68.0
2565,1719727613487,abc0d16aaf15b3a4ee2e561195dfd82ab260497412e326bb57f2ee5bbe9042d8,503.0,,29.2,68.0
2566,1719728225694,abc0d16aaf15b3a4ee2e561195dfd82ab260497412e326bb57f2ee5bbe9042d8,505.0,,30.1,63.0
2567,1719728837856,abc0d16aaf15b3a4ee2e561195dfd82ab260497412e326bb57f2ee5bbe9042d8,506.0,,30.7,62.0
2568,1719729450021,abc0d16aaf15b3a4ee2e561195dfd82ab260497412e326bb57f2ee5bbe9042d8,496.0,,31.4,61.0
2569,1719730062169,abc0d16aaf15b3a4ee2e561195dfd82ab260497412e326bb57f2ee5bbe9042d8,464.0,,31.2,61.0
2570,1719730674321,abc0d16aaf15b3a4ee2e561195dfd82ab260497412e326bb57f2ee5bbe9042d8,484.0,,30.1,58.0
2571,1719731286470,abc0d16aaf15b3a4ee2e561195dfd82ab260497412e326bb57f2ee5bbe9042d8,468.0,,29.8,56.0
2572,1719731898592,abc0d16aaf15b3a4ee2e561195dfd82ab260497412e326bb57f2ee5bbe9042d8,507.0,,29.6,56.0
2573,1719732510727,abc0d16aaf15b3a4ee2e561195dfd82ab260497412e326bb57f2ee5bbe9042d8,484.0,,29.7,54.0
2574,1719733122880,abc0d16aaf15b3a4ee2e561195dfd82ab260497412e326bb57f2ee5bbe9042d8,491.0,,30.0,50.0
2575,1719733735107,abc0d16aaf15b3a4ee2e561195dfd82ab260497412e326bb57f2ee5bbe9042d8,477.0,,30.1,50.0
2576,1719734347255,abc0d16aaf15b3a4ee2e561195dfd82ab260497412e326bb57f2ee5bbe9042d8,465.0,,30.2,52.0
2577,1719734959407,abc0d16aaf15b3a4ee2e561195dfd82ab260497412e326bb57f2ee5bbe9042d8,474.0,,30.2,51.0
2578,1719735571621,abc0d16aaf15b3a4ee2e561195dfd82ab260497412e326bb57f2ee5bbe9042d8,475.0,,30.4,51.0
2579,1719736183789,abc0d16aaf15b3a4ee2e561195dfd82ab260497412e326bb57f2ee5bbe9042d8,485.0,,30.4,49.0
2580,1719736795999,abc0d16aaf15b3a4ee2e561195dfd82ab260497412e326bb57f2ee5bbe9042d8,482.0,,30.6,50.0
2581,1719737408145,abc0d16aaf15b3a4ee2e561195dfd82ab260497412e326bb57f2ee5bbe9042d8,500.0,,30.6,50.0
2582,1719738020281,abc0d16aaf15b3a4ee2e561195dfd82ab260497412e326bb57f2ee5bbe9042d8,475.0,,30.8,48.0
2583,1719738632413,abc0d16aaf15b3a4ee2e561195dfd82ab260497412e326bb57f2ee5bbe9042d8,494.0,,31.1,48.0
2584,1719739856681,abc0d16aaf15b3a4ee2e561195dfd82ab260497412e326bb57f2ee5bbe9042d8,467.0,,30.8,48.0
2585,1719740468836,abc0d16aaf15b3a4ee2e561195dfd82ab260497412e326bb57f2ee5bbe9042d8,492.0,,30.7,47.0
2586,1719741081036,abc0d16aaf15b3a4ee2e561195dfd82ab260497412e326bb57f2ee5bbe9042d8,467.0,,31.0,47.0
2587,1719741693191,abc0d16aaf15b3a4ee2e561195dfd82ab260497412e326bb57f2ee5bbe9042d8,480.0,,31.0,48.0
2588,1719742305399,abc0d16aaf15b3a4ee2e561195dfd82ab260497412e326bb57f2ee5bbe9042d8,472.0,,31.3,47.0
2589,1719742917577,abc0d16aaf15b3a4ee2e561195dfd82ab260497412e326bb57f2ee5bbe9042d8,485.0,,31.3,47.0
2590,1719743529713,abc0d16aaf15b3a4ee2e561195dfd82ab260497412e326bb57f2ee5bbe9042d8,479.0,,31.2,47.0
2591,1719744141861,abc0d16aaf15b3a4ee2e561195dfd82ab260497412e326bb57f2ee5bbe9042d8,479.0,,31.3,47.0
2592,1719744753992,abc0d16aaf15b3a4ee2e561195dfd82ab260497412e326bb57f2ee5bbe9042d8,465.0,,31.3,47.0
2593,1719745366126,abc0d16aaf15b3a4ee2e561195dfd82ab260497412e326bb57f2ee5bbe9042d8,487.0,,31.4,47.0
2594,1719745978368,abc0d16aaf15b3a4ee2e561195dfd82ab260497412e326bb57f2ee5bbe9042d8,490.0,,31.7,46.0
2595,1719746590497,abc0d16aaf15b3a4ee2e561195dfd82ab260497412e326bb57f2ee5bbe9042d8,469.0,,32.0,45.0
2596,1719747202642,abc0d16aaf15b3a4ee2e561195dfd82ab260497412e326bb57f2ee5bbe9042d8,483.0,,31.7,45.0
2597,1719747814789,abc0d16aaf15b3a4ee2e561195dfd82ab260497412e326bb57f2ee5bbe9042d8,458.0,,32.0,46.0
2598,1719748426949,abc0d16aaf15b3a4ee2e561195dfd82ab260497412e326bb57f2ee5bbe9042d8,472.0,,31.8,46.0
2599,1719749039100,abc0d16aaf15b3a4ee2e561195dfd82ab260497412e326bb57f2ee5bbe9042d8,460.0,,31.7,46.0
2600,1719749651241,abc0d16aaf15b3a4ee2e561195dfd82ab260497412e326bb57f2ee5bbe9042d8,456.0,,32.2,44.0
2601,1719750263477,abc0d16aaf15b3a4ee2e561195dfd82ab260497412e326bb57f2ee5bbe9042d8,466.0,,31.9,45.0
2602,1719750875612,abc0d16aaf15b3a4ee2e561195dfd82ab260497412e326bb57f2ee5bbe9042d8,472.0,,32.0,45.0
2603,1719751487768,abc0d16aaf15b3a4ee2e561195dfd82ab260497412e326bb57f2ee5bbe9042d8,472.0,,31.9,45.0
2604,1719752100005,abc0d16aaf15b3a4ee2e561195dfd82ab260497412e326bb57f2ee5bbe9042d8,493.0,,32.0,44.0
2605,1719752712154,abc0d16aaf15b3a4ee2e561195dfd82ab260497412e326bb57f2ee5bbe9042d8,472.0,,32.2,44.0
2606,1719753324392,abc0d16aaf15b3a4ee2e561195dfd82ab260497412e326bb57f2ee5bbe9042d8,462.0,,32.4,42.0
2607,1719753936598,abc0d16aaf15b3a4ee2e561195dfd82ab260497412e326bb57f2ee5bbe9042d8,471.0,,32.3,41.0
2608,1719754548778,abc0d16aaf15b3a4ee2e561195dfd82ab260497412e326bb57f2ee5bbe9042d8,461.0,,32.3,41.0
2609,1719755160936,abc0d16aaf15b3a4ee2e561195dfd82ab260497412e326bb57f2ee5bbe9042d8,478.0,,32.3,42.0
2610,1719755773150,abc0d16aaf15b3a4ee2e561195dfd82ab260497412e326bb57f2ee5bbe9042d8,484.0,,32.3,43.0
2611,1719756385273,abc0d16aaf15b3a4ee2e561195dfd82ab260497412e326bb57f2ee5bbe9042d8,455.0,,32.3,43.0
2612,1719756997412,abc0d16aaf15b3a4ee2e561195dfd82ab260497412e326bb57f2ee5bbe9042d8,477.0,,32.3,41.0
2613,1719757609544,abc0d16aaf15b3a4ee2e561195dfd82ab260497412e326bb57f2ee5bbe9042d8,458.0,,32.3,42.0
2614,1719758221686,abc0d16aaf15b3a4ee2e561195dfd82ab260497412e326bb57f2ee5bbe9042d8,483.0,,32.2,42.0
2615,1719758833850,abc0d16aaf15b3a4ee2e561195dfd82ab260497412e326bb57f2ee5bbe9042d8,460.0,,32.2,40.0
2616,1719759446082,abc0d16aaf15b3a4ee2e561195dfd82ab260497412e326bb57f2ee5bbe9042d8,471.0,,32.2,41.0
2617,1719760058244,abc0d16aaf15b3a4ee2e561195dfd82ab260497412e326bb57f2ee5bbe9042d8,477.0,,32.1,42.0
2618,1719760670388,abc0d16aaf15b3a4ee2e561195dfd82ab260497412e326bb57f2ee5bbe9042d8,459.0,,31.8,42.0
2619,1719761282527,abc0d16aaf15b3a4ee2e561195dfd82ab260497412e326bb57f2ee5bbe9042d8,472.0,,31.7,41.0
2620,1719761894655,abc0d16aaf15b3a4ee2e561195dfd82ab260497412e326bb57f2ee5bbe9042d8,484.0,,31.8,42.0
2621,1719762506802,abc0d16aaf15b3a4ee2e561195dfd82ab260497412e326bb57f2ee5bbe9042d8,463.0,,31.5,42.0
2622,1719763118929,abc0d16aaf15b3a4ee2e561195dfd82ab260497412e326bb57f2ee5bbe9042d8,471.0,,31.3,43.0
2623,1719763731071,abc0d16aaf15b3a4ee2e561195dfd82ab260497412e326bb57f2ee5bbe9042d8,468.0,,31.1,42.0
2624,1719764343208,abc0d16aaf15b3a4ee2e561195dfd82ab260497412e326bb57f2ee5bbe9042d8,470.0,,30.9,42.0
2625,1719764955340,abc0d16aaf15b3a4ee2e561195dfd82ab260497412e326bb57f2ee5bbe9042d8,487.0,,30.9,43.0
2626,1719765567482,abc0d16aaf15b3a4ee2e561195dfd82ab260497412e326bb57f2ee5bbe9042d8,478.0,,30.6,44.0
2627,1719766179624,abc0d16aaf15b3a4ee2e561195dfd82ab260497412e326bb57f2ee5bbe9042d8,480.0,,30.4,44.0
2628,1719766791822,abc0d16aaf15b3a4ee2e561195dfd82ab260497412e326bb57f2ee5bbe9042d8,457.0,,29.7,46.0
2629,1719768016118,abc0d16aaf15b3a4ee2e561195dfd82ab260497412e326bb57f2ee5bbe9042d8,469.0,,28.1,48.0
2630,1719768628258,abc0d16aaf15b3a4ee2e561195dfd82ab260497412e326bb57f2ee5bbe9042d8,464.0,,27.8,50.0
2631,1719769240392,abc0d16aaf15b3a4ee2e561195dfd82ab260497412e326bb57f2ee5bbe9042d8,474.0,,27.8,51.0
2632,1719770464682,abc0d16aaf15b3a4ee2e561195dfd82ab260497412e326bb57f2ee5bbe9042d8,477.0,,28.1,53.0
2633,1719771076828,abc0d16aaf15b3a4ee2e561195dfd82ab260497412e326bb57f2ee5bbe9042d8,477.0,,27.3,55.0
2634,1719771689054,abc0d16aaf15b3a4ee2e561195dfd82ab260497412e326bb57f2ee5bbe9042d8,459.0,,26.8,55.0
2635,1719772301265,abc0d16aaf15b3a4ee2e561195dfd82ab260497412e326bb57f2ee5bbe9042d8,488.0,,26.2,57.0
2636,1719772913412,abc0d16aaf15b3a4ee2e561195dfd82ab260497412e326bb57f2ee5bbe9042d8,484.0,,25.8,58.0
2637,1719773525576,abc0d16aaf15b3a4ee2e561195dfd82ab260497412e326bb57f2ee5bbe9042d8,476.0,,25.4,58.0
2638,1719774137780,abc0d16aaf15b3a4ee2e561195dfd82ab260497412e326bb57f2ee5bbe9042d8,489.0,,25.1,59.0
2639,1719774749914,abc0d16aaf15b3a4ee2e561195dfd82ab260497412e326bb57f2ee5bbe9042d8,472.0,,24.6,60.0
2640,1719775362053,abc0d16aaf15b3a4ee2e561195dfd82ab260497412e326bb57f2ee5bbe9042d8,481.0,,24.4,61.0
2641,1719775974198,abc0d16aaf15b3a4ee2e561195dfd82ab260497412e326bb57f2ee5bbe9042d8,476.0,,24.2,61.0
2642,1719776586346,abc0d16aaf15b3a4ee2e561195dfd82ab260497412e326bb57f2ee5bbe9042d8,467.0,,24.0,61.0
2643,1719777198484,abc0d16aaf15b3a4ee2e561195dfd82ab260497412e326bb57f2ee5bbe9042d8,479.0,,24.0,59.0
2644,1719777810700,abc0d16aaf15b3a4ee2e561195dfd82ab260497412e326bb57f2ee5bbe9042d8,475.0,,24.0,59.0
2645,1719778422906,abc0d16aaf15b3a4ee2e561195dfd82ab260497412e326bb57f2ee5bbe9042d8,482.0,,23.9,60.0
2646,1719779035048,abc0d16aaf15b3a4ee2e561195dfd82ab260497412e326bb57f2ee5bbe9042d8,496.0,,23.5,61.0
2647,1719779647176,abc0d16aaf15b3a4ee2e561195dfd82ab260497412e326bb57f2ee5bbe9042d8,495.0,,23.3,61.0
2648,1719780259337,abc0d16aaf15b3a4ee2e561195dfd82ab260497412e326bb57f2ee5bbe9042d8,480.0,,23.4,61.0
2649,1719780871478,abc0d16aaf15b3a4ee2e561195dfd82ab260497412e326bb57f2ee5bbe9042d8,504.0,,23.4,61.0
2650,1719781483696,abc0d16aaf15b3a4ee2e561195dfd82ab260497412e326bb57f2ee5bbe9042d8,487.0,,23.2,61.0
2651,1719782095890,abc0d16aaf15b3a4ee2e561195dfd82ab260497412e326bb57f2ee5bbe9042d8,472.0,,23.2,61.0
2652,1719782708036,abc0d16aaf15b3a4ee2e561195dfd82ab260497412e326bb57f2ee5bbe9042d8,493.0,,23.1,62.0
2653,1719783320188,abc0d16aaf15b3a4ee2e561195dfd82ab260497412e326bb57f2ee5bbe9042d8,492.0,,22.9,62.0
2654,1719783932322,abc0d16aaf15b3a4ee2e561195dfd82ab260497412e326bb57f2ee5bbe9042d8,487.0,,22.8,61.0
2655,1719784544473,abc0d16aaf15b3a4ee2e561195dfd82ab260497412e326bb57f2ee5bbe9042d8,490.0,,22.9,62.0
2656,1719785156672,abc0d16aaf15b3a4ee2e561195dfd82ab260497412e326bb57f2ee5bbe9042d8,494.0,,22.9,62.0
2657,1719785768848,abc0d16aaf15b3a4ee2e561195dfd82ab260497412e326bb57f2ee5bbe9042d8,494.0,,22.9,61.0
2658,1719786381006,abc0d16aaf15b3a4ee2e561195dfd82ab260497412e326bb57f2ee5bbe9042d8,484.0,,23.1,61.0
2659,1719786993138,abc0d16aaf15b3a4ee2e561195dfd82ab260497412e326bb57f2ee5bbe9042d8,481.0,,22.9,61.0
2660,1719787605260,abc0d16aaf15b3a4ee2e561195dfd82ab260497412e326bb57f2ee5bbe9042d8,486.0,,22.9,62.0
2661,1719788217414,abc0d16aaf15b3a4ee2e561195dfd82ab260497412e326bb57f2ee5bbe9042d8,496.0,,22.9,62.0
2662,1719788829628,abc0d16aaf15b3a4ee2e561195dfd82ab260497412e326bb57f2ee5bbe9042d8,480.0,,23.0,62.0
2663,1719789441772,abc0d16aaf15b3a4ee2e561195dfd82ab260497412e326bb57f2ee5bbe9042d8,475.0,,22.9,61.0
2664,1719790053924,abc0d16aaf15b3a4ee2e561195dfd82ab260497412e326bb57f2ee5bbe9042d8,499.0,,22.7,62.0
2665,1719790666066,abc0d16aaf15b3a4ee2e561195dfd82ab260497412e326bb57f2ee5bbe9042d8,498.0,,22.6,62.0
2666,1719791278231,abc0d16aaf15b3a4ee2e561195dfd82ab260497412e326bb57f2ee5bbe9042d8,479.0,,22.6,62.0
2667,1719791890378,abc0d16aaf15b3a4ee2e561195dfd82ab260497412e326bb57f2ee5bbe9042d8,498.0,,22.5,63.0
2668,1719792502580,abc0d16aaf15b3a4ee2e561195dfd82ab260497412e326bb57f2ee5bbe9042d8,491.0,,22.3,64.0
2669,1719793114709,abc0d16aaf15b3a4ee2e561195dfd82ab260497412e326bb57f2ee5bbe9042d8,505.0,,22.4,64.0
2670,1719793726933,abc0d16aaf15b3a4ee2e561195dfd82ab260497412e326bb57f2ee5bbe9042d8,475.0,,22.4,64.0
2671,1719794339055,abc0d16aaf15b3a4ee2e561195dfd82ab260497412e326bb57f2ee5bbe9042d8,494.0,,22.4,63.0
2672,1719794951211,abc0d16aaf15b3a4ee2e561195dfd82ab260497412e326bb57f2ee5bbe9042d8,498.0,,22.4,63.0
2673,1719795563397,abc0d16aaf15b3a4ee2e561195dfd82ab260497412e326bb57f2ee5bbe9042d8,512.0,,22.5,62.0
2674,1719796175539,abc0d16aaf15b3a4ee2e561195dfd82ab260497412e326bb57f2ee5bbe9042d8,499.0,,22.3,62.0
2675,1719796787679,abc0d16aaf15b3a4ee2e561195dfd82ab260497412e326bb57f2ee5bbe9042d8,504.0,,22.2,62.0
2676,1719797399875,abc0d16aaf15b3a4ee2e561195dfd82ab260497412e326bb57f2ee5bbe9042d8,498.0,,21.9,65.0
2677,1719798012080,abc0d16aaf15b3a4ee2e561195dfd82ab260497412e326bb57f2ee5bbe9042d8,498.0,,21.7,65.0
2678,1719798624214,abc0d16aaf15b3a4ee2e561195dfd82ab260497412e326bb57f2ee5bbe9042d8,499.0,,21.4,65.0
2679,1719799236370,abc0d16aaf15b3a4ee2e561195dfd82ab260497412e326bb57f2ee5bbe9042d8,494.0,,21.3,66.0
2680,1719799848560,abc0d16aaf15b3a4ee2e561195dfd82ab260497412e326bb57f2ee5bbe9042d8,498.0,,21.2,67.0
2681,1719800460702,abc0d16aaf15b3a4ee2e561195dfd82ab260497412e326bb57f2ee5bbe9042d8,490.0,,21.2,67.0
2682,1719801072856,abc0d16aaf15b3a4ee2e561195dfd82ab260497412e326bb57f2ee5bbe9042d8,523.0,,21.2,67.0
2683,1719801684986,abc0d16aaf15b3a4ee2e561195dfd82ab260497412e326bb57f2ee5bbe9042d8,515.0,,21.0,67.0
2684,1719802297132,abc0d16aaf15b3a4ee2e561195dfd82ab260497412e326bb57f2ee5bbe9042d8,511.0,,20.7,67.0
2685,1719802909322,abc0d16aaf15b3a4ee2e561195dfd82ab260497412e326bb57f2ee5bbe9042d8,508.0,,20.2,70.0
2686,1719803521529,abc0d16aaf15b3a4ee2e561195dfd82ab260497412e326bb57f2ee5bbe9042d8,556.0,,19.8,73.0
2687,1719804133651,abc0d16aaf15b3a4ee2e561195dfd82ab260497412e326bb57f2ee5bbe9042d8,558.0,,19.3,73.0
2688,1719804745792,abc0d16aaf15b3a4ee2e561195dfd82ab260497412e326bb57f2ee5bbe9042d8,572.0,,19.0,74.0
2689,1719805358019,abc0d16aaf15b3a4ee2e561195dfd82ab260497412e326bb57f2ee5bbe9042d8,548.0,,19.0,76.0
2690,1719805970169,abc0d16aaf15b3a4ee2e561195dfd82ab260497412e326bb57f2ee5bbe9042d8,545.0,,19.0,80.0
2691,1719806582309,abc0d16aaf15b3a4ee2e561195dfd82ab260497412e326bb57f2ee5bbe9042d8,566.0,,19.1,80.0
2692,1719807194517,abc0d16aaf15b3a4ee2e561195dfd82ab260497412e326bb57f2ee5bbe9042d8,555.0,,19.2,80.0
2693,1719807806657,abc0d16aaf15b3a4ee2e561195dfd82ab260497412e326bb57f2ee5bbe9042d8,568.0,,19.5,81.0
2694,1719808418804,abc0d16aaf15b3a4ee2e561195dfd82ab260497412e326bb57f2ee5bbe9042d8,547.0,,19.8,81.0
2695,1719809030934,abc0d16aaf15b3a4ee2e561195dfd82ab260497412e326bb57f2ee5bbe9042d8,568.0,,20.6,82.0
2696,1719809643130,abc0d16aaf15b3a4ee2e561195dfd82ab260497412e326bb57f2ee5bbe9042d8,534.0,,22.7,82.0
2697,1719810255279,abc0d16aaf15b3a4ee2e561195dfd82ab260497412e326bb57f2ee5bbe9042d8,525.0,,24.2,82.0
2698,1719810867420,abc0d16aaf15b3a4ee2e561195dfd82ab260497412e326bb57f2ee5bbe9042d8,513.0,,26.3,78.0
2699,1719811479558,abc0d16aaf15b3a4ee2e561195dfd82ab260497412e326bb57f2ee5bbe9042d8,510.0,,27.4,74.0
2700,1719812091713,abc0d16aaf15b3a4ee2e561195dfd82ab260497412e326bb57f2ee5bbe9042d8,506.0,,27.4,74.0
2701,1719812703865,abc0d16aaf15b3a4ee2e561195dfd82ab260497412e326bb57f2ee5bbe9042d8,511.0,,26.8,74.0
2702,1719813316083,abc0d16aaf15b3a4ee2e561195dfd82ab260497412e326bb57f2ee5bbe9042d8,519.0,,27.9,75.0
2703,1719813928321,abc0d16aaf15b3a4ee2e561195dfd82ab260497412e326bb57f2ee5bbe9042d8,506.0,,28.1,75.0
2704,1719814540486,abc0d16aaf15b3a4ee2e561195dfd82ab260497412e326bb57f2ee5bbe9042d8,487.0,,28.4,76.0
2705,1719815152624,abc0d16aaf15b3a4ee2e561195dfd82ab260497412e326bb57f2ee5bbe9042d8,523.0,,29.3,72.0
2706,1719815764771,abc0d16aaf15b3a4ee2e561195dfd82ab260497412e326bb57f2ee5bbe9042d8,513.0,,29.9,72.0
2707,1719816376902,abc0d16aaf15b3a4ee2e561195dfd82ab260497412e326bb57f2ee5bbe9042d8,497.0,,28.1,72.0
2708,1719816989059,abc0d16aaf15b3a4ee2e561195dfd82ab260497412e326bb57f2ee5bbe9042d8,499.0,,28.3,71.0
2709,1719817601195,abc0d16aaf15b3a4ee2e561195dfd82ab260497412e326bb57f2ee5bbe9042d8,490.0,,28.5,71.0
2710,1719818213356,abc0d16aaf15b3a4ee2e561195dfd82ab260497412e326bb57f2ee5bbe9042d8,494.0,,29.3,71.0
2711,1719818825510,abc0d16aaf15b3a4ee2e561195dfd82ab260497412e326bb57f2ee5bbe9042d8,506.0,,29.7,70.0
2712,1719819437648,abc0d16aaf15b3a4ee2e561195dfd82ab260497412e326bb57f2ee5bbe9042d8,506.0,,30.0,70.0
2713,1719820049786,abc0d16aaf15b3a4ee2e561195dfd82ab260497412e326bb57f2ee5bbe9042d8,513.0,,31.0,67.0
2714,1719820661920,abc0d16aaf15b3a4ee2e561195dfd82ab260497412e326bb57f2ee5bbe9042d8,497.0,,31.4,63.0
2715,1719821274134,abc0d16aaf15b3a4ee2e561195dfd82ab260497412e326bb57f2ee5bbe9042d8,483.0,,32.1,59.0
2716,1719821886291,abc0d16aaf15b3a4ee2e561195dfd82ab260497412e326bb57f2ee5bbe9042d8,502.0,,32.0,59.0
2717,1719822498439,abc0d16aaf15b3a4ee2e561195dfd82ab260497412e326bb57f2ee5bbe9042d8,491.0,,32.0,55.0
2718,1719823110582,abc0d16aaf15b3a4ee2e561195dfd82ab260497412e326bb57f2ee5bbe9042d8,462.0,,31.6,53.0
2719,1719823722796,abc0d16aaf15b3a4ee2e561195dfd82ab260497412e326bb57f2ee5bbe9042d8,483.0,,30.4,53.0
2720,1719824334935,abc0d16aaf15b3a4ee2e561195dfd82ab260497412e326bb57f2ee5bbe9042d8,463.0,,31.4,52.0
2721,1719824947110,abc0d16aaf15b3a4ee2e561195dfd82ab260497412e326bb57f2ee5bbe9042d8,477.0,,31.2,52.0
2722,1719825559252,abc0d16aaf15b3a4ee2e561195dfd82ab260497412e326bb57f2ee5bbe9042d8,485.0,,31.7,52.0
2723,1719826171432,abc0d16aaf15b3a4ee2e561195dfd82ab260497412e326bb57f2ee5bbe9042d8,477.0,,31.8,51.0
2724,1719826783566,abc0d16aaf15b3a4ee2e561195dfd82ab260497412e326bb57f2ee5bbe9042d8,462.0,,31.6,51.0
2725,1719827395712,abc0d16aaf15b3a4ee2e561195dfd82ab260497412e326bb57f2ee5bbe9042d8,465.0,,31.0,51.0
2726,1719828007946,abc0d16aaf15b3a4ee2e561195dfd82ab260497412e326bb57f2ee5bbe9042d8,478.0,,30.7,52.0
2727,1719828620070,abc0d16aaf15b3a4ee2e561195dfd82ab260497412e326bb57f2ee5bbe9042d8,467.0,,30.9,53.0
2728,1719829232200,abc0d16aaf15b3a4ee2e561195dfd82ab260497412e326bb57f2ee5bbe9042d8,466.0,,30.9,53.0
2729,1719829844358,abc0d16aaf15b3a4ee2e561195dfd82ab260497412e326bb57f2ee5bbe9042d8,456.0,,30.6,54.0
2730,1719830456512,abc0d16aaf15b3a4ee2e561195dfd82ab260497412e326bb57f2ee5bbe9042d8,479.0,,30.6,53.0
2731,1719831068645,abc0d16aaf15b3a4ee2e561195dfd82ab260497412e326bb57f2ee5bbe9042d8,474.0,,30.4,53.0
2732,1719831680788,abc0d16aaf15b3a4ee2e561195dfd82ab260497412e326bb57f2ee5bbe9042d8,458.0,,30.4,53.0
2733,1719832292930,abc0d16aaf15b3a4ee2e561195dfd82ab260497412e326bb57f2ee5bbe9042d8,473.0,,30.4,53.0
2734,1719832905060,abc0d16aaf15b3a4ee2e561195dfd82ab260497412e326bb57f2ee5bbe9042d8,469.0,,30.6,53.0
2735,1719833517221,abc0d16aaf15b3a4ee2e561195dfd82ab260497412e326bb57f2ee5bbe9042d8,468.0,,31.0,53.0
2736,1719834129446,abc0d16aaf15b3a4ee2e561195dfd82ab260497412e326bb57f2ee5bbe9042d8,474.0,,31.1,54.0
2737,1719834741649,abc0d16aaf15b3a4ee2e561195dfd82ab260497412e326bb57f2ee5bbe9042d8,462.0,,30.8,54.0
2738,1719835353793,abc0d16aaf15b3a4ee2e561195dfd82ab260497412e326bb57f2ee5bbe9042d8,469.0,,30.8,53.0
2739,1719835965934,abc0d16aaf15b3a4ee2e561195dfd82ab260497412e326bb57f2ee5bbe9042d8,456.0,,30.8,53.0
2740,1719836578067,abc0d16aaf15b3a4ee2e561195dfd82ab260497412e326bb57f2ee5bbe9042d8,485.0,,30.9,53.0
2741,1719837190228,abc0d16aaf15b3a4ee2e561195dfd82ab260497412e326bb57f2ee5bbe9042d8,469.0,,30.9,53.0
2742,1719837802408,abc0d16aaf15b3a4ee2e561195dfd82ab260497412e326bb57f2ee5bbe9042d8,459.0,,31.0,53.0
2743,1719838414568,abc0d16aaf15b3a4ee2e561195dfd82ab260497412e326bb57f2ee5bbe9042d8,469.0,,31.0,52.0
2744,1719839026782,abc0d16aaf15b3a4ee2e561195dfd82ab260497412e326bb57f2ee5bbe9042d8,450.0,,31.6,52.0
2745,1719839638939,abc0d16aaf15b3a4ee2e561195dfd82ab260497412e326bb57f2ee5bbe9042d8,459.0,,32.0,51.0
2746,1719840251087,abc0d16aaf15b3a4ee2e561195dfd82ab260497412e326bb57f2ee5bbe9042d8,454.0,,31.9,48.0
2747,1719840863236,abc0d16aaf15b3a4ee2e561195dfd82ab260497412e326bb57f2ee5bbe9042d8,461.0,,32.2,48.0
2748,1719841475404,abc0d16aaf15b3a4ee2e561195dfd82ab260497412e326bb57f2ee5bbe9042d8,444.0,,31.8,49.0
2749,1719842087540,abc0d16aaf15b3a4ee2e561195dfd82ab260497412e326bb57f2ee5bbe9042d8,461.0,,31.4,50.0
2750,1719842699764,abc0d16aaf15b3a4ee2e561195dfd82ab260497412e326bb57f2ee5bbe9042d8,472.0,,32.0,50.0
2751,1719843311908,abc0d16aaf15b3a4ee2e561195dfd82ab260497412e326bb57f2ee5bbe9042d8,462.0,,31.9,51.0
2752,1719843924134,abc0d16aaf15b3a4ee2e561195dfd82ab260497412e326bb57f2ee5bbe9042d8,446.0,,31.5,50.0
2753,1719844536364,abc0d16aaf15b3a4ee2e561195dfd82ab260497412e326bb57f2ee5bbe9042d8,466.0,,31.8,50.0
2754,1719845148586,abc0d16aaf15b3a4ee2e561195dfd82ab260497412e326bb57f2ee5bbe9042d8,461.0,,32.4,49.0
2755,1719845760734,abc0d16aaf15b3a4ee2e561195dfd82ab260497412e326bb57f2ee5bbe9042d8,467.0,,31.2,50.0
2756,1719846372868,abc0d16aaf15b3a4ee2e561195dfd82ab260497412e326bb57f2ee5bbe9042d8,455.0,,29.9,50.0
2757,1719846985011,abc0d16aaf15b3a4ee2e561195dfd82ab260497412e326bb57f2ee5bbe9042d8,461.0,,28.9,59.0
2758,1719847597166,abc0d16aaf15b3a4ee2e561195dfd82ab260497412e326bb57f2ee5bbe9042d8,465.0,,27.3,66.0
2759,1719848209317,abc0d16aaf15b3a4ee2e561195dfd82ab260497412e326bb57f2ee5bbe9042d8,465.0,,26.3,66.0
2760,1719848821461,abc0d16aaf15b3a4ee2e561195dfd82ab260497412e326bb57f2ee5bbe9042d8,466.0,,24.5,61.0
2761,1719849433664,abc0d16aaf15b3a4ee2e561195dfd82ab260497412e326bb57f2ee5bbe9042d8,480.0,,23.6,54.0
2762,1719850045825,abc0d16aaf15b3a4ee2e561195dfd82ab260497412e326bb57f2ee5bbe9042d8,479.0,,24.3,54.0
2763,1719850657954,abc0d16aaf15b3a4ee2e561195dfd82ab260497412e326bb57f2ee5bbe9042d8,473.0,,24.3,60.0
2764,1719851270087,abc0d16aaf15b3a4ee2e561195dfd82ab260497412e326bb57f2ee5bbe9042d8,463.0,,23.3,71.0
2765,1719851882233,abc0d16aaf15b3a4ee2e561195dfd82ab260497412e326bb57f2ee5bbe9042d8,480.0,,23.2,71.0
2766,1719852494370,abc0d16aaf15b3a4ee2e561195dfd82ab260497412e326bb57f2ee5bbe9042d8,483.0,,23.4,71.0
2767,1719853106515,abc0d16aaf15b3a4ee2e561195dfd82ab260497412e326bb57f2ee5bbe9042d8,473.0,,23.9,66.0
2768,1719853718719,abc0d16aaf15b3a4ee2e561195dfd82ab260497412e326bb57f2ee5bbe9042d8,453.0,,24.5,68.0
2769,1719854330877,abc0d16aaf15b3a4ee2e561195dfd82ab260497412e326bb57f2ee5bbe9042d8,476.0,,25.6,68.0
2770,1719854943003,abc0d16aaf15b3a4ee2e561195dfd82ab260497412e326bb57f2ee5bbe9042d8,464.0,,25.6,70.0
2771,1719855555163,abc0d16aaf15b3a4ee2e561195dfd82ab260497412e326bb57f2ee5bbe9042d8,473.0,,25.6,70.0
2772,1719856167309,abc0d16aaf15b3a4ee2e561195dfd82ab260497412e326bb57f2ee5bbe9042d8,477.0,,25.8,70.0
2773,1719856779517,abc0d16aaf15b3a4ee2e561195dfd82ab260497412e326bb57f2ee5bbe9042d8,490.0,,24.7,73.0
2774,1719857391657,abc0d16aaf15b3a4ee2e561195dfd82ab260497412e326bb57f2ee5bbe9042d8,515.0,,23.7,74.0
2775,1719858003813,abc0d16aaf15b3a4ee2e561195dfd82ab260497412e326bb57f2ee5bbe9042d8,492.0,,23.2,74.0
2776,1719858616041,abc0d16aaf15b3a4ee2e561195dfd82ab260497412e326bb57f2ee5bbe9042d8,500.0,,22.6,74.0
2777,1719859228173,abc0d16aaf15b3a4ee2e561195dfd82ab260497412e326bb57f2ee5bbe9042d8,499.0,,22.2,75.0
2778,1719859840388,abc0d16aaf15b3a4ee2e561195dfd82ab260497412e326bb57f2ee5bbe9042d8,501.0,,21.9,75.0
2779,1719860452586,abc0d16aaf15b3a4ee2e561195dfd82ab260497412e326bb57f2ee5bbe9042d8,499.0,,21.7,75.0
2780,1719861064733,abc0d16aaf15b3a4ee2e561195dfd82ab260497412e326bb57f2ee5bbe9042d8,498.0,,21.5,75.0
2781,1719861676882,abc0d16aaf15b3a4ee2e561195dfd82ab260497412e326bb57f2ee5bbe9042d8,528.0,,21.3,75.0
2782,1719862289103,abc0d16aaf15b3a4ee2e561195dfd82ab260497412e326bb57f2ee5bbe9042d8,532.0,,21.1,77.0
2783,1719862901248,abc0d16aaf15b3a4ee2e561195dfd82ab260497412e326bb57f2ee5bbe9042d8,533.0,,20.7,81.0
2784,1719863513402,abc0d16aaf15b3a4ee2e561195dfd82ab260497412e326bb57f2ee5bbe9042d8,549.0,,20.3,81.0
2785,1719864125609,abc0d16aaf15b3a4ee2e561195dfd82ab260497412e326bb57f2ee5bbe9042d8,541.0,,20.1,86.0
2786,1719864737832,abc0d16aaf15b3a4ee2e561195dfd82ab260497412e326bb57f2ee5bbe9042d8,515.0,,20.6,82.0
2787,1719865350055,abc0d16aaf15b3a4ee2e561195dfd82ab260497412e326bb57f2ee5bbe9042d8,494.0,,21.6,76.0
2788,1719865962181,abc0d16aaf15b3a4ee2e561195dfd82ab260497412e326bb57f2ee5bbe9042d8,487.0,,22.0,76.0
2789,1719866574340,abc0d16aaf15b3a4ee2e561195dfd82ab260497412e326bb57f2ee5bbe9042d8,507.0,,22.0,77.0
2790,1719867186489,abc0d16aaf15b3a4ee2e561195dfd82ab260497412e326bb57f2ee5bbe9042d8,510.0,,21.7,79.0
2791,1719867798694,abc0d16aaf15b3a4ee2e561195dfd82ab260497412e326bb57f2ee5bbe9042d8,515.0,,21.5,79.0
2792,1719868410914,abc0d16aaf15b3a4ee2e561195dfd82ab260497412e326bb57f2ee5bbe9042d8,498.0,,21.3,78.0
2793,1719869023088,abc0d16aaf15b3a4ee2e561195dfd82ab260497412e326bb57f2ee5bbe9042d8,497.0,,21.1,83.0
2794,1719869635289,abc0d16aaf15b3a4ee2e561195dfd82ab260497412e326bb57f2ee5bbe9042d8,492.0,,20.7,83.0
2795,1719870247455,abc0d16aaf15b3a4ee2e561195dfd82ab260497412e326bb57f2ee5bbe9042d8,493.0,,19.0,91.0
2796,1719870859615,abc0d16aaf15b3a4ee2e561195dfd82ab260497412e326bb57f2ee5bbe9042d8,505.0,,18.9,94.0
2797,1719871471830,abc0d16aaf15b3a4ee2e561195dfd82ab260497412e326bb57f2ee5bbe9042d8,487.0,,18.9,94.0
2798,1719872084057,abc0d16aaf15b3a4ee2e561195dfd82ab260497412e326bb57f2ee5bbe9042d8,499.0,,18.9,96.0
2799,1719872696209,abc0d16aaf15b3a4ee2e561195dfd82ab260497412e326bb57f2ee5bbe9042d8,519.0,,18.7,99.0
2800,1719873308416,abc0d16aaf15b3a4ee2e561195dfd82ab260497412e326bb57f2ee5bbe9042d8,514.0,,18.7,99.0
2801,1719873920561,abc0d16aaf15b3a4ee2e561195dfd82ab260497412e326bb57f2ee5bbe9042d8,518.0,,18.6,100.0
2802,1719874532699,abc0d16aaf15b3a4ee2e561195dfd82ab260497412e326bb57f2ee5bbe9042d8,534.0,,18.4,100.0
2803,1719875144923,abc0d16aaf15b3a4ee2e561195dfd82ab260497412e326bb57f2ee5bbe9042d8,510.0,,18.4,100.0
2804,1719875757064,abc0d16aaf15b3a4ee2e561195dfd82ab260497412e326bb57f2ee5bbe9042d8,542.0,,18.4,100.0
2805,1719876369216,abc0d16aaf15b3a4ee2e561195dfd82ab260497412e326bb57f2ee5bbe9042d8,531.0,,18.4,100.0
2806,1719876981353,abc0d16aaf15b3a4ee2e561195dfd82ab260497412e326bb57f2ee5bbe9042d8,529.0,,18.2,100.0
2807,1719877593497,abc0d16aaf15b3a4ee2e561195dfd82ab260497412e326bb57f2ee5bbe9042d8,532.0,,18.0,100.0
2808,1719878205643,abc0d16aaf15b3a4ee2e561195dfd82ab260497412e326bb57f2ee5bbe9042d8,566.0,,17.7,100.0
2809,1719878817871,abc0d16aaf15b3a4ee2e561195dfd82ab260497412e326bb57f2ee5bbe9042d8,589.0,,17.5,100.0
2810,1719879430091,abc0d16aaf15b3a4ee2e561195dfd82ab260497412e326bb57f2ee5bbe9042d8,535.0,,17.7,100.0
2811,1719880042219,abc0d16aaf15b3a4ee2e561195dfd82ab260497412e326bb57f2ee5bbe9042d8,527.0,,17.7,100.0
2812,1719880654437,abc0d16aaf15b3a4ee2e561195dfd82ab260497412e326bb57f2ee5bbe9042d8,529.0,,17.7,100.0
2813,1719881266609,abc0d16aaf15b3a4ee2e561195dfd82ab260497412e326bb57f2ee5bbe9042d8,557.0,,17.7,100.0
2814,1719881878767,abc0d16aaf15b3a4ee2e561195dfd82ab260497412e326bb57f2ee5bbe9042d8,583.0,,17.3,100.0
2815,1719882490989,abc0d16aaf15b3a4ee2e561195dfd82ab260497412e326bb57f2ee5bbe9042d8,592.0,,17.1,100.0
2816,1719883103127,abc0d16aaf15b3a4ee2e561195dfd82ab260497412e326bb57f2ee5bbe9042d8,595.0,,17.0,100.0
2817,1719883715285,abc0d16aaf15b3a4ee2e561195dfd82ab260497412e326bb57f2ee5bbe9042d8,590.0,,16.8,100.0
2818,1719884327411,abc0d16aaf15b3a4ee2e561195dfd82ab260497412e326bb57f2ee5bbe9042d8,609.0,,16.8,100.0
2819,1719884939610,abc0d16aaf15b3a4ee2e561195dfd82ab260497412e326bb57f2ee5bbe9042d8,600.0,,16.7,100.0
2820,1719885551749,abc0d16aaf15b3a4ee2e561195dfd82ab260497412e326bb57f2ee5bbe9042d8,600.0,,16.8,100.0
2821,1719886163881,abc0d16aaf15b3a4ee2e561195dfd82ab260497412e326bb57f2ee5bbe9042d8,611.0,,16.8,100.0
2822,1719886776019,abc0d16aaf15b3a4ee2e561195dfd82ab260497412e326bb57f2ee5bbe9042d8,619.0,,16.7,100.0
2823,1719887388193,abc0d16aaf15b3a4ee2e561195dfd82ab260497412e326bb57f2ee5bbe9042d8,661.0,,16.5,100.0
2824,1719888000341,abc0d16aaf15b3a4ee2e561195dfd82ab260497412e326bb57f2ee5bbe9042d8,571.0,,16.7,100.0
2825,1719888612572,abc0d16aaf15b3a4ee2e561195dfd82ab260497412e326bb57f2ee5bbe9042d8,568.0,,16.8,100.0
2826,1719889224713,abc0d16aaf15b3a4ee2e561195dfd82ab260497412e326bb57f2ee5bbe9042d8,623.0,,16.7,100.0
2827,1719889836923,abc0d16aaf15b3a4ee2e561195dfd82ab260497412e326bb57f2ee5bbe9042d8,653.0,,16.5,100.0
2828,1719890449085,abc0d16aaf15b3a4ee2e561195dfd82ab260497412e326bb57f2ee5bbe9042d8,662.0,,16.4,100.0
2829,1719891061262,abc0d16aaf15b3a4ee2e561195dfd82ab260497412e326bb57f2ee5bbe9042d8,627.0,,16.5,100.0
2830,1719891673481,abc0d16aaf15b3a4ee2e561195dfd82ab260497412e326bb57f2ee5bbe9042d8,694.0,,16.2,100.0
2831,1719892285619,abc0d16aaf15b3a4ee2e561195dfd82ab260497412e326bb57f2ee5bbe9042d8,661.0,,16.2,100.0
2832,1719892897766,abc0d16aaf15b3a4ee2e561195dfd82ab260497412e326bb57f2ee5bbe9042d8,649.0,,16.4,100.0
2833,1719893509889,abc0d16aaf15b3a4ee2e561195dfd82ab260497412e326bb57f2ee5bbe9042d8,644.0,,16.7,100.0
2834,1719894122037,abc0d16aaf15b3a4ee2e561195dfd82ab260497412e326bb57f2ee5bbe9042d8,638.0,,16.8,100.0
2835,1719894734269,abc0d16aaf15b3a4ee2e561195dfd82ab260497412e326bb57f2ee5bbe9042d8,650.0,,17.1,100.0
2836,1719895346484,abc0d16aaf15b3a4ee2e561195dfd82ab260497412e326bb57f2ee5bbe9042d8,628.0,,17.9,100.0
2837,1719895958639,abc0d16aaf15b3a4ee2e561195dfd82ab260497412e326bb57f2ee5bbe9042d8,602.0,,20.3,100.0
2838,1719896570851,abc0d16aaf15b3a4ee2e561195dfd82ab260497412e326bb57f2ee5bbe9042d8,619.0,,21.8,100.0
2839,1719897182992,abc0d16aaf15b3a4ee2e561195dfd82ab260497412e326bb57f2ee5bbe9042d8,592.0,,23.0,100.0
2840,1719897795126,abc0d16aaf15b3a4ee2e561195dfd82ab260497412e326bb57f2ee5bbe9042d8,543.0,,23.6,100.0
2841,1719898407284,abc0d16aaf15b3a4ee2e561195dfd82ab260497412e326bb57f2ee5bbe9042d8,559.0,,23.5,100.0
2842,1719899019422,abc0d16aaf15b3a4ee2e561195dfd82ab260497412e326bb57f2ee5bbe9042d8,556.0,,23.9,100.0
2843,1719899631557,abc0d16aaf15b3a4ee2e561195dfd82ab260497412e326bb57f2ee5bbe9042d8,565.0,,25.4,100.0
2844,1719900243789,abc0d16aaf15b3a4ee2e561195dfd82ab260497412e326bb57f2ee5bbe9042d8,565.0,,24.9,100.0
2845,1719900855914,abc0d16aaf15b3a4ee2e561195dfd82ab260497412e326bb57f2ee5bbe9042d8,555.0,,23.7,100.0
2846,1719901468062,abc0d16aaf15b3a4ee2e561195dfd82ab260497412e326bb57f2ee5bbe9042d8,533.0,,22.9,100.0
2847,1719902080207,abc0d16aaf15b3a4ee2e561195dfd82ab260497412e326bb57f2ee5bbe9042d8,557.0,,23.0,100.0
2848,1719902692415,abc0d16aaf15b3a4ee2e561195dfd82ab260497412e326bb57f2ee5bbe9042d8,542.0,,23.9,100.0
2849,1719903304565,abc0d16aaf15b3a4ee2e561195dfd82ab260497412e326bb57f2ee5bbe9042d8,544.0,,25.0,100.0
2850,1719903916775,abc0d16aaf15b3a4ee2e561195dfd82ab260497412e326bb57f2ee5bbe9042d8,518.0,,26.6,100.0
2851,1719904528989,abc0d16aaf15b3a4ee2e561195dfd82ab260497412e326bb57f2ee5bbe9042d8,526.0,,27.7,93.0
2852,1719905753269,abc0d16aaf15b3a4ee2e561195dfd82ab260497412e326bb57f2ee5bbe9042d8,517.0,,27.9,86.0
2853,1719906365409,abc0d16aaf15b3a4ee2e561195dfd82ab260497412e326bb57f2ee5bbe9042d8,525.0,,28.6,82.0
2854,1719906977553,abc0d16aaf15b3a4ee2e561195dfd82ab260497412e326bb57f2ee5bbe9042d8,527.0,,28.4,81.0
2855,1719907589769,abc0d16aaf15b3a4ee2e561195dfd82ab260497412e326bb57f2ee5bbe9042d8,518.0,,28.3,81.0
2856,1719908201955,abc0d16aaf15b3a4ee2e561195dfd82ab260497412e326bb57f2ee5bbe9042d8,520.0,,28.7,79.0
2857,1719908814099,abc0d16aaf15b3a4ee2e561195dfd82ab260497412e326bb57f2ee5bbe9042d8,507.0,,29.3,75.0
2858,1719910650592,abc0d16aaf15b3a4ee2e561195dfd82ab260497412e326bb57f2ee5bbe9042d8,523.0,,29.0,70.0
2859,1719911262734,abc0d16aaf15b3a4ee2e561195dfd82ab260497412e326bb57f2ee5bbe9042d8,510.0,,29.2,65.0
2860,1719911874872,abc0d16aaf15b3a4ee2e561195dfd82ab260497412e326bb57f2ee5bbe9042d8,521.0,,28.9,65.0
2861,1719912487003,abc0d16aaf15b3a4ee2e561195dfd82ab260497412e326bb57f2ee5bbe9042d8,492.0,,29.0,63.0
2862,1719913099215,abc0d16aaf15b3a4ee2e561195dfd82ab260497412e326bb57f2ee5bbe9042d8,452.0,,29.3,62.0
2863,1719913711449,abc0d16aaf15b3a4ee2e561195dfd82ab260497412e326bb57f2ee5bbe9042d8,487.0,,29.7,62.0
2864,1719914323656,abc0d16aaf15b3a4ee2e561195dfd82ab260497412e326bb57f2ee5bbe9042d8,470.0,,29.6,62.0
2865,1719914935882,abc0d16aaf15b3a4ee2e561195dfd82ab260497412e326bb57f2ee5bbe9042d8,490.0,,28.9,61.0
2866,1719915548024,abc0d16aaf15b3a4ee2e561195dfd82ab260497412e326bb57f2ee5bbe9042d8,464.0,,29.7,61.0
2867,1719916160184,abc0d16aaf15b3a4ee2e561195dfd82ab260497412e326bb57f2ee5bbe9042d8,503.0,,30.1,61.0
2868,1719916772337,abc0d16aaf15b3a4ee2e561195dfd82ab260497412e326bb57f2ee5bbe9042d8,489.0,,30.4,58.0
2869,1719917384460,abc0d16aaf15b3a4ee2e561195dfd82ab260497412e326bb57f2ee5bbe9042d8,505.0,,30.2,58.0
2870,1719917996672,abc0d16aaf15b3a4ee2e561195dfd82ab260497412e326bb57f2ee5bbe9042d8,477.0,,30.5,56.0
2871,1719918608819,abc0d16aaf15b3a4ee2e561195dfd82ab260497412e326bb57f2ee5bbe9042d8,477.0,,30.2,52.0
2872,1719919220969,abc0d16aaf15b3a4ee2e561195dfd82ab260497412e326bb57f2ee5bbe9042d8,491.0,,30.4,52.0
2873,1719919833188,abc0d16aaf15b3a4ee2e561195dfd82ab260497412e326bb57f2ee5bbe9042d8,463.0,,30.4,49.0
2874,1719920445421,abc0d16aaf15b3a4ee2e561195dfd82ab260497412e326bb57f2ee5bbe9042d8,483.0,,30.4,47.0
2875,1719921057555,abc0d16aaf15b3a4ee2e561195dfd82ab260497412e326bb57f2ee5bbe9042d8,481.0,,30.8,47.0
2876,1719921669792,abc0d16aaf15b3a4ee2e561195dfd82ab260497412e326bb57f2ee5bbe9042d8,496.0,,30.6,47.0
2877,1719922281937,abc0d16aaf15b3a4ee2e561195dfd82ab260497412e326bb57f2ee5bbe9042d8,475.0,,30.9,47.0
2878,1719922894047,abc0d16aaf15b3a4ee2e561195dfd82ab260497412e326bb57f2ee5bbe9042d8,469.0,,31.0,47.0
2879,1719923506209,abc0d16aaf15b3a4ee2e561195dfd82ab260497412e326bb57f2ee5bbe9042d8,454.0,,31.0,42.0
2880,1719924118355,abc0d16aaf15b3a4ee2e561195dfd82ab260497412e326bb57f2ee5bbe9042d8,480.0,,31.4,42.0
2881,1719924730476,abc0d16aaf15b3a4ee2e561195dfd82ab260497412e326bb57f2ee5bbe9042d8,493.0,,31.5,42.0
2882,1719925342618,abc0d16aaf15b3a4ee2e561195dfd82ab260497412e326bb57f2ee5bbe9042d8,476.0,,31.6,42.0
2883,1719925954806,abc0d16aaf15b3a4ee2e561195dfd82ab260497412e326bb57f2ee5bbe9042d8,491.0,,31.3,41.0
2884,1719926566956,abc0d16aaf15b3a4ee2e561195dfd82ab260497412e326bb57f2ee5bbe9042d8,476.0,,31.6,41.0
2885,1719927179192,abc0d16aaf15b3a4ee2e561195dfd82ab260497412e326bb57f2ee5bbe9042d8,485.0,,31.5,41.0
2886,1719927791350,abc0d16aaf15b3a4ee2e561195dfd82ab260497412e326bb57f2ee5bbe9042d8,478.0,,31.8,41.0
2887,1719928403469,abc0d16aaf15b3a4ee2e561195dfd82ab260497412e326bb57f2ee5bbe9042d8,471.0,,30.9,40.0
2888,1719929015599,abc0d16aaf15b3a4ee2e561195dfd82ab260497412e326bb57f2ee5bbe9042d8,471.0,,30.3,40.0
2889,1719929627783,abc0d16aaf15b3a4ee2e561195dfd82ab260497412e326bb57f2ee5bbe9042d8,469.0,,31.1,41.0
2890,1719930239919,abc0d16aaf15b3a4ee2e561195dfd82ab260497412e326bb57f2ee5bbe9042d8,473.0,,31.7,41.0
2891,1719930852073,abc0d16aaf15b3a4ee2e561195dfd82ab260497412e326bb57f2ee5bbe9042d8,467.0,,32.1,41.0
2892,1719932076429,abc0d16aaf15b3a4ee2e561195dfd82ab260497412e326bb57f2ee5bbe9042d8,475.0,,31.6,41.0
2893,1719932688574,abc0d16aaf15b3a4ee2e561195dfd82ab260497412e326bb57f2ee5bbe9042d8,468.0,,31.6,41.0
2894,1719933300738,abc0d16aaf15b3a4ee2e561195dfd82ab260497412e326bb57f2ee5bbe9042d8,453.0,,31.2,40.0
2895,1719933912878,abc0d16aaf15b3a4ee2e561195dfd82ab260497412e326bb57f2ee5bbe9042d8,471.0,,31.2,40.0
2896,1719934525020,abc0d16aaf15b3a4ee2e561195dfd82ab260497412e326bb57f2ee5bbe9042d8,496.0,,31.3,40.0
2897,1719935137197,abc0d16aaf15b3a4ee2e561195dfd82ab260497412e326bb57f2ee5bbe9042d8,468.0,,31.4,40.0
2898,1719935749407,abc0d16aaf15b3a4ee2e561195dfd82ab260497412e326bb57f2ee5bbe9042d8,450.0,,31.7,38.0
2899,1719936361637,abc0d16aaf15b3a4ee2e561195dfd82ab260497412e326bb57f2ee5bbe9042d8,464.0,,31.8,38.0
2900,1719936973775,abc0d16aaf15b3a4ee2e561195dfd82ab260497412e326bb57f2ee5bbe9042d8,484.0,,31.7,39.0
2901,1719937585943,abc0d16aaf15b3a4ee2e561195dfd82ab260497412e326bb57f2ee5bbe9042d8,465.0,,31.4,39.0
2902,1719938198085,abc0d16aaf15b3a4ee2e561195dfd82ab260497412e326bb57f2ee5bbe9042d8,429.0,,31.4,39.0
2903,1719938810260,abc0d16aaf15b3a4ee2e561195dfd82ab260497412e326bb57f2ee5bbe9042d8,457.0,,31.7,40.0
2904,1719939422447,abc0d16aaf15b3a4ee2e561195dfd82ab260497412e326bb57f2ee5bbe9042d8,486.0,,31.5,39.0
2905,1719940034683,abc0d16aaf15b3a4ee2e561195dfd82ab260497412e326bb57f2ee5bbe9042d8,465.0,,31.6,39.0
2906,1719940646813,abc0d16aaf15b3a4ee2e561195dfd82ab260497412e326bb57f2ee5bbe9042d8,478.0,,31.7,40.0
2907,1719941258952,abc0d16aaf15b3a4ee2e561195dfd82ab260497412e326bb57f2ee5bbe9042d8,478.0,,31.3,39.0
2908,1719941871107,abc0d16aaf15b3a4ee2e561195dfd82ab260497412e326bb57f2ee5bbe9042d8,479.0,,30.7,40.0
2909,1719942483253,abc0d16aaf15b3a4ee2e561195dfd82ab260497412e326bb57f2ee5bbe9042d8,465.0,,29.9,40.0
2910,1719943095446,abc0d16aaf15b3a4ee2e561195dfd82ab260497412e326bb57f2ee5bbe9042d8,461.0,,28.9,42.0
2911,1719943707583,abc0d16aaf15b3a4ee2e561195dfd82ab260497412e326bb57f2ee5bbe9042d8,467.0,,28.2,43.0
2912,1719944319737,abc0d16aaf15b3a4ee2e561195dfd82ab260497412e326bb57f2ee5bbe9042d8,471.0,,28.5,43.0
2913,1719944931930,abc0d16aaf15b3a4ee2e561195dfd82ab260497412e326bb57f2ee5bbe9042d8,477.0,,28.3,44.0
2914,1719946156222,abc0d16aaf15b3a4ee2e561195dfd82ab260497412e326bb57f2ee5bbe9042d8,511.0,,25.9,49.0
2915,1719946768425,abc0d16aaf15b3a4ee2e561195dfd82ab260497412e326bb57f2ee5bbe9042d8,516.0,,25.0,51.0
2916,1719947380591,abc0d16aaf15b3a4ee2e561195dfd82ab260497412e326bb57f2ee5bbe9042d8,557.0,,24.1,61.0
2917,1719947992821,abc0d16aaf15b3a4ee2e561195dfd82ab260497412e326bb57f2ee5bbe9042d8,530.0,,23.3,61.0
2918,1719948604957,abc0d16aaf15b3a4ee2e561195dfd82ab260497412e326bb57f2ee5bbe9042d8,583.0,,22.6,66.0
2919,1719949217139,abc0d16aaf15b3a4ee2e561195dfd82ab260497412e326bb57f2ee5bbe9042d8,512.0,,22.4,68.0
2920,1719949829294,abc0d16aaf15b3a4ee2e561195dfd82ab260497412e326bb57f2ee5bbe9042d8,517.0,,22.1,68.0
2921,1719950441417,abc0d16aaf15b3a4ee2e561195dfd82ab260497412e326bb57f2ee5bbe9042d8,540.0,,21.5,73.0
2922,1719951053561,abc0d16aaf15b3a4ee2e561195dfd82ab260497412e326bb57f2ee5bbe9042d8,528.0,,21.1,73.0
2923,1719951665699,abc0d16aaf15b3a4ee2e561195dfd82ab260497412e326bb57f2ee5bbe9042d8,522.0,,21.3,73.0
2924,1719952277829,abc0d16aaf15b3a4ee2e561195dfd82ab260497412e326bb57f2ee5bbe9042d8,536.0,,21.6,74.0
2925,1719952890047,abc0d16aaf15b3a4ee2e561195dfd82ab260497412e326bb57f2ee5bbe9042d8,540.0,,21.6,76.0
2926,1719953502215,abc0d16aaf15b3a4ee2e561195dfd82ab260497412e326bb57f2ee5bbe9042d8,514.0,,21.5,76.0
2927,1719954114375,abc0d16aaf15b3a4ee2e561195dfd82ab260497412e326bb57f2ee5bbe9042d8,558.0,,21.3,73.0
2928,1719954726531,abc0d16aaf15b3a4ee2e561195dfd82ab260497412e326bb57f2ee5bbe9042d8,549.0,,20.9,77.0
2929,1719955338684,abc0d16aaf15b3a4ee2e561195dfd82ab260497412e326bb57f2ee5bbe9042d8,558.0,,20.7,77.0
2930,1719955950814,abc0d16aaf15b3a4ee2e561195dfd82ab260497412e326bb57f2ee5bbe9042d8,548.0,,20.3,82.0
2931,1719956563005,abc0d16aaf15b3a4ee2e561195dfd82ab260497412e326bb57f2ee5bbe9042d8,559.0,,20.0,81.0
2932,1719957175143,abc0d16aaf15b3a4ee2e561195dfd82ab260497412e326bb57f2ee5bbe9042d8,546.0,,20.2,83.0
2933,1719957787350,abc0d16aaf15b3a4ee2e561195dfd82ab260497412e326bb57f2ee5bbe9042d8,581.0,,19.7,83.0
2934,1719958399501,abc0d16aaf15b3a4ee2e561195dfd82ab260497412e326bb57f2ee5bbe9042d8,582.0,,19.5,85.0
2935,1719959011726,abc0d16aaf15b3a4ee2e561195dfd82ab260497412e326bb57f2ee5bbe9042d8,635.0,,19.2,88.0
2936,1719959623859,abc0d16aaf15b3a4ee2e561195dfd82ab260497412e326bb57f2ee5bbe9042d8,624.0,,19.1,88.0
2937,1719960236026,abc0d16aaf15b3a4ee2e561195dfd82ab260497412e326bb57f2ee5bbe9042d8,663.0,,18.9,91.0
2938,1719960848186,abc0d16aaf15b3a4ee2e561195dfd82ab260497412e326bb57f2ee5bbe9042d8,665.0,,18.7,92.0
2939,1719961460392,abc0d16aaf15b3a4ee2e561195dfd82ab260497412e326bb57f2ee5bbe9042d8,692.0,,18.4,92.0
2940,1719962072551,abc0d16aaf15b3a4ee2e561195dfd82ab260497412e326bb57f2ee5bbe9042d8,597.0,,19.0,92.0
2941,1719962684690,abc0d16aaf15b3a4ee2e561195dfd82ab260497412e326bb57f2ee5bbe9042d8,555.0,,19.4,93.0
2942,1719963296825,abc0d16aaf15b3a4ee2e561195dfd82ab260497412e326bb57f2ee5bbe9042d8,603.0,,19.4,93.0
2943,1719963908975,abc0d16aaf15b3a4ee2e561195dfd82ab260497412e326bb57f2ee5bbe9042d8,634.0,,18.9,93.0
2944,1719964521184,abc0d16aaf15b3a4ee2e561195dfd82ab260497412e326bb57f2ee5bbe9042d8,662.0,,18.5,94.0
2945,1719965133398,abc0d16aaf15b3a4ee2e561195dfd82ab260497412e326bb57f2ee5bbe9042d8,675.0,,18.3,94.0
2946,1719965745594,abc0d16aaf15b3a4ee2e561195dfd82ab260497412e326bb57f2ee5bbe9042d8,595.0,,18.2,95.0
2947,1719966357721,abc0d16aaf15b3a4ee2e561195dfd82ab260497412e326bb57f2ee5bbe9042d8,621.0,,18.3,95.0
2948,1719966969865,abc0d16aaf15b3a4ee2e561195dfd82ab260497412e326bb57f2ee5bbe9042d8,665.0,,18.2,95.0
2949,1719967582015,abc0d16aaf15b3a4ee2e561195dfd82ab260497412e326bb57f2ee5bbe9042d8,669.0,,17.9,95.0
2950,1719968194187,abc0d16aaf15b3a4ee2e561195dfd82ab260497412e326bb57f2ee5bbe9042d8,656.0,,18.0,95.0
2951,1719968806311,abc0d16aaf15b3a4ee2e561195dfd82ab260497412e326bb57f2ee5bbe9042d8,668.0,,18.0,95.0
2952,1719969418452,abc0d16aaf15b3a4ee2e561195dfd82ab260497412e326bb57f2ee5bbe9042d8,686.0,,18.1,97.0
2953,1719970030579,abc0d16aaf15b3a4ee2e561195dfd82ab260497412e326bb57f2ee5bbe9042d8,573.0,,18.5,92.0
2954,1719970642747,abc0d16aaf15b3a4ee2e561195dfd82ab260497412e326bb57f2ee5bbe9042d8,556.0,,18.5,92.0
2955,1719971254912,abc0d16aaf15b3a4ee2e561195dfd82ab260497412e326bb57f2ee5bbe9042d8,553.0,,18.7,88.0
2956,1719971867034,abc0d16aaf15b3a4ee2e561195dfd82ab260497412e326bb57f2ee5bbe9042d8,531.0,,18.7,88.0
2957,1719972479172,abc0d16aaf15b3a4ee2e561195dfd82ab260497412e326bb57f2ee5bbe9042d8,503.0,,19.1,88.0
2958,1719973091298,abc0d16aaf15b3a4ee2e561195dfd82ab260497412e326bb57f2ee5bbe9042d8,511.0,,19.4,88.0
2959,1719973703482,abc0d16aaf15b3a4ee2e561195dfd82ab260497412e326bb57f2ee5bbe9042d8,513.0,,19.9,82.0
2960,1719974315624,abc0d16aaf15b3a4ee2e561195dfd82ab260497412e326bb57f2ee5bbe9042d8,524.0,,20.1,78.0
2961,1719974927771,abc0d16aaf15b3a4ee2e561195dfd82ab260497412e326bb57f2ee5bbe9042d8,509.0,,20.2,78.0
2962,1719975539906,abc0d16aaf15b3a4ee2e561195dfd82ab260497412e326bb57f2ee5bbe9042d8,503.0,,19.6,79.0
2963,1719976152042,abc0d16aaf15b3a4ee2e561195dfd82ab260497412e326bb57f2ee5bbe9042d8,492.0,,19.2,81.0
2964,1719976764168,abc0d16aaf15b3a4ee2e561195dfd82ab260497412e326bb57f2ee5bbe9042d8,521.0,,18.9,81.0
2965,1719977376322,abc0d16aaf15b3a4ee2e561195dfd82ab260497412e326bb57f2ee5bbe9042d8,501.0,,18.9,81.0
2966,1719977988531,abc0d16aaf15b3a4ee2e561195dfd82ab260497412e326bb57f2ee5bbe9042d8,488.0,,19.3,80.0
2967,1719978600674,abc0d16aaf15b3a4ee2e561195dfd82ab260497412e326bb57f2ee5bbe9042d8,493.0,,19.2,80.0
2968,1719979212902,abc0d16aaf15b3a4ee2e561195dfd82ab260497412e326bb57f2ee5bbe9042d8,489.0,,19.4,83.0
2969,1719979825029,abc0d16aaf15b3a4ee2e561195dfd82ab260497412e326bb57f2ee5bbe9042d8,488.0,,19.3,85.0
2970,1719980437178,abc0d16aaf15b3a4ee2e561195dfd82ab260497412e326bb57f2ee5bbe9042d8,482.0,,19.2,85.0
2971,1719981049332,abc0d16aaf15b3a4ee2e561195dfd82ab260497412e326bb57f2ee5bbe9042d8,485.0,,19.2,85.0
2972,1719981661453,abc0d16aaf15b3a4ee2e561195dfd82ab260497412e326bb57f2ee5bbe9042d8,480.0,,19.2,84.0
2973,1719982273634,abc0d16aaf15b3a4ee2e561195dfd82ab260497412e326bb57f2ee5bbe9042d8,481.0,,19.1,84.0
2974,1719982885772,abc0d16aaf15b3a4ee2e561195dfd82ab260497412e326bb57f2ee5bbe9042d8,487.0,,19.0,84.0
2975,1719983497884,abc0d16aaf15b3a4ee2e561195dfd82ab260497412e326bb57f2ee5bbe9042d8,486.0,,19.0,84.0
2976,1719984110126,abc0d16aaf15b3a4ee2e561195dfd82ab260497412e326bb57f2ee5bbe9042d8,483.0,,18.9,84.0
2977,1719984722264,abc0d16aaf15b3a4ee2e561195dfd82ab260497412e326bb57f2ee5bbe9042d8,493.0,,18.8,87.0
2978,1719985334390,abc0d16aaf15b3a4ee2e561195dfd82ab260497412e326bb57f2ee5bbe9042d8,504.0,,18.5,87.0
2979,1719985946616,abc0d16aaf15b3a4ee2e561195dfd82ab260497412e326bb57f2ee5bbe9042d8,488.0,,17.5,87.0
2980,1719988395191,abc0d16aaf15b3a4ee2e561195dfd82ab260497412e326bb57f2ee5bbe9042d8,487.0,,17.0,97.0
2981,1719989007413,abc0d16aaf15b3a4ee2e561195dfd82ab260497412e326bb57f2ee5bbe9042d8,501.0,,16.6,100.0
2982,1719989619615,abc0d16aaf15b3a4ee2e561195dfd82ab260497412e326bb57f2ee5bbe9042d8,496.0,,16.5,100.0
2983,1719990231773,abc0d16aaf15b3a4ee2e561195dfd82ab260497412e326bb57f2ee5bbe9042d8,489.0,,16.2,100.0
2984,1719990844003,abc0d16aaf15b3a4ee2e561195dfd82ab260497412e326bb57f2ee5bbe9042d8,511.0,,16.1,100.0
2985,1719991456133,abc0d16aaf15b3a4ee2e561195dfd82ab260497412e326bb57f2ee5bbe9042d8,500.0,,16.0,100.0
2986,1719992068358,abc0d16aaf15b3a4ee2e561195dfd82ab260497412e326bb57f2ee5bbe9042d8,480.0,,16.1,100.0
2987,1719992680490,abc0d16aaf15b3a4ee2e561195dfd82ab260497412e326bb57f2ee5bbe9042d8,507.0,,16.1,100.0
2988,1719993292631,abc0d16aaf15b3a4ee2e561195dfd82ab260497412e326bb57f2ee5bbe9042d8,501.0,,16.2,100.0
2989,1719993904785,abc0d16aaf15b3a4ee2e561195dfd82ab260497412e326bb57f2ee5bbe9042d8,492.0,,16.2,100.0
2990,1719994516905,abc0d16aaf15b3a4ee2e561195dfd82ab260497412e326bb57f2ee5bbe9042d8,490.0,,16.3,100.0
2991,1719995129070,abc0d16aaf15b3a4ee2e561195dfd82ab260497412e326bb57f2ee5bbe9042d8,494.0,,16.5,
2992,1719995741288,abc0d16aaf15b3a4ee2e561195dfd82ab260497412e326bb57f2ee5bbe9042d8,500.0,,16.9,
2993,1719996353427,abc0d16aaf15b3a4ee2e561195dfd82ab260497412e326bb57f2ee5bbe9042d8,501.0,,17.2,100.0
2994,1719996965571,abc0d16aaf15b3a4ee2e561195dfd82ab260497412e326bb57f2ee5bbe9042d8,492.0,,17.4,100.0
2995,1719997577787,abc0d16aaf15b3a4ee2e561195dfd82ab260497412e326bb57f2ee5bbe9042d8,484.0,,17.7,100.0
2996,1719998189915,abc0d16aaf15b3a4ee2e561195dfd82ab260497412e326bb57f2ee5bbe9042d8,493.0,,18.0,100.0
2997,1719998802059,abc0d16aaf15b3a4ee2e561195dfd82ab260497412e326bb57f2ee5bbe9042d8,507.0,,18.4,100.0
2998,1719999414209,abc0d16aaf15b3a4ee2e561195dfd82ab260497412e326bb57f2ee5bbe9042d8,485.0,,19.1,100.0
2999,1720000026329,abc0d16aaf15b3a4ee2e561195dfd82ab260497412e326bb57f2ee5bbe9042d8,481.0,,19.1,100.0
3000,1720000638469,abc0d16aaf15b3a4ee2e561195dfd82ab260497412e326bb57f2ee5bbe9042d8,509.0,,19.8,100.0
3001,1720001250626,abc0d16aaf15b3a4ee2e561195dfd82ab260497412e326bb57f2ee5bbe9042d8,480.0,,20.3,100.0
3002,1720001862856,abc0d16aaf15b3a4ee2e561195dfd82ab260497412e326bb57f2ee5bbe9042d8,492.0,,20.1,100.0
3003,1720002474997,abc0d16aaf15b3a4ee2e561195dfd82ab260497412e326bb57f2ee5bbe9042d8,493.0,,20.3,100.0
3004,1720003087145,abc0d16aaf15b3a4ee2e561195dfd82ab260497412e326bb57f2ee5bbe9042d8,487.0,,20.7,95.0
3005,1720003699350,abc0d16aaf15b3a4ee2e561195dfd82ab260497412e326bb57f2ee5bbe9042d8,481.0,,20.0,95.0
3006,1720004311504,abc0d16aaf15b3a4ee2e561195dfd82ab260497412e326bb57f2ee5bbe9042d8,480.0,,19.4,93.0
3007,1720004923738,abc0d16aaf15b3a4ee2e561195dfd82ab260497412e326bb57f2ee5bbe9042d8,484.0,,19.4,93.0
3008,1720005535908,abc0d16aaf15b3a4ee2e561195dfd82ab260497412e326bb57f2ee5bbe9042d8,479.0,,19.5,93.0
3009,1720006148050,abc0d16aaf15b3a4ee2e561195dfd82ab260497412e326bb57f2ee5bbe9042d8,494.0,,20.2,93.0
3010,1720006760198,abc0d16aaf15b3a4ee2e561195dfd82ab260497412e326bb57f2ee5bbe9042d8,474.0,,20.6,91.0
3011,1720007372420,abc0d16aaf15b3a4ee2e561195dfd82ab260497412e326bb57f2ee5bbe9042d8,485.0,,20.6,91.0
3012,1720007984556,abc0d16aaf15b3a4ee2e561195dfd82ab260497412e326bb57f2ee5bbe9042d8,505.0,,20.3,89.0
3013,1720008596717,abc0d16aaf15b3a4ee2e561195dfd82ab260497412e326bb57f2ee5bbe9042d8,474.0,,19.9,90.0
3014,1720009208931,abc0d16aaf15b3a4ee2e561195dfd82ab260497412e326bb57f2ee5bbe9042d8,476.0,,19.9,90.0
3015,1720009821078,abc0d16aaf15b3a4ee2e561195dfd82ab260497412e326bb57f2ee5bbe9042d8,506.0,,20.3,90.0
3016,1720010433239,abc0d16aaf15b3a4ee2e561195dfd82ab260497412e326bb57f2ee5bbe9042d8,485.0,,20.5,90.0
3017,1720011045434,abc0d16aaf15b3a4ee2e561195dfd82ab260497412e326bb57f2ee5bbe9042d8,480.0,,20.5,90.0
3018,1720011657592,abc0d16aaf15b3a4ee2e561195dfd82ab260497412e326bb57f2ee5bbe9042d8,486.0,,20.6,88.0
3019,1720012269728,abc0d16aaf15b3a4ee2e561195dfd82ab260497412e326bb57f2ee5bbe9042d8,479.0,,21.0,88.0
3020,1720012881863,abc0d16aaf15b3a4ee2e561195dfd82ab260497412e326bb57f2ee5bbe9042d8,480.0,,20.9,88.0
3021,1720013494002,abc0d16aaf15b3a4ee2e561195dfd82ab260497412e326bb57f2ee5bbe9042d8,484.0,,20.9,87.0
3022,1720014106156,abc0d16aaf15b3a4ee2e561195dfd82ab260497412e326bb57f2ee5bbe9042d8,489.0,,21.5,86.0
3023,1720014718394,abc0d16aaf15b3a4ee2e561195dfd82ab260497412e326bb57f2ee5bbe9042d8,466.0,,22.0,86.0
3024,1720015330551,abc0d16aaf15b3a4ee2e561195dfd82ab260497412e326bb57f2ee5bbe9042d8,486.0,,21.9,83.0
3025,1720015942686,abc0d16aaf15b3a4ee2e561195dfd82ab260497412e326bb57f2ee5bbe9042d8,473.0,,21.7,82.0
3026,1720016554827,abc0d16aaf15b3a4ee2e561195dfd82ab260497412e326bb57f2ee5bbe9042d8,481.0,,21.3,83.0
3027,1720017166987,abc0d16aaf15b3a4ee2e561195dfd82ab260497412e326bb57f2ee5bbe9042d8,500.0,,21.2,83.0
3028,1720017779140,abc0d16aaf15b3a4ee2e561195dfd82ab260497412e326bb57f2ee5bbe9042d8,488.0,,21.2,83.0
3029,1720018391343,abc0d16aaf15b3a4ee2e561195dfd82ab260497412e326bb57f2ee5bbe9042d8,478.0,,21.5,82.0
3030,1720019003536,abc0d16aaf15b3a4ee2e561195dfd82ab260497412e326bb57f2ee5bbe9042d8,476.0,,21.9,82.0
3031,1720019615681,abc0d16aaf15b3a4ee2e561195dfd82ab260497412e326bb57f2ee5bbe9042d8,474.0,,21.8,83.0
3032,1720020227839,abc0d16aaf15b3a4ee2e561195dfd82ab260497412e326bb57f2ee5bbe9042d8,488.0,,21.7,84.0
3033,1720020840045,abc0d16aaf15b3a4ee2e561195dfd82ab260497412e326bb57f2ee5bbe9042d8,489.0,,21.7,84.0
3034,1720021452181,abc0d16aaf15b3a4ee2e561195dfd82ab260497412e326bb57f2ee5bbe9042d8,496.0,,21.9,84.0
3035,1720022064397,abc0d16aaf15b3a4ee2e561195dfd82ab260497412e326bb57f2ee5bbe9042d8,471.0,,21.6,82.0
3036,1720022676537,abc0d16aaf15b3a4ee2e561195dfd82ab260497412e326bb57f2ee5bbe9042d8,471.0,,21.6,82.0
3037,1720023288663,abc0d16aaf15b3a4ee2e561195dfd82ab260497412e326bb57f2ee5bbe9042d8,482.0,,21.3,84.0
3038,1720023900805,abc0d16aaf15b3a4ee2e561195dfd82ab260497412e326bb57f2ee5bbe9042d8,480.0,,20.9,86.0
3039,1720024512966,abc0d16aaf15b3a4ee2e561195dfd82ab260497412e326bb57f2ee5bbe9042d8,489.0,,20.8,86.0
3040,1720025125120,abc0d16aaf15b3a4ee2e561195dfd82ab260497412e326bb57f2ee5bbe9042d8,485.0,,20.7,86.0
3041,1720025737353,abc0d16aaf15b3a4ee2e561195dfd82ab260497412e326bb57f2ee5bbe9042d8,476.0,,20.8,85.0
3042,1720026349474,abc0d16aaf15b3a4ee2e561195dfd82ab260497412e326bb57f2ee5bbe9042d8,481.0,,20.8,85.0
3043,1720026961650,abc0d16aaf15b3a4ee2e561195dfd82ab260497412e326bb57f2ee5bbe9042d8,479.0,,20.8,86.0
3044,1720027573866,abc0d16aaf15b3a4ee2e561195dfd82ab260497412e326bb57f2ee5bbe9042d8,477.0,,20.9,87.0
3045,1720028185988,abc0d16aaf15b3a4ee2e561195dfd82ab260497412e326bb57f2ee5bbe9042d8,485.0,,20.6,87.0
3046,1720028798151,abc0d16aaf15b3a4ee2e561195dfd82ab260497412e326bb57f2ee5bbe9042d8,491.0,,20.5,88.0
3047,1720029410378,abc0d16aaf15b3a4ee2e561195dfd82ab260497412e326bb57f2ee5bbe9042d8,485.0,,20.3,90.0
3048,1720030022512,abc0d16aaf15b3a4ee2e561195dfd82ab260497412e326bb57f2ee5bbe9042d8,490.0,,20.2,90.0
3049,1720030634725,abc0d16aaf15b3a4ee2e561195dfd82ab260497412e326bb57f2ee5bbe9042d8,471.0,,20.3,91.0
3050,1720031246861,abc0d16aaf15b3a4ee2e561195dfd82ab260497412e326bb57f2ee5bbe9042d8,487.0,,20.2,91.0
3051,1720031859024,abc0d16aaf15b3a4ee2e561195dfd82ab260497412e326bb57f2ee5bbe9042d8,475.0,,20.2,94.0
3052,1720032472924,abc0d16aaf15b3a4ee2e561195dfd82ab260497412e326bb57f2ee5bbe9042d8,493.0,,20.0,94.0
3053,1720033085060,abc0d16aaf15b3a4ee2e561195dfd82ab260497412e326bb57f2ee5bbe9042d8,479.0,,19.6,96.0
3054,1720033697194,abc0d16aaf15b3a4ee2e561195dfd82ab260497412e326bb57f2ee5bbe9042d8,501.0,,19.2,97.0
3055,1720034309415,abc0d16aaf15b3a4ee2e561195dfd82ab260497412e326bb57f2ee5bbe9042d8,529.0,,18.9,97.0
3056,1720034921534,abc0d16aaf15b3a4ee2e561195dfd82ab260497412e326bb57f2ee5bbe9042d8,555.0,,18.6,98.0
3057,1720035533694,abc0d16aaf15b3a4ee2e561195dfd82ab260497412e326bb57f2ee5bbe9042d8,554.0,,18.1,100.0
3058,1720036145884,abc0d16aaf15b3a4ee2e561195dfd82ab260497412e326bb57f2ee5bbe9042d8,568.0,,17.9,100.0
3059,1720036758121,abc0d16aaf15b3a4ee2e561195dfd82ab260497412e326bb57f2ee5bbe9042d8,541.0,,17.8,100.0
3060,1720037370262,abc0d16aaf15b3a4ee2e561195dfd82ab260497412e326bb57f2ee5bbe9042d8,553.0,,17.8,100.0
3061,1720037982384,abc0d16aaf15b3a4ee2e561195dfd82ab260497412e326bb57f2ee5bbe9042d8,525.0,,17.8,100.0
3062,1720038594512,abc0d16aaf15b3a4ee2e561195dfd82ab260497412e326bb57f2ee5bbe9042d8,550.0,,17.9,100.0
3063,1720039206721,abc0d16aaf15b3a4ee2e561195dfd82ab260497412e326bb57f2ee5bbe9042d8,575.0,,17.9,100.0
3064,1720039818875,abc0d16aaf15b3a4ee2e561195dfd82ab260497412e326bb57f2ee5bbe9042d8,594.0,,17.9,100.0
3065,1720040431017,abc0d16aaf15b3a4ee2e561195dfd82ab260497412e326bb57f2ee5bbe9042d8,563.0,,17.9,100.0
3066,1720041043160,abc0d16aaf15b3a4ee2e561195dfd82ab260497412e326bb57f2ee5bbe9042d8,620.0,,17.8,100.0
3067,1720041655292,abc0d16aaf15b3a4ee2e561195dfd82ab260497412e326bb57f2ee5bbe9042d8,633.0,,17.4,100.0
3068,1720042267431,abc0d16aaf15b3a4ee2e561195dfd82ab260497412e326bb57f2ee5bbe9042d8,598.0,,17.3,100.0
3069,1720042879565,abc0d16aaf15b3a4ee2e561195dfd82ab260497412e326bb57f2ee5bbe9042d8,665.0,,17.0,100.0
3070,1720043491804,abc0d16aaf15b3a4ee2e561195dfd82ab260497412e326bb57f2ee5bbe9042d8,644.0,,16.7,100.0
3071,1720044103928,abc0d16aaf15b3a4ee2e561195dfd82ab260497412e326bb57f2ee5bbe9042d8,643.0,,16.3,100.0
3072,1720044716090,abc0d16aaf15b3a4ee2e561195dfd82ab260497412e326bb57f2ee5bbe9042d8,651.0,,16.2,100.0
3073,1720045328216,abc0d16aaf15b3a4ee2e561195dfd82ab260497412e326bb57f2ee5bbe9042d8,638.0,,16.2,100.0
3074,1720045940440,abc0d16aaf15b3a4ee2e561195dfd82ab260497412e326bb57f2ee5bbe9042d8,654.0,,16.1,100.0
3075,1720046552582,abc0d16aaf15b3a4ee2e561195dfd82ab260497412e326bb57f2ee5bbe9042d8,705.0,,15.7,100.0
3076,1720047164704,abc0d16aaf15b3a4ee2e561195dfd82ab260497412e326bb57f2ee5bbe9042d8,746.0,,15.5,100.0
3077,1720047776861,abc0d16aaf15b3a4ee2e561195dfd82ab260497412e326bb57f2ee5bbe9042d8,679.0,,15.6,100.0
3078,1720048389003,abc0d16aaf15b3a4ee2e561195dfd82ab260497412e326bb57f2ee5bbe9042d8,653.0,,16.1,100.0
3079,1720049001171,abc0d16aaf15b3a4ee2e561195dfd82ab260497412e326bb57f2ee5bbe9042d8,601.0,,16.3,100.0
3080,1720049613309,abc0d16aaf15b3a4ee2e561195dfd82ab260497412e326bb57f2ee5bbe9042d8,634.0,,16.6,100.0
3081,1720050225467,abc0d16aaf15b3a4ee2e561195dfd82ab260497412e326bb57f2ee5bbe9042d8,626.0,,16.8,100.0
3082,1720050837610,abc0d16aaf15b3a4ee2e561195dfd82ab260497412e326bb57f2ee5bbe9042d8,630.0,,16.8,100.0
3083,1720051449766,abc0d16aaf15b3a4ee2e561195dfd82ab260497412e326bb57f2ee5bbe9042d8,602.0,,16.9,100.0
3084,1720052061905,abc0d16aaf15b3a4ee2e561195dfd82ab260497412e326bb57f2ee5bbe9042d8,578.0,,17.0,100.0
3085,1720052674058,abc0d16aaf15b3a4ee2e561195dfd82ab260497412e326bb57f2ee5bbe9042d8,590.0,,17.1,100.0
3086,1720053286229,abc0d16aaf15b3a4ee2e561195dfd82ab260497412e326bb57f2ee5bbe9042d8,610.0,,17.2,100.0
3087,1720053898370,abc0d16aaf15b3a4ee2e561195dfd82ab260497412e326bb57f2ee5bbe9042d8,596.0,,17.3,100.0
3088,1720054510534,abc0d16aaf15b3a4ee2e561195dfd82ab260497412e326bb57f2ee5bbe9042d8,596.0,,17.3,100.0
3089,1720055122651,abc0d16aaf15b3a4ee2e561195dfd82ab260497412e326bb57f2ee5bbe9042d8,598.0,,17.3,100.0
3090,1720055734824,abc0d16aaf15b3a4ee2e561195dfd82ab260497412e326bb57f2ee5bbe9042d8,582.0,,17.4,100.0
3091,1720056346962,abc0d16aaf15b3a4ee2e561195dfd82ab260497412e326bb57f2ee5bbe9042d8,562.0,,17.5,100.0
3092,1720056959097,abc0d16aaf15b3a4ee2e561195dfd82ab260497412e326bb57f2ee5bbe9042d8,571.0,,17.3,100.0
3093,1720057571256,abc0d16aaf15b3a4ee2e561195dfd82ab260497412e326bb57f2ee5bbe9042d8,557.0,,17.2,100.0
3094,1720058183386,abc0d16aaf15b3a4ee2e561195dfd82ab260497412e326bb57f2ee5bbe9042d8,561.0,,17.2,100.0
3095,1720058795525,abc0d16aaf15b3a4ee2e561195dfd82ab260497412e326bb57f2ee5bbe9042d8,565.0,,17.2,100.0
3096,1720059407656,abc0d16aaf15b3a4ee2e561195dfd82ab260497412e326bb57f2ee5bbe9042d8,573.0,,17.2,100.0
3097,1720060019819,abc0d16aaf15b3a4ee2e561195dfd82ab260497412e326bb57f2ee5bbe9042d8,549.0,,17.2,100.0
3098,1720060631962,abc0d16aaf15b3a4ee2e561195dfd82ab260497412e326bb57f2ee5bbe9042d8,570.0,,17.3,100.0
3099,1720061244120,abc0d16aaf15b3a4ee2e561195dfd82ab260497412e326bb57f2ee5bbe9042d8,586.0,,17.3,100.0
3100,1720061856274,abc0d16aaf15b3a4ee2e561195dfd82ab260497412e326bb57f2ee5bbe9042d8,560.0,,17.2,100.0
3101,1720062468484,abc0d16aaf15b3a4ee2e561195dfd82ab260497412e326bb57f2ee5bbe9042d8,580.0,,17.3,100.0
3102,1720063080714,abc0d16aaf15b3a4ee2e561195dfd82ab260497412e326bb57f2ee5bbe9042d8,594.0,,17.3,100.0
3103,1720063692863,abc0d16aaf15b3a4ee2e561195dfd82ab260497412e326bb57f2ee5bbe9042d8,603.0,,17.2,100.0
3104,1720064305080,abc0d16aaf15b3a4ee2e561195dfd82ab260497412e326bb57f2ee5bbe9042d8,597.0,,17.2,100.0
3105,1720064917203,abc0d16aaf15b3a4ee2e561195dfd82ab260497412e326bb57f2ee5bbe9042d8,609.0,,17.1,100.0
3106,1720065529375,abc0d16aaf15b3a4ee2e561195dfd82ab260497412e326bb57f2ee5bbe9042d8,632.0,,17.1,100.0
3107,1720066141512,abc0d16aaf15b3a4ee2e561195dfd82ab260497412e326bb57f2ee5bbe9042d8,595.0,,16.9,100.0
3108,1720066753662,abc0d16aaf15b3a4ee2e561195dfd82ab260497412e326bb57f2ee5bbe9042d8,569.0,,17.1,100.0
3109,1720067365865,abc0d16aaf15b3a4ee2e561195dfd82ab260497412e326bb57f2ee5bbe9042d8,594.0,,17.3,100.0
3110,1720067977986,abc0d16aaf15b3a4ee2e561195dfd82ab260497412e326bb57f2ee5bbe9042d8,569.0,,17.5,100.0
3111,1720068590118,abc0d16aaf15b3a4ee2e561195dfd82ab260497412e326bb57f2ee5bbe9042d8,555.0,,19.0,100.0
3112,1720069202352,abc0d16aaf15b3a4ee2e561195dfd82ab260497412e326bb57f2ee5bbe9042d8,566.0,,20.2,100.0
3113,1720069814544,abc0d16aaf15b3a4ee2e561195dfd82ab260497412e326bb57f2ee5bbe9042d8,542.0,,21.0,100.0
3114,1720070426700,abc0d16aaf15b3a4ee2e561195dfd82ab260497412e326bb57f2ee5bbe9042d8,556.0,,22.2,100.0
3115,1720071038847,abc0d16aaf15b3a4ee2e561195dfd82ab260497412e326bb57f2ee5bbe9042d8,571.0,,21.9,100.0
3116,1720071651061,abc0d16aaf15b3a4ee2e561195dfd82ab260497412e326bb57f2ee5bbe9042d8,551.0,,22.7,100.0
3117,1720072263205,abc0d16aaf15b3a4ee2e561195dfd82ab260497412e326bb57f2ee5bbe9042d8,575.0,,24.1,100.0
3118,1720072875342,abc0d16aaf15b3a4ee2e561195dfd82ab260497412e326bb57f2ee5bbe9042d8,545.0,,25.0,100.0
3119,1720073487472,abc0d16aaf15b3a4ee2e561195dfd82ab260497412e326bb57f2ee5bbe9042d8,542.0,,26.0,94.0
3120,1720074099611,abc0d16aaf15b3a4ee2e561195dfd82ab260497412e326bb57f2ee5bbe9042d8,556.0,,26.9,94.0
3121,1720074711776,abc0d16aaf15b3a4ee2e561195dfd82ab260497412e326bb57f2ee5bbe9042d8,527.0,,26.6,88.0
3122,1720075323910,abc0d16aaf15b3a4ee2e561195dfd82ab260497412e326bb57f2ee5bbe9042d8,545.0,,26.0,86.0
3123,1720075936137,abc0d16aaf15b3a4ee2e561195dfd82ab260497412e326bb57f2ee5bbe9042d8,542.0,,25.6,86.0
3124,1720076548305,abc0d16aaf15b3a4ee2e561195dfd82ab260497412e326bb57f2ee5bbe9042d8,530.0,,25.5,85.0
3125,1720077160441,abc0d16aaf15b3a4ee2e561195dfd82ab260497412e326bb57f2ee5bbe9042d8,498.0,,26.3,81.0
3126,1720077772583,abc0d16aaf15b3a4ee2e561195dfd82ab260497412e326bb57f2ee5bbe9042d8,529.0,,27.1,76.0
3127,1720078384741,abc0d16aaf15b3a4ee2e561195dfd82ab260497412e326bb57f2ee5bbe9042d8,493.0,,27.2,76.0
3128,1720078996914,abc0d16aaf15b3a4ee2e561195dfd82ab260497412e326bb57f2ee5bbe9042d8,492.0,,27.2,69.0
3129,1720079609051,abc0d16aaf15b3a4ee2e561195dfd82ab260497412e326bb57f2ee5bbe9042d8,491.0,,27.7,70.0
3130,1720080221197,abc0d16aaf15b3a4ee2e561195dfd82ab260497412e326bb57f2ee5bbe9042d8,515.0,,27.9,70.0
3131,1720080833414,abc0d16aaf15b3a4ee2e561195dfd82ab260497412e326bb57f2ee5bbe9042d8,500.0,,27.3,72.0
3132,1720081445634,abc0d16aaf15b3a4ee2e561195dfd82ab260497412e326bb57f2ee5bbe9042d8,499.0,,27.8,69.0
3133,1720082057864,abc0d16aaf15b3a4ee2e561195dfd82ab260497412e326bb57f2ee5bbe9042d8,484.0,,27.9,69.0
3134,1720082670068,abc0d16aaf15b3a4ee2e561195dfd82ab260497412e326bb57f2ee5bbe9042d8,462.0,,28.2,67.0
3135,1720083282206,abc0d16aaf15b3a4ee2e561195dfd82ab260497412e326bb57f2ee5bbe9042d8,489.0,,27.9,66.0
3136,1720083894340,abc0d16aaf15b3a4ee2e561195dfd82ab260497412e326bb57f2ee5bbe9042d8,486.0,,28.2,66.0
3137,1720084506550,abc0d16aaf15b3a4ee2e561195dfd82ab260497412e326bb57f2ee5bbe9042d8,494.0,,27.9,68.0
3138,1720085118778,abc0d16aaf15b3a4ee2e561195dfd82ab260497412e326bb57f2ee5bbe9042d8,477.0,,27.5,67.0
3139,1720085730969,abc0d16aaf15b3a4ee2e561195dfd82ab260497412e326bb57f2ee5bbe9042d8,476.0,,27.7,67.0
3140,1720086343179,abc0d16aaf15b3a4ee2e561195dfd82ab260497412e326bb57f2ee5bbe9042d8,479.0,,28.1,64.0
3141,1720086955317,abc0d16aaf15b3a4ee2e561195dfd82ab260497412e326bb57f2ee5bbe9042d8,487.0,,28.1,63.0
3142,1720087567541,abc0d16aaf15b3a4ee2e561195dfd82ab260497412e326bb57f2ee5bbe9042d8,476.0,,27.7,63.0
3143,1720088179769,abc0d16aaf15b3a4ee2e561195dfd82ab260497412e326bb57f2ee5bbe9042d8,472.0,,28.1,61.0
3144,1720088791903,abc0d16aaf15b3a4ee2e561195dfd82ab260497412e326bb57f2ee5bbe9042d8,473.0,,28.2,61.0
3145,1720089404127,abc0d16aaf15b3a4ee2e561195dfd82ab260497412e326bb57f2ee5bbe9042d8,495.0,,28.1,61.0
3146,1720090016341,abc0d16aaf15b3a4ee2e561195dfd82ab260497412e326bb57f2ee5bbe9042d8,486.0,,27.4,62.0
3147,1720090628557,abc0d16aaf15b3a4ee2e561195dfd82ab260497412e326bb57f2ee5bbe9042d8,468.0,,27.1,62.0
3148,1720091240678,abc0d16aaf15b3a4ee2e561195dfd82ab260497412e326bb57f2ee5bbe9042d8,479.0,,27.7,62.0
3149,1720091852816,abc0d16aaf15b3a4ee2e561195dfd82ab260497412e326bb57f2ee5bbe9042d8,475.0,,27.3,59.0
3150,1720092464988,abc0d16aaf15b3a4ee2e561195dfd82ab260497412e326bb57f2ee5bbe9042d8,469.0,,27.9,58.0
3151,1720093077148,abc0d16aaf15b3a4ee2e561195dfd82ab260497412e326bb57f2ee5bbe9042d8,481.0,,28.0,56.0
3152,1720093689359,abc0d16aaf15b3a4ee2e561195dfd82ab260497412e326bb57f2ee5bbe9042d8,472.0,,27.8,56.0
3153,1720094301503,abc0d16aaf15b3a4ee2e561195dfd82ab260497412e326bb57f2ee5bbe9042d8,473.0,,28.3,57.0
3154,1720094913647,abc0d16aaf15b3a4ee2e561195dfd82ab260497412e326bb57f2ee5bbe9042d8,471.0,,28.0,56.0
3155,1720095525771,abc0d16aaf15b3a4ee2e561195dfd82ab260497412e326bb57f2ee5bbe9042d8,466.0,,27.9,56.0
3156,1720096137937,abc0d16aaf15b3a4ee2e561195dfd82ab260497412e326bb57f2ee5bbe9042d8,472.0,,27.7,56.0
3157,1720096750077,abc0d16aaf15b3a4ee2e561195dfd82ab260497412e326bb57f2ee5bbe9042d8,502.0,,28.5,56.0
3158,1720097362225,abc0d16aaf15b3a4ee2e561195dfd82ab260497412e326bb57f2ee5bbe9042d8,467.0,,28.1,56.0
3159,1720097974384,abc0d16aaf15b3a4ee2e561195dfd82ab260497412e326bb57f2ee5bbe9042d8,471.0,,28.8,55.0
3160,1720098586531,abc0d16aaf15b3a4ee2e561195dfd82ab260497412e326bb57f2ee5bbe9042d8,482.0,,28.4,54.0
3161,1720099198673,abc0d16aaf15b3a4ee2e561195dfd82ab260497412e326bb57f2ee5bbe9042d8,463.0,,28.2,54.0
3162,1720099810880,abc0d16aaf15b3a4ee2e561195dfd82ab260497412e326bb57f2ee5bbe9042d8,478.0,,28.6,52.0
3163,1720100423038,abc0d16aaf15b3a4ee2e561195dfd82ab260497412e326bb57f2ee5bbe9042d8,490.0,,29.2,48.0
3164,1720101035268,abc0d16aaf15b3a4ee2e561195dfd82ab260497412e326bb57f2ee5bbe9042d8,494.0,,29.2,48.0
3165,1720101647416,abc0d16aaf15b3a4ee2e561195dfd82ab260497412e326bb57f2ee5bbe9042d8,476.0,,29.5,48.0
3166,1720102259554,abc0d16aaf15b3a4ee2e561195dfd82ab260497412e326bb57f2ee5bbe9042d8,464.0,,29.8,46.0
3167,1720102871693,abc0d16aaf15b3a4ee2e561195dfd82ab260497412e326bb57f2ee5bbe9042d8,467.0,,30.0,46.0
3168,1720103483922,abc0d16aaf15b3a4ee2e561195dfd82ab260497412e326bb57f2ee5bbe9042d8,477.0,,30.0,47.0
3169,1720104096067,abc0d16aaf15b3a4ee2e561195dfd82ab260497412e326bb57f2ee5bbe9042d8,476.0,,30.1,46.0
3170,1720104708278,abc0d16aaf15b3a4ee2e561195dfd82ab260497412e326bb57f2ee5bbe9042d8,479.0,,29.9,46.0
3171,1720105320434,abc0d16aaf15b3a4ee2e561195dfd82ab260497412e326bb57f2ee5bbe9042d8,485.0,,29.7,44.0
3172,1720105932566,abc0d16aaf15b3a4ee2e561195dfd82ab260497412e326bb57f2ee5bbe9042d8,461.0,,29.6,45.0
3173,1720106544686,abc0d16aaf15b3a4ee2e561195dfd82ab260497412e326bb57f2ee5bbe9042d8,474.0,,29.3,45.0
3174,1720107156839,abc0d16aaf15b3a4ee2e561195dfd82ab260497412e326bb57f2ee5bbe9042d8,482.0,,29.2,47.0
3175,1720107769019,abc0d16aaf15b3a4ee2e561195dfd82ab260497412e326bb57f2ee5bbe9042d8,461.0,,29.4,46.0
3176,1720108381147,abc0d16aaf15b3a4ee2e561195dfd82ab260497412e326bb57f2ee5bbe9042d8,450.0,,29.2,45.0
3177,1720108993301,abc0d16aaf15b3a4ee2e561195dfd82ab260497412e326bb57f2ee5bbe9042d8,458.0,,29.2,45.0
3178,1720109605459,abc0d16aaf15b3a4ee2e561195dfd82ab260497412e326bb57f2ee5bbe9042d8,479.0,,29.4,46.0
3179,1720110217587,abc0d16aaf15b3a4ee2e561195dfd82ab260497412e326bb57f2ee5bbe9042d8,469.0,,29.6,46.0
3180,1720110829727,abc0d16aaf15b3a4ee2e561195dfd82ab260497412e326bb57f2ee5bbe9042d8,469.0,,29.6,46.0
3181,1720111441911,abc0d16aaf15b3a4ee2e561195dfd82ab260497412e326bb57f2ee5bbe9042d8,464.0,,29.3,46.0
3182,1720112054119,abc0d16aaf15b3a4ee2e561195dfd82ab260497412e326bb57f2ee5bbe9042d8,460.0,,29.0,44.0
3183,1720112666245,abc0d16aaf15b3a4ee2e561195dfd82ab260497412e326bb57f2ee5bbe9042d8,479.0,,29.2,44.0
3184,1720113278410,abc0d16aaf15b3a4ee2e561195dfd82ab260497412e326bb57f2ee5bbe9042d8,484.0,,29.5,45.0
3185,1720113890605,abc0d16aaf15b3a4ee2e561195dfd82ab260497412e326bb57f2ee5bbe9042d8,467.0,,29.2,46.0
3186,1720114502744,abc0d16aaf15b3a4ee2e561195dfd82ab260497412e326bb57f2ee5bbe9042d8,449.0,,29.3,46.0
3187,1720115114972,abc0d16aaf15b3a4ee2e561195dfd82ab260497412e326bb57f2ee5bbe9042d8,457.0,,29.0,47.0
3188,1720115727110,abc0d16aaf15b3a4ee2e561195dfd82ab260497412e326bb57f2ee5bbe9042d8,469.0,,28.6,49.0
3189,1720116339247,abc0d16aaf15b3a4ee2e561195dfd82ab260497412e326bb57f2ee5bbe9042d8,490.0,,28.2,49.0
3190,1720116951387,abc0d16aaf15b3a4ee2e561195dfd82ab260497412e326bb57f2ee5bbe9042d8,475.0,,27.6,48.0
3191,1720117563527,abc0d16aaf15b3a4ee2e561195dfd82ab260497412e326bb57f2ee5bbe9042d8,472.0,,27.0,53.0
3192,1720118175675,abc0d16aaf15b3a4ee2e561195dfd82ab260497412e326bb57f2ee5bbe9042d8,471.0,,26.8,53.0
3193,1720118787810,abc0d16aaf15b3a4ee2e561195dfd82ab260497412e326bb57f2ee5bbe9042d8,487.0,,25.8,54.0
3194,1720119399946,abc0d16aaf15b3a4ee2e561195dfd82ab260497412e326bb57f2ee5bbe9042d8,529.0,,25.0,58.0
3195,1720120012082,abc0d16aaf15b3a4ee2e561195dfd82ab260497412e326bb57f2ee5bbe9042d8,521.0,,24.0,58.0
3196,1720120624220,abc0d16aaf15b3a4ee2e561195dfd82ab260497412e326bb57f2ee5bbe9042d8,584.0,,23.2,58.0
3197,1720121236370,abc0d16aaf15b3a4ee2e561195dfd82ab260497412e326bb57f2ee5bbe9042d8,574.0,,22.5,63.0
3198,1720121848502,abc0d16aaf15b3a4ee2e561195dfd82ab260497412e326bb57f2ee5bbe9042d8,546.0,,21.9,63.0
3199,1720122460638,abc0d16aaf15b3a4ee2e561195dfd82ab260497412e326bb57f2ee5bbe9042d8,605.0,,21.5,69.0
3200,1720123072761,abc0d16aaf15b3a4ee2e561195dfd82ab260497412e326bb57f2ee5bbe9042d8,642.0,,21.2,75.0
3201,1720123684998,abc0d16aaf15b3a4ee2e561195dfd82ab260497412e326bb57f2ee5bbe9042d8,635.0,,20.7,79.0
3202,1720124297137,abc0d16aaf15b3a4ee2e561195dfd82ab260497412e326bb57f2ee5bbe9042d8,651.0,,20.7,79.0
3203,1720124909272,abc0d16aaf15b3a4ee2e561195dfd82ab260497412e326bb57f2ee5bbe9042d8,670.0,,20.5,79.0
3204,1720125521484,abc0d16aaf15b3a4ee2e561195dfd82ab260497412e326bb57f2ee5bbe9042d8,632.0,,20.4,83.0
3205,1720126133716,abc0d16aaf15b3a4ee2e561195dfd82ab260497412e326bb57f2ee5bbe9042d8,616.0,,20.2,83.0
3206,1720126745846,abc0d16aaf15b3a4ee2e561195dfd82ab260497412e326bb57f2ee5bbe9042d8,615.0,,19.9,84.0
3207,1720127358056,abc0d16aaf15b3a4ee2e561195dfd82ab260497412e326bb57f2ee5bbe9042d8,596.0,,19.9,85.0
3208,1720127970219,abc0d16aaf15b3a4ee2e561195dfd82ab260497412e326bb57f2ee5bbe9042d8,608.0,,19.7,85.0
3209,1720128582396,abc0d16aaf15b3a4ee2e561195dfd82ab260497412e326bb57f2ee5bbe9042d8,599.0,,19.5,88.0
3210,1720129194532,abc0d16aaf15b3a4ee2e561195dfd82ab260497412e326bb57f2ee5bbe9042d8,599.0,,19.3,91.0
3211,1720129806676,abc0d16aaf15b3a4ee2e561195dfd82ab260497412e326bb57f2ee5bbe9042d8,601.0,,19.1,91.0
3212,1720130418810,abc0d16aaf15b3a4ee2e561195dfd82ab260497412e326bb57f2ee5bbe9042d8,594.0,,18.9,95.0
3213,1720131030962,abc0d16aaf15b3a4ee2e561195dfd82ab260497412e326bb57f2ee5bbe9042d8,603.0,,18.7,97.0
3214,1720131643118,abc0d16aaf15b3a4ee2e561195dfd82ab260497412e326bb57f2ee5bbe9042d8,570.0,,18.6,97.0
3215,1720132255326,abc0d16aaf15b3a4ee2e561195dfd82ab260497412e326bb57f2ee5bbe9042d8,570.0,,18.4,96.0
3216,1720132867471,abc0d16aaf15b3a4ee2e561195dfd82ab260497412e326bb57f2ee5bbe9042d8,550.0,,18.4,98.0
3217,1720133479612,abc0d16aaf15b3a4ee2e561195dfd82ab260497412e326bb57f2ee5bbe9042d8,560.0,,18.4,98.0
3218,1720134091841,abc0d16aaf15b3a4ee2e561195dfd82ab260497412e326bb57f2ee5bbe9042d8,538.0,,18.4,98.0
3219,1720134703971,abc0d16aaf15b3a4ee2e561195dfd82ab260497412e326bb57f2ee5bbe9042d8,546.0,,18.2,96.0
3220,1720135316133,abc0d16aaf15b3a4ee2e561195dfd82ab260497412e326bb57f2ee5bbe9042d8,534.0,,18.4,96.0
3221,1720135928289,abc0d16aaf15b3a4ee2e561195dfd82ab260497412e326bb57f2ee5bbe9042d8,515.0,,18.3,94.0
3222,1720136540485,abc0d16aaf15b3a4ee2e561195dfd82ab260497412e326bb57f2ee5bbe9042d8,526.0,,18.2,93.0
3223,1720137152651,abc0d16aaf15b3a4ee2e561195dfd82ab260497412e326bb57f2ee5bbe9042d8,534.0,,18.1,90.0
3224,1720137764775,abc0d16aaf15b3a4ee2e561195dfd82ab260497412e326bb57f2ee5bbe9042d8,518.0,,18.2,90.0
3225,1720138376901,abc0d16aaf15b3a4ee2e561195dfd82ab260497412e326bb57f2ee5bbe9042d8,523.0,,18.2,89.0
3226,1720138989077,abc0d16aaf15b3a4ee2e561195dfd82ab260497412e326bb57f2ee5bbe9042d8,530.0,,18.1,89.0
3227,1720139601297,abc0d16aaf15b3a4ee2e561195dfd82ab260497412e326bb57f2ee5bbe9042d8,512.0,,18.1,89.0
3228,1720140213463,abc0d16aaf15b3a4ee2e561195dfd82ab260497412e326bb57f2ee5bbe9042d8,529.0,,18.1,86.0
3229,1720140825677,abc0d16aaf15b3a4ee2e561195dfd82ab260497412e326bb57f2ee5bbe9042d8,514.0,,18.1,84.0
3230,1720141437811,abc0d16aaf15b3a4ee2e561195dfd82ab260497412e326bb57f2ee5bbe9042d8,515.0,,18.2,84.0
3231,1720142049941,abc0d16aaf15b3a4ee2e561195dfd82ab260497412e326bb57f2ee5bbe9042d8,530.0,,18.2,83.0
3232,1720142662130,abc0d16aaf15b3a4ee2e561195dfd82ab260497412e326bb57f2ee5bbe9042d8,513.0,,18.0,83.0
3233,1720143274249,abc0d16aaf15b3a4ee2e561195dfd82ab260497412e326bb57f2ee5bbe9042d8,515.0,,17.9,83.0
3234,1720143886383,abc0d16aaf15b3a4ee2e561195dfd82ab260497412e326bb57f2ee5bbe9042d8,540.0,,17.5,83.0
3235,1720144498536,abc0d16aaf15b3a4ee2e561195dfd82ab260497412e326bb57f2ee5bbe9042d8,511.0,,17.5,82.0
3236,1720145110667,abc0d16aaf15b3a4ee2e561195dfd82ab260497412e326bb57f2ee5bbe9042d8,526.0,,17.6,82.0
3237,1720145722907,abc0d16aaf15b3a4ee2e561195dfd82ab260497412e326bb57f2ee5bbe9042d8,528.0,,17.4,79.0
3238,1720146335035,abc0d16aaf15b3a4ee2e561195dfd82ab260497412e326bb57f2ee5bbe9042d8,557.0,,17.0,82.0
3239,1720146947239,abc0d16aaf15b3a4ee2e561195dfd82ab260497412e326bb57f2ee5bbe9042d8,546.0,,16.6,82.0
3240,1720147559372,abc0d16aaf15b3a4ee2e561195dfd82ab260497412e326bb57f2ee5bbe9042d8,532.0,,16.5,81.0
3241,1720148171519,abc0d16aaf15b3a4ee2e561195dfd82ab260497412e326bb57f2ee5bbe9042d8,523.0,,16.6,83.0
3242,1720148783641,abc0d16aaf15b3a4ee2e561195dfd82ab260497412e326bb57f2ee5bbe9042d8,526.0,,16.8,83.0
3243,1720149395783,abc0d16aaf15b3a4ee2e561195dfd82ab260497412e326bb57f2ee5bbe9042d8,523.0,,16.8,84.0
3244,1720150007932,abc0d16aaf15b3a4ee2e561195dfd82ab260497412e326bb57f2ee5bbe9042d8,526.0,,16.9,81.0
3245,1720150620072,abc0d16aaf15b3a4ee2e561195dfd82ab260497412e326bb57f2ee5bbe9042d8,532.0,,16.9,81.0
3246,1720151232214,abc0d16aaf15b3a4ee2e561195dfd82ab260497412e326bb57f2ee5bbe9042d8,526.0,,16.7,82.0
3247,1720151844412,abc0d16aaf15b3a4ee2e561195dfd82ab260497412e326bb57f2ee5bbe9042d8,521.0,,16.5,83.0
3248,1720152456550,abc0d16aaf15b3a4ee2e561195dfd82ab260497412e326bb57f2ee5bbe9042d8,523.0,,16.6,82.0
3249,1720153068685,abc0d16aaf15b3a4ee2e561195dfd82ab260497412e326bb57f2ee5bbe9042d8,542.0,,16.7,82.0
3250,1720153680820,abc0d16aaf15b3a4ee2e561195dfd82ab260497412e326bb57f2ee5bbe9042d8,538.0,,16.7,81.0
3251,1720154293028,abc0d16aaf15b3a4ee2e561195dfd82ab260497412e326bb57f2ee5bbe9042d8,521.0,,17.2,80.0
3252,1720154905164,abc0d16aaf15b3a4ee2e561195dfd82ab260497412e326bb57f2ee5bbe9042d8,514.0,,18.9,80.0
3253,1720155517313,abc0d16aaf15b3a4ee2e561195dfd82ab260497412e326bb57f2ee5bbe9042d8,521.0,,20.6,79.0
3254,1720156129532,abc0d16aaf15b3a4ee2e561195dfd82ab260497412e326bb57f2ee5bbe9042d8,523.0,,22.0,78.0
3255,1720156741738,abc0d16aaf15b3a4ee2e561195dfd82ab260497412e326bb57f2ee5bbe9042d8,513.0,,23.1,78.0
3256,1720157353879,abc0d16aaf15b3a4ee2e561195dfd82ab260497412e326bb57f2ee5bbe9042d8,524.0,,23.6,76.0
3257,1720157966086,abc0d16aaf15b3a4ee2e561195dfd82ab260497412e326bb57f2ee5bbe9042d8,516.0,,23.8,74.0
3258,1720158578230,abc0d16aaf15b3a4ee2e561195dfd82ab260497412e326bb57f2ee5bbe9042d8,505.0,,24.7,74.0
3259,1720159190378,abc0d16aaf15b3a4ee2e561195dfd82ab260497412e326bb57f2ee5bbe9042d8,513.0,,25.5,73.0
3260,1720159802509,abc0d16aaf15b3a4ee2e561195dfd82ab260497412e326bb57f2ee5bbe9042d8,511.0,,25.4,71.0
3261,1720160414658,abc0d16aaf15b3a4ee2e561195dfd82ab260497412e326bb57f2ee5bbe9042d8,514.0,,26.0,71.0
3262,1720161026811,abc0d16aaf15b3a4ee2e561195dfd82ab260497412e326bb57f2ee5bbe9042d8,523.0,,26.8,69.0
3263,1720161639038,abc0d16aaf15b3a4ee2e561195dfd82ab260497412e326bb57f2ee5bbe9042d8,518.0,,27.2,71.0
3264,1720162251207,abc0d16aaf15b3a4ee2e561195dfd82ab260497412e326bb57f2ee5bbe9042d8,499.0,,27.6,71.0
3265,1720162863373,abc0d16aaf15b3a4ee2e561195dfd82ab260497412e326bb57f2ee5bbe9042d8,501.0,,27.9,70.0
3266,1720163475528,abc0d16aaf15b3a4ee2e561195dfd82ab260497412e326bb57f2ee5bbe9042d8,501.0,,27.9,70.0
3267,1720164087691,abc0d16aaf15b3a4ee2e561195dfd82ab260497412e326bb57f2ee5bbe9042d8,514.0,,28.2,70.0
3268,1720164699917,abc0d16aaf15b3a4ee2e561195dfd82ab260497412e326bb57f2ee5bbe9042d8,519.0,,29.1,68.0
3269,1720165312136,abc0d16aaf15b3a4ee2e561195dfd82ab260497412e326bb57f2ee5bbe9042d8,512.0,,29.6,70.0
3270,1720165924357,abc0d16aaf15b3a4ee2e561195dfd82ab260497412e326bb57f2ee5bbe9042d8,516.0,,28.8,70.0
3271,1720166536510,abc0d16aaf15b3a4ee2e561195dfd82ab260497412e326bb57f2ee5bbe9042d8,531.0,,29.3,68.0
3272,1720167148719,abc0d16aaf15b3a4ee2e561195dfd82ab260497412e326bb57f2ee5bbe9042d8,519.0,,29.4,66.0
3273,1720167760944,abc0d16aaf15b3a4ee2e561195dfd82ab260497412e326bb57f2ee5bbe9042d8,505.0,,29.9,63.0
3274,1720168373181,abc0d16aaf15b3a4ee2e561195dfd82ab260497412e326bb57f2ee5bbe9042d8,486.0,,30.0,63.0
3275,1720168985386,abc0d16aaf15b3a4ee2e561195dfd82ab260497412e326bb57f2ee5bbe9042d8,493.0,,30.7,61.0
3276,1720169597609,abc0d16aaf15b3a4ee2e561195dfd82ab260497412e326bb57f2ee5bbe9042d8,498.0,,30.8,61.0
3277,1720170209813,abc0d16aaf15b3a4ee2e561195dfd82ab260497412e326bb57f2ee5bbe9042d8,507.0,,30.8,61.0
3278,1720170822010,abc0d16aaf15b3a4ee2e561195dfd82ab260497412e326bb57f2ee5bbe9042d8,507.0,,30.3,62.0
3279,1720171434220,abc0d16aaf15b3a4ee2e561195dfd82ab260497412e326bb57f2ee5bbe9042d8,502.0,,30.4,59.0
3280,1720172046425,abc0d16aaf15b3a4ee2e561195dfd82ab260497412e326bb57f2ee5bbe9042d8,496.0,,30.5,59.0
3281,1720172658621,abc0d16aaf15b3a4ee2e561195dfd82ab260497412e326bb57f2ee5bbe9042d8,498.0,,30.3,61.0
3282,1720173270754,abc0d16aaf15b3a4ee2e561195dfd82ab260497412e326bb57f2ee5bbe9042d8,480.0,,30.9,58.0
3283,1720173882896,abc0d16aaf15b3a4ee2e561195dfd82ab260497412e326bb57f2ee5bbe9042d8,495.0,,30.7,58.0
3284,1720174495114,abc0d16aaf15b3a4ee2e561195dfd82ab260497412e326bb57f2ee5bbe9042d8,510.0,,30.7,60.0
3285,1720175107288,abc0d16aaf15b3a4ee2e561195dfd82ab260497412e326bb57f2ee5bbe9042d8,487.0,,30.7,58.0
3286,1720175719509,abc0d16aaf15b3a4ee2e561195dfd82ab260497412e326bb57f2ee5bbe9042d8,486.0,,30.7,58.0
3287,1720176331633,abc0d16aaf15b3a4ee2e561195dfd82ab260497412e326bb57f2ee5bbe9042d8,496.0,,30.9,58.0
3288,1720176943762,abc0d16aaf15b3a4ee2e561195dfd82ab260497412e326bb57f2ee5bbe9042d8,495.0,,30.5,54.0
3289,1720177557642,abc0d16aaf15b3a4ee2e561195dfd82ab260497412e326bb57f2ee5bbe9042d8,484.0,,31.0,54.0
3290,1720178169879,abc0d16aaf15b3a4ee2e561195dfd82ab260497412e326bb57f2ee5bbe9042d8,493.0,,31.3,55.0
3291,1720178782031,abc0d16aaf15b3a4ee2e561195dfd82ab260497412e326bb57f2ee5bbe9042d8,492.0,,31.5,51.0
3292,1720179394259,abc0d16aaf15b3a4ee2e561195dfd82ab260497412e326bb57f2ee5bbe9042d8,463.0,,31.7,51.0
3293,1720180006386,abc0d16aaf15b3a4ee2e561195dfd82ab260497412e326bb57f2ee5bbe9042d8,465.0,,31.9,49.0
3294,1720180618526,abc0d16aaf15b3a4ee2e561195dfd82ab260497412e326bb57f2ee5bbe9042d8,469.0,,31.7,48.0
3295,1720181230707,abc0d16aaf15b3a4ee2e561195dfd82ab260497412e326bb57f2ee5bbe9042d8,482.0,,32.1,48.0
3296,1720181842923,abc0d16aaf15b3a4ee2e561195dfd82ab260497412e326bb57f2ee5bbe9042d8,466.0,,32.3,47.0
3297,1720182455060,abc0d16aaf15b3a4ee2e561195dfd82ab260497412e326bb57f2ee5bbe9042d8,486.0,,32.8,45.0
3298,1720183067225,abc0d16aaf15b3a4ee2e561195dfd82ab260497412e326bb57f2ee5bbe9042d8,478.0,,32.6,46.0
3299,1720183679353,abc0d16aaf15b3a4ee2e561195dfd82ab260497412e326bb57f2ee5bbe9042d8,461.0,,32.0,46.0
3300,1720184291490,abc0d16aaf15b3a4ee2e561195dfd82ab260497412e326bb57f2ee5bbe9042d8,474.0,,32.2,46.0
3301,1720184903736,abc0d16aaf15b3a4ee2e561195dfd82ab260497412e326bb57f2ee5bbe9042d8,461.0,,31.6,49.0
3302,1720185515951,abc0d16aaf15b3a4ee2e561195dfd82ab260497412e326bb57f2ee5bbe9042d8,475.0,,32.1,49.0
3303,1720186128071,abc0d16aaf15b3a4ee2e561195dfd82ab260497412e326bb57f2ee5bbe9042d8,464.0,,32.6,44.0
3304,1720186740233,abc0d16aaf15b3a4ee2e561195dfd82ab260497412e326bb57f2ee5bbe9042d8,466.0,,32.4,44.0
3305,1720187352375,abc0d16aaf15b3a4ee2e561195dfd82ab260497412e326bb57f2ee5bbe9042d8,455.0,,33.3,44.0
3306,1720187964530,abc0d16aaf15b3a4ee2e561195dfd82ab260497412e326bb57f2ee5bbe9042d8,474.0,,33.4,43.0
3307,1720188576705,abc0d16aaf15b3a4ee2e561195dfd82ab260497412e326bb57f2ee5bbe9042d8,488.0,,33.1,46.0
3308,1720189188843,abc0d16aaf15b3a4ee2e561195dfd82ab260497412e326bb57f2ee5bbe9042d8,471.0,,33.5,46.0
3309,1720189800994,abc0d16aaf15b3a4ee2e561195dfd82ab260497412e326bb57f2ee5bbe9042d8,474.0,,33.8,45.0
3310,1720190413141,abc0d16aaf15b3a4ee2e561195dfd82ab260497412e326bb57f2ee5bbe9042d8,472.0,,33.7,44.0
3311,1720191025267,abc0d16aaf15b3a4ee2e561195dfd82ab260497412e326bb57f2ee5bbe9042d8,484.0,,33.9,44.0
3312,1720191637411,abc0d16aaf15b3a4ee2e561195dfd82ab260497412e326bb57f2ee5bbe9042d8,460.0,,34.1,45.0
3313,1720192249546,abc0d16aaf15b3a4ee2e561195dfd82ab260497412e326bb57f2ee5bbe9042d8,472.0,,33.8,44.0
3314,1720192861686,abc0d16aaf15b3a4ee2e561195dfd82ab260497412e326bb57f2ee5bbe9042d8,477.0,,33.9,44.0
3315,1720193473839,abc0d16aaf15b3a4ee2e561195dfd82ab260497412e326bb57f2ee5bbe9042d8,477.0,,34.0,45.0
3316,1720194086057,abc0d16aaf15b3a4ee2e561195dfd82ab260497412e326bb57f2ee5bbe9042d8,458.0,,33.7,43.0
3317,1720194698265,abc0d16aaf15b3a4ee2e561195dfd82ab260497412e326bb57f2ee5bbe9042d8,483.0,,33.7,43.0
3318,1720195310410,abc0d16aaf15b3a4ee2e561195dfd82ab260497412e326bb57f2ee5bbe9042d8,461.0,,33.8,45.0
3319,1720195922568,abc0d16aaf15b3a4ee2e561195dfd82ab260497412e326bb57f2ee5bbe9042d8,459.0,,33.5,45.0
3320,1720196534692,abc0d16aaf15b3a4ee2e561195dfd82ab260497412e326bb57f2ee5bbe9042d8,461.0,,31.9,45.0
3321,1720197146832,abc0d16aaf15b3a4ee2e561195dfd82ab260497412e326bb57f2ee5bbe9042d8,469.0,,30.8,49.0
3322,1720197758988,abc0d16aaf15b3a4ee2e561195dfd82ab260497412e326bb57f2ee5bbe9042d8,480.0,,30.3,49.0
3323,1720198371166,abc0d16aaf15b3a4ee2e561195dfd82ab260497412e326bb57f2ee5bbe9042d8,482.0,,30.4,51.0
3324,1720198983308,abc0d16aaf15b3a4ee2e561195dfd82ab260497412e326bb57f2ee5bbe9042d8,472.0,,30.1,51.0
3325,1720199595446,abc0d16aaf15b3a4ee2e561195dfd82ab260497412e326bb57f2ee5bbe9042d8,491.0,,29.5,53.0
3326,1720200207583,abc0d16aaf15b3a4ee2e561195dfd82ab260497412e326bb57f2ee5bbe9042d8,481.0,,29.6,54.0
3327,1720200819766,abc0d16aaf15b3a4ee2e561195dfd82ab260497412e326bb57f2ee5bbe9042d8,469.0,,30.4,54.0
3328,1720201431932,abc0d16aaf15b3a4ee2e561195dfd82ab260497412e326bb57f2ee5bbe9042d8,478.0,,30.5,52.0
3329,1720202044150,abc0d16aaf15b3a4ee2e561195dfd82ab260497412e326bb57f2ee5bbe9042d8,465.0,,30.0,53.0
3330,1720202656380,abc0d16aaf15b3a4ee2e561195dfd82ab260497412e326bb57f2ee5bbe9042d8,484.0,,29.5,53.0
3331,1720203268516,abc0d16aaf15b3a4ee2e561195dfd82ab260497412e326bb57f2ee5bbe9042d8,490.0,,28.7,54.0
3332,1720203880734,abc0d16aaf15b3a4ee2e561195dfd82ab260497412e326bb57f2ee5bbe9042d8,468.0,,28.5,56.0
3333,1720204492884,abc0d16aaf15b3a4ee2e561195dfd82ab260497412e326bb57f2ee5bbe9042d8,488.0,,28.1,56.0
3334,1720205105028,abc0d16aaf15b3a4ee2e561195dfd82ab260497412e326bb57f2ee5bbe9042d8,474.0,,27.7,56.0
3335,1720205717240,abc0d16aaf15b3a4ee2e561195dfd82ab260497412e326bb57f2ee5bbe9042d8,490.0,,27.3,56.0
3336,1720206329388,abc0d16aaf15b3a4ee2e561195dfd82ab260497412e326bb57f2ee5bbe9042d8,485.0,,27.3,56.0
3337,1720206941542,abc0d16aaf15b3a4ee2e561195dfd82ab260497412e326bb57f2ee5bbe9042d8,498.0,,26.6,60.0
3338,1720207553676,abc0d16aaf15b3a4ee2e561195dfd82ab260497412e326bb57f2ee5bbe9042d8,486.0,,26.0,54.0
3339,1720208165850,abc0d16aaf15b3a4ee2e561195dfd82ab260497412e326bb57f2ee5bbe9042d8,478.0,,26.0,54.0
3340,1720208778004,abc0d16aaf15b3a4ee2e561195dfd82ab260497412e326bb57f2ee5bbe9042d8,463.0,,25.7,54.0
3341,1720209390136,abc0d16aaf15b3a4ee2e561195dfd82ab260497412e326bb57f2ee5bbe9042d8,498.0,,25.1,59.0
3342,1720210002292,abc0d16aaf15b3a4ee2e561195dfd82ab260497412e326bb57f2ee5bbe9042d8,529.0,,24.7,59.0
3343,1720210614432,abc0d16aaf15b3a4ee2e561195dfd82ab260497412e326bb57f2ee5bbe9042d8,481.0,,24.3,64.0
3344,1720211226570,abc0d16aaf15b3a4ee2e561195dfd82ab260497412e326bb57f2ee5bbe9042d8,490.0,,24.6,61.0
3345,1720211838768,abc0d16aaf15b3a4ee2e561195dfd82ab260497412e326bb57f2ee5bbe9042d8,486.0,,24.2,61.0
3346,1720212450955,abc0d16aaf15b3a4ee2e561195dfd82ab260497412e326bb57f2ee5bbe9042d8,487.0,,24.4,63.0
3347,1720213063086,abc0d16aaf15b3a4ee2e561195dfd82ab260497412e326bb57f2ee5bbe9042d8,485.0,,24.2,63.0
3348,1720213675237,abc0d16aaf15b3a4ee2e561195dfd82ab260497412e326bb57f2ee5bbe9042d8,495.0,,23.7,65.0
3349,1720214287460,abc0d16aaf15b3a4ee2e561195dfd82ab260497412e326bb57f2ee5bbe9042d8,555.0,,23.0,65.0
3350,1720214899692,abc0d16aaf15b3a4ee2e561195dfd82ab260497412e326bb57f2ee5bbe9042d8,546.0,,22.5,68.0
3351,1720215511830,abc0d16aaf15b3a4ee2e561195dfd82ab260497412e326bb57f2ee5bbe9042d8,562.0,,22.0,70.0
3352,1720216123974,abc0d16aaf15b3a4ee2e561195dfd82ab260497412e326bb57f2ee5bbe9042d8,606.0,,21.8,70.0
3353,1720216736110,abc0d16aaf15b3a4ee2e561195dfd82ab260497412e326bb57f2ee5bbe9042d8,626.0,,21.4,73.0
3354,1720217348303,abc0d16aaf15b3a4ee2e561195dfd82ab260497412e326bb57f2ee5bbe9042d8,574.0,,20.9,72.0
3355,1720217960442,abc0d16aaf15b3a4ee2e561195dfd82ab260497412e326bb57f2ee5bbe9042d8,591.0,,20.6,72.0
3356,1720218572584,abc0d16aaf15b3a4ee2e561195dfd82ab260497412e326bb57f2ee5bbe9042d8,601.0,,20.2,73.0
3357,1720219184817,abc0d16aaf15b3a4ee2e561195dfd82ab260497412e326bb57f2ee5bbe9042d8,521.0,,20.2,71.0
3358,1720219796984,abc0d16aaf15b3a4ee2e561195dfd82ab260497412e326bb57f2ee5bbe9042d8,533.0,,20.1,71.0
3359,1720220409120,abc0d16aaf15b3a4ee2e561195dfd82ab260497412e326bb57f2ee5bbe9042d8,543.0,,20.0,72.0
3360,1720221021272,abc0d16aaf15b3a4ee2e561195dfd82ab260497412e326bb57f2ee5bbe9042d8,519.0,,19.9,72.0
3361,1720221633490,abc0d16aaf15b3a4ee2e561195dfd82ab260497412e326bb57f2ee5bbe9042d8,517.0,,19.7,72.0
3362,1720222245632,abc0d16aaf15b3a4ee2e561195dfd82ab260497412e326bb57f2ee5bbe9042d8,521.0,,19.8,68.0
3363,1720222857780,abc0d16aaf15b3a4ee2e561195dfd82ab260497412e326bb57f2ee5bbe9042d8,505.0,,19.6,70.0
3364,1720223469925,abc0d16aaf15b3a4ee2e561195dfd82ab260497412e326bb57f2ee5bbe9042d8,528.0,,19.1,70.0
3365,1720224082116,abc0d16aaf15b3a4ee2e561195dfd82ab260497412e326bb57f2ee5bbe9042d8,524.0,,18.8,71.0
3366,1720224694254,abc0d16aaf15b3a4ee2e561195dfd82ab260497412e326bb57f2ee5bbe9042d8,537.0,,18.6,71.0
3367,1720225306383,abc0d16aaf15b3a4ee2e561195dfd82ab260497412e326bb57f2ee5bbe9042d8,525.0,,18.5,71.0
3368,1720225918522,abc0d16aaf15b3a4ee2e561195dfd82ab260497412e326bb57f2ee5bbe9042d8,517.0,,18.3,72.0
3369,1720226530668,abc0d16aaf15b3a4ee2e561195dfd82ab260497412e326bb57f2ee5bbe9042d8,529.0,,18.1,73.0
3370,1720227142820,abc0d16aaf15b3a4ee2e561195dfd82ab260497412e326bb57f2ee5bbe9042d8,547.0,,18.2,73.0
3371,1720227755028,abc0d16aaf15b3a4ee2e561195dfd82ab260497412e326bb57f2ee5bbe9042d8,508.0,,18.2,74.0
3372,1720228367174,abc0d16aaf15b3a4ee2e561195dfd82ab260497412e326bb57f2ee5bbe9042d8,524.0,,18.3,75.0
3373,1720228979389,abc0d16aaf15b3a4ee2e561195dfd82ab260497412e326bb57f2ee5bbe9042d8,536.0,,18.3,75.0
3374,1720229591590,abc0d16aaf15b3a4ee2e561195dfd82ab260497412e326bb57f2ee5bbe9042d8,526.0,,18.1,75.0
3375,1720230203745,abc0d16aaf15b3a4ee2e561195dfd82ab260497412e326bb57f2ee5bbe9042d8,531.0,,17.8,76.0
3376,1720230815908,abc0d16aaf15b3a4ee2e561195dfd82ab260497412e326bb57f2ee5bbe9042d8,541.0,,17.6,78.0
3377,1720231428104,abc0d16aaf15b3a4ee2e561195dfd82ab260497412e326bb57f2ee5bbe9042d8,537.0,,17.6,78.0
3378,1720232040258,abc0d16aaf15b3a4ee2e561195dfd82ab260497412e326bb57f2ee5bbe9042d8,530.0,,17.4,79.0
3379,1720232652482,abc0d16aaf15b3a4ee2e561195dfd82ab260497412e326bb57f2ee5bbe9042d8,537.0,,17.2,80.0
3380,1720233264699,abc0d16aaf15b3a4ee2e561195dfd82ab260497412e326bb57f2ee5bbe9042d8,526.0,,17.0,80.0
3381,1720233876855,abc0d16aaf15b3a4ee2e561195dfd82ab260497412e326bb57f2ee5bbe9042d8,535.0,,16.8,82.0
3382,1720234489005,abc0d16aaf15b3a4ee2e561195dfd82ab260497412e326bb57f2ee5bbe9042d8,547.0,,16.6,83.0
3383,1720235101167,abc0d16aaf15b3a4ee2e561195dfd82ab260497412e326bb57f2ee5bbe9042d8,558.0,,16.2,83.0
3384,1720235713305,abc0d16aaf15b3a4ee2e561195dfd82ab260497412e326bb57f2ee5bbe9042d8,549.0,,16.0,84.0
3385,1720236325470,abc0d16aaf15b3a4ee2e561195dfd82ab260497412e326bb57f2ee5bbe9042d8,537.0,,16.0,85.0
3386,1720236937650,abc0d16aaf15b3a4ee2e561195dfd82ab260497412e326bb57f2ee5bbe9042d8,558.0,,16.0,85.0
3387,1720237549821,abc0d16aaf15b3a4ee2e561195dfd82ab260497412e326bb57f2ee5bbe9042d8,580.0,,16.0,85.0
3388,1720238161975,abc0d16aaf15b3a4ee2e561195dfd82ab260497412e326bb57f2ee5bbe9042d8,563.0,,15.8,84.0
3389,1720238774088,abc0d16aaf15b3a4ee2e561195dfd82ab260497412e326bb57f2ee5bbe9042d8,558.0,,15.9,84.0
3390,1720239386266,abc0d16aaf15b3a4ee2e561195dfd82ab260497412e326bb57f2ee5bbe9042d8,532.0,,16.5,85.0
3391,1720239998480,abc0d16aaf15b3a4ee2e561195dfd82ab260497412e326bb57f2ee5bbe9042d8,525.0,,16.9,81.0
3392,1720240610632,abc0d16aaf15b3a4ee2e561195dfd82ab260497412e326bb57f2ee5bbe9042d8,530.0,,17.1,81.0
3393,1720241222797,abc0d16aaf15b3a4ee2e561195dfd82ab260497412e326bb57f2ee5bbe9042d8,531.0,,18.6,79.0
3394,1720241834937,abc0d16aaf15b3a4ee2e561195dfd82ab260497412e326bb57f2ee5bbe9042d8,526.0,,21.2,77.0
3395,1720242447167,abc0d16aaf15b3a4ee2e561195dfd82ab260497412e326bb57f2ee5bbe9042d8,517.0,,22.9,77.0
3396,1720243059343,abc0d16aaf15b3a4ee2e561195dfd82ab260497412e326bb57f2ee5bbe9042d8,520.0,,24.0,74.0
3397,1720243671496,abc0d16aaf15b3a4ee2e561195dfd82ab260497412e326bb57f2ee5bbe9042d8,526.0,,25.5,71.0
3398,1720244283641,abc0d16aaf15b3a4ee2e561195dfd82ab260497412e326bb57f2ee5bbe9042d8,513.0,,26.1,69.0
3399,1720244895849,abc0d16aaf15b3a4ee2e561195dfd82ab260497412e326bb57f2ee5bbe9042d8,518.0,,25.9,69.0
3400,1720245507998,abc0d16aaf15b3a4ee2e561195dfd82ab260497412e326bb57f2ee5bbe9042d8,509.0,,27.2,67.0
3401,1720246120147,abc0d16aaf15b3a4ee2e561195dfd82ab260497412e326bb57f2ee5bbe9042d8,501.0,,29.0,66.0
3402,1720246732369,abc0d16aaf15b3a4ee2e561195dfd82ab260497412e326bb57f2ee5bbe9042d8,512.0,,29.4,66.0
3403,1720247344502,abc0d16aaf15b3a4ee2e561195dfd82ab260497412e326bb57f2ee5bbe9042d8,506.0,,29.1,64.0
3404,1720247956629,abc0d16aaf15b3a4ee2e561195dfd82ab260497412e326bb57f2ee5bbe9042d8,514.0,,29.5,63.0
3405,1720248568852,abc0d16aaf15b3a4ee2e561195dfd82ab260497412e326bb57f2ee5bbe9042d8,498.0,,30.4,63.0
3406,1720249181006,abc0d16aaf15b3a4ee2e561195dfd82ab260497412e326bb57f2ee5bbe9042d8,505.0,,30.9,61.0
3407,1720249793137,abc0d16aaf15b3a4ee2e561195dfd82ab260497412e326bb57f2ee5bbe9042d8,500.0,,31.4,61.0
3408,1720250405268,abc0d16aaf15b3a4ee2e561195dfd82ab260497412e326bb57f2ee5bbe9042d8,483.0,,31.9,61.0
3409,1720251017491,abc0d16aaf15b3a4ee2e561195dfd82ab260497412e326bb57f2ee5bbe9042d8,484.0,,31.8,56.0
3410,1720251629677,abc0d16aaf15b3a4ee2e561195dfd82ab260497412e326bb57f2ee5bbe9042d8,484.0,,32.1,56.0
3411,1720252241831,abc0d16aaf15b3a4ee2e561195dfd82ab260497412e326bb57f2ee5bbe9042d8,486.0,,32.3,56.0
3412,1720252853973,abc0d16aaf15b3a4ee2e561195dfd82ab260497412e326bb57f2ee5bbe9042d8,459.0,,32.3,53.0
3413,1720253466190,abc0d16aaf15b3a4ee2e561195dfd82ab260497412e326bb57f2ee5bbe9042d8,476.0,,32.6,53.0
3414,1720254690576,abc0d16aaf15b3a4ee2e561195dfd82ab260497412e326bb57f2ee5bbe9042d8,477.0,,33.0,51.0
3415,1720255302790,abc0d16aaf15b3a4ee2e561195dfd82ab260497412e326bb57f2ee5bbe9042d8,480.0,,33.7,49.0
3416,1720255915005,abc0d16aaf15b3a4ee2e561195dfd82ab260497412e326bb57f2ee5bbe9042d8,483.0,,33.9,49.0
3417,1720256527172,abc0d16aaf15b3a4ee2e561195dfd82ab260497412e326bb57f2ee5bbe9042d8,482.0,,33.4,49.0
3418,1720257139306,abc0d16aaf15b3a4ee2e561195dfd82ab260497412e326bb57f2ee5bbe9042d8,479.0,,32.8,46.0
3419,1720257751447,abc0d16aaf15b3a4ee2e561195dfd82ab260497412e326bb57f2ee5bbe9042d8,464.0,,32.6,46.0
3420,1720258363629,abc0d16aaf15b3a4ee2e561195dfd82ab260497412e326bb57f2ee5bbe9042d8,472.0,,32.8,46.0
3421,1720258975787,abc0d16aaf15b3a4ee2e561195dfd82ab260497412e326bb57f2ee5bbe9042d8,459.0,,32.9,41.0
3422,1720259588001,abc0d16aaf15b3a4ee2e561195dfd82ab260497412e326bb57f2ee5bbe9042d8,483.0,,33.0,42.0
3423,1720260200141,abc0d16aaf15b3a4ee2e561195dfd82ab260497412e326bb57f2ee5bbe9042d8,478.0,,33.0,42.0
3424,1720260812309,abc0d16aaf15b3a4ee2e561195dfd82ab260497412e326bb57f2ee5bbe9042d8,475.0,,32.8,41.0
3425,1720261424527,abc0d16aaf15b3a4ee2e561195dfd82ab260497412e326bb57f2ee5bbe9042d8,490.0,,33.1,38.0
3426,1720262648963,abc0d16aaf15b3a4ee2e561195dfd82ab260497412e326bb57f2ee5bbe9042d8,466.0,,33.1,41.0
3427,1720263261180,abc0d16aaf15b3a4ee2e561195dfd82ab260497412e326bb57f2ee5bbe9042d8,481.0,,32.9,40.0
3428,1720263873319,abc0d16aaf15b3a4ee2e561195dfd82ab260497412e326bb57f2ee5bbe9042d8,458.0,,33.5,40.0
3429,1720264485461,abc0d16aaf15b3a4ee2e561195dfd82ab260497412e326bb57f2ee5bbe9042d8,454.0,,33.9,40.0
3430,1720265097609,abc0d16aaf15b3a4ee2e561195dfd82ab260497412e326bb57f2ee5bbe9042d8,454.0,,33.7,39.0
3431,1720265709736,abc0d16aaf15b3a4ee2e561195dfd82ab260497412e326bb57f2ee5bbe9042d8,458.0,,34.3,39.0
3432,1720266321885,abc0d16aaf15b3a4ee2e561195dfd82ab260497412e326bb57f2ee5bbe9042d8,463.0,,33.5,39.0
3433,1720266934021,abc0d16aaf15b3a4ee2e561195dfd82ab260497412e326bb57f2ee5bbe9042d8,453.0,,32.7,42.0
3434,1720267546177,abc0d16aaf15b3a4ee2e561195dfd82ab260497412e326bb57f2ee5bbe9042d8,468.0,,33.3,42.0
3435,1720268158385,abc0d16aaf15b3a4ee2e561195dfd82ab260497412e326bb57f2ee5bbe9042d8,470.0,,34.6,41.0
3436,1720268770512,abc0d16aaf15b3a4ee2e561195dfd82ab260497412e326bb57f2ee5bbe9042d8,451.0,,34.6,43.0
3437,1720269382652,abc0d16aaf15b3a4ee2e561195dfd82ab260497412e326bb57f2ee5bbe9042d8,474.0,,34.0,43.0
3438,1720269994826,abc0d16aaf15b3a4ee2e561195dfd82ab260497412e326bb57f2ee5bbe9042d8,462.0,,33.9,44.0
3439,1720270606976,abc0d16aaf15b3a4ee2e561195dfd82ab260497412e326bb57f2ee5bbe9042d8,467.0,,32.8,50.0
3440,1720271219139,abc0d16aaf15b3a4ee2e561195dfd82ab260497412e326bb57f2ee5bbe9042d8,449.0,,32.3,50.0
3441,1720271831331,abc0d16aaf15b3a4ee2e561195dfd82ab260497412e326bb57f2ee5bbe9042d8,476.0,,33.8,46.0
3442,1720272443560,abc0d16aaf15b3a4ee2e561195dfd82ab260497412e326bb57f2ee5bbe9042d8,468.0,,34.4,47.0
3443,1720273055713,abc0d16aaf15b3a4ee2e561195dfd82ab260497412e326bb57f2ee5bbe9042d8,462.0,,33.2,48.0
3444,1720273667857,abc0d16aaf15b3a4ee2e561195dfd82ab260497412e326bb57f2ee5bbe9042d8,451.0,,32.0,48.0
3445,1720274280093,abc0d16aaf15b3a4ee2e561195dfd82ab260497412e326bb57f2ee5bbe9042d8,453.0,,31.4,50.0
3446,1720274892232,abc0d16aaf15b3a4ee2e561195dfd82ab260497412e326bb57f2ee5bbe9042d8,457.0,,31.5,47.0
3447,1720275504355,abc0d16aaf15b3a4ee2e561195dfd82ab260497412e326bb57f2ee5bbe9042d8,464.0,,31.6,47.0
3448,1720276116589,abc0d16aaf15b3a4ee2e561195dfd82ab260497412e326bb57f2ee5bbe9042d8,471.0,,32.8,45.0
3449,1720276728757,abc0d16aaf15b3a4ee2e561195dfd82ab260497412e326bb57f2ee5bbe9042d8,453.0,,33.6,43.0
3450,1720277340980,abc0d16aaf15b3a4ee2e561195dfd82ab260497412e326bb57f2ee5bbe9042d8,454.0,,34.1,43.0
3451,1720277953149,abc0d16aaf15b3a4ee2e561195dfd82ab260497412e326bb57f2ee5bbe9042d8,469.0,,34.5,44.0
3452,1720278565311,abc0d16aaf15b3a4ee2e561195dfd82ab260497412e326bb57f2ee5bbe9042d8,456.0,,33.5,46.0
3453,1720279177483,abc0d16aaf15b3a4ee2e561195dfd82ab260497412e326bb57f2ee5bbe9042d8,457.0,,32.7,46.0
3454,1720279789701,abc0d16aaf15b3a4ee2e561195dfd82ab260497412e326bb57f2ee5bbe9042d8,467.0,,32.4,45.0
3455,1720280401859,abc0d16aaf15b3a4ee2e561195dfd82ab260497412e326bb57f2ee5bbe9042d8,445.0,,32.6,46.0
3456,1720281013993,abc0d16aaf15b3a4ee2e561195dfd82ab260497412e326bb57f2ee5bbe9042d8,476.0,,32.4,46.0
3457,1720281626145,abc0d16aaf15b3a4ee2e561195dfd82ab260497412e326bb57f2ee5bbe9042d8,457.0,,31.9,46.0
3458,1720282238277,abc0d16aaf15b3a4ee2e561195dfd82ab260497412e326bb57f2ee5bbe9042d8,474.0,,31.1,47.0
3459,1720282850421,abc0d16aaf15b3a4ee2e561195dfd82ab260497412e326bb57f2ee5bbe9042d8,460.0,,31.2,47.0
3460,1720283462561,abc0d16aaf15b3a4ee2e561195dfd82ab260497412e326bb57f2ee5bbe9042d8,458.0,,31.4,47.0
3461,1720284074701,abc0d16aaf15b3a4ee2e561195dfd82ab260497412e326bb57f2ee5bbe9042d8,488.0,,30.1,48.0
3462,1720284686831,abc0d16aaf15b3a4ee2e561195dfd82ab260497412e326bb57f2ee5bbe9042d8,456.0,,29.3,48.0
3463,1720285298983,abc0d16aaf15b3a4ee2e561195dfd82ab260497412e326bb57f2ee5bbe9042d8,463.0,,28.7,49.0
3464,1720285911149,abc0d16aaf15b3a4ee2e561195dfd82ab260497412e326bb57f2ee5bbe9042d8,466.0,,28.3,51.0
3465,1720286523346,abc0d16aaf15b3a4ee2e561195dfd82ab260497412e326bb57f2ee5bbe9042d8,468.0,,28.1,51.0
3466,1720287135539,abc0d16aaf15b3a4ee2e561195dfd82ab260497412e326bb57f2ee5bbe9042d8,449.0,,28.5,51.0
3467,1720287747675,abc0d16aaf15b3a4ee2e561195dfd82ab260497412e326bb57f2ee5bbe9042d8,460.0,,29.1,51.0
3468,1720288359803,abc0d16aaf15b3a4ee2e561195dfd82ab260497412e326bb57f2ee5bbe9042d8,467.0,,28.8,51.0
3469,1720288971941,abc0d16aaf15b3a4ee2e561195dfd82ab260497412e326bb57f2ee5bbe9042d8,475.0,,28.0,51.0
3470,1720289584095,abc0d16aaf15b3a4ee2e561195dfd82ab260497412e326bb57f2ee5bbe9042d8,495.0,,27.6,51.0
3471,1720290196219,abc0d16aaf15b3a4ee2e561195dfd82ab260497412e326bb57f2ee5bbe9042d8,494.0,,27.2,53.0
3472,1720290808363,abc0d16aaf15b3a4ee2e561195dfd82ab260497412e326bb57f2ee5bbe9042d8,464.0,,26.7,53.0
3473,1720291420527,abc0d16aaf15b3a4ee2e561195dfd82ab260497412e326bb57f2ee5bbe9042d8,481.0,,26.1,55.0
3474,1720292032643,abc0d16aaf15b3a4ee2e561195dfd82ab260497412e326bb57f2ee5bbe9042d8,485.0,,25.3,57.0
3475,1720292644786,abc0d16aaf15b3a4ee2e561195dfd82ab260497412e326bb57f2ee5bbe9042d8,491.0,,24.8,57.0
3476,1720293256958,abc0d16aaf15b3a4ee2e561195dfd82ab260497412e326bb57f2ee5bbe9042d8,483.0,,24.3,56.0
3477,1720293869087,abc0d16aaf15b3a4ee2e561195dfd82ab260497412e326bb57f2ee5bbe9042d8,505.0,,24.1,53.0
3478,1720294481231,abc0d16aaf15b3a4ee2e561195dfd82ab260497412e326bb57f2ee5bbe9042d8,500.0,,24.1,53.0
3479,1720295093383,abc0d16aaf15b3a4ee2e561195dfd82ab260497412e326bb57f2ee5bbe9042d8,497.0,,23.7,53.0
3480,1720295705515,abc0d16aaf15b3a4ee2e561195dfd82ab260497412e326bb57f2ee5bbe9042d8,506.0,,23.4,53.0
3481,1720296317671,abc0d16aaf15b3a4ee2e561195dfd82ab260497412e326bb57f2ee5bbe9042d8,509.0,,23.4,53.0
3482,1720296929804,abc0d16aaf15b3a4ee2e561195dfd82ab260497412e326bb57f2ee5bbe9042d8,494.0,,23.4,52.0
3483,1720297542018,abc0d16aaf15b3a4ee2e561195dfd82ab260497412e326bb57f2ee5bbe9042d8,512.0,,23.3,54.0
3484,1720298154155,abc0d16aaf15b3a4ee2e561195dfd82ab260497412e326bb57f2ee5bbe9042d8,516.0,,23.0,54.0
3485,1720298766299,abc0d16aaf15b3a4ee2e561195dfd82ab260497412e326bb57f2ee5bbe9042d8,490.0,,22.9,54.0
3486,1720299378431,abc0d16aaf15b3a4ee2e561195dfd82ab260497412e326bb57f2ee5bbe9042d8,504.0,,22.9,53.0
3487,1720299990592,abc0d16aaf15b3a4ee2e561195dfd82ab260497412e326bb57f2ee5bbe9042d8,489.0,,22.6,53.0
3488,1720300602743,abc0d16aaf15b3a4ee2e561195dfd82ab260497412e326bb57f2ee5bbe9042d8,520.0,,22.1,58.0
3489,1720301214893,abc0d16aaf15b3a4ee2e561195dfd82ab260497412e326bb57f2ee5bbe9042d8,524.0,,21.6,57.0
3490,1720301827043,abc0d16aaf15b3a4ee2e561195dfd82ab260497412e326bb57f2ee5bbe9042d8,505.0,,21.6,57.0
3491,1720302439192,abc0d16aaf15b3a4ee2e561195dfd82ab260497412e326bb57f2ee5bbe9042d8,523.0,,21.4,59.0
3492,1720303051348,abc0d16aaf15b3a4ee2e561195dfd82ab260497412e326bb57f2ee5bbe9042d8,528.0,,21.3,59.0
3493,1720303681053,abc0d16aaf15b3a4ee2e561195dfd82ab260497412e326bb57f2ee5bbe9042d8,528.0,,21.0,61.0
3494,1720304304211,abc0d16aaf15b3a4ee2e561195dfd82ab260497412e326bb57f2ee5bbe9042d8,528.0,,20.9,61.0
3495,1720304927363,abc0d16aaf15b3a4ee2e561195dfd82ab260497412e326bb57f2ee5bbe9042d8,528.0,,20.5,63.0
3496,1720305550499,abc0d16aaf15b3a4ee2e561195dfd82ab260497412e326bb57f2ee5bbe9042d8,528.0,,19.9,63.0
3497,1720306173668,abc0d16aaf15b3a4ee2e561195dfd82ab260497412e326bb57f2ee5bbe9042d8,528.0,,19.9,63.0
3498,1720306796761,abc0d16aaf15b3a4ee2e561195dfd82ab260497412e326bb57f2ee5bbe9042d8,528.0,,20.2,58.0
3500,1720308023029,abc0d16aaf15b3a4ee2e561195dfd82ab260497412e326bb57f2ee5bbe9042d8,553.0,,20.3,59.0
3501,1720308650618,abc0d16aaf15b3a4ee2e561195dfd82ab260497412e326bb57f2ee5bbe9042d8,553.0,,20.4,58.0
3502,1720309278317,abc0d16aaf15b3a4ee2e561195dfd82ab260497412e326bb57f2ee5bbe9042d8,553.0,,21.0,58.0
3503,1720309899724,abc0d16aaf15b3a4ee2e561195dfd82ab260497412e326bb57f2ee5bbe9042d8,553.0,,21.2,58.0
3504,1720310522934,abc0d16aaf15b3a4ee2e561195dfd82ab260497412e326bb57f2ee5bbe9042d8,553.0,,21.2,62.0
3505,1720311118515,abc0d16aaf15b3a4ee2e561195dfd82ab260497412e326bb57f2ee5bbe9042d8,545.0,,21.0,61.0
3506,1720311746056,abc0d16aaf15b3a4ee2e561195dfd82ab260497412e326bb57f2ee5bbe9042d8,545.0,,21.1,61.0
3717,1721807063788,abc0d16aaf15b3a4ee2e561195dfd82ab260497412e326bb57f2ee5bbe9042d8,561.0,1008.2,31.2,68.0
3718,1721807624428,abc0d16aaf15b3a4ee2e561195dfd82ab260497412e326bb57f2ee5bbe9042d8,492.0,1008.2,31.7,66.0
3719,1721808224404,abc0d16aaf15b3a4ee2e561195dfd82ab260497412e326bb57f2ee5bbe9042d8,461.0,1008.2,33.7,66.0
3720,1721808824373,abc0d16aaf15b3a4ee2e561195dfd82ab260497412e326bb57f2ee5bbe9042d8,474.0,1008.1,34.8,62.0
3721,1721809424347,abc0d16aaf15b3a4ee2e561195dfd82ab260497412e326bb57f2ee5bbe9042d8,460.0,1008.0,35.3,62.0
3722,1721810024390,abc0d16aaf15b3a4ee2e561195dfd82ab260497412e326bb57f2ee5bbe9042d8,464.0,1007.8,35.1,62.0
3723,1721810624283,abc0d16aaf15b3a4ee2e561195dfd82ab260497412e326bb57f2ee5bbe9042d8,448.0,1007.8,35.2,60.0
3724,1721811224258,abc0d16aaf15b3a4ee2e561195dfd82ab260497412e326bb57f2ee5bbe9042d8,467.0,1007.7,35.4,60.0
3725,1721811824249,abc0d16aaf15b3a4ee2e561195dfd82ab260497412e326bb57f2ee5bbe9042d8,479.0,1007.8,35.2,60.0
3726,1721812424181,abc0d16aaf15b3a4ee2e561195dfd82ab260497412e326bb57f2ee5bbe9042d8,463.0,1007.7,34.5,60.0
3727,1721813024181,abc0d16aaf15b3a4ee2e561195dfd82ab260497412e326bb57f2ee5bbe9042d8,467.0,1007.7,34.5,60.0
3728,1721813624156,abc0d16aaf15b3a4ee2e561195dfd82ab260497412e326bb57f2ee5bbe9042d8,468.0,1007.6,34.6,60.0
3729,1721814224129,abc0d16aaf15b3a4ee2e561195dfd82ab260497412e326bb57f2ee5bbe9042d8,473.0,1007.6,34.5,59.0
3730,1721814824106,abc0d16aaf15b3a4ee2e561195dfd82ab260497412e326bb57f2ee5bbe9042d8,454.0,1007.5,34.9,58.0
3731,1721815424100,abc0d16aaf15b3a4ee2e561195dfd82ab260497412e326bb57f2ee5bbe9042d8,447.0,1007.6,34.9,58.0
3732,1721816024070,abc0d16aaf15b3a4ee2e561195dfd82ab260497412e326bb57f2ee5bbe9042d8,471.0,1007.4,35.0,58.0
3733,1721816624029,abc0d16aaf15b3a4ee2e561195dfd82ab260497412e326bb57f2ee5bbe9042d8,462.0,1007.4,34.8,58.0
3734,1721817224026,abc0d16aaf15b3a4ee2e561195dfd82ab260497412e326bb57f2ee5bbe9042d8,470.0,1007.3,35.0,58.0
3735,1721817823988,abc0d16aaf15b3a4ee2e561195dfd82ab260497412e326bb57f2ee5bbe9042d8,437.0,1007.3,34.7,58.0
3736,1721818423957,abc0d16aaf15b3a4ee2e561195dfd82ab260497412e326bb57f2ee5bbe9042d8,447.0,1007.1,35.1,56.0
3737,1721819023968,abc0d16aaf15b3a4ee2e561195dfd82ab260497412e326bb57f2ee5bbe9042d8,443.0,1006.9,35.6,56.0
3738,1721819623929,abc0d16aaf15b3a4ee2e561195dfd82ab260497412e326bb57f2ee5bbe9042d8,439.0,1006.9,35.3,55.0
3739,1721820223894,abc0d16aaf15b3a4ee2e561195dfd82ab260497412e326bb57f2ee5bbe9042d8,455.0,1006.8,35.6,53.0
3740,1721820823886,abc0d16aaf15b3a4ee2e561195dfd82ab260497412e326bb57f2ee5bbe9042d8,446.0,1006.7,35.5,53.0
3741,1721821423838,abc0d16aaf15b3a4ee2e561195dfd82ab260497412e326bb57f2ee5bbe9042d8,441.0,1006.6,35.7,54.0
3742,1721822023826,abc0d16aaf15b3a4ee2e561195dfd82ab260497412e326bb57f2ee5bbe9042d8,427.0,1006.5,36.0,52.0
3743,1721822623810,abc0d16aaf15b3a4ee2e561195dfd82ab260497412e326bb57f2ee5bbe9042d8,445.0,1006.3,36.0,52.0
3744,1721823223799,abc0d16aaf15b3a4ee2e561195dfd82ab260497412e326bb57f2ee5bbe9042d8,435.0,1006.2,35.7,50.0
3745,1721823823740,abc0d16aaf15b3a4ee2e561195dfd82ab260497412e326bb57f2ee5bbe9042d8,452.0,1006.1,36.4,50.0
3746,1721824423740,abc0d16aaf15b3a4ee2e561195dfd82ab260497412e326bb57f2ee5bbe9042d8,431.0,1006.0,36.7,50.0
3747,1721825025410,abc0d16aaf15b3a4ee2e561195dfd82ab260497412e326bb57f2ee5bbe9042d8,449.0,1005.9,37.3,47.0
3748,1721825623662,abc0d16aaf15b3a4ee2e561195dfd82ab260497412e326bb57f2ee5bbe9042d8,434.0,1005.8,37.2,50.0
3749,1721826223623,abc0d16aaf15b3a4ee2e561195dfd82ab260497412e326bb57f2ee5bbe9042d8,447.0,1005.6,36.9,50.0
3750,1721826823654,abc0d16aaf15b3a4ee2e561195dfd82ab260497412e326bb57f2ee5bbe9042d8,473.0,1005.5,35.8,49.0
3751,1721827423596,abc0d16aaf15b3a4ee2e561195dfd82ab260497412e326bb57f2ee5bbe9042d8,431.0,1005.4,36.6,48.0
3752,1721828023611,abc0d16aaf15b3a4ee2e561195dfd82ab260497412e326bb57f2ee5bbe9042d8,432.0,1005.3,37.3,48.0
3753,1721828623567,abc0d16aaf15b3a4ee2e561195dfd82ab260497412e326bb57f2ee5bbe9042d8,435.0,1005.3,36.3,48.0
3754,1721829223530,abc0d16aaf15b3a4ee2e561195dfd82ab260497412e326bb57f2ee5bbe9042d8,425.0,1005.3,36.4,47.0
3755,1721829823531,abc0d16aaf15b3a4ee2e561195dfd82ab260497412e326bb57f2ee5bbe9042d8,453.0,1005.1,36.4,47.0
3756,1721830423503,abc0d16aaf15b3a4ee2e561195dfd82ab260497412e326bb57f2ee5bbe9042d8,435.0,1004.9,36.5,48.0
3757,1721831023480,abc0d16aaf15b3a4ee2e561195dfd82ab260497412e326bb57f2ee5bbe9042d8,444.0,1004.9,36.6,47.0
3758,1721831623468,abc0d16aaf15b3a4ee2e561195dfd82ab260497412e326bb57f2ee5bbe9042d8,454.0,1005.0,35.3,47.0
3759,1721832223434,abc0d16aaf15b3a4ee2e561195dfd82ab260497412e326bb57f2ee5bbe9042d8,428.0,1004.9,37.0,46.0
3760,1721832823404,abc0d16aaf15b3a4ee2e561195dfd82ab260497412e326bb57f2ee5bbe9042d8,445.0,1004.8,37.7,46.0
3761,1721833423383,abc0d16aaf15b3a4ee2e561195dfd82ab260497412e326bb57f2ee5bbe9042d8,442.0,1004.7,37.1,46.0
3762,1721834023375,abc0d16aaf15b3a4ee2e561195dfd82ab260497412e326bb57f2ee5bbe9042d8,443.0,1004.6,35.8,48.0
3763,1721834623324,abc0d16aaf15b3a4ee2e561195dfd82ab260497412e326bb57f2ee5bbe9042d8,432.0,1004.7,35.1,48.0
3764,1721835223314,abc0d16aaf15b3a4ee2e561195dfd82ab260497412e326bb57f2ee5bbe9042d8,450.0,1004.5,35.0,48.0
3765,1721835823284,abc0d16aaf15b3a4ee2e561195dfd82ab260497412e326bb57f2ee5bbe9042d8,430.0,1004.6,35.9,46.0
3766,1721836423257,abc0d16aaf15b3a4ee2e561195dfd82ab260497412e326bb57f2ee5bbe9042d8,433.0,1004.7,35.8,47.0
3767,1721837024942,abc0d16aaf15b3a4ee2e561195dfd82ab260497412e326bb57f2ee5bbe9042d8,465.0,1005.1,31.9,47.0
3768,1721837623217,abc0d16aaf15b3a4ee2e561195dfd82ab260497412e326bb57f2ee5bbe9042d8,440.0,1005.0,32.0,51.0
3769,1721838223171,abc0d16aaf15b3a4ee2e561195dfd82ab260497412e326bb57f2ee5bbe9042d8,429.0,1004.9,32.2,52.0
3770,1721838823155,abc0d16aaf15b3a4ee2e561195dfd82ab260497412e326bb57f2ee5bbe9042d8,438.0,1004.7,31.7,52.0
3771,1721839423125,abc0d16aaf15b3a4ee2e561195dfd82ab260497412e326bb57f2ee5bbe9042d8,431.0,1004.8,31.0,55.0
3772,1721840024810,abc0d16aaf15b3a4ee2e561195dfd82ab260497412e326bb57f2ee5bbe9042d8,430.0,1004.8,31.3,54.0
3773,1721840623095,abc0d16aaf15b3a4ee2e561195dfd82ab260497412e326bb57f2ee5bbe9042d8,415.0,1004.6,31.6,54.0
3774,1721841223051,abc0d16aaf15b3a4ee2e561195dfd82ab260497412e326bb57f2ee5bbe9042d8,433.0,1004.5,31.8,53.0
3775,1721841823019,abc0d16aaf15b3a4ee2e561195dfd82ab260497412e326bb57f2ee5bbe9042d8,446.0,1004.4,32.1,53.0
3776,1721842423021,abc0d16aaf15b3a4ee2e561195dfd82ab260497412e326bb57f2ee5bbe9042d8,432.0,1004.5,32.2,53.0
3777,1721843022967,abc0d16aaf15b3a4ee2e561195dfd82ab260497412e326bb57f2ee5bbe9042d8,427.0,1004.4,31.9,55.0
3778,1721843622937,abc0d16aaf15b3a4ee2e561195dfd82ab260497412e326bb57f2ee5bbe9042d8,439.0,1004.5,31.5,56.0
3779,1721844222908,abc0d16aaf15b3a4ee2e561195dfd82ab260497412e326bb57f2ee5bbe9042d8,446.0,1004.5,30.8,56.0
3780,1721844822889,abc0d16aaf15b3a4ee2e561195dfd82ab260497412e326bb57f2ee5bbe9042d8,427.0,1004.6,30.3,57.0
3781,1721845422914,abc0d16aaf15b3a4ee2e561195dfd82ab260497412e326bb57f2ee5bbe9042d8,464.0,1004.7,29.8,57.0
3782,1721846022828,abc0d16aaf15b3a4ee2e561195dfd82ab260497412e326bb57f2ee5bbe9042d8,464.0,1004.7,29.0,57.0
3783,1721846622801,abc0d16aaf15b3a4ee2e561195dfd82ab260497412e326bb57f2ee5bbe9042d8,427.0,1004.9,28.0,58.0
3784,1721847222769,abc0d16aaf15b3a4ee2e561195dfd82ab260497412e326bb57f2ee5bbe9042d8,451.0,1005.1,27.4,58.0
3785,1721847822743,abc0d16aaf15b3a4ee2e561195dfd82ab260497412e326bb57f2ee5bbe9042d8,446.0,1005.4,27.1,58.0
3786,1721848422717,abc0d16aaf15b3a4ee2e561195dfd82ab260497412e326bb57f2ee5bbe9042d8,424.0,1005.6,27.0,56.0
3787,1721849022673,abc0d16aaf15b3a4ee2e561195dfd82ab260497412e326bb57f2ee5bbe9042d8,439.0,1005.7,26.8,58.0
3788,1721849622658,abc0d16aaf15b3a4ee2e561195dfd82ab260497412e326bb57f2ee5bbe9042d8,479.0,1005.8,26.4,58.0
3789,1721850222627,abc0d16aaf15b3a4ee2e561195dfd82ab260497412e326bb57f2ee5bbe9042d8,485.0,1005.9,26.0,60.0
3790,1721850822579,abc0d16aaf15b3a4ee2e561195dfd82ab260497412e326bb57f2ee5bbe9042d8,521.0,1006.1,25.2,61.0
3791,1721851422567,abc0d16aaf15b3a4ee2e561195dfd82ab260497412e326bb57f2ee5bbe9042d8,496.0,1006.2,24.8,61.0
3792,1721852022540,abc0d16aaf15b3a4ee2e561195dfd82ab260497412e326bb57f2ee5bbe9042d8,475.0,1006.3,24.9,58.0
3793,1721852622503,abc0d16aaf15b3a4ee2e561195dfd82ab260497412e326bb57f2ee5bbe9042d8,459.0,1006.4,25.2,59.0
3794,1721853222479,abc0d16aaf15b3a4ee2e561195dfd82ab260497412e326bb57f2ee5bbe9042d8,461.0,1006.3,25.4,59.0
3795,1721853822440,abc0d16aaf15b3a4ee2e561195dfd82ab260497412e326bb57f2ee5bbe9042d8,454.0,1006.4,25.4,61.0
3796,1721854422418,abc0d16aaf15b3a4ee2e561195dfd82ab260497412e326bb57f2ee5bbe9042d8,509.0,1006.6,24.9,64.0
3797,1721855022399,abc0d16aaf15b3a4ee2e561195dfd82ab260497412e326bb57f2ee5bbe9042d8,535.0,1006.6,23.9,64.0
3798,1721855622373,abc0d16aaf15b3a4ee2e561195dfd82ab260497412e326bb57f2ee5bbe9042d8,545.0,1006.8,23.5,68.0
3799,1721856222321,abc0d16aaf15b3a4ee2e561195dfd82ab260497412e326bb57f2ee5bbe9042d8,543.0,1006.9,23.1,73.0
3800,1721856822299,abc0d16aaf15b3a4ee2e561195dfd82ab260497412e326bb57f2ee5bbe9042d8,584.0,1007.0,22.7,73.0
3801,1721857422335,abc0d16aaf15b3a4ee2e561195dfd82ab260497412e326bb57f2ee5bbe9042d8,600.0,1007.2,22.5,77.0
3802,1721858022241,abc0d16aaf15b3a4ee2e561195dfd82ab260497412e326bb57f2ee5bbe9042d8,584.0,1007.3,22.2,79.0
3803,1721858622234,abc0d16aaf15b3a4ee2e561195dfd82ab260497412e326bb57f2ee5bbe9042d8,601.0,1007.3,22.1,79.0
3804,1721859222199,abc0d16aaf15b3a4ee2e561195dfd82ab260497412e326bb57f2ee5bbe9042d8,611.0,1007.3,21.8,81.0
3805,1721859822151,abc0d16aaf15b3a4ee2e561195dfd82ab260497412e326bb57f2ee5bbe9042d8,662.0,1007.4,21.6,80.0
3806,1721860422133,abc0d16aaf15b3a4ee2e561195dfd82ab260497412e326bb57f2ee5bbe9042d8,635.0,1007.4,21.5,80.0
3807,1721861022097,abc0d16aaf15b3a4ee2e561195dfd82ab260497412e326bb57f2ee5bbe9042d8,621.0,1007.5,21.3,82.0
3808,1721861622075,abc0d16aaf15b3a4ee2e561195dfd82ab260497412e326bb57f2ee5bbe9042d8,670.0,1007.6,21.4,84.0
3809,1721862222041,abc0d16aaf15b3a4ee2e561195dfd82ab260497412e326bb57f2ee5bbe9042d8,650.0,1007.6,21.1,84.0
3810,1721862822025,abc0d16aaf15b3a4ee2e561195dfd82ab260497412e326bb57f2ee5bbe9042d8,628.0,1007.6,21.1,86.0
3811,1721863421971,abc0d16aaf15b3a4ee2e561195dfd82ab260497412e326bb57f2ee5bbe9042d8,637.0,1007.6,20.9,88.0
3812,1721864021963,abc0d16aaf15b3a4ee2e561195dfd82ab260497412e326bb57f2ee5bbe9042d8,619.0,1007.6,21.0,88.0
3813,1721864621896,abc0d16aaf15b3a4ee2e561195dfd82ab260497412e326bb57f2ee5bbe9042d8,683.0,1007.5,20.9,89.0
3814,1721865221899,abc0d16aaf15b3a4ee2e561195dfd82ab260497412e326bb57f2ee5bbe9042d8,724.0,1007.5,20.8,90.0
3815,1721865821835,abc0d16aaf15b3a4ee2e561195dfd82ab260497412e326bb57f2ee5bbe9042d8,672.0,1007.5,20.7,90.0
3816,1721866421847,abc0d16aaf15b3a4ee2e561195dfd82ab260497412e326bb57f2ee5bbe9042d8,614.0,1007.5,20.7,93.0
3817,1721867021797,abc0d16aaf15b3a4ee2e561195dfd82ab260497412e326bb57f2ee5bbe9042d8,690.0,1007.6,20.6,94.0
3818,1721867623497,abc0d16aaf15b3a4ee2e561195dfd82ab260497412e326bb57f2ee5bbe9042d8,702.0,1007.7,20.7,94.0
3819,1721868221743,abc0d16aaf15b3a4ee2e561195dfd82ab260497412e326bb57f2ee5bbe9042d8,723.0,1007.7,20.5,94.0
3820,1721868821716,abc0d16aaf15b3a4ee2e561195dfd82ab260497412e326bb57f2ee5bbe9042d8,684.0,1007.8,20.4,96.0
3821,1721869421697,abc0d16aaf15b3a4ee2e561195dfd82ab260497412e326bb57f2ee5bbe9042d8,641.0,1007.7,20.3,96.0
3822,1721870021672,abc0d16aaf15b3a4ee2e561195dfd82ab260497412e326bb57f2ee5bbe9042d8,710.0,1007.7,20.2,97.0
3823,1721870621627,abc0d16aaf15b3a4ee2e561195dfd82ab260497412e326bb57f2ee5bbe9042d8,677.0,1007.6,20.2,99.0
3824,1721871221636,abc0d16aaf15b3a4ee2e561195dfd82ab260497412e326bb57f2ee5bbe9042d8,670.0,1007.5,20.1,99.0
3825,1721871821573,abc0d16aaf15b3a4ee2e561195dfd82ab260497412e326bb57f2ee5bbe9042d8,645.0,1007.5,20.1,100.0
3826,1721872421547,abc0d16aaf15b3a4ee2e561195dfd82ab260497412e326bb57f2ee5bbe9042d8,686.0,1007.5,20.2,100.0
3827,1721873021527,abc0d16aaf15b3a4ee2e561195dfd82ab260497412e326bb57f2ee5bbe9042d8,723.0,1007.6,20.0,100.0
3828,1721873621521,abc0d16aaf15b3a4ee2e561195dfd82ab260497412e326bb57f2ee5bbe9042d8,694.0,1007.6,19.9,100.0
3829,1721874221464,abc0d16aaf15b3a4ee2e561195dfd82ab260497412e326bb57f2ee5bbe9042d8,706.0,1007.7,20.0,100.0
3830,1721874821448,abc0d16aaf15b3a4ee2e561195dfd82ab260497412e326bb57f2ee5bbe9042d8,668.0,1007.8,20.1,100.0
3831,1721875421395,abc0d16aaf15b3a4ee2e561195dfd82ab260497412e326bb57f2ee5bbe9042d8,722.0,1007.8,20.1,100.0
3832,1721876021377,abc0d16aaf15b3a4ee2e561195dfd82ab260497412e326bb57f2ee5bbe9042d8,725.0,1007.8,19.9,100.0
3833,1721876621363,abc0d16aaf15b3a4ee2e561195dfd82ab260497412e326bb57f2ee5bbe9042d8,706.0,1007.8,19.8,100.0
3834,1721877221331,abc0d16aaf15b3a4ee2e561195dfd82ab260497412e326bb57f2ee5bbe9042d8,661.0,1007.8,19.7,100.0
3835,1721877821281,abc0d16aaf15b3a4ee2e561195dfd82ab260497412e326bb57f2ee5bbe9042d8,637.0,1007.8,19.7,100.0
3836,1721878421289,abc0d16aaf15b3a4ee2e561195dfd82ab260497412e326bb57f2ee5bbe9042d8,689.0,1007.9,19.7,100.0
3837,1721879021231,abc0d16aaf15b3a4ee2e561195dfd82ab260497412e326bb57f2ee5bbe9042d8,679.0,1007.9,19.6,100.0
3838,1721879621179,abc0d16aaf15b3a4ee2e561195dfd82ab260497412e326bb57f2ee5bbe9042d8,651.0,1007.9,19.7,100.0
3839,1721880221177,abc0d16aaf15b3a4ee2e561195dfd82ab260497412e326bb57f2ee5bbe9042d8,636.0,1007.8,19.6,100.0
3840,1721880821162,abc0d16aaf15b3a4ee2e561195dfd82ab260497412e326bb57f2ee5bbe9042d8,598.0,1007.9,19.7,100.0
3841,1721881421116,abc0d16aaf15b3a4ee2e561195dfd82ab260497412e326bb57f2ee5bbe9042d8,614.0,1007.9,19.7,100.0
3842,1721882021090,abc0d16aaf15b3a4ee2e561195dfd82ab260497412e326bb57f2ee5bbe9042d8,580.0,1007.9,20.0,100.0
3843,1721882621063,abc0d16aaf15b3a4ee2e561195dfd82ab260497412e326bb57f2ee5bbe9042d8,594.0,1008.0,20.2,100.0
3844,1721883221041,abc0d16aaf15b3a4ee2e561195dfd82ab260497412e326bb57f2ee5bbe9042d8,587.0,1007.9,20.5,100.0
3845,1721883821031,abc0d16aaf15b3a4ee2e561195dfd82ab260497412e326bb57f2ee5bbe9042d8,563.0,1008.1,21.0,100.0
3846,1721884420981,abc0d16aaf15b3a4ee2e561195dfd82ab260497412e326bb57f2ee5bbe9042d8,580.0,1008.0,21.9,100.0
3847,1721885020961,abc0d16aaf15b3a4ee2e561195dfd82ab260497412e326bb57f2ee5bbe9042d8,535.0,1008.2,22.6,100.0
3848,1721885622627,abc0d16aaf15b3a4ee2e561195dfd82ab260497412e326bb57f2ee5bbe9042d8,537.0,1008.4,23.8,100.0
3849,1721886220870,abc0d16aaf15b3a4ee2e561195dfd82ab260497412e326bb57f2ee5bbe9042d8,527.0,1008.4,23.9,100.0
3850,1721886820860,abc0d16aaf15b3a4ee2e561195dfd82ab260497412e326bb57f2ee5bbe9042d8,517.0,1008.3,24.6,100.0
3851,1721887420836,abc0d16aaf15b3a4ee2e561195dfd82ab260497412e326bb57f2ee5bbe9042d8,515.0,1008.2,26.0,100.0
3852,1721888020812,abc0d16aaf15b3a4ee2e561195dfd82ab260497412e326bb57f2ee5bbe9042d8,522.0,1008.1,27.5,97.0
3853,1721888620769,abc0d16aaf15b3a4ee2e561195dfd82ab260497412e326bb57f2ee5bbe9042d8,505.0,1007.9,28.7,90.0
3854,1721889220752,abc0d16aaf15b3a4ee2e561195dfd82ab260497412e326bb57f2ee5bbe9042d8,531.0,1007.9,29.3,90.0
3855,1721889822424,abc0d16aaf15b3a4ee2e561195dfd82ab260497412e326bb57f2ee5bbe9042d8,530.0,1007.9,29.3,87.0
3856,1721890420716,abc0d16aaf15b3a4ee2e561195dfd82ab260497412e326bb57f2ee5bbe9042d8,508.0,1007.8,30.6,82.0
3857,1721891020669,abc0d16aaf15b3a4ee2e561195dfd82ab260497412e326bb57f2ee5bbe9042d8,537.0,1007.7,31.4,82.0
3858,1721891620644,abc0d16aaf15b3a4ee2e561195dfd82ab260497412e326bb57f2ee5bbe9042d8,507.0,1007.6,31.1,80.0
3859,1721892220599,abc0d16aaf15b3a4ee2e561195dfd82ab260497412e326bb57f2ee5bbe9042d8,510.0,1007.6,31.1,76.0
3860,1721892820589,abc0d16aaf15b3a4ee2e561195dfd82ab260497412e326bb57f2ee5bbe9042d8,494.0,1007.5,31.5,76.0
3861,1721893420550,abc0d16aaf15b3a4ee2e561195dfd82ab260497412e326bb57f2ee5bbe9042d8,500.0,1007.4,31.6,70.0
3862,1721894020519,abc0d16aaf15b3a4ee2e561195dfd82ab260497412e326bb57f2ee5bbe9042d8,480.0,1007.4,32.1,70.0
3863,1721894620486,abc0d16aaf15b3a4ee2e561195dfd82ab260497412e326bb57f2ee5bbe9042d8,476.0,1007.4,32.1,70.0
3864,1721895220481,abc0d16aaf15b3a4ee2e561195dfd82ab260497412e326bb57f2ee5bbe9042d8,491.0,1007.4,31.9,70.0
3865,1721895820437,abc0d16aaf15b3a4ee2e561195dfd82ab260497412e326bb57f2ee5bbe9042d8,491.0,1007.3,31.6,71.0
3866,1721896420428,abc0d16aaf15b3a4ee2e561195dfd82ab260497412e326bb57f2ee5bbe9042d8,480.0,1007.4,31.8,71.0
3867,1721897020378,abc0d16aaf15b3a4ee2e561195dfd82ab260497412e326bb57f2ee5bbe9042d8,504.0,1007.4,32.3,68.0
3868,1721897620412,abc0d16aaf15b3a4ee2e561195dfd82ab260497412e326bb57f2ee5bbe9042d8,474.0,1007.5,32.1,68.0
3869,1721898220354,abc0d16aaf15b3a4ee2e561195dfd82ab260497412e326bb57f2ee5bbe9042d8,483.0,1007.3,32.5,68.0
3870,1721898820324,abc0d16aaf15b3a4ee2e561195dfd82ab260497412e326bb57f2ee5bbe9042d8,467.0,1007.3,32.3,66.0
3871,1721899420279,abc0d16aaf15b3a4ee2e561195dfd82ab260497412e326bb57f2ee5bbe9042d8,469.0,1007.3,32.2,64.0
3872,1721900020252,abc0d16aaf15b3a4ee2e561195dfd82ab260497412e326bb57f2ee5bbe9042d8,451.0,1007.2,32.7,64.0
3873,1721900620229,abc0d16aaf15b3a4ee2e561195dfd82ab260497412e326bb57f2ee5bbe9042d8,425.0,1007.1,32.5,61.0
3874,1721901220200,abc0d16aaf15b3a4ee2e561195dfd82ab260497412e326bb57f2ee5bbe9042d8,451.0,1007.0,33.0,59.0
3875,1721901820177,abc0d16aaf15b3a4ee2e561195dfd82ab260497412e326bb57f2ee5bbe9042d8,444.0,1006.9,32.8,59.0
3876,1721902420165,abc0d16aaf15b3a4ee2e561195dfd82ab260497412e326bb57f2ee5bbe9042d8,437.0,1006.8,32.9,56.0
3877,1721903620096,abc0d16aaf15b3a4ee2e561195dfd82ab260497412e326bb57f2ee5bbe9042d8,446.0,1006.6,33.1,56.0
3878,1721904220046,abc0d16aaf15b3a4ee2e561195dfd82ab260497412e326bb57f2ee5bbe9042d8,440.0,1006.6,32.3,53.0
3879,1721904820038,abc0d16aaf15b3a4ee2e561195dfd82ab260497412e326bb57f2ee5bbe9042d8,469.0,1006.4,33.0,55.0
3880,1721905420034,abc0d16aaf15b3a4ee2e561195dfd82ab260497412e326bb57f2ee5bbe9042d8,437.0,1006.3,33.2,55.0
3881,1721906020015,abc0d16aaf15b3a4ee2e561195dfd82ab260497412e326bb57f2ee5bbe9042d8,444.0,1006.3,33.3,52.0
3882,1721906619968,abc0d16aaf15b3a4ee2e561195dfd82ab260497412e326bb57f2ee5bbe9042d8,448.0,1006.2,33.7,52.0
3883,1721907219952,abc0d16aaf15b3a4ee2e561195dfd82ab260497412e326bb57f2ee5bbe9042d8,433.0,1006.1,33.9,52.0
3884,1721907819916,abc0d16aaf15b3a4ee2e561195dfd82ab260497412e326bb57f2ee5bbe9042d8,473.0,1006.0,34.3,51.0
3885,1721908419888,abc0d16aaf15b3a4ee2e561195dfd82ab260497412e326bb57f2ee5bbe9042d8,436.0,1005.9,33.7,49.0
3886,1721909019882,abc0d16aaf15b3a4ee2e561195dfd82ab260497412e326bb57f2ee5bbe9042d8,428.0,1005.7,34.2,49.0
3887,1721909619836,abc0d16aaf15b3a4ee2e561195dfd82ab260497412e326bb57f2ee5bbe9042d8,438.0,1005.6,34.7,50.0
3888,1721910219827,abc0d16aaf15b3a4ee2e561195dfd82ab260497412e326bb57f2ee5bbe9042d8,427.0,1005.6,34.3,48.0
3889,1721910819815,abc0d16aaf15b3a4ee2e561195dfd82ab260497412e326bb57f2ee5bbe9042d8,459.0,1005.5,34.7,48.0
3890,1721911419766,abc0d16aaf15b3a4ee2e561195dfd82ab260497412e326bb57f2ee5bbe9042d8,435.0,1005.4,35.4,49.0
3891,1721912019739,abc0d16aaf15b3a4ee2e561195dfd82ab260497412e326bb57f2ee5bbe9042d8,439.0,1005.4,36.0,47.0
3892,1721912619738,abc0d16aaf15b3a4ee2e561195dfd82ab260497412e326bb57f2ee5bbe9042d8,443.0,1005.3,36.0,47.0
3893,1721913219718,abc0d16aaf15b3a4ee2e561195dfd82ab260497412e326bb57f2ee5bbe9042d8,432.0,1005.2,35.5,44.0
3894,1721913819674,abc0d16aaf15b3a4ee2e561195dfd82ab260497412e326bb57f2ee5bbe9042d8,444.0,1005.2,35.7,45.0
3895,1721914419656,abc0d16aaf15b3a4ee2e561195dfd82ab260497412e326bb57f2ee5bbe9042d8,433.0,1005.1,36.1,45.0
3896,1721915019644,abc0d16aaf15b3a4ee2e561195dfd82ab260497412e326bb57f2ee5bbe9042d8,429.0,1005.0,36.4,44.0
3897,1721915619612,abc0d16aaf15b3a4ee2e561195dfd82ab260497412e326bb57f2ee5bbe9042d8,431.0,1004.9,36.2,43.0
3898,1721916219588,abc0d16aaf15b3a4ee2e561195dfd82ab260497412e326bb57f2ee5bbe9042d8,443.0,1004.7,36.4,43.0
3899,1721916819548,abc0d16aaf15b3a4ee2e561195dfd82ab260497412e326bb57f2ee5bbe9042d8,435.0,1004.7,36.4,43.0
3900,1721917419547,abc0d16aaf15b3a4ee2e561195dfd82ab260497412e326bb57f2ee5bbe9042d8,432.0,1004.6,36.7,43.0
3901,1721918019572,abc0d16aaf15b3a4ee2e561195dfd82ab260497412e326bb57f2ee5bbe9042d8,449.0,1004.5,36.5,43.0
3902,1721918619493,abc0d16aaf15b3a4ee2e561195dfd82ab260497412e326bb57f2ee5bbe9042d8,435.0,1004.4,36.8,43.0
3903,1721919221173,abc0d16aaf15b3a4ee2e561195dfd82ab260497412e326bb57f2ee5bbe9042d8,434.0,1004.3,37.9,45.0
3904,1721919819464,abc0d16aaf15b3a4ee2e561195dfd82ab260497412e326bb57f2ee5bbe9042d8,427.0,1004.2,37.7,45.0
3905,1721920419445,abc0d16aaf15b3a4ee2e561195dfd82ab260497412e326bb57f2ee5bbe9042d8,418.0,1004.2,36.5,45.0
3906,1721921019394,abc0d16aaf15b3a4ee2e561195dfd82ab260497412e326bb57f2ee5bbe9042d8,435.0,1004.2,36.6,45.0
3907,1721921619381,abc0d16aaf15b3a4ee2e561195dfd82ab260497412e326bb57f2ee5bbe9042d8,425.0,1004.1,36.6,45.0
3908,1721922219355,abc0d16aaf15b3a4ee2e561195dfd82ab260497412e326bb57f2ee5bbe9042d8,424.0,1004.0,36.5,45.0
3909,1721922819330,abc0d16aaf15b3a4ee2e561195dfd82ab260497412e326bb57f2ee5bbe9042d8,425.0,1004.0,37.2,44.0
3910,1721923419328,abc0d16aaf15b3a4ee2e561195dfd82ab260497412e326bb57f2ee5bbe9042d8,431.0,1004.0,36.5,44.0
3911,1721924019291,abc0d16aaf15b3a4ee2e561195dfd82ab260497412e326bb57f2ee5bbe9042d8,457.0,1004.0,37.0,45.0
3912,1721924619258,abc0d16aaf15b3a4ee2e561195dfd82ab260497412e326bb57f2ee5bbe9042d8,452.0,1003.9,36.8,46.0
3913,1721925220938,abc0d16aaf15b3a4ee2e561195dfd82ab260497412e326bb57f2ee5bbe9042d8,428.0,1003.8,36.3,46.0
3914,1721925819167,abc0d16aaf15b3a4ee2e561195dfd82ab260497412e326bb57f2ee5bbe9042d8,429.0,1003.9,36.0,47.0
3915,1721926419171,abc0d16aaf15b3a4ee2e561195dfd82ab260497412e326bb57f2ee5bbe9042d8,458.0,1003.8,35.9,47.0
3916,1721927019169,abc0d16aaf15b3a4ee2e561195dfd82ab260497412e326bb57f2ee5bbe9042d8,439.0,1003.8,35.8,47.0
3917,1721927619115,abc0d16aaf15b3a4ee2e561195dfd82ab260497412e326bb57f2ee5bbe9042d8,431.0,1003.8,35.2,47.0
3918,1721928219115,abc0d16aaf15b3a4ee2e561195dfd82ab260497412e326bb57f2ee5bbe9042d8,444.0,1003.8,34.6,48.0
3919,1721928819097,abc0d16aaf15b3a4ee2e561195dfd82ab260497412e326bb57f2ee5bbe9042d8,431.0,1003.8,34.4,48.0
3920,1721929419055,abc0d16aaf15b3a4ee2e561195dfd82ab260497412e326bb57f2ee5bbe9042d8,438.0,1003.9,34.1,49.0
3921,1721930019032,abc0d16aaf15b3a4ee2e561195dfd82ab260497412e326bb57f2ee5bbe9042d8,428.0,1004.0,33.3,49.0
3922,1721930618993,abc0d16aaf15b3a4ee2e561195dfd82ab260497412e326bb57f2ee5bbe9042d8,435.0,1004.1,31.8,49.0
3923,1721931218998,abc0d16aaf15b3a4ee2e561195dfd82ab260497412e326bb57f2ee5bbe9042d8,432.0,1004.1,31.7,50.0
3924,1721931818937,abc0d16aaf15b3a4ee2e561195dfd82ab260497412e326bb57f2ee5bbe9042d8,432.0,1004.3,31.2,50.0
3925,1721932418924,abc0d16aaf15b3a4ee2e561195dfd82ab260497412e326bb57f2ee5bbe9042d8,433.0,1004.3,30.6,50.0
3926,1721933018901,abc0d16aaf15b3a4ee2e561195dfd82ab260497412e326bb57f2ee5bbe9042d8,444.0,1004.3,29.9,51.0
3927,1721933618877,abc0d16aaf15b3a4ee2e561195dfd82ab260497412e326bb57f2ee5bbe9042d8,437.0,1004.4,29.3,55.0
3928,1721934218840,abc0d16aaf15b3a4ee2e561195dfd82ab260497412e326bb57f2ee5bbe9042d8,448.0,1004.5,28.7,55.0
3929,1721934818813,abc0d16aaf15b3a4ee2e561195dfd82ab260497412e326bb57f2ee5bbe9042d8,456.0,1004.6,28.5,56.0
3930,1721935418771,abc0d16aaf15b3a4ee2e561195dfd82ab260497412e326bb57f2ee5bbe9042d8,450.0,1004.8,28.1,56.0
3931,1721936018783,abc0d16aaf15b3a4ee2e561195dfd82ab260497412e326bb57f2ee5bbe9042d8,450.0,1005.0,27.9,56.0
3932,1721936618743,abc0d16aaf15b3a4ee2e561195dfd82ab260497412e326bb57f2ee5bbe9042d8,435.0,1005.2,27.9,57.0
3933,1721937218703,abc0d16aaf15b3a4ee2e561195dfd82ab260497412e326bb57f2ee5bbe9042d8,447.0,1005.2,27.5,57.0
3934,1721937818676,abc0d16aaf15b3a4ee2e561195dfd82ab260497412e326bb57f2ee5bbe9042d8,448.0,1005.3,27.4,57.0
3935,1721938418648,abc0d16aaf15b3a4ee2e561195dfd82ab260497412e326bb57f2ee5bbe9042d8,453.0,1005.4,27.2,58.0
3936,1721939018611,abc0d16aaf15b3a4ee2e561195dfd82ab260497412e326bb57f2ee5bbe9042d8,465.0,1005.5,27.1,59.0
3937,1721939618584,abc0d16aaf15b3a4ee2e561195dfd82ab260497412e326bb57f2ee5bbe9042d8,471.0,1005.6,26.7,59.0
3938,1721940218572,abc0d16aaf15b3a4ee2e561195dfd82ab260497412e326bb57f2ee5bbe9042d8,465.0,1005.7,26.7,60.0
3939,1721940818529,abc0d16aaf15b3a4ee2e561195dfd82ab260497412e326bb57f2ee5bbe9042d8,440.0,1005.8,26.6,61.0
3940,1721941420226,abc0d16aaf15b3a4ee2e561195dfd82ab260497412e326bb57f2ee5bbe9042d8,456.0,1005.8,26.3,61.0
3941,1721942018476,abc0d16aaf15b3a4ee2e561195dfd82ab260497412e326bb57f2ee5bbe9042d8,459.0,1005.9,26.1,61.0
3942,1721942618453,abc0d16aaf15b3a4ee2e561195dfd82ab260497412e326bb57f2ee5bbe9042d8,456.0,1005.9,25.9,62.0
3943,1721943218406,abc0d16aaf15b3a4ee2e561195dfd82ab260497412e326bb57f2ee5bbe9042d8,478.0,1005.9,25.7,62.0
3944,1721943818398,abc0d16aaf15b3a4ee2e561195dfd82ab260497412e326bb57f2ee5bbe9042d8,459.0,1006.0,25.6,63.0
3945,1721944418344,abc0d16aaf15b3a4ee2e561195dfd82ab260497412e326bb57f2ee5bbe9042d8,463.0,1006.1,25.5,64.0
3946,1721945018320,abc0d16aaf15b3a4ee2e561195dfd82ab260497412e326bb57f2ee5bbe9042d8,464.0,1006.2,25.3,64.0
3947,1721945618304,abc0d16aaf15b3a4ee2e561195dfd82ab260497412e326bb57f2ee5bbe9042d8,461.0,1006.3,25.2,64.0
3948,1721946218261,abc0d16aaf15b3a4ee2e561195dfd82ab260497412e326bb57f2ee5bbe9042d8,462.0,1006.2,25.0,65.0
3949,1721946818285,abc0d16aaf15b3a4ee2e561195dfd82ab260497412e326bb57f2ee5bbe9042d8,481.0,1006.3,24.8,65.0
3950,1721947418214,abc0d16aaf15b3a4ee2e561195dfd82ab260497412e326bb57f2ee5bbe9042d8,476.0,1006.4,24.5,66.0
3951,1721948018178,abc0d16aaf15b3a4ee2e561195dfd82ab260497412e326bb57f2ee5bbe9042d8,497.0,1006.4,24.0,68.0
3952,1721948618159,abc0d16aaf15b3a4ee2e561195dfd82ab260497412e326bb57f2ee5bbe9042d8,475.0,1006.5,23.5,68.0
3953,1721949218128,abc0d16aaf15b3a4ee2e561195dfd82ab260497412e326bb57f2ee5bbe9042d8,481.0,1006.6,23.5,69.0
3954,1721949818126,abc0d16aaf15b3a4ee2e561195dfd82ab260497412e326bb57f2ee5bbe9042d8,523.0,1006.6,22.8,76.0
3955,1721950418055,abc0d16aaf15b3a4ee2e561195dfd82ab260497412e326bb57f2ee5bbe9042d8,549.0,1006.6,22.3,76.0
3956,1721951018025,abc0d16aaf15b3a4ee2e561195dfd82ab260497412e326bb57f2ee5bbe9042d8,570.0,1006.5,21.9,83.0
3957,1721951617998,abc0d16aaf15b3a4ee2e561195dfd82ab260497412e326bb57f2ee5bbe9042d8,516.0,1006.6,21.6,81.0
3958,1721952217976,abc0d16aaf15b3a4ee2e561195dfd82ab260497412e326bb57f2ee5bbe9042d8,539.0,1006.6,21.6,81.0
3959,1721952817957,abc0d16aaf15b3a4ee2e561195dfd82ab260497412e326bb57f2ee5bbe9042d8,562.0,1006.7,21.4,80.0
3960,1721954017880,abc0d16aaf15b3a4ee2e561195dfd82ab260497412e326bb57f2ee5bbe9042d8,606.0,1006.7,20.9,84.0
3961,1721954617896,abc0d16aaf15b3a4ee2e561195dfd82ab260497412e326bb57f2ee5bbe9042d8,659.0,1006.8,20.8,87.0
3962,1721955217819,abc0d16aaf15b3a4ee2e561195dfd82ab260497412e326bb57f2ee5bbe9042d8,639.0,1006.8,20.7,88.0
3963,1721955817807,abc0d16aaf15b3a4ee2e561195dfd82ab260497412e326bb57f2ee5bbe9042d8,683.0,1006.9,20.5,88.0
3964,1721956417729,abc0d16aaf15b3a4ee2e561195dfd82ab260497412e326bb57f2ee5bbe9042d8,609.0,1007.0,20.4,88.0
3965,1721957017737,abc0d16aaf15b3a4ee2e561195dfd82ab260497412e326bb57f2ee5bbe9042d8,642.0,1007.0,20.5,88.0
3966,1721957617715,abc0d16aaf15b3a4ee2e561195dfd82ab260497412e326bb57f2ee5bbe9042d8,556.0,1006.9,20.6,88.0
3967,1721958217695,abc0d16aaf15b3a4ee2e561195dfd82ab260497412e326bb57f2ee5bbe9042d8,552.0,1006.9,20.7,84.0
3968,1721958817651,abc0d16aaf15b3a4ee2e561195dfd82ab260497412e326bb57f2ee5bbe9042d8,601.0,1006.9,20.6,84.0
3969,1721959417635,abc0d16aaf15b3a4ee2e561195dfd82ab260497412e326bb57f2ee5bbe9042d8,615.0,1006.9,20.4,84.0
3970,1721960017618,abc0d16aaf15b3a4ee2e561195dfd82ab260497412e326bb57f2ee5bbe9042d8,626.0,1006.9,20.3,86.0
3971,1721960617557,abc0d16aaf15b3a4ee2e561195dfd82ab260497412e326bb57f2ee5bbe9042d8,612.0,1007.0,20.3,87.0
3972,1721961217533,abc0d16aaf15b3a4ee2e561195dfd82ab260497412e326bb57f2ee5bbe9042d8,584.0,1007.0,20.2,87.0
3973,1721961817497,abc0d16aaf15b3a4ee2e561195dfd82ab260497412e326bb57f2ee5bbe9042d8,617.0,1007.1,20.1,88.0
3974,1721962417491,abc0d16aaf15b3a4ee2e561195dfd82ab260497412e326bb57f2ee5bbe9042d8,581.0,1007.1,19.8,89.0
3975,1721963017466,abc0d16aaf15b3a4ee2e561195dfd82ab260497412e326bb57f2ee5bbe9042d8,597.0,1007.2,19.8,89.0
3976,1721963617435,abc0d16aaf15b3a4ee2e561195dfd82ab260497412e326bb57f2ee5bbe9042d8,642.0,1007.2,19.6,88.0
3977,1721964217403,abc0d16aaf15b3a4ee2e561195dfd82ab260497412e326bb57f2ee5bbe9042d8,629.0,1007.3,19.5,88.0
3978,1721964817397,abc0d16aaf15b3a4ee2e561195dfd82ab260497412e326bb57f2ee5bbe9042d8,694.0,1007.3,19.3,88.0
3979,1721965417354,abc0d16aaf15b3a4ee2e561195dfd82ab260497412e326bb57f2ee5bbe9042d8,680.0,1007.4,19.1,89.0
3980,1721966017307,abc0d16aaf15b3a4ee2e561195dfd82ab260497412e326bb57f2ee5bbe9042d8,634.0,1007.5,19.1,94.0
3981,1721966617334,abc0d16aaf15b3a4ee2e561195dfd82ab260497412e326bb57f2ee5bbe9042d8,626.0,1007.5,19.1,94.0
3982,1721967218969,abc0d16aaf15b3a4ee2e561195dfd82ab260497412e326bb57f2ee5bbe9042d8,702.0,1007.5,19.1,95.0
3983,1721967817222,abc0d16aaf15b3a4ee2e561195dfd82ab260497412e326bb57f2ee5bbe9042d8,681.0,1007.5,19.1,96.0
3984,1721968417198,abc0d16aaf15b3a4ee2e561195dfd82ab260497412e326bb57f2ee5bbe9042d8,663.0,1007.5,19.4,96.0
3985,1721969017163,abc0d16aaf15b3a4ee2e561195dfd82ab260497412e326bb57f2ee5bbe9042d8,656.0,1007.5,19.7,97.0
3986,1721969617132,abc0d16aaf15b3a4ee2e561195dfd82ab260497412e326bb57f2ee5bbe9042d8,613.0,1007.6,21.4,97.0
3987,1721970217127,abc0d16aaf15b3a4ee2e561195dfd82ab260497412e326bb57f2ee5bbe9042d8,606.0,1007.6,23.5,97.0
3988,1721970817079,abc0d16aaf15b3a4ee2e561195dfd82ab260497412e326bb57f2ee5bbe9042d8,553.0,1007.6,25.3,88.0
3989,1721971417044,abc0d16aaf15b3a4ee2e561195dfd82ab260497412e326bb57f2ee5bbe9042d8,535.0,1007.5,26.9,81.0
3990,1721972017017,abc0d16aaf15b3a4ee2e561195dfd82ab260497412e326bb57f2ee5bbe9042d8,519.0,1007.5,28.2,81.0
3991,1721972617002,abc0d16aaf15b3a4ee2e561195dfd82ab260497412e326bb57f2ee5bbe9042d8,515.0,1007.5,28.6,74.0
3992,1721973216965,abc0d16aaf15b3a4ee2e561195dfd82ab260497412e326bb57f2ee5bbe9042d8,527.0,1007.5,28.0,77.0
3993,1721973816938,abc0d16aaf15b3a4ee2e561195dfd82ab260497412e326bb57f2ee5bbe9042d8,514.0,1007.4,28.6,77.0
3994,1721974416912,abc0d16aaf15b3a4ee2e561195dfd82ab260497412e326bb57f2ee5bbe9042d8,511.0,1007.5,29.3,75.0
3995,1721975016879,abc0d16aaf15b3a4ee2e561195dfd82ab260497412e326bb57f2ee5bbe9042d8,498.0,1007.3,30.3,73.0
3996,1721975616864,abc0d16aaf15b3a4ee2e561195dfd82ab260497412e326bb57f2ee5bbe9042d8,507.0,1007.3,30.8,73.0
3997,1721976218546,abc0d16aaf15b3a4ee2e561195dfd82ab260497412e326bb57f2ee5bbe9042d8,497.0,1007.3,30.8,73.0
3998,1721976816800,abc0d16aaf15b3a4ee2e561195dfd82ab260497412e326bb57f2ee5bbe9042d8,532.0,1007.4,30.8,71.0
3999,1721977416779,abc0d16aaf15b3a4ee2e561195dfd82ab260497412e326bb57f2ee5bbe9042d8,488.0,1007.4,31.3,71.0
4000,1721978016754,abc0d16aaf15b3a4ee2e561195dfd82ab260497412e326bb57f2ee5bbe9042d8,496.0,1007.3,31.6,70.0
4001,1721978616705,abc0d16aaf15b3a4ee2e561195dfd82ab260497412e326bb57f2ee5bbe9042d8,502.0,1007.2,31.7,68.0
4002,1721979216672,abc0d16aaf15b3a4ee2e561195dfd82ab260497412e326bb57f2ee5bbe9042d8,484.0,1007.2,31.6,68.0
4003,1721979816659,abc0d16aaf15b3a4ee2e561195dfd82ab260497412e326bb57f2ee5bbe9042d8,510.0,1007.3,31.4,67.0
4004,1721981016624,abc0d16aaf15b3a4ee2e561195dfd82ab260497412e326bb57f2ee5bbe9042d8,470.0,1007.1,32.0,67.0
4005,1721981616576,abc0d16aaf15b3a4ee2e561195dfd82ab260497412e326bb57f2ee5bbe9042d8,476.0,1007.1,32.2,67.0
4006,1721982216540,abc0d16aaf15b3a4ee2e561195dfd82ab260497412e326bb57f2ee5bbe9042d8,479.0,1007.1,32.3,66.0
4007,1721982816517,abc0d16aaf15b3a4ee2e561195dfd82ab260497412e326bb57f2ee5bbe9042d8,476.0,1007.2,32.4,66.0
4008,1721983416504,abc0d16aaf15b3a4ee2e561195dfd82ab260497412e326bb57f2ee5bbe9042d8,487.0,1007.2,32.5,64.0
4009,1721984016463,abc0d16aaf15b3a4ee2e561195dfd82ab260497412e326bb57f2ee5bbe9042d8,477.0,1007.2,32.3,64.0
4010,1721984616455,abc0d16aaf15b3a4ee2e561195dfd82ab260497412e326bb57f2ee5bbe9042d8,473.0,1007.2,32.8,64.0
4011,1721985216428,abc0d16aaf15b3a4ee2e561195dfd82ab260497412e326bb57f2ee5bbe9042d8,489.0,1007.3,33.0,61.0
4012,1721985816391,abc0d16aaf15b3a4ee2e561195dfd82ab260497412e326bb57f2ee5bbe9042d8,470.0,1007.3,33.5,57.0
4013,1721987016353,abc0d16aaf15b3a4ee2e561195dfd82ab260497412e326bb57f2ee5bbe9042d8,461.0,1007.2,33.4,56.0
4014,1721987616301,abc0d16aaf15b3a4ee2e561195dfd82ab260497412e326bb57f2ee5bbe9042d8,456.0,1007.2,33.5,54.0
4015,1721988216329,abc0d16aaf15b3a4ee2e561195dfd82ab260497412e326bb57f2ee5bbe9042d8,470.0,1007.1,33.6,54.0
4016,1721988816273,abc0d16aaf15b3a4ee2e561195dfd82ab260497412e326bb57f2ee5bbe9042d8,450.0,1007.1,33.7,53.0
4017,1721989417939,abc0d16aaf15b3a4ee2e561195dfd82ab260497412e326bb57f2ee5bbe9042d8,469.0,1007.1,33.9,49.0
4018,1721990016213,abc0d16aaf15b3a4ee2e561195dfd82ab260497412e326bb57f2ee5bbe9042d8,457.0,1006.9,33.9,49.0
4019,1721990616197,abc0d16aaf15b3a4ee2e561195dfd82ab260497412e326bb57f2ee5bbe9042d8,449.0,1006.8,34.0,46.0
4020,1721991216155,abc0d16aaf15b3a4ee2e561195dfd82ab260497412e326bb57f2ee5bbe9042d8,444.0,1006.9,34.2,45.0
4021,1721991816138,abc0d16aaf15b3a4ee2e561195dfd82ab260497412e326bb57f2ee5bbe9042d8,451.0,1006.7,34.3,45.0
4022,1721992416128,abc0d16aaf15b3a4ee2e561195dfd82ab260497412e326bb57f2ee5bbe9042d8,446.0,1006.7,34.6,45.0
4023,1721993016087,abc0d16aaf15b3a4ee2e561195dfd82ab260497412e326bb57f2ee5bbe9042d8,452.0,1006.7,35.0,44.0
4024,1721993616056,abc0d16aaf15b3a4ee2e561195dfd82ab260497412e326bb57f2ee5bbe9042d8,451.0,1006.7,34.9,44.0
4025,1721994216052,abc0d16aaf15b3a4ee2e561195dfd82ab260497412e326bb57f2ee5bbe9042d8,446.0,1006.7,35.3,44.0
4026,1721994816022,abc0d16aaf15b3a4ee2e561195dfd82ab260497412e326bb57f2ee5bbe9042d8,449.0,1006.6,35.2,43.0
4027,1721995415997,abc0d16aaf15b3a4ee2e561195dfd82ab260497412e326bb57f2ee5bbe9042d8,453.0,1006.6,35.7,43.0
4028,1721996015974,abc0d16aaf15b3a4ee2e561195dfd82ab260497412e326bb57f2ee5bbe9042d8,433.0,1006.5,35.7,43.0
4029,1721996615939,abc0d16aaf15b3a4ee2e561195dfd82ab260497412e326bb57f2ee5bbe9042d8,444.0,1006.3,36.1,43.0
4030,1721997215911,abc0d16aaf15b3a4ee2e561195dfd82ab260497412e326bb57f2ee5bbe9042d8,438.0,1006.4,36.4,43.0
4031,1721997815905,abc0d16aaf15b3a4ee2e561195dfd82ab260497412e326bb57f2ee5bbe9042d8,440.0,1006.3,36.6,42.0
4032,1721998415884,abc0d16aaf15b3a4ee2e561195dfd82ab260497412e326bb57f2ee5bbe9042d8,427.0,1006.4,36.9,42.0
4033,1721999015820,abc0d16aaf15b3a4ee2e561195dfd82ab260497412e326bb57f2ee5bbe9042d8,459.0,1006.3,36.9,42.0
4034,1721999615840,abc0d16aaf15b3a4ee2e561195dfd82ab260497412e326bb57f2ee5bbe9042d8,456.0,1006.2,35.8,42.0
4035,1722000215807,abc0d16aaf15b3a4ee2e561195dfd82ab260497412e326bb57f2ee5bbe9042d8,438.0,1006.2,36.3,41.0
4036,1722000815770,abc0d16aaf15b3a4ee2e561195dfd82ab260497412e326bb57f2ee5bbe9042d8,433.0,1006.1,37.4,41.0
4037,1722001415766,abc0d16aaf15b3a4ee2e561195dfd82ab260497412e326bb57f2ee5bbe9042d8,437.0,1006.1,38.0,41.0
4038,1722002015763,abc0d16aaf15b3a4ee2e561195dfd82ab260497412e326bb57f2ee5bbe9042d8,431.0,1005.9,37.8,41.0
4039,1722002615721,abc0d16aaf15b3a4ee2e561195dfd82ab260497412e326bb57f2ee5bbe9042d8,445.0,1005.9,38.0,41.0
4040,1722003215666,abc0d16aaf15b3a4ee2e561195dfd82ab260497412e326bb57f2ee5bbe9042d8,435.0,1005.8,38.6,40.0
4041,1722003815660,abc0d16aaf15b3a4ee2e561195dfd82ab260497412e326bb57f2ee5bbe9042d8,440.0,1005.8,38.7,40.0
4042,1722004415654,abc0d16aaf15b3a4ee2e561195dfd82ab260497412e326bb57f2ee5bbe9042d8,418.0,1005.8,39.3,40.0
4043,1722005015635,abc0d16aaf15b3a4ee2e561195dfd82ab260497412e326bb57f2ee5bbe9042d8,424.0,1005.7,39.6,40.0
4044,1722005615614,abc0d16aaf15b3a4ee2e561195dfd82ab260497412e326bb57f2ee5bbe9042d8,426.0,1005.7,39.2,40.0
4045,1722006217300,abc0d16aaf15b3a4ee2e561195dfd82ab260497412e326bb57f2ee5bbe9042d8,446.0,1005.6,39.5,40.0
4046,1722006815581,abc0d16aaf15b3a4ee2e561195dfd82ab260497412e326bb57f2ee5bbe9042d8,428.0,1005.6,38.9,40.0
4047,1722007415561,abc0d16aaf15b3a4ee2e561195dfd82ab260497412e326bb57f2ee5bbe9042d8,414.0,1005.7,38.9,41.0
4048,1722008015517,abc0d16aaf15b3a4ee2e561195dfd82ab260497412e326bb57f2ee5bbe9042d8,428.0,1005.6,39.4,41.0
4049,1722008615557,abc0d16aaf15b3a4ee2e561195dfd82ab260497412e326bb57f2ee5bbe9042d8,433.0,1005.5,39.4,41.0
4050,1722009215480,abc0d16aaf15b3a4ee2e561195dfd82ab260497412e326bb57f2ee5bbe9042d8,404.0,1005.5,39.9,40.0
4051,1722009815464,abc0d16aaf15b3a4ee2e561195dfd82ab260497412e326bb57f2ee5bbe9042d8,432.0,1005.4,39.6,40.0
4052,1722010415449,abc0d16aaf15b3a4ee2e561195dfd82ab260497412e326bb57f2ee5bbe9042d8,436.0,1005.3,38.9,41.0
4053,1722011015414,abc0d16aaf15b3a4ee2e561195dfd82ab260497412e326bb57f2ee5bbe9042d8,442.0,1005.4,37.2,41.0
4054,1722011615391,abc0d16aaf15b3a4ee2e561195dfd82ab260497412e326bb57f2ee5bbe9042d8,454.0,1005.5,35.4,41.0
4055,1722012215367,abc0d16aaf15b3a4ee2e561195dfd82ab260497412e326bb57f2ee5bbe9042d8,439.0,1005.6,35.1,40.0
4056,1722012815350,abc0d16aaf15b3a4ee2e561195dfd82ab260497412e326bb57f2ee5bbe9042d8,434.0,1005.5,35.6,40.0
4057,1722013415310,abc0d16aaf15b3a4ee2e561195dfd82ab260497412e326bb57f2ee5bbe9042d8,431.0,1005.5,36.6,40.0
4058,1722014016997,abc0d16aaf15b3a4ee2e561195dfd82ab260497412e326bb57f2ee5bbe9042d8,415.0,1005.5,37.3,42.0
4059,1722014615267,abc0d16aaf15b3a4ee2e561195dfd82ab260497412e326bb57f2ee5bbe9042d8,447.0,1005.6,36.8,44.0
4060,1722015215237,abc0d16aaf15b3a4ee2e561195dfd82ab260497412e326bb57f2ee5bbe9042d8,415.0,1005.6,36.5,44.0
4061,1722015815225,abc0d16aaf15b3a4ee2e561195dfd82ab260497412e326bb57f2ee5bbe9042d8,437.0,1005.7,36.0,44.0
4062,1722016415196,abc0d16aaf15b3a4ee2e561195dfd82ab260497412e326bb57f2ee5bbe9042d8,417.0,1005.7,35.2,44.0
4063,1722017015219,abc0d16aaf15b3a4ee2e561195dfd82ab260497412e326bb57f2ee5bbe9042d8,451.0,1005.8,34.5,44.0
4064,1722017615151,abc0d16aaf15b3a4ee2e561195dfd82ab260497412e326bb57f2ee5bbe9042d8,441.0,1005.9,33.6,44.0
4065,1722018215105,abc0d16aaf15b3a4ee2e561195dfd82ab260497412e326bb57f2ee5bbe9042d8,458.0,1006.1,32.5,47.0
4066,1722018815079,abc0d16aaf15b3a4ee2e561195dfd82ab260497412e326bb57f2ee5bbe9042d8,448.0,1006.1,31.4,47.0
4067,1722019415065,abc0d16aaf15b3a4ee2e561195dfd82ab260497412e326bb57f2ee5bbe9042d8,453.0,1006.3,30.3,50.0
4068,1722020015029,abc0d16aaf15b3a4ee2e561195dfd82ab260497412e326bb57f2ee5bbe9042d8,481.0,1006.3,29.4,52.0
4069,1722020615016,abc0d16aaf15b3a4ee2e561195dfd82ab260497412e326bb57f2ee5bbe9042d8,500.0,1006.5,28.8,52.0
4070,1722021214987,abc0d16aaf15b3a4ee2e561195dfd82ab260497412e326bb57f2ee5bbe9042d8,494.0,1006.6,28.2,51.0
4071,1722021814946,abc0d16aaf15b3a4ee2e561195dfd82ab260497412e326bb57f2ee5bbe9042d8,475.0,1006.8,27.9,51.0
4072,1722022414909,abc0d16aaf15b3a4ee2e561195dfd82ab260497412e326bb57f2ee5bbe9042d8,473.0,1006.8,27.9,51.0
4073,1722023014903,abc0d16aaf15b3a4ee2e561195dfd82ab260497412e326bb57f2ee5bbe9042d8,499.0,1007.0,27.6,54.0
4074,1722023614847,abc0d16aaf15b3a4ee2e561195dfd82ab260497412e326bb57f2ee5bbe9042d8,483.0,1007.0,27.3,55.0
4075,1722024214840,abc0d16aaf15b3a4ee2e561195dfd82ab260497412e326bb57f2ee5bbe9042d8,463.0,1007.2,27.2,55.0
4076,1722024814810,abc0d16aaf15b3a4ee2e561195dfd82ab260497412e326bb57f2ee5bbe9042d8,446.0,1007.3,27.2,53.0
4077,1722025414759,abc0d16aaf15b3a4ee2e561195dfd82ab260497412e326bb57f2ee5bbe9042d8,507.0,1007.4,26.8,57.0
4078,1722026014743,abc0d16aaf15b3a4ee2e561195dfd82ab260497412e326bb57f2ee5bbe9042d8,498.0,1007.7,26.4,57.0
4079,1722026614733,abc0d16aaf15b3a4ee2e561195dfd82ab260497412e326bb57f2ee5bbe9042d8,550.0,1007.9,25.3,61.0
4080,1722027216400,abc0d16aaf15b3a4ee2e561195dfd82ab260497412e326bb57f2ee5bbe9042d8,604.0,1007.9,24.8,64.0
4081,1722027814679,abc0d16aaf15b3a4ee2e561195dfd82ab260497412e326bb57f2ee5bbe9042d8,622.0,1007.9,24.2,64.0
4082,1722028416351,abc0d16aaf15b3a4ee2e561195dfd82ab260497412e326bb57f2ee5bbe9042d8,630.0,1008.0,24.0,71.0
4083,1722029014592,abc0d16aaf15b3a4ee2e561195dfd82ab260497412e326bb57f2ee5bbe9042d8,647.0,1008.1,23.5,77.0
4084,1722029614563,abc0d16aaf15b3a4ee2e561195dfd82ab260497412e326bb57f2ee5bbe9042d8,625.0,1008.1,23.3,77.0
4085,1722030214557,abc0d16aaf15b3a4ee2e561195dfd82ab260497412e326bb57f2ee5bbe9042d8,599.0,1008.2,23.3,80.0
4086,1722030814507,abc0d16aaf15b3a4ee2e561195dfd82ab260497412e326bb57f2ee5bbe9042d8,661.0,1008.2,23.0,81.0
4087,1722031414491,abc0d16aaf15b3a4ee2e561195dfd82ab260497412e326bb57f2ee5bbe9042d8,629.0,1008.4,22.7,81.0
4088,1722032014503,abc0d16aaf15b3a4ee2e561195dfd82ab260497412e326bb57f2ee5bbe9042d8,629.0,1008.5,22.6,83.0
4089,1722032614425,abc0d16aaf15b3a4ee2e561195dfd82ab260497412e326bb57f2ee5bbe9042d8,660.0,1008.5,22.6,86.0
4090,1722033214389,abc0d16aaf15b3a4ee2e561195dfd82ab260497412e326bb57f2ee5bbe9042d8,693.0,1008.6,22.4,86.0
4091,1722033814379,abc0d16aaf15b3a4ee2e561195dfd82ab260497412e326bb57f2ee5bbe9042d8,691.0,1008.7,22.3,85.0
4092,1722034414335,abc0d16aaf15b3a4ee2e561195dfd82ab260497412e326bb57f2ee5bbe9042d8,625.0,1008.6,22.1,83.0
4093,1722035014312,abc0d16aaf15b3a4ee2e561195dfd82ab260497412e326bb57f2ee5bbe9042d8,665.0,1008.6,22.0,83.0
4094,1722035614295,abc0d16aaf15b3a4ee2e561195dfd82ab260497412e326bb57f2ee5bbe9042d8,676.0,1008.6,22.0,82.0
4095,1722036214279,abc0d16aaf15b3a4ee2e561195dfd82ab260497412e326bb57f2ee5bbe9042d8,687.0,1008.8,21.8,83.0
4096,1722036814215,abc0d16aaf15b3a4ee2e561195dfd82ab260497412e326bb57f2ee5bbe9042d8,724.0,1008.8,21.7,83.0
4097,1722037414209,abc0d16aaf15b3a4ee2e561195dfd82ab260497412e326bb57f2ee5bbe9042d8,728.0,1008.8,21.7,84.0
4098,1722038014154,abc0d16aaf15b3a4ee2e561195dfd82ab260497412e326bb57f2ee5bbe9042d8,709.0,1008.9,21.4,86.0
4099,1722038614143,abc0d16aaf15b3a4ee2e561195dfd82ab260497412e326bb57f2ee5bbe9042d8,700.0,1008.9,21.4,86.0
4100,1722039214116,abc0d16aaf15b3a4ee2e561195dfd82ab260497412e326bb57f2ee5bbe9042d8,705.0,1009.0,21.3,87.0
4101,1722039814074,abc0d16aaf15b3a4ee2e561195dfd82ab260497412e326bb57f2ee5bbe9042d8,718.0,1008.9,21.0,89.0
4102,1722040414080,abc0d16aaf15b3a4ee2e561195dfd82ab260497412e326bb57f2ee5bbe9042d8,700.0,1009.0,21.1,89.0
4103,1722041014038,abc0d16aaf15b3a4ee2e561195dfd82ab260497412e326bb57f2ee5bbe9042d8,648.0,1009.0,21.1,90.0
4104,1722041613989,abc0d16aaf15b3a4ee2e561195dfd82ab260497412e326bb57f2ee5bbe9042d8,774.0,1009.0,21.0,90.0
4105,1722042214000,abc0d16aaf15b3a4ee2e561195dfd82ab260497412e326bb57f2ee5bbe9042d8,741.0,1009.0,20.9,90.0
4106,1722042813941,abc0d16aaf15b3a4ee2e561195dfd82ab260497412e326bb57f2ee5bbe9042d8,704.0,1009.0,20.9,88.0
4107,1722043413907,abc0d16aaf15b3a4ee2e561195dfd82ab260497412e326bb57f2ee5bbe9042d8,647.0,1009.1,20.7,91.0
4108,1722044013876,abc0d16aaf15b3a4ee2e561195dfd82ab260497412e326bb57f2ee5bbe9042d8,609.0,1009.1,21.0,91.0
4109,1722044613865,abc0d16aaf15b3a4ee2e561195dfd82ab260497412e326bb57f2ee5bbe9042d8,625.0,1009.1,21.1,86.0
4110,1722045213824,abc0d16aaf15b3a4ee2e561195dfd82ab260497412e326bb57f2ee5bbe9042d8,647.0,1009.1,20.9,88.0
4111,1722045813804,abc0d16aaf15b3a4ee2e561195dfd82ab260497412e326bb57f2ee5bbe9042d8,710.0,1009.1,20.6,88.0
4112,1722046413772,abc0d16aaf15b3a4ee2e561195dfd82ab260497412e326bb57f2ee5bbe9042d8,698.0,1009.2,20.5,88.0
4113,1722047013750,abc0d16aaf15b3a4ee2e561195dfd82ab260497412e326bb57f2ee5bbe9042d8,674.0,1009.2,20.3,88.0
4114,1722047613691,abc0d16aaf15b3a4ee2e561195dfd82ab260497412e326bb57f2ee5bbe9042d8,682.0,1009.4,20.2,88.0
4115,1722048213692,abc0d16aaf15b3a4ee2e561195dfd82ab260497412e326bb57f2ee5bbe9042d8,704.0,1009.4,20.1,87.0
4116,1722048813648,abc0d16aaf15b3a4ee2e561195dfd82ab260497412e326bb57f2ee5bbe9042d8,656.0,1009.4,20.1,81.0
4117,1722049413624,abc0d16aaf15b3a4ee2e561195dfd82ab260497412e326bb57f2ee5bbe9042d8,600.0,1009.5,20.2,81.0
4118,1722050013597,abc0d16aaf15b3a4ee2e561195dfd82ab260497412e326bb57f2ee5bbe9042d8,590.0,1009.5,20.0,83.0
4119,1722050613572,abc0d16aaf15b3a4ee2e561195dfd82ab260497412e326bb57f2ee5bbe9042d8,616.0,1009.7,20.1,83.0
4120,1722051213586,abc0d16aaf15b3a4ee2e561195dfd82ab260497412e326bb57f2ee5bbe9042d8,559.0,1009.8,19.9,83.0
4121,1722051813516,abc0d16aaf15b3a4ee2e561195dfd82ab260497412e326bb57f2ee5bbe9042d8,592.0,1010.0,19.9,80.0
4122,1722052413476,abc0d16aaf15b3a4ee2e561195dfd82ab260497412e326bb57f2ee5bbe9042d8,571.0,1009.9,19.8,83.0
4123,1722053013448,abc0d16aaf15b3a4ee2e561195dfd82ab260497412e326bb57f2ee5bbe9042d8,595.0,1009.9,19.7,83.0
4124,1722053613420,abc0d16aaf15b3a4ee2e561195dfd82ab260497412e326bb57f2ee5bbe9042d8,549.0,1009.9,19.6,85.0
4125,1722054213381,abc0d16aaf15b3a4ee2e561195dfd82ab260497412e326bb57f2ee5bbe9042d8,527.0,1010.0,19.8,86.0
4126,1722054813363,abc0d16aaf15b3a4ee2e561195dfd82ab260497412e326bb57f2ee5bbe9042d8,526.0,1010.0,20.1,86.0
4127,1722055413330,abc0d16aaf15b3a4ee2e561195dfd82ab260497412e326bb57f2ee5bbe9042d8,551.0,1010.2,20.2,87.0
4128,1722056013312,abc0d16aaf15b3a4ee2e561195dfd82ab260497412e326bb57f2ee5bbe9042d8,545.0,1010.2,21.5,85.0
4129,1722056613284,abc0d16aaf15b3a4ee2e561195dfd82ab260497412e326bb57f2ee5bbe9042d8,506.0,1010.2,23.1,85.0
4130,1722057213248,abc0d16aaf15b3a4ee2e561195dfd82ab260497412e326bb57f2ee5bbe9042d8,517.0,1010.3,24.6,82.0
4131,1722057813214,abc0d16aaf15b3a4ee2e561195dfd82ab260497412e326bb57f2ee5bbe9042d8,493.0,1010.3,26.2,78.0
4132,1722058413196,abc0d16aaf15b3a4ee2e561195dfd82ab260497412e326bb57f2ee5bbe9042d8,500.0,1010.4,28.0,78.0
4133,1722059013164,abc0d16aaf15b3a4ee2e561195dfd82ab260497412e326bb57f2ee5bbe9042d8,510.0,1010.3,28.5,75.0
4134,1722059613154,abc0d16aaf15b3a4ee2e561195dfd82ab260497412e326bb57f2ee5bbe9042d8,530.0,1010.3,28.5,72.0
4135,1722060213102,abc0d16aaf15b3a4ee2e561195dfd82ab260497412e326bb57f2ee5bbe9042d8,500.0,1010.2,29.1,72.0
4136,1722060813102,abc0d16aaf15b3a4ee2e561195dfd82ab260497412e326bb57f2ee5bbe9042d8,496.0,1010.3,29.3,69.0
4137,1722061413028,abc0d16aaf15b3a4ee2e561195dfd82ab260497412e326bb57f2ee5bbe9042d8,466.0,1010.4,29.7,68.0
4138,1722062013022,abc0d16aaf15b3a4ee2e561195dfd82ab260497412e326bb57f2ee5bbe9042d8,495.0,1010.4,30.2,68.0
4139,1722062613004,abc0d16aaf15b3a4ee2e561195dfd82ab260497412e326bb57f2ee5bbe9042d8,477.0,1010.5,30.6,66.0
4140,1722063212952,abc0d16aaf15b3a4ee2e561195dfd82ab260497412e326bb57f2ee5bbe9042d8,493.0,1010.7,31.3,68.0
4141,1722063814642,abc0d16aaf15b3a4ee2e561195dfd82ab260497412e326bb57f2ee5bbe9042d8,485.0,1010.6,31.8,68.0
4142,1722064412924,abc0d16aaf15b3a4ee2e561195dfd82ab260497412e326bb57f2ee5bbe9042d8,473.0,1010.7,32.8,69.0
4143,1722065012856,abc0d16aaf15b3a4ee2e561195dfd82ab260497412e326bb57f2ee5bbe9042d8,497.0,1010.6,33.0,68.0
4144,1722065612860,abc0d16aaf15b3a4ee2e561195dfd82ab260497412e326bb57f2ee5bbe9042d8,534.0,1010.7,33.3,68.0
4145,1722066212852,abc0d16aaf15b3a4ee2e561195dfd82ab260497412e326bb57f2ee5bbe9042d8,477.0,1010.7,33.1,69.0
4146,1722066814509,abc0d16aaf15b3a4ee2e561195dfd82ab260497412e326bb57f2ee5bbe9042d8,501.0,1010.6,33.4,68.0
4147,1722067412774,abc0d16aaf15b3a4ee2e561195dfd82ab260497412e326bb57f2ee5bbe9042d8,509.0,1010.7,33.2,68.0
4148,1722068012758,abc0d16aaf15b3a4ee2e561195dfd82ab260497412e326bb57f2ee5bbe9042d8,498.0,1010.6,32.9,68.0
4149,1722068612692,abc0d16aaf15b3a4ee2e561195dfd82ab260497412e326bb57f2ee5bbe9042d8,507.0,1010.5,33.1,66.0
4150,1722069212737,abc0d16aaf15b3a4ee2e561195dfd82ab260497412e326bb57f2ee5bbe9042d8,487.0,1010.5,34.0,66.0
4151,1722069812668,abc0d16aaf15b3a4ee2e561195dfd82ab260497412e326bb57f2ee5bbe9042d8,523.0,1010.5,34.3,66.0
4152,1722070412642,abc0d16aaf15b3a4ee2e561195dfd82ab260497412e326bb57f2ee5bbe9042d8,474.0,1010.5,34.4,65.0
4153,1722071612609,abc0d16aaf15b3a4ee2e561195dfd82ab260497412e326bb57f2ee5bbe9042d8,497.0,1010.4,34.5,63.0
4154,1722072212553,abc0d16aaf15b3a4ee2e561195dfd82ab260497412e326bb57f2ee5bbe9042d8,489.0,1010.4,34.7,60.0
4155,1722072812548,abc0d16aaf15b3a4ee2e561195dfd82ab260497412e326bb57f2ee5bbe9042d8,489.0,1010.3,34.4,60.0
4156,1722073412526,abc0d16aaf15b3a4ee2e561195dfd82ab260497412e326bb57f2ee5bbe9042d8,463.0,1010.2,34.5,60.0
4157,1722074012479,abc0d16aaf15b3a4ee2e561195dfd82ab260497412e326bb57f2ee5bbe9042d8,477.0,1010.3,34.4,59.0
4158,1722074612460,abc0d16aaf15b3a4ee2e561195dfd82ab260497412e326bb57f2ee5bbe9042d8,466.0,1010.2,35.0,59.0
4159,1722075214153,abc0d16aaf15b3a4ee2e561195dfd82ab260497412e326bb57f2ee5bbe9042d8,485.0,1010.2,35.0,57.0
4160,1722075812475,abc0d16aaf15b3a4ee2e561195dfd82ab260497412e326bb57f2ee5bbe9042d8,467.0,1010.2,34.9,54.0
4161,1722076412397,abc0d16aaf15b3a4ee2e561195dfd82ab260497412e326bb57f2ee5bbe9042d8,468.0,1010.1,34.7,54.0
4162,1722077012368,abc0d16aaf15b3a4ee2e561195dfd82ab260497412e326bb57f2ee5bbe9042d8,470.0,1010.2,34.7,55.0
4163,1722077612322,abc0d16aaf15b3a4ee2e561195dfd82ab260497412e326bb57f2ee5bbe9042d8,445.0,1010.1,34.9,53.0
4164,1722078212332,abc0d16aaf15b3a4ee2e561195dfd82ab260497412e326bb57f2ee5bbe9042d8,439.0,1010.1,34.7,53.0
4165,1722078812302,abc0d16aaf15b3a4ee2e561195dfd82ab260497412e326bb57f2ee5bbe9042d8,450.0,1010.0,35.2,50.0
4166,1722079412244,abc0d16aaf15b3a4ee2e561195dfd82ab260497412e326bb57f2ee5bbe9042d8,466.0,1009.9,35.4,48.0
4167,1722080012254,abc0d16aaf15b3a4ee2e561195dfd82ab260497412e326bb57f2ee5bbe9042d8,441.0,1009.9,36.2,48.0
4168,1722080612241,abc0d16aaf15b3a4ee2e561195dfd82ab260497412e326bb57f2ee5bbe9042d8,443.0,1009.8,36.4,45.0
4169,1722081212209,abc0d16aaf15b3a4ee2e561195dfd82ab260497412e326bb57f2ee5bbe9042d8,434.0,1009.8,36.5,47.0
4170,1722081812173,abc0d16aaf15b3a4ee2e561195dfd82ab260497412e326bb57f2ee5bbe9042d8,444.0,1009.8,36.7,47.0
4171,1722082412166,abc0d16aaf15b3a4ee2e561195dfd82ab260497412e326bb57f2ee5bbe9042d8,443.0,1009.8,36.9,46.0
4172,1722083012119,abc0d16aaf15b3a4ee2e561195dfd82ab260497412e326bb57f2ee5bbe9042d8,448.0,1009.8,37.4,44.0
4173,1722083612119,abc0d16aaf15b3a4ee2e561195dfd82ab260497412e326bb57f2ee5bbe9042d8,458.0,1009.7,37.1,44.0
4174,1722084212131,abc0d16aaf15b3a4ee2e561195dfd82ab260497412e326bb57f2ee5bbe9042d8,442.0,1009.7,36.9,42.0
4175,1722084812064,abc0d16aaf15b3a4ee2e561195dfd82ab260497412e326bb57f2ee5bbe9042d8,440.0,1009.6,37.4,42.0
4176,1722085412075,abc0d16aaf15b3a4ee2e561195dfd82ab260497412e326bb57f2ee5bbe9042d8,434.0,1009.5,38.0,42.0
4177,1722086012039,abc0d16aaf15b3a4ee2e561195dfd82ab260497412e326bb57f2ee5bbe9042d8,425.0,1009.5,37.8,42.0
4178,1722086611986,abc0d16aaf15b3a4ee2e561195dfd82ab260497412e326bb57f2ee5bbe9042d8,462.0,1009.5,37.6,42.0
4179,1722087211989,abc0d16aaf15b3a4ee2e561195dfd82ab260497412e326bb57f2ee5bbe9042d8,440.0,1009.4,37.9,42.0
4180,1722087811971,abc0d16aaf15b3a4ee2e561195dfd82ab260497412e326bb57f2ee5bbe9042d8,439.0,1009.3,37.7,42.0
4181,1722088411979,abc0d16aaf15b3a4ee2e561195dfd82ab260497412e326bb57f2ee5bbe9042d8,436.0,1009.3,38.5,41.0
4182,1722089011917,abc0d16aaf15b3a4ee2e561195dfd82ab260497412e326bb57f2ee5bbe9042d8,446.0,1009.2,38.7,41.0
4183,1722089611911,abc0d16aaf15b3a4ee2e561195dfd82ab260497412e326bb57f2ee5bbe9042d8,442.0,1009.2,38.6,42.0
4184,1722090211859,abc0d16aaf15b3a4ee2e561195dfd82ab260497412e326bb57f2ee5bbe9042d8,449.0,1009.1,38.4,42.0
4185,1722090811865,abc0d16aaf15b3a4ee2e561195dfd82ab260497412e326bb57f2ee5bbe9042d8,438.0,1009.0,38.6,42.0
4186,1722091411837,abc0d16aaf15b3a4ee2e561195dfd82ab260497412e326bb57f2ee5bbe9042d8,435.0,1008.9,39.0,43.0
4187,1722092011811,abc0d16aaf15b3a4ee2e561195dfd82ab260497412e326bb57f2ee5bbe9042d8,428.0,1008.9,38.8,43.0
4188,1722092611777,abc0d16aaf15b3a4ee2e561195dfd82ab260497412e326bb57f2ee5bbe9042d8,434.0,1008.8,39.4,43.0
4189,1722093211770,abc0d16aaf15b3a4ee2e561195dfd82ab260497412e326bb57f2ee5bbe9042d8,431.0,1008.7,39.9,43.0
4190,1722093811723,abc0d16aaf15b3a4ee2e561195dfd82ab260497412e326bb57f2ee5bbe9042d8,406.0,1008.7,39.5,41.0
4191,1722094411735,abc0d16aaf15b3a4ee2e561195dfd82ab260497412e326bb57f2ee5bbe9042d8,444.0,1008.7,39.1,41.0
4192,1722095011713,abc0d16aaf15b3a4ee2e561195dfd82ab260497412e326bb57f2ee5bbe9042d8,435.0,1008.6,39.4,42.0
4193,1722095611679,abc0d16aaf15b3a4ee2e561195dfd82ab260497412e326bb57f2ee5bbe9042d8,450.0,1008.6,39.6,42.0
4194,1722096211667,abc0d16aaf15b3a4ee2e561195dfd82ab260497412e326bb57f2ee5bbe9042d8,437.0,1008.6,40.0,42.0
4195,1722096811647,abc0d16aaf15b3a4ee2e561195dfd82ab260497412e326bb57f2ee5bbe9042d8,424.0,1008.5,40.0,43.0
4196,1722097411591,abc0d16aaf15b3a4ee2e561195dfd82ab260497412e326bb57f2ee5bbe9042d8,445.0,1008.4,39.9,43.0
4197,1722098011587,abc0d16aaf15b3a4ee2e561195dfd82ab260497412e326bb57f2ee5bbe9042d8,434.0,1008.4,39.1,43.0
4198,1722098611583,abc0d16aaf15b3a4ee2e561195dfd82ab260497412e326bb57f2ee5bbe9042d8,438.0,1008.4,38.6,43.0
4199,1722099211549,abc0d16aaf15b3a4ee2e561195dfd82ab260497412e326bb57f2ee5bbe9042d8,433.0,1008.5,37.9,43.0
4200,1722099811529,abc0d16aaf15b3a4ee2e561195dfd82ab260497412e326bb57f2ee5bbe9042d8,434.0,1008.5,37.6,43.0
4201,1722100411506,abc0d16aaf15b3a4ee2e561195dfd82ab260497412e326bb57f2ee5bbe9042d8,428.0,1008.5,36.9,45.0
4202,1722101011455,abc0d16aaf15b3a4ee2e561195dfd82ab260497412e326bb57f2ee5bbe9042d8,437.0,1008.5,36.7,45.0
4203,1722101611453,abc0d16aaf15b3a4ee2e561195dfd82ab260497412e326bb57f2ee5bbe9042d8,415.0,1008.7,36.3,45.0
4204,1722102211429,abc0d16aaf15b3a4ee2e561195dfd82ab260497412e326bb57f2ee5bbe9042d8,442.0,1008.6,35.7,48.0
4205,1722102813106,abc0d16aaf15b3a4ee2e561195dfd82ab260497412e326bb57f2ee5bbe9042d8,445.0,1008.8,35.4,46.0
4206,1722103411385,abc0d16aaf15b3a4ee2e561195dfd82ab260497412e326bb57f2ee5bbe9042d8,434.0,1008.9,34.8,46.0
4207,1722104011353,abc0d16aaf15b3a4ee2e561195dfd82ab260497412e326bb57f2ee5bbe9042d8,457.0,1009.0,34.2,50.0
4208,1722104611302,abc0d16aaf15b3a4ee2e561195dfd82ab260497412e326bb57f2ee5bbe9042d8,450.0,1009.1,33.6,51.0
4209,1722105211305,abc0d16aaf15b3a4ee2e561195dfd82ab260497412e326bb57f2ee5bbe9042d8,486.0,1009.3,32.2,51.0
4210,1722105811281,abc0d16aaf15b3a4ee2e561195dfd82ab260497412e326bb57f2ee5bbe9042d8,481.0,1009.5,30.2,54.0
4211,1722106411238,abc0d16aaf15b3a4ee2e561195dfd82ab260497412e326bb57f2ee5bbe9042d8,492.0,1009.6,28.9,56.0
4212,1722107011220,abc0d16aaf15b3a4ee2e561195dfd82ab260497412e326bb57f2ee5bbe9042d8,487.0,1009.7,27.9,56.0
4213,1722107611172,abc0d16aaf15b3a4ee2e561195dfd82ab260497412e326bb57f2ee5bbe9042d8,490.0,1009.9,26.8,56.0
4214,1722108211151,abc0d16aaf15b3a4ee2e561195dfd82ab260497412e326bb57f2ee5bbe9042d8,510.0,1010.2,26.4,56.0
4215,1722108811130,abc0d16aaf15b3a4ee2e561195dfd82ab260497412e326bb57f2ee5bbe9042d8,498.0,1010.4,26.2,56.0
4216,1722109411095,abc0d16aaf15b3a4ee2e561195dfd82ab260497412e326bb57f2ee5bbe9042d8,501.0,1010.5,25.9,52.0
4217,1722110011053,abc0d16aaf15b3a4ee2e561195dfd82ab260497412e326bb57f2ee5bbe9042d8,536.0,1010.7,25.5,56.0
4218,1722110612749,abc0d16aaf15b3a4ee2e561195dfd82ab260497412e326bb57f2ee5bbe9042d8,500.0,1010.8,25.0,56.0
4219,1722111211015,abc0d16aaf15b3a4ee2e561195dfd82ab260497412e326bb57f2ee5bbe9042d8,487.0,1010.8,25.0,58.0
4220,1722111810993,abc0d16aaf15b3a4ee2e561195dfd82ab260497412e326bb57f2ee5bbe9042d8,516.0,1011.0,24.5,61.0
4221,1722112410966,abc0d16aaf15b3a4ee2e561195dfd82ab260497412e326bb57f2ee5bbe9042d8,485.0,1011.1,24.4,61.0
4222,1722113010932,abc0d16aaf15b3a4ee2e561195dfd82ab260497412e326bb57f2ee5bbe9042d8,508.0,1011.3,24.3,63.0
4223,1722113610884,abc0d16aaf15b3a4ee2e561195dfd82ab260497412e326bb57f2ee5bbe9042d8,492.0,1011.3,24.1,63.0
4224,1722114210863,abc0d16aaf15b3a4ee2e561195dfd82ab260497412e326bb57f2ee5bbe9042d8,502.0,1011.4,24.0,63.0
4225,1722114810838,abc0d16aaf15b3a4ee2e561195dfd82ab260497412e326bb57f2ee5bbe9042d8,510.0,1011.4,23.6,65.0
4226,1722115410790,abc0d16aaf15b3a4ee2e561195dfd82ab260497412e326bb57f2ee5bbe9042d8,512.0,1011.4,23.4,67.0
4227,1722116010790,abc0d16aaf15b3a4ee2e561195dfd82ab260497412e326bb57f2ee5bbe9042d8,497.0,1011.4,23.3,67.0
4228,1722116610761,abc0d16aaf15b3a4ee2e561195dfd82ab260497412e326bb57f2ee5bbe9042d8,492.0,1011.4,23.3,67.0
4229,1722117210720,abc0d16aaf15b3a4ee2e561195dfd82ab260497412e326bb57f2ee5bbe9042d8,494.0,1011.4,23.3,66.0
4230,1722117810699,abc0d16aaf15b3a4ee2e561195dfd82ab260497412e326bb57f2ee5bbe9042d8,501.0,1011.5,23.4,66.0
4231,1722118410621,abc0d16aaf15b3a4ee2e561195dfd82ab260497412e326bb57f2ee5bbe9042d8,497.0,1011.6,23.3,67.0
4232,1722119010604,abc0d16aaf15b3a4ee2e561195dfd82ab260497412e326bb57f2ee5bbe9042d8,513.0,1011.6,22.9,67.0
4233,1722119610609,abc0d16aaf15b3a4ee2e561195dfd82ab260497412e326bb57f2ee5bbe9042d8,499.0,1011.6,22.7,67.0
4234,1722120210578,abc0d16aaf15b3a4ee2e561195dfd82ab260497412e326bb57f2ee5bbe9042d8,496.0,1011.7,22.6,65.0
4235,1722120810545,abc0d16aaf15b3a4ee2e561195dfd82ab260497412e326bb57f2ee5bbe9042d8,494.0,1011.7,22.7,65.0
4236,1722121410485,abc0d16aaf15b3a4ee2e561195dfd82ab260497412e326bb57f2ee5bbe9042d8,505.0,1011.8,22.4,65.0
4237,1722122010489,abc0d16aaf15b3a4ee2e561195dfd82ab260497412e326bb57f2ee5bbe9042d8,509.0,1011.8,22.3,65.0
4238,1722122610439,abc0d16aaf15b3a4ee2e561195dfd82ab260497412e326bb57f2ee5bbe9042d8,485.0,1011.7,22.2,63.0
4239,1722123210439,abc0d16aaf15b3a4ee2e561195dfd82ab260497412e326bb57f2ee5bbe9042d8,488.0,1011.6,22.6,63.0
4240,1722123810412,abc0d16aaf15b3a4ee2e561195dfd82ab260497412e326bb57f2ee5bbe9042d8,489.0,1011.6,22.9,62.0
4241,1722124410393,abc0d16aaf15b3a4ee2e561195dfd82ab260497412e326bb57f2ee5bbe9042d8,492.0,1011.6,23.1,62.0
4242,1722125010352,abc0d16aaf15b3a4ee2e561195dfd82ab260497412e326bb57f2ee5bbe9042d8,501.0,1011.6,23.1,62.0
4243,1722125610331,abc0d16aaf15b3a4ee2e561195dfd82ab260497412e326bb57f2ee5bbe9042d8,504.0,1011.6,23.2,63.0
4244,1722126210269,abc0d16aaf15b3a4ee2e561195dfd82ab260497412e326bb57f2ee5bbe9042d8,480.0,1011.7,23.2,64.0
4245,1722126810264,abc0d16aaf15b3a4ee2e561195dfd82ab260497412e326bb57f2ee5bbe9042d8,483.0,1011.7,23.2,64.0
4246,1722127410242,abc0d16aaf15b3a4ee2e561195dfd82ab260497412e326bb57f2ee5bbe9042d8,484.0,1011.8,23.2,63.0
4247,1722128010185,abc0d16aaf15b3a4ee2e561195dfd82ab260497412e326bb57f2ee5bbe9042d8,488.0,1011.8,23.1,63.0
4248,1722128610181,abc0d16aaf15b3a4ee2e561195dfd82ab260497412e326bb57f2ee5bbe9042d8,514.0,1011.8,23.1,63.0
4249,1722129210144,abc0d16aaf15b3a4ee2e561195dfd82ab260497412e326bb57f2ee5bbe9042d8,508.0,1011.8,23.0,63.0
4250,1722129810088,abc0d16aaf15b3a4ee2e561195dfd82ab260497412e326bb57f2ee5bbe9042d8,494.0,1011.9,22.8,62.0
4251,1722130410091,abc0d16aaf15b3a4ee2e561195dfd82ab260497412e326bb57f2ee5bbe9042d8,499.0,1011.9,22.9,62.0
4252,1722131011771,abc0d16aaf15b3a4ee2e561195dfd82ab260497412e326bb57f2ee5bbe9042d8,485.0,1011.9,23.1,61.0
4253,1722131610013,abc0d16aaf15b3a4ee2e561195dfd82ab260497412e326bb57f2ee5bbe9042d8,503.0,1012.0,22.9,60.0
4254,1722132209984,abc0d16aaf15b3a4ee2e561195dfd82ab260497412e326bb57f2ee5bbe9042d8,505.0,1011.9,23.1,60.0
4255,1722132809976,abc0d16aaf15b3a4ee2e561195dfd82ab260497412e326bb57f2ee5bbe9042d8,506.0,1011.8,22.9,60.0
4256,1722133409915,abc0d16aaf15b3a4ee2e561195dfd82ab260497412e326bb57f2ee5bbe9042d8,511.0,1011.8,22.9,59.0
4257,1722134009905,abc0d16aaf15b3a4ee2e561195dfd82ab260497412e326bb57f2ee5bbe9042d8,514.0,1011.8,23.0,59.0
4258,1722134609899,abc0d16aaf15b3a4ee2e561195dfd82ab260497412e326bb57f2ee5bbe9042d8,484.0,1011.9,22.8,61.0
4259,1722135209849,abc0d16aaf15b3a4ee2e561195dfd82ab260497412e326bb57f2ee5bbe9042d8,495.0,1011.9,22.7,61.0
4260,1722136409836,abc0d16aaf15b3a4ee2e561195dfd82ab260497412e326bb57f2ee5bbe9042d8,512.0,1012.1,22.2,62.0
4261,1722137009738,abc0d16aaf15b3a4ee2e561195dfd82ab260497412e326bb57f2ee5bbe9042d8,499.0,1012.2,22.1,62.0
4262,1722137609737,abc0d16aaf15b3a4ee2e561195dfd82ab260497412e326bb57f2ee5bbe9042d8,514.0,1012.4,22.2,62.0
4263,1722138209723,abc0d16aaf15b3a4ee2e561195dfd82ab260497412e326bb57f2ee5bbe9042d8,519.0,1012.4,21.9,63.0
4264,1722138809669,abc0d16aaf15b3a4ee2e561195dfd82ab260497412e326bb57f2ee5bbe9042d8,512.0,1012.5,21.7,65.0
4265,1722139409652,abc0d16aaf15b3a4ee2e561195dfd82ab260497412e326bb57f2ee5bbe9042d8,517.0,1012.6,21.4,65.0
4266,1722140009630,abc0d16aaf15b3a4ee2e561195dfd82ab260497412e326bb57f2ee5bbe9042d8,501.0,1012.7,21.6,65.0
4267,1722140609606,abc0d16aaf15b3a4ee2e561195dfd82ab260497412e326bb57f2ee5bbe9042d8,511.0,1012.7,21.6,65.0
4268,1722141209567,abc0d16aaf15b3a4ee2e561195dfd82ab260497412e326bb57f2ee5bbe9042d8,522.0,1012.7,21.8,65.0
4269,1722141809543,abc0d16aaf15b3a4ee2e561195dfd82ab260497412e326bb57f2ee5bbe9042d8,517.0,1012.7,21.9,64.0
4270,1722142409502,abc0d16aaf15b3a4ee2e561195dfd82ab260497412e326bb57f2ee5bbe9042d8,525.0,1012.8,22.7,64.0
4271,1722143009470,abc0d16aaf15b3a4ee2e561195dfd82ab260497412e326bb57f2ee5bbe9042d8,518.0,1012.9,23.8,64.0
4272,1722143609455,abc0d16aaf15b3a4ee2e561195dfd82ab260497412e326bb57f2ee5bbe9042d8,502.0,1013.0,24.4,64.0
4273,1722144209396,abc0d16aaf15b3a4ee2e561195dfd82ab260497412e326bb57f2ee5bbe9042d8,500.0,1012.9,25.1,64.0
4274,1722144809364,abc0d16aaf15b3a4ee2e561195dfd82ab260497412e326bb57f2ee5bbe9042d8,485.0,1012.8,25.6,64.0
4275,1722145409378,abc0d16aaf15b3a4ee2e561195dfd82ab260497412e326bb57f2ee5bbe9042d8,496.0,1012.7,25.8,63.0
4276,1722146009328,abc0d16aaf15b3a4ee2e561195dfd82ab260497412e326bb57f2ee5bbe9042d8,491.0,1012.7,26.3,61.0
4277,1722146609314,abc0d16aaf15b3a4ee2e561195dfd82ab260497412e326bb57f2ee5bbe9042d8,477.0,1012.7,27.5,61.0
4278,1722147210982,abc0d16aaf15b3a4ee2e561195dfd82ab260497412e326bb57f2ee5bbe9042d8,485.0,1012.7,28.2,58.0
4279,1722147809230,abc0d16aaf15b3a4ee2e561195dfd82ab260497412e326bb57f2ee5bbe9042d8,476.0,1012.8,28.6,57.0
4280,1722148409221,abc0d16aaf15b3a4ee2e561195dfd82ab260497412e326bb57f2ee5bbe9042d8,483.0,1012.8,29.3,57.0
4281,1722149009205,abc0d16aaf15b3a4ee2e561195dfd82ab260497412e326bb57f2ee5bbe9042d8,467.0,1012.8,30.0,56.0
4282,1722149609158,abc0d16aaf15b3a4ee2e561195dfd82ab260497412e326bb57f2ee5bbe9042d8,483.0,1012.7,30.6,55.0
4283,1722150209133,abc0d16aaf15b3a4ee2e561195dfd82ab260497412e326bb57f2ee5bbe9042d8,497.0,1012.8,31.1,55.0
4284,1722150809102,abc0d16aaf15b3a4ee2e561195dfd82ab260497412e326bb57f2ee5bbe9042d8,470.0,1012.8,31.9,54.0
4285,1722151409080,abc0d16aaf15b3a4ee2e561195dfd82ab260497412e326bb57f2ee5bbe9042d8,466.0,1012.8,32.5,52.0
4286,1722152009046,abc0d16aaf15b3a4ee2e561195dfd82ab260497412e326bb57f2ee5bbe9042d8,467.0,1012.7,32.7,52.0
4287,1722152609029,abc0d16aaf15b3a4ee2e561195dfd82ab260497412e326bb57f2ee5bbe9042d8,458.0,1012.6,33.2,52.0
4288,1722153208980,abc0d16aaf15b3a4ee2e561195dfd82ab260497412e326bb57f2ee5bbe9042d8,464.0,1012.5,33.5,50.0
4289,1722153808966,abc0d16aaf15b3a4ee2e561195dfd82ab260497412e326bb57f2ee5bbe9042d8,451.0,1012.6,33.9,50.0
4290,1722154408950,abc0d16aaf15b3a4ee2e561195dfd82ab260497412e326bb57f2ee5bbe9042d8,453.0,1012.5,34.2,51.0
4291,1722155008913,abc0d16aaf15b3a4ee2e561195dfd82ab260497412e326bb57f2ee5bbe9042d8,445.0,1012.5,34.4,48.0
4292,1722155608893,abc0d16aaf15b3a4ee2e561195dfd82ab260497412e326bb57f2ee5bbe9042d8,441.0,1012.6,34.7,48.0
4293,1722156208874,abc0d16aaf15b3a4ee2e561195dfd82ab260497412e326bb57f2ee5bbe9042d8,454.0,1012.5,35.5,50.0
4294,1722156808834,abc0d16aaf15b3a4ee2e561195dfd82ab260497412e326bb57f2ee5bbe9042d8,411.0,1012.5,36.1,49.0
4295,1722157408820,abc0d16aaf15b3a4ee2e561195dfd82ab260497412e326bb57f2ee5bbe9042d8,429.0,1012.4,36.0,49.0
4296,1722158008796,abc0d16aaf15b3a4ee2e561195dfd82ab260497412e326bb57f2ee5bbe9042d8,450.0,1012.4,36.1,49.0
4297,1722158608734,abc0d16aaf15b3a4ee2e561195dfd82ab260497412e326bb57f2ee5bbe9042d8,446.0,1012.3,35.8,45.0
4298,1722159208742,abc0d16aaf15b3a4ee2e561195dfd82ab260497412e326bb57f2ee5bbe9042d8,452.0,1012.3,36.0,45.0
4299,1722159808715,abc0d16aaf15b3a4ee2e561195dfd82ab260497412e326bb57f2ee5bbe9042d8,435.0,1012.3,35.8,46.0
4300,1722160408683,abc0d16aaf15b3a4ee2e561195dfd82ab260497412e326bb57f2ee5bbe9042d8,454.0,1012.2,36.5,43.0
4301,1722161008661,abc0d16aaf15b3a4ee2e561195dfd82ab260497412e326bb57f2ee5bbe9042d8,435.0,1012.2,36.1,43.0
4302,1722161608659,abc0d16aaf15b3a4ee2e561195dfd82ab260497412e326bb57f2ee5bbe9042d8,452.0,1012.1,35.7,44.0
4303,1722162208594,abc0d16aaf15b3a4ee2e561195dfd82ab260497412e326bb57f2ee5bbe9042d8,430.0,1012.1,35.4,42.0
4304,1722162808602,abc0d16aaf15b3a4ee2e561195dfd82ab260497412e326bb57f2ee5bbe9042d8,466.0,1012.0,35.7,42.0
4305,1722163408581,abc0d16aaf15b3a4ee2e561195dfd82ab260497412e326bb57f2ee5bbe9042d8,423.0,1012.0,35.7,41.0
4306,1722164008583,abc0d16aaf15b3a4ee2e561195dfd82ab260497412e326bb57f2ee5bbe9042d8,430.0,1011.9,35.9,41.0
4307,1722164608520,abc0d16aaf15b3a4ee2e561195dfd82ab260497412e326bb57f2ee5bbe9042d8,429.0,1011.9,36.1,41.0
4308,1722165208524,abc0d16aaf15b3a4ee2e561195dfd82ab260497412e326bb57f2ee5bbe9042d8,450.0,1011.7,36.5,41.0
4309,1722165808458,abc0d16aaf15b3a4ee2e561195dfd82ab260497412e326bb57f2ee5bbe9042d8,452.0,1011.7,36.3,40.0
4310,1722166408466,abc0d16aaf15b3a4ee2e561195dfd82ab260497412e326bb57f2ee5bbe9042d8,440.0,1011.6,36.4,40.0
4311,1722167008446,abc0d16aaf15b3a4ee2e561195dfd82ab260497412e326bb57f2ee5bbe9042d8,435.0,1011.4,36.9,41.0
4312,1722167608402,abc0d16aaf15b3a4ee2e561195dfd82ab260497412e326bb57f2ee5bbe9042d8,421.0,1011.3,37.0,37.0
4313,1722168208399,abc0d16aaf15b3a4ee2e561195dfd82ab260497412e326bb57f2ee5bbe9042d8,448.0,1011.2,37.0,37.0
4314,1722168808378,abc0d16aaf15b3a4ee2e561195dfd82ab260497412e326bb57f2ee5bbe9042d8,422.0,1011.1,37.0,39.0
4315,1722169408332,abc0d16aaf15b3a4ee2e561195dfd82ab260497412e326bb57f2ee5bbe9042d8,447.0,1011.0,37.3,39.0
4316,1722170008332,abc0d16aaf15b3a4ee2e561195dfd82ab260497412e326bb57f2ee5bbe9042d8,433.0,1010.9,37.3,39.0
4317,1722170608338,abc0d16aaf15b3a4ee2e561195dfd82ab260497412e326bb57f2ee5bbe9042d8,436.0,1010.9,37.6,40.0
4318,1722171208266,abc0d16aaf15b3a4ee2e561195dfd82ab260497412e326bb57f2ee5bbe9042d8,432.0,1010.8,37.8,39.0
4319,1722171808258,abc0d16aaf15b3a4ee2e561195dfd82ab260497412e326bb57f2ee5bbe9042d8,440.0,1010.7,38.1,39.0
4320,1722172408248,abc0d16aaf15b3a4ee2e561195dfd82ab260497412e326bb57f2ee5bbe9042d8,432.0,1010.7,38.3,37.0
4321,1722173008198,abc0d16aaf15b3a4ee2e561195dfd82ab260497412e326bb57f2ee5bbe9042d8,414.0,1010.6,38.7,37.0
4322,1722173608156,abc0d16aaf15b3a4ee2e561195dfd82ab260497412e326bb57f2ee5bbe9042d8,427.0,1010.4,38.8,37.0
4323,1722174208181,abc0d16aaf15b3a4ee2e561195dfd82ab260497412e326bb57f2ee5bbe9042d8,443.0,1010.3,38.6,39.0
4324,1722174808137,abc0d16aaf15b3a4ee2e561195dfd82ab260497412e326bb57f2ee5bbe9042d8,420.0,1010.2,38.9,38.0
4325,1722175408125,abc0d16aaf15b3a4ee2e561195dfd82ab260497412e326bb57f2ee5bbe9042d8,424.0,1010.1,38.9,38.0
4326,1722176008111,abc0d16aaf15b3a4ee2e561195dfd82ab260497412e326bb57f2ee5bbe9042d8,449.0,1010.1,39.1,39.0
4327,1722176608065,abc0d16aaf15b3a4ee2e561195dfd82ab260497412e326bb57f2ee5bbe9042d8,418.0,1010.0,39.0,39.0
4328,1722177208061,abc0d16aaf15b3a4ee2e561195dfd82ab260497412e326bb57f2ee5bbe9042d8,429.0,1009.9,39.8,39.0
4329,1722177808051,abc0d16aaf15b3a4ee2e561195dfd82ab260497412e326bb57f2ee5bbe9042d8,443.0,1009.8,40.0,39.0
4330,1722178408025,abc0d16aaf15b3a4ee2e561195dfd82ab260497412e326bb57f2ee5bbe9042d8,419.0,1009.7,40.8,38.0
4331,1722179008004,abc0d16aaf15b3a4ee2e561195dfd82ab260497412e326bb57f2ee5bbe9042d8,422.0,1009.6,40.1,38.0
4332,1722179607985,abc0d16aaf15b3a4ee2e561195dfd82ab260497412e326bb57f2ee5bbe9042d8,406.0,1009.5,40.2,39.0
4333,1722180207932,abc0d16aaf15b3a4ee2e561195dfd82ab260497412e326bb57f2ee5bbe9042d8,422.0,1009.4,40.4,38.0
4334,1722180807949,abc0d16aaf15b3a4ee2e561195dfd82ab260497412e326bb57f2ee5bbe9042d8,396.0,1009.3,40.5,38.0
4335,1722181407919,abc0d16aaf15b3a4ee2e561195dfd82ab260497412e326bb57f2ee5bbe9042d8,438.0,1009.3,40.2,38.0
4336,1722182007877,abc0d16aaf15b3a4ee2e561195dfd82ab260497412e326bb57f2ee5bbe9042d8,446.0,1009.1,40.6,38.0
4337,1722182607887,abc0d16aaf15b3a4ee2e561195dfd82ab260497412e326bb57f2ee5bbe9042d8,406.0,1009.0,40.5,38.0
4338,1722183207861,abc0d16aaf15b3a4ee2e561195dfd82ab260497412e326bb57f2ee5bbe9042d8,417.0,1008.9,40.4,41.0
4339,1722183807812,abc0d16aaf15b3a4ee2e561195dfd82ab260497412e326bb57f2ee5bbe9042d8,422.0,1008.7,40.6,40.0
4340,1722184407820,abc0d16aaf15b3a4ee2e561195dfd82ab260497412e326bb57f2ee5bbe9042d8,431.0,1008.7,40.3,40.0
4341,1722185007804,abc0d16aaf15b3a4ee2e561195dfd82ab260497412e326bb57f2ee5bbe9042d8,413.0,1008.7,39.3,41.0
4342,1722185607757,abc0d16aaf15b3a4ee2e561195dfd82ab260497412e326bb57f2ee5bbe9042d8,417.0,1008.7,39.6,43.0
4343,1722186207747,abc0d16aaf15b3a4ee2e561195dfd82ab260497412e326bb57f2ee5bbe9042d8,426.0,1008.7,38.9,43.0
4344,1722186807732,abc0d16aaf15b3a4ee2e561195dfd82ab260497412e326bb57f2ee5bbe9042d8,417.0,1008.7,37.6,44.0
4345,1722187407690,abc0d16aaf15b3a4ee2e561195dfd82ab260497412e326bb57f2ee5bbe9042d8,445.0,1008.7,37.2,44.0
4346,1722188007672,abc0d16aaf15b3a4ee2e561195dfd82ab260497412e326bb57f2ee5bbe9042d8,447.0,1008.8,37.0,44.0
4347,1722188607690,abc0d16aaf15b3a4ee2e561195dfd82ab260497412e326bb57f2ee5bbe9042d8,448.0,1008.8,36.6,45.0
4348,1722189207628,abc0d16aaf15b3a4ee2e561195dfd82ab260497412e326bb57f2ee5bbe9042d8,445.0,1008.7,36.1,46.0
4349,1722189807631,abc0d16aaf15b3a4ee2e561195dfd82ab260497412e326bb57f2ee5bbe9042d8,422.0,1008.9,35.1,46.0
4350,1722190407567,abc0d16aaf15b3a4ee2e561195dfd82ab260497412e326bb57f2ee5bbe9042d8,431.0,1008.9,34.7,47.0
4351,1722191007541,abc0d16aaf15b3a4ee2e561195dfd82ab260497412e326bb57f2ee5bbe9042d8,472.0,1009.0,33.8,49.0
4352,1722192207501,abc0d16aaf15b3a4ee2e561195dfd82ab260497412e326bb57f2ee5bbe9042d8,459.0,1009.2,31.5,50.0
4353,1722192807486,abc0d16aaf15b3a4ee2e561195dfd82ab260497412e326bb57f2ee5bbe9042d8,454.0,1009.4,30.5,51.0
4354,1722193407444,abc0d16aaf15b3a4ee2e561195dfd82ab260497412e326bb57f2ee5bbe9042d8,476.0,1009.6,29.8,51.0
4355,1722194007405,abc0d16aaf15b3a4ee2e561195dfd82ab260497412e326bb57f2ee5bbe9042d8,506.0,1009.9,29.2,53.0
4356,1722194607371,abc0d16aaf15b3a4ee2e561195dfd82ab260497412e326bb57f2ee5bbe9042d8,576.0,1010.0,28.5,54.0
4357,1722195207343,abc0d16aaf15b3a4ee2e561195dfd82ab260497412e326bb57f2ee5bbe9042d8,529.0,1010.4,27.9,54.0
4358,1722195807345,abc0d16aaf15b3a4ee2e561195dfd82ab260497412e326bb57f2ee5bbe9042d8,617.0,1010.7,27.2,54.0
4359,1722196407299,abc0d16aaf15b3a4ee2e561195dfd82ab260497412e326bb57f2ee5bbe9042d8,617.0,1011.0,26.4,54.0
4360,1722197007241,abc0d16aaf15b3a4ee2e561195dfd82ab260497412e326bb57f2ee5bbe9042d8,487.0,1011.2,26.8,54.0
4361,1722197607221,abc0d16aaf15b3a4ee2e561195dfd82ab260497412e326bb57f2ee5bbe9042d8,464.0,1011.4,27.4,51.0
4362,1722198208919,abc0d16aaf15b3a4ee2e561195dfd82ab260497412e326bb57f2ee5bbe9042d8,469.0,1011.4,28.0,52.0
4363,1722198807195,abc0d16aaf15b3a4ee2e561195dfd82ab260497412e326bb57f2ee5bbe9042d8,502.0,1011.5,27.6,52.0
4364,1722199407162,abc0d16aaf15b3a4ee2e561195dfd82ab260497412e326bb57f2ee5bbe9042d8,532.0,1011.6,26.8,56.0
4365,1722200007112,abc0d16aaf15b3a4ee2e561195dfd82ab260497412e326bb57f2ee5bbe9042d8,525.0,1011.7,26.3,60.0
4366,1722200607101,abc0d16aaf15b3a4ee2e561195dfd82ab260497412e326bb57f2ee5bbe9042d8,548.0,1011.8,25.7,60.0
4367,1722201207063,abc0d16aaf15b3a4ee2e561195dfd82ab260497412e326bb57f2ee5bbe9042d8,568.0,1012.0,25.2,65.0
4368,1722201807030,abc0d16aaf15b3a4ee2e561195dfd82ab260497412e326bb57f2ee5bbe9042d8,524.0,1012.2,25.0,67.0
4369,1722202407016,abc0d16aaf15b3a4ee2e561195dfd82ab260497412e326bb57f2ee5bbe9042d8,550.0,1012.3,25.1,67.0
4370,1722203006987,abc0d16aaf15b3a4ee2e561195dfd82ab260497412e326bb57f2ee5bbe9042d8,536.0,1012.5,25.1,64.0
4371,1722203606967,abc0d16aaf15b3a4ee2e561195dfd82ab260497412e326bb57f2ee5bbe9042d8,489.0,1012.4,26.3,61.0
4372,1722204206921,abc0d16aaf15b3a4ee2e561195dfd82ab260497412e326bb57f2ee5bbe9042d8,488.0,1012.4,27.4,61.0
4373,1722204808604,abc0d16aaf15b3a4ee2e561195dfd82ab260497412e326bb57f2ee5bbe9042d8,469.0,1012.9,27.9,61.0
4374,1722205406865,abc0d16aaf15b3a4ee2e561195dfd82ab260497412e326bb57f2ee5bbe9042d8,474.0,1012.8,27.9,66.0
4375,1722206006857,abc0d16aaf15b3a4ee2e561195dfd82ab260497412e326bb57f2ee5bbe9042d8,472.0,1012.8,27.8,66.0
4376,1722206606813,abc0d16aaf15b3a4ee2e561195dfd82ab260497412e326bb57f2ee5bbe9042d8,463.0,1012.9,27.5,67.0
4377,1722207206780,abc0d16aaf15b3a4ee2e561195dfd82ab260497412e326bb57f2ee5bbe9042d8,483.0,1013.0,27.1,63.0
4378,1722207806722,abc0d16aaf15b3a4ee2e561195dfd82ab260497412e326bb57f2ee5bbe9042d8,454.0,1013.5,26.5,63.0
4379,1722208406708,abc0d16aaf15b3a4ee2e561195dfd82ab260497412e326bb57f2ee5bbe9042d8,443.0,1013.7,25.9,65.0
4380,1722209006697,abc0d16aaf15b3a4ee2e561195dfd82ab260497412e326bb57f2ee5bbe9042d8,471.0,1014.2,25.5,66.0
4381,1722209606698,abc0d16aaf15b3a4ee2e561195dfd82ab260497412e326bb57f2ee5bbe9042d8,479.0,1014.3,25.3,66.0
4382,1722210206649,abc0d16aaf15b3a4ee2e561195dfd82ab260497412e326bb57f2ee5bbe9042d8,467.0,1014.5,25.2,67.0
4383,1722210806593,abc0d16aaf15b3a4ee2e561195dfd82ab260497412e326bb57f2ee5bbe9042d8,448.0,1014.8,25.2,67.0
4384,1722211406601,abc0d16aaf15b3a4ee2e561195dfd82ab260497412e326bb57f2ee5bbe9042d8,458.0,1015.1,25.0,67.0
4385,1722212006529,abc0d16aaf15b3a4ee2e561195dfd82ab260497412e326bb57f2ee5bbe9042d8,466.0,1015.2,25.1,69.0
4386,1722212606511,abc0d16aaf15b3a4ee2e561195dfd82ab260497412e326bb57f2ee5bbe9042d8,465.0,1015.1,24.8,70.0
4387,1722213206489,abc0d16aaf15b3a4ee2e561195dfd82ab260497412e326bb57f2ee5bbe9042d8,464.0,1014.8,24.6,70.0
4388,1722213806474,abc0d16aaf15b3a4ee2e561195dfd82ab260497412e326bb57f2ee5bbe9042d8,454.0,1014.7,24.3,73.0
4389,1722214406424,abc0d16aaf15b3a4ee2e561195dfd82ab260497412e326bb57f2ee5bbe9042d8,462.0,1014.6,24.1,75.0
4390,1722215006405,abc0d16aaf15b3a4ee2e561195dfd82ab260497412e326bb57f2ee5bbe9042d8,473.0,1014.5,23.8,75.0
4391,1722215606378,abc0d16aaf15b3a4ee2e561195dfd82ab260497412e326bb57f2ee5bbe9042d8,471.0,1014.3,23.6,76.0
4392,1722216206362,abc0d16aaf15b3a4ee2e561195dfd82ab260497412e326bb57f2ee5bbe9042d8,462.0,1014.1,23.4,78.0
4393,1722216806331,abc0d16aaf15b3a4ee2e561195dfd82ab260497412e326bb57f2ee5bbe9042d8,483.0,1014.1,23.1,78.0
4394,1722217406315,abc0d16aaf15b3a4ee2e561195dfd82ab260497412e326bb57f2ee5bbe9042d8,477.0,1013.9,22.8,80.0
4395,1722218006256,abc0d16aaf15b3a4ee2e561195dfd82ab260497412e326bb57f2ee5bbe9042d8,484.0,1014.0,22.7,82.0
4396,1722218606246,abc0d16aaf15b3a4ee2e561195dfd82ab260497412e326bb57f2ee5bbe9042d8,476.0,1013.9,22.7,82.0
4397,1722219206201,abc0d16aaf15b3a4ee2e561195dfd82ab260497412e326bb57f2ee5bbe9042d8,526.0,1013.9,22.3,83.0
4398,1722219806173,abc0d16aaf15b3a4ee2e561195dfd82ab260497412e326bb57f2ee5bbe9042d8,513.0,1014.0,22.0,84.0
4399,1722220406140,abc0d16aaf15b3a4ee2e561195dfd82ab260497412e326bb57f2ee5bbe9042d8,501.0,1014.0,22.2,84.0
4400,1722221006126,abc0d16aaf15b3a4ee2e561195dfd82ab260497412e326bb57f2ee5bbe9042d8,490.0,1014.1,22.5,82.0
4401,1722221606084,abc0d16aaf15b3a4ee2e561195dfd82ab260497412e326bb57f2ee5bbe9042d8,474.0,1014.1,23.3,77.0
4402,1722222206063,abc0d16aaf15b3a4ee2e561195dfd82ab260497412e326bb57f2ee5bbe9042d8,479.0,1014.1,23.9,77.0
4403,1722222806049,abc0d16aaf15b3a4ee2e561195dfd82ab260497412e326bb57f2ee5bbe9042d8,457.0,1014.2,24.3,75.0
4404,1722223405998,abc0d16aaf15b3a4ee2e561195dfd82ab260497412e326bb57f2ee5bbe9042d8,466.0,1014.5,24.4,76.0
4405,1722224005977,abc0d16aaf15b3a4ee2e561195dfd82ab260497412e326bb57f2ee5bbe9042d8,478.0,1014.5,23.9,76.0
4406,1722224605949,abc0d16aaf15b3a4ee2e561195dfd82ab260497412e326bb57f2ee5bbe9042d8,493.0,1014.4,23.6,81.0
4407,1722225205901,abc0d16aaf15b3a4ee2e561195dfd82ab260497412e326bb57f2ee5bbe9042d8,516.0,1014.2,23.4,83.0
4408,1722225805847,abc0d16aaf15b3a4ee2e561195dfd82ab260497412e326bb57f2ee5bbe9042d8,512.0,1014.3,22.9,83.0
4409,1722226405855,abc0d16aaf15b3a4ee2e561195dfd82ab260497412e326bb57f2ee5bbe9042d8,521.0,1014.4,22.7,86.0
4410,1722227005811,abc0d16aaf15b3a4ee2e561195dfd82ab260497412e326bb57f2ee5bbe9042d8,500.0,1014.4,22.7,88.0
4411,1722227607502,abc0d16aaf15b3a4ee2e561195dfd82ab260497412e326bb57f2ee5bbe9042d8,505.0,1014.6,22.8,88.0
4412,1722228205795,abc0d16aaf15b3a4ee2e561195dfd82ab260497412e326bb57f2ee5bbe9042d8,517.0,1014.9,23.0,88.0
4413,1722228805738,abc0d16aaf15b3a4ee2e561195dfd82ab260497412e326bb57f2ee5bbe9042d8,516.0,1014.9,23.2,88.0
4414,1722229405711,abc0d16aaf15b3a4ee2e561195dfd82ab260497412e326bb57f2ee5bbe9042d8,497.0,1015.0,23.6,88.0
4415,1722230005682,abc0d16aaf15b3a4ee2e561195dfd82ab260497412e326bb57f2ee5bbe9042d8,490.0,1015.0,24.3,88.0
4416,1722230605657,abc0d16aaf15b3a4ee2e561195dfd82ab260497412e326bb57f2ee5bbe9042d8,480.0,1015.0,26.1,85.0
4417,1722231205627,abc0d16aaf15b3a4ee2e561195dfd82ab260497412e326bb57f2ee5bbe9042d8,463.0,1014.9,27.6,85.0
4418,1722231805601,abc0d16aaf15b3a4ee2e561195dfd82ab260497412e326bb57f2ee5bbe9042d8,489.0,1014.8,28.3,79.0
4419,1722232405545,abc0d16aaf15b3a4ee2e561195dfd82ab260497412e326bb57f2ee5bbe9042d8,470.0,1014.7,29.1,76.0
4420,1722233005535,abc0d16aaf15b3a4ee2e561195dfd82ab260497412e326bb57f2ee5bbe9042d8,460.0,1014.6,30.3,76.0
4421,1722233605497,abc0d16aaf15b3a4ee2e561195dfd82ab260497412e326bb57f2ee5bbe9042d8,451.0,1014.5,30.9,73.0
4422,1722234205469,abc0d16aaf15b3a4ee2e561195dfd82ab260497412e326bb57f2ee5bbe9042d8,463.0,1014.5,30.7,72.0
4423,1722234805465,abc0d16aaf15b3a4ee2e561195dfd82ab260497412e326bb57f2ee5bbe9042d8,448.0,1014.5,30.2,72.0
4424,1722235405474,abc0d16aaf15b3a4ee2e561195dfd82ab260497412e326bb57f2ee5bbe9042d8,468.0,1014.6,30.5,71.0
4425,1722236005380,abc0d16aaf15b3a4ee2e561195dfd82ab260497412e326bb57f2ee5bbe9042d8,453.0,1014.7,31.6,70.0
4426,1722236605352,abc0d16aaf15b3a4ee2e561195dfd82ab260497412e326bb57f2ee5bbe9042d8,468.0,1014.6,32.0,70.0
4427,1722237205328,abc0d16aaf15b3a4ee2e561195dfd82ab260497412e326bb57f2ee5bbe9042d8,448.0,1014.7,32.4,70.0
4428,1722237805305,abc0d16aaf15b3a4ee2e561195dfd82ab260497412e326bb57f2ee5bbe9042d8,464.0,1014.6,32.8,70.0
4429,1722238405290,abc0d16aaf15b3a4ee2e561195dfd82ab260497412e326bb57f2ee5bbe9042d8,461.0,1014.5,32.7,70.0
4430,1722239005273,abc0d16aaf15b3a4ee2e561195dfd82ab260497412e326bb57f2ee5bbe9042d8,434.0,1014.4,32.8,69.0
4431,1722239605229,abc0d16aaf15b3a4ee2e561195dfd82ab260497412e326bb57f2ee5bbe9042d8,459.0,1014.3,32.7,68.0
4432,1722240205207,abc0d16aaf15b3a4ee2e561195dfd82ab260497412e326bb57f2ee5bbe9042d8,457.0,1014.2,33.6,68.0
4433,1722240805218,abc0d16aaf15b3a4ee2e561195dfd82ab260497412e326bb57f2ee5bbe9042d8,458.0,1014.1,33.7,66.0
4434,1722241405143,abc0d16aaf15b3a4ee2e561195dfd82ab260497412e326bb57f2ee5bbe9042d8,466.0,1013.9,34.1,64.0
4435,1722242005154,abc0d16aaf15b3a4ee2e561195dfd82ab260497412e326bb57f2ee5bbe9042d8,445.0,1013.8,34.4,64.0
4436,1722242605094,abc0d16aaf15b3a4ee2e561195dfd82ab260497412e326bb57f2ee5bbe9042d8,449.0,1013.6,34.2,65.0
4437,1722243205064,abc0d16aaf15b3a4ee2e561195dfd82ab260497412e326bb57f2ee5bbe9042d8,441.0,1013.6,34.0,64.0
4438,1722243805059,abc0d16aaf15b3a4ee2e561195dfd82ab260497412e326bb57f2ee5bbe9042d8,460.0,1013.6,34.5,64.0
4439,1722244405013,abc0d16aaf15b3a4ee2e561195dfd82ab260497412e326bb57f2ee5bbe9042d8,459.0,1013.6,34.5,63.0
4440,1722245005001,abc0d16aaf15b3a4ee2e561195dfd82ab260497412e326bb57f2ee5bbe9042d8,456.0,1013.5,35.0,62.0
4441,1722245604986,abc0d16aaf15b3a4ee2e561195dfd82ab260497412e326bb57f2ee5bbe9042d8,456.0,1013.5,34.7,62.0
4442,1722246204962,abc0d16aaf15b3a4ee2e561195dfd82ab260497412e326bb57f2ee5bbe9042d8,441.0,1013.3,34.8,62.0
4443,1722246804928,abc0d16aaf15b3a4ee2e561195dfd82ab260497412e326bb57f2ee5bbe9042d8,432.0,1013.4,34.7,62.0
4444,1722247404910,abc0d16aaf15b3a4ee2e561195dfd82ab260497412e326bb57f2ee5bbe9042d8,450.0,1013.3,34.4,62.0
4445,1722248004877,abc0d16aaf15b3a4ee2e561195dfd82ab260497412e326bb57f2ee5bbe9042d8,476.0,1013.2,34.1,60.0
4446,1722248604842,abc0d16aaf15b3a4ee2e561195dfd82ab260497412e326bb57f2ee5bbe9042d8,434.0,1013.1,34.5,61.0
4447,1722249204783,abc0d16aaf15b3a4ee2e561195dfd82ab260497412e326bb57f2ee5bbe9042d8,443.0,1012.9,34.2,61.0
4448,1722249804815,abc0d16aaf15b3a4ee2e561195dfd82ab260497412e326bb57f2ee5bbe9042d8,438.0,1012.9,34.6,58.0
4449,1722250404771,abc0d16aaf15b3a4ee2e561195dfd82ab260497412e326bb57f2ee5bbe9042d8,459.0,1012.9,34.4,59.0
4450,1722251004754,abc0d16aaf15b3a4ee2e561195dfd82ab260497412e326bb57f2ee5bbe9042d8,440.0,1012.7,34.8,59.0
4451,1722251604719,abc0d16aaf15b3a4ee2e561195dfd82ab260497412e326bb57f2ee5bbe9042d8,440.0,1012.7,34.6,60.0
4452,1722252204702,abc0d16aaf15b3a4ee2e561195dfd82ab260497412e326bb57f2ee5bbe9042d8,428.0,1012.5,34.7,57.0
4453,1722252804701,abc0d16aaf15b3a4ee2e561195dfd82ab260497412e326bb57f2ee5bbe9042d8,434.0,1012.4,35.0,57.0
4454,1722253404657,abc0d16aaf15b3a4ee2e561195dfd82ab260497412e326bb57f2ee5bbe9042d8,442.0,1012.3,35.1,57.0
4455,1722254004621,abc0d16aaf15b3a4ee2e561195dfd82ab260497412e326bb57f2ee5bbe9042d8,449.0,1012.2,35.4,55.0
4456,1722254604605,abc0d16aaf15b3a4ee2e561195dfd82ab260497412e326bb57f2ee5bbe9042d8,450.0,1012.1,35.7,55.0
4457,1722255204575,abc0d16aaf15b3a4ee2e561195dfd82ab260497412e326bb57f2ee5bbe9042d8,449.0,1012.1,35.7,54.0
4458,1722255804569,abc0d16aaf15b3a4ee2e561195dfd82ab260497412e326bb57f2ee5bbe9042d8,451.0,1012.0,36.3,52.0
4459,1722256404540,abc0d16aaf15b3a4ee2e561195dfd82ab260497412e326bb57f2ee5bbe9042d8,439.0,1011.9,36.2,52.0
4460,1722257004527,abc0d16aaf15b3a4ee2e561195dfd82ab260497412e326bb57f2ee5bbe9042d8,444.0,1011.7,36.4,52.0
4461,1722258204487,abc0d16aaf15b3a4ee2e561195dfd82ab260497412e326bb57f2ee5bbe9042d8,430.0,1011.5,36.6,52.0
4462,1722258804481,abc0d16aaf15b3a4ee2e561195dfd82ab260497412e326bb57f2ee5bbe9042d8,440.0,1011.4,36.5,51.0
4463,1722259404424,abc0d16aaf15b3a4ee2e561195dfd82ab260497412e326bb57f2ee5bbe9042d8,460.0,1011.3,36.8,51.0
4464,1722260004379,abc0d16aaf15b3a4ee2e561195dfd82ab260497412e326bb57f2ee5bbe9042d8,445.0,1011.2,36.9,51.0
4465,1722260604395,abc0d16aaf15b3a4ee2e561195dfd82ab260497412e326bb57f2ee5bbe9042d8,444.0,1011.0,36.9,49.0
4466,1722261204366,abc0d16aaf15b3a4ee2e561195dfd82ab260497412e326bb57f2ee5bbe9042d8,433.0,1011.0,37.0,48.0
4467,1722261804340,abc0d16aaf15b3a4ee2e561195dfd82ab260497412e326bb57f2ee5bbe9042d8,456.0,1011.0,37.2,48.0
4468,1722262404315,abc0d16aaf15b3a4ee2e561195dfd82ab260497412e326bb57f2ee5bbe9042d8,412.0,1010.9,37.3,48.0
4469,1722263004288,abc0d16aaf15b3a4ee2e561195dfd82ab260497412e326bb57f2ee5bbe9042d8,440.0,1010.8,37.3,48.0
4470,1722263604270,abc0d16aaf15b3a4ee2e561195dfd82ab260497412e326bb57f2ee5bbe9042d8,425.0,1010.8,37.3,48.0
4471,1722264204240,abc0d16aaf15b3a4ee2e561195dfd82ab260497412e326bb57f2ee5bbe9042d8,454.0,1010.6,37.8,48.0
4472,1722264804222,abc0d16aaf15b3a4ee2e561195dfd82ab260497412e326bb57f2ee5bbe9042d8,433.0,1010.5,38.4,47.0
4473,1722265404213,abc0d16aaf15b3a4ee2e561195dfd82ab260497412e326bb57f2ee5bbe9042d8,424.0,1010.4,38.2,47.0
4474,1722266004170,abc0d16aaf15b3a4ee2e561195dfd82ab260497412e326bb57f2ee5bbe9042d8,414.0,1010.3,37.5,47.0
4475,1722266604158,abc0d16aaf15b3a4ee2e561195dfd82ab260497412e326bb57f2ee5bbe9042d8,436.0,1010.2,37.8,47.0
4476,1722267204141,abc0d16aaf15b3a4ee2e561195dfd82ab260497412e326bb57f2ee5bbe9042d8,424.0,1010.2,37.9,47.0
4477,1722267804115,abc0d16aaf15b3a4ee2e561195dfd82ab260497412e326bb57f2ee5bbe9042d8,442.0,1010.1,38.2,46.0
4478,1722268404102,abc0d16aaf15b3a4ee2e561195dfd82ab260497412e326bb57f2ee5bbe9042d8,441.0,1010.0,38.1,45.0
4479,1722269005772,abc0d16aaf15b3a4ee2e561195dfd82ab260497412e326bb57f2ee5bbe9042d8,433.0,1009.9,37.8,45.0
4480,1722269604054,abc0d16aaf15b3a4ee2e561195dfd82ab260497412e326bb57f2ee5bbe9042d8,452.0,1010.0,37.2,46.0
4481,1722270204011,abc0d16aaf15b3a4ee2e561195dfd82ab260497412e326bb57f2ee5bbe9042d8,440.0,1009.9,37.2,46.0
4482,1722270803999,abc0d16aaf15b3a4ee2e561195dfd82ab260497412e326bb57f2ee5bbe9042d8,445.0,1009.9,36.7,46.0
4483,1722271403973,abc0d16aaf15b3a4ee2e561195dfd82ab260497412e326bb57f2ee5bbe9042d8,443.0,1009.8,36.2,47.0
4484,1722272003953,abc0d16aaf15b3a4ee2e561195dfd82ab260497412e326bb57f2ee5bbe9042d8,449.0,1009.8,35.9,47.0
4485,1722272603957,abc0d16aaf15b3a4ee2e561195dfd82ab260497412e326bb57f2ee5bbe9042d8,432.0,1009.7,35.4,47.0
4486,1722273203886,abc0d16aaf15b3a4ee2e561195dfd82ab260497412e326bb57f2ee5bbe9042d8,426.0,1009.8,35.0,47.0
4487,1722273803875,abc0d16aaf15b3a4ee2e561195dfd82ab260497412e326bb57f2ee5bbe9042d8,446.0,1009.8,34.3,48.0
4488,1722274403845,abc0d16aaf15b3a4ee2e561195dfd82ab260497412e326bb57f2ee5bbe9042d8,430.0,1009.8,34.1,48.0
4489,1722275003845,abc0d16aaf15b3a4ee2e561195dfd82ab260497412e326bb57f2ee5bbe9042d8,442.0,1009.8,33.9,48.0
4490,1722275603789,abc0d16aaf15b3a4ee2e561195dfd82ab260497412e326bb57f2ee5bbe9042d8,451.0,1009.8,33.2,48.0
4491,1722276203775,abc0d16aaf15b3a4ee2e561195dfd82ab260497412e326bb57f2ee5bbe9042d8,446.0,1009.9,32.7,48.0
4492,1722276803738,abc0d16aaf15b3a4ee2e561195dfd82ab260497412e326bb57f2ee5bbe9042d8,459.0,1010.0,32.1,49.0
4493,1722277403703,abc0d16aaf15b3a4ee2e561195dfd82ab260497412e326bb57f2ee5bbe9042d8,440.0,1010.1,31.6,50.0
4494,1722278003658,abc0d16aaf15b3a4ee2e561195dfd82ab260497412e326bb57f2ee5bbe9042d8,444.0,1010.2,31.0,50.0
4495,1722278603667,abc0d16aaf15b3a4ee2e561195dfd82ab260497412e326bb57f2ee5bbe9042d8,452.0,1010.2,30.0,56.0
4496,1722279203639,abc0d16aaf15b3a4ee2e561195dfd82ab260497412e326bb57f2ee5bbe9042d8,444.0,1010.3,29.3,57.0
4497,1722279803611,abc0d16aaf15b3a4ee2e561195dfd82ab260497412e326bb57f2ee5bbe9042d8,462.0,1010.4,29.0,57.0
4498,1722280403585,abc0d16aaf15b3a4ee2e561195dfd82ab260497412e326bb57f2ee5bbe9042d8,448.0,1010.6,28.6,58.0
4499,1722281003549,abc0d16aaf15b3a4ee2e561195dfd82ab260497412e326bb57f2ee5bbe9042d8,469.0,1010.7,28.5,57.0
4500,1722281603529,abc0d16aaf15b3a4ee2e561195dfd82ab260497412e326bb57f2ee5bbe9042d8,460.0,1010.8,28.5,57.0
4501,1722282203520,abc0d16aaf15b3a4ee2e561195dfd82ab260497412e326bb57f2ee5bbe9042d8,460.0,1011.0,28.6,56.0
4502,1722282803454,abc0d16aaf15b3a4ee2e561195dfd82ab260497412e326bb57f2ee5bbe9042d8,473.0,1011.2,28.6,56.0
4503,1722283403435,abc0d16aaf15b3a4ee2e561195dfd82ab260497412e326bb57f2ee5bbe9042d8,468.0,1011.3,28.4,56.0
4504,1722284003403,abc0d16aaf15b3a4ee2e561195dfd82ab260497412e326bb57f2ee5bbe9042d8,459.0,1011.4,28.2,56.0
4505,1722284603383,abc0d16aaf15b3a4ee2e561195dfd82ab260497412e326bb57f2ee5bbe9042d8,464.0,1011.4,28.1,57.0
4506,1722285203360,abc0d16aaf15b3a4ee2e561195dfd82ab260497412e326bb57f2ee5bbe9042d8,474.0,1011.6,28.0,57.0
4507,1722285803334,abc0d16aaf15b3a4ee2e561195dfd82ab260497412e326bb57f2ee5bbe9042d8,446.0,1011.6,27.8,58.0
4508,1722286403341,abc0d16aaf15b3a4ee2e561195dfd82ab260497412e326bb57f2ee5bbe9042d8,449.0,1011.7,27.8,59.0
4509,1722287003275,abc0d16aaf15b3a4ee2e561195dfd82ab260497412e326bb57f2ee5bbe9042d8,460.0,1011.7,27.6,59.0
4510,1722287603221,abc0d16aaf15b3a4ee2e561195dfd82ab260497412e326bb57f2ee5bbe9042d8,456.0,1011.8,27.4,60.0
4511,1722288203204,abc0d16aaf15b3a4ee2e561195dfd82ab260497412e326bb57f2ee5bbe9042d8,472.0,1011.8,27.3,62.0
4512,1722288803179,abc0d16aaf15b3a4ee2e561195dfd82ab260497412e326bb57f2ee5bbe9042d8,477.0,1012.0,26.9,62.0
4513,1722289403172,abc0d16aaf15b3a4ee2e561195dfd82ab260497412e326bb57f2ee5bbe9042d8,472.0,1012.0,26.9,63.0
4514,1722290003114,abc0d16aaf15b3a4ee2e561195dfd82ab260497412e326bb57f2ee5bbe9042d8,487.0,1012.1,26.6,65.0
4515,1722290603094,abc0d16aaf15b3a4ee2e561195dfd82ab260497412e326bb57f2ee5bbe9042d8,495.0,1012.2,26.2,65.0
4516,1722291203064,abc0d16aaf15b3a4ee2e561195dfd82ab260497412e326bb57f2ee5bbe9042d8,478.0,1012.3,26.1,66.0
4517,1722291803031,abc0d16aaf15b3a4ee2e561195dfd82ab260497412e326bb57f2ee5bbe9042d8,503.0,1012.4,25.9,66.0
4518,1722292403012,abc0d16aaf15b3a4ee2e561195dfd82ab260497412e326bb57f2ee5bbe9042d8,479.0,1012.4,25.9,66.0
4519,1722293002942,abc0d16aaf15b3a4ee2e561195dfd82ab260497412e326bb57f2ee5bbe9042d8,497.0,1012.5,25.5,68.0
4520,1722293602952,abc0d16aaf15b3a4ee2e561195dfd82ab260497412e326bb57f2ee5bbe9042d8,517.0,1012.4,25.5,69.0
4521,1722294202940,abc0d16aaf15b3a4ee2e561195dfd82ab260497412e326bb57f2ee5bbe9042d8,554.0,1012.5,25.0,69.0
4522,1722294802884,abc0d16aaf15b3a4ee2e561195dfd82ab260497412e326bb57f2ee5bbe9042d8,521.0,1012.5,24.5,73.0
4523,1722295402856,abc0d16aaf15b3a4ee2e561195dfd82ab260497412e326bb57f2ee5bbe9042d8,598.0,1012.5,24.2,77.0
4524,1722296002836,abc0d16aaf15b3a4ee2e561195dfd82ab260497412e326bb57f2ee5bbe9042d8,621.0,1012.5,23.8,77.0
4525,1722296602814,abc0d16aaf15b3a4ee2e561195dfd82ab260497412e326bb57f2ee5bbe9042d8,553.0,1012.5,23.5,79.0
4526,1722297202800,abc0d16aaf15b3a4ee2e561195dfd82ab260497412e326bb57f2ee5bbe9042d8,620.0,1012.5,23.2,81.0
4527,1722297802752,abc0d16aaf15b3a4ee2e561195dfd82ab260497412e326bb57f2ee5bbe9042d8,738.0,1012.5,23.0,81.0
4528,1722298402716,abc0d16aaf15b3a4ee2e561195dfd82ab260497412e326bb57f2ee5bbe9042d8,596.0,1012.6,22.7,84.0
4529,1722299002690,abc0d16aaf15b3a4ee2e561195dfd82ab260497412e326bb57f2ee5bbe9042d8,605.0,1012.6,22.6,85.0
4530,1722299602652,abc0d16aaf15b3a4ee2e561195dfd82ab260497412e326bb57f2ee5bbe9042d8,595.0,1012.5,22.5,85.0
4531,1722300202646,abc0d16aaf15b3a4ee2e561195dfd82ab260497412e326bb57f2ee5bbe9042d8,635.0,1012.5,22.3,86.0
4532,1722300802598,abc0d16aaf15b3a4ee2e561195dfd82ab260497412e326bb57f2ee5bbe9042d8,663.0,1012.6,22.2,88.0
4533,1722301402544,abc0d16aaf15b3a4ee2e561195dfd82ab260497412e326bb57f2ee5bbe9042d8,685.0,1012.6,22.1,88.0
4534,1722302002531,abc0d16aaf15b3a4ee2e561195dfd82ab260497412e326bb57f2ee5bbe9042d8,672.0,1012.6,21.9,90.0
4535,1722302602512,abc0d16aaf15b3a4ee2e561195dfd82ab260497412e326bb57f2ee5bbe9042d8,681.0,1012.7,21.9,90.0
4536,1722303202522,abc0d16aaf15b3a4ee2e561195dfd82ab260497412e326bb57f2ee5bbe9042d8,639.0,1012.8,21.8,90.0
4537,1722303802464,abc0d16aaf15b3a4ee2e561195dfd82ab260497412e326bb57f2ee5bbe9042d8,680.0,1012.7,21.7,88.0
4538,1722304402417,abc0d16aaf15b3a4ee2e561195dfd82ab260497412e326bb57f2ee5bbe9042d8,620.0,1012.8,21.6,91.0
4539,1722305002404,abc0d16aaf15b3a4ee2e561195dfd82ab260497412e326bb57f2ee5bbe9042d8,596.0,1012.7,21.6,91.0
4540,1722305602366,abc0d16aaf15b3a4ee2e561195dfd82ab260497412e326bb57f2ee5bbe9042d8,627.0,1012.8,21.8,90.0
4541,1722306202345,abc0d16aaf15b3a4ee2e561195dfd82ab260497412e326bb57f2ee5bbe9042d8,605.0,1012.7,21.8,91.0
4542,1722306802325,abc0d16aaf15b3a4ee2e561195dfd82ab260497412e326bb57f2ee5bbe9042d8,642.0,1012.9,21.8,91.0
4543,1722307402296,abc0d16aaf15b3a4ee2e561195dfd82ab260497412e326bb57f2ee5bbe9042d8,623.0,1012.9,21.9,92.0
4544,1722308002258,abc0d16aaf15b3a4ee2e561195dfd82ab260497412e326bb57f2ee5bbe9042d8,673.0,1012.9,21.6,93.0
4545,1722308602228,abc0d16aaf15b3a4ee2e561195dfd82ab260497412e326bb57f2ee5bbe9042d8,681.0,1012.9,21.5,93.0
4546,1722309202203,abc0d16aaf15b3a4ee2e561195dfd82ab260497412e326bb57f2ee5bbe9042d8,696.0,1013.0,21.2,94.0
4547,1722309802165,abc0d16aaf15b3a4ee2e561195dfd82ab260497412e326bb57f2ee5bbe9042d8,708.0,1013.0,21.1,95.0
4548,1722310402150,abc0d16aaf15b3a4ee2e561195dfd82ab260497412e326bb57f2ee5bbe9042d8,667.0,1013.0,20.9,95.0
4549,1722311002113,abc0d16aaf15b3a4ee2e561195dfd82ab260497412e326bb57f2ee5bbe9042d8,713.0,1013.1,21.0,98.0
4550,1722311602084,abc0d16aaf15b3a4ee2e561195dfd82ab260497412e326bb57f2ee5bbe9042d8,765.0,1013.2,20.7,99.0
4551,1722312202032,abc0d16aaf15b3a4ee2e561195dfd82ab260497412e326bb57f2ee5bbe9042d8,763.0,1013.1,20.7,99.0
4552,1722312802005,abc0d16aaf15b3a4ee2e561195dfd82ab260497412e326bb57f2ee5bbe9042d8,744.0,1013.3,20.7,100.0
4553,1722313401986,abc0d16aaf15b3a4ee2e561195dfd82ab260497412e326bb57f2ee5bbe9042d8,804.0,1013.2,20.8,100.0
4554,1722314001966,abc0d16aaf15b3a4ee2e561195dfd82ab260497412e326bb57f2ee5bbe9042d8,776.0,1013.2,20.9,100.0
4555,1722314601956,abc0d16aaf15b3a4ee2e561195dfd82ab260497412e326bb57f2ee5bbe9042d8,723.0,1013.2,21.0,100.0
4556,1722315201888,abc0d16aaf15b3a4ee2e561195dfd82ab260497412e326bb57f2ee5bbe9042d8,680.0,1013.1,21.9,100.0
4557,1722315801864,abc0d16aaf15b3a4ee2e561195dfd82ab260497412e326bb57f2ee5bbe9042d8,653.0,1013.2,24.1,100.0
4558,1722316401836,abc0d16aaf15b3a4ee2e561195dfd82ab260497412e326bb57f2ee5bbe9042d8,616.0,1013.1,26.0,97.0
4559,1722317001822,abc0d16aaf15b3a4ee2e561195dfd82ab260497412e326bb57f2ee5bbe9042d8,597.0,1013.1,27.6,90.0
4560,1722317601795,abc0d16aaf15b3a4ee2e561195dfd82ab260497412e326bb57f2ee5bbe9042d8,591.0,1013.0,29.1,90.0
4561,1722318201814,abc0d16aaf15b3a4ee2e561195dfd82ab260497412e326bb57f2ee5bbe9042d8,548.0,1013.0,28.7,83.0
4562,1722318801696,abc0d16aaf15b3a4ee2e561195dfd82ab260497412e326bb57f2ee5bbe9042d8,564.0,1013.1,29.2,79.0
4563,1722319401711,abc0d16aaf15b3a4ee2e561195dfd82ab260497412e326bb57f2ee5bbe9042d8,534.0,1013.1,30.0,79.0
4564,1722320001681,abc0d16aaf15b3a4ee2e561195dfd82ab260497412e326bb57f2ee5bbe9042d8,514.0,1013.1,31.6,76.0
4565,1722320601684,abc0d16aaf15b3a4ee2e561195dfd82ab260497412e326bb57f2ee5bbe9042d8,530.0,1013.2,32.5,75.0
4566,1722321201626,abc0d16aaf15b3a4ee2e561195dfd82ab260497412e326bb57f2ee5bbe9042d8,508.0,1013.1,32.3,75.0
4567,1722321801613,abc0d16aaf15b3a4ee2e561195dfd82ab260497412e326bb57f2ee5bbe9042d8,485.0,1013.1,32.7,74.0
4568,1722322401558,abc0d16aaf15b3a4ee2e561195dfd82ab260497412e326bb57f2ee5bbe9042d8,520.0,1013.1,32.8,75.0
4569,1722323001533,abc0d16aaf15b3a4ee2e561195dfd82ab260497412e326bb57f2ee5bbe9042d8,521.0,1013.1,32.8,75.0
4570,1722323601526,abc0d16aaf15b3a4ee2e561195dfd82ab260497412e326bb57f2ee5bbe9042d8,486.0,1012.9,33.0,74.0
4571,1722324201487,abc0d16aaf15b3a4ee2e561195dfd82ab260497412e326bb57f2ee5bbe9042d8,474.0,1013.0,32.9,71.0
4572,1722324801466,abc0d16aaf15b3a4ee2e561195dfd82ab260497412e326bb57f2ee5bbe9042d8,471.0,1012.9,33.6,71.0
4573,1722325401445,abc0d16aaf15b3a4ee2e561195dfd82ab260497412e326bb57f2ee5bbe9042d8,487.0,1012.8,33.7,67.0
4574,1722326001399,abc0d16aaf15b3a4ee2e561195dfd82ab260497412e326bb57f2ee5bbe9042d8,481.0,1012.8,33.3,66.0
4575,1722326601382,abc0d16aaf15b3a4ee2e561195dfd82ab260497412e326bb57f2ee5bbe9042d8,470.0,1012.7,33.5,66.0
4576,1722327201420,abc0d16aaf15b3a4ee2e561195dfd82ab260497412e326bb57f2ee5bbe9042d8,484.0,1012.6,33.6,63.0
4577,1722327801302,abc0d16aaf15b3a4ee2e561195dfd82ab260497412e326bb57f2ee5bbe9042d8,470.0,1012.6,33.8,63.0
4578,1722328401302,abc0d16aaf15b3a4ee2e561195dfd82ab260497412e326bb57f2ee5bbe9042d8,471.0,1012.6,33.9,63.0
4579,1722329001298,abc0d16aaf15b3a4ee2e561195dfd82ab260497412e326bb57f2ee5bbe9042d8,484.0,1012.7,34.6,61.0
4580,1722329601254,abc0d16aaf15b3a4ee2e561195dfd82ab260497412e326bb57f2ee5bbe9042d8,465.0,1012.6,34.6,59.0
4581,1722330201278,abc0d16aaf15b3a4ee2e561195dfd82ab260497412e326bb57f2ee5bbe9042d8,455.0,1012.6,34.3,59.0
4582,1722330801215,abc0d16aaf15b3a4ee2e561195dfd82ab260497412e326bb57f2ee5bbe9042d8,459.0,1012.5,34.3,58.0
4583,1722331402881,abc0d16aaf15b3a4ee2e561195dfd82ab260497412e326bb57f2ee5bbe9042d8,450.0,1012.5,34.3,56.0
4584,1722332001154,abc0d16aaf15b3a4ee2e561195dfd82ab260497412e326bb57f2ee5bbe9042d8,468.0,1012.5,34.5,56.0
4585,1722332601138,abc0d16aaf15b3a4ee2e561195dfd82ab260497412e326bb57f2ee5bbe9042d8,442.0,1012.5,34.5,54.0
4586,1722333201095,abc0d16aaf15b3a4ee2e561195dfd82ab260497412e326bb57f2ee5bbe9042d8,434.0,1012.4,34.8,55.0
4587,1722333801072,abc0d16aaf15b3a4ee2e561195dfd82ab260497412e326bb57f2ee5bbe9042d8,451.0,1012.4,35.0,55.0
4588,1722334401066,abc0d16aaf15b3a4ee2e561195dfd82ab260497412e326bb57f2ee5bbe9042d8,448.0,1012.3,35.2,50.0
4589,1722335001023,abc0d16aaf15b3a4ee2e561195dfd82ab260497412e326bb57f2ee5bbe9042d8,446.0,1012.1,35.3,50.0
4590,1722335600992,abc0d16aaf15b3a4ee2e561195dfd82ab260497412e326bb57f2ee5bbe9042d8,448.0,1012.1,35.1,50.0
4591,1722336200989,abc0d16aaf15b3a4ee2e561195dfd82ab260497412e326bb57f2ee5bbe9042d8,425.0,1012.0,34.9,50.0
4592,1722336800941,abc0d16aaf15b3a4ee2e561195dfd82ab260497412e326bb57f2ee5bbe9042d8,444.0,1011.9,34.8,49.0
4593,1722337400935,abc0d16aaf15b3a4ee2e561195dfd82ab260497412e326bb57f2ee5bbe9042d8,442.0,1011.9,35.6,49.0
4594,1722338000911,abc0d16aaf15b3a4ee2e561195dfd82ab260497412e326bb57f2ee5bbe9042d8,432.0,1011.8,35.5,47.0
4595,1722338600865,abc0d16aaf15b3a4ee2e561195dfd82ab260497412e326bb57f2ee5bbe9042d8,441.0,1011.8,35.2,47.0
4596,1722339200865,abc0d16aaf15b3a4ee2e561195dfd82ab260497412e326bb57f2ee5bbe9042d8,465.0,1011.7,35.4,47.0
4597,1722339800838,abc0d16aaf15b3a4ee2e561195dfd82ab260497412e326bb57f2ee5bbe9042d8,429.0,1011.6,35.7,46.0
4598,1722340400805,abc0d16aaf15b3a4ee2e561195dfd82ab260497412e326bb57f2ee5bbe9042d8,446.0,1011.5,36.0,45.0
4599,1722341000741,abc0d16aaf15b3a4ee2e561195dfd82ab260497412e326bb57f2ee5bbe9042d8,418.0,1011.4,36.4,45.0
4600,1722341600777,abc0d16aaf15b3a4ee2e561195dfd82ab260497412e326bb57f2ee5bbe9042d8,425.0,1011.3,36.4,45.0
4601,1722342202443,abc0d16aaf15b3a4ee2e561195dfd82ab260497412e326bb57f2ee5bbe9042d8,437.0,1011.2,36.6,45.0
4602,1722342800729,abc0d16aaf15b3a4ee2e561195dfd82ab260497412e326bb57f2ee5bbe9042d8,424.0,1011.1,36.8,45.0
4603,1722343400705,abc0d16aaf15b3a4ee2e561195dfd82ab260497412e326bb57f2ee5bbe9042d8,447.0,1011.1,37.0,45.0
4604,1722344000661,abc0d16aaf15b3a4ee2e561195dfd82ab260497412e326bb57f2ee5bbe9042d8,452.0,1010.9,37.4,43.0
4605,1722344600636,abc0d16aaf15b3a4ee2e561195dfd82ab260497412e326bb57f2ee5bbe9042d8,445.0,1010.9,37.9,43.0
4606,1722345200670,abc0d16aaf15b3a4ee2e561195dfd82ab260497412e326bb57f2ee5bbe9042d8,436.0,1010.7,37.7,44.0
4607,1722345800594,abc0d16aaf15b3a4ee2e561195dfd82ab260497412e326bb57f2ee5bbe9042d8,420.0,1010.7,38.3,43.0
4608,1722346400612,abc0d16aaf15b3a4ee2e561195dfd82ab260497412e326bb57f2ee5bbe9042d8,439.0,1010.6,37.8,43.0
4609,1722347000570,abc0d16aaf15b3a4ee2e561195dfd82ab260497412e326bb57f2ee5bbe9042d8,438.0,1010.4,37.7,44.0
4610,1722347600544,abc0d16aaf15b3a4ee2e561195dfd82ab260497412e326bb57f2ee5bbe9042d8,430.0,1010.3,37.5,43.0
4611,1722348200505,abc0d16aaf15b3a4ee2e561195dfd82ab260497412e326bb57f2ee5bbe9042d8,450.0,1010.2,37.9,43.0
4612,1722348800509,abc0d16aaf15b3a4ee2e561195dfd82ab260497412e326bb57f2ee5bbe9042d8,451.0,1010.0,38.3,45.0
4613,1722349400509,abc0d16aaf15b3a4ee2e561195dfd82ab260497412e326bb57f2ee5bbe9042d8,445.0,1009.9,38.4,44.0
4614,1722350000465,abc0d16aaf15b3a4ee2e561195dfd82ab260497412e326bb57f2ee5bbe9042d8,426.0,1009.8,38.4,44.0
4615,1722350600440,abc0d16aaf15b3a4ee2e561195dfd82ab260497412e326bb57f2ee5bbe9042d8,458.0,1009.7,38.3,43.0
4616,1722351200401,abc0d16aaf15b3a4ee2e561195dfd82ab260497412e326bb57f2ee5bbe9042d8,438.0,1009.7,38.7,43.0
4617,1722352400395,abc0d16aaf15b3a4ee2e561195dfd82ab260497412e326bb57f2ee5bbe9042d8,455.0,1009.5,38.2,44.0
4618,1722353000332,abc0d16aaf15b3a4ee2e561195dfd82ab260497412e326bb57f2ee5bbe9042d8,447.0,1009.3,38.3,43.0
4619,1722353600292,abc0d16aaf15b3a4ee2e561195dfd82ab260497412e326bb57f2ee5bbe9042d8,432.0,1009.3,38.3,43.0
4620,1722354200320,abc0d16aaf15b3a4ee2e561195dfd82ab260497412e326bb57f2ee5bbe9042d8,451.0,1009.2,38.2,43.0
4621,1722354800266,abc0d16aaf15b3a4ee2e561195dfd82ab260497412e326bb57f2ee5bbe9042d8,422.0,1009.1,37.9,46.0
4622,1722355400239,abc0d16aaf15b3a4ee2e561195dfd82ab260497412e326bb57f2ee5bbe9042d8,438.0,1009.1,37.9,46.0
4623,1722356000243,abc0d16aaf15b3a4ee2e561195dfd82ab260497412e326bb57f2ee5bbe9042d8,441.0,1009.0,38.0,44.0
4624,1722356600209,abc0d16aaf15b3a4ee2e561195dfd82ab260497412e326bb57f2ee5bbe9042d8,431.0,1008.8,37.9,44.0
4625,1722357200187,abc0d16aaf15b3a4ee2e561195dfd82ab260497412e326bb57f2ee5bbe9042d8,432.0,1008.8,38.0,44.0
4626,1722357800164,abc0d16aaf15b3a4ee2e561195dfd82ab260497412e326bb57f2ee5bbe9042d8,428.0,1008.7,38.0,44.0
4627,1722358400129,abc0d16aaf15b3a4ee2e561195dfd82ab260497412e326bb57f2ee5bbe9042d8,444.0,1008.6,37.8,46.0
4628,1722359000095,abc0d16aaf15b3a4ee2e561195dfd82ab260497412e326bb57f2ee5bbe9042d8,425.0,1008.7,37.7,46.0
4629,1722359600089,abc0d16aaf15b3a4ee2e561195dfd82ab260497412e326bb57f2ee5bbe9042d8,425.0,1008.8,36.5,46.0
4630,1722360200071,abc0d16aaf15b3a4ee2e561195dfd82ab260497412e326bb57f2ee5bbe9042d8,435.0,1008.9,35.3,47.0
4631,1722360800033,abc0d16aaf15b3a4ee2e561195dfd82ab260497412e326bb57f2ee5bbe9042d8,452.0,1009.0,34.1,47.0
4632,1722361400037,abc0d16aaf15b3a4ee2e561195dfd82ab260497412e326bb57f2ee5bbe9042d8,443.0,1009.1,32.7,48.0
4633,1722361999985,abc0d16aaf15b3a4ee2e561195dfd82ab260497412e326bb57f2ee5bbe9042d8,451.0,1009.1,31.9,54.0
4634,1722362599965,abc0d16aaf15b3a4ee2e561195dfd82ab260497412e326bb57f2ee5bbe9042d8,450.0,1009.0,31.1,54.0
4635,1722363199943,abc0d16aaf15b3a4ee2e561195dfd82ab260497412e326bb57f2ee5bbe9042d8,433.0,1009.2,30.5,55.0
4636,1722363799899,abc0d16aaf15b3a4ee2e561195dfd82ab260497412e326bb57f2ee5bbe9042d8,450.0,1009.2,29.9,58.0
4637,1722364399861,abc0d16aaf15b3a4ee2e561195dfd82ab260497412e326bb57f2ee5bbe9042d8,473.0,1009.4,29.4,58.0
4638,1722364999859,abc0d16aaf15b3a4ee2e561195dfd82ab260497412e326bb57f2ee5bbe9042d8,448.0,1009.5,29.0,59.0
4639,1722365599823,abc0d16aaf15b3a4ee2e561195dfd82ab260497412e326bb57f2ee5bbe9042d8,466.0,1009.7,28.4,60.0
4640,1722366201501,abc0d16aaf15b3a4ee2e561195dfd82ab260497412e326bb57f2ee5bbe9042d8,451.0,1009.7,28.1,60.0
4641,1722366799780,abc0d16aaf15b3a4ee2e561195dfd82ab260497412e326bb57f2ee5bbe9042d8,465.0,1009.7,27.9,61.0
4642,1722367399784,abc0d16aaf15b3a4ee2e561195dfd82ab260497412e326bb57f2ee5bbe9042d8,459.0,1009.7,27.7,62.0
4643,1722367999711,abc0d16aaf15b3a4ee2e561195dfd82ab260497412e326bb57f2ee5bbe9042d8,475.0,1009.9,27.5,62.0
4644,1722368599676,abc0d16aaf15b3a4ee2e561195dfd82ab260497412e326bb57f2ee5bbe9042d8,471.0,1010.1,27.3,63.0
4645,1722369199641,abc0d16aaf15b3a4ee2e561195dfd82ab260497412e326bb57f2ee5bbe9042d8,476.0,1010.1,27.0,64.0
4646,1722369799611,abc0d16aaf15b3a4ee2e561195dfd82ab260497412e326bb57f2ee5bbe9042d8,494.0,1010.3,26.9,64.0
4647,1722370399611,abc0d16aaf15b3a4ee2e561195dfd82ab260497412e326bb57f2ee5bbe9042d8,504.0,1010.4,26.7,65.0
4648,1722370999559,abc0d16aaf15b3a4ee2e561195dfd82ab260497412e326bb57f2ee5bbe9042d8,482.0,1010.4,26.4,66.0
4649,1722371599530,abc0d16aaf15b3a4ee2e561195dfd82ab260497412e326bb57f2ee5bbe9042d8,514.0,1010.6,26.2,66.0
4650,1722372199513,abc0d16aaf15b3a4ee2e561195dfd82ab260497412e326bb57f2ee5bbe9042d8,532.0,1010.6,25.9,66.0
4651,1722372799524,abc0d16aaf15b3a4ee2e561195dfd82ab260497412e326bb57f2ee5bbe9042d8,521.0,1010.7,25.5,70.0
4652,1722373399445,abc0d16aaf15b3a4ee2e561195dfd82ab260497412e326bb57f2ee5bbe9042d8,567.0,1010.8,25.0,70.0
4653,1722373999442,abc0d16aaf15b3a4ee2e561195dfd82ab260497412e326bb57f2ee5bbe9042d8,562.0,1011.0,24.3,78.0
4654,1722374599389,abc0d16aaf15b3a4ee2e561195dfd82ab260497412e326bb57f2ee5bbe9042d8,574.0,1011.1,23.9,84.0
4655,1722375201070,abc0d16aaf15b3a4ee2e561195dfd82ab260497412e326bb57f2ee5bbe9042d8,598.0,1011.2,23.6,84.0
4656,1722375799349,abc0d16aaf15b3a4ee2e561195dfd82ab260497412e326bb57f2ee5bbe9042d8,605.0,1011.3,23.4,86.0
4657,1722376399309,abc0d16aaf15b3a4ee2e561195dfd82ab260497412e326bb57f2ee5bbe9042d8,601.0,1011.1,23.4,86.0
4658,1722376999265,abc0d16aaf15b3a4ee2e561195dfd82ab260497412e326bb57f2ee5bbe9042d8,637.0,1011.2,23.4,86.0
4659,1722377599239,abc0d16aaf15b3a4ee2e561195dfd82ab260497412e326bb57f2ee5bbe9042d8,652.0,1011.1,23.1,88.0
4660,1722378199211,abc0d16aaf15b3a4ee2e561195dfd82ab260497412e326bb57f2ee5bbe9042d8,687.0,1011.1,22.8,90.0
4661,1722378799207,abc0d16aaf15b3a4ee2e561195dfd82ab260497412e326bb57f2ee5bbe9042d8,659.0,1011.1,22.7,90.0
4662,1722379399210,abc0d16aaf15b3a4ee2e561195dfd82ab260497412e326bb57f2ee5bbe9042d8,665.0,1011.0,22.7,88.0
4663,1722379999134,abc0d16aaf15b3a4ee2e561195dfd82ab260497412e326bb57f2ee5bbe9042d8,592.0,1010.9,22.7,91.0
4664,1722380599084,abc0d16aaf15b3a4ee2e561195dfd82ab260497412e326bb57f2ee5bbe9042d8,681.0,1010.9,22.8,91.0
4665,1722381199084,abc0d16aaf15b3a4ee2e561195dfd82ab260497412e326bb57f2ee5bbe9042d8,699.0,1010.8,22.6,90.0
4666,1722381799038,abc0d16aaf15b3a4ee2e561195dfd82ab260497412e326bb57f2ee5bbe9042d8,690.0,1010.8,22.6,89.0
4667,1722382398992,abc0d16aaf15b3a4ee2e561195dfd82ab260497412e326bb57f2ee5bbe9042d8,731.0,1010.8,22.4,89.0
4668,1722382998987,abc0d16aaf15b3a4ee2e561195dfd82ab260497412e326bb57f2ee5bbe9042d8,661.0,1010.6,22.2,89.0
4669,1722383598957,abc0d16aaf15b3a4ee2e561195dfd82ab260497412e326bb57f2ee5bbe9042d8,658.0,1010.6,22.1,92.0
4670,1722384198919,abc0d16aaf15b3a4ee2e561195dfd82ab260497412e326bb57f2ee5bbe9042d8,611.0,1010.5,22.3,92.0
4671,1722384798910,abc0d16aaf15b3a4ee2e561195dfd82ab260497412e326bb57f2ee5bbe9042d8,616.0,1010.5,22.5,88.0
4672,1722385398858,abc0d16aaf15b3a4ee2e561195dfd82ab260497412e326bb57f2ee5bbe9042d8,636.0,1010.4,22.5,89.0
4673,1722385998848,abc0d16aaf15b3a4ee2e561195dfd82ab260497412e326bb57f2ee5bbe9042d8,679.0,1010.4,22.4,89.0
4674,1722386598824,abc0d16aaf15b3a4ee2e561195dfd82ab260497412e326bb57f2ee5bbe9042d8,654.0,1010.5,22.4,89.0
4675,1722387198788,abc0d16aaf15b3a4ee2e561195dfd82ab260497412e326bb57f2ee5bbe9042d8,721.0,1010.4,22.3,89.0
4676,1722387798720,abc0d16aaf15b3a4ee2e561195dfd82ab260497412e326bb57f2ee5bbe9042d8,680.0,1010.4,22.1,89.0
4677,1722388400444,abc0d16aaf15b3a4ee2e561195dfd82ab260497412e326bb57f2ee5bbe9042d8,633.0,1010.5,21.9,92.0
4678,1722388998738,abc0d16aaf15b3a4ee2e561195dfd82ab260497412e326bb57f2ee5bbe9042d8,636.0,1010.3,21.9,94.0
4679,1722389598680,abc0d16aaf15b3a4ee2e561195dfd82ab260497412e326bb57f2ee5bbe9042d8,682.0,1010.5,21.9,94.0
4680,1722390198652,abc0d16aaf15b3a4ee2e561195dfd82ab260497412e326bb57f2ee5bbe9042d8,680.0,1010.4,21.6,94.0
4681,1722390798606,abc0d16aaf15b3a4ee2e561195dfd82ab260497412e326bb57f2ee5bbe9042d8,655.0,1010.3,21.5,90.0
4682,1722391398572,abc0d16aaf15b3a4ee2e561195dfd82ab260497412e326bb57f2ee5bbe9042d8,604.0,1010.4,21.5,90.0
4683,1722391998556,abc0d16aaf15b3a4ee2e561195dfd82ab260497412e326bb57f2ee5bbe9042d8,596.0,1010.4,21.6,91.0
4684,1722392598512,abc0d16aaf15b3a4ee2e561195dfd82ab260497412e326bb57f2ee5bbe9042d8,610.0,1010.5,21.5,91.0
4685,1722393198454,abc0d16aaf15b3a4ee2e561195dfd82ab260497412e326bb57f2ee5bbe9042d8,635.0,1010.4,21.5,91.0
4686,1722393798474,abc0d16aaf15b3a4ee2e561195dfd82ab260497412e326bb57f2ee5bbe9042d8,592.0,1010.4,21.5,91.0
4687,1722394398420,abc0d16aaf15b3a4ee2e561195dfd82ab260497412e326bb57f2ee5bbe9042d8,626.0,1010.3,21.4,93.0
4688,1722394998410,abc0d16aaf15b3a4ee2e561195dfd82ab260497412e326bb57f2ee5bbe9042d8,650.0,1010.3,21.4,93.0
4689,1722395598373,abc0d16aaf15b3a4ee2e561195dfd82ab260497412e326bb57f2ee5bbe9042d8,726.0,1010.3,21.2,95.0
4690,1722396198336,abc0d16aaf15b3a4ee2e561195dfd82ab260497412e326bb57f2ee5bbe9042d8,780.0,1010.3,21.1,97.0
4691,1722396800033,abc0d16aaf15b3a4ee2e561195dfd82ab260497412e326bb57f2ee5bbe9042d8,700.0,1010.4,20.8,97.0
4692,1722397398288,abc0d16aaf15b3a4ee2e561195dfd82ab260497412e326bb57f2ee5bbe9042d8,663.0,1010.4,20.9,99.0
4693,1722397998260,abc0d16aaf15b3a4ee2e561195dfd82ab260497412e326bb57f2ee5bbe9042d8,706.0,1010.5,21.1,100.0
4694,1722398598255,abc0d16aaf15b3a4ee2e561195dfd82ab260497412e326bb57f2ee5bbe9042d8,787.0,1010.5,21.1,100.0
4695,1722399198214,abc0d16aaf15b3a4ee2e561195dfd82ab260497412e326bb57f2ee5bbe9042d8,701.0,1010.7,21.2,98.0
4696,1722399798164,abc0d16aaf15b3a4ee2e561195dfd82ab260497412e326bb57f2ee5bbe9042d8,715.0,1010.7,21.4,95.0
4697,1722400398160,abc0d16aaf15b3a4ee2e561195dfd82ab260497412e326bb57f2ee5bbe9042d8,694.0,1010.7,21.6,95.0
4698,1722400998122,abc0d16aaf15b3a4ee2e561195dfd82ab260497412e326bb57f2ee5bbe9042d8,734.0,1010.9,21.9,97.0
4699,1722401598135,abc0d16aaf15b3a4ee2e561195dfd82ab260497412e326bb57f2ee5bbe9042d8,643.0,1010.9,22.3,98.0
4700,1722402198053,abc0d16aaf15b3a4ee2e561195dfd82ab260497412e326bb57f2ee5bbe9042d8,635.0,1010.9,23.1,98.0
4701,1722402798049,abc0d16aaf15b3a4ee2e561195dfd82ab260497412e326bb57f2ee5bbe9042d8,612.0,1010.9,24.5,99.0
4702,1722403397994,abc0d16aaf15b3a4ee2e561195dfd82ab260497412e326bb57f2ee5bbe9042d8,580.0,1010.9,25.6,94.0
4703,1722404597947,abc0d16aaf15b3a4ee2e561195dfd82ab260497412e326bb57f2ee5bbe9042d8,572.0,1010.9,26.0,92.0
4704,1722405197912,abc0d16aaf15b3a4ee2e561195dfd82ab260497412e326bb57f2ee5bbe9042d8,579.0,1010.9,27.0,91.0
4705,1722405797875,abc0d16aaf15b3a4ee2e561195dfd82ab260497412e326bb57f2ee5bbe9042d8,564.0,1010.9,28.3,91.0
4706,1722406397854,abc0d16aaf15b3a4ee2e561195dfd82ab260497412e326bb57f2ee5bbe9042d8,564.0,1010.8,29.0,86.0
4707,1722406997830,abc0d16aaf15b3a4ee2e561195dfd82ab260497412e326bb57f2ee5bbe9042d8,548.0,1010.8,28.6,85.0
4708,1722407597812,abc0d16aaf15b3a4ee2e561195dfd82ab260497412e326bb57f2ee5bbe9042d8,541.0,1010.7,29.4,85.0
4709,1722408197785,abc0d16aaf15b3a4ee2e561195dfd82ab260497412e326bb57f2ee5bbe9042d8,527.0,1010.6,30.7,82.0
4710,1722408797730,abc0d16aaf15b3a4ee2e561195dfd82ab260497412e326bb57f2ee5bbe9042d8,534.0,1010.5,32.4,78.0
4711,1722409397707,abc0d16aaf15b3a4ee2e561195dfd82ab260497412e326bb57f2ee5bbe9042d8,544.0,1010.5,31.7,78.0
4712,1722409997677,abc0d16aaf15b3a4ee2e561195dfd82ab260497412e326bb57f2ee5bbe9042d8,536.0,1010.5,32.2,78.0
4713,1722410599373,abc0d16aaf15b3a4ee2e561195dfd82ab260497412e326bb57f2ee5bbe9042d8,521.0,1010.4,33.3,75.0
4714,1722411197650,abc0d16aaf15b3a4ee2e561195dfd82ab260497412e326bb57f2ee5bbe9042d8,525.0,1010.3,34.2,75.0
4715,1722411797633,abc0d16aaf15b3a4ee2e561195dfd82ab260497412e326bb57f2ee5bbe9042d8,503.0,1010.1,34.8,71.0
4716,1722412397571,abc0d16aaf15b3a4ee2e561195dfd82ab260497412e326bb57f2ee5bbe9042d8,527.0,1010.2,33.7,71.0
4717,1722412997546,abc0d16aaf15b3a4ee2e561195dfd82ab260497412e326bb57f2ee5bbe9042d8,478.0,1010.0,32.5,71.0
4718,1722413597533,abc0d16aaf15b3a4ee2e561195dfd82ab260497412e326bb57f2ee5bbe9042d8,510.0,1010.0,32.0,71.0
4719,1722414197505,abc0d16aaf15b3a4ee2e561195dfd82ab260497412e326bb57f2ee5bbe9042d8,493.0,1009.9,31.6,70.0
4720,1722414797483,abc0d16aaf15b3a4ee2e561195dfd82ab260497412e326bb57f2ee5bbe9042d8,471.0,1010.0,32.1,70.0
4721,1722415397449,abc0d16aaf15b3a4ee2e561195dfd82ab260497412e326bb57f2ee5bbe9042d8,466.0,1009.9,34.6,68.0
4722,1722415997421,abc0d16aaf15b3a4ee2e561195dfd82ab260497412e326bb57f2ee5bbe9042d8,478.0,1009.9,35.3,65.0
4723,1722416597394,abc0d16aaf15b3a4ee2e561195dfd82ab260497412e326bb57f2ee5bbe9042d8,476.0,1009.8,35.3,65.0
4724,1722417197378,abc0d16aaf15b3a4ee2e561195dfd82ab260497412e326bb57f2ee5bbe9042d8,474.0,1009.7,35.0,63.0
4725,1722417797343,abc0d16aaf15b3a4ee2e561195dfd82ab260497412e326bb57f2ee5bbe9042d8,485.0,1009.6,35.3,60.0
4726,1722418397327,abc0d16aaf15b3a4ee2e561195dfd82ab260497412e326bb57f2ee5bbe9042d8,453.0,1009.5,36.0,60.0
4727,1722418997311,abc0d16aaf15b3a4ee2e561195dfd82ab260497412e326bb57f2ee5bbe9042d8,487.0,1009.4,36.4,58.0
4728,1722419597241,abc0d16aaf15b3a4ee2e561195dfd82ab260497412e326bb57f2ee5bbe9042d8,490.0,1009.3,36.4,57.0
4729,1722420197249,abc0d16aaf15b3a4ee2e561195dfd82ab260497412e326bb57f2ee5bbe9042d8,465.0,1009.2,35.9,57.0
4730,1722420797225,abc0d16aaf15b3a4ee2e561195dfd82ab260497412e326bb57f2ee5bbe9042d8,447.0,1009.1,36.2,53.0
4731,1722421397187,abc0d16aaf15b3a4ee2e561195dfd82ab260497412e326bb57f2ee5bbe9042d8,446.0,1009.1,36.1,53.0
4732,1722421997171,abc0d16aaf15b3a4ee2e561195dfd82ab260497412e326bb57f2ee5bbe9042d8,455.0,1009.1,34.7,53.0
4733,1722422597175,abc0d16aaf15b3a4ee2e561195dfd82ab260497412e326bb57f2ee5bbe9042d8,459.0,1009.0,34.9,52.0
4734,1722423197125,abc0d16aaf15b3a4ee2e561195dfd82ab260497412e326bb57f2ee5bbe9042d8,447.0,1008.9,35.9,52.0
4735,1722423797109,abc0d16aaf15b3a4ee2e561195dfd82ab260497412e326bb57f2ee5bbe9042d8,446.0,1008.8,36.4,52.0
4736,1722424397096,abc0d16aaf15b3a4ee2e561195dfd82ab260497412e326bb57f2ee5bbe9042d8,463.0,1008.7,36.1,51.0
4737,1722424997089,abc0d16aaf15b3a4ee2e561195dfd82ab260497412e326bb57f2ee5bbe9042d8,443.0,1008.7,36.3,51.0
4738,1722425597045,abc0d16aaf15b3a4ee2e561195dfd82ab260497412e326bb57f2ee5bbe9042d8,461.0,1008.7,36.3,51.0
4739,1722426197016,abc0d16aaf15b3a4ee2e561195dfd82ab260497412e326bb57f2ee5bbe9042d8,455.0,1008.6,36.5,49.0
4740,1722426796991,abc0d16aaf15b3a4ee2e561195dfd82ab260497412e326bb57f2ee5bbe9042d8,465.0,1008.5,36.3,47.0
4741,1722427396951,abc0d16aaf15b3a4ee2e561195dfd82ab260497412e326bb57f2ee5bbe9042d8,437.0,1008.5,36.6,47.0
4742,1722427998662,abc0d16aaf15b3a4ee2e561195dfd82ab260497412e326bb57f2ee5bbe9042d8,454.0,1008.2,36.9,47.0
4743,1722428596908,abc0d16aaf15b3a4ee2e561195dfd82ab260497412e326bb57f2ee5bbe9042d8,436.0,1008.2,37.5,46.0
4744,1722429196912,abc0d16aaf15b3a4ee2e561195dfd82ab260497412e326bb57f2ee5bbe9042d8,453.0,1008.0,37.5,46.0
4745,1722429796891,abc0d16aaf15b3a4ee2e561195dfd82ab260497412e326bb57f2ee5bbe9042d8,459.0,1008.0,37.2,47.0
4746,1722430396842,abc0d16aaf15b3a4ee2e561195dfd82ab260497412e326bb57f2ee5bbe9042d8,433.0,1007.8,37.4,47.0
4747,1722430996825,abc0d16aaf15b3a4ee2e561195dfd82ab260497412e326bb57f2ee5bbe9042d8,411.0,1007.6,37.7,47.0
4748,1722431596872,abc0d16aaf15b3a4ee2e561195dfd82ab260497412e326bb57f2ee5bbe9042d8,446.0,1007.3,38.0,46.0
4749,1722432196784,abc0d16aaf15b3a4ee2e561195dfd82ab260497412e326bb57f2ee5bbe9042d8,444.0,1007.2,38.7,45.0
4750,1722432796775,abc0d16aaf15b3a4ee2e561195dfd82ab260497412e326bb57f2ee5bbe9042d8,450.0,1007.0,39.0,45.0
4751,1722433396765,abc0d16aaf15b3a4ee2e561195dfd82ab260497412e326bb57f2ee5bbe9042d8,428.0,1006.8,39.3,46.0
4752,1722433996734,abc0d16aaf15b3a4ee2e561195dfd82ab260497412e326bb57f2ee5bbe9042d8,437.0,1006.7,39.4,45.0
4753,1722434596701,abc0d16aaf15b3a4ee2e561195dfd82ab260497412e326bb57f2ee5bbe9042d8,458.0,1006.5,39.5,45.0
4754,1722435196694,abc0d16aaf15b3a4ee2e561195dfd82ab260497412e326bb57f2ee5bbe9042d8,453.0,1006.3,39.9,47.0
4755,1722435796659,abc0d16aaf15b3a4ee2e561195dfd82ab260497412e326bb57f2ee5bbe9042d8,415.0,1006.3,40.5,44.0
4756,1722436396653,abc0d16aaf15b3a4ee2e561195dfd82ab260497412e326bb57f2ee5bbe9042d8,424.0,1006.2,40.2,44.0
4757,1722436996630,abc0d16aaf15b3a4ee2e561195dfd82ab260497412e326bb57f2ee5bbe9042d8,398.0,1006.0,39.8,43.0
4758,1722437596609,abc0d16aaf15b3a4ee2e561195dfd82ab260497412e326bb57f2ee5bbe9042d8,443.0,1006.0,40.1,46.0
4759,1722438196581,abc0d16aaf15b3a4ee2e561195dfd82ab260497412e326bb57f2ee5bbe9042d8,423.0,1005.9,40.5,46.0
4760,1722438796600,abc0d16aaf15b3a4ee2e561195dfd82ab260497412e326bb57f2ee5bbe9042d8,457.0,1005.8,40.7,46.0
4761,1722439396541,abc0d16aaf15b3a4ee2e561195dfd82ab260497412e326bb57f2ee5bbe9042d8,446.0,1005.7,40.6,47.0
4762,1722439996583,abc0d16aaf15b3a4ee2e561195dfd82ab260497412e326bb57f2ee5bbe9042d8,421.0,1005.6,40.3,47.0
4763,1722440596518,abc0d16aaf15b3a4ee2e561195dfd82ab260497412e326bb57f2ee5bbe9042d8,434.0,1005.4,40.2,46.0
4764,1722441196458,abc0d16aaf15b3a4ee2e561195dfd82ab260497412e326bb57f2ee5bbe9042d8,411.0,1005.4,39.6,47.0
4765,1722441796459,abc0d16aaf15b3a4ee2e561195dfd82ab260497412e326bb57f2ee5bbe9042d8,459.0,1005.3,39.4,47.0
4766,1722442396446,abc0d16aaf15b3a4ee2e561195dfd82ab260497412e326bb57f2ee5bbe9042d8,452.0,1005.3,39.3,47.0
4767,1722442996419,abc0d16aaf15b3a4ee2e561195dfd82ab260497412e326bb57f2ee5bbe9042d8,432.0,1005.2,39.4,46.0
4768,1722443596401,abc0d16aaf15b3a4ee2e561195dfd82ab260497412e326bb57f2ee5bbe9042d8,410.0,1005.4,39.5,46.0
4769,1722444196376,abc0d16aaf15b3a4ee2e561195dfd82ab260497412e326bb57f2ee5bbe9042d8,445.0,1005.4,39.0,47.0
4770,1722444796340,abc0d16aaf15b3a4ee2e561195dfd82ab260497412e326bb57f2ee5bbe9042d8,435.0,1005.5,38.7,48.0
4771,1722445396290,abc0d16aaf15b3a4ee2e561195dfd82ab260497412e326bb57f2ee5bbe9042d8,438.0,1005.5,38.0,48.0
4772,1722445996316,abc0d16aaf15b3a4ee2e561195dfd82ab260497412e326bb57f2ee5bbe9042d8,415.0,1005.7,37.1,50.0
4773,1722446596280,abc0d16aaf15b3a4ee2e561195dfd82ab260497412e326bb57f2ee5bbe9042d8,434.0,1005.8,36.1,52.0
4774,1722447196240,abc0d16aaf15b3a4ee2e561195dfd82ab260497412e326bb57f2ee5bbe9042d8,443.0,1006.0,35.2,52.0
4775,1722447796234,abc0d16aaf15b3a4ee2e561195dfd82ab260497412e326bb57f2ee5bbe9042d8,424.0,1006.0,34.3,54.0
4776,1722448396176,abc0d16aaf15b3a4ee2e561195dfd82ab260497412e326bb57f2ee5bbe9042d8,433.0,1006.0,33.7,55.0
4777,1722448996186,abc0d16aaf15b3a4ee2e561195dfd82ab260497412e326bb57f2ee5bbe9042d8,457.0,1006.2,33.1,55.0
4778,1722449596149,abc0d16aaf15b3a4ee2e561195dfd82ab260497412e326bb57f2ee5bbe9042d8,432.0,1006.2,32.6,56.0
4779,1722450196110,abc0d16aaf15b3a4ee2e561195dfd82ab260497412e326bb57f2ee5bbe9042d8,448.0,1006.3,31.8,57.0
4780,1722450796144,abc0d16aaf15b3a4ee2e561195dfd82ab260497412e326bb57f2ee5bbe9042d8,441.0,1006.4,31.2,57.0
4781,1722451396082,abc0d16aaf15b3a4ee2e561195dfd82ab260497412e326bb57f2ee5bbe9042d8,480.0,1006.5,30.6,58.0
4782,1722451996023,abc0d16aaf15b3a4ee2e561195dfd82ab260497412e326bb57f2ee5bbe9042d8,455.0,1006.5,30.2,60.0
4783,1722452596022,abc0d16aaf15b3a4ee2e561195dfd82ab260497412e326bb57f2ee5bbe9042d8,505.0,1006.7,29.6,60.0
4784,1722453195990,abc0d16aaf15b3a4ee2e561195dfd82ab260497412e326bb57f2ee5bbe9042d8,547.0,1006.8,28.5,62.0
4785,1722453795910,abc0d16aaf15b3a4ee2e561195dfd82ab260497412e326bb57f2ee5bbe9042d8,599.0,1006.8,27.8,65.0
4786,1722454395936,abc0d16aaf15b3a4ee2e561195dfd82ab260497412e326bb57f2ee5bbe9042d8,608.0,1007.0,27.3,65.0
4787,1722454995922,abc0d16aaf15b3a4ee2e561195dfd82ab260497412e326bb57f2ee5bbe9042d8,602.0,1007.2,26.7,69.0
4788,1722455595850,abc0d16aaf15b3a4ee2e561195dfd82ab260497412e326bb57f2ee5bbe9042d8,525.0,1007.3,26.5,73.0
4789,1722456195850,abc0d16aaf15b3a4ee2e561195dfd82ab260497412e326bb57f2ee5bbe9042d8,566.0,1007.4,26.4,73.0
4790,1722457395795,abc0d16aaf15b3a4ee2e561195dfd82ab260497412e326bb57f2ee5bbe9042d8,621.0,1007.6,25.9,76.0
4791,1722457995772,abc0d16aaf15b3a4ee2e561195dfd82ab260497412e326bb57f2ee5bbe9042d8,611.0,1007.6,25.5,76.0
4792,1722458595732,abc0d16aaf15b3a4ee2e561195dfd82ab260497412e326bb57f2ee5bbe9042d8,537.0,1007.8,25.7,75.0
4793,1722459195672,abc0d16aaf15b3a4ee2e561195dfd82ab260497412e326bb57f2ee5bbe9042d8,558.0,1007.7,26.1,78.0
4794,1722459795675,abc0d16aaf15b3a4ee2e561195dfd82ab260497412e326bb57f2ee5bbe9042d8,521.0,1007.8,26.3,78.0
4795,1722460395686,abc0d16aaf15b3a4ee2e561195dfd82ab260497412e326bb57f2ee5bbe9042d8,496.0,1007.8,26.5,74.0
4796,1722460995620,abc0d16aaf15b3a4ee2e561195dfd82ab260497412e326bb57f2ee5bbe9042d8,497.0,1007.8,26.5,72.0
4797,1722461595601,abc0d16aaf15b3a4ee2e561195dfd82ab260497412e326bb57f2ee5bbe9042d8,487.0,1007.8,26.4,72.0
4798,1722462195572,abc0d16aaf15b3a4ee2e561195dfd82ab260497412e326bb57f2ee5bbe9042d8,500.0,1007.7,26.5,72.0
4799,1722462795526,abc0d16aaf15b3a4ee2e561195dfd82ab260497412e326bb57f2ee5bbe9042d8,500.0,1007.6,26.3,72.0
4800,1722463395512,abc0d16aaf15b3a4ee2e561195dfd82ab260497412e326bb57f2ee5bbe9042d8,475.0,1007.5,26.4,72.0
4801,1722463995497,abc0d16aaf15b3a4ee2e561195dfd82ab260497412e326bb57f2ee5bbe9042d8,474.0,1007.4,26.3,69.0
4802,1722464595461,abc0d16aaf15b3a4ee2e561195dfd82ab260497412e326bb57f2ee5bbe9042d8,476.0,1007.3,26.4,69.0
4803,1722465195432,abc0d16aaf15b3a4ee2e561195dfd82ab260497412e326bb57f2ee5bbe9042d8,496.0,1007.4,26.2,69.0
4804,1722465795408,abc0d16aaf15b3a4ee2e561195dfd82ab260497412e326bb57f2ee5bbe9042d8,489.0,1007.3,26.3,70.0
4805,1722466395351,abc0d16aaf15b3a4ee2e561195dfd82ab260497412e326bb57f2ee5bbe9042d8,500.0,1007.4,26.3,71.0
4806,1722466995344,abc0d16aaf15b3a4ee2e561195dfd82ab260497412e326bb57f2ee5bbe9042d8,501.0,1007.2,26.1,71.0
4807,1722467595308,abc0d16aaf15b3a4ee2e561195dfd82ab260497412e326bb57f2ee5bbe9042d8,476.0,1007.3,26.0,71.0
4808,1722468195272,abc0d16aaf15b3a4ee2e561195dfd82ab260497412e326bb57f2ee5bbe9042d8,509.0,1007.2,25.9,70.0
4809,1722468795256,abc0d16aaf15b3a4ee2e561195dfd82ab260497412e326bb57f2ee5bbe9042d8,492.0,1007.4,25.8,70.0
4810,1722469395230,abc0d16aaf15b3a4ee2e561195dfd82ab260497412e326bb57f2ee5bbe9042d8,510.0,1007.3,25.9,70.0
4811,1722469995166,abc0d16aaf15b3a4ee2e561195dfd82ab260497412e326bb57f2ee5bbe9042d8,496.0,1007.2,25.8,69.0
4812,1722470595167,abc0d16aaf15b3a4ee2e561195dfd82ab260497412e326bb57f2ee5bbe9042d8,498.0,1007.3,25.6,69.0
4813,1722471196852,abc0d16aaf15b3a4ee2e561195dfd82ab260497412e326bb57f2ee5bbe9042d8,504.0,1007.2,25.6,68.0
4814,1722471795098,abc0d16aaf15b3a4ee2e561195dfd82ab260497412e326bb57f2ee5bbe9042d8,499.0,1007.2,25.6,67.0
4815,1722472395082,abc0d16aaf15b3a4ee2e561195dfd82ab260497412e326bb57f2ee5bbe9042d8,502.0,1007.2,25.7,67.0
4816,1722472995052,abc0d16aaf15b3a4ee2e561195dfd82ab260497412e326bb57f2ee5bbe9042d8,504.0,1007.2,25.3,68.0
4817,1722473594996,abc0d16aaf15b3a4ee2e561195dfd82ab260497412e326bb57f2ee5bbe9042d8,517.0,1007.3,25.0,69.0
4818,1722474195001,abc0d16aaf15b3a4ee2e561195dfd82ab260497412e326bb57f2ee5bbe9042d8,516.0,1007.1,24.5,69.0
4819,1722474794972,abc0d16aaf15b3a4ee2e561195dfd82ab260497412e326bb57f2ee5bbe9042d8,546.0,1007.1,24.0,70.0
4820,1722475394924,abc0d16aaf15b3a4ee2e561195dfd82ab260497412e326bb57f2ee5bbe9042d8,569.0,1007.0,23.6,71.0
4821,1722475994902,abc0d16aaf15b3a4ee2e561195dfd82ab260497412e326bb57f2ee5bbe9042d8,511.0,1007.2,23.6,71.0
4822,1722476594888,abc0d16aaf15b3a4ee2e561195dfd82ab260497412e326bb57f2ee5bbe9042d8,510.0,1007.2,23.7,72.0
4823,1722477194896,abc0d16aaf15b3a4ee2e561195dfd82ab260497412e326bb57f2ee5bbe9042d8,509.0,1007.2,23.7,73.0
4824,1722477794816,abc0d16aaf15b3a4ee2e561195dfd82ab260497412e326bb57f2ee5bbe9042d8,508.0,1007.1,23.7,73.0
4825,1722478394798,abc0d16aaf15b3a4ee2e561195dfd82ab260497412e326bb57f2ee5bbe9042d8,483.0,1007.3,23.6,75.0
4826,1722478994750,abc0d16aaf15b3a4ee2e561195dfd82ab260497412e326bb57f2ee5bbe9042d8,523.0,1007.1,23.4,77.0
4827,1722479594727,abc0d16aaf15b3a4ee2e561195dfd82ab260497412e326bb57f2ee5bbe9042d8,517.0,1007.1,23.2,77.0
4828,1722480194713,abc0d16aaf15b3a4ee2e561195dfd82ab260497412e326bb57f2ee5bbe9042d8,551.0,1007.1,22.9,78.0
4829,1722480794654,abc0d16aaf15b3a4ee2e561195dfd82ab260497412e326bb57f2ee5bbe9042d8,513.0,1007.1,22.8,80.0
4830,1722481394652,abc0d16aaf15b3a4ee2e561195dfd82ab260497412e326bb57f2ee5bbe9042d8,576.0,1007.0,22.5,80.0
4831,1722481994660,abc0d16aaf15b3a4ee2e561195dfd82ab260497412e326bb57f2ee5bbe9042d8,529.0,1007.1,22.4,79.0
4832,1722482594585,abc0d16aaf15b3a4ee2e561195dfd82ab260497412e326bb57f2ee5bbe9042d8,526.0,1007.1,22.3,79.0
4833,1722483194552,abc0d16aaf15b3a4ee2e561195dfd82ab260497412e326bb57f2ee5bbe9042d8,544.0,1007.1,22.1,79.0
4834,1722483794523,abc0d16aaf15b3a4ee2e561195dfd82ab260497412e326bb57f2ee5bbe9042d8,524.0,1007.1,22.1,79.0
4835,1722484394480,abc0d16aaf15b3a4ee2e561195dfd82ab260497412e326bb57f2ee5bbe9042d8,517.0,1007.3,22.2,79.0
4836,1722484994477,abc0d16aaf15b3a4ee2e561195dfd82ab260497412e326bb57f2ee5bbe9042d8,523.0,1007.3,22.2,79.0
4837,1722485594441,abc0d16aaf15b3a4ee2e561195dfd82ab260497412e326bb57f2ee5bbe9042d8,527.0,1007.3,22.3,78.0
4838,1722486194407,abc0d16aaf15b3a4ee2e561195dfd82ab260497412e326bb57f2ee5bbe9042d8,510.0,1007.3,22.6,77.0
4839,1722486794391,abc0d16aaf15b3a4ee2e561195dfd82ab260497412e326bb57f2ee5bbe9042d8,520.0,1007.2,22.9,77.0
4840,1722487394367,abc0d16aaf15b3a4ee2e561195dfd82ab260497412e326bb57f2ee5bbe9042d8,524.0,1007.1,23.2,78.0
4841,1722487994305,abc0d16aaf15b3a4ee2e561195dfd82ab260497412e326bb57f2ee5bbe9042d8,507.0,1007.1,23.9,75.0
4842,1722488594300,abc0d16aaf15b3a4ee2e561195dfd82ab260497412e326bb57f2ee5bbe9042d8,505.0,1007.1,25.1,75.0
4843,1722489194284,abc0d16aaf15b3a4ee2e561195dfd82ab260497412e326bb57f2ee5bbe9042d8,491.0,1006.9,26.0,74.0
4844,1722489794228,abc0d16aaf15b3a4ee2e561195dfd82ab260497412e326bb57f2ee5bbe9042d8,512.0,1007.0,27.0,71.0
4845,1722490394206,abc0d16aaf15b3a4ee2e561195dfd82ab260497412e326bb57f2ee5bbe9042d8,505.0,1006.9,27.8,71.0
4846,1722490994197,abc0d16aaf15b3a4ee2e561195dfd82ab260497412e326bb57f2ee5bbe9042d8,495.0,1007.0,27.4,70.0
4847,1722491594144,abc0d16aaf15b3a4ee2e561195dfd82ab260497412e326bb57f2ee5bbe9042d8,480.0,1006.8,28.3,66.0
4848,1722492194170,abc0d16aaf15b3a4ee2e561195dfd82ab260497412e326bb57f2ee5bbe9042d8,502.0,1006.6,29.5,66.0
4849,1722492794104,abc0d16aaf15b3a4ee2e561195dfd82ab260497412e326bb57f2ee5bbe9042d8,474.0,1006.5,30.9,65.0
4850,1722493394056,abc0d16aaf15b3a4ee2e561195dfd82ab260497412e326bb57f2ee5bbe9042d8,461.0,1006.4,31.3,64.0
4851,1722493994048,abc0d16aaf15b3a4ee2e561195dfd82ab260497412e326bb57f2ee5bbe9042d8,492.0,1006.3,31.8,64.0
4852,1722494594028,abc0d16aaf15b3a4ee2e561195dfd82ab260497412e326bb57f2ee5bbe9042d8,469.0,1006.4,32.5,62.0
4853,1722495193958,abc0d16aaf15b3a4ee2e561195dfd82ab260497412e326bb57f2ee5bbe9042d8,460.0,1006.3,32.4,59.0
4854,1722495793954,abc0d16aaf15b3a4ee2e561195dfd82ab260497412e326bb57f2ee5bbe9042d8,478.0,1006.4,32.3,59.0
4855,1722496393924,abc0d16aaf15b3a4ee2e561195dfd82ab260497412e326bb57f2ee5bbe9042d8,465.0,1006.5,32.2,59.0
4856,1722496993904,abc0d16aaf15b3a4ee2e561195dfd82ab260497412e326bb57f2ee5bbe9042d8,463.0,1006.5,32.7,58.0
4857,1722497593897,abc0d16aaf15b3a4ee2e561195dfd82ab260497412e326bb57f2ee5bbe9042d8,467.0,1006.1,33.5,58.0
4858,1722498193863,abc0d16aaf15b3a4ee2e561195dfd82ab260497412e326bb57f2ee5bbe9042d8,459.0,1006.0,34.4,53.0
4859,1722498793795,abc0d16aaf15b3a4ee2e561195dfd82ab260497412e326bb57f2ee5bbe9042d8,459.0,1006.0,35.0,54.0
4860,1722499393803,abc0d16aaf15b3a4ee2e561195dfd82ab260497412e326bb57f2ee5bbe9042d8,470.0,1005.9,35.4,54.0
4861,1722499993788,abc0d16aaf15b3a4ee2e561195dfd82ab260497412e326bb57f2ee5bbe9042d8,457.0,1005.9,35.7,54.0
4862,1722500593733,abc0d16aaf15b3a4ee2e561195dfd82ab260497412e326bb57f2ee5bbe9042d8,451.0,1005.7,36.4,55.0
4863,1722501193718,abc0d16aaf15b3a4ee2e561195dfd82ab260497412e326bb57f2ee5bbe9042d8,434.0,1005.5,36.8,55.0
4864,1722501793687,abc0d16aaf15b3a4ee2e561195dfd82ab260497412e326bb57f2ee5bbe9042d8,425.0,1005.4,36.9,54.0
4865,1722502393651,abc0d16aaf15b3a4ee2e561195dfd82ab260497412e326bb57f2ee5bbe9042d8,451.0,1005.4,36.7,56.0
4866,1722502993679,abc0d16aaf15b3a4ee2e561195dfd82ab260497412e326bb57f2ee5bbe9042d8,444.0,1005.3,36.3,56.0
4867,1722503593621,abc0d16aaf15b3a4ee2e561195dfd82ab260497412e326bb57f2ee5bbe9042d8,473.0,1005.3,36.6,56.0
4868,1722504193583,abc0d16aaf15b3a4ee2e561195dfd82ab260497412e326bb57f2ee5bbe9042d8,456.0,1005.4,36.4,56.0
4869,1722504793572,abc0d16aaf15b3a4ee2e561195dfd82ab260497412e326bb57f2ee5bbe9042d8,474.0,1005.4,35.9,56.0
4870,1722505393542,abc0d16aaf15b3a4ee2e561195dfd82ab260497412e326bb57f2ee5bbe9042d8,444.0,1005.5,35.6,59.0
4871,1722505993472,abc0d16aaf15b3a4ee2e561195dfd82ab260497412e326bb57f2ee5bbe9042d8,469.0,1005.4,36.0,56.0
4872,1722506593516,abc0d16aaf15b3a4ee2e561195dfd82ab260497412e326bb57f2ee5bbe9042d8,440.0,1005.3,36.1,56.0
4873,1722507193506,abc0d16aaf15b3a4ee2e561195dfd82ab260497412e326bb57f2ee5bbe9042d8,449.0,1005.3,36.1,56.0
4874,1722507793456,abc0d16aaf15b3a4ee2e561195dfd82ab260497412e326bb57f2ee5bbe9042d8,449.0,1005.2,36.1,56.0
4875,1722508393426,abc0d16aaf15b3a4ee2e561195dfd82ab260497412e326bb57f2ee5bbe9042d8,469.0,1005.1,36.3,56.0
4876,1722508993411,abc0d16aaf15b3a4ee2e561195dfd82ab260497412e326bb57f2ee5bbe9042d8,452.0,1005.0,36.2,54.0
4877,1722509593358,abc0d16aaf15b3a4ee2e561195dfd82ab260497412e326bb57f2ee5bbe9042d8,441.0,1004.9,36.6,53.0
4878,1722510193367,abc0d16aaf15b3a4ee2e561195dfd82ab260497412e326bb57f2ee5bbe9042d8,445.0,1004.9,36.3,53.0
4879,1722510793345,abc0d16aaf15b3a4ee2e561195dfd82ab260497412e326bb57f2ee5bbe9042d8,424.0,1004.7,36.4,53.0
4880,1722511393292,abc0d16aaf15b3a4ee2e561195dfd82ab260497412e326bb57f2ee5bbe9042d8,440.0,1004.7,36.7,51.0
4881,1722511993298,abc0d16aaf15b3a4ee2e561195dfd82ab260497412e326bb57f2ee5bbe9042d8,439.0,1004.6,36.9,51.0
4882,1722512593274,abc0d16aaf15b3a4ee2e561195dfd82ab260497412e326bb57f2ee5bbe9042d8,470.0,1004.5,37.3,50.0
4883,1722513193223,abc0d16aaf15b3a4ee2e561195dfd82ab260497412e326bb57f2ee5bbe9042d8,429.0,1004.2,37.3,49.0
4884,1722513793229,abc0d16aaf15b3a4ee2e561195dfd82ab260497412e326bb57f2ee5bbe9042d8,439.0,1004.1,37.3,49.0
4885,1722514393205,abc0d16aaf15b3a4ee2e561195dfd82ab260497412e326bb57f2ee5bbe9042d8,437.0,1004.0,37.9,48.0
4886,1722514993163,abc0d16aaf15b3a4ee2e561195dfd82ab260497412e326bb57f2ee5bbe9042d8,423.0,1003.9,38.2,47.0
4887,1722515593164,abc0d16aaf15b3a4ee2e561195dfd82ab260497412e326bb57f2ee5bbe9042d8,453.0,1003.8,37.5,47.0
4888,1722516193136,abc0d16aaf15b3a4ee2e561195dfd82ab260497412e326bb57f2ee5bbe9042d8,458.0,1003.6,38.6,46.0
4889,1722516793115,abc0d16aaf15b3a4ee2e561195dfd82ab260497412e326bb57f2ee5bbe9042d8,443.0,1003.5,38.1,45.0
4890,1722517393101,abc0d16aaf15b3a4ee2e561195dfd82ab260497412e326bb57f2ee5bbe9042d8,430.0,1003.3,38.5,45.0
4891,1722517993078,abc0d16aaf15b3a4ee2e561195dfd82ab260497412e326bb57f2ee5bbe9042d8,438.0,1003.2,39.4,44.0
4892,1722518593045,abc0d16aaf15b3a4ee2e561195dfd82ab260497412e326bb57f2ee5bbe9042d8,465.0,1003.0,39.3,43.0
4893,1722519193037,abc0d16aaf15b3a4ee2e561195dfd82ab260497412e326bb57f2ee5bbe9042d8,415.0,1002.9,39.9,43.0
4894,1722519793001,abc0d16aaf15b3a4ee2e561195dfd82ab260497412e326bb57f2ee5bbe9042d8,418.0,1002.8,39.8,44.0
4895,1722520392976,abc0d16aaf15b3a4ee2e561195dfd82ab260497412e326bb57f2ee5bbe9042d8,430.0,1002.8,39.4,38.0
4896,1722520992995,abc0d16aaf15b3a4ee2e561195dfd82ab260497412e326bb57f2ee5bbe9042d8,417.0,1002.7,39.3,38.0
4897,1722521592949,abc0d16aaf15b3a4ee2e561195dfd82ab260497412e326bb57f2ee5bbe9042d8,447.0,1002.6,38.4,40.0
4898,1722522194629,abc0d16aaf15b3a4ee2e561195dfd82ab260497412e326bb57f2ee5bbe9042d8,419.0,1002.5,38.1,40.0
4899,1722522792898,abc0d16aaf15b3a4ee2e561195dfd82ab260497412e326bb57f2ee5bbe9042d8,440.0,1002.3,37.7,40.0
4900,1722523392893,abc0d16aaf15b3a4ee2e561195dfd82ab260497412e326bb57f2ee5bbe9042d8,424.0,1002.2,37.5,41.0
4901,1722523992872,abc0d16aaf15b3a4ee2e561195dfd82ab260497412e326bb57f2ee5bbe9042d8,410.0,1002.1,37.6,38.0
4902,1722524592854,abc0d16aaf15b3a4ee2e561195dfd82ab260497412e326bb57f2ee5bbe9042d8,417.0,1002.1,37.3,38.0
4903,1722525794493,abc0d16aaf15b3a4ee2e561195dfd82ab260497412e326bb57f2ee5bbe9042d8,437.0,1002.1,36.7,37.0
4904,1722526392770,abc0d16aaf15b3a4ee2e561195dfd82ab260497412e326bb57f2ee5bbe9042d8,422.0,1002.2,36.4,37.0
4905,1722526992742,abc0d16aaf15b3a4ee2e561195dfd82ab260497412e326bb57f2ee5bbe9042d8,446.0,1002.1,36.4,37.0
4906,1722527592701,abc0d16aaf15b3a4ee2e561195dfd82ab260497412e326bb57f2ee5bbe9042d8,442.0,1002.1,36.1,37.0
4907,1722528192698,abc0d16aaf15b3a4ee2e561195dfd82ab260497412e326bb57f2ee5bbe9042d8,444.0,1002.1,36.0,37.0
4908,1722528792660,abc0d16aaf15b3a4ee2e561195dfd82ab260497412e326bb57f2ee5bbe9042d8,417.0,1001.9,35.7,36.0
4909,1722529392606,abc0d16aaf15b3a4ee2e561195dfd82ab260497412e326bb57f2ee5bbe9042d8,447.0,1001.9,35.6,38.0
4910,1722529992623,abc0d16aaf15b3a4ee2e561195dfd82ab260497412e326bb57f2ee5bbe9042d8,428.0,1001.8,35.5,38.0
4911,1722530592610,abc0d16aaf15b3a4ee2e561195dfd82ab260497412e326bb57f2ee5bbe9042d8,434.0,1001.8,35.4,37.0
4912,1722531192537,abc0d16aaf15b3a4ee2e561195dfd82ab260497412e326bb57f2ee5bbe9042d8,435.0,1001.7,35.4,35.0
4913,1722531792536,abc0d16aaf15b3a4ee2e561195dfd82ab260497412e326bb57f2ee5bbe9042d8,431.0,1001.7,34.7,35.0
4914,1722532392519,abc0d16aaf15b3a4ee2e561195dfd82ab260497412e326bb57f2ee5bbe9042d8,431.0,1001.7,33.9,34.0
4915,1722532992486,abc0d16aaf15b3a4ee2e561195dfd82ab260497412e326bb57f2ee5bbe9042d8,425.0,1001.6,33.4,35.0
4916,1722533592473,abc0d16aaf15b3a4ee2e561195dfd82ab260497412e326bb57f2ee5bbe9042d8,425.0,1001.6,33.0,35.0
4917,1722534192449,abc0d16aaf15b3a4ee2e561195dfd82ab260497412e326bb57f2ee5bbe9042d8,446.0,1001.7,32.5,36.0
4918,1722534792397,abc0d16aaf15b3a4ee2e561195dfd82ab260497412e326bb57f2ee5bbe9042d8,445.0,1001.8,31.7,37.0
4919,1722535392397,abc0d16aaf15b3a4ee2e561195dfd82ab260497412e326bb57f2ee5bbe9042d8,439.0,1002.0,30.9,37.0
4920,1722535992349,abc0d16aaf15b3a4ee2e561195dfd82ab260497412e326bb57f2ee5bbe9042d8,429.0,1002.2,30.4,37.0
4921,1722536592328,abc0d16aaf15b3a4ee2e561195dfd82ab260497412e326bb57f2ee5bbe9042d8,448.0,1002.2,29.8,37.0
4922,1722537192303,abc0d16aaf15b3a4ee2e561195dfd82ab260497412e326bb57f2ee5bbe9042d8,457.0,1002.1,29.5,37.0
4923,1722537792289,abc0d16aaf15b3a4ee2e561195dfd82ab260497412e326bb57f2ee5bbe9042d8,445.0,1002.0,29.4,36.0
4924,1722538392234,abc0d16aaf15b3a4ee2e561195dfd82ab260497412e326bb57f2ee5bbe9042d8,455.0,1002.0,29.3,37.0
4925,1722538992211,abc0d16aaf15b3a4ee2e561195dfd82ab260497412e326bb57f2ee5bbe9042d8,451.0,1002.2,29.3,37.0
4926,1722539592195,abc0d16aaf15b3a4ee2e561195dfd82ab260497412e326bb57f2ee5bbe9042d8,454.0,1002.7,29.1,37.0
4927,1722540192155,abc0d16aaf15b3a4ee2e561195dfd82ab260497412e326bb57f2ee5bbe9042d8,458.0,1003.0,28.8,38.0
4928,1722540792145,abc0d16aaf15b3a4ee2e561195dfd82ab260497412e326bb57f2ee5bbe9042d8,447.0,1003.1,28.5,38.0
4929,1722541392140,abc0d16aaf15b3a4ee2e561195dfd82ab260497412e326bb57f2ee5bbe9042d8,446.0,1003.3,28.2,40.0
4930,1722541992055,abc0d16aaf15b3a4ee2e561195dfd82ab260497412e326bb57f2ee5bbe9042d8,460.0,1003.5,28.0,38.0
4931,1722542592050,abc0d16aaf15b3a4ee2e561195dfd82ab260497412e326bb57f2ee5bbe9042d8,461.0,1003.5,28.4,38.0
4932,1722543191996,abc0d16aaf15b3a4ee2e561195dfd82ab260497412e326bb57f2ee5bbe9042d8,447.0,1003.4,28.1,39.0
4933,1722544392007,abc0d16aaf15b3a4ee2e561195dfd82ab260497412e326bb57f2ee5bbe9042d8,482.0,1003.2,27.1,40.0
4934,1722544991945,abc0d16aaf15b3a4ee2e561195dfd82ab260497412e326bb57f2ee5bbe9042d8,452.0,1003.5,26.9,40.0
4935,1722545591888,abc0d16aaf15b3a4ee2e561195dfd82ab260497412e326bb57f2ee5bbe9042d8,461.0,1003.7,26.8,42.0
4936,1722546191872,abc0d16aaf15b3a4ee2e561195dfd82ab260497412e326bb57f2ee5bbe9042d8,457.0,1004.0,26.4,42.0
4937,1722546791848,abc0d16aaf15b3a4ee2e561195dfd82ab260497412e326bb57f2ee5bbe9042d8,489.0,1004.1,26.5,42.0
4938,1722547391805,abc0d16aaf15b3a4ee2e561195dfd82ab260497412e326bb57f2ee5bbe9042d8,451.0,1004.2,26.4,42.0
4939,1722547991784,abc0d16aaf15b3a4ee2e561195dfd82ab260497412e326bb57f2ee5bbe9042d8,487.0,1004.2,25.8,42.0
4940,1722548591768,abc0d16aaf15b3a4ee2e561195dfd82ab260497412e326bb57f2ee5bbe9042d8,497.0,1004.5,25.6,43.0
4941,1722549191709,abc0d16aaf15b3a4ee2e561195dfd82ab260497412e326bb57f2ee5bbe9042d8,486.0,1004.7,25.3,46.0
4942,1722549791731,abc0d16aaf15b3a4ee2e561195dfd82ab260497412e326bb57f2ee5bbe9042d8,499.0,1004.8,25.1,46.0
4943,1722550391675,abc0d16aaf15b3a4ee2e561195dfd82ab260497412e326bb57f2ee5bbe9042d8,512.0,1004.9,24.5,52.0
4944,1722550991631,abc0d16aaf15b3a4ee2e561195dfd82ab260497412e326bb57f2ee5bbe9042d8,496.0,1005.2,24.8,62.0
4945,1722551591620,abc0d16aaf15b3a4ee2e561195dfd82ab260497412e326bb57f2ee5bbe9042d8,484.0,1005.4,25.6,62.0
4946,1722552193306,abc0d16aaf15b3a4ee2e561195dfd82ab260497412e326bb57f2ee5bbe9042d8,497.0,1005.4,25.5,68.0
4947,1722552791538,abc0d16aaf15b3a4ee2e561195dfd82ab260497412e326bb57f2ee5bbe9042d8,470.0,1005.5,25.4,68.0
4948,1722553391526,abc0d16aaf15b3a4ee2e561195dfd82ab260497412e326bb57f2ee5bbe9042d8,479.0,1005.4,25.4,68.0
4949,1722553991467,abc0d16aaf15b3a4ee2e561195dfd82ab260497412e326bb57f2ee5bbe9042d8,491.0,1005.4,25.2,68.0
4950,1722554591462,abc0d16aaf15b3a4ee2e561195dfd82ab260497412e326bb57f2ee5bbe9042d8,510.0,1005.5,24.8,69.0
4951,1722555191476,abc0d16aaf15b3a4ee2e561195dfd82ab260497412e326bb57f2ee5bbe9042d8,463.0,1005.5,24.8,69.0
4952,1722555791425,abc0d16aaf15b3a4ee2e561195dfd82ab260497412e326bb57f2ee5bbe9042d8,498.0,1005.5,24.7,68.0
4953,1722556391368,abc0d16aaf15b3a4ee2e561195dfd82ab260497412e326bb57f2ee5bbe9042d8,472.0,1005.5,24.8,68.0
4954,1722556991354,abc0d16aaf15b3a4ee2e561195dfd82ab260497412e326bb57f2ee5bbe9042d8,492.0,1005.4,24.7,68.0
4955,1722557591328,abc0d16aaf15b3a4ee2e561195dfd82ab260497412e326bb57f2ee5bbe9042d8,494.0,1005.3,24.5,68.0
4956,1722558191291,abc0d16aaf15b3a4ee2e561195dfd82ab260497412e326bb57f2ee5bbe9042d8,506.0,1005.3,24.1,61.0
4957,1722558791275,abc0d16aaf15b3a4ee2e561195dfd82ab260497412e326bb57f2ee5bbe9042d8,502.0,1005.5,24.3,61.0
4958,1722559391286,abc0d16aaf15b3a4ee2e561195dfd82ab260497412e326bb57f2ee5bbe9042d8,501.0,1005.3,24.3,63.0
4959,1722559991192,abc0d16aaf15b3a4ee2e561195dfd82ab260497412e326bb57f2ee5bbe9042d8,475.0,1005.3,24.3,67.0
4960,1722560591190,abc0d16aaf15b3a4ee2e561195dfd82ab260497412e326bb57f2ee5bbe9042d8,482.0,1005.4,24.2,67.0
4961,1722561191158,abc0d16aaf15b3a4ee2e561195dfd82ab260497412e326bb57f2ee5bbe9042d8,465.0,1005.5,24.3,71.0
4962,1722561791114,abc0d16aaf15b3a4ee2e561195dfd82ab260497412e326bb57f2ee5bbe9042d8,467.0,1005.5,24.1,73.0
4963,1722562391120,abc0d16aaf15b3a4ee2e561195dfd82ab260497412e326bb57f2ee5bbe9042d8,457.0,1005.5,24.0,73.0
4964,1722562991076,abc0d16aaf15b3a4ee2e561195dfd82ab260497412e326bb57f2ee5bbe9042d8,455.0,1005.5,24.0,76.0
4965,1722563591084,abc0d16aaf15b3a4ee2e561195dfd82ab260497412e326bb57f2ee5bbe9042d8,468.0,1005.5,24.0,78.0
4966,1722564190998,abc0d16aaf15b3a4ee2e561195dfd82ab260497412e326bb57f2ee5bbe9042d8,453.0,1005.3,23.7,78.0
4967,1722564790990,abc0d16aaf15b3a4ee2e561195dfd82ab260497412e326bb57f2ee5bbe9042d8,459.0,1005.2,23.5,80.0
4968,1722565390956,abc0d16aaf15b3a4ee2e561195dfd82ab260497412e326bb57f2ee5bbe9042d8,480.0,1005.2,23.3,81.0
4969,1722565990943,abc0d16aaf15b3a4ee2e561195dfd82ab260497412e326bb57f2ee5bbe9042d8,472.0,1005.3,23.1,81.0
4970,1722566590889,abc0d16aaf15b3a4ee2e561195dfd82ab260497412e326bb57f2ee5bbe9042d8,485.0,1005.2,22.9,84.0
4971,1722567190846,abc0d16aaf15b3a4ee2e561195dfd82ab260497412e326bb57f2ee5bbe9042d8,465.0,1005.1,22.6,85.0
4972,1722567790832,abc0d16aaf15b3a4ee2e561195dfd82ab260497412e326bb57f2ee5bbe9042d8,459.0,1005.1,22.5,85.0
4973,1722568390803,abc0d16aaf15b3a4ee2e561195dfd82ab260497412e326bb57f2ee5bbe9042d8,486.0,1005.1,22.4,85.0
4974,1722568990769,abc0d16aaf15b3a4ee2e561195dfd82ab260497412e326bb57f2ee5bbe9042d8,504.0,1005.1,22.0,88.0
4975,1722569590734,abc0d16aaf15b3a4ee2e561195dfd82ab260497412e326bb57f2ee5bbe9042d8,535.0,1005.2,21.6,88.0
4976,1722570190719,abc0d16aaf15b3a4ee2e561195dfd82ab260497412e326bb57f2ee5bbe9042d8,622.0,1005.3,21.3,89.0
4977,1722570790673,abc0d16aaf15b3a4ee2e561195dfd82ab260497412e326bb57f2ee5bbe9042d8,562.0,1005.4,21.0,90.0
4978,1722571390667,abc0d16aaf15b3a4ee2e561195dfd82ab260497412e326bb57f2ee5bbe9042d8,500.0,1005.4,21.3,90.0
4979,1722571990632,abc0d16aaf15b3a4ee2e561195dfd82ab260497412e326bb57f2ee5bbe9042d8,495.0,1005.4,21.4,90.0
4980,1722572590588,abc0d16aaf15b3a4ee2e561195dfd82ab260497412e326bb57f2ee5bbe9042d8,494.0,1005.4,21.7,88.0
4981,1722573190568,abc0d16aaf15b3a4ee2e561195dfd82ab260497412e326bb57f2ee5bbe9042d8,476.0,1005.5,22.1,88.0
4982,1722573790531,abc0d16aaf15b3a4ee2e561195dfd82ab260497412e326bb57f2ee5bbe9042d8,485.0,1005.4,22.3,86.0
4983,1722574390509,abc0d16aaf15b3a4ee2e561195dfd82ab260497412e326bb57f2ee5bbe9042d8,473.0,1005.4,22.5,85.0
4984,1722574990485,abc0d16aaf15b3a4ee2e561195dfd82ab260497412e326bb57f2ee5bbe9042d8,474.0,1005.5,23.1,85.0
4985,1722575590463,abc0d16aaf15b3a4ee2e561195dfd82ab260497412e326bb57f2ee5bbe9042d8,478.0,1005.5,24.0,83.0
4986,1722576790409,abc0d16aaf15b3a4ee2e561195dfd82ab260497412e326bb57f2ee5bbe9042d8,462.0,1005.4,25.7,83.0
4987,1722577390340,abc0d16aaf15b3a4ee2e561195dfd82ab260497412e326bb57f2ee5bbe9042d8,457.0,1005.4,26.0,83.0
4988,1722577990324,abc0d16aaf15b3a4ee2e561195dfd82ab260497412e326bb57f2ee5bbe9042d8,473.0,1005.4,27.2,80.0
4989,1722578590315,abc0d16aaf15b3a4ee2e561195dfd82ab260497412e326bb57f2ee5bbe9042d8,449.0,1005.4,28.2,80.0
4990,1722579190287,abc0d16aaf15b3a4ee2e561195dfd82ab260497412e326bb57f2ee5bbe9042d8,470.0,1005.3,29.0,80.0
4991,1722579790254,abc0d16aaf15b3a4ee2e561195dfd82ab260497412e326bb57f2ee5bbe9042d8,466.0,1005.3,30.0,76.0
4992,1722580390223,abc0d16aaf15b3a4ee2e561195dfd82ab260497412e326bb57f2ee5bbe9042d8,469.0,1005.1,31.0,76.0
4993,1722580990196,abc0d16aaf15b3a4ee2e561195dfd82ab260497412e326bb57f2ee5bbe9042d8,450.0,1005.2,31.6,75.0
4994,1722581590216,abc0d16aaf15b3a4ee2e561195dfd82ab260497412e326bb57f2ee5bbe9042d8,471.0,1005.1,31.8,75.0
4995,1722582190144,abc0d16aaf15b3a4ee2e561195dfd82ab260497412e326bb57f2ee5bbe9042d8,452.0,1004.9,32.2,75.0
4996,1722582790119,abc0d16aaf15b3a4ee2e561195dfd82ab260497412e326bb57f2ee5bbe9042d8,461.0,1004.9,32.4,74.0
4997,1722583390083,abc0d16aaf15b3a4ee2e561195dfd82ab260497412e326bb57f2ee5bbe9042d8,486.0,1004.8,33.1,72.0
4998,1722583990069,abc0d16aaf15b3a4ee2e561195dfd82ab260497412e326bb57f2ee5bbe9042d8,452.0,1004.7,33.3,72.0
4999,1722584590034,abc0d16aaf15b3a4ee2e561195dfd82ab260497412e326bb57f2ee5bbe9042d8,478.0,1004.7,33.3,70.0
5000,1722585190007,abc0d16aaf15b3a4ee2e561195dfd82ab260497412e326bb57f2ee5bbe9042d8,455.0,1004.7,33.2,69.0
5001,1722585789984,abc0d16aaf15b3a4ee2e561195dfd82ab260497412e326bb57f2ee5bbe9042d8,495.0,1004.7,33.6,69.0
5002,1722586389951,abc0d16aaf15b3a4ee2e561195dfd82ab260497412e326bb57f2ee5bbe9042d8,449.0,1004.8,31.6,70.0
5003,1722586989919,abc0d16aaf15b3a4ee2e561195dfd82ab260497412e326bb57f2ee5bbe9042d8,447.0,1004.7,31.6,67.0
5004,1722587589913,abc0d16aaf15b3a4ee2e561195dfd82ab260497412e326bb57f2ee5bbe9042d8,444.0,1004.5,32.7,67.0
5005,1722588189866,abc0d16aaf15b3a4ee2e561195dfd82ab260497412e326bb57f2ee5bbe9042d8,467.0,1004.4,33.3,65.0
5006,1722588789830,abc0d16aaf15b3a4ee2e561195dfd82ab260497412e326bb57f2ee5bbe9042d8,450.0,1004.4,34.1,64.0
5007,1722589389822,abc0d16aaf15b3a4ee2e561195dfd82ab260497412e326bb57f2ee5bbe9042d8,463.0,1004.3,34.0,64.0
5008,1722589989817,abc0d16aaf15b3a4ee2e561195dfd82ab260497412e326bb57f2ee5bbe9042d8,463.0,1004.3,33.6,64.0
5009,1722590589752,abc0d16aaf15b3a4ee2e561195dfd82ab260497412e326bb57f2ee5bbe9042d8,464.0,1004.3,33.7,61.0
5010,1722591189741,abc0d16aaf15b3a4ee2e561195dfd82ab260497412e326bb57f2ee5bbe9042d8,460.0,1004.2,34.3,61.0
5011,1722591789718,abc0d16aaf15b3a4ee2e561195dfd82ab260497412e326bb57f2ee5bbe9042d8,438.0,1004.2,34.4,59.0
5012,1722592389688,abc0d16aaf15b3a4ee2e561195dfd82ab260497412e326bb57f2ee5bbe9042d8,440.0,1004.1,34.2,60.0
5013,1722592989665,abc0d16aaf15b3a4ee2e561195dfd82ab260497412e326bb57f2ee5bbe9042d8,440.0,1004.0,33.9,60.0
5014,1722593589650,abc0d16aaf15b3a4ee2e561195dfd82ab260497412e326bb57f2ee5bbe9042d8,452.0,1003.9,34.4,62.0
5015,1722594189611,abc0d16aaf15b3a4ee2e561195dfd82ab260497412e326bb57f2ee5bbe9042d8,456.0,1003.9,34.0,61.0
5016,1722594789586,abc0d16aaf15b3a4ee2e561195dfd82ab260497412e326bb57f2ee5bbe9042d8,447.0,1003.9,33.5,61.0
5017,1722595389524,abc0d16aaf15b3a4ee2e561195dfd82ab260497412e326bb57f2ee5bbe9042d8,458.0,1003.8,33.9,61.0
5018,1722595989532,abc0d16aaf15b3a4ee2e561195dfd82ab260497412e326bb57f2ee5bbe9042d8,427.0,1003.7,34.4,58.0
5019,1722596589532,abc0d16aaf15b3a4ee2e561195dfd82ab260497412e326bb57f2ee5bbe9042d8,450.0,1003.6,34.4,58.0
5020,1722597189492,abc0d16aaf15b3a4ee2e561195dfd82ab260497412e326bb57f2ee5bbe9042d8,427.0,1003.5,34.4,58.0
5021,1722597789466,abc0d16aaf15b3a4ee2e561195dfd82ab260497412e326bb57f2ee5bbe9042d8,446.0,1003.4,34.7,57.0
5022,1722598389444,abc0d16aaf15b3a4ee2e561195dfd82ab260497412e326bb57f2ee5bbe9042d8,437.0,1003.3,35.3,57.0
5023,1722598989404,abc0d16aaf15b3a4ee2e561195dfd82ab260497412e326bb57f2ee5bbe9042d8,454.0,1003.1,35.3,58.0
5024,1722599589397,abc0d16aaf15b3a4ee2e561195dfd82ab260497412e326bb57f2ee5bbe9042d8,433.0,1003.0,35.5,55.0
5025,1722600189374,abc0d16aaf15b3a4ee2e561195dfd82ab260497412e326bb57f2ee5bbe9042d8,440.0,1003.0,35.7,55.0
5026,1722600789346,abc0d16aaf15b3a4ee2e561195dfd82ab260497412e326bb57f2ee5bbe9042d8,428.0,1002.7,36.1,54.0
5027,1722601389318,abc0d16aaf15b3a4ee2e561195dfd82ab260497412e326bb57f2ee5bbe9042d8,451.0,1002.5,36.1,52.0
5028,1722601989306,abc0d16aaf15b3a4ee2e561195dfd82ab260497412e326bb57f2ee5bbe9042d8,443.0,1002.4,36.6,52.0
5029,1722602589270,abc0d16aaf15b3a4ee2e561195dfd82ab260497412e326bb57f2ee5bbe9042d8,450.0,1002.3,36.6,53.0
5030,1722603189265,abc0d16aaf15b3a4ee2e561195dfd82ab260497412e326bb57f2ee5bbe9042d8,434.0,1002.2,36.9,51.0
5031,1722603789288,abc0d16aaf15b3a4ee2e561195dfd82ab260497412e326bb57f2ee5bbe9042d8,439.0,1002.0,37.4,51.0
5032,1722604389213,abc0d16aaf15b3a4ee2e561195dfd82ab260497412e326bb57f2ee5bbe9042d8,425.0,1002.0,37.3,50.0
5033,1722604989178,abc0d16aaf15b3a4ee2e561195dfd82ab260497412e326bb57f2ee5bbe9042d8,418.0,1001.7,37.6,49.0
5034,1722605589162,abc0d16aaf15b3a4ee2e561195dfd82ab260497412e326bb57f2ee5bbe9042d8,449.0,1001.5,38.0,49.0
5035,1722606189198,abc0d16aaf15b3a4ee2e561195dfd82ab260497412e326bb57f2ee5bbe9042d8,434.0,1001.3,37.9,49.0
5036,1722606789126,abc0d16aaf15b3a4ee2e561195dfd82ab260497412e326bb57f2ee5bbe9042d8,447.0,1001.4,35.7,50.0
5037,1722607389062,abc0d16aaf15b3a4ee2e561195dfd82ab260497412e326bb57f2ee5bbe9042d8,433.0,1001.3,34.0,50.0
5038,1722607989064,abc0d16aaf15b3a4ee2e561195dfd82ab260497412e326bb57f2ee5bbe9042d8,421.0,1001.4,33.2,49.0
5039,1722608589037,abc0d16aaf15b3a4ee2e561195dfd82ab260497412e326bb57f2ee5bbe9042d8,443.0,1001.3,32.5,51.0
5040,1722609189015,abc0d16aaf15b3a4ee2e561195dfd82ab260497412e326bb57f2ee5bbe9042d8,439.0,1001.3,31.9,51.0
5041,1722609788984,abc0d16aaf15b3a4ee2e561195dfd82ab260497412e326bb57f2ee5bbe9042d8,443.0,1001.0,31.8,51.0
5042,1722610390673,abc0d16aaf15b3a4ee2e561195dfd82ab260497412e326bb57f2ee5bbe9042d8,440.0,1001.3,31.6,52.0
5043,1722610988942,abc0d16aaf15b3a4ee2e561195dfd82ab260497412e326bb57f2ee5bbe9042d8,429.0,1001.3,31.1,52.0
5044,1722611588961,abc0d16aaf15b3a4ee2e561195dfd82ab260497412e326bb57f2ee5bbe9042d8,444.0,1001.2,30.6,55.0
5045,1722612190584,abc0d16aaf15b3a4ee2e561195dfd82ab260497412e326bb57f2ee5bbe9042d8,427.0,1001.4,32.6,49.0
5046,1722612788835,abc0d16aaf15b3a4ee2e561195dfd82ab260497412e326bb57f2ee5bbe9042d8,413.0,1001.5,35.5,49.0
5047,1722613388833,abc0d16aaf15b3a4ee2e561195dfd82ab260497412e326bb57f2ee5bbe9042d8,452.0,1001.5,37.7,47.0
5048,1722613988800,abc0d16aaf15b3a4ee2e561195dfd82ab260497412e326bb57f2ee5bbe9042d8,440.0,1001.5,38.7,51.0
5049,1722614588750,abc0d16aaf15b3a4ee2e561195dfd82ab260497412e326bb57f2ee5bbe9042d8,450.0,1001.5,39.3,51.0
5050,1722615188772,abc0d16aaf15b3a4ee2e561195dfd82ab260497412e326bb57f2ee5bbe9042d8,437.0,1001.5,37.5,58.0
5051,1722615788782,abc0d16aaf15b3a4ee2e561195dfd82ab260497412e326bb57f2ee5bbe9042d8,442.0,1001.4,36.4,58.0
5052,1722616388717,abc0d16aaf15b3a4ee2e561195dfd82ab260497412e326bb57f2ee5bbe9042d8,452.0,1001.3,35.4,58.0
5053,1722616988678,abc0d16aaf15b3a4ee2e561195dfd82ab260497412e326bb57f2ee5bbe9042d8,426.0,1001.0,32.5,57.0
5054,1722617588650,abc0d16aaf15b3a4ee2e561195dfd82ab260497412e326bb57f2ee5bbe9042d8,449.0,1001.1,30.2,50.0
5055,1722618188632,abc0d16aaf15b3a4ee2e561195dfd82ab260497412e326bb57f2ee5bbe9042d8,413.0,1001.0,31.1,50.0
5056,1722618788603,abc0d16aaf15b3a4ee2e561195dfd82ab260497412e326bb57f2ee5bbe9042d8,427.0,1001.2,30.7,50.0
5057,1722619388578,abc0d16aaf15b3a4ee2e561195dfd82ab260497412e326bb57f2ee5bbe9042d8,454.0,1001.3,30.8,51.0
5058,1722619988556,abc0d16aaf15b3a4ee2e561195dfd82ab260497412e326bb57f2ee5bbe9042d8,450.0,1001.2,29.6,51.0
5059,1722620588519,abc0d16aaf15b3a4ee2e561195dfd82ab260497412e326bb57f2ee5bbe9042d8,443.0,1001.2,28.5,54.0
5060,1722621188496,abc0d16aaf15b3a4ee2e561195dfd82ab260497412e326bb57f2ee5bbe9042d8,438.0,1001.2,27.6,55.0
5061,1722621790177,abc0d16aaf15b3a4ee2e561195dfd82ab260497412e326bb57f2ee5bbe9042d8,463.0,1001.2,26.9,55.0
5062,1722622388432,abc0d16aaf15b3a4ee2e561195dfd82ab260497412e326bb57f2ee5bbe9042d8,462.0,1001.1,26.4,56.0
5063,1722622988415,abc0d16aaf15b3a4ee2e561195dfd82ab260497412e326bb57f2ee5bbe9042d8,453.0,1001.2,25.9,58.0
5064,1722623588379,abc0d16aaf15b3a4ee2e561195dfd82ab260497412e326bb57f2ee5bbe9042d8,451.0,1001.3,25.6,58.0
5065,1722624188344,abc0d16aaf15b3a4ee2e561195dfd82ab260497412e326bb57f2ee5bbe9042d8,457.0,1001.5,25.5,59.0
5066,1722624788320,abc0d16aaf15b3a4ee2e561195dfd82ab260497412e326bb57f2ee5bbe9042d8,453.0,1001.5,25.2,61.0
5067,1722625388302,abc0d16aaf15b3a4ee2e561195dfd82ab260497412e326bb57f2ee5bbe9042d8,465.0,1001.7,25.2,61.0
5068,1722625988260,abc0d16aaf15b3a4ee2e561195dfd82ab260497412e326bb57f2ee5bbe9042d8,455.0,1001.5,25.1,61.0
5069,1722626588224,abc0d16aaf15b3a4ee2e561195dfd82ab260497412e326bb57f2ee5bbe9042d8,441.0,1001.6,24.8,61.0
5070,1722627188211,abc0d16aaf15b3a4ee2e561195dfd82ab260497412e326bb57f2ee5bbe9042d8,465.0,1002.0,24.7,61.0
5071,1722627788168,abc0d16aaf15b3a4ee2e561195dfd82ab260497412e326bb57f2ee5bbe9042d8,480.0,1002.3,25.0,60.0
5072,1722628389855,abc0d16aaf15b3a4ee2e561195dfd82ab260497412e326bb57f2ee5bbe9042d8,449.0,1002.5,25.0,60.0
5073,1722628988154,abc0d16aaf15b3a4ee2e561195dfd82ab260497412e326bb57f2ee5bbe9042d8,465.0,1002.7,25.0,60.0
5074,1722629588106,abc0d16aaf15b3a4ee2e561195dfd82ab260497412e326bb57f2ee5bbe9042d8,450.0,1002.8,25.0,62.0
5075,1722630188054,abc0d16aaf15b3a4ee2e561195dfd82ab260497412e326bb57f2ee5bbe9042d8,449.0,1002.8,24.8,63.0
5076,1722630788024,abc0d16aaf15b3a4ee2e561195dfd82ab260497412e326bb57f2ee5bbe9042d8,456.0,1002.8,24.9,63.0
5077,1722631387998,abc0d16aaf15b3a4ee2e561195dfd82ab260497412e326bb57f2ee5bbe9042d8,455.0,1002.8,24.9,63.0
5078,1722631987964,abc0d16aaf15b3a4ee2e561195dfd82ab260497412e326bb57f2ee5bbe9042d8,461.0,1002.7,24.8,64.0
5079,1722632587942,abc0d16aaf15b3a4ee2e561195dfd82ab260497412e326bb57f2ee5bbe9042d8,463.0,1002.7,24.9,64.0
5080,1722633187912,abc0d16aaf15b3a4ee2e561195dfd82ab260497412e326bb57f2ee5bbe9042d8,446.0,1002.8,24.9,64.0
5081,1722633787848,abc0d16aaf15b3a4ee2e561195dfd82ab260497412e326bb57f2ee5bbe9042d8,472.0,1002.9,24.7,66.0
5082,1722634387866,abc0d16aaf15b3a4ee2e561195dfd82ab260497412e326bb57f2ee5bbe9042d8,477.0,1003.1,24.9,66.0
5083,1722634987826,abc0d16aaf15b3a4ee2e561195dfd82ab260497412e326bb57f2ee5bbe9042d8,469.0,1003.0,24.7,66.0
5084,1722635587790,abc0d16aaf15b3a4ee2e561195dfd82ab260497412e326bb57f2ee5bbe9042d8,482.0,1002.9,24.3,68.0
5085,1722636187772,abc0d16aaf15b3a4ee2e561195dfd82ab260497412e326bb57f2ee5bbe9042d8,467.0,1002.8,24.0,68.0
5086,1722636787750,abc0d16aaf15b3a4ee2e561195dfd82ab260497412e326bb57f2ee5bbe9042d8,463.0,1003.0,24.0,66.0
5087,1722637387706,abc0d16aaf15b3a4ee2e561195dfd82ab260497412e326bb57f2ee5bbe9042d8,478.0,1002.8,23.9,65.0
5088,1722637987696,abc0d16aaf15b3a4ee2e561195dfd82ab260497412e326bb57f2ee5bbe9042d8,471.0,1002.9,24.1,65.0
5089,1722638587660,abc0d16aaf15b3a4ee2e561195dfd82ab260497412e326bb57f2ee5bbe9042d8,476.0,1003.0,24.1,64.0
5090,1722639187615,abc0d16aaf15b3a4ee2e561195dfd82ab260497412e326bb57f2ee5bbe9042d8,489.0,1003.0,23.8,65.0
5091,1722639787604,abc0d16aaf15b3a4ee2e561195dfd82ab260497412e326bb57f2ee5bbe9042d8,472.0,1002.9,23.7,65.0
5092,1722640387583,abc0d16aaf15b3a4ee2e561195dfd82ab260497412e326bb57f2ee5bbe9042d8,501.0,1002.9,23.1,68.0
5093,1722640987518,abc0d16aaf15b3a4ee2e561195dfd82ab260497412e326bb57f2ee5bbe9042d8,516.0,1002.9,22.6,70.0
5094,1722641587514,abc0d16aaf15b3a4ee2e561195dfd82ab260497412e326bb57f2ee5bbe9042d8,491.0,1002.7,22.4,70.0
5095,1722642187491,abc0d16aaf15b3a4ee2e561195dfd82ab260497412e326bb57f2ee5bbe9042d8,498.0,1002.6,22.2,71.0
5096,1722642787447,abc0d16aaf15b3a4ee2e561195dfd82ab260497412e326bb57f2ee5bbe9042d8,486.0,1002.9,21.8,72.0
5097,1722643387414,abc0d16aaf15b3a4ee2e561195dfd82ab260497412e326bb57f2ee5bbe9042d8,498.0,1002.8,21.9,72.0
5098,1722643987402,abc0d16aaf15b3a4ee2e561195dfd82ab260497412e326bb57f2ee5bbe9042d8,495.0,1002.7,22.0,74.0
5099,1722644587350,abc0d16aaf15b3a4ee2e561195dfd82ab260497412e326bb57f2ee5bbe9042d8,514.0,1002.7,21.7,75.0
5100,1722645187346,abc0d16aaf15b3a4ee2e561195dfd82ab260497412e326bb57f2ee5bbe9042d8,503.0,1003.0,21.5,75.0
5101,1722645787314,abc0d16aaf15b3a4ee2e561195dfd82ab260497412e326bb57f2ee5bbe9042d8,513.0,1002.9,21.7,75.0
5102,1722646387267,abc0d16aaf15b3a4ee2e561195dfd82ab260497412e326bb57f2ee5bbe9042d8,498.0,1002.9,22.0,75.0
5103,1722646988954,abc0d16aaf15b3a4ee2e561195dfd82ab260497412e326bb57f2ee5bbe9042d8,507.0,1002.9,21.8,75.0
5104,1722647587226,abc0d16aaf15b3a4ee2e561195dfd82ab260497412e326bb57f2ee5bbe9042d8,524.0,1002.9,21.6,76.0
5105,1722648187174,abc0d16aaf15b3a4ee2e561195dfd82ab260497412e326bb57f2ee5bbe9042d8,525.0,1002.8,21.4,78.0
5106,1722648787158,abc0d16aaf15b3a4ee2e561195dfd82ab260497412e326bb57f2ee5bbe9042d8,500.0,1002.8,21.2,78.0
5107,1722649387119,abc0d16aaf15b3a4ee2e561195dfd82ab260497412e326bb57f2ee5bbe9042d8,509.0,1002.8,21.5,76.0
5108,1722649987093,abc0d16aaf15b3a4ee2e561195dfd82ab260497412e326bb57f2ee5bbe9042d8,500.0,1002.7,21.7,77.0
5109,1722650587073,abc0d16aaf15b3a4ee2e561195dfd82ab260497412e326bb57f2ee5bbe9042d8,513.0,1002.8,21.9,77.0
5110,1722651187046,abc0d16aaf15b3a4ee2e561195dfd82ab260497412e326bb57f2ee5bbe9042d8,521.0,1002.8,22.0,77.0
5111,1722651787012,abc0d16aaf15b3a4ee2e561195dfd82ab260497412e326bb57f2ee5bbe9042d8,515.0,1002.8,22.1,76.0
5112,1722652386995,abc0d16aaf15b3a4ee2e561195dfd82ab260497412e326bb57f2ee5bbe9042d8,512.0,1002.8,22.1,76.0
5113,1722652986947,abc0d16aaf15b3a4ee2e561195dfd82ab260497412e326bb57f2ee5bbe9042d8,513.0,1002.8,22.2,76.0
5114,1722653586919,abc0d16aaf15b3a4ee2e561195dfd82ab260497412e326bb57f2ee5bbe9042d8,501.0,1002.7,22.1,76.0
5115,1722654186875,abc0d16aaf15b3a4ee2e561195dfd82ab260497412e326bb57f2ee5bbe9042d8,511.0,1002.6,22.0,76.0
5116,1722654786881,abc0d16aaf15b3a4ee2e561195dfd82ab260497412e326bb57f2ee5bbe9042d8,525.0,1002.6,21.6,78.0
5117,1722655386825,abc0d16aaf15b3a4ee2e561195dfd82ab260497412e326bb57f2ee5bbe9042d8,523.0,1002.6,21.5,78.0
5118,1722655986806,abc0d16aaf15b3a4ee2e561195dfd82ab260497412e326bb57f2ee5bbe9042d8,512.0,1002.6,21.3,78.0
5119,1722656588490,abc0d16aaf15b3a4ee2e561195dfd82ab260497412e326bb57f2ee5bbe9042d8,522.0,1002.5,21.1,79.0
5120,1722657786725,abc0d16aaf15b3a4ee2e561195dfd82ab260497412e326bb57f2ee5bbe9042d8,506.0,1002.7,21.0,80.0
5121,1722658386737,abc0d16aaf15b3a4ee2e561195dfd82ab260497412e326bb57f2ee5bbe9042d8,524.0,1002.7,20.9,80.0
5122,1722658986663,abc0d16aaf15b3a4ee2e561195dfd82ab260497412e326bb57f2ee5bbe9042d8,510.0,1002.9,20.8,82.0
5123,1722659586617,abc0d16aaf15b3a4ee2e561195dfd82ab260497412e326bb57f2ee5bbe9042d8,528.0,1002.9,20.8,82.0
5124,1722660186605,abc0d16aaf15b3a4ee2e561195dfd82ab260497412e326bb57f2ee5bbe9042d8,489.0,1002.9,20.8,82.0
5125,1722660786575,abc0d16aaf15b3a4ee2e561195dfd82ab260497412e326bb57f2ee5bbe9042d8,508.0,1002.9,21.0,81.0
5126,1722661386547,abc0d16aaf15b3a4ee2e561195dfd82ab260497412e326bb57f2ee5bbe9042d8,505.0,1003.0,22.4,81.0
5127,1722661986521,abc0d16aaf15b3a4ee2e561195dfd82ab260497412e326bb57f2ee5bbe9042d8,505.0,1003.1,23.8,80.0
5128,1722662586509,abc0d16aaf15b3a4ee2e561195dfd82ab260497412e326bb57f2ee5bbe9042d8,492.0,1003.0,24.8,79.0
5129,1722663186483,abc0d16aaf15b3a4ee2e561195dfd82ab260497412e326bb57f2ee5bbe9042d8,494.0,1003.1,25.6,79.0
5130,1722663786447,abc0d16aaf15b3a4ee2e561195dfd82ab260497412e326bb57f2ee5bbe9042d8,505.0,1003.2,25.4,77.0
5131,1722664386405,abc0d16aaf15b3a4ee2e561195dfd82ab260497412e326bb57f2ee5bbe9042d8,475.0,1003.4,26.6,76.0
5132,1722664986375,abc0d16aaf15b3a4ee2e561195dfd82ab260497412e326bb57f2ee5bbe9042d8,458.0,1003.4,27.9,76.0
5133,1722665586348,abc0d16aaf15b3a4ee2e561195dfd82ab260497412e326bb57f2ee5bbe9042d8,484.0,1003.5,29.0,74.0
5134,1722666186317,abc0d16aaf15b3a4ee2e561195dfd82ab260497412e326bb57f2ee5bbe9042d8,494.0,1003.4,29.3,73.0
5135,1722666786267,abc0d16aaf15b3a4ee2e561195dfd82ab260497412e326bb57f2ee5bbe9042d8,485.0,1003.5,29.3,73.0
5136,1722667386263,abc0d16aaf15b3a4ee2e561195dfd82ab260497412e326bb57f2ee5bbe9042d8,484.0,1003.6,29.8,73.0
5137,1722667986261,abc0d16aaf15b3a4ee2e561195dfd82ab260497412e326bb57f2ee5bbe9042d8,477.0,1003.5,30.2,71.0
5138,1722668586203,abc0d16aaf15b3a4ee2e561195dfd82ab260497412e326bb57f2ee5bbe9042d8,512.0,1003.5,30.4,71.0
5139,1722669186198,abc0d16aaf15b3a4ee2e561195dfd82ab260497412e326bb57f2ee5bbe9042d8,485.0,1003.4,30.8,66.0
5140,1722669786147,abc0d16aaf15b3a4ee2e561195dfd82ab260497412e326bb57f2ee5bbe9042d8,492.0,1003.4,31.3,67.0
5141,1722670386151,abc0d16aaf15b3a4ee2e561195dfd82ab260497412e326bb57f2ee5bbe9042d8,474.0,1003.3,31.5,67.0
5142,1722670986111,abc0d16aaf15b3a4ee2e561195dfd82ab260497412e326bb57f2ee5bbe9042d8,479.0,1003.5,31.7,68.0
5143,1722671586061,abc0d16aaf15b3a4ee2e561195dfd82ab260497412e326bb57f2ee5bbe9042d8,456.0,1003.5,31.9,70.0
5144,1722672186049,abc0d16aaf15b3a4ee2e561195dfd82ab260497412e326bb57f2ee5bbe9042d8,487.0,1003.6,32.1,70.0
5145,1722672786023,abc0d16aaf15b3a4ee2e561195dfd82ab260497412e326bb57f2ee5bbe9042d8,459.0,1003.6,32.2,73.0
5146,1722673385991,abc0d16aaf15b3a4ee2e561195dfd82ab260497412e326bb57f2ee5bbe9042d8,483.0,1003.7,32.1,72.0
5147,1722673985970,abc0d16aaf15b3a4ee2e561195dfd82ab260497412e326bb57f2ee5bbe9042d8,480.0,1003.7,32.3,72.0
5148,1722674585929,abc0d16aaf15b3a4ee2e561195dfd82ab260497412e326bb57f2ee5bbe9042d8,479.0,1003.8,32.0,69.0
5149,1722675185908,abc0d16aaf15b3a4ee2e561195dfd82ab260497412e326bb57f2ee5bbe9042d8,489.0,1003.9,32.4,70.0
5150,1722675785889,abc0d16aaf15b3a4ee2e561195dfd82ab260497412e326bb57f2ee5bbe9042d8,479.0,1003.9,32.4,70.0
5151,1722676385861,abc0d16aaf15b3a4ee2e561195dfd82ab260497412e326bb57f2ee5bbe9042d8,461.0,1003.9,32.4,70.0
5152,1722676985822,abc0d16aaf15b3a4ee2e561195dfd82ab260497412e326bb57f2ee5bbe9042d8,476.0,1003.8,32.8,71.0
5153,1722677585795,abc0d16aaf15b3a4ee2e561195dfd82ab260497412e326bb57f2ee5bbe9042d8,467.0,1003.8,33.5,71.0
5154,1722678185764,abc0d16aaf15b3a4ee2e561195dfd82ab260497412e326bb57f2ee5bbe9042d8,475.0,1003.7,33.4,69.0
5155,1722678785735,abc0d16aaf15b3a4ee2e561195dfd82ab260497412e326bb57f2ee5bbe9042d8,491.0,1003.6,33.7,71.0
5156,1722679385716,abc0d16aaf15b3a4ee2e561195dfd82ab260497412e326bb57f2ee5bbe9042d8,469.0,1003.6,34.0,71.0
5157,1722679985713,abc0d16aaf15b3a4ee2e561195dfd82ab260497412e326bb57f2ee5bbe9042d8,493.0,1003.5,33.8,68.0
5158,1722680587371,abc0d16aaf15b3a4ee2e561195dfd82ab260497412e326bb57f2ee5bbe9042d8,469.0,1003.4,34.1,67.0
5159,1722681185699,abc0d16aaf15b3a4ee2e561195dfd82ab260497412e326bb57f2ee5bbe9042d8,464.0,1003.5,33.7,67.0
5160,1722681785653,abc0d16aaf15b3a4ee2e561195dfd82ab260497412e326bb57f2ee5bbe9042d8,491.0,1003.4,33.9,67.0
5161,1722682985571,abc0d16aaf15b3a4ee2e561195dfd82ab260497412e326bb57f2ee5bbe9042d8,462.0,1003.3,34.5,65.0
5162,1722683585539,abc0d16aaf15b3a4ee2e561195dfd82ab260497412e326bb57f2ee5bbe9042d8,477.0,1003.3,35.1,65.0
5163,1722684185509,abc0d16aaf15b3a4ee2e561195dfd82ab260497412e326bb57f2ee5bbe9042d8,464.0,1003.3,34.9,64.0
5164,1722684785504,abc0d16aaf15b3a4ee2e561195dfd82ab260497412e326bb57f2ee5bbe9042d8,469.0,1003.3,35.9,64.0
5165,1722685385478,abc0d16aaf15b3a4ee2e561195dfd82ab260497412e326bb57f2ee5bbe9042d8,468.0,1003.2,34.4,63.0
5166,1722685985424,abc0d16aaf15b3a4ee2e561195dfd82ab260497412e326bb57f2ee5bbe9042d8,448.0,1003.3,31.8,64.0
5167,1722686585427,abc0d16aaf15b3a4ee2e561195dfd82ab260497412e326bb57f2ee5bbe9042d8,464.0,1003.5,31.0,64.0
5168,1722687185406,abc0d16aaf15b3a4ee2e561195dfd82ab260497412e326bb57f2ee5bbe9042d8,425.0,1003.4,32.5,62.0
5169,1722687785353,abc0d16aaf15b3a4ee2e561195dfd82ab260497412e326bb57f2ee5bbe9042d8,470.0,1003.5,33.0,60.0
5170,1722688385344,abc0d16aaf15b3a4ee2e561195dfd82ab260497412e326bb57f2ee5bbe9042d8,437.0,1003.6,32.7,60.0
5171,1722688985314,abc0d16aaf15b3a4ee2e561195dfd82ab260497412e326bb57f2ee5bbe9042d8,429.0,1003.6,32.9,58.0
5172,1722689587000,abc0d16aaf15b3a4ee2e561195dfd82ab260497412e326bb57f2ee5bbe9042d8,454.0,1003.5,33.4,58.0
5173,1722690185278,abc0d16aaf15b3a4ee2e561195dfd82ab260497412e326bb57f2ee5bbe9042d8,448.0,1003.5,34.0,58.0
5174,1722690785249,abc0d16aaf15b3a4ee2e561195dfd82ab260497412e326bb57f2ee5bbe9042d8,432.0,1003.3,33.9,59.0
5175,1722691385206,abc0d16aaf15b3a4ee2e561195dfd82ab260497412e326bb57f2ee5bbe9042d8,439.0,1003.2,34.9,58.0
5176,1722691985210,abc0d16aaf15b3a4ee2e561195dfd82ab260497412e326bb57f2ee5bbe9042d8,440.0,1003.0,35.1,58.0
5177,1722692585180,abc0d16aaf15b3a4ee2e561195dfd82ab260497412e326bb57f2ee5bbe9042d8,461.0,1002.9,35.3,57.0
5178,1722693185140,abc0d16aaf15b3a4ee2e561195dfd82ab260497412e326bb57f2ee5bbe9042d8,455.0,1002.8,35.5,55.0
5179,1722693785130,abc0d16aaf15b3a4ee2e561195dfd82ab260497412e326bb57f2ee5bbe9042d8,446.0,1002.7,35.9,55.0
5180,1722694385123,abc0d16aaf15b3a4ee2e561195dfd82ab260497412e326bb57f2ee5bbe9042d8,439.0,1002.6,36.8,54.0
5181,1722694985060,abc0d16aaf15b3a4ee2e561195dfd82ab260497412e326bb57f2ee5bbe9042d8,445.0,1002.4,36.9,53.0
5182,1722695585034,abc0d16aaf15b3a4ee2e561195dfd82ab260497412e326bb57f2ee5bbe9042d8,457.0,1002.3,36.9,53.0
5183,1722696185032,abc0d16aaf15b3a4ee2e561195dfd82ab260497412e326bb57f2ee5bbe9042d8,444.0,1002.3,37.4,52.0
5184,1722696784988,abc0d16aaf15b3a4ee2e561195dfd82ab260497412e326bb57f2ee5bbe9042d8,459.0,1002.3,38.1,51.0
5185,1722697384980,abc0d16aaf15b3a4ee2e561195dfd82ab260497412e326bb57f2ee5bbe9042d8,429.0,1002.3,37.6,51.0
5186,1722697984975,abc0d16aaf15b3a4ee2e561195dfd82ab260497412e326bb57f2ee5bbe9042d8,469.0,1002.3,36.7,51.0
5187,1722698584923,abc0d16aaf15b3a4ee2e561195dfd82ab260497412e326bb57f2ee5bbe9042d8,447.0,1002.5,34.7,51.0
5188,1722699184899,abc0d16aaf15b3a4ee2e561195dfd82ab260497412e326bb57f2ee5bbe9042d8,443.0,1002.6,35.7,51.0
5189,1722699784942,abc0d16aaf15b3a4ee2e561195dfd82ab260497412e326bb57f2ee5bbe9042d8,435.0,1002.5,36.6,51.0
5190,1722700384852,abc0d16aaf15b3a4ee2e561195dfd82ab260497412e326bb57f2ee5bbe9042d8,431.0,1002.3,36.7,52.0
5191,1722700984815,abc0d16aaf15b3a4ee2e561195dfd82ab260497412e326bb57f2ee5bbe9042d8,426.0,1002.4,36.2,52.0
5192,1722701584818,abc0d16aaf15b3a4ee2e561195dfd82ab260497412e326bb57f2ee5bbe9042d8,432.0,1002.3,35.7,52.0
5193,1722702184780,abc0d16aaf15b3a4ee2e561195dfd82ab260497412e326bb57f2ee5bbe9042d8,446.0,1002.6,35.2,51.0
5194,1722702784745,abc0d16aaf15b3a4ee2e561195dfd82ab260497412e326bb57f2ee5bbe9042d8,447.0,1002.6,35.2,51.0
5195,1722703384757,abc0d16aaf15b3a4ee2e561195dfd82ab260497412e326bb57f2ee5bbe9042d8,403.0,1002.5,34.7,51.0
5196,1722703984702,abc0d16aaf15b3a4ee2e561195dfd82ab260497412e326bb57f2ee5bbe9042d8,407.0,1002.7,34.1,49.0
5197,1722704584700,abc0d16aaf15b3a4ee2e561195dfd82ab260497412e326bb57f2ee5bbe9042d8,426.0,1002.7,34.1,49.0
5198,1722705184661,abc0d16aaf15b3a4ee2e561195dfd82ab260497412e326bb57f2ee5bbe9042d8,448.0,1002.6,33.5,49.0
5199,1722705784629,abc0d16aaf15b3a4ee2e561195dfd82ab260497412e326bb57f2ee5bbe9042d8,456.0,1002.6,32.7,50.0
5200,1722706384579,abc0d16aaf15b3a4ee2e561195dfd82ab260497412e326bb57f2ee5bbe9042d8,437.0,1002.7,31.9,50.0
5201,1722706984581,abc0d16aaf15b3a4ee2e561195dfd82ab260497412e326bb57f2ee5bbe9042d8,457.0,1002.9,31.2,54.0
5202,1722707584548,abc0d16aaf15b3a4ee2e561195dfd82ab260497412e326bb57f2ee5bbe9042d8,437.0,1002.9,30.6,55.0
5203,1722708184525,abc0d16aaf15b3a4ee2e561195dfd82ab260497412e326bb57f2ee5bbe9042d8,433.0,1003.0,29.7,55.0
5204,1722708784506,abc0d16aaf15b3a4ee2e561195dfd82ab260497412e326bb57f2ee5bbe9042d8,426.0,1003.1,28.8,55.0
5205,1722709384453,abc0d16aaf15b3a4ee2e561195dfd82ab260497412e326bb57f2ee5bbe9042d8,450.0,1003.2,28.5,56.0
5206,1722709984439,abc0d16aaf15b3a4ee2e561195dfd82ab260497412e326bb57f2ee5bbe9042d8,433.0,1003.4,28.0,56.0
5207,1722710584457,abc0d16aaf15b3a4ee2e561195dfd82ab260497412e326bb57f2ee5bbe9042d8,468.0,1003.5,27.7,55.0
5208,1722711184377,abc0d16aaf15b3a4ee2e561195dfd82ab260497412e326bb57f2ee5bbe9042d8,443.0,1003.7,27.5,56.0
5209,1722711784337,abc0d16aaf15b3a4ee2e561195dfd82ab260497412e326bb57f2ee5bbe9042d8,451.0,1003.8,27.4,56.0
5210,1722712384326,abc0d16aaf15b3a4ee2e561195dfd82ab260497412e326bb57f2ee5bbe9042d8,446.0,1003.9,27.3,57.0
5211,1722712984302,abc0d16aaf15b3a4ee2e561195dfd82ab260497412e326bb57f2ee5bbe9042d8,442.0,1004.1,27.0,58.0
5212,1722713584251,abc0d16aaf15b3a4ee2e561195dfd82ab260497412e326bb57f2ee5bbe9042d8,456.0,1004.3,27.1,58.0
5213,1722714184266,abc0d16aaf15b3a4ee2e561195dfd82ab260497412e326bb57f2ee5bbe9042d8,446.0,1004.5,27.0,59.0
5214,1722714784257,abc0d16aaf15b3a4ee2e561195dfd82ab260497412e326bb57f2ee5bbe9042d8,449.0,1004.5,26.8,61.0
5215,1722715384185,abc0d16aaf15b3a4ee2e561195dfd82ab260497412e326bb57f2ee5bbe9042d8,456.0,1004.7,26.6,61.0
5216,1722715984172,abc0d16aaf15b3a4ee2e561195dfd82ab260497412e326bb57f2ee5bbe9042d8,442.0,1004.8,26.4,62.0
5217,1722716584123,abc0d16aaf15b3a4ee2e561195dfd82ab260497412e326bb57f2ee5bbe9042d8,453.0,1005.0,26.2,63.0
5218,1722717185810,abc0d16aaf15b3a4ee2e561195dfd82ab260497412e326bb57f2ee5bbe9042d8,467.0,1005.1,25.8,63.0
5219,1722717784094,abc0d16aaf15b3a4ee2e561195dfd82ab260497412e326bb57f2ee5bbe9042d8,460.0,1005.2,25.8,65.0
5220,1722718384036,abc0d16aaf15b3a4ee2e561195dfd82ab260497412e326bb57f2ee5bbe9042d8,468.0,1005.2,25.5,67.0
5221,1722718983972,abc0d16aaf15b3a4ee2e561195dfd82ab260497412e326bb57f2ee5bbe9042d8,464.0,1005.3,25.1,67.0
5222,1722719583981,abc0d16aaf15b3a4ee2e561195dfd82ab260497412e326bb57f2ee5bbe9042d8,485.0,1005.3,24.7,68.0
5223,1722720183970,abc0d16aaf15b3a4ee2e561195dfd82ab260497412e326bb57f2ee5bbe9042d8,466.0,1005.4,24.4,70.0
5224,1722720783927,abc0d16aaf15b3a4ee2e561195dfd82ab260497412e326bb57f2ee5bbe9042d8,474.0,1005.4,24.5,70.0
5225,1722721383902,abc0d16aaf15b3a4ee2e561195dfd82ab260497412e326bb57f2ee5bbe9042d8,478.0,1005.5,24.4,70.0
5226,1722721983862,abc0d16aaf15b3a4ee2e561195dfd82ab260497412e326bb57f2ee5bbe9042d8,500.0,1005.7,24.0,74.0
5227,1722722583839,abc0d16aaf15b3a4ee2e561195dfd82ab260497412e326bb57f2ee5bbe9042d8,550.0,1005.8,23.3,74.0
5228,1722723183812,abc0d16aaf15b3a4ee2e561195dfd82ab260497412e326bb57f2ee5bbe9042d8,543.0,1005.9,22.7,76.0
5229,1722723783764,abc0d16aaf15b3a4ee2e561195dfd82ab260497412e326bb57f2ee5bbe9042d8,592.0,1006.0,22.2,77.0
5230,1722724383750,abc0d16aaf15b3a4ee2e561195dfd82ab260497412e326bb57f2ee5bbe9042d8,578.0,1006.1,21.8,77.0
5231,1722724983734,abc0d16aaf15b3a4ee2e561195dfd82ab260497412e326bb57f2ee5bbe9042d8,602.0,1006.2,21.6,79.0
5232,1722725583685,abc0d16aaf15b3a4ee2e561195dfd82ab260497412e326bb57f2ee5bbe9042d8,593.0,1006.3,21.4,80.0
5233,1722726183670,abc0d16aaf15b3a4ee2e561195dfd82ab260497412e326bb57f2ee5bbe9042d8,564.0,1006.4,21.4,80.0
5234,1722726783638,abc0d16aaf15b3a4ee2e561195dfd82ab260497412e326bb57f2ee5bbe9042d8,634.0,1006.3,21.2,84.0
5235,1722727383604,abc0d16aaf15b3a4ee2e561195dfd82ab260497412e326bb57f2ee5bbe9042d8,615.0,1006.3,21.0,86.0
5236,1722727983574,abc0d16aaf15b3a4ee2e561195dfd82ab260497412e326bb57f2ee5bbe9042d8,660.0,1006.3,20.6,86.0
5237,1722728583559,abc0d16aaf15b3a4ee2e561195dfd82ab260497412e326bb57f2ee5bbe9042d8,623.0,1006.4,20.5,88.0
5238,1722729183506,abc0d16aaf15b3a4ee2e561195dfd82ab260497412e326bb57f2ee5bbe9042d8,621.0,1006.3,20.3,89.0
5239,1722730383457,abc0d16aaf15b3a4ee2e561195dfd82ab260497412e326bb57f2ee5bbe9042d8,677.0,1006.5,20.0,94.0
5240,1722730983433,abc0d16aaf15b3a4ee2e561195dfd82ab260497412e326bb57f2ee5bbe9042d8,610.0,1006.4,19.9,95.0
5241,1722731583389,abc0d16aaf15b3a4ee2e561195dfd82ab260497412e326bb57f2ee5bbe9042d8,656.0,1006.4,19.9,95.0
5242,1722732183389,abc0d16aaf15b3a4ee2e561195dfd82ab260497412e326bb57f2ee5bbe9042d8,692.0,1006.5,19.8,94.0
5243,1722732783349,abc0d16aaf15b3a4ee2e561195dfd82ab260497412e326bb57f2ee5bbe9042d8,660.0,1006.5,19.8,93.0
5244,1722733383409,abc0d16aaf15b3a4ee2e561195dfd82ab260497412e326bb57f2ee5bbe9042d8,685.0,1006.4,19.6,93.0
5245,1722733983295,abc0d16aaf15b3a4ee2e561195dfd82ab260497412e326bb57f2ee5bbe9042d8,657.0,1006.3,19.4,94.0
5246,1722734583255,abc0d16aaf15b3a4ee2e561195dfd82ab260497412e326bb57f2ee5bbe9042d8,571.0,1006.1,19.6,96.0
5247,1722735183221,abc0d16aaf15b3a4ee2e561195dfd82ab260497412e326bb57f2ee5bbe9042d8,585.0,1006.2,19.6,96.0
5248,1722735783203,abc0d16aaf15b3a4ee2e561195dfd82ab260497412e326bb57f2ee5bbe9042d8,649.0,1006.3,19.4,94.0
5249,1722736383175,abc0d16aaf15b3a4ee2e561195dfd82ab260497412e326bb57f2ee5bbe9042d8,652.0,1006.5,19.3,95.0
5250,1722736983144,abc0d16aaf15b3a4ee2e561195dfd82ab260497412e326bb57f2ee5bbe9042d8,651.0,1006.5,19.2,95.0
5251,1722737583118,abc0d16aaf15b3a4ee2e561195dfd82ab260497412e326bb57f2ee5bbe9042d8,640.0,1006.4,19.1,95.0
5252,1722738183087,abc0d16aaf15b3a4ee2e561195dfd82ab260497412e326bb57f2ee5bbe9042d8,640.0,1006.5,18.9,97.0
5253,1722738783063,abc0d16aaf15b3a4ee2e561195dfd82ab260497412e326bb57f2ee5bbe9042d8,662.0,1006.5,18.9,97.0
5254,1722739383063,abc0d16aaf15b3a4ee2e561195dfd82ab260497412e326bb57f2ee5bbe9042d8,638.0,1006.5,18.8,99.0
5255,1722739982995,abc0d16aaf15b3a4ee2e561195dfd82ab260497412e326bb57f2ee5bbe9042d8,701.0,1006.5,18.6,100.0
5256,1722740582977,abc0d16aaf15b3a4ee2e561195dfd82ab260497412e326bb57f2ee5bbe9042d8,696.0,1006.6,18.5,100.0
5257,1722741182952,abc0d16aaf15b3a4ee2e561195dfd82ab260497412e326bb57f2ee5bbe9042d8,643.0,1006.7,18.5,100.0
5258,1722741782907,abc0d16aaf15b3a4ee2e561195dfd82ab260497412e326bb57f2ee5bbe9042d8,693.0,1006.5,18.6,100.0
5259,1722742382874,abc0d16aaf15b3a4ee2e561195dfd82ab260497412e326bb57f2ee5bbe9042d8,647.0,1006.4,18.6,100.0
5260,1722742982872,abc0d16aaf15b3a4ee2e561195dfd82ab260497412e326bb57f2ee5bbe9042d8,705.0,1006.6,18.5,100.0
5261,1722743582825,abc0d16aaf15b3a4ee2e561195dfd82ab260497412e326bb57f2ee5bbe9042d8,694.0,1006.6,18.3,100.0
5262,1722744182805,abc0d16aaf15b3a4ee2e561195dfd82ab260497412e326bb57f2ee5bbe9042d8,692.0,1006.6,18.4,100.0
5263,1722744782796,abc0d16aaf15b3a4ee2e561195dfd82ab260497412e326bb57f2ee5bbe9042d8,684.0,1006.6,18.4,100.0
5264,1722745382746,abc0d16aaf15b3a4ee2e561195dfd82ab260497412e326bb57f2ee5bbe9042d8,638.0,1006.6,18.4,100.0
5265,1722745982709,abc0d16aaf15b3a4ee2e561195dfd82ab260497412e326bb57f2ee5bbe9042d8,676.0,1006.7,18.5,100.0
5266,1722746582695,abc0d16aaf15b3a4ee2e561195dfd82ab260497412e326bb57f2ee5bbe9042d8,662.0,1006.9,18.6,100.0
5267,1722747182657,abc0d16aaf15b3a4ee2e561195dfd82ab260497412e326bb57f2ee5bbe9042d8,639.0,1007.0,19.0,100.0
5268,1722747782635,abc0d16aaf15b3a4ee2e561195dfd82ab260497412e326bb57f2ee5bbe9042d8,632.0,1007.1,20.6,100.0
5269,1722748382615,abc0d16aaf15b3a4ee2e561195dfd82ab260497412e326bb57f2ee5bbe9042d8,603.0,1007.1,21.9,100.0
5270,1722748982577,abc0d16aaf15b3a4ee2e561195dfd82ab260497412e326bb57f2ee5bbe9042d8,580.0,1007.2,22.9,100.0
5271,1722749582544,abc0d16aaf15b3a4ee2e561195dfd82ab260497412e326bb57f2ee5bbe9042d8,582.0,1007.3,24.5,100.0
5272,1722750182525,abc0d16aaf15b3a4ee2e561195dfd82ab260497412e326bb57f2ee5bbe9042d8,544.0,1007.4,25.1,97.0
5273,1722750782519,abc0d16aaf15b3a4ee2e561195dfd82ab260497412e326bb57f2ee5bbe9042d8,533.0,1007.4,26.9,90.0
5274,1722751382497,abc0d16aaf15b3a4ee2e561195dfd82ab260497412e326bb57f2ee5bbe9042d8,532.0,1007.4,27.9,90.0
5275,1722751982450,abc0d16aaf15b3a4ee2e561195dfd82ab260497412e326bb57f2ee5bbe9042d8,523.0,1007.4,28.8,88.0
5276,1722752582394,abc0d16aaf15b3a4ee2e561195dfd82ab260497412e326bb57f2ee5bbe9042d8,527.0,1007.3,29.4,83.0
5277,1722753182336,abc0d16aaf15b3a4ee2e561195dfd82ab260497412e326bb57f2ee5bbe9042d8,521.0,1007.3,30.2,83.0
5278,1722753782360,abc0d16aaf15b3a4ee2e561195dfd82ab260497412e326bb57f2ee5bbe9042d8,503.0,1007.3,30.6,79.0
5279,1722754382302,abc0d16aaf15b3a4ee2e561195dfd82ab260497412e326bb57f2ee5bbe9042d8,501.0,1007.3,31.2,79.0
5280,1722754982292,abc0d16aaf15b3a4ee2e561195dfd82ab260497412e326bb57f2ee5bbe9042d8,484.0,1007.3,31.7,79.0
5281,1722755582269,abc0d16aaf15b3a4ee2e561195dfd82ab260497412e326bb57f2ee5bbe9042d8,476.0,1007.1,31.8,73.0
5282,1722756182230,abc0d16aaf15b3a4ee2e561195dfd82ab260497412e326bb57f2ee5bbe9042d8,484.0,1007.0,32.5,71.0
5283,1722756782208,abc0d16aaf15b3a4ee2e561195dfd82ab260497412e326bb57f2ee5bbe9042d8,483.0,1007.0,33.2,71.0
5284,1722757382194,abc0d16aaf15b3a4ee2e561195dfd82ab260497412e326bb57f2ee5bbe9042d8,486.0,1006.9,32.5,71.0
5285,1722757982139,abc0d16aaf15b3a4ee2e561195dfd82ab260497412e326bb57f2ee5bbe9042d8,450.0,1006.9,32.4,67.0
5286,1722758582089,abc0d16aaf15b3a4ee2e561195dfd82ab260497412e326bb57f2ee5bbe9042d8,457.0,1006.8,33.1,67.0
5287,1722759182107,abc0d16aaf15b3a4ee2e561195dfd82ab260497412e326bb57f2ee5bbe9042d8,462.0,1006.8,33.2,64.0
5288,1722759782067,abc0d16aaf15b3a4ee2e561195dfd82ab260497412e326bb57f2ee5bbe9042d8,456.0,1006.9,33.2,63.0
5289,1722760382032,abc0d16aaf15b3a4ee2e561195dfd82ab260497412e326bb57f2ee5bbe9042d8,445.0,1007.0,33.6,63.0
5290,1722760982034,abc0d16aaf15b3a4ee2e561195dfd82ab260497412e326bb57f2ee5bbe9042d8,460.0,1007.1,33.7,63.0
5291,1722761581983,abc0d16aaf15b3a4ee2e561195dfd82ab260497412e326bb57f2ee5bbe9042d8,477.0,1007.0,33.8,63.0
5292,1722762181970,abc0d16aaf15b3a4ee2e561195dfd82ab260497412e326bb57f2ee5bbe9042d8,467.0,1007.0,33.9,63.0
5293,1722762781958,abc0d16aaf15b3a4ee2e561195dfd82ab260497412e326bb57f2ee5bbe9042d8,479.0,1006.9,33.1,60.0
5294,1722763381905,abc0d16aaf15b3a4ee2e561195dfd82ab260497412e326bb57f2ee5bbe9042d8,470.0,1006.9,33.2,57.0
5295,1722763983597,abc0d16aaf15b3a4ee2e561195dfd82ab260497412e326bb57f2ee5bbe9042d8,454.0,1006.8,33.4,57.0
5296,1722764583567,abc0d16aaf15b3a4ee2e561195dfd82ab260497412e326bb57f2ee5bbe9042d8,437.0,1006.7,34.0,55.0
5297,1722765181827,abc0d16aaf15b3a4ee2e561195dfd82ab260497412e326bb57f2ee5bbe9042d8,441.0,1006.7,34.0,49.0
5298,1722765781816,abc0d16aaf15b3a4ee2e561195dfd82ab260497412e326bb57f2ee5bbe9042d8,458.0,1006.7,34.1,49.0
5299,1722766381780,abc0d16aaf15b3a4ee2e561195dfd82ab260497412e326bb57f2ee5bbe9042d8,459.0,1006.7,34.1,48.0
5300,1722766981793,abc0d16aaf15b3a4ee2e561195dfd82ab260497412e326bb57f2ee5bbe9042d8,437.0,1006.7,34.1,47.0
5301,1722767581708,abc0d16aaf15b3a4ee2e561195dfd82ab260497412e326bb57f2ee5bbe9042d8,436.0,1006.5,34.2,47.0
5302,1722768181690,abc0d16aaf15b3a4ee2e561195dfd82ab260497412e326bb57f2ee5bbe9042d8,450.0,1006.5,34.1,45.0
5303,1722768781684,abc0d16aaf15b3a4ee2e561195dfd82ab260497412e326bb57f2ee5bbe9042d8,449.0,1006.3,34.1,45.0
5304,1722769381667,abc0d16aaf15b3a4ee2e561195dfd82ab260497412e326bb57f2ee5bbe9042d8,437.0,1006.3,34.2,45.0
5305,1722769983338,abc0d16aaf15b3a4ee2e561195dfd82ab260497412e326bb57f2ee5bbe9042d8,467.0,1006.2,34.7,44.0
5306,1722770581593,abc0d16aaf15b3a4ee2e561195dfd82ab260497412e326bb57f2ee5bbe9042d8,457.0,1006.2,34.6,42.0
5307,1722771181554,abc0d16aaf15b3a4ee2e561195dfd82ab260497412e326bb57f2ee5bbe9042d8,452.0,1006.1,34.9,42.0
5308,1722771781571,abc0d16aaf15b3a4ee2e561195dfd82ab260497412e326bb57f2ee5bbe9042d8,462.0,1006.0,35.2,41.0
5309,1722772381546,abc0d16aaf15b3a4ee2e561195dfd82ab260497412e326bb57f2ee5bbe9042d8,436.0,1005.9,35.7,40.0
5310,1722772981510,abc0d16aaf15b3a4ee2e561195dfd82ab260497412e326bb57f2ee5bbe9042d8,457.0,1005.8,35.5,40.0
5311,1722773581498,abc0d16aaf15b3a4ee2e561195dfd82ab260497412e326bb57f2ee5bbe9042d8,435.0,1005.8,35.7,41.0
5312,1722774181461,abc0d16aaf15b3a4ee2e561195dfd82ab260497412e326bb57f2ee5bbe9042d8,442.0,1005.7,35.6,40.0
5313,1722774781428,abc0d16aaf15b3a4ee2e561195dfd82ab260497412e326bb57f2ee5bbe9042d8,424.0,1005.5,35.8,40.0
5314,1722775381428,abc0d16aaf15b3a4ee2e561195dfd82ab260497412e326bb57f2ee5bbe9042d8,434.0,1005.4,36.1,40.0
5315,1722775981390,abc0d16aaf15b3a4ee2e561195dfd82ab260497412e326bb57f2ee5bbe9042d8,454.0,1005.3,36.2,39.0
5316,1722776581365,abc0d16aaf15b3a4ee2e561195dfd82ab260497412e326bb57f2ee5bbe9042d8,420.0,1005.2,36.4,39.0
5317,1722777181352,abc0d16aaf15b3a4ee2e561195dfd82ab260497412e326bb57f2ee5bbe9042d8,422.0,1005.1,37.2,39.0
5318,1722777781310,abc0d16aaf15b3a4ee2e561195dfd82ab260497412e326bb57f2ee5bbe9042d8,433.0,1005.0,37.0,38.0
5319,1722778381292,abc0d16aaf15b3a4ee2e561195dfd82ab260497412e326bb57f2ee5bbe9042d8,415.0,1004.8,37.5,38.0
5320,1722778981280,abc0d16aaf15b3a4ee2e561195dfd82ab260497412e326bb57f2ee5bbe9042d8,441.0,1004.7,37.9,39.0
5321,1722779581250,abc0d16aaf15b3a4ee2e561195dfd82ab260497412e326bb57f2ee5bbe9042d8,446.0,1004.6,38.1,38.0
5322,1722780181248,abc0d16aaf15b3a4ee2e561195dfd82ab260497412e326bb57f2ee5bbe9042d8,440.0,1004.4,38.2,38.0
5323,1722780781224,abc0d16aaf15b3a4ee2e561195dfd82ab260497412e326bb57f2ee5bbe9042d8,418.0,1004.3,37.2,38.0
5324,1722781381186,abc0d16aaf15b3a4ee2e561195dfd82ab260497412e326bb57f2ee5bbe9042d8,429.0,1004.2,37.4,38.0
5325,1722781981212,abc0d16aaf15b3a4ee2e561195dfd82ab260497412e326bb57f2ee5bbe9042d8,461.0,1004.1,37.9,38.0
5326,1722782581160,abc0d16aaf15b3a4ee2e561195dfd82ab260497412e326bb57f2ee5bbe9042d8,436.0,1004.1,37.7,36.0
5327,1722783181139,abc0d16aaf15b3a4ee2e561195dfd82ab260497412e326bb57f2ee5bbe9042d8,423.0,1004.1,37.2,37.0
5328,1722783781107,abc0d16aaf15b3a4ee2e561195dfd82ab260497412e326bb57f2ee5bbe9042d8,424.0,1004.1,36.6,37.0
5329,1722784381076,abc0d16aaf15b3a4ee2e561195dfd82ab260497412e326bb57f2ee5bbe9042d8,446.0,1004.1,37.4,36.0
5330,1722784982752,abc0d16aaf15b3a4ee2e561195dfd82ab260497412e326bb57f2ee5bbe9042d8,430.0,1004.0,37.0,38.0
5331,1722785581041,abc0d16aaf15b3a4ee2e561195dfd82ab260497412e326bb57f2ee5bbe9042d8,440.0,1004.0,37.0,38.0
5332,1722786181039,abc0d16aaf15b3a4ee2e561195dfd82ab260497412e326bb57f2ee5bbe9042d8,428.0,1003.9,37.9,37.0
5333,1722786780972,abc0d16aaf15b3a4ee2e561195dfd82ab260497412e326bb57f2ee5bbe9042d8,422.0,1003.8,38.3,37.0
5334,1722787380967,abc0d16aaf15b3a4ee2e561195dfd82ab260497412e326bb57f2ee5bbe9042d8,442.0,1003.7,37.9,37.0
5335,1722787980940,abc0d16aaf15b3a4ee2e561195dfd82ab260497412e326bb57f2ee5bbe9042d8,411.0,1003.6,37.9,37.0
5336,1722788580908,abc0d16aaf15b3a4ee2e561195dfd82ab260497412e326bb57f2ee5bbe9042d8,423.0,1003.6,38.3,38.0
5337,1722789180878,abc0d16aaf15b3a4ee2e561195dfd82ab260497412e326bb57f2ee5bbe9042d8,419.0,1003.7,38.0,38.0
5338,1722789780878,abc0d16aaf15b3a4ee2e561195dfd82ab260497412e326bb57f2ee5bbe9042d8,420.0,1003.5,37.6,38.0
5339,1722790380864,abc0d16aaf15b3a4ee2e561195dfd82ab260497412e326bb57f2ee5bbe9042d8,408.0,1003.6,38.5,38.0
5340,1722790980820,abc0d16aaf15b3a4ee2e561195dfd82ab260497412e326bb57f2ee5bbe9042d8,452.0,1003.5,36.2,38.0
5341,1722791580798,abc0d16aaf15b3a4ee2e561195dfd82ab260497412e326bb57f2ee5bbe9042d8,437.0,1003.6,35.5,37.0
5342,1722792180755,abc0d16aaf15b3a4ee2e561195dfd82ab260497412e326bb57f2ee5bbe9042d8,420.0,1003.6,35.7,39.0
5343,1722792780726,abc0d16aaf15b3a4ee2e561195dfd82ab260497412e326bb57f2ee5bbe9042d8,431.0,1003.7,35.1,39.0
5344,1722793380722,abc0d16aaf15b3a4ee2e561195dfd82ab260497412e326bb57f2ee5bbe9042d8,424.0,1003.8,34.2,39.0
5345,1722793980672,abc0d16aaf15b3a4ee2e561195dfd82ab260497412e326bb57f2ee5bbe9042d8,437.0,1003.8,33.2,39.0
5346,1722794580668,abc0d16aaf15b3a4ee2e561195dfd82ab260497412e326bb57f2ee5bbe9042d8,417.0,1003.9,31.8,39.0
5347,1722795180637,abc0d16aaf15b3a4ee2e561195dfd82ab260497412e326bb57f2ee5bbe9042d8,444.0,1004.0,30.8,44.0
5348,1722795780593,abc0d16aaf15b3a4ee2e561195dfd82ab260497412e326bb57f2ee5bbe9042d8,453.0,1004.2,30.2,48.0
5349,1722796380612,abc0d16aaf15b3a4ee2e561195dfd82ab260497412e326bb57f2ee5bbe9042d8,438.0,1004.3,29.4,48.0
5350,1722796980582,abc0d16aaf15b3a4ee2e561195dfd82ab260497412e326bb57f2ee5bbe9042d8,455.0,1004.6,28.7,49.0
5351,1722797580509,abc0d16aaf15b3a4ee2e561195dfd82ab260497412e326bb57f2ee5bbe9042d8,448.0,1004.5,28.5,51.0
5352,1722798180495,abc0d16aaf15b3a4ee2e561195dfd82ab260497412e326bb57f2ee5bbe9042d8,460.0,1004.8,28.2,51.0
5353,1722798780475,abc0d16aaf15b3a4ee2e561195dfd82ab260497412e326bb57f2ee5bbe9042d8,438.0,1005.0,28.0,52.0
5354,1722799380439,abc0d16aaf15b3a4ee2e561195dfd82ab260497412e326bb57f2ee5bbe9042d8,461.0,1005.1,27.7,51.0
5355,1722799980407,abc0d16aaf15b3a4ee2e561195dfd82ab260497412e326bb57f2ee5bbe9042d8,452.0,1005.2,27.5,51.0
5356,1722800580401,abc0d16aaf15b3a4ee2e561195dfd82ab260497412e326bb57f2ee5bbe9042d8,461.0,1005.3,27.4,50.0
5357,1722801180351,abc0d16aaf15b3a4ee2e561195dfd82ab260497412e326bb57f2ee5bbe9042d8,453.0,1005.4,27.4,50.0
5358,1722801780335,abc0d16aaf15b3a4ee2e561195dfd82ab260497412e326bb57f2ee5bbe9042d8,443.0,1005.5,27.7,50.0
5359,1722802380298,abc0d16aaf15b3a4ee2e561195dfd82ab260497412e326bb57f2ee5bbe9042d8,450.0,1005.6,27.6,51.0
5360,1722802980260,abc0d16aaf15b3a4ee2e561195dfd82ab260497412e326bb57f2ee5bbe9042d8,457.0,1005.7,27.4,52.0
5361,1722803580236,abc0d16aaf15b3a4ee2e561195dfd82ab260497412e326bb57f2ee5bbe9042d8,458.0,1005.7,27.1,52.0
5362,1722804180226,abc0d16aaf15b3a4ee2e561195dfd82ab260497412e326bb57f2ee5bbe9042d8,484.0,1005.8,26.5,56.0
5363,1722804780176,abc0d16aaf15b3a4ee2e561195dfd82ab260497412e326bb57f2ee5bbe9042d8,515.0,1005.9,25.3,62.0
5364,1722805380136,abc0d16aaf15b3a4ee2e561195dfd82ab260497412e326bb57f2ee5bbe9042d8,519.0,1005.9,24.5,62.0
5365,1722805980128,abc0d16aaf15b3a4ee2e561195dfd82ab260497412e326bb57f2ee5bbe9042d8,525.0,1006.0,23.8,65.0
5366,1722806580086,abc0d16aaf15b3a4ee2e561195dfd82ab260497412e326bb57f2ee5bbe9042d8,557.0,1006.1,23.5,67.0
5367,1722807180045,abc0d16aaf15b3a4ee2e561195dfd82ab260497412e326bb57f2ee5bbe9042d8,600.0,1006.2,23.1,67.0
5368,1722807780043,abc0d16aaf15b3a4ee2e561195dfd82ab260497412e326bb57f2ee5bbe9042d8,571.0,1006.3,22.7,71.0
5369,1722808379994,abc0d16aaf15b3a4ee2e561195dfd82ab260497412e326bb57f2ee5bbe9042d8,561.0,1006.3,22.5,75.0
5370,1722808979974,abc0d16aaf15b3a4ee2e561195dfd82ab260497412e326bb57f2ee5bbe9042d8,611.0,1006.3,22.4,75.0
5371,1722809579954,abc0d16aaf15b3a4ee2e561195dfd82ab260497412e326bb57f2ee5bbe9042d8,709.0,1006.4,22.2,77.0
5372,1722810179916,abc0d16aaf15b3a4ee2e561195dfd82ab260497412e326bb57f2ee5bbe9042d8,693.0,1006.3,22.1,80.0
5373,1722810779908,abc0d16aaf15b3a4ee2e561195dfd82ab260497412e326bb57f2ee5bbe9042d8,668.0,1006.4,22.1,80.0
5374,1722811379874,abc0d16aaf15b3a4ee2e561195dfd82ab260497412e326bb57f2ee5bbe9042d8,581.0,1006.4,22.1,77.0
5375,1722811979826,abc0d16aaf15b3a4ee2e561195dfd82ab260497412e326bb57f2ee5bbe9042d8,564.0,1006.4,22.1,76.0
5376,1722812579810,abc0d16aaf15b3a4ee2e561195dfd82ab260497412e326bb57f2ee5bbe9042d8,564.0,1006.5,22.1,76.0
5377,1722813179780,abc0d16aaf15b3a4ee2e561195dfd82ab260497412e326bb57f2ee5bbe9042d8,545.0,1006.5,22.2,74.0
5378,1722813779730,abc0d16aaf15b3a4ee2e561195dfd82ab260497412e326bb57f2ee5bbe9042d8,564.0,1006.5,22.1,75.0
5379,1722814379698,abc0d16aaf15b3a4ee2e561195dfd82ab260497412e326bb57f2ee5bbe9042d8,542.0,1006.5,22.0,75.0
5380,1722814979684,abc0d16aaf15b3a4ee2e561195dfd82ab260497412e326bb57f2ee5bbe9042d8,587.0,1006.5,22.1,78.0
5381,1722815579660,abc0d16aaf15b3a4ee2e561195dfd82ab260497412e326bb57f2ee5bbe9042d8,545.0,1006.5,22.3,77.0
5382,1722816179656,abc0d16aaf15b3a4ee2e561195dfd82ab260497412e326bb57f2ee5bbe9042d8,595.0,1006.6,22.3,77.0
5383,1722816779611,abc0d16aaf15b3a4ee2e561195dfd82ab260497412e326bb57f2ee5bbe9042d8,604.0,1006.5,22.2,76.0
5384,1722817379550,abc0d16aaf15b3a4ee2e561195dfd82ab260497412e326bb57f2ee5bbe9042d8,525.0,1006.5,22.4,74.0
5385,1722818579527,abc0d16aaf15b3a4ee2e561195dfd82ab260497412e326bb57f2ee5bbe9042d8,572.0,1006.6,22.3,74.0
5386,1722819179446,abc0d16aaf15b3a4ee2e561195dfd82ab260497412e326bb57f2ee5bbe9042d8,621.0,1006.6,22.4,76.0
5387,1722819779453,abc0d16aaf15b3a4ee2e561195dfd82ab260497412e326bb57f2ee5bbe9042d8,617.0,1006.5,22.0,76.0
5388,1722820379376,abc0d16aaf15b3a4ee2e561195dfd82ab260497412e326bb57f2ee5bbe9042d8,595.0,1006.6,21.7,79.0
5389,1722820979374,abc0d16aaf15b3a4ee2e561195dfd82ab260497412e326bb57f2ee5bbe9042d8,604.0,1006.5,21.4,81.0
5390,1722821579370,abc0d16aaf15b3a4ee2e561195dfd82ab260497412e326bb57f2ee5bbe9042d8,629.0,1006.6,21.2,81.0
5391,1722822779308,abc0d16aaf15b3a4ee2e561195dfd82ab260497412e326bb57f2ee5bbe9042d8,612.0,1006.5,21.0,79.0
5392,1722823379295,abc0d16aaf15b3a4ee2e561195dfd82ab260497412e326bb57f2ee5bbe9042d8,629.0,1006.6,20.8,79.0
5393,1722823979258,abc0d16aaf15b3a4ee2e561195dfd82ab260497412e326bb57f2ee5bbe9042d8,653.0,1006.5,20.7,80.0
5394,1722824579202,abc0d16aaf15b3a4ee2e561195dfd82ab260497412e326bb57f2ee5bbe9042d8,697.0,1006.6,20.3,81.0
5395,1722825179198,abc0d16aaf15b3a4ee2e561195dfd82ab260497412e326bb57f2ee5bbe9042d8,700.0,1006.6,20.1,81.0
5396,1722825779174,abc0d16aaf15b3a4ee2e561195dfd82ab260497412e326bb57f2ee5bbe9042d8,627.0,1006.7,20.1,83.0
5397,1722826379128,abc0d16aaf15b3a4ee2e561195dfd82ab260497412e326bb57f2ee5bbe9042d8,581.0,1006.8,20.5,81.0
5398,1722826979114,abc0d16aaf15b3a4ee2e561195dfd82ab260497412e326bb57f2ee5bbe9042d8,575.0,1006.8,20.8,81.0
5399,1722827580795,abc0d16aaf15b3a4ee2e561195dfd82ab260497412e326bb57f2ee5bbe9042d8,607.0,1006.8,20.5,81.0
5400,1722828179026,abc0d16aaf15b3a4ee2e561195dfd82ab260497412e326bb57f2ee5bbe9042d8,640.0,1006.6,20.0,86.0
5401,1722828779030,abc0d16aaf15b3a4ee2e561195dfd82ab260497412e326bb57f2ee5bbe9042d8,646.0,1006.7,19.6,86.0
5402,1722829379003,abc0d16aaf15b3a4ee2e561195dfd82ab260497412e326bb57f2ee5bbe9042d8,624.0,1006.8,19.4,90.0
5403,1722829979013,abc0d16aaf15b3a4ee2e561195dfd82ab260497412e326bb57f2ee5bbe9042d8,715.0,1006.8,19.1,93.0
5404,1722830578941,abc0d16aaf15b3a4ee2e561195dfd82ab260497412e326bb57f2ee5bbe9042d8,716.0,1006.9,18.9,93.0
5405,1722831178912,abc0d16aaf15b3a4ee2e561195dfd82ab260497412e326bb57f2ee5bbe9042d8,791.0,1007.0,18.8,93.0
5406,1722831778859,abc0d16aaf15b3a4ee2e561195dfd82ab260497412e326bb57f2ee5bbe9042d8,764.0,1007.1,18.7,93.0
5407,1722832378859,abc0d16aaf15b3a4ee2e561195dfd82ab260497412e326bb57f2ee5bbe9042d8,737.0,1007.2,18.9,93.0
5408,1722832978837,abc0d16aaf15b3a4ee2e561195dfd82ab260497412e326bb57f2ee5bbe9042d8,696.0,1007.3,19.0,93.0
5409,1722833578772,abc0d16aaf15b3a4ee2e561195dfd82ab260497412e326bb57f2ee5bbe9042d8,708.0,1007.3,19.1,95.0
5410,1722834178726,abc0d16aaf15b3a4ee2e561195dfd82ab260497412e326bb57f2ee5bbe9042d8,657.0,1007.4,20.1,95.0
5411,1722834778732,abc0d16aaf15b3a4ee2e561195dfd82ab260497412e326bb57f2ee5bbe9042d8,627.0,1007.5,22.4,91.0
5412,1722835378714,abc0d16aaf15b3a4ee2e561195dfd82ab260497412e326bb57f2ee5bbe9042d8,606.0,1007.6,25.0,80.0
5413,1722835978687,abc0d16aaf15b3a4ee2e561195dfd82ab260497412e326bb57f2ee5bbe9042d8,534.0,1007.5,26.1,80.0
5414,1722836578665,abc0d16aaf15b3a4ee2e561195dfd82ab260497412e326bb57f2ee5bbe9042d8,515.0,1007.5,26.6,74.0
5415,1722837178607,abc0d16aaf15b3a4ee2e561195dfd82ab260497412e326bb57f2ee5bbe9042d8,524.0,1007.6,27.3,71.0
5416,1722837778599,abc0d16aaf15b3a4ee2e561195dfd82ab260497412e326bb57f2ee5bbe9042d8,511.0,1007.6,28.8,71.0
5417,1722838978513,abc0d16aaf15b3a4ee2e561195dfd82ab260497412e326bb57f2ee5bbe9042d8,493.0,1007.7,28.8,71.0
5418,1722839578519,abc0d16aaf15b3a4ee2e561195dfd82ab260497412e326bb57f2ee5bbe9042d8,481.0,1007.6,29.1,71.0
5419,1722840178488,abc0d16aaf15b3a4ee2e561195dfd82ab260497412e326bb57f2ee5bbe9042d8,505.0,1007.5,29.0,74.0
5420,1722840778448,abc0d16aaf15b3a4ee2e561195dfd82ab260497412e326bb57f2ee5bbe9042d8,485.0,1007.6,29.1,74.0
5421,1722841380122,abc0d16aaf15b3a4ee2e561195dfd82ab260497412e326bb57f2ee5bbe9042d8,480.0,1007.5,29.0,74.0
5422,1722841978428,abc0d16aaf15b3a4ee2e561195dfd82ab260497412e326bb57f2ee5bbe9042d8,487.0,1007.5,29.8,71.0
5423,1722842578404,abc0d16aaf15b3a4ee2e561195dfd82ab260497412e326bb57f2ee5bbe9042d8,497.0,1007.5,29.6,70.0
5424,1722843778322,abc0d16aaf15b3a4ee2e561195dfd82ab260497412e326bb57f2ee5bbe9042d8,474.0,1007.5,30.5,68.0
5425,1722844378276,abc0d16aaf15b3a4ee2e561195dfd82ab260497412e326bb57f2ee5bbe9042d8,492.0,1007.4,31.0,67.0
5426,1722844978262,abc0d16aaf15b3a4ee2e561195dfd82ab260497412e326bb57f2ee5bbe9042d8,498.0,1007.5,31.3,67.0
5427,1722845579935,abc0d16aaf15b3a4ee2e561195dfd82ab260497412e326bb57f2ee5bbe9042d8,471.0,1007.4,31.6,65.0
5428,1722846178174,abc0d16aaf15b3a4ee2e561195dfd82ab260497412e326bb57f2ee5bbe9042d8,483.0,1007.5,32.3,62.0
5429,1722846778185,abc0d16aaf15b3a4ee2e561195dfd82ab260497412e326bb57f2ee5bbe9042d8,459.0,1007.3,32.1,62.0
5430,1722847378145,abc0d16aaf15b3a4ee2e561195dfd82ab260497412e326bb57f2ee5bbe9042d8,486.0,1007.3,32.4,62.0
5431,1722847979822,abc0d16aaf15b3a4ee2e561195dfd82ab260497412e326bb57f2ee5bbe9042d8,465.0,1007.3,32.6,62.0
5432,1722848578101,abc0d16aaf15b3a4ee2e561195dfd82ab260497412e326bb57f2ee5bbe9042d8,466.0,1007.2,32.7,62.0
5433,1722849178088,abc0d16aaf15b3a4ee2e561195dfd82ab260497412e326bb57f2ee5bbe9042d8,457.0,1007.2,33.1,62.0
5434,1722849778025,abc0d16aaf15b3a4ee2e561195dfd82ab260497412e326bb57f2ee5bbe9042d8,501.0,1007.2,33.3,61.0
5435,1722850378030,abc0d16aaf15b3a4ee2e561195dfd82ab260497412e326bb57f2ee5bbe9042d8,474.0,1007.2,33.2,61.0
5436,1722850978003,abc0d16aaf15b3a4ee2e561195dfd82ab260497412e326bb57f2ee5bbe9042d8,470.0,1007.0,33.4,59.0
5437,1722851577955,abc0d16aaf15b3a4ee2e561195dfd82ab260497412e326bb57f2ee5bbe9042d8,434.0,1007.0,33.3,58.0
5438,1722852177933,abc0d16aaf15b3a4ee2e561195dfd82ab260497412e326bb57f2ee5bbe9042d8,460.0,1006.9,34.0,58.0
5439,1722852777918,abc0d16aaf15b3a4ee2e561195dfd82ab260497412e326bb57f2ee5bbe9042d8,468.0,1006.8,33.9,57.0
5440,1722853377867,abc0d16aaf15b3a4ee2e561195dfd82ab260497412e326bb57f2ee5bbe9042d8,448.0,1006.7,33.8,58.0
5441,1722853977862,abc0d16aaf15b3a4ee2e561195dfd82ab260497412e326bb57f2ee5bbe9042d8,455.0,1006.6,33.9,58.0
5442,1722854577850,abc0d16aaf15b3a4ee2e561195dfd82ab260497412e326bb57f2ee5bbe9042d8,465.0,1006.6,34.1,55.0
5443,1722855177806,abc0d16aaf15b3a4ee2e561195dfd82ab260497412e326bb57f2ee5bbe9042d8,449.0,1006.4,34.4,53.0
5444,1722855777797,abc0d16aaf15b3a4ee2e561195dfd82ab260497412e326bb57f2ee5bbe9042d8,454.0,1006.3,34.4,53.0
5445,1722856377738,abc0d16aaf15b3a4ee2e561195dfd82ab260497412e326bb57f2ee5bbe9042d8,437.0,1006.2,34.4,52.0
5446,1722856977712,abc0d16aaf15b3a4ee2e561195dfd82ab260497412e326bb57f2ee5bbe9042d8,454.0,1006.1,34.8,50.0
5447,1722857577701,abc0d16aaf15b3a4ee2e561195dfd82ab260497412e326bb57f2ee5bbe9042d8,434.0,1006.0,34.7,50.0
5448,1722858177666,abc0d16aaf15b3a4ee2e561195dfd82ab260497412e326bb57f2ee5bbe9042d8,427.0,1005.9,34.9,49.0
5449,1722858777653,abc0d16aaf15b3a4ee2e561195dfd82ab260497412e326bb57f2ee5bbe9042d8,439.0,1005.9,35.5,47.0
5450,1722859377636,abc0d16aaf15b3a4ee2e561195dfd82ab260497412e326bb57f2ee5bbe9042d8,420.0,1005.7,35.7,47.0
5451,1722859977623,abc0d16aaf15b3a4ee2e561195dfd82ab260497412e326bb57f2ee5bbe9042d8,437.0,1005.6,36.0,47.0
5452,1722860577573,abc0d16aaf15b3a4ee2e561195dfd82ab260497412e326bb57f2ee5bbe9042d8,438.0,1005.6,35.9,45.0
5453,1722861177584,abc0d16aaf15b3a4ee2e561195dfd82ab260497412e326bb57f2ee5bbe9042d8,445.0,1005.4,36.2,45.0
5454,1722861777548,abc0d16aaf15b3a4ee2e561195dfd82ab260497412e326bb57f2ee5bbe9042d8,462.0,1005.3,35.8,44.0
5455,1722862377510,abc0d16aaf15b3a4ee2e561195dfd82ab260497412e326bb57f2ee5bbe9042d8,441.0,1005.3,36.0,44.0
5456,1722862977532,abc0d16aaf15b3a4ee2e561195dfd82ab260497412e326bb57f2ee5bbe9042d8,428.0,1005.2,35.7,44.0
5457,1722863577476,abc0d16aaf15b3a4ee2e561195dfd82ab260497412e326bb57f2ee5bbe9042d8,425.0,1005.0,36.2,43.0
5458,1722864177433,abc0d16aaf15b3a4ee2e561195dfd82ab260497412e326bb57f2ee5bbe9042d8,441.0,1004.9,36.4,44.0
5459,1722864777435,abc0d16aaf15b3a4ee2e561195dfd82ab260497412e326bb57f2ee5bbe9042d8,432.0,1004.7,36.4,44.0
5460,1722865377429,abc0d16aaf15b3a4ee2e561195dfd82ab260497412e326bb57f2ee5bbe9042d8,422.0,1004.6,36.4,44.0
5461,1722865977363,abc0d16aaf15b3a4ee2e561195dfd82ab260497412e326bb57f2ee5bbe9042d8,441.0,1004.6,36.7,42.0
5462,1722866577357,abc0d16aaf15b3a4ee2e561195dfd82ab260497412e326bb57f2ee5bbe9042d8,416.0,1004.4,36.9,42.0
5463,1722867177347,abc0d16aaf15b3a4ee2e561195dfd82ab260497412e326bb57f2ee5bbe9042d8,461.0,1004.2,36.7,41.0
5464,1722867777293,abc0d16aaf15b3a4ee2e561195dfd82ab260497412e326bb57f2ee5bbe9042d8,422.0,1004.1,37.2,42.0
5465,1722868377306,abc0d16aaf15b3a4ee2e561195dfd82ab260497412e326bb57f2ee5bbe9042d8,426.0,1004.0,37.1,42.0
5466,1722868977279,abc0d16aaf15b3a4ee2e561195dfd82ab260497412e326bb57f2ee5bbe9042d8,424.0,1004.0,37.0,42.0
5467,1722869577236,abc0d16aaf15b3a4ee2e561195dfd82ab260497412e326bb57f2ee5bbe9042d8,434.0,1004.0,36.9,42.0
5468,1722870177245,abc0d16aaf15b3a4ee2e561195dfd82ab260497412e326bb57f2ee5bbe9042d8,442.0,1003.9,37.1,42.0
5469,1722870777223,abc0d16aaf15b3a4ee2e561195dfd82ab260497412e326bb57f2ee5bbe9042d8,443.0,1003.8,37.0,42.0
5470,1722871377157,abc0d16aaf15b3a4ee2e561195dfd82ab260497412e326bb57f2ee5bbe9042d8,436.0,1003.7,36.8,41.0
5471,1722871977171,abc0d16aaf15b3a4ee2e561195dfd82ab260497412e326bb57f2ee5bbe9042d8,440.0,1003.7,36.7,41.0
5472,1722872577106,abc0d16aaf15b3a4ee2e561195dfd82ab260497412e326bb57f2ee5bbe9042d8,424.0,1003.6,36.8,42.0
5473,1722873177124,abc0d16aaf15b3a4ee2e561195dfd82ab260497412e326bb57f2ee5bbe9042d8,425.0,1003.6,37.0,42.0
5474,1722873777090,abc0d16aaf15b3a4ee2e561195dfd82ab260497412e326bb57f2ee5bbe9042d8,444.0,1003.5,36.8,42.0
5475,1722874377079,abc0d16aaf15b3a4ee2e561195dfd82ab260497412e326bb57f2ee5bbe9042d8,438.0,1003.5,37.4,42.0
5476,1722874977034,abc0d16aaf15b3a4ee2e561195dfd82ab260497412e326bb57f2ee5bbe9042d8,431.0,1003.4,36.5,42.0
5477,1722875577043,abc0d16aaf15b3a4ee2e561195dfd82ab260497412e326bb57f2ee5bbe9042d8,419.0,1003.4,35.0,42.0
5478,1722876177004,abc0d16aaf15b3a4ee2e561195dfd82ab260497412e326bb57f2ee5bbe9042d8,441.0,1003.4,34.9,42.0
5479,1722876776946,abc0d16aaf15b3a4ee2e561195dfd82ab260497412e326bb57f2ee5bbe9042d8,425.0,1003.4,35.0,43.0
5480,1722877376946,abc0d16aaf15b3a4ee2e561195dfd82ab260497412e326bb57f2ee5bbe9042d8,429.0,1003.4,35.2,43.0
5481,1722877976942,abc0d16aaf15b3a4ee2e561195dfd82ab260497412e326bb57f2ee5bbe9042d8,416.0,1003.4,35.3,43.0
5482,1722878576893,abc0d16aaf15b3a4ee2e561195dfd82ab260497412e326bb57f2ee5bbe9042d8,410.0,1003.4,35.1,43.0
5483,1722879178572,abc0d16aaf15b3a4ee2e561195dfd82ab260497412e326bb57f2ee5bbe9042d8,425.0,1003.5,34.5,43.0
5484,1722879776866,abc0d16aaf15b3a4ee2e561195dfd82ab260497412e326bb57f2ee5bbe9042d8,446.0,1003.6,33.8,44.0
5485,1722880376804,abc0d16aaf15b3a4ee2e561195dfd82ab260497412e326bb57f2ee5bbe9042d8,426.0,1003.6,33.1,46.0
5486,1722880976794,abc0d16aaf15b3a4ee2e561195dfd82ab260497412e326bb57f2ee5bbe9042d8,448.0,1003.6,32.2,46.0
5487,1722881576760,abc0d16aaf15b3a4ee2e561195dfd82ab260497412e326bb57f2ee5bbe9042d8,448.0,1003.7,31.4,49.0
5488,1722882176784,abc0d16aaf15b3a4ee2e561195dfd82ab260497412e326bb57f2ee5bbe9042d8,463.0,1003.8,30.7,49.0
5489,1722882776716,abc0d16aaf15b3a4ee2e561195dfd82ab260497412e326bb57f2ee5bbe9042d8,450.0,1003.8,29.8,49.0
5490,1722883376693,abc0d16aaf15b3a4ee2e561195dfd82ab260497412e326bb57f2ee5bbe9042d8,467.0,1003.9,29.0,49.0
5491,1722883976648,abc0d16aaf15b3a4ee2e561195dfd82ab260497412e326bb57f2ee5bbe9042d8,464.0,1004.1,28.5,50.0
5492,1722884576638,abc0d16aaf15b3a4ee2e561195dfd82ab260497412e326bb57f2ee5bbe9042d8,468.0,1004.2,27.8,50.0
5493,1722885176604,abc0d16aaf15b3a4ee2e561195dfd82ab260497412e326bb57f2ee5bbe9042d8,470.0,1004.4,27.5,51.0
5494,1722885776551,abc0d16aaf15b3a4ee2e561195dfd82ab260497412e326bb57f2ee5bbe9042d8,529.0,1004.6,27.0,53.0
5495,1722886376592,abc0d16aaf15b3a4ee2e561195dfd82ab260497412e326bb57f2ee5bbe9042d8,489.0,1004.7,26.8,53.0
5496,1722886976527,abc0d16aaf15b3a4ee2e561195dfd82ab260497412e326bb57f2ee5bbe9042d8,489.0,1004.8,26.8,53.0
5497,1722887576534,abc0d16aaf15b3a4ee2e561195dfd82ab260497412e326bb57f2ee5bbe9042d8,496.0,1005.0,26.5,53.0
5498,1722888176466,abc0d16aaf15b3a4ee2e561195dfd82ab260497412e326bb57f2ee5bbe9042d8,471.0,1005.1,26.5,53.0
5499,1722888776439,abc0d16aaf15b3a4ee2e561195dfd82ab260497412e326bb57f2ee5bbe9042d8,518.0,1005.2,26.0,56.0
5500,1722889376387,abc0d16aaf15b3a4ee2e561195dfd82ab260497412e326bb57f2ee5bbe9042d8,546.0,1005.3,25.1,62.0
5501,1722889978083,abc0d16aaf15b3a4ee2e561195dfd82ab260497412e326bb57f2ee5bbe9042d8,546.0,1005.4,24.8,62.0
5502,1722890576365,abc0d16aaf15b3a4ee2e561195dfd82ab260497412e326bb57f2ee5bbe9042d8,573.0,1005.4,24.5,65.0
5503,1722891176307,abc0d16aaf15b3a4ee2e561195dfd82ab260497412e326bb57f2ee5bbe9042d8,554.0,1005.6,24.4,66.0
5504,1722891776292,abc0d16aaf15b3a4ee2e561195dfd82ab260497412e326bb57f2ee5bbe9042d8,588.0,1005.8,24.1,66.0
5505,1722892377975,abc0d16aaf15b3a4ee2e561195dfd82ab260497412e326bb57f2ee5bbe9042d8,569.0,1005.9,23.7,69.0
5506,1722892976232,abc0d16aaf15b3a4ee2e561195dfd82ab260497412e326bb57f2ee5bbe9042d8,556.0,1005.9,23.8,74.0
5507,1722893576195,abc0d16aaf15b3a4ee2e561195dfd82ab260497412e326bb57f2ee5bbe9042d8,575.0,1006.0,23.6,74.0
5508,1722894176185,abc0d16aaf15b3a4ee2e561195dfd82ab260497412e326bb57f2ee5bbe9042d8,602.0,1006.0,23.5,75.0
5509,1722894776189,abc0d16aaf15b3a4ee2e561195dfd82ab260497412e326bb57f2ee5bbe9042d8,591.0,1006.0,23.3,81.0
5510,1722895376108,abc0d16aaf15b3a4ee2e561195dfd82ab260497412e326bb57f2ee5bbe9042d8,610.0,1006.1,23.1,81.0
5511,1722895976091,abc0d16aaf15b3a4ee2e561195dfd82ab260497412e326bb57f2ee5bbe9042d8,609.0,1006.0,22.9,80.0
5512,1722896576027,abc0d16aaf15b3a4ee2e561195dfd82ab260497412e326bb57f2ee5bbe9042d8,572.0,1006.1,22.8,81.0
5513,1722897176025,abc0d16aaf15b3a4ee2e561195dfd82ab260497412e326bb57f2ee5bbe9042d8,514.0,1006.2,22.9,81.0
5514,1722897776007,abc0d16aaf15b3a4ee2e561195dfd82ab260497412e326bb57f2ee5bbe9042d8,535.0,1006.1,22.9,81.0
5515,1722898375953,abc0d16aaf15b3a4ee2e561195dfd82ab260497412e326bb57f2ee5bbe9042d8,540.0,1006.1,22.8,80.0
5516,1722898975925,abc0d16aaf15b3a4ee2e561195dfd82ab260497412e326bb57f2ee5bbe9042d8,501.0,1006.2,22.9,80.0
5517,1722899575919,abc0d16aaf15b3a4ee2e561195dfd82ab260497412e326bb57f2ee5bbe9042d8,517.0,1006.2,23.0,81.0
5518,1722900175864,abc0d16aaf15b3a4ee2e561195dfd82ab260497412e326bb57f2ee5bbe9042d8,511.0,1006.2,22.9,83.0
5519,1722900775853,abc0d16aaf15b3a4ee2e561195dfd82ab260497412e326bb57f2ee5bbe9042d8,501.0,1006.2,22.9,83.0
5520,1722901375841,abc0d16aaf15b3a4ee2e561195dfd82ab260497412e326bb57f2ee5bbe9042d8,504.0,1006.1,23.0,81.0
5521,1722901975783,abc0d16aaf15b3a4ee2e561195dfd82ab260497412e326bb57f2ee5bbe9042d8,502.0,1006.2,23.3,80.0
5522,1722902575764,abc0d16aaf15b3a4ee2e561195dfd82ab260497412e326bb57f2ee5bbe9042d8,505.0,1006.1,23.4,80.0
5523,1722903175742,abc0d16aaf15b3a4ee2e561195dfd82ab260497412e326bb57f2ee5bbe9042d8,495.0,1006.1,23.4,81.0
5524,1722903775683,abc0d16aaf15b3a4ee2e561195dfd82ab260497412e326bb57f2ee5bbe9042d8,490.0,1006.1,23.4,80.0
5525,1722904375677,abc0d16aaf15b3a4ee2e561195dfd82ab260497412e326bb57f2ee5bbe9042d8,513.0,1006.1,23.4,80.0
5526,1722904975664,abc0d16aaf15b3a4ee2e561195dfd82ab260497412e326bb57f2ee5bbe9042d8,523.0,1006.1,23.6,79.0
5527,1722905575611,abc0d16aaf15b3a4ee2e561195dfd82ab260497412e326bb57f2ee5bbe9042d8,521.0,1006.2,23.4,80.0
5528,1722906175598,abc0d16aaf15b3a4ee2e561195dfd82ab260497412e326bb57f2ee5bbe9042d8,515.0,1006.3,23.2,80.0
5529,1722906775573,abc0d16aaf15b3a4ee2e561195dfd82ab260497412e326bb57f2ee5bbe9042d8,511.0,1006.2,23.0,83.0
5530,1722907375510,abc0d16aaf15b3a4ee2e561195dfd82ab260497412e326bb57f2ee5bbe9042d8,510.0,1006.2,22.7,84.0
5531,1722907975508,abc0d16aaf15b3a4ee2e561195dfd82ab260497412e326bb57f2ee5bbe9042d8,519.0,1006.1,22.6,84.0
5532,1722908575457,abc0d16aaf15b3a4ee2e561195dfd82ab260497412e326bb57f2ee5bbe9042d8,530.0,1006.1,22.6,85.0
5533,1722909175454,abc0d16aaf15b3a4ee2e561195dfd82ab260497412e326bb57f2ee5bbe9042d8,501.0,1006.2,22.4,86.0
5534,1722909775400,abc0d16aaf15b3a4ee2e561195dfd82ab260497412e326bb57f2ee5bbe9042d8,520.0,1006.1,22.4,86.0
5535,1722910375397,abc0d16aaf15b3a4ee2e561195dfd82ab260497412e326bb57f2ee5bbe9042d8,532.0,1006.1,22.2,85.0
5536,1722910975336,abc0d16aaf15b3a4ee2e561195dfd82ab260497412e326bb57f2ee5bbe9042d8,535.0,1006.1,22.0,86.0
5537,1722911575342,abc0d16aaf15b3a4ee2e561195dfd82ab260497412e326bb57f2ee5bbe9042d8,538.0,1006.0,21.8,86.0
5538,1722912175309,abc0d16aaf15b3a4ee2e561195dfd82ab260497412e326bb57f2ee5bbe9042d8,567.0,1006.1,21.6,89.0
5539,1722912775279,abc0d16aaf15b3a4ee2e561195dfd82ab260497412e326bb57f2ee5bbe9042d8,588.0,1006.2,21.4,89.0
5540,1722913375251,abc0d16aaf15b3a4ee2e561195dfd82ab260497412e326bb57f2ee5bbe9042d8,541.0,1006.2,21.2,89.0
5541,1722913975230,abc0d16aaf15b3a4ee2e561195dfd82ab260497412e326bb57f2ee5bbe9042d8,583.0,1006.3,21.1,91.0
5542,1722914575161,abc0d16aaf15b3a4ee2e561195dfd82ab260497412e326bb57f2ee5bbe9042d8,597.0,1006.4,21.0,92.0
5543,1722915175181,abc0d16aaf15b3a4ee2e561195dfd82ab260497412e326bb57f2ee5bbe9042d8,654.0,1006.5,20.9,92.0
5544,1722915775149,abc0d16aaf15b3a4ee2e561195dfd82ab260497412e326bb57f2ee5bbe9042d8,681.0,1006.5,20.7,93.0
5545,1722916375083,abc0d16aaf15b3a4ee2e561195dfd82ab260497412e326bb57f2ee5bbe9042d8,671.0,1006.6,20.6,95.0
5546,1722916975057,abc0d16aaf15b3a4ee2e561195dfd82ab260497412e326bb57f2ee5bbe9042d8,657.0,1006.7,20.6,95.0
5547,1722917575043,abc0d16aaf15b3a4ee2e561195dfd82ab260497412e326bb57f2ee5bbe9042d8,680.0,1006.6,20.5,96.0
5548,1722918175004,abc0d16aaf15b3a4ee2e561195dfd82ab260497412e326bb57f2ee5bbe9042d8,640.0,1006.7,20.6,98.0
5549,1722918774993,abc0d16aaf15b3a4ee2e561195dfd82ab260497412e326bb57f2ee5bbe9042d8,621.0,1006.7,20.7,98.0
5550,1722919374969,abc0d16aaf15b3a4ee2e561195dfd82ab260497412e326bb57f2ee5bbe9042d8,587.0,1006.6,20.9,99.0
5551,1722919974918,abc0d16aaf15b3a4ee2e561195dfd82ab260497412e326bb57f2ee5bbe9042d8,648.0,1006.7,21.2,99.0
5552,1722920574952,abc0d16aaf15b3a4ee2e561195dfd82ab260497412e326bb57f2ee5bbe9042d8,578.0,1006.7,22.1,99.0
5553,1722921174879,abc0d16aaf15b3a4ee2e561195dfd82ab260497412e326bb57f2ee5bbe9042d8,563.0,1006.7,24.0,93.0
5554,1722921774824,abc0d16aaf15b3a4ee2e561195dfd82ab260497412e326bb57f2ee5bbe9042d8,539.0,1006.8,25.6,88.0
5555,1722922374830,abc0d16aaf15b3a4ee2e561195dfd82ab260497412e326bb57f2ee5bbe9042d8,554.0,1006.9,26.3,88.0
5556,1722922974790,abc0d16aaf15b3a4ee2e561195dfd82ab260497412e326bb57f2ee5bbe9042d8,517.0,1006.9,26.8,83.0
5557,1722923576462,abc0d16aaf15b3a4ee2e561195dfd82ab260497412e326bb57f2ee5bbe9042d8,504.0,1006.9,28.4,80.0
5558,1722924174723,abc0d16aaf15b3a4ee2e561195dfd82ab260497412e326bb57f2ee5bbe9042d8,514.0,1006.9,29.1,80.0
5559,1722924774693,abc0d16aaf15b3a4ee2e561195dfd82ab260497412e326bb57f2ee5bbe9042d8,506.0,1006.8,29.7,74.0
5560,1722925374645,abc0d16aaf15b3a4ee2e561195dfd82ab260497412e326bb57f2ee5bbe9042d8,478.0,1006.9,28.6,74.0
5561,1722925974652,abc0d16aaf15b3a4ee2e561195dfd82ab260497412e326bb57f2ee5bbe9042d8,483.0,1006.8,28.5,74.0
5562,1722926574629,abc0d16aaf15b3a4ee2e561195dfd82ab260497412e326bb57f2ee5bbe9042d8,483.0,1006.9,30.4,73.0
5563,1722927174561,abc0d16aaf15b3a4ee2e561195dfd82ab260497412e326bb57f2ee5bbe9042d8,470.0,1006.9,29.5,73.0
5564,1722927774563,abc0d16aaf15b3a4ee2e561195dfd82ab260497412e326bb57f2ee5bbe9042d8,478.0,1006.9,29.2,73.0
5565,1722928374534,abc0d16aaf15b3a4ee2e561195dfd82ab260497412e326bb57f2ee5bbe9042d8,485.0,1006.8,29.8,71.0
5566,1722928974465,abc0d16aaf15b3a4ee2e561195dfd82ab260497412e326bb57f2ee5bbe9042d8,509.0,1006.7,31.8,68.0
5567,1722929574472,abc0d16aaf15b3a4ee2e561195dfd82ab260497412e326bb57f2ee5bbe9042d8,512.0,1006.7,32.8,68.0
5568,1722930174464,abc0d16aaf15b3a4ee2e561195dfd82ab260497412e326bb57f2ee5bbe9042d8,480.0,1006.5,33.5,68.0
5569,1722930774398,abc0d16aaf15b3a4ee2e561195dfd82ab260497412e326bb57f2ee5bbe9042d8,462.0,1006.5,34.0,64.0
5570,1722931374396,abc0d16aaf15b3a4ee2e561195dfd82ab260497412e326bb57f2ee5bbe9042d8,475.0,1006.5,34.3,64.0
5571,1722931974362,abc0d16aaf15b3a4ee2e561195dfd82ab260497412e326bb57f2ee5bbe9042d8,463.0,1006.4,34.5,66.0
5572,1722932574315,abc0d16aaf15b3a4ee2e561195dfd82ab260497412e326bb57f2ee5bbe9042d8,467.0,1006.5,33.6,66.0
5573,1722933174307,abc0d16aaf15b3a4ee2e561195dfd82ab260497412e326bb57f2ee5bbe9042d8,487.0,1006.5,32.3,66.0
5574,1722933774293,abc0d16aaf15b3a4ee2e561195dfd82ab260497412e326bb57f2ee5bbe9042d8,502.0,1006.3,33.3,65.0
5575,1722934974230,abc0d16aaf15b3a4ee2e561195dfd82ab260497412e326bb57f2ee5bbe9042d8,472.0,1006.2,34.6,62.0
5576,1722935574207,abc0d16aaf15b3a4ee2e561195dfd82ab260497412e326bb57f2ee5bbe9042d8,455.0,1006.0,34.2,60.0
5577,1722936174165,abc0d16aaf15b3a4ee2e561195dfd82ab260497412e326bb57f2ee5bbe9042d8,444.0,1006.0,34.1,58.0
5578,1722936774162,abc0d16aaf15b3a4ee2e561195dfd82ab260497412e326bb57f2ee5bbe9042d8,435.0,1006.1,34.7,58.0
5579,1722937374135,abc0d16aaf15b3a4ee2e561195dfd82ab260497412e326bb57f2ee5bbe9042d8,455.0,1006.1,34.7,58.0
5580,1722937974110,abc0d16aaf15b3a4ee2e561195dfd82ab260497412e326bb57f2ee5bbe9042d8,453.0,1006.0,35.1,56.0
5581,1722938574099,abc0d16aaf15b3a4ee2e561195dfd82ab260497412e326bb57f2ee5bbe9042d8,455.0,1006.0,35.3,56.0
5582,1722939174063,abc0d16aaf15b3a4ee2e561195dfd82ab260497412e326bb57f2ee5bbe9042d8,471.0,1005.8,35.6,54.0
5583,1722939774063,abc0d16aaf15b3a4ee2e561195dfd82ab260497412e326bb57f2ee5bbe9042d8,454.0,1005.8,35.5,52.0
5584,1722940374016,abc0d16aaf15b3a4ee2e561195dfd82ab260497412e326bb57f2ee5bbe9042d8,456.0,1005.7,35.5,52.0
5585,1722940973996,abc0d16aaf15b3a4ee2e561195dfd82ab260497412e326bb57f2ee5bbe9042d8,451.0,1005.6,35.4,52.0
5586,1722941573955,abc0d16aaf15b3a4ee2e561195dfd82ab260497412e326bb57f2ee5bbe9042d8,458.0,1005.5,35.2,51.0
5587,1722942173953,abc0d16aaf15b3a4ee2e561195dfd82ab260497412e326bb57f2ee5bbe9042d8,460.0,1005.5,35.5,51.0
5588,1722942773873,abc0d16aaf15b3a4ee2e561195dfd82ab260497412e326bb57f2ee5bbe9042d8,468.0,1005.4,35.9,49.0
5589,1722943373879,abc0d16aaf15b3a4ee2e561195dfd82ab260497412e326bb57f2ee5bbe9042d8,442.0,1005.3,36.3,48.0
5590,1722943973876,abc0d16aaf15b3a4ee2e561195dfd82ab260497412e326bb57f2ee5bbe9042d8,450.0,1005.3,36.4,48.0
5591,1722944573854,abc0d16aaf15b3a4ee2e561195dfd82ab260497412e326bb57f2ee5bbe9042d8,454.0,1005.2,36.3,48.0
5592,1722945173811,abc0d16aaf15b3a4ee2e561195dfd82ab260497412e326bb57f2ee5bbe9042d8,430.0,1005.0,36.4,46.0
5593,1722945773810,abc0d16aaf15b3a4ee2e561195dfd82ab260497412e326bb57f2ee5bbe9042d8,452.0,1005.0,36.8,46.0
5594,1722946373772,abc0d16aaf15b3a4ee2e561195dfd82ab260497412e326bb57f2ee5bbe9042d8,434.0,1004.9,36.7,44.0
5595,1722946973785,abc0d16aaf15b3a4ee2e561195dfd82ab260497412e326bb57f2ee5bbe9042d8,443.0,1004.9,37.0,43.0
5596,1722947573740,abc0d16aaf15b3a4ee2e561195dfd82ab260497412e326bb57f2ee5bbe9042d8,432.0,1004.9,37.5,43.0
5597,1722948173718,abc0d16aaf15b3a4ee2e561195dfd82ab260497412e326bb57f2ee5bbe9042d8,421.0,1004.8,37.9,41.0
5598,1722948773673,abc0d16aaf15b3a4ee2e561195dfd82ab260497412e326bb57f2ee5bbe9042d8,436.0,1004.6,38.2,43.0
5599,1722949373664,abc0d16aaf15b3a4ee2e561195dfd82ab260497412e326bb57f2ee5bbe9042d8,434.0,1004.5,38.4,43.0
5600,1722949973632,abc0d16aaf15b3a4ee2e561195dfd82ab260497412e326bb57f2ee5bbe9042d8,452.0,1004.3,38.3,41.0
5601,1722950573615,abc0d16aaf15b3a4ee2e561195dfd82ab260497412e326bb57f2ee5bbe9042d8,421.0,1004.1,38.1,42.0
5602,1722951173598,abc0d16aaf15b3a4ee2e561195dfd82ab260497412e326bb57f2ee5bbe9042d8,433.0,1004.1,38.3,42.0
5603,1722951773603,abc0d16aaf15b3a4ee2e561195dfd82ab260497412e326bb57f2ee5bbe9042d8,442.0,1004.0,37.7,44.0
5604,1722952373539,abc0d16aaf15b3a4ee2e561195dfd82ab260497412e326bb57f2ee5bbe9042d8,436.0,1004.3,35.0,45.0
5605,1722952973532,abc0d16aaf15b3a4ee2e561195dfd82ab260497412e326bb57f2ee5bbe9042d8,432.0,1004.3,33.7,45.0
5606,1722953573517,abc0d16aaf15b3a4ee2e561195dfd82ab260497412e326bb57f2ee5bbe9042d8,450.0,1004.2,32.7,46.0
5607,1722954173483,abc0d16aaf15b3a4ee2e561195dfd82ab260497412e326bb57f2ee5bbe9042d8,432.0,1004.2,32.2,48.0
5608,1722954773461,abc0d16aaf15b3a4ee2e561195dfd82ab260497412e326bb57f2ee5bbe9042d8,451.0,1004.2,31.7,48.0
5609,1722955373429,abc0d16aaf15b3a4ee2e561195dfd82ab260497412e326bb57f2ee5bbe9042d8,467.0,1004.3,31.4,50.0
5610,1722955973381,abc0d16aaf15b3a4ee2e561195dfd82ab260497412e326bb57f2ee5bbe9042d8,422.0,1004.1,31.2,51.0
5611,1722956573381,abc0d16aaf15b3a4ee2e561195dfd82ab260497412e326bb57f2ee5bbe9042d8,458.0,1004.6,31.2,51.0
5612,1722957173345,abc0d16aaf15b3a4ee2e561195dfd82ab260497412e326bb57f2ee5bbe9042d8,442.0,1004.7,31.2,54.0
5613,1722957773311,abc0d16aaf15b3a4ee2e561195dfd82ab260497412e326bb57f2ee5bbe9042d8,433.0,1004.2,31.4,51.0
5614,1722958373304,abc0d16aaf15b3a4ee2e561195dfd82ab260497412e326bb57f2ee5bbe9042d8,423.0,1004.1,34.2,51.0
5615,1722958973278,abc0d16aaf15b3a4ee2e561195dfd82ab260497412e326bb57f2ee5bbe9042d8,415.0,1004.0,35.9,48.0
5616,1722959573235,abc0d16aaf15b3a4ee2e561195dfd82ab260497412e326bb57f2ee5bbe9042d8,419.0,1004.2,36.5,51.0
5617,1722960173222,abc0d16aaf15b3a4ee2e561195dfd82ab260497412e326bb57f2ee5bbe9042d8,440.0,1004.6,34.8,51.0
5618,1722960773175,abc0d16aaf15b3a4ee2e561195dfd82ab260497412e326bb57f2ee5bbe9042d8,442.0,1004.5,32.8,56.0
5619,1722961374873,abc0d16aaf15b3a4ee2e561195dfd82ab260497412e326bb57f2ee5bbe9042d8,444.0,1004.5,32.6,56.0
5620,1722961973139,abc0d16aaf15b3a4ee2e561195dfd82ab260497412e326bb57f2ee5bbe9042d8,445.0,1004.3,32.7,56.0
5621,1722962573121,abc0d16aaf15b3a4ee2e561195dfd82ab260497412e326bb57f2ee5bbe9042d8,438.0,1004.1,32.0,55.0
5622,1722963173076,abc0d16aaf15b3a4ee2e561195dfd82ab260497412e326bb57f2ee5bbe9042d8,437.0,1004.1,32.6,54.0
5623,1722963773067,abc0d16aaf15b3a4ee2e561195dfd82ab260497412e326bb57f2ee5bbe9042d8,430.0,1004.0,33.2,54.0
5624,1722964373028,abc0d16aaf15b3a4ee2e561195dfd82ab260497412e326bb57f2ee5bbe9042d8,430.0,1004.0,33.2,57.0
5625,1722964972995,abc0d16aaf15b3a4ee2e561195dfd82ab260497412e326bb57f2ee5bbe9042d8,437.0,1004.0,33.2,58.0
5626,1722965572986,abc0d16aaf15b3a4ee2e561195dfd82ab260497412e326bb57f2ee5bbe9042d8,429.0,1004.1,33.1,58.0
5627,1722966172962,abc0d16aaf15b3a4ee2e561195dfd82ab260497412e326bb57f2ee5bbe9042d8,439.0,1004.2,32.0,57.0
5628,1722966772931,abc0d16aaf15b3a4ee2e561195dfd82ab260497412e326bb57f2ee5bbe9042d8,453.0,1004.2,31.1,61.0
5629,1722967372899,abc0d16aaf15b3a4ee2e561195dfd82ab260497412e326bb57f2ee5bbe9042d8,445.0,1004.3,29.8,61.0
5630,1722967972869,abc0d16aaf15b3a4ee2e561195dfd82ab260497412e326bb57f2ee5bbe9042d8,454.0,1004.4,28.9,62.0
5631,1722968572847,abc0d16aaf15b3a4ee2e561195dfd82ab260497412e326bb57f2ee5bbe9042d8,472.0,1004.5,28.2,64.0
5632,1722969172830,abc0d16aaf15b3a4ee2e561195dfd82ab260497412e326bb57f2ee5bbe9042d8,485.0,1004.7,27.5,64.0
5633,1722969772804,abc0d16aaf15b3a4ee2e561195dfd82ab260497412e326bb57f2ee5bbe9042d8,507.0,1004.9,26.8,67.0
5634,1722970372755,abc0d16aaf15b3a4ee2e561195dfd82ab260497412e326bb57f2ee5bbe9042d8,475.0,1005.0,26.3,67.0
5635,1722970972733,abc0d16aaf15b3a4ee2e561195dfd82ab260497412e326bb57f2ee5bbe9042d8,507.0,1005.1,26.0,67.0
5636,1722971572693,abc0d16aaf15b3a4ee2e561195dfd82ab260497412e326bb57f2ee5bbe9042d8,534.0,1005.4,25.6,69.0
5637,1722972172675,abc0d16aaf15b3a4ee2e561195dfd82ab260497412e326bb57f2ee5bbe9042d8,494.0,1005.4,25.3,70.0
5638,1722972772619,abc0d16aaf15b3a4ee2e561195dfd82ab260497412e326bb57f2ee5bbe9042d8,472.0,1005.5,25.5,70.0
5639,1722973372619,abc0d16aaf15b3a4ee2e561195dfd82ab260497412e326bb57f2ee5bbe9042d8,468.0,1005.5,25.5,72.0
5640,1722973972573,abc0d16aaf15b3a4ee2e561195dfd82ab260497412e326bb57f2ee5bbe9042d8,454.0,1005.5,25.3,73.0
5641,1722974572563,abc0d16aaf15b3a4ee2e561195dfd82ab260497412e326bb57f2ee5bbe9042d8,489.0,1005.7,25.2,73.0
5642,1722975172517,abc0d16aaf15b3a4ee2e561195dfd82ab260497412e326bb57f2ee5bbe9042d8,472.0,1005.8,25.2,74.0
5643,1722975772481,abc0d16aaf15b3a4ee2e561195dfd82ab260497412e326bb57f2ee5bbe9042d8,478.0,1005.8,25.0,74.0
5644,1722976372489,abc0d16aaf15b3a4ee2e561195dfd82ab260497412e326bb57f2ee5bbe9042d8,484.0,1005.9,24.8,74.0
5645,1722976972457,abc0d16aaf15b3a4ee2e561195dfd82ab260497412e326bb57f2ee5bbe9042d8,490.0,1006.2,24.6,76.0
5646,1722977572413,abc0d16aaf15b3a4ee2e561195dfd82ab260497412e326bb57f2ee5bbe9042d8,484.0,1006.3,24.4,78.0
5647,1722978172399,abc0d16aaf15b3a4ee2e561195dfd82ab260497412e326bb57f2ee5bbe9042d8,471.0,1006.3,24.4,78.0
5648,1722978772358,abc0d16aaf15b3a4ee2e561195dfd82ab260497412e326bb57f2ee5bbe9042d8,487.0,1006.3,24.4,77.0
5649,1722979372321,abc0d16aaf15b3a4ee2e561195dfd82ab260497412e326bb57f2ee5bbe9042d8,523.0,1006.3,24.4,77.0
5650,1722979972306,abc0d16aaf15b3a4ee2e561195dfd82ab260497412e326bb57f2ee5bbe9042d8,505.0,1006.3,24.2,77.0
5651,1722980572289,abc0d16aaf15b3a4ee2e561195dfd82ab260497412e326bb57f2ee5bbe9042d8,509.0,1006.3,24.1,79.0
5652,1722981172298,abc0d16aaf15b3a4ee2e561195dfd82ab260497412e326bb57f2ee5bbe9042d8,507.0,1006.4,23.7,81.0
5653,1722981772219,abc0d16aaf15b3a4ee2e561195dfd82ab260497412e326bb57f2ee5bbe9042d8,524.0,1006.3,23.6,81.0
5654,1722982372179,abc0d16aaf15b3a4ee2e561195dfd82ab260497412e326bb57f2ee5bbe9042d8,497.0,1006.4,23.6,84.0
5655,1722983572131,abc0d16aaf15b3a4ee2e561195dfd82ab260497412e326bb57f2ee5bbe9042d8,502.0,1006.5,23.8,83.0
5656,1722984172108,abc0d16aaf15b3a4ee2e561195dfd82ab260497412e326bb57f2ee5bbe9042d8,521.0,1006.6,23.7,81.0
5657,1722984772071,abc0d16aaf15b3a4ee2e561195dfd82ab260497412e326bb57f2ee5bbe9042d8,521.0,1006.6,23.7,81.0
5658,1722985372029,abc0d16aaf15b3a4ee2e561195dfd82ab260497412e326bb57f2ee5bbe9042d8,518.0,1006.6,23.4,81.0
5659,1722985972004,abc0d16aaf15b3a4ee2e561195dfd82ab260497412e326bb57f2ee5bbe9042d8,523.0,1006.6,23.1,84.0
5660,1722986572034,abc0d16aaf15b3a4ee2e561195dfd82ab260497412e326bb57f2ee5bbe9042d8,483.0,1006.5,23.2,82.0
5661,1722987171964,abc0d16aaf15b3a4ee2e561195dfd82ab260497412e326bb57f2ee5bbe9042d8,506.0,1006.6,23.2,82.0
5662,1722987771938,abc0d16aaf15b3a4ee2e561195dfd82ab260497412e326bb57f2ee5bbe9042d8,520.0,1006.6,23.1,80.0
5663,1722988371889,abc0d16aaf15b3a4ee2e561195dfd82ab260497412e326bb57f2ee5bbe9042d8,521.0,1006.6,23.0,82.0
5664,1722988971872,abc0d16aaf15b3a4ee2e561195dfd82ab260497412e326bb57f2ee5bbe9042d8,522.0,1006.5,22.9,82.0
5665,1722989571830,abc0d16aaf15b3a4ee2e561195dfd82ab260497412e326bb57f2ee5bbe9042d8,514.0,1006.5,22.9,83.0
5666,1722990171810,abc0d16aaf15b3a4ee2e561195dfd82ab260497412e326bb57f2ee5bbe9042d8,486.0,1006.5,23.4,81.0
5667,1722990771787,abc0d16aaf15b3a4ee2e561195dfd82ab260497412e326bb57f2ee5bbe9042d8,499.0,1006.5,23.4,81.0
5668,1722991371765,abc0d16aaf15b3a4ee2e561195dfd82ab260497412e326bb57f2ee5bbe9042d8,500.0,1006.5,23.5,79.0
5669,1722991971751,abc0d16aaf15b3a4ee2e561195dfd82ab260497412e326bb57f2ee5bbe9042d8,501.0,1006.6,23.4,79.0
5670,1722992573400,abc0d16aaf15b3a4ee2e561195dfd82ab260497412e326bb57f2ee5bbe9042d8,526.0,1006.6,23.2,79.0
5671,1722993171697,abc0d16aaf15b3a4ee2e561195dfd82ab260497412e326bb57f2ee5bbe9042d8,510.0,1006.5,23.0,80.0
5672,1722993771628,abc0d16aaf15b3a4ee2e561195dfd82ab260497412e326bb57f2ee5bbe9042d8,504.0,1006.5,23.0,79.0
5673,1722994371612,abc0d16aaf15b3a4ee2e561195dfd82ab260497412e326bb57f2ee5bbe9042d8,492.0,1006.4,22.9,79.0
5674,1722994971567,abc0d16aaf15b3a4ee2e561195dfd82ab260497412e326bb57f2ee5bbe9042d8,492.0,1006.5,22.9,79.0
5675,1722995571542,abc0d16aaf15b3a4ee2e561195dfd82ab260497412e326bb57f2ee5bbe9042d8,559.0,1006.6,22.7,80.0
5676,1722996171511,abc0d16aaf15b3a4ee2e561195dfd82ab260497412e326bb57f2ee5bbe9042d8,531.0,1006.6,22.5,80.0
5677,1722996771482,abc0d16aaf15b3a4ee2e561195dfd82ab260497412e326bb57f2ee5bbe9042d8,529.0,1006.6,22.2,80.0
5678,1722997371449,abc0d16aaf15b3a4ee2e561195dfd82ab260497412e326bb57f2ee5bbe9042d8,501.0,1006.7,22.0,81.0
5679,1722997971446,abc0d16aaf15b3a4ee2e561195dfd82ab260497412e326bb57f2ee5bbe9042d8,509.0,1006.7,22.0,81.0
5680,1722998571420,abc0d16aaf15b3a4ee2e561195dfd82ab260497412e326bb57f2ee5bbe9042d8,505.0,1006.7,22.1,80.0
5681,1722999171335,abc0d16aaf15b3a4ee2e561195dfd82ab260497412e326bb57f2ee5bbe9042d8,524.0,1006.8,22.0,80.0
5682,1722999771357,abc0d16aaf15b3a4ee2e561195dfd82ab260497412e326bb57f2ee5bbe9042d8,518.0,1006.7,21.8,80.0
5683,1723000371331,abc0d16aaf15b3a4ee2e561195dfd82ab260497412e326bb57f2ee5bbe9042d8,510.0,1006.8,21.6,80.0
5684,1723000971280,abc0d16aaf15b3a4ee2e561195dfd82ab260497412e326bb57f2ee5bbe9042d8,516.0,1006.8,21.5,81.0
5685,1723001571265,abc0d16aaf15b3a4ee2e561195dfd82ab260497412e326bb57f2ee5bbe9042d8,492.0,1006.8,21.6,81.0
5686,1723002171243,abc0d16aaf15b3a4ee2e561195dfd82ab260497412e326bb57f2ee5bbe9042d8,518.0,1006.9,21.6,81.0
5687,1723002771204,abc0d16aaf15b3a4ee2e561195dfd82ab260497412e326bb57f2ee5bbe9042d8,536.0,1006.9,21.5,82.0
5688,1723003371173,abc0d16aaf15b3a4ee2e561195dfd82ab260497412e326bb57f2ee5bbe9042d8,527.0,1007.0,21.3,82.0
5689,1723003971144,abc0d16aaf15b3a4ee2e561195dfd82ab260497412e326bb57f2ee5bbe9042d8,543.0,1007.0,21.1,83.0
5690,1723004571105,abc0d16aaf15b3a4ee2e561195dfd82ab260497412e326bb57f2ee5bbe9042d8,521.0,1007.2,21.2,82.0
5691,1723005171100,abc0d16aaf15b3a4ee2e561195dfd82ab260497412e326bb57f2ee5bbe9042d8,526.0,1007.2,21.3,82.0
5692,1723005771082,abc0d16aaf15b3a4ee2e561195dfd82ab260497412e326bb57f2ee5bbe9042d8,520.0,1007.4,21.5,82.0
5693,1723006371033,abc0d16aaf15b3a4ee2e561195dfd82ab260497412e326bb57f2ee5bbe9042d8,509.0,1007.4,21.8,81.0
5694,1723006971008,abc0d16aaf15b3a4ee2e561195dfd82ab260497412e326bb57f2ee5bbe9042d8,507.0,1007.4,22.5,81.0
5695,1723007570964,abc0d16aaf15b3a4ee2e561195dfd82ab260497412e326bb57f2ee5bbe9042d8,506.0,1007.4,23.8,78.0
5696,1723008770926,abc0d16aaf15b3a4ee2e561195dfd82ab260497412e326bb57f2ee5bbe9042d8,506.0,1007.5,25.1,79.0
5697,1723009370894,abc0d16aaf15b3a4ee2e561195dfd82ab260497412e326bb57f2ee5bbe9042d8,497.0,1007.5,25.9,77.0
5698,1723009970846,abc0d16aaf15b3a4ee2e561195dfd82ab260497412e326bb57f2ee5bbe9042d8,503.0,1007.5,26.3,76.0
5699,1723010570824,abc0d16aaf15b3a4ee2e561195dfd82ab260497412e326bb57f2ee5bbe9042d8,497.0,1007.4,26.8,76.0
5700,1723011170786,abc0d16aaf15b3a4ee2e561195dfd82ab260497412e326bb57f2ee5bbe9042d8,509.0,1007.4,27.6,74.0
5701,1723011770756,abc0d16aaf15b3a4ee2e561195dfd82ab260497412e326bb57f2ee5bbe9042d8,505.0,1007.4,28.8,71.0
5702,1723012370748,abc0d16aaf15b3a4ee2e561195dfd82ab260497412e326bb57f2ee5bbe9042d8,492.0,1007.4,29.7,71.0
5703,1723012970704,abc0d16aaf15b3a4ee2e561195dfd82ab260497412e326bb57f2ee5bbe9042d8,485.0,1007.4,29.7,69.0
5704,1723013570683,abc0d16aaf15b3a4ee2e561195dfd82ab260497412e326bb57f2ee5bbe9042d8,483.0,1007.4,29.8,69.0
5705,1723014170640,abc0d16aaf15b3a4ee2e561195dfd82ab260497412e326bb57f2ee5bbe9042d8,460.0,1007.4,30.5,69.0
5706,1723014770624,abc0d16aaf15b3a4ee2e561195dfd82ab260497412e326bb57f2ee5bbe9042d8,481.0,1007.3,31.5,67.0
5707,1723015370603,abc0d16aaf15b3a4ee2e561195dfd82ab260497412e326bb57f2ee5bbe9042d8,469.0,1007.3,32.7,65.0
5708,1723015970569,abc0d16aaf15b3a4ee2e561195dfd82ab260497412e326bb57f2ee5bbe9042d8,472.0,1007.3,32.9,65.0
5709,1723016570561,abc0d16aaf15b3a4ee2e561195dfd82ab260497412e326bb57f2ee5bbe9042d8,465.0,1007.2,32.7,65.0
5710,1723017170510,abc0d16aaf15b3a4ee2e561195dfd82ab260497412e326bb57f2ee5bbe9042d8,463.0,1007.3,32.8,63.0
5711,1723017770496,abc0d16aaf15b3a4ee2e561195dfd82ab260497412e326bb57f2ee5bbe9042d8,453.0,1007.3,33.0,63.0
5712,1723018370456,abc0d16aaf15b3a4ee2e561195dfd82ab260497412e326bb57f2ee5bbe9042d8,455.0,1007.2,33.0,61.0
5713,1723018970437,abc0d16aaf15b3a4ee2e561195dfd82ab260497412e326bb57f2ee5bbe9042d8,462.0,1007.2,33.0,61.0
5714,1723019570424,abc0d16aaf15b3a4ee2e561195dfd82ab260497412e326bb57f2ee5bbe9042d8,458.0,1007.1,33.1,61.0
5715,1723020170397,abc0d16aaf15b3a4ee2e561195dfd82ab260497412e326bb57f2ee5bbe9042d8,478.0,1007.0,32.8,61.0
5716,1723020770353,abc0d16aaf15b3a4ee2e561195dfd82ab260497412e326bb57f2ee5bbe9042d8,458.0,1007.0,33.5,60.0
5717,1723021372047,abc0d16aaf15b3a4ee2e561195dfd82ab260497412e326bb57f2ee5bbe9042d8,499.0,1006.8,33.8,60.0
5718,1723021970301,abc0d16aaf15b3a4ee2e561195dfd82ab260497412e326bb57f2ee5bbe9042d8,454.0,1006.8,33.5,60.0
5719,1723022570272,abc0d16aaf15b3a4ee2e561195dfd82ab260497412e326bb57f2ee5bbe9042d8,462.0,1006.7,33.6,58.0
5720,1723023170256,abc0d16aaf15b3a4ee2e561195dfd82ab260497412e326bb57f2ee5bbe9042d8,475.0,1006.7,33.9,58.0
5721,1723023770247,abc0d16aaf15b3a4ee2e561195dfd82ab260497412e326bb57f2ee5bbe9042d8,456.0,1006.7,34.2,58.0
5722,1723024370195,abc0d16aaf15b3a4ee2e561195dfd82ab260497412e326bb57f2ee5bbe9042d8,474.0,1006.6,34.3,58.0
5723,1723024970241,abc0d16aaf15b3a4ee2e561195dfd82ab260497412e326bb57f2ee5bbe9042d8,457.0,1006.6,34.6,58.0
5724,1723025570160,abc0d16aaf15b3a4ee2e561195dfd82ab260497412e326bb57f2ee5bbe9042d8,460.0,1006.5,34.6,56.0
5725,1723026170131,abc0d16aaf15b3a4ee2e561195dfd82ab260497412e326bb57f2ee5bbe9042d8,476.0,1006.6,35.0,55.0
5726,1723026770109,abc0d16aaf15b3a4ee2e561195dfd82ab260497412e326bb57f2ee5bbe9042d8,467.0,1006.6,35.1,55.0
5727,1723027370109,abc0d16aaf15b3a4ee2e561195dfd82ab260497412e326bb57f2ee5bbe9042d8,446.0,1006.5,34.9,55.0
5728,1723027970058,abc0d16aaf15b3a4ee2e561195dfd82ab260497412e326bb57f2ee5bbe9042d8,440.0,1006.4,35.0,52.0
5729,1723028570047,abc0d16aaf15b3a4ee2e561195dfd82ab260497412e326bb57f2ee5bbe9042d8,438.0,1006.3,34.7,52.0
5730,1723029169976,abc0d16aaf15b3a4ee2e561195dfd82ab260497412e326bb57f2ee5bbe9042d8,434.0,1006.1,35.5,50.0
5731,1723029769996,abc0d16aaf15b3a4ee2e561195dfd82ab260497412e326bb57f2ee5bbe9042d8,465.0,1005.9,35.9,49.0
5732,1723030369974,abc0d16aaf15b3a4ee2e561195dfd82ab260497412e326bb57f2ee5bbe9042d8,420.0,1005.8,35.8,49.0
5733,1723030971655,abc0d16aaf15b3a4ee2e561195dfd82ab260497412e326bb57f2ee5bbe9042d8,445.0,1005.6,36.2,47.0
5734,1723031569920,abc0d16aaf15b3a4ee2e561195dfd82ab260497412e326bb57f2ee5bbe9042d8,448.0,1005.5,36.6,45.0
5735,1723032169908,abc0d16aaf15b3a4ee2e561195dfd82ab260497412e326bb57f2ee5bbe9042d8,450.0,1005.4,36.8,45.0
5736,1723032769867,abc0d16aaf15b3a4ee2e561195dfd82ab260497412e326bb57f2ee5bbe9042d8,468.0,1005.2,36.6,44.0
5737,1723033369829,abc0d16aaf15b3a4ee2e561195dfd82ab260497412e326bb57f2ee5bbe9042d8,440.0,1005.2,36.4,46.0
5738,1723033969835,abc0d16aaf15b3a4ee2e561195dfd82ab260497412e326bb57f2ee5bbe9042d8,436.0,1005.1,36.5,46.0
5739,1723034569823,abc0d16aaf15b3a4ee2e561195dfd82ab260497412e326bb57f2ee5bbe9042d8,475.0,1005.1,37.1,45.0
5740,1723035169774,abc0d16aaf15b3a4ee2e561195dfd82ab260497412e326bb57f2ee5bbe9042d8,442.0,1005.0,37.6,43.0
5741,1723035769766,abc0d16aaf15b3a4ee2e561195dfd82ab260497412e326bb57f2ee5bbe9042d8,446.0,1004.7,37.5,43.0
5742,1723036369736,abc0d16aaf15b3a4ee2e561195dfd82ab260497412e326bb57f2ee5bbe9042d8,421.0,1004.6,37.5,44.0
5743,1723036969720,abc0d16aaf15b3a4ee2e561195dfd82ab260497412e326bb57f2ee5bbe9042d8,442.0,1004.5,37.2,42.0
5744,1723037569708,abc0d16aaf15b3a4ee2e561195dfd82ab260497412e326bb57f2ee5bbe9042d8,449.0,1004.4,37.0,42.0
5745,1723038769706,abc0d16aaf15b3a4ee2e561195dfd82ab260497412e326bb57f2ee5bbe9042d8,444.0,1004.0,37.6,42.0
5746,1723039369633,abc0d16aaf15b3a4ee2e561195dfd82ab260497412e326bb57f2ee5bbe9042d8,445.0,1003.7,37.8,42.0
5747,1723039969605,abc0d16aaf15b3a4ee2e561195dfd82ab260497412e326bb57f2ee5bbe9042d8,438.0,1003.5,38.0,43.0
5748,1723040569572,abc0d16aaf15b3a4ee2e561195dfd82ab260497412e326bb57f2ee5bbe9042d8,440.0,1003.2,37.9,44.0
5749,1723041169567,abc0d16aaf15b3a4ee2e561195dfd82ab260497412e326bb57f2ee5bbe9042d8,439.0,1003.5,37.6,44.0
5750,1723041769556,abc0d16aaf15b3a4ee2e561195dfd82ab260497412e326bb57f2ee5bbe9042d8,445.0,1004.0,37.5,43.0
5751,1723042369517,abc0d16aaf15b3a4ee2e561195dfd82ab260497412e326bb57f2ee5bbe9042d8,436.0,1003.9,36.7,47.0
5752,1723042969534,abc0d16aaf15b3a4ee2e561195dfd82ab260497412e326bb57f2ee5bbe9042d8,437.0,1004.0,35.0,47.0
5753,1723043569457,abc0d16aaf15b3a4ee2e561195dfd82ab260497412e326bb57f2ee5bbe9042d8,451.0,1003.7,34.3,47.0
5754,1723044169465,abc0d16aaf15b3a4ee2e561195dfd82ab260497412e326bb57f2ee5bbe9042d8,447.0,1003.5,34.1,49.0
5755,1723044769420,abc0d16aaf15b3a4ee2e561195dfd82ab260497412e326bb57f2ee5bbe9042d8,449.0,1003.9,33.8,49.0
5756,1723045369409,abc0d16aaf15b3a4ee2e561195dfd82ab260497412e326bb57f2ee5bbe9042d8,454.0,1003.9,33.2,50.0
5757,1723045969353,abc0d16aaf15b3a4ee2e561195dfd82ab260497412e326bb57f2ee5bbe9042d8,463.0,1004.2,32.7,51.0
5758,1723046569349,abc0d16aaf15b3a4ee2e561195dfd82ab260497412e326bb57f2ee5bbe9042d8,433.0,1004.3,32.1,51.0
5759,1723047169349,abc0d16aaf15b3a4ee2e561195dfd82ab260497412e326bb57f2ee5bbe9042d8,452.0,1004.3,31.7,49.0
5760,1723047769285,abc0d16aaf15b3a4ee2e561195dfd82ab260497412e326bb57f2ee5bbe9042d8,455.0,1005.9,31.6,62.0
5761,1723048369270,abc0d16aaf15b3a4ee2e561195dfd82ab260497412e326bb57f2ee5bbe9042d8,442.0,1006.3,25.8,62.0
5762,1723048969248,abc0d16aaf15b3a4ee2e561195dfd82ab260497412e326bb57f2ee5bbe9042d8,455.0,1007.1,23.0,72.0
5763,1723049569207,abc0d16aaf15b3a4ee2e561195dfd82ab260497412e326bb57f2ee5bbe9042d8,447.0,1008.0,21.6,81.0
5764,1723050169174,abc0d16aaf15b3a4ee2e561195dfd82ab260497412e326bb57f2ee5bbe9042d8,450.0,1008.3,21.0,81.0
5765,1723050769145,abc0d16aaf15b3a4ee2e561195dfd82ab260497412e326bb57f2ee5bbe9042d8,446.0,1008.4,20.1,94.0
5766,1723051369156,abc0d16aaf15b3a4ee2e561195dfd82ab260497412e326bb57f2ee5bbe9042d8,452.0,1008.1,19.2,100.0
5767,1723051969088,abc0d16aaf15b3a4ee2e561195dfd82ab260497412e326bb57f2ee5bbe9042d8,454.0,1007.9,19.5,100.0
5768,1723052569062,abc0d16aaf15b3a4ee2e561195dfd82ab260497412e326bb57f2ee5bbe9042d8,452.0,1007.7,19.6,100.0
5769,1723053169030,abc0d16aaf15b3a4ee2e561195dfd82ab260497412e326bb57f2ee5bbe9042d8,462.0,1007.4,19.5,100.0
5770,1723053769001,abc0d16aaf15b3a4ee2e561195dfd82ab260497412e326bb57f2ee5bbe9042d8,472.0,1007.2,19.5,100.0
5771,1723054368959,abc0d16aaf15b3a4ee2e561195dfd82ab260497412e326bb57f2ee5bbe9042d8,461.0,1007.2,19.8,100.0
5772,1723054968948,abc0d16aaf15b3a4ee2e561195dfd82ab260497412e326bb57f2ee5bbe9042d8,476.0,1007.6,19.7,100.0
5773,1723055568928,abc0d16aaf15b3a4ee2e561195dfd82ab260497412e326bb57f2ee5bbe9042d8,464.0,1007.9,19.8,100.0
5774,1723056168913,abc0d16aaf15b3a4ee2e561195dfd82ab260497412e326bb57f2ee5bbe9042d8,497.0,1008.1,19.9,100.0
5775,1723056768849,abc0d16aaf15b3a4ee2e561195dfd82ab260497412e326bb57f2ee5bbe9042d8,473.0,1008.1,20.0,100.0
5776,1723057368837,abc0d16aaf15b3a4ee2e561195dfd82ab260497412e326bb57f2ee5bbe9042d8,469.0,1008.0,20.2,100.0
5777,1723057968812,abc0d16aaf15b3a4ee2e561195dfd82ab260497412e326bb57f2ee5bbe9042d8,481.0,1008.2,20.2,100.0
5778,1723058568768,abc0d16aaf15b3a4ee2e561195dfd82ab260497412e326bb57f2ee5bbe9042d8,518.0,1008.7,20.4,100.0
5779,1723059168741,abc0d16aaf15b3a4ee2e561195dfd82ab260497412e326bb57f2ee5bbe9042d8,494.0,1009.0,20.4,100.0
5780,1723059768728,abc0d16aaf15b3a4ee2e561195dfd82ab260497412e326bb57f2ee5bbe9042d8,475.0,1009.4,20.5,100.0
5781,1723060368689,abc0d16aaf15b3a4ee2e561195dfd82ab260497412e326bb57f2ee5bbe9042d8,465.0,1009.5,20.3,95.0
5782,1723060970366,abc0d16aaf15b3a4ee2e561195dfd82ab260497412e326bb57f2ee5bbe9042d8,479.0,1009.9,20.2,95.0
5783,1723062168572,abc0d16aaf15b3a4ee2e561195dfd82ab260497412e326bb57f2ee5bbe9042d8,460.0,1009.7,19.8,93.0
5784,1723062768578,abc0d16aaf15b3a4ee2e561195dfd82ab260497412e326bb57f2ee5bbe9042d8,466.0,1009.8,19.8,93.0
5785,1723063368555,abc0d16aaf15b3a4ee2e561195dfd82ab260497412e326bb57f2ee5bbe9042d8,500.0,1009.5,19.5,95.0
5786,1723063968503,abc0d16aaf15b3a4ee2e561195dfd82ab260497412e326bb57f2ee5bbe9042d8,482.0,1009.4,19.4,97.0
5787,1723064568489,abc0d16aaf15b3a4ee2e561195dfd82ab260497412e326bb57f2ee5bbe9042d8,493.0,1009.6,19.3,97.0
5788,1723065168416,abc0d16aaf15b3a4ee2e561195dfd82ab260497412e326bb57f2ee5bbe9042d8,493.0,1009.6,19.1,100.0
5789,1723065768419,abc0d16aaf15b3a4ee2e561195dfd82ab260497412e326bb57f2ee5bbe9042d8,503.0,1009.7,19.1,100.0
5790,1723066368374,abc0d16aaf15b3a4ee2e561195dfd82ab260497412e326bb57f2ee5bbe9042d8,511.0,1009.6,18.8,100.0
5791,1723067568339,abc0d16aaf15b3a4ee2e561195dfd82ab260497412e326bb57f2ee5bbe9042d8,527.0,1009.6,18.8,100.0
5792,1723068170024,abc0d16aaf15b3a4ee2e561195dfd82ab260497412e326bb57f2ee5bbe9042d8,525.0,1009.5,18.6,100.0
5793,1723068769992,abc0d16aaf15b3a4ee2e561195dfd82ab260497412e326bb57f2ee5bbe9042d8,520.0,1009.5,18.7,100.0
5794,1723069368255,abc0d16aaf15b3a4ee2e561195dfd82ab260497412e326bb57f2ee5bbe9042d8,552.0,1009.5,18.6,100.0
5795,1723069968225,abc0d16aaf15b3a4ee2e561195dfd82ab260497412e326bb57f2ee5bbe9042d8,573.0,1009.4,18.6,100.0
5796,1723070568204,abc0d16aaf15b3a4ee2e561195dfd82ab260497412e326bb57f2ee5bbe9042d8,519.0,1009.5,18.5,100.0
5797,1723071168165,abc0d16aaf15b3a4ee2e561195dfd82ab260497412e326bb57f2ee5bbe9042d8,518.0,1009.5,18.7,99.0
5798,1723071768164,abc0d16aaf15b3a4ee2e561195dfd82ab260497412e326bb57f2ee5bbe9042d8,534.0,1009.6,18.7,99.0
5799,1723072368120,abc0d16aaf15b3a4ee2e561195dfd82ab260497412e326bb57f2ee5bbe9042d8,540.0,1009.5,18.5,99.0
5800,1723072968069,abc0d16aaf15b3a4ee2e561195dfd82ab260497412e326bb57f2ee5bbe9042d8,549.0,1009.5,18.4,99.0
5801,1723073568058,abc0d16aaf15b3a4ee2e561195dfd82ab260497412e326bb57f2ee5bbe9042d8,540.0,1009.6,18.4,99.0
5802,1723074168110,abc0d16aaf15b3a4ee2e561195dfd82ab260497412e326bb57f2ee5bbe9042d8,518.0,1009.7,18.4,99.0
5803,1723074767993,abc0d16aaf15b3a4ee2e561195dfd82ab260497412e326bb57f2ee5bbe9042d8,521.0,1009.6,18.6,98.0
5804,1723075367959,abc0d16aaf15b3a4ee2e561195dfd82ab260497412e326bb57f2ee5bbe9042d8,529.0,1009.5,18.3,98.0
5805,1723075967931,abc0d16aaf15b3a4ee2e561195dfd82ab260497412e326bb57f2ee5bbe9042d8,549.0,1009.4,18.0,100.0
5806,1723076567909,abc0d16aaf15b3a4ee2e561195dfd82ab260497412e326bb57f2ee5bbe9042d8,558.0,1009.3,18.1,100.0
5807,1723077167945,abc0d16aaf15b3a4ee2e561195dfd82ab260497412e326bb57f2ee5bbe9042d8,541.0,1009.3,17.9,100.0
5808,1723077767869,abc0d16aaf15b3a4ee2e561195dfd82ab260497412e326bb57f2ee5bbe9042d8,532.0,1009.1,18.0,100.0
5809,1723078367826,abc0d16aaf15b3a4ee2e561195dfd82ab260497412e326bb57f2ee5bbe9042d8,540.0,1009.2,18.0,97.0
5810,1723078967785,abc0d16aaf15b3a4ee2e561195dfd82ab260497412e326bb57f2ee5bbe9042d8,546.0,1009.2,17.8,97.0
5811,1723079567782,abc0d16aaf15b3a4ee2e561195dfd82ab260497412e326bb57f2ee5bbe9042d8,553.0,1009.2,17.7,97.0
5812,1723080167731,abc0d16aaf15b3a4ee2e561195dfd82ab260497412e326bb57f2ee5bbe9042d8,574.0,1009.3,17.6,96.0
5813,1723080767734,abc0d16aaf15b3a4ee2e561195dfd82ab260497412e326bb57f2ee5bbe9042d8,562.0,1009.3,17.6,96.0
5814,1723081367682,abc0d16aaf15b3a4ee2e561195dfd82ab260497412e326bb57f2ee5bbe9042d8,559.0,1009.4,17.4,95.0
5815,1723081967649,abc0d16aaf15b3a4ee2e561195dfd82ab260497412e326bb57f2ee5bbe9042d8,561.0,1009.4,17.3,94.0
5816,1723082567611,abc0d16aaf15b3a4ee2e561195dfd82ab260497412e326bb57f2ee5bbe9042d8,550.0,1009.3,17.2,94.0
5817,1723083167614,abc0d16aaf15b3a4ee2e561195dfd82ab260497412e326bb57f2ee5bbe9042d8,550.0,1009.3,17.0,94.0
5818,1723083767568,abc0d16aaf15b3a4ee2e561195dfd82ab260497412e326bb57f2ee5bbe9042d8,573.0,1009.2,17.0,92.0
5819,1723084367549,abc0d16aaf15b3a4ee2e561195dfd82ab260497412e326bb57f2ee5bbe9042d8,551.0,1009.3,16.9,92.0
5820,1723084967531,abc0d16aaf15b3a4ee2e561195dfd82ab260497412e326bb57f2ee5bbe9042d8,556.0,1009.2,16.8,91.0
5821,1723085567465,abc0d16aaf15b3a4ee2e561195dfd82ab260497412e326bb57f2ee5bbe9042d8,545.0,1009.2,16.8,88.0
5822,1723086167439,abc0d16aaf15b3a4ee2e561195dfd82ab260497412e326bb57f2ee5bbe9042d8,536.0,1009.3,16.6,88.0
5823,1723086769151,abc0d16aaf15b3a4ee2e561195dfd82ab260497412e326bb57f2ee5bbe9042d8,543.0,1009.3,16.5,87.0
5824,1723087367407,abc0d16aaf15b3a4ee2e561195dfd82ab260497412e326bb57f2ee5bbe9042d8,580.0,1009.3,16.4,86.0
5825,1723087967381,abc0d16aaf15b3a4ee2e561195dfd82ab260497412e326bb57f2ee5bbe9042d8,515.0,1009.2,16.5,86.0
5826,1723088567355,abc0d16aaf15b3a4ee2e561195dfd82ab260497412e326bb57f2ee5bbe9042d8,509.0,1009.4,16.8,85.0
5827,1723089167324,abc0d16aaf15b3a4ee2e561195dfd82ab260497412e326bb57f2ee5bbe9042d8,514.0,1009.4,16.9,85.0
5828,1723089767281,abc0d16aaf15b3a4ee2e561195dfd82ab260497412e326bb57f2ee5bbe9042d8,510.0,1009.5,17.0,85.0
5829,1723090367267,abc0d16aaf15b3a4ee2e561195dfd82ab260497412e326bb57f2ee5bbe9042d8,531.0,1009.6,17.1,85.0
5830,1723090967200,abc0d16aaf15b3a4ee2e561195dfd82ab260497412e326bb57f2ee5bbe9042d8,542.0,1009.6,17.1,86.0
5831,1723091567225,abc0d16aaf15b3a4ee2e561195dfd82ab260497412e326bb57f2ee5bbe9042d8,530.0,1009.6,17.0,86.0
5832,1723092167194,abc0d16aaf15b3a4ee2e561195dfd82ab260497412e326bb57f2ee5bbe9042d8,552.0,1009.6,17.0,86.0
5833,1723092767169,abc0d16aaf15b3a4ee2e561195dfd82ab260497412e326bb57f2ee5bbe9042d8,522.0,1009.7,17.0,85.0
5834,1723093367113,abc0d16aaf15b3a4ee2e561195dfd82ab260497412e326bb57f2ee5bbe9042d8,547.0,1009.8,17.9,85.0
5835,1723093967107,abc0d16aaf15b3a4ee2e561195dfd82ab260497412e326bb57f2ee5bbe9042d8,522.0,1009.8,20.2,85.0
5836,1723094567080,abc0d16aaf15b3a4ee2e561195dfd82ab260497412e326bb57f2ee5bbe9042d8,522.0,1009.8,21.6,84.0
5837,1723095167076,abc0d16aaf15b3a4ee2e561195dfd82ab260497412e326bb57f2ee5bbe9042d8,539.0,1009.8,21.3,84.0
5838,1723095767029,abc0d16aaf15b3a4ee2e561195dfd82ab260497412e326bb57f2ee5bbe9042d8,520.0,1009.8,22.1,82.0
5839,1723096367033,abc0d16aaf15b3a4ee2e561195dfd82ab260497412e326bb57f2ee5bbe9042d8,505.0,1009.8,23.3,81.0
5840,1723096966947,abc0d16aaf15b3a4ee2e561195dfd82ab260497412e326bb57f2ee5bbe9042d8,510.0,1010.0,23.7,81.0
5841,1723097566986,abc0d16aaf15b3a4ee2e561195dfd82ab260497412e326bb57f2ee5bbe9042d8,520.0,1010.1,24.5,79.0
5842,1723098168610,abc0d16aaf15b3a4ee2e561195dfd82ab260497412e326bb57f2ee5bbe9042d8,489.0,1010.2,25.2,77.0
5843,1723098766825,abc0d16aaf15b3a4ee2e561195dfd82ab260497412e326bb57f2ee5bbe9042d8,518.0,1010.2,26.0,77.0
5844,1723099366852,abc0d16aaf15b3a4ee2e561195dfd82ab260497412e326bb57f2ee5bbe9042d8,502.0,1010.2,26.9,76.0
5845,1723099966795,abc0d16aaf15b3a4ee2e561195dfd82ab260497412e326bb57f2ee5bbe9042d8,502.0,1010.3,27.5,77.0
5846,1723100566764,abc0d16aaf15b3a4ee2e561195dfd82ab260497412e326bb57f2ee5bbe9042d8,501.0,1010.2,27.6,77.0
5847,1723101166768,abc0d16aaf15b3a4ee2e561195dfd82ab260497412e326bb57f2ee5bbe9042d8,508.0,1010.2,27.7,75.0
5848,1723101766724,abc0d16aaf15b3a4ee2e561195dfd82ab260497412e326bb57f2ee5bbe9042d8,515.0,1010.2,27.8,75.0
5849,1723102366704,abc0d16aaf15b3a4ee2e561195dfd82ab260497412e326bb57f2ee5bbe9042d8,481.0,1010.2,27.7,75.0
5850,1723102966691,abc0d16aaf15b3a4ee2e561195dfd82ab260497412e326bb57f2ee5bbe9042d8,511.0,1010.2,28.3,75.0
5851,1723103566591,abc0d16aaf15b3a4ee2e561195dfd82ab260497412e326bb57f2ee5bbe9042d8,487.0,1010.2,27.9,74.0
5852,1723104166589,abc0d16aaf15b3a4ee2e561195dfd82ab260497412e326bb57f2ee5bbe9042d8,518.0,1010.2,28.5,74.0
5853,1723104766581,abc0d16aaf15b3a4ee2e561195dfd82ab260497412e326bb57f2ee5bbe9042d8,512.0,1010.2,28.7,74.0
5854,1723105366545,abc0d16aaf15b3a4ee2e561195dfd82ab260497412e326bb57f2ee5bbe9042d8,491.0,1010.2,29.0,72.0
5855,1723105966521,abc0d16aaf15b3a4ee2e561195dfd82ab260497412e326bb57f2ee5bbe9042d8,481.0,1010.2,28.9,72.0
5856,1723106566520,abc0d16aaf15b3a4ee2e561195dfd82ab260497412e326bb57f2ee5bbe9042d8,497.0,1010.1,28.9,68.0
5857,1723107166462,abc0d16aaf15b3a4ee2e561195dfd82ab260497412e326bb57f2ee5bbe9042d8,480.0,1010.1,29.1,67.0
5858,1723107766450,abc0d16aaf15b3a4ee2e561195dfd82ab260497412e326bb57f2ee5bbe9042d8,470.0,1009.8,29.6,67.0
5859,1723108366437,abc0d16aaf15b3a4ee2e561195dfd82ab260497412e326bb57f2ee5bbe9042d8,485.0,1009.8,30.0,65.0
5860,1723108966396,abc0d16aaf15b3a4ee2e561195dfd82ab260497412e326bb57f2ee5bbe9042d8,455.0,1009.7,30.7,64.0
5861,1723109566369,abc0d16aaf15b3a4ee2e561195dfd82ab260497412e326bb57f2ee5bbe9042d8,473.0,1009.7,30.8,64.0
5862,1723110166362,abc0d16aaf15b3a4ee2e561195dfd82ab260497412e326bb57f2ee5bbe9042d8,490.0,1009.5,31.0,62.0
5863,1723110766313,abc0d16aaf15b3a4ee2e561195dfd82ab260497412e326bb57f2ee5bbe9042d8,472.0,1009.5,31.2,60.0
5864,1723111366282,abc0d16aaf15b3a4ee2e561195dfd82ab260497412e326bb57f2ee5bbe9042d8,464.0,1009.4,31.5,60.0
5865,1723111966269,abc0d16aaf15b3a4ee2e561195dfd82ab260497412e326bb57f2ee5bbe9042d8,449.0,1009.3,31.5,58.0
5866,1723112566221,abc0d16aaf15b3a4ee2e561195dfd82ab260497412e326bb57f2ee5bbe9042d8,465.0,1009.3,31.7,58.0
5867,1723113166209,abc0d16aaf15b3a4ee2e561195dfd82ab260497412e326bb57f2ee5bbe9042d8,467.0,1009.2,31.8,58.0
5868,1723113766187,abc0d16aaf15b3a4ee2e561195dfd82ab260497412e326bb57f2ee5bbe9042d8,460.0,1009.2,32.4,57.0
5869,1723114366153,abc0d16aaf15b3a4ee2e561195dfd82ab260497412e326bb57f2ee5bbe9042d8,462.0,1009.1,32.5,56.0
5870,1723114966130,abc0d16aaf15b3a4ee2e561195dfd82ab260497412e326bb57f2ee5bbe9042d8,476.0,1008.9,32.6,56.0
5871,1723115566116,abc0d16aaf15b3a4ee2e561195dfd82ab260497412e326bb57f2ee5bbe9042d8,454.0,1008.8,32.4,52.0
5872,1723116166082,abc0d16aaf15b3a4ee2e561195dfd82ab260497412e326bb57f2ee5bbe9042d8,459.0,1008.8,32.9,52.0
5873,1723116766052,abc0d16aaf15b3a4ee2e561195dfd82ab260497412e326bb57f2ee5bbe9042d8,451.0,1008.7,33.2,52.0
5874,1723117366012,abc0d16aaf15b3a4ee2e561195dfd82ab260497412e326bb57f2ee5bbe9042d8,441.0,1008.6,33.6,51.0
5875,1723117966003,abc0d16aaf15b3a4ee2e561195dfd82ab260497412e326bb57f2ee5bbe9042d8,439.0,1008.6,33.7,51.0
5876,1723118565963,abc0d16aaf15b3a4ee2e561195dfd82ab260497412e326bb57f2ee5bbe9042d8,465.0,1008.4,33.8,51.0
5877,1723119167662,abc0d16aaf15b3a4ee2e561195dfd82ab260497412e326bb57f2ee5bbe9042d8,468.0,1008.4,33.7,49.0
5878,1723119765931,abc0d16aaf15b3a4ee2e561195dfd82ab260497412e326bb57f2ee5bbe9042d8,443.0,1008.3,33.9,47.0
5879,1723120965885,abc0d16aaf15b3a4ee2e561195dfd82ab260497412e326bb57f2ee5bbe9042d8,442.0,1008.1,34.2,44.0
5880,1723121565862,abc0d16aaf15b3a4ee2e561195dfd82ab260497412e326bb57f2ee5bbe9042d8,427.0,1008.0,34.2,48.0
5881,1723122165822,abc0d16aaf15b3a4ee2e561195dfd82ab260497412e326bb57f2ee5bbe9042d8,438.0,1007.9,34.5,48.0
5882,1723122765833,abc0d16aaf15b3a4ee2e561195dfd82ab260497412e326bb57f2ee5bbe9042d8,461.0,1007.9,34.3,44.0
5883,1723124565746,abc0d16aaf15b3a4ee2e561195dfd82ab260497412e326bb57f2ee5bbe9042d8,447.0,1007.6,34.5,42.0
5884,1723125165718,abc0d16aaf15b3a4ee2e561195dfd82ab260497412e326bb57f2ee5bbe9042d8,441.0,1007.5,35.3,42.0
5885,1723125765659,abc0d16aaf15b3a4ee2e561195dfd82ab260497412e326bb57f2ee5bbe9042d8,453.0,1007.4,35.7,42.0
5886,1723126365658,abc0d16aaf15b3a4ee2e561195dfd82ab260497412e326bb57f2ee5bbe9042d8,438.0,1007.3,35.5,42.0
5887,1723126965635,abc0d16aaf15b3a4ee2e561195dfd82ab260497412e326bb57f2ee5bbe9042d8,447.0,1007.2,35.6,44.0
5888,1723127565609,abc0d16aaf15b3a4ee2e561195dfd82ab260497412e326bb57f2ee5bbe9042d8,439.0,1007.1,35.6,44.0
5889,1723128165588,abc0d16aaf15b3a4ee2e561195dfd82ab260497412e326bb57f2ee5bbe9042d8,468.0,1007.0,35.4,41.0
5890,1723128765577,abc0d16aaf15b3a4ee2e561195dfd82ab260497412e326bb57f2ee5bbe9042d8,456.0,1006.9,35.8,44.0
5891,1723129365585,abc0d16aaf15b3a4ee2e561195dfd82ab260497412e326bb57f2ee5bbe9042d8,423.0,1006.9,35.5,44.0
5892,1723129967234,abc0d16aaf15b3a4ee2e561195dfd82ab260497412e326bb57f2ee5bbe9042d8,464.0,1006.8,35.5,44.0
5893,1723130565509,abc0d16aaf15b3a4ee2e561195dfd82ab260497412e326bb57f2ee5bbe9042d8,455.0,1006.8,35.7,44.0
5894,1723131165492,abc0d16aaf15b3a4ee2e561195dfd82ab260497412e326bb57f2ee5bbe9042d8,459.0,1006.6,35.8,44.0
5895,1723131765469,abc0d16aaf15b3a4ee2e561195dfd82ab260497412e326bb57f2ee5bbe9042d8,453.0,1006.6,36.0,43.0
5896,1723132365413,abc0d16aaf15b3a4ee2e561195dfd82ab260497412e326bb57f2ee5bbe9042d8,458.0,1006.6,36.1,44.0
5897,1723132965393,abc0d16aaf15b3a4ee2e561195dfd82ab260497412e326bb57f2ee5bbe9042d8,455.0,1006.5,36.2,44.0
5898,1723133565355,abc0d16aaf15b3a4ee2e561195dfd82ab260497412e326bb57f2ee5bbe9042d8,451.0,1006.4,35.9,44.0
5899,1723134165357,abc0d16aaf15b3a4ee2e561195dfd82ab260497412e326bb57f2ee5bbe9042d8,443.0,1006.5,36.0,43.0
5900,1723134765338,abc0d16aaf15b3a4ee2e561195dfd82ab260497412e326bb57f2ee5bbe9042d8,442.0,1006.4,36.0,43.0
5901,1723135365320,abc0d16aaf15b3a4ee2e561195dfd82ab260497412e326bb57f2ee5bbe9042d8,431.0,1006.4,35.5,45.0
5902,1723135965280,abc0d16aaf15b3a4ee2e561195dfd82ab260497412e326bb57f2ee5bbe9042d8,440.0,1006.4,35.4,46.0
5903,1723136565242,abc0d16aaf15b3a4ee2e561195dfd82ab260497412e326bb57f2ee5bbe9042d8,448.0,1006.4,35.2,46.0
5904,1723137165242,abc0d16aaf15b3a4ee2e561195dfd82ab260497412e326bb57f2ee5bbe9042d8,437.0,1006.4,35.1,46.0
5905,1723137765191,abc0d16aaf15b3a4ee2e561195dfd82ab260497412e326bb57f2ee5bbe9042d8,438.0,1006.4,34.5,47.0
5906,1723138365183,abc0d16aaf15b3a4ee2e561195dfd82ab260497412e326bb57f2ee5bbe9042d8,483.0,1006.3,33.7,47.0
5907,1723138965170,abc0d16aaf15b3a4ee2e561195dfd82ab260497412e326bb57f2ee5bbe9042d8,436.0,1006.4,32.0,49.0
5908,1723139565121,abc0d16aaf15b3a4ee2e561195dfd82ab260497412e326bb57f2ee5bbe9042d8,451.0,1006.5,31.1,51.0
5909,1723140165095,abc0d16aaf15b3a4ee2e561195dfd82ab260497412e326bb57f2ee5bbe9042d8,466.0,1006.6,31.0,51.0
5910,1723140765077,abc0d16aaf15b3a4ee2e561195dfd82ab260497412e326bb57f2ee5bbe9042d8,465.0,1006.7,30.3,53.0
5911,1723141365050,abc0d16aaf15b3a4ee2e561195dfd82ab260497412e326bb57f2ee5bbe9042d8,472.0,1006.8,29.3,54.0
5912,1723141965029,abc0d16aaf15b3a4ee2e561195dfd82ab260497412e326bb57f2ee5bbe9042d8,479.0,1006.9,28.5,54.0
5913,1723142565003,abc0d16aaf15b3a4ee2e561195dfd82ab260497412e326bb57f2ee5bbe9042d8,474.0,1007.0,27.8,56.0
5914,1723143165010,abc0d16aaf15b3a4ee2e561195dfd82ab260497412e326bb57f2ee5bbe9042d8,492.0,1007.1,27.1,57.0
5915,1723143764923,abc0d16aaf15b3a4ee2e561195dfd82ab260497412e326bb57f2ee5bbe9042d8,496.0,1007.2,26.5,57.0
5916,1723144364913,abc0d16aaf15b3a4ee2e561195dfd82ab260497412e326bb57f2ee5bbe9042d8,545.0,1007.3,26.0,59.0
5917,1723144964867,abc0d16aaf15b3a4ee2e561195dfd82ab260497412e326bb57f2ee5bbe9042d8,576.0,1007.6,25.1,64.0
5918,1723145564884,abc0d16aaf15b3a4ee2e561195dfd82ab260497412e326bb57f2ee5bbe9042d8,625.0,1007.6,24.2,64.0
5919,1723146164822,abc0d16aaf15b3a4ee2e561195dfd82ab260497412e326bb57f2ee5bbe9042d8,628.0,1007.8,23.7,69.0
5920,1723146764775,abc0d16aaf15b3a4ee2e561195dfd82ab260497412e326bb57f2ee5bbe9042d8,594.0,1008.0,23.4,75.0
5921,1723147364785,abc0d16aaf15b3a4ee2e561195dfd82ab260497412e326bb57f2ee5bbe9042d8,586.0,1008.1,23.0,75.0
5922,1723147964738,abc0d16aaf15b3a4ee2e561195dfd82ab260497412e326bb57f2ee5bbe9042d8,613.0,1008.3,22.8,82.0
5923,1723148564723,abc0d16aaf15b3a4ee2e561195dfd82ab260497412e326bb57f2ee5bbe9042d8,581.0,1008.4,22.8,86.0
5924,1723149164678,abc0d16aaf15b3a4ee2e561195dfd82ab260497412e326bb57f2ee5bbe9042d8,603.0,1008.5,22.7,86.0
5925,1723149764688,abc0d16aaf15b3a4ee2e561195dfd82ab260497412e326bb57f2ee5bbe9042d8,595.0,1008.6,22.6,88.0
5926,1723150364615,abc0d16aaf15b3a4ee2e561195dfd82ab260497412e326bb57f2ee5bbe9042d8,589.0,1008.8,22.3,87.0
5927,1723150964583,abc0d16aaf15b3a4ee2e561195dfd82ab260497412e326bb57f2ee5bbe9042d8,621.0,1009.0,22.1,87.0
5928,1723151564595,abc0d16aaf15b3a4ee2e561195dfd82ab260497412e326bb57f2ee5bbe9042d8,616.0,1009.2,21.9,82.0
5929,1723152164527,abc0d16aaf15b3a4ee2e561195dfd82ab260497412e326bb57f2ee5bbe9042d8,542.0,1009.3,22.3,80.0
5930,1723152764510,abc0d16aaf15b3a4ee2e561195dfd82ab260497412e326bb57f2ee5bbe9042d8,561.0,1009.3,22.2,80.0
5931,1723153364480,abc0d16aaf15b3a4ee2e561195dfd82ab260497412e326bb57f2ee5bbe9042d8,549.0,1009.3,22.2,81.0
5932,1723153964430,abc0d16aaf15b3a4ee2e561195dfd82ab260497412e326bb57f2ee5bbe9042d8,529.0,1009.4,22.0,81.0
5933,1723154564402,abc0d16aaf15b3a4ee2e561195dfd82ab260497412e326bb57f2ee5bbe9042d8,529.0,1009.5,22.1,81.0
5934,1723155164379,abc0d16aaf15b3a4ee2e561195dfd82ab260497412e326bb57f2ee5bbe9042d8,532.0,1009.7,21.9,80.0
5935,1723155764386,abc0d16aaf15b3a4ee2e561195dfd82ab260497412e326bb57f2ee5bbe9042d8,527.0,1009.7,21.9,79.0
5936,1723156364338,abc0d16aaf15b3a4ee2e561195dfd82ab260497412e326bb57f2ee5bbe9042d8,535.0,1009.7,21.7,79.0
5937,1723156964304,abc0d16aaf15b3a4ee2e561195dfd82ab260497412e326bb57f2ee5bbe9042d8,535.0,1009.6,21.7,79.0
5938,1723157564260,abc0d16aaf15b3a4ee2e561195dfd82ab260497412e326bb57f2ee5bbe9042d8,580.0,1009.8,21.7,80.0
5939,1723158164233,abc0d16aaf15b3a4ee2e561195dfd82ab260497412e326bb57f2ee5bbe9042d8,568.0,1009.7,21.4,80.0
5940,1723158764217,abc0d16aaf15b3a4ee2e561195dfd82ab260497412e326bb57f2ee5bbe9042d8,552.0,1009.7,21.4,80.0
5941,1723159364175,abc0d16aaf15b3a4ee2e561195dfd82ab260497412e326bb57f2ee5bbe9042d8,520.0,1009.7,21.5,82.0
5942,1723159964169,abc0d16aaf15b3a4ee2e561195dfd82ab260497412e326bb57f2ee5bbe9042d8,496.0,1009.9,21.5,82.0
5943,1723160564136,abc0d16aaf15b3a4ee2e561195dfd82ab260497412e326bb57f2ee5bbe9042d8,505.0,1009.9,21.6,82.0
5944,1723161164084,abc0d16aaf15b3a4ee2e561195dfd82ab260497412e326bb57f2ee5bbe9042d8,515.0,1009.8,21.7,81.0
5945,1723161764056,abc0d16aaf15b3a4ee2e561195dfd82ab260497412e326bb57f2ee5bbe9042d8,494.0,1009.9,21.8,81.0
5946,1723162364060,abc0d16aaf15b3a4ee2e561195dfd82ab260497412e326bb57f2ee5bbe9042d8,514.0,1009.9,21.6,81.0
5947,1723162964002,abc0d16aaf15b3a4ee2e561195dfd82ab260497412e326bb57f2ee5bbe9042d8,508.0,1010.0,21.7,81.0
5948,1723163563982,abc0d16aaf15b3a4ee2e561195dfd82ab260497412e326bb57f2ee5bbe9042d8,507.0,1010.0,21.7,81.0
5949,1723164163950,abc0d16aaf15b3a4ee2e561195dfd82ab260497412e326bb57f2ee5bbe9042d8,509.0,1009.9,21.6,81.0
5950,1723190562684,abc0d16aaf15b3a4ee2e561195dfd82ab260497412e326bb57f2ee5bbe9042d8,523.0,1011.2,32.7,70.0
5951,1723191162669,abc0d16aaf15b3a4ee2e561195dfd82ab260497412e326bb57f2ee5bbe9042d8,513.0,1011.2,33.3,66.0
5952,1723191762636,abc0d16aaf15b3a4ee2e561195dfd82ab260497412e326bb57f2ee5bbe9042d8,512.0,1011.2,33.6,65.0
5953,1723192362622,abc0d16aaf15b3a4ee2e561195dfd82ab260497412e326bb57f2ee5bbe9042d8,500.0,1011.2,34.3,65.0
5954,1723192962604,abc0d16aaf15b3a4ee2e561195dfd82ab260497412e326bb57f2ee5bbe9042d8,514.0,1011.2,34.5,63.0
5955,1723193562546,abc0d16aaf15b3a4ee2e561195dfd82ab260497412e326bb57f2ee5bbe9042d8,498.0,1011.3,34.6,60.0
5956,1723194162518,abc0d16aaf15b3a4ee2e561195dfd82ab260497412e326bb57f2ee5bbe9042d8,481.0,1011.2,34.5,60.0
5957,1723194762522,abc0d16aaf15b3a4ee2e561195dfd82ab260497412e326bb57f2ee5bbe9042d8,494.0,1011.3,34.4,59.0
5958,1723195362520,abc0d16aaf15b3a4ee2e561195dfd82ab260497412e326bb57f2ee5bbe9042d8,482.0,1011.3,34.9,58.0
5959,1723195962457,abc0d16aaf15b3a4ee2e561195dfd82ab260497412e326bb57f2ee5bbe9042d8,503.0,1011.2,34.3,58.0
5960,1723196562443,abc0d16aaf15b3a4ee2e561195dfd82ab260497412e326bb57f2ee5bbe9042d8,455.0,1011.1,34.6,58.0
5961,1723197164112,abc0d16aaf15b3a4ee2e561195dfd82ab260497412e326bb57f2ee5bbe9042d8,475.0,1011.0,34.9,57.0
5962,1723197762376,abc0d16aaf15b3a4ee2e561195dfd82ab260497412e326bb57f2ee5bbe9042d8,465.0,1010.9,34.9,57.0
5963,1723198362370,abc0d16aaf15b3a4ee2e561195dfd82ab260497412e326bb57f2ee5bbe9042d8,468.0,1010.8,34.6,54.0
5964,1723198962337,abc0d16aaf15b3a4ee2e561195dfd82ab260497412e326bb57f2ee5bbe9042d8,480.0,1010.7,34.7,55.0
5965,1723199562314,abc0d16aaf15b3a4ee2e561195dfd82ab260497412e326bb57f2ee5bbe9042d8,480.0,1010.6,34.1,55.0
5966,1723200162308,abc0d16aaf15b3a4ee2e561195dfd82ab260497412e326bb57f2ee5bbe9042d8,449.0,1010.4,34.9,51.0
5967,1723200762252,abc0d16aaf15b3a4ee2e561195dfd82ab260497412e326bb57f2ee5bbe9042d8,470.0,1010.5,35.2,50.0
5968,1723201362234,abc0d16aaf15b3a4ee2e561195dfd82ab260497412e326bb57f2ee5bbe9042d8,463.0,1010.4,35.4,50.0
5969,1723202562189,abc0d16aaf15b3a4ee2e561195dfd82ab260497412e326bb57f2ee5bbe9042d8,459.0,1010.3,35.4,50.0
5970,1723203162160,abc0d16aaf15b3a4ee2e561195dfd82ab260497412e326bb57f2ee5bbe9042d8,478.0,1010.2,35.7,50.0
5971,1723203762196,abc0d16aaf15b3a4ee2e561195dfd82ab260497412e326bb57f2ee5bbe9042d8,485.0,1010.2,35.6,49.0
5972,1723204362102,abc0d16aaf15b3a4ee2e561195dfd82ab260497412e326bb57f2ee5bbe9042d8,479.0,1010.0,35.6,47.0
5973,1723204962107,abc0d16aaf15b3a4ee2e561195dfd82ab260497412e326bb57f2ee5bbe9042d8,482.0,1010.0,35.4,47.0
5974,1723205562085,abc0d16aaf15b3a4ee2e561195dfd82ab260497412e326bb57f2ee5bbe9042d8,454.0,1009.9,35.8,47.0
5975,1723206162054,abc0d16aaf15b3a4ee2e561195dfd82ab260497412e326bb57f2ee5bbe9042d8,459.0,1009.9,36.1,46.0
5976,1723206762022,abc0d16aaf15b3a4ee2e561195dfd82ab260497412e326bb57f2ee5bbe9042d8,467.0,1009.6,36.6,46.0
5977,1723207362014,abc0d16aaf15b3a4ee2e561195dfd82ab260497412e326bb57f2ee5bbe9042d8,466.0,1009.6,36.8,46.0
5978,1723207962012,abc0d16aaf15b3a4ee2e561195dfd82ab260497412e326bb57f2ee5bbe9042d8,450.0,1009.5,36.8,45.0
5979,1723208561961,abc0d16aaf15b3a4ee2e561195dfd82ab260497412e326bb57f2ee5bbe9042d8,480.0,1009.4,36.8,45.0
5980,1723209161949,abc0d16aaf15b3a4ee2e561195dfd82ab260497412e326bb57f2ee5bbe9042d8,472.0,1009.4,36.9,45.0
5981,1723209761912,abc0d16aaf15b3a4ee2e561195dfd82ab260497412e326bb57f2ee5bbe9042d8,442.0,1009.4,36.8,44.0
5982,1723210361888,abc0d16aaf15b3a4ee2e561195dfd82ab260497412e326bb57f2ee5bbe9042d8,447.0,1009.3,37.1,44.0
5983,1723210961897,abc0d16aaf15b3a4ee2e561195dfd82ab260497412e326bb57f2ee5bbe9042d8,457.0,1009.3,37.3,43.0
5984,1723211561831,abc0d16aaf15b3a4ee2e561195dfd82ab260497412e326bb57f2ee5bbe9042d8,438.0,1009.2,37.7,43.0
5985,1723212161826,abc0d16aaf15b3a4ee2e561195dfd82ab260497412e326bb57f2ee5bbe9042d8,441.0,1009.2,37.9,43.0
5986,1723212761811,abc0d16aaf15b3a4ee2e561195dfd82ab260497412e326bb57f2ee5bbe9042d8,468.0,1009.2,38.0,42.0
5987,1723213361771,abc0d16aaf15b3a4ee2e561195dfd82ab260497412e326bb57f2ee5bbe9042d8,453.0,1009.1,38.6,43.0
5988,1723213961773,abc0d16aaf15b3a4ee2e561195dfd82ab260497412e326bb57f2ee5bbe9042d8,458.0,1009.0,38.5,43.0
5989,1723214561759,abc0d16aaf15b3a4ee2e561195dfd82ab260497412e326bb57f2ee5bbe9042d8,448.0,1008.9,38.6,43.0
5990,1723215161690,abc0d16aaf15b3a4ee2e561195dfd82ab260497412e326bb57f2ee5bbe9042d8,462.0,1008.9,38.3,43.0
5991,1723215761696,abc0d16aaf15b3a4ee2e561195dfd82ab260497412e326bb57f2ee5bbe9042d8,448.0,1008.9,38.3,43.0
5992,1723216361672,abc0d16aaf15b3a4ee2e561195dfd82ab260497412e326bb57f2ee5bbe9042d8,441.0,1008.8,38.1,44.0
5993,1723216961648,abc0d16aaf15b3a4ee2e561195dfd82ab260497412e326bb57f2ee5bbe9042d8,431.0,1008.7,38.2,44.0
5994,1723217561636,abc0d16aaf15b3a4ee2e561195dfd82ab260497412e326bb57f2ee5bbe9042d8,437.0,1008.7,37.5,44.0
5995,1723218161614,abc0d16aaf15b3a4ee2e561195dfd82ab260497412e326bb57f2ee5bbe9042d8,445.0,1008.8,37.5,45.0
5996,1723218761560,abc0d16aaf15b3a4ee2e561195dfd82ab260497412e326bb57f2ee5bbe9042d8,437.0,1008.8,37.8,44.0
5997,1723219361565,abc0d16aaf15b3a4ee2e561195dfd82ab260497412e326bb57f2ee5bbe9042d8,446.0,1008.8,37.5,44.0
5998,1723219961541,abc0d16aaf15b3a4ee2e561195dfd82ab260497412e326bb57f2ee5bbe9042d8,453.0,1008.6,37.2,46.0
5999,1723220561517,abc0d16aaf15b3a4ee2e561195dfd82ab260497412e326bb57f2ee5bbe9042d8,444.0,1008.7,36.5,46.0
6000,1723221161481,abc0d16aaf15b3a4ee2e561195dfd82ab260497412e326bb57f2ee5bbe9042d8,434.0,1008.6,36.6,46.0
6001,1723221761445,abc0d16aaf15b3a4ee2e561195dfd82ab260497412e326bb57f2ee5bbe9042d8,434.0,1008.5,36.5,47.0
6002,1723222361416,abc0d16aaf15b3a4ee2e561195dfd82ab260497412e326bb57f2ee5bbe9042d8,447.0,1008.6,36.4,48.0
6003,1723222961410,abc0d16aaf15b3a4ee2e561195dfd82ab260497412e326bb57f2ee5bbe9042d8,455.0,1008.6,35.7,48.0
6004,1723223561397,abc0d16aaf15b3a4ee2e561195dfd82ab260497412e326bb57f2ee5bbe9042d8,445.0,1008.7,35.2,48.0
6005,1723224161357,abc0d16aaf15b3a4ee2e561195dfd82ab260497412e326bb57f2ee5bbe9042d8,436.0,1008.7,34.7,48.0
6006,1723224761349,abc0d16aaf15b3a4ee2e561195dfd82ab260497412e326bb57f2ee5bbe9042d8,437.0,1008.8,34.4,48.0
6007,1723225361305,abc0d16aaf15b3a4ee2e561195dfd82ab260497412e326bb57f2ee5bbe9042d8,439.0,1008.9,33.3,51.0
6008,1723225961263,abc0d16aaf15b3a4ee2e561195dfd82ab260497412e326bb57f2ee5bbe9042d8,445.0,1009.0,32.7,51.0
6009,1723226561257,abc0d16aaf15b3a4ee2e561195dfd82ab260497412e326bb57f2ee5bbe9042d8,462.0,1009.1,32.0,51.0
6010,1723227161235,abc0d16aaf15b3a4ee2e561195dfd82ab260497412e326bb57f2ee5bbe9042d8,427.0,1009.1,31.2,53.0
6011,1723227761189,abc0d16aaf15b3a4ee2e561195dfd82ab260497412e326bb57f2ee5bbe9042d8,441.0,1009.3,30.6,55.0
6012,1723228361171,abc0d16aaf15b3a4ee2e561195dfd82ab260497412e326bb57f2ee5bbe9042d8,462.0,1009.4,29.9,55.0
6013,1723228961171,abc0d16aaf15b3a4ee2e561195dfd82ab260497412e326bb57f2ee5bbe9042d8,466.0,1009.5,29.2,58.0
6014,1723229561099,abc0d16aaf15b3a4ee2e561195dfd82ab260497412e326bb57f2ee5bbe9042d8,470.0,1009.6,28.8,59.0
6015,1723230161095,abc0d16aaf15b3a4ee2e561195dfd82ab260497412e326bb57f2ee5bbe9042d8,499.0,1009.8,28.3,59.0
6016,1723230761080,abc0d16aaf15b3a4ee2e561195dfd82ab260497412e326bb57f2ee5bbe9042d8,555.0,1010.1,27.5,63.0
6017,1723231361033,abc0d16aaf15b3a4ee2e561195dfd82ab260497412e326bb57f2ee5bbe9042d8,564.0,1010.3,26.6,66.0
6018,1723231961015,abc0d16aaf15b3a4ee2e561195dfd82ab260497412e326bb57f2ee5bbe9042d8,537.0,1010.4,26.0,66.0
6019,1723232560999,abc0d16aaf15b3a4ee2e561195dfd82ab260497412e326bb57f2ee5bbe9042d8,585.0,1010.7,25.5,70.0
6020,1723233160921,abc0d16aaf15b3a4ee2e561195dfd82ab260497412e326bb57f2ee5bbe9042d8,542.0,1010.8,25.4,74.0
6021,1723233760960,abc0d16aaf15b3a4ee2e561195dfd82ab260497412e326bb57f2ee5bbe9042d8,559.0,1010.9,25.1,74.0
6022,1723234360895,abc0d16aaf15b3a4ee2e561195dfd82ab260497412e326bb57f2ee5bbe9042d8,597.0,1010.9,24.8,78.0
6023,1723234960863,abc0d16aaf15b3a4ee2e561195dfd82ab260497412e326bb57f2ee5bbe9042d8,547.0,1011.1,24.9,78.0
6024,1723235560837,abc0d16aaf15b3a4ee2e561195dfd82ab260497412e326bb57f2ee5bbe9042d8,571.0,1011.1,24.7,78.0
6025,1723236160818,abc0d16aaf15b3a4ee2e561195dfd82ab260497412e326bb57f2ee5bbe9042d8,590.0,1011.2,24.4,77.0
6026,1723236760760,abc0d16aaf15b3a4ee2e561195dfd82ab260497412e326bb57f2ee5bbe9042d8,598.0,1011.2,24.3,78.0
6027,1723237360740,abc0d16aaf15b3a4ee2e561195dfd82ab260497412e326bb57f2ee5bbe9042d8,574.0,1011.2,24.3,78.0
6028,1723237960725,abc0d16aaf15b3a4ee2e561195dfd82ab260497412e326bb57f2ee5bbe9042d8,537.0,1011.4,24.1,77.0
6029,1723238560696,abc0d16aaf15b3a4ee2e561195dfd82ab260497412e326bb57f2ee5bbe9042d8,527.0,1011.4,24.2,76.0
6030,1723239160676,abc0d16aaf15b3a4ee2e561195dfd82ab260497412e326bb57f2ee5bbe9042d8,518.0,1011.5,24.3,76.0
6031,1723239760637,abc0d16aaf15b3a4ee2e561195dfd82ab260497412e326bb57f2ee5bbe9042d8,521.0,1011.6,24.5,77.0
6032,1723240360588,abc0d16aaf15b3a4ee2e561195dfd82ab260497412e326bb57f2ee5bbe9042d8,527.0,1011.6,24.6,78.0
6033,1723240960574,abc0d16aaf15b3a4ee2e561195dfd82ab260497412e326bb57f2ee5bbe9042d8,521.0,1011.7,24.7,78.0
6034,1723241560556,abc0d16aaf15b3a4ee2e561195dfd82ab260497412e326bb57f2ee5bbe9042d8,506.0,1011.8,24.7,78.0
6035,1723242160565,abc0d16aaf15b3a4ee2e561195dfd82ab260497412e326bb57f2ee5bbe9042d8,507.0,1011.9,24.6,79.0
6036,1723243360466,abc0d16aaf15b3a4ee2e561195dfd82ab260497412e326bb57f2ee5bbe9042d8,516.0,1012.0,24.1,80.0
6037,1723243960403,abc0d16aaf15b3a4ee2e561195dfd82ab260497412e326bb57f2ee5bbe9042d8,540.0,1012.1,24.1,80.0
6038,1723244560399,abc0d16aaf15b3a4ee2e561195dfd82ab260497412e326bb57f2ee5bbe9042d8,525.0,1012.1,23.8,80.0
6039,1723245160371,abc0d16aaf15b3a4ee2e561195dfd82ab260497412e326bb57f2ee5bbe9042d8,537.0,1012.2,23.5,82.0
6040,1723245760325,abc0d16aaf15b3a4ee2e561195dfd82ab260497412e326bb57f2ee5bbe9042d8,527.0,1012.2,23.3,83.0
6041,1723246360315,abc0d16aaf15b3a4ee2e561195dfd82ab260497412e326bb57f2ee5bbe9042d8,570.0,1012.2,23.1,83.0
6042,1723246960296,abc0d16aaf15b3a4ee2e561195dfd82ab260497412e326bb57f2ee5bbe9042d8,556.0,1012.3,23.2,81.0
6043,1723247560266,abc0d16aaf15b3a4ee2e561195dfd82ab260497412e326bb57f2ee5bbe9042d8,519.0,1012.3,23.5,81.0
6044,1723248160230,abc0d16aaf15b3a4ee2e561195dfd82ab260497412e326bb57f2ee5bbe9042d8,511.0,1012.4,23.6,81.0
6045,1723248760208,abc0d16aaf15b3a4ee2e561195dfd82ab260497412e326bb57f2ee5bbe9042d8,505.0,1012.3,23.7,81.0
6046,1723249360156,abc0d16aaf15b3a4ee2e561195dfd82ab260497412e326bb57f2ee5bbe9042d8,521.0,1012.3,23.7,81.0
6047,1723249960142,abc0d16aaf15b3a4ee2e561195dfd82ab260497412e326bb57f2ee5bbe9042d8,505.0,1012.3,23.5,81.0
6048,1723250560116,abc0d16aaf15b3a4ee2e561195dfd82ab260497412e326bb57f2ee5bbe9042d8,549.0,1012.3,23.4,82.0
6049,1723251160060,abc0d16aaf15b3a4ee2e561195dfd82ab260497412e326bb57f2ee5bbe9042d8,538.0,1012.4,23.3,83.0
6050,1723251760080,abc0d16aaf15b3a4ee2e561195dfd82ab260497412e326bb57f2ee5bbe9042d8,534.0,1012.4,23.2,83.0
6051,1723252360024,abc0d16aaf15b3a4ee2e561195dfd82ab260497412e326bb57f2ee5bbe9042d8,567.0,1012.4,23.0,84.0
6052,1723252960000,abc0d16aaf15b3a4ee2e561195dfd82ab260497412e326bb57f2ee5bbe9042d8,558.0,1012.4,22.7,84.0
6053,1723253561674,abc0d16aaf15b3a4ee2e561195dfd82ab260497412e326bb57f2ee5bbe9042d8,544.0,1012.5,22.7,84.0
6054,1723254159988,abc0d16aaf15b3a4ee2e561195dfd82ab260497412e326bb57f2ee5bbe9042d8,511.0,1012.6,22.9,84.0
6055,1723254759886,abc0d16aaf15b3a4ee2e561195dfd82ab260497412e326bb57f2ee5bbe9042d8,529.0,1012.7,22.8,84.0
6056,1723255959831,abc0d16aaf15b3a4ee2e561195dfd82ab260497412e326bb57f2ee5bbe9042d8,514.0,1012.7,22.7,85.0
6057,1723256559819,abc0d16aaf15b3a4ee2e561195dfd82ab260497412e326bb57f2ee5bbe9042d8,537.0,1012.7,22.7,85.0
6058,1723257159797,abc0d16aaf15b3a4ee2e561195dfd82ab260497412e326bb57f2ee5bbe9042d8,528.0,1012.6,22.5,85.0
6059,1723257759770,abc0d16aaf15b3a4ee2e561195dfd82ab260497412e326bb57f2ee5bbe9042d8,534.0,1012.7,22.3,86.0
6060,1723258359711,abc0d16aaf15b3a4ee2e561195dfd82ab260497412e326bb57f2ee5bbe9042d8,553.0,1012.8,22.2,87.0
6061,1723258959700,abc0d16aaf15b3a4ee2e561195dfd82ab260497412e326bb57f2ee5bbe9042d8,561.0,1012.8,21.9,87.0
6062,1723260159681,abc0d16aaf15b3a4ee2e561195dfd82ab260497412e326bb57f2ee5bbe9042d8,549.0,1012.9,21.9,88.0
6063,1723260759622,abc0d16aaf15b3a4ee2e561195dfd82ab260497412e326bb57f2ee5bbe9042d8,504.0,1013.0,22.0,88.0
6064,1723261359603,abc0d16aaf15b3a4ee2e561195dfd82ab260497412e326bb57f2ee5bbe9042d8,537.0,1013.2,22.1,87.0
6065,1723262559545,abc0d16aaf15b3a4ee2e561195dfd82ab260497412e326bb57f2ee5bbe9042d8,530.0,1013.3,22.2,87.0
6066,1723263159520,abc0d16aaf15b3a4ee2e561195dfd82ab260497412e326bb57f2ee5bbe9042d8,540.0,1013.3,22.1,88.0
6067,1723263759489,abc0d16aaf15b3a4ee2e561195dfd82ab260497412e326bb57f2ee5bbe9042d8,525.0,1013.3,22.3,88.0
6068,1723264359411,abc0d16aaf15b3a4ee2e561195dfd82ab260497412e326bb57f2ee5bbe9042d8,528.0,1013.4,22.4,88.0
6069,1723264959421,abc0d16aaf15b3a4ee2e561195dfd82ab260497412e326bb57f2ee5bbe9042d8,526.0,1013.5,22.4,89.0
6070,1723265559379,abc0d16aaf15b3a4ee2e561195dfd82ab260497412e326bb57f2ee5bbe9042d8,530.0,1013.7,22.7,88.0
6071,1723266159363,abc0d16aaf15b3a4ee2e561195dfd82ab260497412e326bb57f2ee5bbe9042d8,529.0,1013.9,23.0,88.0
6072,1723266759346,abc0d16aaf15b3a4ee2e561195dfd82ab260497412e326bb57f2ee5bbe9042d8,496.0,1014.0,24.5,87.0
6073,1723267359321,abc0d16aaf15b3a4ee2e561195dfd82ab260497412e326bb57f2ee5bbe9042d8,508.0,1014.0,25.7,86.0
6074,1723267959309,abc0d16aaf15b3a4ee2e561195dfd82ab260497412e326bb57f2ee5bbe9042d8,532.0,1014.0,25.8,86.0
6075,1723268559279,abc0d16aaf15b3a4ee2e561195dfd82ab260497412e326bb57f2ee5bbe9042d8,514.0,1014.0,26.9,85.0
6076,1723269159211,abc0d16aaf15b3a4ee2e561195dfd82ab260497412e326bb57f2ee5bbe9042d8,494.0,1014.0,28.2,83.0
6077,1723269759209,abc0d16aaf15b3a4ee2e561195dfd82ab260497412e326bb57f2ee5bbe9042d8,504.0,1014.1,29.0,83.0
6078,1723270359180,abc0d16aaf15b3a4ee2e561195dfd82ab260497412e326bb57f2ee5bbe9042d8,524.0,1014.0,29.5,79.0
6079,1723270959133,abc0d16aaf15b3a4ee2e561195dfd82ab260497412e326bb57f2ee5bbe9042d8,509.0,1014.0,29.9,78.0
6080,1723271559117,abc0d16aaf15b3a4ee2e561195dfd82ab260497412e326bb57f2ee5bbe9042d8,509.0,1014.1,30.7,78.0
6081,1723272159103,abc0d16aaf15b3a4ee2e561195dfd82ab260497412e326bb57f2ee5bbe9042d8,518.0,1014.1,31.4,76.0
6082,1723272759057,abc0d16aaf15b3a4ee2e561195dfd82ab260497412e326bb57f2ee5bbe9042d8,489.0,1014.1,31.7,76.0
6083,1723273359035,abc0d16aaf15b3a4ee2e561195dfd82ab260497412e326bb57f2ee5bbe9042d8,505.0,1014.1,32.4,76.0
6084,1723273959053,abc0d16aaf15b3a4ee2e561195dfd82ab260497412e326bb57f2ee5bbe9042d8,494.0,1014.1,32.8,73.0
6085,1723274558967,abc0d16aaf15b3a4ee2e561195dfd82ab260497412e326bb57f2ee5bbe9042d8,514.0,1014.0,33.5,72.0
6086,1723275158947,abc0d16aaf15b3a4ee2e561195dfd82ab260497412e326bb57f2ee5bbe9042d8,507.0,1014.1,33.9,72.0
6087,1723275758931,abc0d16aaf15b3a4ee2e561195dfd82ab260497412e326bb57f2ee5bbe9042d8,521.0,1014.0,34.6,69.0
6088,1723276358877,abc0d16aaf15b3a4ee2e561195dfd82ab260497412e326bb57f2ee5bbe9042d8,499.0,1013.9,34.3,69.0
6089,1723276958883,abc0d16aaf15b3a4ee2e561195dfd82ab260497412e326bb57f2ee5bbe9042d8,504.0,1013.9,34.5,69.0
6090,1723277558857,abc0d16aaf15b3a4ee2e561195dfd82ab260497412e326bb57f2ee5bbe9042d8,490.0,1013.9,35.2,66.0
6091,1723278158814,abc0d16aaf15b3a4ee2e561195dfd82ab260497412e326bb57f2ee5bbe9042d8,474.0,1013.9,35.5,64.0
6092,1723278758809,abc0d16aaf15b3a4ee2e561195dfd82ab260497412e326bb57f2ee5bbe9042d8,536.0,1013.9,35.5,64.0
6093,1723279358783,abc0d16aaf15b3a4ee2e561195dfd82ab260497412e326bb57f2ee5bbe9042d8,512.0,1013.7,36.4,60.0
6094,1723279958722,abc0d16aaf15b3a4ee2e561195dfd82ab260497412e326bb57f2ee5bbe9042d8,490.0,1013.7,36.6,61.0
6095,1723280558735,abc0d16aaf15b3a4ee2e561195dfd82ab260497412e326bb57f2ee5bbe9042d8,488.0,1013.6,35.9,61.0
6096,1723281158697,abc0d16aaf15b3a4ee2e561195dfd82ab260497412e326bb57f2ee5bbe9042d8,494.0,1013.7,36.2,60.0
6097,1723281758678,abc0d16aaf15b3a4ee2e561195dfd82ab260497412e326bb57f2ee5bbe9042d8,479.0,1013.7,36.4,59.0
6098,1723282358657,abc0d16aaf15b3a4ee2e561195dfd82ab260497412e326bb57f2ee5bbe9042d8,497.0,1013.6,36.5,59.0
6099,1723282958635,abc0d16aaf15b3a4ee2e561195dfd82ab260497412e326bb57f2ee5bbe9042d8,485.0,1013.6,36.2,57.0
6100,1723283558588,abc0d16aaf15b3a4ee2e561195dfd82ab260497412e326bb57f2ee5bbe9042d8,492.0,1013.6,36.1,53.0
6101,1723284158591,abc0d16aaf15b3a4ee2e561195dfd82ab260497412e326bb57f2ee5bbe9042d8,470.0,1013.5,36.2,53.0
6102,1723284758564,abc0d16aaf15b3a4ee2e561195dfd82ab260497412e326bb57f2ee5bbe9042d8,465.0,1013.5,36.3,51.0
6103,1723285358525,abc0d16aaf15b3a4ee2e561195dfd82ab260497412e326bb57f2ee5bbe9042d8,496.0,1013.5,36.4,50.0
6104,1723285958487,abc0d16aaf15b3a4ee2e561195dfd82ab260497412e326bb57f2ee5bbe9042d8,451.0,1013.4,36.2,50.0
6105,1723286558493,abc0d16aaf15b3a4ee2e561195dfd82ab260497412e326bb57f2ee5bbe9042d8,471.0,1013.4,36.4,49.0
6106,1723287158450,abc0d16aaf15b3a4ee2e561195dfd82ab260497412e326bb57f2ee5bbe9042d8,471.0,1013.3,36.3,49.0
6107,1723287758443,abc0d16aaf15b3a4ee2e561195dfd82ab260497412e326bb57f2ee5bbe9042d8,461.0,1013.3,36.6,49.0
6108,1723288358433,abc0d16aaf15b3a4ee2e561195dfd82ab260497412e326bb57f2ee5bbe9042d8,456.0,1013.2,36.6,47.0
6109,1723288958397,abc0d16aaf15b3a4ee2e561195dfd82ab260497412e326bb57f2ee5bbe9042d8,463.0,1013.2,36.6,45.0
6110,1723289558385,abc0d16aaf15b3a4ee2e561195dfd82ab260497412e326bb57f2ee5bbe9042d8,457.0,1013.1,37.4,45.0
6111,1723290158389,abc0d16aaf15b3a4ee2e561195dfd82ab260497412e326bb57f2ee5bbe9042d8,461.0,1013.1,37.4,45.0
6112,1723290758305,abc0d16aaf15b3a4ee2e561195dfd82ab260497412e326bb57f2ee5bbe9042d8,473.0,1013.1,37.4,43.0
6113,1723291358307,abc0d16aaf15b3a4ee2e561195dfd82ab260497412e326bb57f2ee5bbe9042d8,446.0,1013.0,37.6,43.0
6114,1723291958288,abc0d16aaf15b3a4ee2e561195dfd82ab260497412e326bb57f2ee5bbe9042d8,458.0,1012.9,37.8,43.0
6115,1723292558250,abc0d16aaf15b3a4ee2e561195dfd82ab260497412e326bb57f2ee5bbe9042d8,458.0,1012.9,38.2,42.0
6116,1723293158247,abc0d16aaf15b3a4ee2e561195dfd82ab260497412e326bb57f2ee5bbe9042d8,457.0,1012.8,38.5,42.0
6117,1723293758235,abc0d16aaf15b3a4ee2e561195dfd82ab260497412e326bb57f2ee5bbe9042d8,454.0,1012.8,38.1,41.0
6118,1723294359914,abc0d16aaf15b3a4ee2e561195dfd82ab260497412e326bb57f2ee5bbe9042d8,452.0,1012.7,38.3,42.0
6119,1723294958178,abc0d16aaf15b3a4ee2e561195dfd82ab260497412e326bb57f2ee5bbe9042d8,480.0,1012.8,38.6,42.0
6120,1723295558165,abc0d16aaf15b3a4ee2e561195dfd82ab260497412e326bb57f2ee5bbe9042d8,460.0,1012.8,38.7,42.0
6121,1723296158135,abc0d16aaf15b3a4ee2e561195dfd82ab260497412e326bb57f2ee5bbe9042d8,427.0,1012.6,39.2,42.0
6122,1723296758117,abc0d16aaf15b3a4ee2e561195dfd82ab260497412e326bb57f2ee5bbe9042d8,466.0,1012.7,38.9,42.0
6123,1723297958059,abc0d16aaf15b3a4ee2e561195dfd82ab260497412e326bb57f2ee5bbe9042d8,427.0,1012.5,39.4,43.0
6124,1723298558051,abc0d16aaf15b3a4ee2e561195dfd82ab260497412e326bb57f2ee5bbe9042d8,436.0,1012.5,38.9,43.0
6125,1723299158045,abc0d16aaf15b3a4ee2e561195dfd82ab260497412e326bb57f2ee5bbe9042d8,459.0,1012.5,38.7,43.0
6126,1723299757983,abc0d16aaf15b3a4ee2e561195dfd82ab260497412e326bb57f2ee5bbe9042d8,459.0,1012.4,39.0,43.0
6127,1723300357995,abc0d16aaf15b3a4ee2e561195dfd82ab260497412e326bb57f2ee5bbe9042d8,463.0,1012.3,39.2,43.0
6128,1723300957977,abc0d16aaf15b3a4ee2e561195dfd82ab260497412e326bb57f2ee5bbe9042d8,446.0,1012.3,39.4,44.0
6129,1723301557933,abc0d16aaf15b3a4ee2e561195dfd82ab260497412e326bb57f2ee5bbe9042d8,423.0,1012.3,38.9,42.0
6130,1723302157917,abc0d16aaf15b3a4ee2e561195dfd82ab260497412e326bb57f2ee5bbe9042d8,444.0,1012.2,39.5,42.0
6131,1723302757901,abc0d16aaf15b3a4ee2e561195dfd82ab260497412e326bb57f2ee5bbe9042d8,431.0,1012.2,39.4,43.0
6132,1723303357867,abc0d16aaf15b3a4ee2e561195dfd82ab260497412e326bb57f2ee5bbe9042d8,436.0,1012.2,39.4,43.0
6133,1723303957828,abc0d16aaf15b3a4ee2e561195dfd82ab260497412e326bb57f2ee5bbe9042d8,431.0,1012.1,39.2,43.0
6134,1723304557847,abc0d16aaf15b3a4ee2e561195dfd82ab260497412e326bb57f2ee5bbe9042d8,444.0,1012.0,38.8,43.0
6135,1723305157859,abc0d16aaf15b3a4ee2e561195dfd82ab260497412e326bb57f2ee5bbe9042d8,457.0,1011.9,39.3,44.0
6136,1723305757787,abc0d16aaf15b3a4ee2e561195dfd82ab260497412e326bb57f2ee5bbe9042d8,442.0,1011.9,39.3,44.0
6137,1723306357787,abc0d16aaf15b3a4ee2e561195dfd82ab260497412e326bb57f2ee5bbe9042d8,442.0,1011.8,38.9,43.0
6138,1723452151221,abc0d16aaf15b3a4ee2e561195dfd82ab260497412e326bb57f2ee5bbe9042d8,499.0,1009.2,34.6,66.0
6139,1723452751186,abc0d16aaf15b3a4ee2e561195dfd82ab260497412e326bb57f2ee5bbe9042d8,537.0,1009.1,35.3,63.0
6140,1723453351164,abc0d16aaf15b3a4ee2e561195dfd82ab260497412e326bb57f2ee5bbe9042d8,489.0,1009.0,35.4,63.0
6141,1723453952845,abc0d16aaf15b3a4ee2e561195dfd82ab260497412e326bb57f2ee5bbe9042d8,489.0,1008.9,35.8,61.0
6142,1723454551091,abc0d16aaf15b3a4ee2e561195dfd82ab260497412e326bb57f2ee5bbe9042d8,519.0,1008.8,35.9,60.0
6143,1723455151093,abc0d16aaf15b3a4ee2e561195dfd82ab260497412e326bb57f2ee5bbe9042d8,488.0,1008.8,36.3,60.0
6144,1723455751073,abc0d16aaf15b3a4ee2e561195dfd82ab260497412e326bb57f2ee5bbe9042d8,481.0,1008.7,36.4,58.0
6145,1723456351055,abc0d16aaf15b3a4ee2e561195dfd82ab260497412e326bb57f2ee5bbe9042d8,488.0,1008.6,36.6,56.0
6146,1723456951013,abc0d16aaf15b3a4ee2e561195dfd82ab260497412e326bb57f2ee5bbe9042d8,487.0,1008.4,36.6,56.0
6147,1723457551008,abc0d16aaf15b3a4ee2e561195dfd82ab260497412e326bb57f2ee5bbe9042d8,512.0,1008.3,37.1,54.0
6148,1723458150964,abc0d16aaf15b3a4ee2e561195dfd82ab260497412e326bb57f2ee5bbe9042d8,472.0,1008.2,37.2,53.0
6149,1723458750930,abc0d16aaf15b3a4ee2e561195dfd82ab260497412e326bb57f2ee5bbe9042d8,473.0,1008.0,36.9,53.0
6150,1723459350940,abc0d16aaf15b3a4ee2e561195dfd82ab260497412e326bb57f2ee5bbe9042d8,466.0,1008.0,37.5,53.0
6151,1723459950908,abc0d16aaf15b3a4ee2e561195dfd82ab260497412e326bb57f2ee5bbe9042d8,481.0,1007.9,37.4,53.0
6152,1723460550887,abc0d16aaf15b3a4ee2e561195dfd82ab260497412e326bb57f2ee5bbe9042d8,447.0,1007.8,37.1,53.0
6153,1723461150868,abc0d16aaf15b3a4ee2e561195dfd82ab260497412e326bb57f2ee5bbe9042d8,443.0,1007.7,37.2,50.0
6154,1723461750819,abc0d16aaf15b3a4ee2e561195dfd82ab260497412e326bb57f2ee5bbe9042d8,488.0,1007.5,37.8,48.0
6155,1723462350797,abc0d16aaf15b3a4ee2e561195dfd82ab260497412e326bb57f2ee5bbe9042d8,442.0,1007.4,38.0,48.0
6156,1723462950805,abc0d16aaf15b3a4ee2e561195dfd82ab260497412e326bb57f2ee5bbe9042d8,480.0,1007.3,37.6,45.0
6157,1723463550758,abc0d16aaf15b3a4ee2e561195dfd82ab260497412e326bb57f2ee5bbe9042d8,433.0,1007.2,36.7,45.0
6158,1723464150745,abc0d16aaf15b3a4ee2e561195dfd82ab260497412e326bb57f2ee5bbe9042d8,448.0,1007.2,37.3,45.0
6159,1723464750752,abc0d16aaf15b3a4ee2e561195dfd82ab260497412e326bb57f2ee5bbe9042d8,445.0,1007.1,37.0,45.0
6160,1723465352406,abc0d16aaf15b3a4ee2e561195dfd82ab260497412e326bb57f2ee5bbe9042d8,443.0,1007.0,38.1,43.0
6161,1723465950656,abc0d16aaf15b3a4ee2e561195dfd82ab260497412e326bb57f2ee5bbe9042d8,455.0,1006.9,37.0,43.0
6162,1723466550660,abc0d16aaf15b3a4ee2e561195dfd82ab260497412e326bb57f2ee5bbe9042d8,446.0,1006.9,36.1,44.0
6163,1723467150618,abc0d16aaf15b3a4ee2e561195dfd82ab260497412e326bb57f2ee5bbe9042d8,423.0,1006.7,35.6,45.0
6164,1723467750601,abc0d16aaf15b3a4ee2e561195dfd82ab260497412e326bb57f2ee5bbe9042d8,459.0,1006.7,35.5,45.0
6165,1723468350592,abc0d16aaf15b3a4ee2e561195dfd82ab260497412e326bb57f2ee5bbe9042d8,475.0,1006.7,36.3,46.0
6166,1723468950539,abc0d16aaf15b3a4ee2e561195dfd82ab260497412e326bb57f2ee5bbe9042d8,440.0,1006.3,35.7,47.0
6167,1723469550524,abc0d16aaf15b3a4ee2e561195dfd82ab260497412e326bb57f2ee5bbe9042d8,451.0,1006.2,35.2,47.0
6168,1723470150530,abc0d16aaf15b3a4ee2e561195dfd82ab260497412e326bb57f2ee5bbe9042d8,456.0,1006.5,34.7,49.0
6169,1723470750470,abc0d16aaf15b3a4ee2e561195dfd82ab260497412e326bb57f2ee5bbe9042d8,448.0,1006.4,34.3,51.0
6170,1723471350444,abc0d16aaf15b3a4ee2e561195dfd82ab260497412e326bb57f2ee5bbe9042d8,459.0,1006.0,34.0,51.0
6171,1723471950434,abc0d16aaf15b3a4ee2e561195dfd82ab260497412e326bb57f2ee5bbe9042d8,469.0,1006.4,33.6,51.0
6172,1723472550395,abc0d16aaf15b3a4ee2e561195dfd82ab260497412e326bb57f2ee5bbe9042d8,462.0,1006.3,33.4,52.0
6173,1723473150354,abc0d16aaf15b3a4ee2e561195dfd82ab260497412e326bb57f2ee5bbe9042d8,456.0,1006.2,32.9,52.0
6174,1723473750359,abc0d16aaf15b3a4ee2e561195dfd82ab260497412e326bb57f2ee5bbe9042d8,458.0,1006.4,32.6,52.0
6175,1723474350297,abc0d16aaf15b3a4ee2e561195dfd82ab260497412e326bb57f2ee5bbe9042d8,469.0,1006.2,32.2,53.0
6176,1723474950296,abc0d16aaf15b3a4ee2e561195dfd82ab260497412e326bb57f2ee5bbe9042d8,453.0,1006.2,31.7,53.0
6177,1723475550261,abc0d16aaf15b3a4ee2e561195dfd82ab260497412e326bb57f2ee5bbe9042d8,479.0,1006.5,31.2,57.0
6178,1723476150222,abc0d16aaf15b3a4ee2e561195dfd82ab260497412e326bb57f2ee5bbe9042d8,492.0,1006.8,30.6,59.0
6179,1723476750205,abc0d16aaf15b3a4ee2e561195dfd82ab260497412e326bb57f2ee5bbe9042d8,491.0,1006.5,30.1,59.0
6180,1723477350188,abc0d16aaf15b3a4ee2e561195dfd82ab260497412e326bb57f2ee5bbe9042d8,483.0,1006.5,30.6,60.0
6181,1723477950142,abc0d16aaf15b3a4ee2e561195dfd82ab260497412e326bb57f2ee5bbe9042d8,463.0,1006.4,31.4,58.0
6182,1723478550121,abc0d16aaf15b3a4ee2e561195dfd82ab260497412e326bb57f2ee5bbe9042d8,472.0,1006.1,34.0,58.0
6183,1723479150110,abc0d16aaf15b3a4ee2e561195dfd82ab260497412e326bb57f2ee5bbe9042d8,451.0,1005.9,35.4,53.0
6184,1723479750066,abc0d16aaf15b3a4ee2e561195dfd82ab260497412e326bb57f2ee5bbe9042d8,433.0,1005.6,36.2,53.0
6185,1723480350059,abc0d16aaf15b3a4ee2e561195dfd82ab260497412e326bb57f2ee5bbe9042d8,461.0,1005.5,37.1,53.0
6186,1723480950041,abc0d16aaf15b3a4ee2e561195dfd82ab260497412e326bb57f2ee5bbe9042d8,467.0,1005.5,36.7,53.0
6187,1723481549990,abc0d16aaf15b3a4ee2e561195dfd82ab260497412e326bb57f2ee5bbe9042d8,463.0,1005.6,35.9,53.0
6188,1723482149978,abc0d16aaf15b3a4ee2e561195dfd82ab260497412e326bb57f2ee5bbe9042d8,441.0,1005.5,35.5,54.0
6189,1723482751656,abc0d16aaf15b3a4ee2e561195dfd82ab260497412e326bb57f2ee5bbe9042d8,469.0,1005.3,35.0,56.0
6190,1723483349936,abc0d16aaf15b3a4ee2e561195dfd82ab260497412e326bb57f2ee5bbe9042d8,466.0,1005.1,34.6,56.0
6191,1723483949917,abc0d16aaf15b3a4ee2e561195dfd82ab260497412e326bb57f2ee5bbe9042d8,449.0,1005.0,34.0,56.0
6192,1723484549868,abc0d16aaf15b3a4ee2e561195dfd82ab260497412e326bb57f2ee5bbe9042d8,463.0,1004.9,33.7,57.0
6193,1723485149824,abc0d16aaf15b3a4ee2e561195dfd82ab260497412e326bb57f2ee5bbe9042d8,470.0,1004.9,33.5,57.0
6194,1723485749812,abc0d16aaf15b3a4ee2e561195dfd82ab260497412e326bb57f2ee5bbe9042d8,463.0,1004.9,32.4,60.0
6195,1723486351494,abc0d16aaf15b3a4ee2e561195dfd82ab260497412e326bb57f2ee5bbe9042d8,489.0,1005.0,30.9,63.0
6196,1723486949752,abc0d16aaf15b3a4ee2e561195dfd82ab260497412e326bb57f2ee5bbe9042d8,476.0,1005.0,29.5,63.0
6197,1723487549726,abc0d16aaf15b3a4ee2e561195dfd82ab260497412e326bb57f2ee5bbe9042d8,512.0,1005.2,28.5,65.0
6198,1723488149677,abc0d16aaf15b3a4ee2e561195dfd82ab260497412e326bb57f2ee5bbe9042d8,502.0,1005.3,27.7,67.0
6199,1723488749660,abc0d16aaf15b3a4ee2e561195dfd82ab260497412e326bb57f2ee5bbe9042d8,526.0,1005.3,27.4,67.0
6200,1723489349648,abc0d16aaf15b3a4ee2e561195dfd82ab260497412e326bb57f2ee5bbe9042d8,533.0,1005.4,26.4,71.0
6201,1723489949620,abc0d16aaf15b3a4ee2e561195dfd82ab260497412e326bb57f2ee5bbe9042d8,488.0,1005.6,26.1,76.0
6202,1723490549589,abc0d16aaf15b3a4ee2e561195dfd82ab260497412e326bb57f2ee5bbe9042d8,521.0,1005.8,25.7,76.0
6203,1723491149565,abc0d16aaf15b3a4ee2e561195dfd82ab260497412e326bb57f2ee5bbe9042d8,563.0,1005.8,25.4,77.0
6204,1723491749544,abc0d16aaf15b3a4ee2e561195dfd82ab260497412e326bb57f2ee5bbe9042d8,591.0,1006.0,25.0,80.0
6205,1723492349491,abc0d16aaf15b3a4ee2e561195dfd82ab260497412e326bb57f2ee5bbe9042d8,528.0,1006.0,24.9,80.0
6206,1723492949484,abc0d16aaf15b3a4ee2e561195dfd82ab260497412e326bb57f2ee5bbe9042d8,511.0,1006.2,25.0,82.0
6207,1723493551152,abc0d16aaf15b3a4ee2e561195dfd82ab260497412e326bb57f2ee5bbe9042d8,495.0,1006.2,25.1,80.0
6208,1723494149416,abc0d16aaf15b3a4ee2e561195dfd82ab260497412e326bb57f2ee5bbe9042d8,499.0,1006.3,25.1,80.0
6209,1723494749406,abc0d16aaf15b3a4ee2e561195dfd82ab260497412e326bb57f2ee5bbe9042d8,537.0,1006.4,24.9,78.0
6210,1723495349390,abc0d16aaf15b3a4ee2e561195dfd82ab260497412e326bb57f2ee5bbe9042d8,513.0,1006.3,24.7,78.0
6211,1723495951036,abc0d16aaf15b3a4ee2e561195dfd82ab260497412e326bb57f2ee5bbe9042d8,514.0,1006.4,24.5,78.0
6212,1723496549302,abc0d16aaf15b3a4ee2e561195dfd82ab260497412e326bb57f2ee5bbe9042d8,486.0,1006.4,24.6,78.0
6213,1723497150987,abc0d16aaf15b3a4ee2e561195dfd82ab260497412e326bb57f2ee5bbe9042d8,498.0,1006.4,24.4,80.0
6214,1723497749237,abc0d16aaf15b3a4ee2e561195dfd82ab260497412e326bb57f2ee5bbe9042d8,489.0,1006.4,24.2,80.0
6215,1723498349199,abc0d16aaf15b3a4ee2e561195dfd82ab260497412e326bb57f2ee5bbe9042d8,498.0,1006.5,24.2,82.0
6216,1723498949144,abc0d16aaf15b3a4ee2e561195dfd82ab260497412e326bb57f2ee5bbe9042d8,506.0,1006.5,24.1,80.0
6217,1723499549143,abc0d16aaf15b3a4ee2e561195dfd82ab260497412e326bb57f2ee5bbe9042d8,519.0,1006.4,24.0,80.0
6218,1723500149131,abc0d16aaf15b3a4ee2e561195dfd82ab260497412e326bb57f2ee5bbe9042d8,490.0,1006.4,24.3,78.0
6219,1723500749101,abc0d16aaf15b3a4ee2e561195dfd82ab260497412e326bb57f2ee5bbe9042d8,506.0,1006.6,24.3,78.0
6220,1723501349053,abc0d16aaf15b3a4ee2e561195dfd82ab260497412e326bb57f2ee5bbe9042d8,501.0,1006.6,24.2,78.0
6221,1723501949051,abc0d16aaf15b3a4ee2e561195dfd82ab260497412e326bb57f2ee5bbe9042d8,488.0,1006.6,24.0,79.0
6222,1723502549009,abc0d16aaf15b3a4ee2e561195dfd82ab260497412e326bb57f2ee5bbe9042d8,496.0,1006.6,24.0,79.0
6223,1723503148959,abc0d16aaf15b3a4ee2e561195dfd82ab260497412e326bb57f2ee5bbe9042d8,493.0,1006.7,24.2,79.0
6224,1723503748948,abc0d16aaf15b3a4ee2e561195dfd82ab260497412e326bb57f2ee5bbe9042d8,508.0,1006.7,24.0,77.0
6225,1723504348920,abc0d16aaf15b3a4ee2e561195dfd82ab260497412e326bb57f2ee5bbe9042d8,512.0,1006.7,23.8,79.0
6226,1723504948885,abc0d16aaf15b3a4ee2e561195dfd82ab260497412e326bb57f2ee5bbe9042d8,517.0,1006.7,23.4,79.0
6227,1723505548856,abc0d16aaf15b3a4ee2e561195dfd82ab260497412e326bb57f2ee5bbe9042d8,551.0,1006.8,23.3,79.0
6228,1723506148842,abc0d16aaf15b3a4ee2e561195dfd82ab260497412e326bb57f2ee5bbe9042d8,525.0,1006.7,22.7,81.0
6229,1723506748800,abc0d16aaf15b3a4ee2e561195dfd82ab260497412e326bb57f2ee5bbe9042d8,522.0,1006.6,22.7,81.0
6230,1723507350496,abc0d16aaf15b3a4ee2e561195dfd82ab260497412e326bb57f2ee5bbe9042d8,510.0,1006.6,22.7,80.0
6231,1723507948754,abc0d16aaf15b3a4ee2e561195dfd82ab260497412e326bb57f2ee5bbe9042d8,504.0,1006.6,22.6,80.0
6232,1723508548757,abc0d16aaf15b3a4ee2e561195dfd82ab260497412e326bb57f2ee5bbe9042d8,501.0,1006.5,22.8,80.0
6233,1723509148688,abc0d16aaf15b3a4ee2e561195dfd82ab260497412e326bb57f2ee5bbe9042d8,515.0,1006.4,22.8,79.0
6234,1723509748686,abc0d16aaf15b3a4ee2e561195dfd82ab260497412e326bb57f2ee5bbe9042d8,501.0,1006.5,23.2,78.0
6235,1723510348627,abc0d16aaf15b3a4ee2e561195dfd82ab260497412e326bb57f2ee5bbe9042d8,515.0,1006.4,23.3,78.0
6236,1723510948605,abc0d16aaf15b3a4ee2e561195dfd82ab260497412e326bb57f2ee5bbe9042d8,502.0,1006.3,23.3,77.0
6237,1723511548579,abc0d16aaf15b3a4ee2e561195dfd82ab260497412e326bb57f2ee5bbe9042d8,491.0,1006.1,23.4,76.0
6238,1723512148536,abc0d16aaf15b3a4ee2e561195dfd82ab260497412e326bb57f2ee5bbe9042d8,501.0,1006.1,23.5,76.0
6239,1723512748552,abc0d16aaf15b3a4ee2e561195dfd82ab260497412e326bb57f2ee5bbe9042d8,518.0,1006.2,23.5,74.0
6240,1723513348508,abc0d16aaf15b3a4ee2e561195dfd82ab260497412e326bb57f2ee5bbe9042d8,502.0,1006.2,23.5,74.0
6241,1723513948501,abc0d16aaf15b3a4ee2e561195dfd82ab260497412e326bb57f2ee5bbe9042d8,497.0,1006.2,23.5,74.0
6242,1723514548427,abc0d16aaf15b3a4ee2e561195dfd82ab260497412e326bb57f2ee5bbe9042d8,508.0,1006.1,23.4,75.0
6243,1723515148404,abc0d16aaf15b3a4ee2e561195dfd82ab260497412e326bb57f2ee5bbe9042d8,501.0,1006.1,23.3,75.0
6244,1723515748369,abc0d16aaf15b3a4ee2e561195dfd82ab260497412e326bb57f2ee5bbe9042d8,520.0,1006.1,23.3,75.0
6245,1723516348345,abc0d16aaf15b3a4ee2e561195dfd82ab260497412e326bb57f2ee5bbe9042d8,512.0,1006.2,23.2,76.0
6246,1723516948272,abc0d16aaf15b3a4ee2e561195dfd82ab260497412e326bb57f2ee5bbe9042d8,517.0,1006.2,23.0,76.0
6247,1723517548285,abc0d16aaf15b3a4ee2e561195dfd82ab260497412e326bb57f2ee5bbe9042d8,501.0,1006.2,22.7,76.0
6248,1723518148295,abc0d16aaf15b3a4ee2e561195dfd82ab260497412e326bb57f2ee5bbe9042d8,537.0,1006.2,22.3,77.0
6249,1723518748236,abc0d16aaf15b3a4ee2e561195dfd82ab260497412e326bb57f2ee5bbe9042d8,505.0,1006.1,22.2,76.0
6250,1723519348192,abc0d16aaf15b3a4ee2e561195dfd82ab260497412e326bb57f2ee5bbe9042d8,510.0,1006.1,22.5,76.0
6251,1723519948158,abc0d16aaf15b3a4ee2e561195dfd82ab260497412e326bb57f2ee5bbe9042d8,508.0,1006.2,22.4,76.0
6252,1723520548149,abc0d16aaf15b3a4ee2e561195dfd82ab260497412e326bb57f2ee5bbe9042d8,501.0,1006.0,22.6,74.0
6253,1723521148124,abc0d16aaf15b3a4ee2e561195dfd82ab260497412e326bb57f2ee5bbe9042d8,514.0,1006.2,22.8,74.0
6254,1723521748075,abc0d16aaf15b3a4ee2e561195dfd82ab260497412e326bb57f2ee5bbe9042d8,499.0,1006.4,22.7,74.0
6255,1723522348066,abc0d16aaf15b3a4ee2e561195dfd82ab260497412e326bb57f2ee5bbe9042d8,515.0,1006.2,22.4,75.0
6256,1723522948023,abc0d16aaf15b3a4ee2e561195dfd82ab260497412e326bb57f2ee5bbe9042d8,509.0,1006.3,22.2,75.0
6257,1723523549698,abc0d16aaf15b3a4ee2e561195dfd82ab260497412e326bb57f2ee5bbe9042d8,510.0,1006.4,22.2,76.0
6258,1723524147991,abc0d16aaf15b3a4ee2e561195dfd82ab260497412e326bb57f2ee5bbe9042d8,520.0,1006.5,22.1,77.0
6259,1723524747925,abc0d16aaf15b3a4ee2e561195dfd82ab260497412e326bb57f2ee5bbe9042d8,505.0,1006.4,22.1,77.0
6260,1723525347908,abc0d16aaf15b3a4ee2e561195dfd82ab260497412e326bb57f2ee5bbe9042d8,517.0,1006.6,22.1,78.0
6261,1723525947874,abc0d16aaf15b3a4ee2e561195dfd82ab260497412e326bb57f2ee5bbe9042d8,501.0,1006.6,23.4,78.0
6262,1723526547850,abc0d16aaf15b3a4ee2e561195dfd82ab260497412e326bb57f2ee5bbe9042d8,513.0,1006.6,24.5,78.0
6263,1723527149526,abc0d16aaf15b3a4ee2e561195dfd82ab260497412e326bb57f2ee5bbe9042d8,513.0,1006.5,25.0,78.0
6264,1723527747836,abc0d16aaf15b3a4ee2e561195dfd82ab260497412e326bb57f2ee5bbe9042d8,490.0,1006.5,26.0,77.0
6265,1723528347751,abc0d16aaf15b3a4ee2e561195dfd82ab260497412e326bb57f2ee5bbe9042d8,508.0,1006.5,26.8,77.0
6266,1723528947775,abc0d16aaf15b3a4ee2e561195dfd82ab260497412e326bb57f2ee5bbe9042d8,504.0,1006.4,27.6,74.0
6267,1723529547718,abc0d16aaf15b3a4ee2e561195dfd82ab260497412e326bb57f2ee5bbe9042d8,484.0,1006.4,28.6,70.0
6268,1723530149381,abc0d16aaf15b3a4ee2e561195dfd82ab260497412e326bb57f2ee5bbe9042d8,472.0,1006.3,29.0,70.0
6269,1723530747642,abc0d16aaf15b3a4ee2e561195dfd82ab260497412e326bb57f2ee5bbe9042d8,504.0,1006.3,29.6,69.0
6270,1723531347639,abc0d16aaf15b3a4ee2e561195dfd82ab260497412e326bb57f2ee5bbe9042d8,489.0,1006.3,30.4,66.0
6271,1723531947585,abc0d16aaf15b3a4ee2e561195dfd82ab260497412e326bb57f2ee5bbe9042d8,493.0,1006.3,31.1,66.0
6272,1723532547575,abc0d16aaf15b3a4ee2e561195dfd82ab260497412e326bb57f2ee5bbe9042d8,476.0,1006.2,31.7,64.0
6273,1723533147583,abc0d16aaf15b3a4ee2e561195dfd82ab260497412e326bb57f2ee5bbe9042d8,467.0,1006.2,32.1,63.0
6274,1723533747513,abc0d16aaf15b3a4ee2e561195dfd82ab260497412e326bb57f2ee5bbe9042d8,487.0,1006.2,33.2,63.0
6275,1723534349198,abc0d16aaf15b3a4ee2e561195dfd82ab260497412e326bb57f2ee5bbe9042d8,479.0,1006.0,33.6,62.0
6276,1723534947481,abc0d16aaf15b3a4ee2e561195dfd82ab260497412e326bb57f2ee5bbe9042d8,490.0,1006.1,34.0,62.0
6277,1723535547423,abc0d16aaf15b3a4ee2e561195dfd82ab260497412e326bb57f2ee5bbe9042d8,489.0,1005.9,34.4,62.0
6278,1723536147421,abc0d16aaf15b3a4ee2e561195dfd82ab260497412e326bb57f2ee5bbe9042d8,480.0,1005.9,35.1,62.0
6279,1723536747373,abc0d16aaf15b3a4ee2e561195dfd82ab260497412e326bb57f2ee5bbe9042d8,492.0,1005.8,35.6,61.0
6280,1723537347341,abc0d16aaf15b3a4ee2e561195dfd82ab260497412e326bb57f2ee5bbe9042d8,473.0,1005.9,35.2,61.0
6281,1723537947311,abc0d16aaf15b3a4ee2e561195dfd82ab260497412e326bb57f2ee5bbe9042d8,470.0,1005.8,35.6,59.0
6282,1723538547309,abc0d16aaf15b3a4ee2e561195dfd82ab260497412e326bb57f2ee5bbe9042d8,482.0,1005.8,35.5,56.0
6283,1723539147255,abc0d16aaf15b3a4ee2e561195dfd82ab260497412e326bb57f2ee5bbe9042d8,471.0,1005.8,36.0,56.0
6284,1723539747251,abc0d16aaf15b3a4ee2e561195dfd82ab260497412e326bb57f2ee5bbe9042d8,463.0,1005.7,36.1,56.0
6285,1723540347192,abc0d16aaf15b3a4ee2e561195dfd82ab260497412e326bb57f2ee5bbe9042d8,474.0,1005.7,36.2,55.0
6286,1723540947192,abc0d16aaf15b3a4ee2e561195dfd82ab260497412e326bb57f2ee5bbe9042d8,478.0,1005.7,36.5,55.0
6287,1723541547179,abc0d16aaf15b3a4ee2e561195dfd82ab260497412e326bb57f2ee5bbe9042d8,479.0,1005.6,36.5,53.0
6288,1723542147156,abc0d16aaf15b3a4ee2e561195dfd82ab260497412e326bb57f2ee5bbe9042d8,458.0,1005.5,36.2,52.0
6289,1723542747116,abc0d16aaf15b3a4ee2e561195dfd82ab260497412e326bb57f2ee5bbe9042d8,468.0,1005.5,36.3,52.0
6290,1723543347104,abc0d16aaf15b3a4ee2e561195dfd82ab260497412e326bb57f2ee5bbe9042d8,466.0,1005.4,36.6,51.0
6291,1723543947076,abc0d16aaf15b3a4ee2e561195dfd82ab260497412e326bb57f2ee5bbe9042d8,484.0,1005.3,36.6,50.0
6292,1723544547041,abc0d16aaf15b3a4ee2e561195dfd82ab260497412e326bb57f2ee5bbe9042d8,424.0,1005.3,36.6,50.0
6293,1723545147022,abc0d16aaf15b3a4ee2e561195dfd82ab260497412e326bb57f2ee5bbe9042d8,439.0,1005.2,36.1,48.0
6294,1723545747014,abc0d16aaf15b3a4ee2e561195dfd82ab260497412e326bb57f2ee5bbe9042d8,465.0,1005.0,36.7,46.0
6295,1723546346985,abc0d16aaf15b3a4ee2e561195dfd82ab260497412e326bb57f2ee5bbe9042d8,473.0,1005.0,37.0,46.0
6296,1723546946982,abc0d16aaf15b3a4ee2e561195dfd82ab260497412e326bb57f2ee5bbe9042d8,453.0,1004.9,36.9,46.0
6297,1723547546926,abc0d16aaf15b3a4ee2e561195dfd82ab260497412e326bb57f2ee5bbe9042d8,466.0,1004.8,37.2,44.0
6298,1723548146909,abc0d16aaf15b3a4ee2e561195dfd82ab260497412e326bb57f2ee5bbe9042d8,442.0,1004.7,37.5,44.0
6299,1723548746879,abc0d16aaf15b3a4ee2e561195dfd82ab260497412e326bb57f2ee5bbe9042d8,456.0,1004.6,38.1,45.0
6300,1723549346874,abc0d16aaf15b3a4ee2e561195dfd82ab260497412e326bb57f2ee5bbe9042d8,445.0,1004.4,37.7,41.0
6301,1723549946843,abc0d16aaf15b3a4ee2e561195dfd82ab260497412e326bb57f2ee5bbe9042d8,435.0,1004.2,38.2,41.0
6302,1723550546833,abc0d16aaf15b3a4ee2e561195dfd82ab260497412e326bb57f2ee5bbe9042d8,471.0,1004.1,38.7,40.0
6303,1723551146789,abc0d16aaf15b3a4ee2e561195dfd82ab260497412e326bb57f2ee5bbe9042d8,435.0,1004.0,39.1,42.0
6304,1723551746776,abc0d16aaf15b3a4ee2e561195dfd82ab260497412e326bb57f2ee5bbe9042d8,450.0,1003.9,38.9,42.0
6305,1723552346760,abc0d16aaf15b3a4ee2e561195dfd82ab260497412e326bb57f2ee5bbe9042d8,456.0,1003.8,39.1,40.0
6306,1723552946754,abc0d16aaf15b3a4ee2e561195dfd82ab260497412e326bb57f2ee5bbe9042d8,461.0,1003.8,39.5,40.0
6307,1723553546713,abc0d16aaf15b3a4ee2e561195dfd82ab260497412e326bb57f2ee5bbe9042d8,446.0,1003.8,39.6,40.0
6308,1723554146695,abc0d16aaf15b3a4ee2e561195dfd82ab260497412e326bb57f2ee5bbe9042d8,427.0,1003.7,39.7,35.0
6309,1723554746674,abc0d16aaf15b3a4ee2e561195dfd82ab260497412e326bb57f2ee5bbe9042d8,433.0,1003.5,40.2,33.0
6310,1723555346637,abc0d16aaf15b3a4ee2e561195dfd82ab260497412e326bb57f2ee5bbe9042d8,420.0,1003.4,40.2,33.0
6311,1723555946625,abc0d16aaf15b3a4ee2e561195dfd82ab260497412e326bb57f2ee5bbe9042d8,443.0,1003.2,40.4,33.0
6312,1723556546625,abc0d16aaf15b3a4ee2e561195dfd82ab260497412e326bb57f2ee5bbe9042d8,428.0,1003.0,40.6,35.0
6313,1723557146587,abc0d16aaf15b3a4ee2e561195dfd82ab260497412e326bb57f2ee5bbe9042d8,465.0,1003.0,40.5,35.0
6314,1723557746567,abc0d16aaf15b3a4ee2e561195dfd82ab260497412e326bb57f2ee5bbe9042d8,419.0,1002.9,40.9,33.0
6315,1723558346561,abc0d16aaf15b3a4ee2e561195dfd82ab260497412e326bb57f2ee5bbe9042d8,445.0,1002.8,41.2,32.0
6316,1723558946529,abc0d16aaf15b3a4ee2e561195dfd82ab260497412e326bb57f2ee5bbe9042d8,454.0,1002.7,41.2,32.0
6317,1723559546511,abc0d16aaf15b3a4ee2e561195dfd82ab260497412e326bb57f2ee5bbe9042d8,428.0,1002.7,40.9,32.0
6318,1723560146506,abc0d16aaf15b3a4ee2e561195dfd82ab260497412e326bb57f2ee5bbe9042d8,451.0,1002.5,40.7,33.0
6319,1723560746475,abc0d16aaf15b3a4ee2e561195dfd82ab260497412e326bb57f2ee5bbe9042d8,424.0,1002.4,40.7,33.0
6320,1723561346466,abc0d16aaf15b3a4ee2e561195dfd82ab260497412e326bb57f2ee5bbe9042d8,445.0,1002.4,40.9,33.0
6321,1723561946427,abc0d16aaf15b3a4ee2e561195dfd82ab260497412e326bb57f2ee5bbe9042d8,438.0,1002.4,41.2,32.0
6322,1723562546412,abc0d16aaf15b3a4ee2e561195dfd82ab260497412e326bb57f2ee5bbe9042d8,406.0,1002.3,41.0,32.0
6323,1723563146371,abc0d16aaf15b3a4ee2e561195dfd82ab260497412e326bb57f2ee5bbe9042d8,434.0,1002.1,40.5,31.0
6324,1723563746385,abc0d16aaf15b3a4ee2e561195dfd82ab260497412e326bb57f2ee5bbe9042d8,459.0,1002.0,40.0,31.0
6325,1723564346334,abc0d16aaf15b3a4ee2e561195dfd82ab260497412e326bb57f2ee5bbe9042d8,434.0,1001.9,39.9,31.0
6326,1723564946303,abc0d16aaf15b3a4ee2e561195dfd82ab260497412e326bb57f2ee5bbe9042d8,454.0,1001.9,39.7,32.0
6327,1723565546305,abc0d16aaf15b3a4ee2e561195dfd82ab260497412e326bb57f2ee5bbe9042d8,440.0,1001.8,39.3,32.0
6328,1723566146309,abc0d16aaf15b3a4ee2e561195dfd82ab260497412e326bb57f2ee5bbe9042d8,430.0,1001.9,39.2,32.0
6329,1723566746245,abc0d16aaf15b3a4ee2e561195dfd82ab260497412e326bb57f2ee5bbe9042d8,436.0,1001.8,39.1,33.0
6330,1723567346239,abc0d16aaf15b3a4ee2e561195dfd82ab260497412e326bb57f2ee5bbe9042d8,425.0,1001.7,38.8,34.0
6331,1723567946191,abc0d16aaf15b3a4ee2e561195dfd82ab260497412e326bb57f2ee5bbe9042d8,411.0,1001.8,38.2,34.0
6332,1723568546175,abc0d16aaf15b3a4ee2e561195dfd82ab260497412e326bb57f2ee5bbe9042d8,415.0,1001.8,37.1,34.0
6333,1723569146124,abc0d16aaf15b3a4ee2e561195dfd82ab260497412e326bb57f2ee5bbe9042d8,418.0,1001.9,36.3,36.0
6334,1723569746109,abc0d16aaf15b3a4ee2e561195dfd82ab260497412e326bb57f2ee5bbe9042d8,430.0,1001.9,35.5,36.0
6335,1723570346137,abc0d16aaf15b3a4ee2e561195dfd82ab260497412e326bb57f2ee5bbe9042d8,436.0,1002.1,35.9,38.0
6336,1723570946078,abc0d16aaf15b3a4ee2e561195dfd82ab260497412e326bb57f2ee5bbe9042d8,446.0,1002.2,35.9,36.0
6337,1723571546029,abc0d16aaf15b3a4ee2e561195dfd82ab260497412e326bb57f2ee5bbe9042d8,447.0,1002.3,35.3,36.0
6338,1723572146029,abc0d16aaf15b3a4ee2e561195dfd82ab260497412e326bb57f2ee5bbe9042d8,467.0,1002.4,34.0,37.0
6339,1723572745995,abc0d16aaf15b3a4ee2e561195dfd82ab260497412e326bb57f2ee5bbe9042d8,481.0,1002.5,32.6,38.0
6340,1723573346003,abc0d16aaf15b3a4ee2e561195dfd82ab260497412e326bb57f2ee5bbe9042d8,477.0,1002.6,31.6,38.0
6341,1723573945948,abc0d16aaf15b3a4ee2e561195dfd82ab260497412e326bb57f2ee5bbe9042d8,459.0,1002.7,30.7,39.0
6342,1723574545936,abc0d16aaf15b3a4ee2e561195dfd82ab260497412e326bb57f2ee5bbe9042d8,561.0,1002.8,29.6,43.0
6343,1723575145871,abc0d16aaf15b3a4ee2e561195dfd82ab260497412e326bb57f2ee5bbe9042d8,571.0,1002.9,28.6,43.0
6344,1723575745849,abc0d16aaf15b3a4ee2e561195dfd82ab260497412e326bb57f2ee5bbe9042d8,565.0,1003.0,27.7,49.0
6345,1723576945793,abc0d16aaf15b3a4ee2e561195dfd82ab260497412e326bb57f2ee5bbe9042d8,608.0,1003.1,27.1,52.0
6346,1723577545784,abc0d16aaf15b3a4ee2e561195dfd82ab260497412e326bb57f2ee5bbe9042d8,599.0,1003.4,26.6,55.0
6347,1723578145767,abc0d16aaf15b3a4ee2e561195dfd82ab260497412e326bb57f2ee5bbe9042d8,576.0,1003.5,26.3,55.0
6348,1723578745707,abc0d16aaf15b3a4ee2e561195dfd82ab260497412e326bb57f2ee5bbe9042d8,614.0,1003.7,25.8,55.0
6349,1723579345689,abc0d16aaf15b3a4ee2e561195dfd82ab260497412e326bb57f2ee5bbe9042d8,597.0,1003.6,25.6,59.0
6350,1723579945636,abc0d16aaf15b3a4ee2e561195dfd82ab260497412e326bb57f2ee5bbe9042d8,565.0,1003.5,25.5,58.0
6351,1723580545614,abc0d16aaf15b3a4ee2e561195dfd82ab260497412e326bb57f2ee5bbe9042d8,584.0,1003.6,25.5,58.0
6352,1723581145599,abc0d16aaf15b3a4ee2e561195dfd82ab260497412e326bb57f2ee5bbe9042d8,563.0,1003.6,25.4,60.0
6353,1723581745584,abc0d16aaf15b3a4ee2e561195dfd82ab260497412e326bb57f2ee5bbe9042d8,528.0,1003.8,25.4,63.0
6354,1723582345546,abc0d16aaf15b3a4ee2e561195dfd82ab260497412e326bb57f2ee5bbe9042d8,483.0,1003.9,25.6,63.0
6355,1723582945501,abc0d16aaf15b3a4ee2e561195dfd82ab260497412e326bb57f2ee5bbe9042d8,498.0,1004.1,25.6,61.0
6356,1723583545521,abc0d16aaf15b3a4ee2e561195dfd82ab260497412e326bb57f2ee5bbe9042d8,521.0,1004.3,25.4,61.0
6357,1723584145436,abc0d16aaf15b3a4ee2e561195dfd82ab260497412e326bb57f2ee5bbe9042d8,514.0,1004.3,25.1,61.0
6358,1723584745442,abc0d16aaf15b3a4ee2e561195dfd82ab260497412e326bb57f2ee5bbe9042d8,493.0,1004.4,25.3,60.0
6359,1723585345443,abc0d16aaf15b3a4ee2e561195dfd82ab260497412e326bb57f2ee5bbe9042d8,474.0,1004.4,25.4,60.0
6360,1723585945360,abc0d16aaf15b3a4ee2e561195dfd82ab260497412e326bb57f2ee5bbe9042d8,476.0,1004.4,25.6,60.0
6361,1723586545350,abc0d16aaf15b3a4ee2e561195dfd82ab260497412e326bb57f2ee5bbe9042d8,480.0,1004.4,25.6,62.0
6362,1723587145319,abc0d16aaf15b3a4ee2e561195dfd82ab260497412e326bb57f2ee5bbe9042d8,486.0,1004.6,25.2,64.0
6363,1723587745269,abc0d16aaf15b3a4ee2e561195dfd82ab260497412e326bb57f2ee5bbe9042d8,478.0,1004.5,24.9,64.0
6364,1723588345271,abc0d16aaf15b3a4ee2e561195dfd82ab260497412e326bb57f2ee5bbe9042d8,490.0,1004.6,24.8,65.0
6365,1723588945236,abc0d16aaf15b3a4ee2e561195dfd82ab260497412e326bb57f2ee5bbe9042d8,507.0,1004.7,24.5,66.0
6366,1723589545183,abc0d16aaf15b3a4ee2e561195dfd82ab260497412e326bb57f2ee5bbe9042d8,521.0,1004.7,24.3,66.0
6367,1723590145165,abc0d16aaf15b3a4ee2e561195dfd82ab260497412e326bb57f2ee5bbe9042d8,509.0,1004.8,24.3,68.0
6368,1723590745132,abc0d16aaf15b3a4ee2e561195dfd82ab260497412e326bb57f2ee5bbe9042d8,488.0,1004.8,24.3,69.0
6369,1723591345083,abc0d16aaf15b3a4ee2e561195dfd82ab260497412e326bb57f2ee5bbe9042d8,495.0,1004.9,24.3,69.0
6370,1723591945080,abc0d16aaf15b3a4ee2e561195dfd82ab260497412e326bb57f2ee5bbe9042d8,475.0,1005.3,24.2,64.0
6371,1723592545041,abc0d16aaf15b3a4ee2e561195dfd82ab260497412e326bb57f2ee5bbe9042d8,500.0,1005.2,24.0,62.0
6372,1723593145009,abc0d16aaf15b3a4ee2e561195dfd82ab260497412e326bb57f2ee5bbe9042d8,489.0,1005.2,24.0,62.0
6373,1723593746771,abc0d16aaf15b3a4ee2e561195dfd82ab260497412e326bb57f2ee5bbe9042d8,486.0,1005.1,24.1,61.0
6374,1723594344957,abc0d16aaf15b3a4ee2e561195dfd82ab260497412e326bb57f2ee5bbe9042d8,494.0,1005.1,24.0,62.0
6375,1723594944914,abc0d16aaf15b3a4ee2e561195dfd82ab260497412e326bb57f2ee5bbe9042d8,509.0,1005.2,24.0,62.0
6376,1723595544920,abc0d16aaf15b3a4ee2e561195dfd82ab260497412e326bb57f2ee5bbe9042d8,480.0,1005.2,23.9,61.0
6377,1723596144888,abc0d16aaf15b3a4ee2e561195dfd82ab260497412e326bb57f2ee5bbe9042d8,494.0,1004.9,23.8,61.0
6378,1723596744830,abc0d16aaf15b3a4ee2e561195dfd82ab260497412e326bb57f2ee5bbe9042d8,490.0,1004.8,23.7,61.0
6379,1723597344816,abc0d16aaf15b3a4ee2e561195dfd82ab260497412e326bb57f2ee5bbe9042d8,503.0,1004.8,23.4,62.0
6380,1723597946504,abc0d16aaf15b3a4ee2e561195dfd82ab260497412e326bb57f2ee5bbe9042d8,500.0,1004.9,23.4,62.0
6381,1723598544750,abc0d16aaf15b3a4ee2e561195dfd82ab260497412e326bb57f2ee5bbe9042d8,484.0,1004.8,23.3,62.0
6382,1723599144758,abc0d16aaf15b3a4ee2e561195dfd82ab260497412e326bb57f2ee5bbe9042d8,488.0,1004.9,23.2,62.0
6383,1723599744710,abc0d16aaf15b3a4ee2e561195dfd82ab260497412e326bb57f2ee5bbe9042d8,490.0,1004.9,23.3,61.0
6384,1723600344665,abc0d16aaf15b3a4ee2e561195dfd82ab260497412e326bb57f2ee5bbe9042d8,509.0,1005.0,23.2,61.0
6385,1723600944636,abc0d16aaf15b3a4ee2e561195dfd82ab260497412e326bb57f2ee5bbe9042d8,482.0,1005.0,23.3,60.0
6386,1723601544618,abc0d16aaf15b3a4ee2e561195dfd82ab260497412e326bb57f2ee5bbe9042d8,496.0,1005.1,23.2,61.0
6387,1723602144563,abc0d16aaf15b3a4ee2e561195dfd82ab260497412e326bb57f2ee5bbe9042d8,497.0,1005.1,23.0,61.0
6388,1723602744563,abc0d16aaf15b3a4ee2e561195dfd82ab260497412e326bb57f2ee5bbe9042d8,493.0,1005.0,23.0,61.0
6389,1723603344520,abc0d16aaf15b3a4ee2e561195dfd82ab260497412e326bb57f2ee5bbe9042d8,483.0,1005.1,22.9,62.0
6390,1723603944494,abc0d16aaf15b3a4ee2e561195dfd82ab260497412e326bb57f2ee5bbe9042d8,495.0,1005.2,22.9,62.0
6391,1723604544460,abc0d16aaf15b3a4ee2e561195dfd82ab260497412e326bb57f2ee5bbe9042d8,513.0,1005.1,22.5,64.0
6392,1723605144446,abc0d16aaf15b3a4ee2e561195dfd82ab260497412e326bb57f2ee5bbe9042d8,486.0,1005.2,22.1,66.0
6393,1723605744392,abc0d16aaf15b3a4ee2e561195dfd82ab260497412e326bb57f2ee5bbe9042d8,503.0,1005.3,21.8,66.0
6394,1723606344404,abc0d16aaf15b3a4ee2e561195dfd82ab260497412e326bb57f2ee5bbe9042d8,493.0,1005.3,21.7,67.0
6395,1723606944360,abc0d16aaf15b3a4ee2e561195dfd82ab260497412e326bb57f2ee5bbe9042d8,496.0,1005.2,21.4,69.0
6396,1723607544299,abc0d16aaf15b3a4ee2e561195dfd82ab260497412e326bb57f2ee5bbe9042d8,498.0,1005.2,21.3,69.0
6397,1723608144291,abc0d16aaf15b3a4ee2e561195dfd82ab260497412e326bb57f2ee5bbe9042d8,512.0,1005.3,21.0,71.0
6398,1723608744280,abc0d16aaf15b3a4ee2e561195dfd82ab260497412e326bb57f2ee5bbe9042d8,533.0,1005.4,20.9,73.0
6399,1723609344220,abc0d16aaf15b3a4ee2e561195dfd82ab260497412e326bb57f2ee5bbe9042d8,541.0,1005.5,20.5,73.0
6400,1723609944226,abc0d16aaf15b3a4ee2e561195dfd82ab260497412e326bb57f2ee5bbe9042d8,553.0,1005.7,20.4,76.0
6401,1723610544205,abc0d16aaf15b3a4ee2e561195dfd82ab260497412e326bb57f2ee5bbe9042d8,531.0,1005.8,20.5,74.0
6402,1723611144153,abc0d16aaf15b3a4ee2e561195dfd82ab260497412e326bb57f2ee5bbe9042d8,530.0,1006.1,20.5,74.0
6403,1723611744248,abc0d16aaf15b3a4ee2e561195dfd82ab260497412e326bb57f2ee5bbe9042d8,507.0,1006.0,20.9,72.0
6404,1723612344101,abc0d16aaf15b3a4ee2e561195dfd82ab260497412e326bb57f2ee5bbe9042d8,522.0,1006.1,21.1,73.0
6405,1723612944066,abc0d16aaf15b3a4ee2e561195dfd82ab260497412e326bb57f2ee5bbe9042d8,511.0,1006.3,21.7,73.0
6406,1723613544055,abc0d16aaf15b3a4ee2e561195dfd82ab260497412e326bb57f2ee5bbe9042d8,503.0,1006.2,23.6,71.0
6407,1723614144023,abc0d16aaf15b3a4ee2e561195dfd82ab260497412e326bb57f2ee5bbe9042d8,497.0,1006.2,25.3,69.0
6408,1723614743985,abc0d16aaf15b3a4ee2e561195dfd82ab260497412e326bb57f2ee5bbe9042d8,483.0,1006.2,26.7,69.0
6409,1723615343945,abc0d16aaf15b3a4ee2e561195dfd82ab260497412e326bb57f2ee5bbe9042d8,504.0,1006.3,27.7,66.0
6410,1723615943947,abc0d16aaf15b3a4ee2e561195dfd82ab260497412e326bb57f2ee5bbe9042d8,520.0,1006.4,28.6,63.0
6411,1723616543873,abc0d16aaf15b3a4ee2e561195dfd82ab260497412e326bb57f2ee5bbe9042d8,496.0,1006.4,29.4,63.0
6412,1723617143874,abc0d16aaf15b3a4ee2e561195dfd82ab260497412e326bb57f2ee5bbe9042d8,481.0,1006.4,30.4,61.0
6413,1723617743862,abc0d16aaf15b3a4ee2e561195dfd82ab260497412e326bb57f2ee5bbe9042d8,475.0,1006.4,30.7,58.0
6414,1723618343844,abc0d16aaf15b3a4ee2e561195dfd82ab260497412e326bb57f2ee5bbe9042d8,469.0,1006.4,31.2,58.0
6415,1723618945478,abc0d16aaf15b3a4ee2e561195dfd82ab260497412e326bb57f2ee5bbe9042d8,459.0,1006.4,31.7,57.0
6416,1723619543762,abc0d16aaf15b3a4ee2e561195dfd82ab260497412e326bb57f2ee5bbe9042d8,474.0,1006.4,32.4,57.0
6417,1723620143714,abc0d16aaf15b3a4ee2e561195dfd82ab260497412e326bb57f2ee5bbe9042d8,479.0,1006.3,32.5,57.0
6418,1723620743714,abc0d16aaf15b3a4ee2e561195dfd82ab260497412e326bb57f2ee5bbe9042d8,467.0,1006.3,32.7,56.0
6419,1723621343669,abc0d16aaf15b3a4ee2e561195dfd82ab260497412e326bb57f2ee5bbe9042d8,471.0,1006.2,33.2,55.0
6420,1723621943624,abc0d16aaf15b3a4ee2e561195dfd82ab260497412e326bb57f2ee5bbe9042d8,475.0,1006.3,33.6,55.0
6421,1723622543657,abc0d16aaf15b3a4ee2e561195dfd82ab260497412e326bb57f2ee5bbe9042d8,462.0,1006.3,33.7,55.0
6422,1723623143585,abc0d16aaf15b3a4ee2e561195dfd82ab260497412e326bb57f2ee5bbe9042d8,469.0,1006.4,34.0,54.0
6423,1723623743531,abc0d16aaf15b3a4ee2e561195dfd82ab260497412e326bb57f2ee5bbe9042d8,467.0,1006.4,34.3,54.0
6424,1723624343537,abc0d16aaf15b3a4ee2e561195dfd82ab260497412e326bb57f2ee5bbe9042d8,500.0,1006.3,34.3,54.0
6425,1723624943520,abc0d16aaf15b3a4ee2e561195dfd82ab260497412e326bb57f2ee5bbe9042d8,466.0,1006.3,33.9,53.0
6426,1723625543486,abc0d16aaf15b3a4ee2e561195dfd82ab260497412e326bb57f2ee5bbe9042d8,463.0,1006.1,34.5,53.0
6427,1723626143463,abc0d16aaf15b3a4ee2e561195dfd82ab260497412e326bb57f2ee5bbe9042d8,461.0,1006.0,35.2,52.0
6428,1723626743434,abc0d16aaf15b3a4ee2e561195dfd82ab260497412e326bb57f2ee5bbe9042d8,451.0,1006.1,34.7,52.0
6429,1723627343389,abc0d16aaf15b3a4ee2e561195dfd82ab260497412e326bb57f2ee5bbe9042d8,472.0,1006.0,35.1,52.0
6430,1723627943387,abc0d16aaf15b3a4ee2e561195dfd82ab260497412e326bb57f2ee5bbe9042d8,429.0,1006.0,35.8,51.0
6431,1723628543366,abc0d16aaf15b3a4ee2e561195dfd82ab260497412e326bb57f2ee5bbe9042d8,459.0,1005.9,35.5,49.0
6432,1723629143324,abc0d16aaf15b3a4ee2e561195dfd82ab260497412e326bb57f2ee5bbe9042d8,484.0,1005.9,35.9,49.0
6433,1723629743314,abc0d16aaf15b3a4ee2e561195dfd82ab260497412e326bb57f2ee5bbe9042d8,464.0,1005.8,35.5,49.0
6434,1723630343292,abc0d16aaf15b3a4ee2e561195dfd82ab260497412e326bb57f2ee5bbe9042d8,465.0,1005.8,35.8,47.0
6435,1723630943232,abc0d16aaf15b3a4ee2e561195dfd82ab260497412e326bb57f2ee5bbe9042d8,480.0,1005.9,35.9,47.0
6436,1723631543230,abc0d16aaf15b3a4ee2e561195dfd82ab260497412e326bb57f2ee5bbe9042d8,467.0,1005.8,35.8,47.0
6437,1723632143194,abc0d16aaf15b3a4ee2e561195dfd82ab260497412e326bb57f2ee5bbe9042d8,435.0,1005.8,35.9,46.0
6438,1723632743178,abc0d16aaf15b3a4ee2e561195dfd82ab260497412e326bb57f2ee5bbe9042d8,459.0,1005.8,36.1,46.0
6439,1723633343166,abc0d16aaf15b3a4ee2e561195dfd82ab260497412e326bb57f2ee5bbe9042d8,437.0,1005.8,35.9,46.0
6440,1723633943148,abc0d16aaf15b3a4ee2e561195dfd82ab260497412e326bb57f2ee5bbe9042d8,478.0,1005.8,36.1,46.0
6441,1723634543086,abc0d16aaf15b3a4ee2e561195dfd82ab260497412e326bb57f2ee5bbe9042d8,450.0,1005.7,35.9,46.0
6442,1723635143088,abc0d16aaf15b3a4ee2e561195dfd82ab260497412e326bb57f2ee5bbe9042d8,458.0,1005.7,36.3,48.0
6443,1723635743072,abc0d16aaf15b3a4ee2e561195dfd82ab260497412e326bb57f2ee5bbe9042d8,453.0,1005.5,36.5,47.0
6444,1723636343037,abc0d16aaf15b3a4ee2e561195dfd82ab260497412e326bb57f2ee5bbe9042d8,457.0,1005.4,36.7,47.0
6445,1723636943023,abc0d16aaf15b3a4ee2e561195dfd82ab260497412e326bb57f2ee5bbe9042d8,479.0,1005.3,36.8,46.0
6446,1723637543019,abc0d16aaf15b3a4ee2e561195dfd82ab260497412e326bb57f2ee5bbe9042d8,465.0,1005.2,36.6,46.0
6447,1723638142946,abc0d16aaf15b3a4ee2e561195dfd82ab260497412e326bb57f2ee5bbe9042d8,435.0,1004.9,37.1,46.0
6448,1723638742942,abc0d16aaf15b3a4ee2e561195dfd82ab260497412e326bb57f2ee5bbe9042d8,433.0,1004.9,37.6,45.0
6449,1723639342925,abc0d16aaf15b3a4ee2e561195dfd82ab260497412e326bb57f2ee5bbe9042d8,436.0,1004.9,37.5,44.0
6450,1723639942884,abc0d16aaf15b3a4ee2e561195dfd82ab260497412e326bb57f2ee5bbe9042d8,431.0,1004.8,37.3,44.0
6451,1723640542881,abc0d16aaf15b3a4ee2e561195dfd82ab260497412e326bb57f2ee5bbe9042d8,468.0,1004.8,37.5,43.0
6452,1723641142853,abc0d16aaf15b3a4ee2e561195dfd82ab260497412e326bb57f2ee5bbe9042d8,465.0,1004.8,37.9,44.0
6453,1723641742817,abc0d16aaf15b3a4ee2e561195dfd82ab260497412e326bb57f2ee5bbe9042d8,453.0,1004.8,38.0,44.0
6454,1723642342818,abc0d16aaf15b3a4ee2e561195dfd82ab260497412e326bb57f2ee5bbe9042d8,444.0,1004.8,38.2,42.0
6455,1723642942806,abc0d16aaf15b3a4ee2e561195dfd82ab260497412e326bb57f2ee5bbe9042d8,432.0,1004.6,38.5,43.0
6456,1723643542761,abc0d16aaf15b3a4ee2e561195dfd82ab260497412e326bb57f2ee5bbe9042d8,433.0,1004.6,38.0,43.0
6457,1723644142755,abc0d16aaf15b3a4ee2e561195dfd82ab260497412e326bb57f2ee5bbe9042d8,437.0,1004.5,38.6,43.0
6458,1723644742705,abc0d16aaf15b3a4ee2e561195dfd82ab260497412e326bb57f2ee5bbe9042d8,433.0,1004.5,36.6,44.0
6459,1723645342683,abc0d16aaf15b3a4ee2e561195dfd82ab260497412e326bb57f2ee5bbe9042d8,443.0,1004.8,36.6,44.0
6460,1723645942681,abc0d16aaf15b3a4ee2e561195dfd82ab260497412e326bb57f2ee5bbe9042d8,461.0,1004.8,35.9,43.0
6461,1723646542657,abc0d16aaf15b3a4ee2e561195dfd82ab260497412e326bb57f2ee5bbe9042d8,454.0,1005.0,34.6,45.0
6462,1723647142614,abc0d16aaf15b3a4ee2e561195dfd82ab260497412e326bb57f2ee5bbe9042d8,450.0,1005.2,33.5,45.0
6463,1723647742584,abc0d16aaf15b3a4ee2e561195dfd82ab260497412e326bb57f2ee5bbe9042d8,445.0,1005.1,32.2,50.0
6464,1723648342576,abc0d16aaf15b3a4ee2e561195dfd82ab260497412e326bb57f2ee5bbe9042d8,451.0,1005.4,30.8,52.0
6465,1723648942523,abc0d16aaf15b3a4ee2e561195dfd82ab260497412e326bb57f2ee5bbe9042d8,439.0,1005.8,28.4,52.0
6466,1723649542519,abc0d16aaf15b3a4ee2e561195dfd82ab260497412e326bb57f2ee5bbe9042d8,434.0,1006.1,27.6,64.0
6467,1723650142492,abc0d16aaf15b3a4ee2e561195dfd82ab260497412e326bb57f2ee5bbe9042d8,450.0,1006.5,25.0,84.0
6468,1723650742461,abc0d16aaf15b3a4ee2e561195dfd82ab260497412e326bb57f2ee5bbe9042d8,450.0,1006.6,22.7,84.0
6469,1723651342441,abc0d16aaf15b3a4ee2e561195dfd82ab260497412e326bb57f2ee5bbe9042d8,452.0,1006.1,22.6,87.0
6470,1723651942405,abc0d16aaf15b3a4ee2e561195dfd82ab260497412e326bb57f2ee5bbe9042d8,451.0,1005.7,22.8,84.0
6471,1723652542349,abc0d16aaf15b3a4ee2e561195dfd82ab260497412e326bb57f2ee5bbe9042d8,466.0,1005.9,23.5,84.0
6472,1723653142354,abc0d16aaf15b3a4ee2e561195dfd82ab260497412e326bb57f2ee5bbe9042d8,447.0,1005.9,23.6,87.0
6473,1723653742321,abc0d16aaf15b3a4ee2e561195dfd82ab260497412e326bb57f2ee5bbe9042d8,451.0,1005.9,23.9,87.0
6474,1723654342269,abc0d16aaf15b3a4ee2e561195dfd82ab260497412e326bb57f2ee5bbe9042d8,468.0,1006.1,24.9,87.0
6475,1723654942249,abc0d16aaf15b3a4ee2e561195dfd82ab260497412e326bb57f2ee5bbe9042d8,465.0,1006.4,26.3,86.0
6476,1723655542204,abc0d16aaf15b3a4ee2e561195dfd82ab260497412e326bb57f2ee5bbe9042d8,458.0,1006.4,26.9,79.0
6477,1723656142181,abc0d16aaf15b3a4ee2e561195dfd82ab260497412e326bb57f2ee5bbe9042d8,454.0,1006.6,26.6,79.0
6478,1723656742169,abc0d16aaf15b3a4ee2e561195dfd82ab260497412e326bb57f2ee5bbe9042d8,454.0,1006.6,26.9,75.0
6479,1723657342149,abc0d16aaf15b3a4ee2e561195dfd82ab260497412e326bb57f2ee5bbe9042d8,455.0,1006.6,27.4,73.0
6480,1723657942078,abc0d16aaf15b3a4ee2e561195dfd82ab260497412e326bb57f2ee5bbe9042d8,447.0,1006.8,27.2,73.0
6481,1723658542101,abc0d16aaf15b3a4ee2e561195dfd82ab260497412e326bb57f2ee5bbe9042d8,462.0,1007.2,26.3,75.0
6482,1723659142079,abc0d16aaf15b3a4ee2e561195dfd82ab260497412e326bb57f2ee5bbe9042d8,463.0,1007.3,25.4,75.0
6483,1723659741984,abc0d16aaf15b3a4ee2e561195dfd82ab260497412e326bb57f2ee5bbe9042d8,460.0,1007.3,24.7,75.0
6484,1723660342007,abc0d16aaf15b3a4ee2e561195dfd82ab260497412e326bb57f2ee5bbe9042d8,474.0,1007.8,23.9,77.0
6485,1723660941981,abc0d16aaf15b3a4ee2e561195dfd82ab260497412e326bb57f2ee5bbe9042d8,493.0,1007.9,23.5,81.0
6486,1723661541924,abc0d16aaf15b3a4ee2e561195dfd82ab260497412e326bb57f2ee5bbe9042d8,495.0,1008.2,23.0,81.0
6487,1723662141905,abc0d16aaf15b3a4ee2e561195dfd82ab260497412e326bb57f2ee5bbe9042d8,517.0,1008.8,22.8,83.0
6488,1723662741879,abc0d16aaf15b3a4ee2e561195dfd82ab260497412e326bb57f2ee5bbe9042d8,480.0,1009.2,23.1,82.0
6489,1723663341835,abc0d16aaf15b3a4ee2e561195dfd82ab260497412e326bb57f2ee5bbe9042d8,472.0,1009.4,23.4,82.0
6490,1723663941840,abc0d16aaf15b3a4ee2e561195dfd82ab260497412e326bb57f2ee5bbe9042d8,501.0,1009.6,23.5,81.0
6491,1723664541799,abc0d16aaf15b3a4ee2e561195dfd82ab260497412e326bb57f2ee5bbe9042d8,532.0,1009.8,23.0,84.0
6492,1723665141769,abc0d16aaf15b3a4ee2e561195dfd82ab260497412e326bb57f2ee5bbe9042d8,534.0,1009.9,22.7,84.0
6493,1723665743439,abc0d16aaf15b3a4ee2e561195dfd82ab260497412e326bb57f2ee5bbe9042d8,529.0,1009.9,22.5,87.0
6494,1723666341753,abc0d16aaf15b3a4ee2e561195dfd82ab260497412e326bb57f2ee5bbe9042d8,594.0,1009.9,22.2,90.0
6495,1723666941677,abc0d16aaf15b3a4ee2e561195dfd82ab260497412e326bb57f2ee5bbe9042d8,597.0,1009.8,22.0,90.0
6496,1723667541653,abc0d16aaf15b3a4ee2e561195dfd82ab260497412e326bb57f2ee5bbe9042d8,634.0,1009.8,21.7,92.0
6497,1723668141633,abc0d16aaf15b3a4ee2e561195dfd82ab260497412e326bb57f2ee5bbe9042d8,586.0,1010.1,21.7,94.0
6498,1723668741580,abc0d16aaf15b3a4ee2e561195dfd82ab260497412e326bb57f2ee5bbe9042d8,582.0,1010.1,21.8,94.0
6499,1723669341553,abc0d16aaf15b3a4ee2e561195dfd82ab260497412e326bb57f2ee5bbe9042d8,560.0,1010.0,21.9,95.0
6500,1723669941528,abc0d16aaf15b3a4ee2e561195dfd82ab260497412e326bb57f2ee5bbe9042d8,592.0,1010.1,21.8,93.0
6501,1723670541506,abc0d16aaf15b3a4ee2e561195dfd82ab260497412e326bb57f2ee5bbe9042d8,606.0,1010.3,21.8,93.0
6502,1723671141483,abc0d16aaf15b3a4ee2e561195dfd82ab260497412e326bb57f2ee5bbe9042d8,602.0,1010.1,21.7,93.0
6503,1723671741465,abc0d16aaf15b3a4ee2e561195dfd82ab260497412e326bb57f2ee5bbe9042d8,625.0,1010.0,21.5,90.0
6504,1723672341411,abc0d16aaf15b3a4ee2e561195dfd82ab260497412e326bb57f2ee5bbe9042d8,563.0,1010.1,21.4,90.0
6505,1723672941373,abc0d16aaf15b3a4ee2e561195dfd82ab260497412e326bb57f2ee5bbe9042d8,558.0,1009.9,21.2,92.0
6506,1723673541325,abc0d16aaf15b3a4ee2e561195dfd82ab260497412e326bb57f2ee5bbe9042d8,522.0,1010.0,21.4,94.0
6507,1723674141316,abc0d16aaf15b3a4ee2e561195dfd82ab260497412e326bb57f2ee5bbe9042d8,510.0,1009.9,21.6,94.0
6508,1723674741341,abc0d16aaf15b3a4ee2e561195dfd82ab260497412e326bb57f2ee5bbe9042d8,537.0,1009.9,21.6,92.0
6509,1723675341286,abc0d16aaf15b3a4ee2e561195dfd82ab260497412e326bb57f2ee5bbe9042d8,521.0,1009.9,21.5,92.0
6510,1723675941232,abc0d16aaf15b3a4ee2e561195dfd82ab260497412e326bb57f2ee5bbe9042d8,511.0,1009.9,21.3,92.0
6511,1723676541224,abc0d16aaf15b3a4ee2e561195dfd82ab260497412e326bb57f2ee5bbe9042d8,527.0,1009.9,21.2,92.0
6512,1723677141222,abc0d16aaf15b3a4ee2e561195dfd82ab260497412e326bb57f2ee5bbe9042d8,553.0,1009.8,21.2,92.0
6513,1723677741158,abc0d16aaf15b3a4ee2e561195dfd82ab260497412e326bb57f2ee5bbe9042d8,560.0,1010.0,21.0,92.0
6514,1723678341128,abc0d16aaf15b3a4ee2e561195dfd82ab260497412e326bb57f2ee5bbe9042d8,550.0,1009.9,20.7,95.0
6515,1723678941116,abc0d16aaf15b3a4ee2e561195dfd82ab260497412e326bb57f2ee5bbe9042d8,566.0,1010.1,20.5,94.0
6516,1723679541054,abc0d16aaf15b3a4ee2e561195dfd82ab260497412e326bb57f2ee5bbe9042d8,583.0,1009.9,20.6,94.0
6517,1723680141046,abc0d16aaf15b3a4ee2e561195dfd82ab260497412e326bb57f2ee5bbe9042d8,574.0,1009.9,20.4,95.0
6518,1723680741022,abc0d16aaf15b3a4ee2e561195dfd82ab260497412e326bb57f2ee5bbe9042d8,574.0,1009.9,20.2,95.0
6519,1723681340969,abc0d16aaf15b3a4ee2e561195dfd82ab260497412e326bb57f2ee5bbe9042d8,554.0,1010.0,20.3,95.0
6520,1723681940975,abc0d16aaf15b3a4ee2e561195dfd82ab260497412e326bb57f2ee5bbe9042d8,547.0,1010.2,20.4,97.0
6521,1723682540946,abc0d16aaf15b3a4ee2e561195dfd82ab260497412e326bb57f2ee5bbe9042d8,541.0,1010.2,20.5,97.0
6522,1723683140890,abc0d16aaf15b3a4ee2e561195dfd82ab260497412e326bb57f2ee5bbe9042d8,548.0,1010.3,20.4,97.0
6523,1723683740870,abc0d16aaf15b3a4ee2e561195dfd82ab260497412e326bb57f2ee5bbe9042d8,583.0,1010.2,20.1,98.0
6524,1723684340818,abc0d16aaf15b3a4ee2e561195dfd82ab260497412e326bb57f2ee5bbe9042d8,587.0,1010.5,19.8,100.0
6525,1723684940788,abc0d16aaf15b3a4ee2e561195dfd82ab260497412e326bb57f2ee5bbe9042d8,577.0,1010.5,20.0,100.0
6526,1723685540796,abc0d16aaf15b3a4ee2e561195dfd82ab260497412e326bb57f2ee5bbe9042d8,559.0,1010.7,20.0,100.0
6527,1723686140774,abc0d16aaf15b3a4ee2e561195dfd82ab260497412e326bb57f2ee5bbe9042d8,577.0,1010.7,19.9,100.0
6528,1723686740715,abc0d16aaf15b3a4ee2e561195dfd82ab260497412e326bb57f2ee5bbe9042d8,557.0,1010.6,20.0,100.0
6529,1723687340697,abc0d16aaf15b3a4ee2e561195dfd82ab260497412e326bb57f2ee5bbe9042d8,559.0,1010.7,19.9,98.0
6530,1723687940673,abc0d16aaf15b3a4ee2e561195dfd82ab260497412e326bb57f2ee5bbe9042d8,576.0,1010.8,19.7,98.0
6531,1723688540624,abc0d16aaf15b3a4ee2e561195dfd82ab260497412e326bb57f2ee5bbe9042d8,597.0,1010.9,19.5,98.0
6532,1723689140622,abc0d16aaf15b3a4ee2e561195dfd82ab260497412e326bb57f2ee5bbe9042d8,566.0,1010.9,19.5,99.0
6533,1723689740619,abc0d16aaf15b3a4ee2e561195dfd82ab260497412e326bb57f2ee5bbe9042d8,618.0,1010.9,19.4,100.0
6534,1723690340543,abc0d16aaf15b3a4ee2e561195dfd82ab260497412e326bb57f2ee5bbe9042d8,644.0,1011.1,19.3,100.0
6535,1723690940520,abc0d16aaf15b3a4ee2e561195dfd82ab260497412e326bb57f2ee5bbe9042d8,600.0,1011.0,19.3,100.0
6536,1723691540483,abc0d16aaf15b3a4ee2e561195dfd82ab260497412e326bb57f2ee5bbe9042d8,568.0,1011.0,19.1,100.0
6537,1723692140457,abc0d16aaf15b3a4ee2e561195dfd82ab260497412e326bb57f2ee5bbe9042d8,551.0,1011.0,19.4,100.0
6538,1723692740443,abc0d16aaf15b3a4ee2e561195dfd82ab260497412e326bb57f2ee5bbe9042d8,552.0,1010.9,19.6,100.0
6539,1723693340419,abc0d16aaf15b3a4ee2e561195dfd82ab260497412e326bb57f2ee5bbe9042d8,566.0,1011.0,19.5,99.0
6540,1723693940378,abc0d16aaf15b3a4ee2e561195dfd82ab260497412e326bb57f2ee5bbe9042d8,561.0,1011.1,19.4,99.0
6541,1723694540351,abc0d16aaf15b3a4ee2e561195dfd82ab260497412e326bb57f2ee5bbe9042d8,578.0,1011.1,19.4,98.0
6542,1723695140330,abc0d16aaf15b3a4ee2e561195dfd82ab260497412e326bb57f2ee5bbe9042d8,580.0,1011.0,19.2,98.0
6543,1723695740272,abc0d16aaf15b3a4ee2e561195dfd82ab260497412e326bb57f2ee5bbe9042d8,594.0,1011.1,19.0,98.0
6544,1723696340273,abc0d16aaf15b3a4ee2e561195dfd82ab260497412e326bb57f2ee5bbe9042d8,607.0,1011.1,19.1,99.0
6545,1723696940219,abc0d16aaf15b3a4ee2e561195dfd82ab260497412e326bb57f2ee5bbe9042d8,602.0,1011.1,19.2,100.0
6546,1723697540197,abc0d16aaf15b3a4ee2e561195dfd82ab260497412e326bb57f2ee5bbe9042d8,574.0,1011.2,19.4,100.0
6547,1723698140183,abc0d16aaf15b3a4ee2e561195dfd82ab260497412e326bb57f2ee5bbe9042d8,561.0,1011.2,19.8,100.0
6548,1723698740145,abc0d16aaf15b3a4ee2e561195dfd82ab260497412e326bb57f2ee5bbe9042d8,544.0,1011.4,20.6,100.0
6549,1723699340111,abc0d16aaf15b3a4ee2e561195dfd82ab260497412e326bb57f2ee5bbe9042d8,536.0,1011.5,21.3,100.0
6550,1723699940105,abc0d16aaf15b3a4ee2e561195dfd82ab260497412e326bb57f2ee5bbe9042d8,554.0,1011.5,22.4,98.0
6551,1723700540089,abc0d16aaf15b3a4ee2e561195dfd82ab260497412e326bb57f2ee5bbe9042d8,538.0,1011.6,23.2,94.0
6552,1723701140040,abc0d16aaf15b3a4ee2e561195dfd82ab260497412e326bb57f2ee5bbe9042d8,522.0,1011.6,24.1,94.0
6553,1723701740007,abc0d16aaf15b3a4ee2e561195dfd82ab260497412e326bb57f2ee5bbe9042d8,522.0,1011.7,24.7,91.0
6554,1723702339989,abc0d16aaf15b3a4ee2e561195dfd82ab260497412e326bb57f2ee5bbe9042d8,494.0,1011.4,25.5,87.0
6555,1723702939937,abc0d16aaf15b3a4ee2e561195dfd82ab260497412e326bb57f2ee5bbe9042d8,504.0,1011.2,26.5,87.0
6556,1723703539965,abc0d16aaf15b3a4ee2e561195dfd82ab260497412e326bb57f2ee5bbe9042d8,496.0,1011.4,26.8,83.0
6557,1723704139908,abc0d16aaf15b3a4ee2e561195dfd82ab260497412e326bb57f2ee5bbe9042d8,509.0,1011.3,27.6,81.0
6558,1723704739857,abc0d16aaf15b3a4ee2e561195dfd82ab260497412e326bb57f2ee5bbe9042d8,507.0,1011.2,28.4,81.0
6559,1723705339846,abc0d16aaf15b3a4ee2e561195dfd82ab260497412e326bb57f2ee5bbe9042d8,498.0,1011.2,29.0,79.0
6560,1723705939820,abc0d16aaf15b3a4ee2e561195dfd82ab260497412e326bb57f2ee5bbe9042d8,512.0,1011.3,29.5,77.0
6561,1723706539777,abc0d16aaf15b3a4ee2e561195dfd82ab260497412e326bb57f2ee5bbe9042d8,472.0,1011.4,30.3,77.0
6562,1723707139771,abc0d16aaf15b3a4ee2e561195dfd82ab260497412e326bb57f2ee5bbe9042d8,492.0,1011.6,31.0,75.0
6563,1723707739733,abc0d16aaf15b3a4ee2e561195dfd82ab260497412e326bb57f2ee5bbe9042d8,480.0,1011.6,31.8,68.0
6564,1723708339691,abc0d16aaf15b3a4ee2e561195dfd82ab260497412e326bb57f2ee5bbe9042d8,474.0,1011.3,32.5,68.0
6565,1723708939673,abc0d16aaf15b3a4ee2e561195dfd82ab260497412e326bb57f2ee5bbe9042d8,472.0,1011.1,33.2,62.0
6566,1723709539641,abc0d16aaf15b3a4ee2e561195dfd82ab260497412e326bb57f2ee5bbe9042d8,467.0,1011.2,33.2,62.0
6567,1723710139615,abc0d16aaf15b3a4ee2e561195dfd82ab260497412e326bb57f2ee5bbe9042d8,492.0,1011.1,33.0,62.0
6568,1723710739606,abc0d16aaf15b3a4ee2e561195dfd82ab260497412e326bb57f2ee5bbe9042d8,441.0,1011.1,32.8,60.0
6569,1723711339567,abc0d16aaf15b3a4ee2e561195dfd82ab260497412e326bb57f2ee5bbe9042d8,454.0,1011.3,33.2,59.0
6570,1723711939515,abc0d16aaf15b3a4ee2e561195dfd82ab260497412e326bb57f2ee5bbe9042d8,483.0,1011.4,33.5,59.0
6571,1723712539515,abc0d16aaf15b3a4ee2e561195dfd82ab260497412e326bb57f2ee5bbe9042d8,467.0,1011.4,33.1,53.0
6572,1723713139480,abc0d16aaf15b3a4ee2e561195dfd82ab260497412e326bb57f2ee5bbe9042d8,456.0,1011.4,33.4,54.0
6573,1723713739457,abc0d16aaf15b3a4ee2e561195dfd82ab260497412e326bb57f2ee5bbe9042d8,449.0,1011.6,32.8,54.0
6574,1723714339437,abc0d16aaf15b3a4ee2e561195dfd82ab260497412e326bb57f2ee5bbe9042d8,437.0,1011.3,33.0,53.0
6575,1723714939411,abc0d16aaf15b3a4ee2e561195dfd82ab260497412e326bb57f2ee5bbe9042d8,446.0,1011.8,31.8,56.0
6576,1723715539362,abc0d16aaf15b3a4ee2e561195dfd82ab260497412e326bb57f2ee5bbe9042d8,468.0,1011.9,30.8,56.0
6577,1723716139349,abc0d16aaf15b3a4ee2e561195dfd82ab260497412e326bb57f2ee5bbe9042d8,442.0,1012.0,30.0,57.0
6578,1723716739306,abc0d16aaf15b3a4ee2e561195dfd82ab260497412e326bb57f2ee5bbe9042d8,470.0,1012.3,29.4,59.0
6579,1723717339321,abc0d16aaf15b3a4ee2e561195dfd82ab260497412e326bb57f2ee5bbe9042d8,472.0,1012.4,28.8,59.0
6580,1723717939275,abc0d16aaf15b3a4ee2e561195dfd82ab260497412e326bb57f2ee5bbe9042d8,476.0,1012.5,28.6,59.0
6581,1723718539251,abc0d16aaf15b3a4ee2e561195dfd82ab260497412e326bb57f2ee5bbe9042d8,469.0,1012.6,28.0,58.0
6582,1723719139198,abc0d16aaf15b3a4ee2e561195dfd82ab260497412e326bb57f2ee5bbe9042d8,454.0,1012.7,27.5,58.0
6583,1723719739187,abc0d16aaf15b3a4ee2e561195dfd82ab260497412e326bb57f2ee5bbe9042d8,460.0,1013.0,27.1,60.0
6584,1723720339133,abc0d16aaf15b3a4ee2e561195dfd82ab260497412e326bb57f2ee5bbe9042d8,467.0,1013.2,26.9,60.0
6585,1723720939133,abc0d16aaf15b3a4ee2e561195dfd82ab260497412e326bb57f2ee5bbe9042d8,462.0,1013.0,27.1,60.0
6586,1723721539084,abc0d16aaf15b3a4ee2e561195dfd82ab260497412e326bb57f2ee5bbe9042d8,473.0,1012.8,27.8,61.0
6587,1723722139071,abc0d16aaf15b3a4ee2e561195dfd82ab260497412e326bb57f2ee5bbe9042d8,457.0,1012.6,28.2,62.0
6588,1723722739059,abc0d16aaf15b3a4ee2e561195dfd82ab260497412e326bb57f2ee5bbe9042d8,488.0,1012.4,28.5,62.0
6589,1723723339019,abc0d16aaf15b3a4ee2e561195dfd82ab260497412e326bb57f2ee5bbe9042d8,464.0,1012.2,29.2,63.0
6590,1723723938971,abc0d16aaf15b3a4ee2e561195dfd82ab260497412e326bb57f2ee5bbe9042d8,475.0,1011.9,29.8,62.0
6591,1723724538936,abc0d16aaf15b3a4ee2e561195dfd82ab260497412e326bb57f2ee5bbe9042d8,469.0,1011.9,30.1,62.0
6592,1723725138925,abc0d16aaf15b3a4ee2e561195dfd82ab260497412e326bb57f2ee5bbe9042d8,450.0,1011.8,30.3,61.0
6593,1723725738866,abc0d16aaf15b3a4ee2e561195dfd82ab260497412e326bb57f2ee5bbe9042d8,450.0,1011.6,30.8,60.0
6594,1723726338860,abc0d16aaf15b3a4ee2e561195dfd82ab260497412e326bb57f2ee5bbe9042d8,477.0,1011.6,30.9,60.0
6595,1723726938894,abc0d16aaf15b3a4ee2e561195dfd82ab260497412e326bb57f2ee5bbe9042d8,461.0,1011.8,30.8,58.0
6596,1723727538801,abc0d16aaf15b3a4ee2e561195dfd82ab260497412e326bb57f2ee5bbe9042d8,468.0,1011.7,31.1,57.0
6597,1723728138777,abc0d16aaf15b3a4ee2e561195dfd82ab260497412e326bb57f2ee5bbe9042d8,455.0,1011.7,31.7,57.0
6598,1723728738756,abc0d16aaf15b3a4ee2e561195dfd82ab260497412e326bb57f2ee5bbe9042d8,448.0,1011.7,31.8,58.0
6599,1723729338740,abc0d16aaf15b3a4ee2e561195dfd82ab260497412e326bb57f2ee5bbe9042d8,446.0,1011.6,32.6,57.0
6600,1723729938700,abc0d16aaf15b3a4ee2e561195dfd82ab260497412e326bb57f2ee5bbe9042d8,438.0,1011.5,33.0,57.0
6601,1723730538679,abc0d16aaf15b3a4ee2e561195dfd82ab260497412e326bb57f2ee5bbe9042d8,461.0,1011.3,32.9,56.0
6602,1723731138646,abc0d16aaf15b3a4ee2e561195dfd82ab260497412e326bb57f2ee5bbe9042d8,449.0,1011.3,32.8,55.0
6603,1723731738622,abc0d16aaf15b3a4ee2e561195dfd82ab260497412e326bb57f2ee5bbe9042d8,446.0,1011.1,32.9,55.0
6604,1723732338595,abc0d16aaf15b3a4ee2e561195dfd82ab260497412e326bb57f2ee5bbe9042d8,446.0,1011.0,33.1,53.0
6605,1723732938595,abc0d16aaf15b3a4ee2e561195dfd82ab260497412e326bb57f2ee5bbe9042d8,445.0,1010.9,32.4,49.0
6606,1723733538534,abc0d16aaf15b3a4ee2e561195dfd82ab260497412e326bb57f2ee5bbe9042d8,439.0,1010.8,31.2,49.0
6607,1723734138522,abc0d16aaf15b3a4ee2e561195dfd82ab260497412e326bb57f2ee5bbe9042d8,454.0,1010.8,31.7,53.0
6608,1723734738490,abc0d16aaf15b3a4ee2e561195dfd82ab260497412e326bb57f2ee5bbe9042d8,470.0,1010.7,32.9,50.0
6609,1723735338464,abc0d16aaf15b3a4ee2e561195dfd82ab260497412e326bb57f2ee5bbe9042d8,457.0,1010.9,33.7,50.0
6610,1723735938467,abc0d16aaf15b3a4ee2e561195dfd82ab260497412e326bb57f2ee5bbe9042d8,433.0,1010.9,33.5,51.0
6611,1723736538402,abc0d16aaf15b3a4ee2e561195dfd82ab260497412e326bb57f2ee5bbe9042d8,457.0,1011.0,33.7,51.0
6612,1723737138376,abc0d16aaf15b3a4ee2e561195dfd82ab260497412e326bb57f2ee5bbe9042d8,437.0,1011.0,34.0,51.0
6613,1723737738362,abc0d16aaf15b3a4ee2e561195dfd82ab260497412e326bb57f2ee5bbe9042d8,443.0,1011.1,34.3,50.0
6614,1723738338338,abc0d16aaf15b3a4ee2e561195dfd82ab260497412e326bb57f2ee5bbe9042d8,444.0,1010.9,34.0,52.0
6615,1723738938300,abc0d16aaf15b3a4ee2e561195dfd82ab260497412e326bb57f2ee5bbe9042d8,443.0,1010.6,32.8,52.0
6616,1723739538282,abc0d16aaf15b3a4ee2e561195dfd82ab260497412e326bb57f2ee5bbe9042d8,430.0,1010.8,32.3,51.0
6617,1723740138260,abc0d16aaf15b3a4ee2e561195dfd82ab260497412e326bb57f2ee5bbe9042d8,462.0,1010.8,32.2,50.0
6618,1723740738216,abc0d16aaf15b3a4ee2e561195dfd82ab260497412e326bb57f2ee5bbe9042d8,432.0,1010.8,31.6,50.0
6619,1723741338197,abc0d16aaf15b3a4ee2e561195dfd82ab260497412e326bb57f2ee5bbe9042d8,450.0,1010.8,31.6,51.0
6620,1723741938184,abc0d16aaf15b3a4ee2e561195dfd82ab260497412e326bb57f2ee5bbe9042d8,447.0,1010.8,31.6,52.0
6621,1723742538137,abc0d16aaf15b3a4ee2e561195dfd82ab260497412e326bb57f2ee5bbe9042d8,444.0,1010.8,31.5,52.0
6622,1723743138121,abc0d16aaf15b3a4ee2e561195dfd82ab260497412e326bb57f2ee5bbe9042d8,447.0,1010.9,31.2,52.0
6623,1723743738092,abc0d16aaf15b3a4ee2e561195dfd82ab260497412e326bb57f2ee5bbe9042d8,433.0,1010.8,30.6,54.0
6624,1723744338056,abc0d16aaf15b3a4ee2e561195dfd82ab260497412e326bb57f2ee5bbe9042d8,445.0,1010.8,30.0,54.0
6625,1723744938052,abc0d16aaf15b3a4ee2e561195dfd82ab260497412e326bb57f2ee5bbe9042d8,452.0,1010.7,29.0,55.0
6626,1723745537996,abc0d16aaf15b3a4ee2e561195dfd82ab260497412e326bb57f2ee5bbe9042d8,453.0,1010.6,28.1,57.0
6627,1723746137972,abc0d16aaf15b3a4ee2e561195dfd82ab260497412e326bb57f2ee5bbe9042d8,475.0,1010.8,27.2,57.0
6628,1723746737959,abc0d16aaf15b3a4ee2e561195dfd82ab260497412e326bb57f2ee5bbe9042d8,456.0,1010.9,26.2,59.0
6629,1723747337945,abc0d16aaf15b3a4ee2e561195dfd82ab260497412e326bb57f2ee5bbe9042d8,509.0,1011.2,25.3,64.0
6630,1723747937885,abc0d16aaf15b3a4ee2e561195dfd82ab260497412e326bb57f2ee5bbe9042d8,489.0,1011.3,25.0,64.0
6631,1723748537864,abc0d16aaf15b3a4ee2e561195dfd82ab260497412e326bb57f2ee5bbe9042d8,497.0,1011.5,24.8,66.0
6632,1723749137803,abc0d16aaf15b3a4ee2e561195dfd82ab260497412e326bb57f2ee5bbe9042d8,489.0,1011.4,24.7,67.0
6633,1723749737800,abc0d16aaf15b3a4ee2e561195dfd82ab260497412e326bb57f2ee5bbe9042d8,530.0,1011.4,24.4,67.0
6634,1723750337780,abc0d16aaf15b3a4ee2e561195dfd82ab260497412e326bb57f2ee5bbe9042d8,515.0,1011.6,24.0,73.0
6635,1723750937768,abc0d16aaf15b3a4ee2e561195dfd82ab260497412e326bb57f2ee5bbe9042d8,524.0,1011.6,23.6,74.0
6636,1723751537724,abc0d16aaf15b3a4ee2e561195dfd82ab260497412e326bb57f2ee5bbe9042d8,553.0,1011.6,23.1,74.0
6637,1723752137697,abc0d16aaf15b3a4ee2e561195dfd82ab260497412e326bb57f2ee5bbe9042d8,594.0,1011.6,22.8,77.0
6638,1723752737650,abc0d16aaf15b3a4ee2e561195dfd82ab260497412e326bb57f2ee5bbe9042d8,603.0,1011.7,22.6,79.0
6639,1723753337625,abc0d16aaf15b3a4ee2e561195dfd82ab260497412e326bb57f2ee5bbe9042d8,703.0,1011.8,22.4,79.0
6640,1723753937609,abc0d16aaf15b3a4ee2e561195dfd82ab260497412e326bb57f2ee5bbe9042d8,631.0,1012.0,22.1,84.0
6641,1723754537588,abc0d16aaf15b3a4ee2e561195dfd82ab260497412e326bb57f2ee5bbe9042d8,635.0,1012.1,22.0,84.0
6642,1723755137534,abc0d16aaf15b3a4ee2e561195dfd82ab260497412e326bb57f2ee5bbe9042d8,620.0,1012.1,21.7,84.0
6643,1723755737530,abc0d16aaf15b3a4ee2e561195dfd82ab260497412e326bb57f2ee5bbe9042d8,642.0,1012.1,21.7,83.0
6644,1723756337483,abc0d16aaf15b3a4ee2e561195dfd82ab260497412e326bb57f2ee5bbe9042d8,677.0,1012.0,21.6,85.0
6645,1723756937459,abc0d16aaf15b3a4ee2e561195dfd82ab260497412e326bb57f2ee5bbe9042d8,660.0,1012.0,21.3,85.0
6646,1723757537424,abc0d16aaf15b3a4ee2e561195dfd82ab260497412e326bb57f2ee5bbe9042d8,629.0,1011.9,21.1,86.0
6647,1723758139116,abc0d16aaf15b3a4ee2e561195dfd82ab260497412e326bb57f2ee5bbe9042d8,637.0,1012.0,21.2,86.0
6648,1723758737363,abc0d16aaf15b3a4ee2e561195dfd82ab260497412e326bb57f2ee5bbe9042d8,599.0,1012.0,21.2,86.0
6649,1723759337338,abc0d16aaf15b3a4ee2e561195dfd82ab260497412e326bb57f2ee5bbe9042d8,578.0,1012.0,21.3,87.0
6650,1723759937365,abc0d16aaf15b3a4ee2e561195dfd82ab260497412e326bb57f2ee5bbe9042d8,585.0,1011.9,21.4,87.0
6651,1723760537276,abc0d16aaf15b3a4ee2e561195dfd82ab260497412e326bb57f2ee5bbe9042d8,532.0,1011.9,21.6,87.0
6652,1723761137272,abc0d16aaf15b3a4ee2e561195dfd82ab260497412e326bb57f2ee5bbe9042d8,549.0,1011.9,21.6,88.0
6653,1723761737236,abc0d16aaf15b3a4ee2e561195dfd82ab260497412e326bb57f2ee5bbe9042d8,574.0,1011.8,21.3,88.0
6654,1723762337184,abc0d16aaf15b3a4ee2e561195dfd82ab260497412e326bb57f2ee5bbe9042d8,562.0,1011.8,21.3,88.0
6655,1723762937177,abc0d16aaf15b3a4ee2e561195dfd82ab260497412e326bb57f2ee5bbe9042d8,673.0,1011.9,21.3,88.0
6656,1723763538848,abc0d16aaf15b3a4ee2e561195dfd82ab260497412e326bb57f2ee5bbe9042d8,653.0,1011.8,20.8,89.0
6657,1723764137114,abc0d16aaf15b3a4ee2e561195dfd82ab260497412e326bb57f2ee5bbe9042d8,563.0,1011.9,20.8,89.0
6658,1723764737090,abc0d16aaf15b3a4ee2e561195dfd82ab260497412e326bb57f2ee5bbe9042d8,585.0,1011.9,20.8,88.0
6659,1723765337074,abc0d16aaf15b3a4ee2e561195dfd82ab260497412e326bb57f2ee5bbe9042d8,575.0,1011.8,20.7,90.0
6660,1723765937013,abc0d16aaf15b3a4ee2e561195dfd82ab260497412e326bb57f2ee5bbe9042d8,580.0,1011.9,20.6,90.0
6661,1723766536999,abc0d16aaf15b3a4ee2e561195dfd82ab260497412e326bb57f2ee5bbe9042d8,569.0,1011.9,20.4,93.0
6662,1723767136954,abc0d16aaf15b3a4ee2e561195dfd82ab260497412e326bb57f2ee5bbe9042d8,532.0,1011.8,20.8,92.0
6663,1723767738649,abc0d16aaf15b3a4ee2e561195dfd82ab260497412e326bb57f2ee5bbe9042d8,573.0,1011.8,20.9,92.0
6664,1723768336921,abc0d16aaf15b3a4ee2e561195dfd82ab260497412e326bb57f2ee5bbe9042d8,557.0,1011.8,20.8,92.0
6665,1723768936892,abc0d16aaf15b3a4ee2e561195dfd82ab260497412e326bb57f2ee5bbe9042d8,592.0,1011.8,20.5,94.0
6666,1723769536850,abc0d16aaf15b3a4ee2e561195dfd82ab260497412e326bb57f2ee5bbe9042d8,575.0,1011.8,20.4,94.0
6667,1723770136818,abc0d16aaf15b3a4ee2e561195dfd82ab260497412e326bb57f2ee5bbe9042d8,592.0,1011.8,20.2,94.0
6668,1723770736806,abc0d16aaf15b3a4ee2e561195dfd82ab260497412e326bb57f2ee5bbe9042d8,560.0,1011.7,20.3,94.0
6669,1723771336767,abc0d16aaf15b3a4ee2e561195dfd82ab260497412e326bb57f2ee5bbe9042d8,541.0,1011.8,20.4,94.0
6670,1723771936747,abc0d16aaf15b3a4ee2e561195dfd82ab260497412e326bb57f2ee5bbe9042d8,545.0,1011.7,20.6,94.0
6671,1723772536724,abc0d16aaf15b3a4ee2e561195dfd82ab260497412e326bb57f2ee5bbe9042d8,565.0,1011.8,20.5,94.0
6672,1723773136668,abc0d16aaf15b3a4ee2e561195dfd82ab260497412e326bb57f2ee5bbe9042d8,536.0,1011.8,20.4,94.0
6673,1723773736648,abc0d16aaf15b3a4ee2e561195dfd82ab260497412e326bb57f2ee5bbe9042d8,549.0,1011.9,20.5,94.0
6674,1723774336607,abc0d16aaf15b3a4ee2e561195dfd82ab260497412e326bb57f2ee5bbe9042d8,571.0,1011.7,20.5,93.0
6675,1723774936598,abc0d16aaf15b3a4ee2e561195dfd82ab260497412e326bb57f2ee5bbe9042d8,546.0,1011.8,20.4,93.0
6676,1723775536571,abc0d16aaf15b3a4ee2e561195dfd82ab260497412e326bb57f2ee5bbe9042d8,524.0,1011.8,20.7,93.0
6677,1723776136558,abc0d16aaf15b3a4ee2e561195dfd82ab260497412e326bb57f2ee5bbe9042d8,502.0,1011.9,20.9,93.0
6678,1723776736494,abc0d16aaf15b3a4ee2e561195dfd82ab260497412e326bb57f2ee5bbe9042d8,514.0,1011.9,21.2,93.0
6679,1723777336483,abc0d16aaf15b3a4ee2e561195dfd82ab260497412e326bb57f2ee5bbe9042d8,529.0,1011.7,21.2,91.0
6680,1723777936506,abc0d16aaf15b3a4ee2e561195dfd82ab260497412e326bb57f2ee5bbe9042d8,531.0,1011.8,21.1,91.0
6681,1723778536416,abc0d16aaf15b3a4ee2e561195dfd82ab260497412e326bb57f2ee5bbe9042d8,526.0,1011.8,21.0,91.0
6682,1723779136360,abc0d16aaf15b3a4ee2e561195dfd82ab260497412e326bb57f2ee5bbe9042d8,525.0,1011.8,21.1,91.0
6683,1723779736382,abc0d16aaf15b3a4ee2e561195dfd82ab260497412e326bb57f2ee5bbe9042d8,517.0,1011.8,21.0,91.0
6684,1723780336329,abc0d16aaf15b3a4ee2e561195dfd82ab260497412e326bb57f2ee5bbe9042d8,512.0,1011.9,21.0,91.0
6685,1723780936302,abc0d16aaf15b3a4ee2e561195dfd82ab260497412e326bb57f2ee5bbe9042d8,516.0,1011.8,21.3,89.0
6686,1723781536268,abc0d16aaf15b3a4ee2e561195dfd82ab260497412e326bb57f2ee5bbe9042d8,511.0,1011.8,21.3,87.0
6687,1723782136259,abc0d16aaf15b3a4ee2e561195dfd82ab260497412e326bb57f2ee5bbe9042d8,517.0,1011.8,21.2,87.0
6688,1723782736237,abc0d16aaf15b3a4ee2e561195dfd82ab260497412e326bb57f2ee5bbe9042d8,494.0,1011.9,21.3,87.0
6689,1723783336213,abc0d16aaf15b3a4ee2e561195dfd82ab260497412e326bb57f2ee5bbe9042d8,504.0,1012.0,21.4,86.0
6690,1723783936153,abc0d16aaf15b3a4ee2e561195dfd82ab260497412e326bb57f2ee5bbe9042d8,505.0,1012.0,21.6,86.0
6691,1723784537843,abc0d16aaf15b3a4ee2e561195dfd82ab260497412e326bb57f2ee5bbe9042d8,511.0,1012.0,21.9,85.0
6692,1723785136085,abc0d16aaf15b3a4ee2e561195dfd82ab260497412e326bb57f2ee5bbe9042d8,526.0,1011.9,22.0,85.0
6693,1723785736061,abc0d16aaf15b3a4ee2e561195dfd82ab260497412e326bb57f2ee5bbe9042d8,508.0,1012.0,22.2,85.0
6694,1723786336051,abc0d16aaf15b3a4ee2e561195dfd82ab260497412e326bb57f2ee5bbe9042d8,511.0,1012.0,22.5,84.0
6695,1723786936033,abc0d16aaf15b3a4ee2e561195dfd82ab260497412e326bb57f2ee5bbe9042d8,517.0,1012.0,22.8,82.0
6696,1723787535999,abc0d16aaf15b3a4ee2e561195dfd82ab260497412e326bb57f2ee5bbe9042d8,503.0,1012.1,23.3,82.0
6697,1723788135951,abc0d16aaf15b3a4ee2e561195dfd82ab260497412e326bb57f2ee5bbe9042d8,501.0,1012.2,23.4,81.0
6698,1723788735896,abc0d16aaf15b3a4ee2e561195dfd82ab260497412e326bb57f2ee5bbe9042d8,489.0,1012.2,23.5,79.0
6699,1723789335910,abc0d16aaf15b3a4ee2e561195dfd82ab260497412e326bb57f2ee5bbe9042d8,501.0,1012.2,24.5,79.0
6700,1723789935889,abc0d16aaf15b3a4ee2e561195dfd82ab260497412e326bb57f2ee5bbe9042d8,506.0,1012.0,25.6,78.0
6701,1723790535861,abc0d16aaf15b3a4ee2e561195dfd82ab260497412e326bb57f2ee5bbe9042d8,481.0,1012.1,27.5,76.0
6702,1723791135808,abc0d16aaf15b3a4ee2e561195dfd82ab260497412e326bb57f2ee5bbe9042d8,506.0,1012.0,28.8,76.0
6703,1723791735781,abc0d16aaf15b3a4ee2e561195dfd82ab260497412e326bb57f2ee5bbe9042d8,488.0,1011.9,29.9,72.0
6704,1723792335760,abc0d16aaf15b3a4ee2e561195dfd82ab260497412e326bb57f2ee5bbe9042d8,488.0,1012.0,30.4,69.0
6705,1723792937433,abc0d16aaf15b3a4ee2e561195dfd82ab260497412e326bb57f2ee5bbe9042d8,475.0,1011.8,30.7,69.0
6706,1723793535721,abc0d16aaf15b3a4ee2e561195dfd82ab260497412e326bb57f2ee5bbe9042d8,468.0,1011.6,31.4,63.0
6707,1723794135630,abc0d16aaf15b3a4ee2e561195dfd82ab260497412e326bb57f2ee5bbe9042d8,463.0,1011.7,32.5,61.0
6708,1723794737343,abc0d16aaf15b3a4ee2e561195dfd82ab260497412e326bb57f2ee5bbe9042d8,464.0,1011.8,33.1,61.0
6709,1723795335586,abc0d16aaf15b3a4ee2e561195dfd82ab260497412e326bb57f2ee5bbe9042d8,463.0,1011.7,33.4,58.0
6710,1723795935575,abc0d16aaf15b3a4ee2e561195dfd82ab260497412e326bb57f2ee5bbe9042d8,472.0,1011.6,33.5,57.0
6711,1723796535565,abc0d16aaf15b3a4ee2e561195dfd82ab260497412e326bb57f2ee5bbe9042d8,449.0,1011.5,33.4,57.0
6712,1723797135579,abc0d16aaf15b3a4ee2e561195dfd82ab260497412e326bb57f2ee5bbe9042d8,451.0,1011.4,33.6,55.0
6713,1723797735521,abc0d16aaf15b3a4ee2e561195dfd82ab260497412e326bb57f2ee5bbe9042d8,460.0,1011.4,32.1,55.0
6714,1723798335469,abc0d16aaf15b3a4ee2e561195dfd82ab260497412e326bb57f2ee5bbe9042d8,453.0,1011.5,31.7,55.0
6715,1723798935455,abc0d16aaf15b3a4ee2e561195dfd82ab260497412e326bb57f2ee5bbe9042d8,475.0,1011.6,31.3,56.0
6716,1723799535430,abc0d16aaf15b3a4ee2e561195dfd82ab260497412e326bb57f2ee5bbe9042d8,447.0,1011.5,30.9,55.0
6717,1723800135385,abc0d16aaf15b3a4ee2e561195dfd82ab260497412e326bb57f2ee5bbe9042d8,478.0,1011.4,30.7,55.0
6718,1723800735385,abc0d16aaf15b3a4ee2e561195dfd82ab260497412e326bb57f2ee5bbe9042d8,465.0,1011.2,30.5,55.0
6719,1723801335325,abc0d16aaf15b3a4ee2e561195dfd82ab260497412e326bb57f2ee5bbe9042d8,473.0,1011.3,30.5,55.0
6720,1723801935313,abc0d16aaf15b3a4ee2e561195dfd82ab260497412e326bb57f2ee5bbe9042d8,465.0,1011.4,30.4,55.0
6721,1723802535294,abc0d16aaf15b3a4ee2e561195dfd82ab260497412e326bb57f2ee5bbe9042d8,439.0,1011.4,30.3,55.0
6722,1723803135254,abc0d16aaf15b3a4ee2e561195dfd82ab260497412e326bb57f2ee5bbe9042d8,455.0,1011.3,30.3,57.0
6723,1723803736938,abc0d16aaf15b3a4ee2e561195dfd82ab260497412e326bb57f2ee5bbe9042d8,449.0,1011.3,31.5,57.0
6724,1723804335216,abc0d16aaf15b3a4ee2e561195dfd82ab260497412e326bb57f2ee5bbe9042d8,444.0,1011.0,32.3,53.0
6725,1723804935191,abc0d16aaf15b3a4ee2e561195dfd82ab260497412e326bb57f2ee5bbe9042d8,482.0,1011.1,33.9,50.0
6726,1723805535154,abc0d16aaf15b3a4ee2e561195dfd82ab260497412e326bb57f2ee5bbe9042d8,456.0,1010.9,34.4,50.0
6727,1723806135135,abc0d16aaf15b3a4ee2e561195dfd82ab260497412e326bb57f2ee5bbe9042d8,435.0,1010.8,33.7,47.0
6728,1723806735108,abc0d16aaf15b3a4ee2e561195dfd82ab260497412e326bb57f2ee5bbe9042d8,463.0,1010.6,33.6,46.0
6729,1723807335070,abc0d16aaf15b3a4ee2e561195dfd82ab260497412e326bb57f2ee5bbe9042d8,468.0,1010.5,34.6,46.0
6730,1723807935082,abc0d16aaf15b3a4ee2e561195dfd82ab260497412e326bb57f2ee5bbe9042d8,469.0,1010.4,35.4,43.0
6731,1723808535043,abc0d16aaf15b3a4ee2e561195dfd82ab260497412e326bb57f2ee5bbe9042d8,438.0,1010.3,35.6,43.0
6732,1723809135010,abc0d16aaf15b3a4ee2e561195dfd82ab260497412e326bb57f2ee5bbe9042d8,446.0,1010.2,36.4,43.0
6733,1723809734982,abc0d16aaf15b3a4ee2e561195dfd82ab260497412e326bb57f2ee5bbe9042d8,457.0,1010.1,36.3,44.0
6734,1723810334946,abc0d16aaf15b3a4ee2e561195dfd82ab260497412e326bb57f2ee5bbe9042d8,460.0,1010.0,35.8,44.0
6735,1723810934930,abc0d16aaf15b3a4ee2e561195dfd82ab260497412e326bb57f2ee5bbe9042d8,458.0,1009.9,36.5,44.0
6736,1723811534912,abc0d16aaf15b3a4ee2e561195dfd82ab260497412e326bb57f2ee5bbe9042d8,451.0,1009.8,36.8,42.0
6737,1723812134886,abc0d16aaf15b3a4ee2e561195dfd82ab260497412e326bb57f2ee5bbe9042d8,457.0,1009.7,36.6,43.0
6738,1723812734864,abc0d16aaf15b3a4ee2e561195dfd82ab260497412e326bb57f2ee5bbe9042d8,445.0,1009.7,36.4,43.0
6739,1723813334844,abc0d16aaf15b3a4ee2e561195dfd82ab260497412e326bb57f2ee5bbe9042d8,433.0,1009.6,36.4,43.0
6740,1723813934810,abc0d16aaf15b3a4ee2e561195dfd82ab260497412e326bb57f2ee5bbe9042d8,441.0,1009.5,36.8,43.0
6741,1723814534787,abc0d16aaf15b3a4ee2e561195dfd82ab260497412e326bb57f2ee5bbe9042d8,432.0,1009.4,37.6,43.0
6742,1723815134780,abc0d16aaf15b3a4ee2e561195dfd82ab260497412e326bb57f2ee5bbe9042d8,438.0,1009.2,37.6,43.0
6743,1723815734761,abc0d16aaf15b3a4ee2e561195dfd82ab260497412e326bb57f2ee5bbe9042d8,440.0,1009.1,35.9,43.0
6744,1723816334710,abc0d16aaf15b3a4ee2e561195dfd82ab260497412e326bb57f2ee5bbe9042d8,425.0,1009.2,34.8,43.0
6745,1723816934706,abc0d16aaf15b3a4ee2e561195dfd82ab260497412e326bb57f2ee5bbe9042d8,439.0,1009.0,34.8,44.0
6746,1723817534671,abc0d16aaf15b3a4ee2e561195dfd82ab260497412e326bb57f2ee5bbe9042d8,436.0,1009.0,36.9,42.0
6747,1723818134657,abc0d16aaf15b3a4ee2e561195dfd82ab260497412e326bb57f2ee5bbe9042d8,436.0,1009.1,36.3,42.0
6748,1723818734630,abc0d16aaf15b3a4ee2e561195dfd82ab260497412e326bb57f2ee5bbe9042d8,433.0,1008.8,35.0,43.0
6749,1723819334621,abc0d16aaf15b3a4ee2e561195dfd82ab260497412e326bb57f2ee5bbe9042d8,428.0,1008.6,35.1,42.0
6750,1723819934561,abc0d16aaf15b3a4ee2e561195dfd82ab260497412e326bb57f2ee5bbe9042d8,442.0,1009.0,33.6,42.0
6751,1723820534548,abc0d16aaf15b3a4ee2e561195dfd82ab260497412e326bb57f2ee5bbe9042d8,451.0,1008.9,32.8,44.0
6752,1723821134514,abc0d16aaf15b3a4ee2e561195dfd82ab260497412e326bb57f2ee5bbe9042d8,429.0,1008.8,32.2,46.0
6753,1723821734520,abc0d16aaf15b3a4ee2e561195dfd82ab260497412e326bb57f2ee5bbe9042d8,441.0,1009.0,31.8,46.0
6754,1723822334472,abc0d16aaf15b3a4ee2e561195dfd82ab260497412e326bb57f2ee5bbe9042d8,447.0,1009.0,31.4,47.0
6755,1723822934458,abc0d16aaf15b3a4ee2e561195dfd82ab260497412e326bb57f2ee5bbe9042d8,439.0,1009.0,31.2,49.0
6756,1723823534409,abc0d16aaf15b3a4ee2e561195dfd82ab260497412e326bb57f2ee5bbe9042d8,445.0,1009.1,31.1,49.0
6757,1723824134388,abc0d16aaf15b3a4ee2e561195dfd82ab260497412e326bb57f2ee5bbe9042d8,444.0,1009.0,31.3,51.0
6758,1723824734338,abc0d16aaf15b3a4ee2e561195dfd82ab260497412e326bb57f2ee5bbe9042d8,450.0,1008.9,31.3,52.0
6759,1723825334328,abc0d16aaf15b3a4ee2e561195dfd82ab260497412e326bb57f2ee5bbe9042d8,447.0,1008.7,31.5,52.0
6760,1723825934310,abc0d16aaf15b3a4ee2e561195dfd82ab260497412e326bb57f2ee5bbe9042d8,439.0,1008.5,31.6,52.0
6761,1723826534290,abc0d16aaf15b3a4ee2e561195dfd82ab260497412e326bb57f2ee5bbe9042d8,468.0,1008.4,31.2,53.0
6762,1723827134294,abc0d16aaf15b3a4ee2e561195dfd82ab260497412e326bb57f2ee5bbe9042d8,456.0,1008.5,31.1,53.0
6763,1723827734220,abc0d16aaf15b3a4ee2e561195dfd82ab260497412e326bb57f2ee5bbe9042d8,438.0,1008.5,30.7,53.0
6764,1723828334200,abc0d16aaf15b3a4ee2e561195dfd82ab260497412e326bb57f2ee5bbe9042d8,443.0,1008.5,30.3,52.0
6765,1723828934169,abc0d16aaf15b3a4ee2e561195dfd82ab260497412e326bb57f2ee5bbe9042d8,448.0,1008.7,30.0,52.0
6766,1723829534142,abc0d16aaf15b3a4ee2e561195dfd82ab260497412e326bb57f2ee5bbe9042d8,472.0,1008.7,29.6,55.0
6767,1723830134110,abc0d16aaf15b3a4ee2e561195dfd82ab260497412e326bb57f2ee5bbe9042d8,473.0,1008.7,29.0,60.0
6768,1723830734071,abc0d16aaf15b3a4ee2e561195dfd82ab260497412e326bb57f2ee5bbe9042d8,481.0,1008.8,28.7,60.0
6769,1723831334098,abc0d16aaf15b3a4ee2e561195dfd82ab260497412e326bb57f2ee5bbe9042d8,468.0,1008.7,28.1,64.0
6770,1723831934048,abc0d16aaf15b3a4ee2e561195dfd82ab260497412e326bb57f2ee5bbe9042d8,455.0,1008.6,27.6,66.0
6771,1723832534001,abc0d16aaf15b3a4ee2e561195dfd82ab260497412e326bb57f2ee5bbe9042d8,462.0,1008.6,27.0,66.0
6772,1723833133972,abc0d16aaf15b3a4ee2e561195dfd82ab260497412e326bb57f2ee5bbe9042d8,480.0,1008.6,26.4,68.0
6773,1723833733953,abc0d16aaf15b3a4ee2e561195dfd82ab260497412e326bb57f2ee5bbe9042d8,490.0,1008.8,26.0,69.0
6774,1723834333921,abc0d16aaf15b3a4ee2e561195dfd82ab260497412e326bb57f2ee5bbe9042d8,501.0,1008.9,25.7,69.0
6775,1723834933870,abc0d16aaf15b3a4ee2e561195dfd82ab260497412e326bb57f2ee5bbe9042d8,551.0,1009.0,25.3,71.0
6776,1723835533831,abc0d16aaf15b3a4ee2e561195dfd82ab260497412e326bb57f2ee5bbe9042d8,539.0,1009.3,24.6,75.0
6777,1723836133820,abc0d16aaf15b3a4ee2e561195dfd82ab260497412e326bb57f2ee5bbe9042d8,503.0,1009.5,24.2,75.0
6778,1723836733809,abc0d16aaf15b3a4ee2e561195dfd82ab260497412e326bb57f2ee5bbe9042d8,508.0,1009.6,24.2,76.0
6779,1723837333779,abc0d16aaf15b3a4ee2e561195dfd82ab260497412e326bb57f2ee5bbe9042d8,510.0,1009.5,24.2,75.0
6780,1723837933738,abc0d16aaf15b3a4ee2e561195dfd82ab260497412e326bb57f2ee5bbe9042d8,490.0,1009.6,24.2,75.0
6781,1723838533681,abc0d16aaf15b3a4ee2e561195dfd82ab260497412e326bb57f2ee5bbe9042d8,475.0,1009.6,24.0,75.0
6782,1723839133681,abc0d16aaf15b3a4ee2e561195dfd82ab260497412e326bb57f2ee5bbe9042d8,483.0,1009.8,24.0,75.0
6783,1723839733632,abc0d16aaf15b3a4ee2e561195dfd82ab260497412e326bb57f2ee5bbe9042d8,500.0,1009.8,24.0,75.0
6784,1723840333619,abc0d16aaf15b3a4ee2e561195dfd82ab260497412e326bb57f2ee5bbe9042d8,484.0,1009.8,24.0,75.0
6785,1723840933559,abc0d16aaf15b3a4ee2e561195dfd82ab260497412e326bb57f2ee5bbe9042d8,504.0,1009.9,23.9,77.0
6786,1723841533565,abc0d16aaf15b3a4ee2e561195dfd82ab260497412e326bb57f2ee5bbe9042d8,493.0,1009.9,23.7,77.0
6787,1723842133516,abc0d16aaf15b3a4ee2e561195dfd82ab260497412e326bb57f2ee5bbe9042d8,488.0,1009.9,23.6,78.0
6788,1723842733510,abc0d16aaf15b3a4ee2e561195dfd82ab260497412e326bb57f2ee5bbe9042d8,481.0,1009.8,23.4,78.0
6789,1723843333471,abc0d16aaf15b3a4ee2e561195dfd82ab260497412e326bb57f2ee5bbe9042d8,489.0,1009.8,23.2,78.0
6790,1723843933451,abc0d16aaf15b3a4ee2e561195dfd82ab260497412e326bb57f2ee5bbe9042d8,474.0,1009.9,23.2,81.0
6791,1723844533431,abc0d16aaf15b3a4ee2e561195dfd82ab260497412e326bb57f2ee5bbe9042d8,489.0,1009.9,23.1,82.0
6792,1723845133385,abc0d16aaf15b3a4ee2e561195dfd82ab260497412e326bb57f2ee5bbe9042d8,475.0,1009.9,23.0,82.0
6793,1723845733357,abc0d16aaf15b3a4ee2e561195dfd82ab260497412e326bb57f2ee5bbe9042d8,486.0,1010.0,22.6,82.0
6794,1723846333369,abc0d16aaf15b3a4ee2e561195dfd82ab260497412e326bb57f2ee5bbe9042d8,518.0,1009.9,22.3,83.0
6795,1723846933287,abc0d16aaf15b3a4ee2e561195dfd82ab260497412e326bb57f2ee5bbe9042d8,507.0,1010.0,22.1,83.0
6796,1723847533284,abc0d16aaf15b3a4ee2e561195dfd82ab260497412e326bb57f2ee5bbe9042d8,514.0,1009.9,21.8,85.0
6797,1723848133263,abc0d16aaf15b3a4ee2e561195dfd82ab260497412e326bb57f2ee5bbe9042d8,531.0,1009.9,21.6,85.0
6798,1723848733204,abc0d16aaf15b3a4ee2e561195dfd82ab260497412e326bb57f2ee5bbe9042d8,529.0,1009.9,21.3,85.0
6799,1723849333198,abc0d16aaf15b3a4ee2e561195dfd82ab260497412e326bb57f2ee5bbe9042d8,500.0,1009.9,21.3,84.0
6800,1723849933158,abc0d16aaf15b3a4ee2e561195dfd82ab260497412e326bb57f2ee5bbe9042d8,505.0,1009.9,21.4,86.0
6801,1723850533111,abc0d16aaf15b3a4ee2e561195dfd82ab260497412e326bb57f2ee5bbe9042d8,492.0,1009.9,21.2,86.0
6802,1723851133107,abc0d16aaf15b3a4ee2e561195dfd82ab260497412e326bb57f2ee5bbe9042d8,507.0,1010.0,20.9,89.0
6803,1723851733091,abc0d16aaf15b3a4ee2e561195dfd82ab260497412e326bb57f2ee5bbe9042d8,524.0,1009.9,20.6,90.0
6804,1723852333029,abc0d16aaf15b3a4ee2e561195dfd82ab260497412e326bb57f2ee5bbe9042d8,521.0,1009.8,20.3,90.0
6805,1723852932998,abc0d16aaf15b3a4ee2e561195dfd82ab260497412e326bb57f2ee5bbe9042d8,493.0,1009.7,20.4,87.0
6806,1723853532968,abc0d16aaf15b3a4ee2e561195dfd82ab260497412e326bb57f2ee5bbe9042d8,505.0,1009.6,20.7,84.0
6807,1723854132945,abc0d16aaf15b3a4ee2e561195dfd82ab260497412e326bb57f2ee5bbe9042d8,499.0,1009.4,20.9,84.0
6808,1723854732933,abc0d16aaf15b3a4ee2e561195dfd82ab260497412e326bb57f2ee5bbe9042d8,509.0,1009.4,20.7,83.0
6809,1723855332923,abc0d16aaf15b3a4ee2e561195dfd82ab260497412e326bb57f2ee5bbe9042d8,526.0,1009.3,20.5,84.0
6810,1723855932855,abc0d16aaf15b3a4ee2e561195dfd82ab260497412e326bb57f2ee5bbe9042d8,526.0,1009.3,20.4,84.0
6811,1723856532824,abc0d16aaf15b3a4ee2e561195dfd82ab260497412e326bb57f2ee5bbe9042d8,511.0,1009.3,20.6,81.0
6812,1723857132805,abc0d16aaf15b3a4ee2e561195dfd82ab260497412e326bb57f2ee5bbe9042d8,509.0,1009.2,20.4,82.0
6813,1723857732793,abc0d16aaf15b3a4ee2e561195dfd82ab260497412e326bb57f2ee5bbe9042d8,546.0,1009.2,20.3,82.0
6814,1723858332760,abc0d16aaf15b3a4ee2e561195dfd82ab260497412e326bb57f2ee5bbe9042d8,520.0,1009.3,20.4,80.0
6815,1723858932736,abc0d16aaf15b3a4ee2e561195dfd82ab260497412e326bb57f2ee5bbe9042d8,512.0,1009.2,20.5,80.0
6816,1723859532696,abc0d16aaf15b3a4ee2e561195dfd82ab260497412e326bb57f2ee5bbe9042d8,511.0,1009.1,20.8,80.0
6817,1723860132659,abc0d16aaf15b3a4ee2e561195dfd82ab260497412e326bb57f2ee5bbe9042d8,507.0,1009.0,20.7,80.0
6818,1723860732647,abc0d16aaf15b3a4ee2e561195dfd82ab260497412e326bb57f2ee5bbe9042d8,502.0,1008.9,20.6,81.0
6819,1723861332608,abc0d16aaf15b3a4ee2e561195dfd82ab260497412e326bb57f2ee5bbe9042d8,521.0,1009.0,20.4,81.0
6820,1723861932577,abc0d16aaf15b3a4ee2e561195dfd82ab260497412e326bb57f2ee5bbe9042d8,539.0,1008.9,20.0,84.0
6821,1723862532568,abc0d16aaf15b3a4ee2e561195dfd82ab260497412e326bb57f2ee5bbe9042d8,512.0,1009.0,19.8,86.0
6822,1723863132514,abc0d16aaf15b3a4ee2e561195dfd82ab260497412e326bb57f2ee5bbe9042d8,535.0,1009.1,19.6,86.0
6823,1723863732490,abc0d16aaf15b3a4ee2e561195dfd82ab260497412e326bb57f2ee5bbe9042d8,521.0,1009.1,19.6,85.0
6824,1723864332462,abc0d16aaf15b3a4ee2e561195dfd82ab260497412e326bb57f2ee5bbe9042d8,541.0,1009.1,19.2,85.0
6825,1723864932436,abc0d16aaf15b3a4ee2e561195dfd82ab260497412e326bb57f2ee5bbe9042d8,514.0,1008.9,19.8,85.0
6826,1723865532423,abc0d16aaf15b3a4ee2e561195dfd82ab260497412e326bb57f2ee5bbe9042d8,491.0,1008.9,20.4,80.0
6827,1723866132396,abc0d16aaf15b3a4ee2e561195dfd82ab260497412e326bb57f2ee5bbe9042d8,491.0,1008.9,20.9,78.0
6828,1723866732347,abc0d16aaf15b3a4ee2e561195dfd82ab260497412e326bb57f2ee5bbe9042d8,500.0,1008.9,20.9,78.0
6829,1723867332294,abc0d16aaf15b3a4ee2e561195dfd82ab260497412e326bb57f2ee5bbe9042d8,494.0,1008.9,20.9,77.0
6830,1723867932308,abc0d16aaf15b3a4ee2e561195dfd82ab260497412e326bb57f2ee5bbe9042d8,501.0,1008.9,21.0,77.0
6831,1723868532260,abc0d16aaf15b3a4ee2e561195dfd82ab260497412e326bb57f2ee5bbe9042d8,500.0,1008.8,21.1,77.0
6832,1723869132247,abc0d16aaf15b3a4ee2e561195dfd82ab260497412e326bb57f2ee5bbe9042d8,495.0,1008.9,21.4,78.0
6833,1723869732222,abc0d16aaf15b3a4ee2e561195dfd82ab260497412e326bb57f2ee5bbe9042d8,508.0,1009.0,21.7,77.0
6834,1723870332172,abc0d16aaf15b3a4ee2e561195dfd82ab260497412e326bb57f2ee5bbe9042d8,484.0,1008.9,21.9,77.0
6835,1723870932134,abc0d16aaf15b3a4ee2e561195dfd82ab260497412e326bb57f2ee5bbe9042d8,503.0,1008.9,22.0,76.0
6836,1723871533834,abc0d16aaf15b3a4ee2e561195dfd82ab260497412e326bb57f2ee5bbe9042d8,492.0,1008.8,22.1,76.0
6837,1723872132084,abc0d16aaf15b3a4ee2e561195dfd82ab260497412e326bb57f2ee5bbe9042d8,510.0,1008.7,22.1,76.0
6838,1723872732078,abc0d16aaf15b3a4ee2e561195dfd82ab260497412e326bb57f2ee5bbe9042d8,502.0,1008.6,22.3,76.0
6839,1723873332053,abc0d16aaf15b3a4ee2e561195dfd82ab260497412e326bb57f2ee5bbe9042d8,502.0,1008.7,22.5,77.0
6840,1723873931999,abc0d16aaf15b3a4ee2e561195dfd82ab260497412e326bb57f2ee5bbe9042d8,481.0,1008.6,23.4,77.0
6841,1723874531962,abc0d16aaf15b3a4ee2e561195dfd82ab260497412e326bb57f2ee5bbe9042d8,473.0,1008.7,25.5,73.0
6842,1723875131964,abc0d16aaf15b3a4ee2e561195dfd82ab260497412e326bb57f2ee5bbe9042d8,490.0,1008.5,26.9,70.0
6843,1723875731895,abc0d16aaf15b3a4ee2e561195dfd82ab260497412e326bb57f2ee5bbe9042d8,487.0,1008.6,27.5,70.0
6844,1723876331905,abc0d16aaf15b3a4ee2e561195dfd82ab260497412e326bb57f2ee5bbe9042d8,491.0,1008.6,26.2,69.0
6845,1723876931881,abc0d16aaf15b3a4ee2e561195dfd82ab260497412e326bb57f2ee5bbe9042d8,473.0,1008.7,25.8,68.0
6846,1723877531822,abc0d16aaf15b3a4ee2e561195dfd82ab260497412e326bb57f2ee5bbe9042d8,487.0,1008.8,25.7,68.0
6847,1723878131790,abc0d16aaf15b3a4ee2e561195dfd82ab260497412e326bb57f2ee5bbe9042d8,494.0,1008.7,25.9,69.0
6848,1723878731789,abc0d16aaf15b3a4ee2e561195dfd82ab260497412e326bb57f2ee5bbe9042d8,475.0,1008.6,26.3,68.0
6849,1723879331712,abc0d16aaf15b3a4ee2e561195dfd82ab260497412e326bb57f2ee5bbe9042d8,468.0,1008.6,28.1,68.0
6850,1723879931727,abc0d16aaf15b3a4ee2e561195dfd82ab260497412e326bb57f2ee5bbe9042d8,472.0,1008.5,28.0,65.0
6851,1723880531710,abc0d16aaf15b3a4ee2e561195dfd82ab260497412e326bb57f2ee5bbe9042d8,478.0,1008.5,27.7,65.0
6852,1723881131654,abc0d16aaf15b3a4ee2e561195dfd82ab260497412e326bb57f2ee5bbe9042d8,477.0,1008.5,29.3,65.0
6853,1723881731618,abc0d16aaf15b3a4ee2e561195dfd82ab260497412e326bb57f2ee5bbe9042d8,467.0,1008.5,30.0,62.0
6854,1723882331592,abc0d16aaf15b3a4ee2e561195dfd82ab260497412e326bb57f2ee5bbe9042d8,455.0,1008.4,30.4,60.0
6855,1723882931564,abc0d16aaf15b3a4ee2e561195dfd82ab260497412e326bb57f2ee5bbe9042d8,441.0,1008.4,31.7,60.0
6856,1723883531523,abc0d16aaf15b3a4ee2e561195dfd82ab260497412e326bb57f2ee5bbe9042d8,461.0,1008.2,32.2,56.0
6857,1723884131535,abc0d16aaf15b3a4ee2e561195dfd82ab260497412e326bb57f2ee5bbe9042d8,445.0,1008.1,33.5,51.0
6858,1723884731488,abc0d16aaf15b3a4ee2e561195dfd82ab260497412e326bb57f2ee5bbe9042d8,455.0,1008.0,34.6,51.0
6859,1723885331441,abc0d16aaf15b3a4ee2e561195dfd82ab260497412e326bb57f2ee5bbe9042d8,472.0,1007.9,33.3,51.0
6860,1723885933151,abc0d16aaf15b3a4ee2e561195dfd82ab260497412e326bb57f2ee5bbe9042d8,465.0,1007.8,34.3,50.0
6861,1723886531424,abc0d16aaf15b3a4ee2e561195dfd82ab260497412e326bb57f2ee5bbe9042d8,465.0,1007.7,33.9,50.0
6862,1723887131390,abc0d16aaf15b3a4ee2e561195dfd82ab260497412e326bb57f2ee5bbe9042d8,473.0,1007.7,34.5,51.0
6863,1723887731335,abc0d16aaf15b3a4ee2e561195dfd82ab260497412e326bb57f2ee5bbe9042d8,458.0,1007.6,35.0,50.0
6864,1723888331343,abc0d16aaf15b3a4ee2e561195dfd82ab260497412e326bb57f2ee5bbe9042d8,453.0,1007.6,34.5,50.0
6865,1723888931295,abc0d16aaf15b3a4ee2e561195dfd82ab260497412e326bb57f2ee5bbe9042d8,459.0,1007.5,34.9,50.0
6866,1723889531295,abc0d16aaf15b3a4ee2e561195dfd82ab260497412e326bb57f2ee5bbe9042d8,463.0,1007.3,35.4,49.0
6867,1723890131266,abc0d16aaf15b3a4ee2e561195dfd82ab260497412e326bb57f2ee5bbe9042d8,452.0,1007.2,35.3,49.0
6868,1723890731228,abc0d16aaf15b3a4ee2e561195dfd82ab260497412e326bb57f2ee5bbe9042d8,462.0,1007.2,35.1,49.0
6869,1723891331222,abc0d16aaf15b3a4ee2e561195dfd82ab260497412e326bb57f2ee5bbe9042d8,456.0,1007.1,34.5,49.0
6870,1723891931184,abc0d16aaf15b3a4ee2e561195dfd82ab260497412e326bb57f2ee5bbe9042d8,451.0,1007.0,34.6,49.0
6871,1723892531136,abc0d16aaf15b3a4ee2e561195dfd82ab260497412e326bb57f2ee5bbe9042d8,453.0,1006.9,34.5,48.0
6872,1723893131115,abc0d16aaf15b3a4ee2e561195dfd82ab260497412e326bb57f2ee5bbe9042d8,435.0,1006.7,35.0,48.0
6873,1723893731101,abc0d16aaf15b3a4ee2e561195dfd82ab260497412e326bb57f2ee5bbe9042d8,458.0,1006.7,35.0,48.0
6874,1723894331103,abc0d16aaf15b3a4ee2e561195dfd82ab260497412e326bb57f2ee5bbe9042d8,432.0,1006.5,35.4,47.0
6875,1723894931079,abc0d16aaf15b3a4ee2e561195dfd82ab260497412e326bb57f2ee5bbe9042d8,445.0,1006.2,35.7,47.0
6876,1723895531022,abc0d16aaf15b3a4ee2e561195dfd82ab260497412e326bb57f2ee5bbe9042d8,425.0,1005.9,35.8,47.0
6877,1723896131010,abc0d16aaf15b3a4ee2e561195dfd82ab260497412e326bb57f2ee5bbe9042d8,437.0,1005.6,36.2,46.0
6878,1723896730998,abc0d16aaf15b3a4ee2e561195dfd82ab260497412e326bb57f2ee5bbe9042d8,442.0,1005.6,36.1,45.0
6879,1723897330973,abc0d16aaf15b3a4ee2e561195dfd82ab260497412e326bb57f2ee5bbe9042d8,439.0,1005.5,36.4,45.0
6880,1723897930960,abc0d16aaf15b3a4ee2e561195dfd82ab260497412e326bb57f2ee5bbe9042d8,446.0,1006.0,34.1,52.0
6881,1723898530948,abc0d16aaf15b3a4ee2e561195dfd82ab260497412e326bb57f2ee5bbe9042d8,443.0,1006.7,27.8,78.0
6882,1723899130896,abc0d16aaf15b3a4ee2e561195dfd82ab260497412e326bb57f2ee5bbe9042d8,424.0,1006.7,21.9,78.0
6883,1723899730852,abc0d16aaf15b3a4ee2e561195dfd82ab260497412e326bb57f2ee5bbe9042d8,441.0,1007.8,19.7,97.0
6884,1723900330840,abc0d16aaf15b3a4ee2e561195dfd82ab260497412e326bb57f2ee5bbe9042d8,451.0,1007.8,20.5,100.0
6885,1723900930796,abc0d16aaf15b3a4ee2e561195dfd82ab260497412e326bb57f2ee5bbe9042d8,452.0,1007.8,20.7,100.0
6886,1723901530827,abc0d16aaf15b3a4ee2e561195dfd82ab260497412e326bb57f2ee5bbe9042d8,443.0,1007.8,20.7,100.0
6887,1723902130762,abc0d16aaf15b3a4ee2e561195dfd82ab260497412e326bb57f2ee5bbe9042d8,446.0,1007.5,20.9,100.0
6888,1723902730710,abc0d16aaf15b3a4ee2e561195dfd82ab260497412e326bb57f2ee5bbe9042d8,444.0,1007.5,21.4,100.0
6889,1723903330679,abc0d16aaf15b3a4ee2e561195dfd82ab260497412e326bb57f2ee5bbe9042d8,464.0,1007.3,21.5,100.0
6890,1723903930662,abc0d16aaf15b3a4ee2e561195dfd82ab260497412e326bb57f2ee5bbe9042d8,461.0,1007.3,21.6,100.0
6891,1723904530623,abc0d16aaf15b3a4ee2e561195dfd82ab260497412e326bb57f2ee5bbe9042d8,455.0,1007.2,22.0,100.0
6892,1723905130612,abc0d16aaf15b3a4ee2e561195dfd82ab260497412e326bb57f2ee5bbe9042d8,457.0,1007.0,22.3,100.0
6893,1723905730604,abc0d16aaf15b3a4ee2e561195dfd82ab260497412e326bb57f2ee5bbe9042d8,453.0,1006.9,22.6,100.0
6894,1723906330537,abc0d16aaf15b3a4ee2e561195dfd82ab260497412e326bb57f2ee5bbe9042d8,458.0,1006.9,22.9,100.0
6895,1723906930504,abc0d16aaf15b3a4ee2e561195dfd82ab260497412e326bb57f2ee5bbe9042d8,447.0,1006.6,23.1,100.0
6896,1723907530492,abc0d16aaf15b3a4ee2e561195dfd82ab260497412e326bb57f2ee5bbe9042d8,439.0,1006.4,23.6,100.0
6897,1723908130456,abc0d16aaf15b3a4ee2e561195dfd82ab260497412e326bb57f2ee5bbe9042d8,446.0,1006.2,24.1,100.0
6898,1723908730441,abc0d16aaf15b3a4ee2e561195dfd82ab260497412e326bb57f2ee5bbe9042d8,433.0,1006.1,24.9,100.0
6899,1723909330419,abc0d16aaf15b3a4ee2e561195dfd82ab260497412e326bb57f2ee5bbe9042d8,452.0,1005.8,25.5,90.0
6900,1723909930362,abc0d16aaf15b3a4ee2e561195dfd82ab260497412e326bb57f2ee5bbe9042d8,426.0,1005.7,26.6,90.0
6901,1723910530329,abc0d16aaf15b3a4ee2e561195dfd82ab260497412e326bb57f2ee5bbe9042d8,423.0,1005.5,28.4,76.0
6902,1723911130327,abc0d16aaf15b3a4ee2e561195dfd82ab260497412e326bb57f2ee5bbe9042d8,433.0,1005.3,30.3,71.0
6903,1723911730278,abc0d16aaf15b3a4ee2e561195dfd82ab260497412e326bb57f2ee5bbe9042d8,460.0,1005.2,30.3,71.0
6904,1723912930251,abc0d16aaf15b3a4ee2e561195dfd82ab260497412e326bb57f2ee5bbe9042d8,456.0,1004.8,31.3,67.0
6905,1723913530186,abc0d16aaf15b3a4ee2e561195dfd82ab260497412e326bb57f2ee5bbe9042d8,418.0,1004.7,31.4,67.0
6906,1723914130160,abc0d16aaf15b3a4ee2e561195dfd82ab260497412e326bb57f2ee5bbe9042d8,432.0,1004.5,29.6,68.0
6907,1723914730156,abc0d16aaf15b3a4ee2e561195dfd82ab260497412e326bb57f2ee5bbe9042d8,429.0,1004.4,31.2,69.0
6908,1723915330118,abc0d16aaf15b3a4ee2e561195dfd82ab260497412e326bb57f2ee5bbe9042d8,452.0,1004.3,31.7,69.0
6909,1723915930104,abc0d16aaf15b3a4ee2e561195dfd82ab260497412e326bb57f2ee5bbe9042d8,462.0,1004.3,31.5,68.0
6910,1723916530066,abc0d16aaf15b3a4ee2e561195dfd82ab260497412e326bb57f2ee5bbe9042d8,447.0,1004.3,31.1,71.0
6911,1723917130027,abc0d16aaf15b3a4ee2e561195dfd82ab260497412e326bb57f2ee5bbe9042d8,463.0,1004.2,30.3,71.0
6912,1723917731704,abc0d16aaf15b3a4ee2e561195dfd82ab260497412e326bb57f2ee5bbe9042d8,576.0,1004.2,29.0,79.0
6913,1723918329992,abc0d16aaf15b3a4ee2e561195dfd82ab260497412e326bb57f2ee5bbe9042d8,571.0,1004.3,27.1,81.0
6914,1723918929946,abc0d16aaf15b3a4ee2e561195dfd82ab260497412e326bb57f2ee5bbe9042d8,579.0,1004.4,25.6,81.0
6915,1723919529891,abc0d16aaf15b3a4ee2e561195dfd82ab260497412e326bb57f2ee5bbe9042d8,534.0,1004.5,24.5,87.0
6916,1723920129914,abc0d16aaf15b3a4ee2e561195dfd82ab260497412e326bb57f2ee5bbe9042d8,556.0,1004.6,23.7,93.0
6917,1723920729837,abc0d16aaf15b3a4ee2e561195dfd82ab260497412e326bb57f2ee5bbe9042d8,599.0,1004.7,23.3,93.0
6918,1723921329822,abc0d16aaf15b3a4ee2e561195dfd82ab260497412e326bb57f2ee5bbe9042d8,682.0,1004.9,22.9,96.0
6919,1723921929805,abc0d16aaf15b3a4ee2e561195dfd82ab260497412e326bb57f2ee5bbe9042d8,745.0,1004.9,22.5,98.0
6920,1723922529779,abc0d16aaf15b3a4ee2e561195dfd82ab260497412e326bb57f2ee5bbe9042d8,671.0,1005.1,22.3,98.0
6921,1723923129758,abc0d16aaf15b3a4ee2e561195dfd82ab260497412e326bb57f2ee5bbe9042d8,517.0,1005.1,22.6,98.0
6922,1723923729722,abc0d16aaf15b3a4ee2e561195dfd82ab260497412e326bb57f2ee5bbe9042d8,563.0,1005.2,22.6,93.0
6923,1723924329679,abc0d16aaf15b3a4ee2e561195dfd82ab260497412e326bb57f2ee5bbe9042d8,522.0,1005.2,22.4,93.0
6924,1723924929647,abc0d16aaf15b3a4ee2e561195dfd82ab260497412e326bb57f2ee5bbe9042d8,547.0,1005.3,22.4,88.0
6925,1723925529630,abc0d16aaf15b3a4ee2e561195dfd82ab260497412e326bb57f2ee5bbe9042d8,505.0,1005.4,22.5,84.0
6926,1723926129608,abc0d16aaf15b3a4ee2e561195dfd82ab260497412e326bb57f2ee5bbe9042d8,494.0,1005.4,22.5,84.0
6927,1723926729578,abc0d16aaf15b3a4ee2e561195dfd82ab260497412e326bb57f2ee5bbe9042d8,525.0,1005.4,22.6,83.0
6928,1723927329561,abc0d16aaf15b3a4ee2e561195dfd82ab260497412e326bb57f2ee5bbe9042d8,495.0,1005.4,22.5,82.0
6929,1723927929501,abc0d16aaf15b3a4ee2e561195dfd82ab260497412e326bb57f2ee5bbe9042d8,499.0,1005.2,22.8,82.0
6930,1723928529494,abc0d16aaf15b3a4ee2e561195dfd82ab260497412e326bb57f2ee5bbe9042d8,504.0,1005.2,23.1,77.0
6931,1723929129445,abc0d16aaf15b3a4ee2e561195dfd82ab260497412e326bb57f2ee5bbe9042d8,479.0,1005.1,23.8,71.0
6932,1723929729419,abc0d16aaf15b3a4ee2e561195dfd82ab260497412e326bb57f2ee5bbe9042d8,477.0,1005.0,24.0,71.0
6933,1723930329409,abc0d16aaf15b3a4ee2e561195dfd82ab260497412e326bb57f2ee5bbe9042d8,480.0,1004.9,24.1,69.0
6934,1723930929372,abc0d16aaf15b3a4ee2e561195dfd82ab260497412e326bb57f2ee5bbe9042d8,486.0,1005.0,24.0,68.0
6935,1723931529394,abc0d16aaf15b3a4ee2e561195dfd82ab260497412e326bb57f2ee5bbe9042d8,458.0,1004.9,23.8,68.0
6936,1723932129299,abc0d16aaf15b3a4ee2e561195dfd82ab260497412e326bb57f2ee5bbe9042d8,498.0,1004.9,23.8,68.0
6937,1723932729291,abc0d16aaf15b3a4ee2e561195dfd82ab260497412e326bb57f2ee5bbe9042d8,470.0,1004.9,23.8,66.0
6938,1723933330963,abc0d16aaf15b3a4ee2e561195dfd82ab260497412e326bb57f2ee5bbe9042d8,479.0,1004.8,23.5,66.0
6939,1723933929238,abc0d16aaf15b3a4ee2e561195dfd82ab260497412e326bb57f2ee5bbe9042d8,470.0,1004.8,23.5,66.0
6940,1723934529210,abc0d16aaf15b3a4ee2e561195dfd82ab260497412e326bb57f2ee5bbe9042d8,486.0,1004.7,23.5,67.0
6941,1723935129164,abc0d16aaf15b3a4ee2e561195dfd82ab260497412e326bb57f2ee5bbe9042d8,471.0,1004.6,23.2,67.0
6942,1723935729103,abc0d16aaf15b3a4ee2e561195dfd82ab260497412e326bb57f2ee5bbe9042d8,455.0,1004.6,23.2,66.0
6943,1723936329119,abc0d16aaf15b3a4ee2e561195dfd82ab260497412e326bb57f2ee5bbe9042d8,480.0,1004.4,23.2,66.0
6944,1723936929074,abc0d16aaf15b3a4ee2e561195dfd82ab260497412e326bb57f2ee5bbe9042d8,475.0,1004.4,23.2,66.0
6945,1723937529062,abc0d16aaf15b3a4ee2e561195dfd82ab260497412e326bb57f2ee5bbe9042d8,459.0,1004.2,23.2,66.0
6946,1723938129052,abc0d16aaf15b3a4ee2e561195dfd82ab260497412e326bb57f2ee5bbe9042d8,474.0,1004.1,23.4,65.0
6947,1723938728973,abc0d16aaf15b3a4ee2e561195dfd82ab260497412e326bb57f2ee5bbe9042d8,459.0,1004.2,23.4,65.0
6948,1723939328961,abc0d16aaf15b3a4ee2e561195dfd82ab260497412e326bb57f2ee5bbe9042d8,473.0,1004.1,23.3,66.0
6949,1723939928903,abc0d16aaf15b3a4ee2e561195dfd82ab260497412e326bb57f2ee5bbe9042d8,470.0,1004.0,23.3,66.0
6950,1723940528905,abc0d16aaf15b3a4ee2e561195dfd82ab260497412e326bb57f2ee5bbe9042d8,481.0,1004.1,23.4,66.0
6951,1723941128880,abc0d16aaf15b3a4ee2e561195dfd82ab260497412e326bb57f2ee5bbe9042d8,487.0,1004.1,23.0,67.0
6952,1723941728860,abc0d16aaf15b3a4ee2e561195dfd82ab260497412e326bb57f2ee5bbe9042d8,492.0,1004.0,22.7,68.0
6953,1723942328817,abc0d16aaf15b3a4ee2e561195dfd82ab260497412e326bb57f2ee5bbe9042d8,485.0,1004.0,22.7,68.0
6954,1723942928793,abc0d16aaf15b3a4ee2e561195dfd82ab260497412e326bb57f2ee5bbe9042d8,504.0,1003.9,22.2,68.0
6955,1723943528768,abc0d16aaf15b3a4ee2e561195dfd82ab260497412e326bb57f2ee5bbe9042d8,539.0,1003.8,21.7,72.0
6956,1723944128728,abc0d16aaf15b3a4ee2e561195dfd82ab260497412e326bb57f2ee5bbe9042d8,557.0,1003.8,21.3,72.0
6957,1723944728714,abc0d16aaf15b3a4ee2e561195dfd82ab260497412e326bb57f2ee5bbe9042d8,554.0,1003.8,21.4,72.0
6958,1723945328722,abc0d16aaf15b3a4ee2e561195dfd82ab260497412e326bb57f2ee5bbe9042d8,545.0,1003.9,21.2,79.0
6959,1723945928642,abc0d16aaf15b3a4ee2e561195dfd82ab260497412e326bb57f2ee5bbe9042d8,557.0,1004.0,21.1,79.0
6960,1723946528600,abc0d16aaf15b3a4ee2e561195dfd82ab260497412e326bb57f2ee5bbe9042d8,560.0,1003.8,21.1,77.0
6961,1723947128600,abc0d16aaf15b3a4ee2e561195dfd82ab260497412e326bb57f2ee5bbe9042d8,555.0,1003.8,20.6,79.0
6962,1723947728562,abc0d16aaf15b3a4ee2e561195dfd82ab260497412e326bb57f2ee5bbe9042d8,571.0,1003.8,20.2,79.0
6963,1723948328522,abc0d16aaf15b3a4ee2e561195dfd82ab260497412e326bb57f2ee5bbe9042d8,554.0,1003.6,20.1,79.0
6964,1723948928514,abc0d16aaf15b3a4ee2e561195dfd82ab260497412e326bb57f2ee5bbe9042d8,591.0,1003.7,19.8,79.0
6965,1723949528464,abc0d16aaf15b3a4ee2e561195dfd82ab260497412e326bb57f2ee5bbe9042d8,585.0,1003.7,19.6,79.0
6966,1723950128431,abc0d16aaf15b3a4ee2e561195dfd82ab260497412e326bb57f2ee5bbe9042d8,656.0,1003.6,19.4,84.0
6967,1723950728468,abc0d16aaf15b3a4ee2e561195dfd82ab260497412e326bb57f2ee5bbe9042d8,612.0,1003.6,19.3,84.0
6968,1723951328378,abc0d16aaf15b3a4ee2e561195dfd82ab260497412e326bb57f2ee5bbe9042d8,539.0,1003.7,19.4,84.0
6969,1723951928362,abc0d16aaf15b3a4ee2e561195dfd82ab260497412e326bb57f2ee5bbe9042d8,589.0,1003.5,19.8,83.0
6970,1723952528345,abc0d16aaf15b3a4ee2e561195dfd82ab260497412e326bb57f2ee5bbe9042d8,589.0,1003.4,19.7,85.0
6971,1723953128294,abc0d16aaf15b3a4ee2e561195dfd82ab260497412e326bb57f2ee5bbe9042d8,618.0,1003.4,19.6,85.0
6972,1723953728325,abc0d16aaf15b3a4ee2e561195dfd82ab260497412e326bb57f2ee5bbe9042d8,600.0,1003.4,19.9,84.0
6973,1723954328250,abc0d16aaf15b3a4ee2e561195dfd82ab260497412e326bb57f2ee5bbe9042d8,530.0,1003.3,20.7,80.0
6974,1723954928225,abc0d16aaf15b3a4ee2e561195dfd82ab260497412e326bb57f2ee5bbe9042d8,536.0,1003.3,20.8,80.0
6975,1723955528194,abc0d16aaf15b3a4ee2e561195dfd82ab260497412e326bb57f2ee5bbe9042d8,597.0,1003.3,20.8,84.0
6976,1723956128190,abc0d16aaf15b3a4ee2e561195dfd82ab260497412e326bb57f2ee5bbe9042d8,575.0,1003.4,20.9,87.0
6977,1723956728111,abc0d16aaf15b3a4ee2e561195dfd82ab260497412e326bb57f2ee5bbe9042d8,525.0,1003.6,21.3,87.0
6978,1723957328137,abc0d16aaf15b3a4ee2e561195dfd82ab260497412e326bb57f2ee5bbe9042d8,541.0,1003.6,21.9,82.0
6979,1723957928106,abc0d16aaf15b3a4ee2e561195dfd82ab260497412e326bb57f2ee5bbe9042d8,545.0,1003.6,22.0,82.0
6980,1723958528037,abc0d16aaf15b3a4ee2e561195dfd82ab260497412e326bb57f2ee5bbe9042d8,527.0,1003.7,22.0,82.0
6981,1723959128033,abc0d16aaf15b3a4ee2e561195dfd82ab260497412e326bb57f2ee5bbe9042d8,500.0,1004.1,21.6,87.0
6982,1723959727995,abc0d16aaf15b3a4ee2e561195dfd82ab260497412e326bb57f2ee5bbe9042d8,519.0,1003.8,21.1,92.0
6983,1723960327933,abc0d16aaf15b3a4ee2e561195dfd82ab260497412e326bb57f2ee5bbe9042d8,518.0,1003.7,21.0,92.0
6984,1723960927937,abc0d16aaf15b3a4ee2e561195dfd82ab260497412e326bb57f2ee5bbe9042d8,506.0,1003.5,21.1,97.0
6985,1723961527896,abc0d16aaf15b3a4ee2e561195dfd82ab260497412e326bb57f2ee5bbe9042d8,520.0,1003.5,21.2,100.0
6986,1723962127874,abc0d16aaf15b3a4ee2e561195dfd82ab260497412e326bb57f2ee5bbe9042d8,534.0,1003.8,21.3,100.0
6987,1723962727857,abc0d16aaf15b3a4ee2e561195dfd82ab260497412e326bb57f2ee5bbe9042d8,518.0,1004.1,21.4,100.0
6988,1723963327833,abc0d16aaf15b3a4ee2e561195dfd82ab260497412e326bb57f2ee5bbe9042d8,494.0,1003.9,21.5,100.0
6989,1723963927763,abc0d16aaf15b3a4ee2e561195dfd82ab260497412e326bb57f2ee5bbe9042d8,514.0,1003.6,21.4,100.0
6990,1723964527770,abc0d16aaf15b3a4ee2e561195dfd82ab260497412e326bb57f2ee5bbe9042d8,510.0,1003.7,21.5,100.0
6991,1723965127727,abc0d16aaf15b3a4ee2e561195dfd82ab260497412e326bb57f2ee5bbe9042d8,508.0,1003.8,21.6,100.0
6992,1723965727694,abc0d16aaf15b3a4ee2e561195dfd82ab260497412e326bb57f2ee5bbe9042d8,505.0,1003.4,21.4,100.0
6993,1723966327683,abc0d16aaf15b3a4ee2e561195dfd82ab260497412e326bb57f2ee5bbe9042d8,504.0,1003.3,21.6,100.0
6994,1723966927654,abc0d16aaf15b3a4ee2e561195dfd82ab260497412e326bb57f2ee5bbe9042d8,508.0,1003.4,21.7,100.0
6995,1723967527590,abc0d16aaf15b3a4ee2e561195dfd82ab260497412e326bb57f2ee5bbe9042d8,497.0,1003.7,21.8,100.0
6996,1723968127581,abc0d16aaf15b3a4ee2e561195dfd82ab260497412e326bb57f2ee5bbe9042d8,510.0,1003.7,22.1,100.0
6997,1723968727543,abc0d16aaf15b3a4ee2e561195dfd82ab260497412e326bb57f2ee5bbe9042d8,522.0,1003.6,22.6,100.0
6998,1723969327513,abc0d16aaf15b3a4ee2e561195dfd82ab260497412e326bb57f2ee5bbe9042d8,494.0,1003.6,22.9,100.0
6999,1723969927512,abc0d16aaf15b3a4ee2e561195dfd82ab260497412e326bb57f2ee5bbe9042d8,484.0,1003.4,23.4,100.0
7000,1723970527471,abc0d16aaf15b3a4ee2e561195dfd82ab260497412e326bb57f2ee5bbe9042d8,502.0,1003.6,23.7,100.0
7001,1723971127410,abc0d16aaf15b3a4ee2e561195dfd82ab260497412e326bb57f2ee5bbe9042d8,488.0,1003.7,24.0,100.0
7002,1723971727405,abc0d16aaf15b3a4ee2e561195dfd82ab260497412e326bb57f2ee5bbe9042d8,481.0,1003.7,24.4,100.0
7003,1723972327391,abc0d16aaf15b3a4ee2e561195dfd82ab260497412e326bb57f2ee5bbe9042d8,493.0,1003.6,25.3,97.0
7004,1723972927332,abc0d16aaf15b3a4ee2e561195dfd82ab260497412e326bb57f2ee5bbe9042d8,485.0,1003.7,25.4,97.0
7005,1723973527326,abc0d16aaf15b3a4ee2e561195dfd82ab260497412e326bb57f2ee5bbe9042d8,465.0,1003.9,25.2,92.0
7006,1723974129006,abc0d16aaf15b3a4ee2e561195dfd82ab260497412e326bb57f2ee5bbe9042d8,498.0,1003.9,25.0,91.0
7007,1723974727241,abc0d16aaf15b3a4ee2e561195dfd82ab260497412e326bb57f2ee5bbe9042d8,489.0,1003.8,24.4,91.0
7008,1723975327242,abc0d16aaf15b3a4ee2e561195dfd82ab260497412e326bb57f2ee5bbe9042d8,482.0,1003.6,24.0,91.0
7009,1723975927217,abc0d16aaf15b3a4ee2e561195dfd82ab260497412e326bb57f2ee5bbe9042d8,495.0,1003.2,23.8,95.0
7010,1723976527167,abc0d16aaf15b3a4ee2e561195dfd82ab260497412e326bb57f2ee5bbe9042d8,494.0,1003.2,23.7,95.0
7011,1723977127145,abc0d16aaf15b3a4ee2e561195dfd82ab260497412e326bb57f2ee5bbe9042d8,498.0,1003.3,23.6,96.0
7012,1723977727123,abc0d16aaf15b3a4ee2e561195dfd82ab260497412e326bb57f2ee5bbe9042d8,482.0,1003.5,23.8,96.0
7013,1723978327067,abc0d16aaf15b3a4ee2e561195dfd82ab260497412e326bb57f2ee5bbe9042d8,499.0,1003.5,24.0,96.0
7014,1723978927054,abc0d16aaf15b3a4ee2e561195dfd82ab260497412e326bb57f2ee5bbe9042d8,469.0,1003.2,24.2,97.0
7015,1723979528743,abc0d16aaf15b3a4ee2e561195dfd82ab260497412e326bb57f2ee5bbe9042d8,475.0,1003.0,24.6,96.0
7016,1723980126981,abc0d16aaf15b3a4ee2e561195dfd82ab260497412e326bb57f2ee5bbe9042d8,479.0,1002.9,25.0,96.0
7017,1723980726971,abc0d16aaf15b3a4ee2e561195dfd82ab260497412e326bb57f2ee5bbe9042d8,461.0,1003.0,25.5,93.0
7018,1723981326952,abc0d16aaf15b3a4ee2e561195dfd82ab260497412e326bb57f2ee5bbe9042d8,489.0,1003.0,25.4,92.0
7019,1723981926907,abc0d16aaf15b3a4ee2e561195dfd82ab260497412e326bb57f2ee5bbe9042d8,473.0,1002.9,25.2,92.0
7020,1723982526877,abc0d16aaf15b3a4ee2e561195dfd82ab260497412e326bb57f2ee5bbe9042d8,483.0,1002.8,25.0,92.0
7021,1723983126861,abc0d16aaf15b3a4ee2e561195dfd82ab260497412e326bb57f2ee5bbe9042d8,483.0,1002.8,25.2,93.0
7022,1723983726869,abc0d16aaf15b3a4ee2e561195dfd82ab260497412e326bb57f2ee5bbe9042d8,493.0,1002.7,25.3,93.0
7023,1723984326809,abc0d16aaf15b3a4ee2e561195dfd82ab260497412e326bb57f2ee5bbe9042d8,468.0,1002.7,25.4,92.0
7024,1723984926771,abc0d16aaf15b3a4ee2e561195dfd82ab260497412e326bb57f2ee5bbe9042d8,469.0,1002.6,25.7,89.0
7025,1723985526723,abc0d16aaf15b3a4ee2e561195dfd82ab260497412e326bb57f2ee5bbe9042d8,468.0,1002.7,25.9,89.0
7026,1723986126709,abc0d16aaf15b3a4ee2e561195dfd82ab260497412e326bb57f2ee5bbe9042d8,471.0,1002.6,26.5,88.0
7027,1723986726689,abc0d16aaf15b3a4ee2e561195dfd82ab260497412e326bb57f2ee5bbe9042d8,475.0,1002.4,26.6,89.0
7028,1723987326645,abc0d16aaf15b3a4ee2e561195dfd82ab260497412e326bb57f2ee5bbe9042d8,470.0,1002.3,27.1,89.0
7029,1723987926597,abc0d16aaf15b3a4ee2e561195dfd82ab260497412e326bb57f2ee5bbe9042d8,493.0,1002.1,27.5,85.0
7030,1723988528305,abc0d16aaf15b3a4ee2e561195dfd82ab260497412e326bb57f2ee5bbe9042d8,445.0,1002.1,27.9,84.0
7031,1723989126560,abc0d16aaf15b3a4ee2e561195dfd82ab260497412e326bb57f2ee5bbe9042d8,459.0,1002.0,28.0,84.0
7032,1723989728248,abc0d16aaf15b3a4ee2e561195dfd82ab260497412e326bb57f2ee5bbe9042d8,466.0,1001.8,28.4,78.0
7033,1723990326471,abc0d16aaf15b3a4ee2e561195dfd82ab260497412e326bb57f2ee5bbe9042d8,439.0,1001.6,28.9,75.0
7034,1723990926461,abc0d16aaf15b3a4ee2e561195dfd82ab260497412e326bb57f2ee5bbe9042d8,453.0,1001.4,29.9,75.0
7035,1723991526455,abc0d16aaf15b3a4ee2e561195dfd82ab260497412e326bb57f2ee5bbe9042d8,445.0,1001.3,30.0,72.0
7036,1723992126391,abc0d16aaf15b3a4ee2e561195dfd82ab260497412e326bb57f2ee5bbe9042d8,468.0,1001.1,30.0,70.0
7037,1723992726375,abc0d16aaf15b3a4ee2e561195dfd82ab260497412e326bb57f2ee5bbe9042d8,460.0,1001.2,30.0,70.0
7038,1723993326377,abc0d16aaf15b3a4ee2e561195dfd82ab260497412e326bb57f2ee5bbe9042d8,463.0,1001.2,30.2,68.0
7039,1723993926353,abc0d16aaf15b3a4ee2e561195dfd82ab260497412e326bb57f2ee5bbe9042d8,453.0,1001.1,30.1,68.0
7040,1723994526299,abc0d16aaf15b3a4ee2e561195dfd82ab260497412e326bb57f2ee5bbe9042d8,442.0,1001.0,30.3,68.0
7041,1723995127997,abc0d16aaf15b3a4ee2e561195dfd82ab260497412e326bb57f2ee5bbe9042d8,448.0,1001.1,30.9,67.0
7042,1723995726265,abc0d16aaf15b3a4ee2e561195dfd82ab260497412e326bb57f2ee5bbe9042d8,455.0,1001.0,31.6,67.0
7043,1723996326207,abc0d16aaf15b3a4ee2e561195dfd82ab260497412e326bb57f2ee5bbe9042d8,442.0,1001.0,31.2,67.0
7044,1723996926205,abc0d16aaf15b3a4ee2e561195dfd82ab260497412e326bb57f2ee5bbe9042d8,436.0,1000.8,31.6,66.0
7045,1723997526221,abc0d16aaf15b3a4ee2e561195dfd82ab260497412e326bb57f2ee5bbe9042d8,431.0,1000.8,32.2,64.0
7046,1723998126144,abc0d16aaf15b3a4ee2e561195dfd82ab260497412e326bb57f2ee5bbe9042d8,435.0,1000.8,30.4,64.0
7047,1723998726129,abc0d16aaf15b3a4ee2e561195dfd82ab260497412e326bb57f2ee5bbe9042d8,435.0,1000.8,29.1,68.0
7048,1723999326100,abc0d16aaf15b3a4ee2e561195dfd82ab260497412e326bb57f2ee5bbe9042d8,444.0,1001.0,27.8,73.0
7049,1723999926044,abc0d16aaf15b3a4ee2e561195dfd82ab260497412e326bb57f2ee5bbe9042d8,448.0,1001.0,27.2,73.0
7050,1724000526039,abc0d16aaf15b3a4ee2e561195dfd82ab260497412e326bb57f2ee5bbe9042d8,471.0,1000.9,26.6,77.0
7051,1724001126017,abc0d16aaf15b3a4ee2e561195dfd82ab260497412e326bb57f2ee5bbe9042d8,487.0,1001.3,26.0,79.0
7052,1724001725969,abc0d16aaf15b3a4ee2e561195dfd82ab260497412e326bb57f2ee5bbe9042d8,478.0,1001.2,25.5,79.0
7053,1724002325994,abc0d16aaf15b3a4ee2e561195dfd82ab260497412e326bb57f2ee5bbe9042d8,496.0,1001.2,25.3,77.0
7054,1724002925960,abc0d16aaf15b3a4ee2e561195dfd82ab260497412e326bb57f2ee5bbe9042d8,475.0,1001.4,24.6,72.0
7055,1724003525881,abc0d16aaf15b3a4ee2e561195dfd82ab260497412e326bb57f2ee5bbe9042d8,466.0,1001.2,23.9,72.0
7056,1724004125864,abc0d16aaf15b3a4ee2e561195dfd82ab260497412e326bb57f2ee5bbe9042d8,486.0,1001.3,23.2,74.0
7057,1724004725832,abc0d16aaf15b3a4ee2e561195dfd82ab260497412e326bb57f2ee5bbe9042d8,476.0,1001.4,22.7,77.0
7058,1724005325797,abc0d16aaf15b3a4ee2e561195dfd82ab260497412e326bb57f2ee5bbe9042d8,485.0,1001.5,22.2,77.0
7059,1724005925727,abc0d16aaf15b3a4ee2e561195dfd82ab260497412e326bb57f2ee5bbe9042d8,468.0,1001.8,21.8,76.0
7060,1724006525767,abc0d16aaf15b3a4ee2e561195dfd82ab260497412e326bb57f2ee5bbe9042d8,480.0,1002.2,21.5,78.0
7061,1724007125698,abc0d16aaf15b3a4ee2e561195dfd82ab260497412e326bb57f2ee5bbe9042d8,475.0,1002.2,21.2,78.0
7062,1724007725674,abc0d16aaf15b3a4ee2e561195dfd82ab260497412e326bb57f2ee5bbe9042d8,487.0,1002.4,20.9,80.0
7063,1724008325663,abc0d16aaf15b3a4ee2e561195dfd82ab260497412e326bb57f2ee5bbe9042d8,479.0,1002.5,20.7,81.0
7064,1724008925623,abc0d16aaf15b3a4ee2e561195dfd82ab260497412e326bb57f2ee5bbe9042d8,509.0,1002.6,20.5,81.0
7065,1724009525613,abc0d16aaf15b3a4ee2e561195dfd82ab260497412e326bb57f2ee5bbe9042d8,559.0,1002.7,20.2,86.0
7066,1724010125607,abc0d16aaf15b3a4ee2e561195dfd82ab260497412e326bb57f2ee5bbe9042d8,579.0,1002.8,20.0,88.0
7067,1724010725521,abc0d16aaf15b3a4ee2e561195dfd82ab260497412e326bb57f2ee5bbe9042d8,606.0,1002.9,19.8,88.0
7068,1724011325523,abc0d16aaf15b3a4ee2e561195dfd82ab260497412e326bb57f2ee5bbe9042d8,553.0,1002.9,19.6,91.0
7069,1724011925487,abc0d16aaf15b3a4ee2e561195dfd82ab260497412e326bb57f2ee5bbe9042d8,499.0,1002.9,19.6,88.0
7070,1724012525461,abc0d16aaf15b3a4ee2e561195dfd82ab260497412e326bb57f2ee5bbe9042d8,520.0,1002.9,19.7,88.0
7071,1724013125435,abc0d16aaf15b3a4ee2e561195dfd82ab260497412e326bb57f2ee5bbe9042d8,514.0,1003.0,19.5,89.0
7072,1724013725413,abc0d16aaf15b3a4ee2e561195dfd82ab260497412e326bb57f2ee5bbe9042d8,523.0,1003.0,19.4,90.0
7073,1724014325355,abc0d16aaf15b3a4ee2e561195dfd82ab260497412e326bb57f2ee5bbe9042d8,557.0,1003.0,19.5,90.0
7074,1724014925345,abc0d16aaf15b3a4ee2e561195dfd82ab260497412e326bb57f2ee5bbe9042d8,559.0,1002.9,19.4,92.0
7075,1724015525311,abc0d16aaf15b3a4ee2e561195dfd82ab260497412e326bb57f2ee5bbe9042d8,564.0,1002.9,19.2,94.0
7076,1724016126991,abc0d16aaf15b3a4ee2e561195dfd82ab260497412e326bb57f2ee5bbe9042d8,565.0,1003.1,19.1,94.0
7077,1724016725272,abc0d16aaf15b3a4ee2e561195dfd82ab260497412e326bb57f2ee5bbe9042d8,548.0,1003.2,19.0,94.0
7078,1724017325244,abc0d16aaf15b3a4ee2e561195dfd82ab260497412e326bb57f2ee5bbe9042d8,552.0,1003.3,18.9,96.0
7079,1724017925179,abc0d16aaf15b3a4ee2e561195dfd82ab260497412e326bb57f2ee5bbe9042d8,530.0,1003.6,18.8,96.0
7080,1724018525178,abc0d16aaf15b3a4ee2e561195dfd82ab260497412e326bb57f2ee5bbe9042d8,554.0,1003.6,18.9,98.0
7081,1724019125157,abc0d16aaf15b3a4ee2e561195dfd82ab260497412e326bb57f2ee5bbe9042d8,514.0,1003.7,18.9,97.0
7082,1724019725112,abc0d16aaf15b3a4ee2e561195dfd82ab260497412e326bb57f2ee5bbe9042d8,535.0,1003.8,18.8,97.0
7083,1724020325094,abc0d16aaf15b3a4ee2e561195dfd82ab260497412e326bb57f2ee5bbe9042d8,529.0,1003.8,19.2,97.0
7084,1724020925068,abc0d16aaf15b3a4ee2e561195dfd82ab260497412e326bb57f2ee5bbe9042d8,523.0,1003.8,19.2,96.0
7085,1724021525012,abc0d16aaf15b3a4ee2e561195dfd82ab260497412e326bb57f2ee5bbe9042d8,524.0,1003.8,19.1,96.0
7086,1724022125008,abc0d16aaf15b3a4ee2e561195dfd82ab260497412e326bb57f2ee5bbe9042d8,545.0,1003.8,19.0,96.0
7087,1724022724972,abc0d16aaf15b3a4ee2e561195dfd82ab260497412e326bb57f2ee5bbe9042d8,533.0,1003.8,18.8,99.0
7088,1724023324933,abc0d16aaf15b3a4ee2e561195dfd82ab260497412e326bb57f2ee5bbe9042d8,549.0,1003.8,18.7,99.0
7089,1724023924919,abc0d16aaf15b3a4ee2e561195dfd82ab260497412e326bb57f2ee5bbe9042d8,613.0,1003.8,18.7,100.0
7090,1724024524905,abc0d16aaf15b3a4ee2e561195dfd82ab260497412e326bb57f2ee5bbe9042d8,565.0,1003.7,18.6,100.0
7091,1724025124824,abc0d16aaf15b3a4ee2e561195dfd82ab260497412e326bb57f2ee5bbe9042d8,629.0,1003.7,18.4,100.0
7092,1724025724828,abc0d16aaf15b3a4ee2e561195dfd82ab260497412e326bb57f2ee5bbe9042d8,595.0,1003.4,18.4,100.0
7093,1724026324812,abc0d16aaf15b3a4ee2e561195dfd82ab260497412e326bb57f2ee5bbe9042d8,581.0,1003.4,18.2,100.0
7094,1724026924760,abc0d16aaf15b3a4ee2e561195dfd82ab260497412e326bb57f2ee5bbe9042d8,528.0,1003.4,18.4,100.0
7095,1724027524755,abc0d16aaf15b3a4ee2e561195dfd82ab260497412e326bb57f2ee5bbe9042d8,535.0,1003.4,18.6,100.0
7096,1724028124735,abc0d16aaf15b3a4ee2e561195dfd82ab260497412e326bb57f2ee5bbe9042d8,512.0,1003.4,18.6,100.0
7097,1724028724664,abc0d16aaf15b3a4ee2e561195dfd82ab260497412e326bb57f2ee5bbe9042d8,511.0,1003.3,18.6,100.0
7098,1724029324666,abc0d16aaf15b3a4ee2e561195dfd82ab260497412e326bb57f2ee5bbe9042d8,505.0,1003.4,18.5,99.0
7099,1724029924638,abc0d16aaf15b3a4ee2e561195dfd82ab260497412e326bb57f2ee5bbe9042d8,545.0,1003.4,18.6,100.0
7100,1724030524597,abc0d16aaf15b3a4ee2e561195dfd82ab260497412e326bb57f2ee5bbe9042d8,513.0,1003.4,18.5,100.0
7101,1724031124578,abc0d16aaf15b3a4ee2e561195dfd82ab260497412e326bb57f2ee5bbe9042d8,528.0,1003.3,18.6,99.0
7102,1724031724548,abc0d16aaf15b3a4ee2e561195dfd82ab260497412e326bb57f2ee5bbe9042d8,517.0,1003.3,18.6,99.0
7103,1724032324502,abc0d16aaf15b3a4ee2e561195dfd82ab260497412e326bb57f2ee5bbe9042d8,552.0,1003.3,18.5,99.0
7104,1724032924488,abc0d16aaf15b3a4ee2e561195dfd82ab260497412e326bb57f2ee5bbe9042d8,531.0,1003.4,18.4,99.0
7105,1724033524478,abc0d16aaf15b3a4ee2e561195dfd82ab260497412e326bb57f2ee5bbe9042d8,553.0,1003.5,18.3,99.0
7106,1724034124434,abc0d16aaf15b3a4ee2e561195dfd82ab260497412e326bb57f2ee5bbe9042d8,558.0,1003.5,18.3,99.0
7107,1724034724419,abc0d16aaf15b3a4ee2e561195dfd82ab260497412e326bb57f2ee5bbe9042d8,549.0,1003.5,18.2,99.0
7108,1724035324393,abc0d16aaf15b3a4ee2e561195dfd82ab260497412e326bb57f2ee5bbe9042d8,531.0,1003.4,18.5,99.0
7109,1724035924380,abc0d16aaf15b3a4ee2e561195dfd82ab260497412e326bb57f2ee5bbe9042d8,533.0,1003.5,18.5,99.0
7110,1724036524327,abc0d16aaf15b3a4ee2e561195dfd82ab260497412e326bb57f2ee5bbe9042d8,534.0,1003.4,18.5,99.0
7111,1724037124294,abc0d16aaf15b3a4ee2e561195dfd82ab260497412e326bb57f2ee5bbe9042d8,542.0,1003.3,18.3,100.0
7112,1724037724260,abc0d16aaf15b3a4ee2e561195dfd82ab260497412e326bb57f2ee5bbe9042d8,536.0,1003.2,18.3,100.0
7113,1724038325946,abc0d16aaf15b3a4ee2e561195dfd82ab260497412e326bb57f2ee5bbe9042d8,527.0,1003.3,18.3,98.0
7114,1724038924230,abc0d16aaf15b3a4ee2e561195dfd82ab260497412e326bb57f2ee5bbe9042d8,521.0,1003.2,18.2,98.0
7115,1724039524150,abc0d16aaf15b3a4ee2e561195dfd82ab260497412e326bb57f2ee5bbe9042d8,534.0,1003.2,18.3,98.0
7116,1724040124105,abc0d16aaf15b3a4ee2e561195dfd82ab260497412e326bb57f2ee5bbe9042d8,542.0,1003.1,18.3,98.0
7117,1724040724124,abc0d16aaf15b3a4ee2e561195dfd82ab260497412e326bb57f2ee5bbe9042d8,522.0,1003.2,18.3,98.0
7118,1724041324093,abc0d16aaf15b3a4ee2e561195dfd82ab260497412e326bb57f2ee5bbe9042d8,523.0,1003.2,18.2,98.0
7119,1724041924068,abc0d16aaf15b3a4ee2e561195dfd82ab260497412e326bb57f2ee5bbe9042d8,538.0,1003.1,18.1,98.0
7120,1724042524048,abc0d16aaf15b3a4ee2e561195dfd82ab260497412e326bb57f2ee5bbe9042d8,521.0,1003.0,18.0,99.0
7121,1724043123982,abc0d16aaf15b3a4ee2e561195dfd82ab260497412e326bb57f2ee5bbe9042d8,513.0,1003.1,18.1,99.0
7122,1724043723987,abc0d16aaf15b3a4ee2e561195dfd82ab260497412e326bb57f2ee5bbe9042d8,519.0,1003.2,18.3,100.0
7123,1724044323922,abc0d16aaf15b3a4ee2e561195dfd82ab260497412e326bb57f2ee5bbe9042d8,537.0,1003.3,18.4,100.0
7124,1724044923917,abc0d16aaf15b3a4ee2e561195dfd82ab260497412e326bb57f2ee5bbe9042d8,515.0,1003.5,18.6,100.0
7125,1724045523896,abc0d16aaf15b3a4ee2e561195dfd82ab260497412e326bb57f2ee5bbe9042d8,544.0,1003.6,18.9,100.0
7126,1724046123883,abc0d16aaf15b3a4ee2e561195dfd82ab260497412e326bb57f2ee5bbe9042d8,523.0,1003.7,19.3,100.0
7127,1724046723825,abc0d16aaf15b3a4ee2e561195dfd82ab260497412e326bb57f2ee5bbe9042d8,521.0,1003.7,19.9,100.0
7128,1724047323821,abc0d16aaf15b3a4ee2e561195dfd82ab260497412e326bb57f2ee5bbe9042d8,515.0,1003.8,20.4,99.0
7129,1724047923773,abc0d16aaf15b3a4ee2e561195dfd82ab260497412e326bb57f2ee5bbe9042d8,517.0,1003.8,20.6,96.0
7130,1724048523739,abc0d16aaf15b3a4ee2e561195dfd82ab260497412e326bb57f2ee5bbe9042d8,497.0,1003.9,21.1,96.0
7131,1724049123735,abc0d16aaf15b3a4ee2e561195dfd82ab260497412e326bb57f2ee5bbe9042d8,516.0,1003.9,21.1,95.0
7132,1724049723753,abc0d16aaf15b3a4ee2e561195dfd82ab260497412e326bb57f2ee5bbe9042d8,507.0,1003.9,21.3,93.0
7133,1724050323632,abc0d16aaf15b3a4ee2e561195dfd82ab260497412e326bb57f2ee5bbe9042d8,490.0,1003.9,21.8,93.0
7134,1724050923642,abc0d16aaf15b3a4ee2e561195dfd82ab260497412e326bb57f2ee5bbe9042d8,500.0,1004.0,22.3,92.0
7135,1724051523626,abc0d16aaf15b3a4ee2e561195dfd82ab260497412e326bb57f2ee5bbe9042d8,492.0,1004.0,22.7,90.0
7136,1724052123575,abc0d16aaf15b3a4ee2e561195dfd82ab260497412e326bb57f2ee5bbe9042d8,509.0,1004.0,23.1,90.0
7137,1724052723565,abc0d16aaf15b3a4ee2e561195dfd82ab260497412e326bb57f2ee5bbe9042d8,495.0,1004.0,23.7,88.0
7138,1724053323534,abc0d16aaf15b3a4ee2e561195dfd82ab260497412e326bb57f2ee5bbe9042d8,483.0,1004.0,24.4,85.0
7139,1724053923470,abc0d16aaf15b3a4ee2e561195dfd82ab260497412e326bb57f2ee5bbe9042d8,495.0,1004.0,25.1,85.0
7140,1724054523458,abc0d16aaf15b3a4ee2e561195dfd82ab260497412e326bb57f2ee5bbe9042d8,462.0,1003.9,25.4,82.0
7141,1724055125132,abc0d16aaf15b3a4ee2e561195dfd82ab260497412e326bb57f2ee5bbe9042d8,465.0,1004.0,26.5,80.0
7142,1724055723388,abc0d16aaf15b3a4ee2e561195dfd82ab260497412e326bb57f2ee5bbe9042d8,471.0,1004.1,26.9,80.0
7143,1724056323375,abc0d16aaf15b3a4ee2e561195dfd82ab260497412e326bb57f2ee5bbe9042d8,469.0,1004.2,26.4,78.0
7144,1724056923352,abc0d16aaf15b3a4ee2e561195dfd82ab260497412e326bb57f2ee5bbe9042d8,478.0,1004.3,25.7,78.0
7145,1724057523288,abc0d16aaf15b3a4ee2e561195dfd82ab260497412e326bb57f2ee5bbe9042d8,495.0,1004.4,25.2,78.0
7146,1724058123317,abc0d16aaf15b3a4ee2e561195dfd82ab260497412e326bb57f2ee5bbe9042d8,476.0,1004.3,25.1,80.0
7147,1724058723257,abc0d16aaf15b3a4ee2e561195dfd82ab260497412e326bb57f2ee5bbe9042d8,479.0,1004.3,25.3,79.0
7148,1724059323225,abc0d16aaf15b3a4ee2e561195dfd82ab260497412e326bb57f2ee5bbe9042d8,485.0,1004.5,25.5,79.0
7149,1724059923206,abc0d16aaf15b3a4ee2e561195dfd82ab260497412e326bb57f2ee5bbe9042d8,480.0,1004.5,25.9,78.0
7150,1724060523176,abc0d16aaf15b3a4ee2e561195dfd82ab260497412e326bb57f2ee5bbe9042d8,469.0,1004.5,26.3,76.0
7151,1724061123191,abc0d16aaf15b3a4ee2e561195dfd82ab260497412e326bb57f2ee5bbe9042d8,477.0,1004.6,26.1,76.0
7152,1724061723111,abc0d16aaf15b3a4ee2e561195dfd82ab260497412e326bb57f2ee5bbe9042d8,488.0,1004.6,26.1,76.0
7153,1724062323089,abc0d16aaf15b3a4ee2e561195dfd82ab260497412e326bb57f2ee5bbe9042d8,474.0,1004.7,26.1,75.0
7154,1724062923051,abc0d16aaf15b3a4ee2e561195dfd82ab260497412e326bb57f2ee5bbe9042d8,495.0,1004.7,25.5,75.0
7155,1724063523019,abc0d16aaf15b3a4ee2e561195dfd82ab260497412e326bb57f2ee5bbe9042d8,475.0,1004.6,25.2,75.0
7156,1724064123013,abc0d16aaf15b3a4ee2e561195dfd82ab260497412e326bb57f2ee5bbe9042d8,463.0,1004.7,25.5,76.0
7157,1724064722947,abc0d16aaf15b3a4ee2e561195dfd82ab260497412e326bb57f2ee5bbe9042d8,465.0,1004.5,25.6,76.0
7158,1724065322943,abc0d16aaf15b3a4ee2e561195dfd82ab260497412e326bb57f2ee5bbe9042d8,463.0,1004.5,26.1,80.0
7159,1724065922923,abc0d16aaf15b3a4ee2e561195dfd82ab260497412e326bb57f2ee5bbe9042d8,471.0,1004.5,26.5,78.0
7160,1724066522880,abc0d16aaf15b3a4ee2e561195dfd82ab260497412e326bb57f2ee5bbe9042d8,466.0,1004.5,27.0,78.0
7161,1724067122863,abc0d16aaf15b3a4ee2e561195dfd82ab260497412e326bb57f2ee5bbe9042d8,478.0,1004.6,28.1,76.0
7162,1724067722837,abc0d16aaf15b3a4ee2e561195dfd82ab260497412e326bb57f2ee5bbe9042d8,478.0,1004.5,28.3,74.0
7163,1724068322781,abc0d16aaf15b3a4ee2e561195dfd82ab260497412e326bb57f2ee5bbe9042d8,456.0,1004.6,27.8,74.0
7164,1724068922795,abc0d16aaf15b3a4ee2e561195dfd82ab260497412e326bb57f2ee5bbe9042d8,472.0,1004.6,27.5,73.0
7165,1724069522730,abc0d16aaf15b3a4ee2e561195dfd82ab260497412e326bb57f2ee5bbe9042d8,463.0,1004.7,27.4,74.0
7166,1724070122704,abc0d16aaf15b3a4ee2e561195dfd82ab260497412e326bb57f2ee5bbe9042d8,461.0,1004.6,27.9,74.0
7167,1724070722695,abc0d16aaf15b3a4ee2e561195dfd82ab260497412e326bb57f2ee5bbe9042d8,464.0,1004.6,28.4,70.0
7168,1724071322666,abc0d16aaf15b3a4ee2e561195dfd82ab260497412e326bb57f2ee5bbe9042d8,478.0,1004.7,27.1,69.0
7169,1724071922597,abc0d16aaf15b3a4ee2e561195dfd82ab260497412e326bb57f2ee5bbe9042d8,455.0,1004.7,26.8,69.0
7170,1724072522596,abc0d16aaf15b3a4ee2e561195dfd82ab260497412e326bb57f2ee5bbe9042d8,457.0,1004.7,27.7,70.0
7171,1724073122603,abc0d16aaf15b3a4ee2e561195dfd82ab260497412e326bb57f2ee5bbe9042d8,460.0,1004.8,27.1,74.0
7172,1724073722537,abc0d16aaf15b3a4ee2e561195dfd82ab260497412e326bb57f2ee5bbe9042d8,467.0,1004.8,25.2,74.0
7173,1724074322514,abc0d16aaf15b3a4ee2e561195dfd82ab260497412e326bb57f2ee5bbe9042d8,455.0,1004.9,24.3,76.0
7174,1724074922499,abc0d16aaf15b3a4ee2e561195dfd82ab260497412e326bb57f2ee5bbe9042d8,489.0,1005.0,24.1,77.0
7175,1724075522431,abc0d16aaf15b3a4ee2e561195dfd82ab260497412e326bb57f2ee5bbe9042d8,470.0,1005.0,23.2,77.0
7176,1724076122411,abc0d16aaf15b3a4ee2e561195dfd82ab260497412e326bb57f2ee5bbe9042d8,461.0,1005.0,22.8,82.0
7177,1724076722398,abc0d16aaf15b3a4ee2e561195dfd82ab260497412e326bb57f2ee5bbe9042d8,452.0,1005.0,22.8,85.0
7178,1724077322342,abc0d16aaf15b3a4ee2e561195dfd82ab260497412e326bb57f2ee5bbe9042d8,476.0,1005.1,22.6,85.0
7179,1724077922342,abc0d16aaf15b3a4ee2e561195dfd82ab260497412e326bb57f2ee5bbe9042d8,476.0,1005.3,22.5,92.0
7180,1724078522313,abc0d16aaf15b3a4ee2e561195dfd82ab260497412e326bb57f2ee5bbe9042d8,477.0,1005.4,22.6,93.0
7181,1724079122254,abc0d16aaf15b3a4ee2e561195dfd82ab260497412e326bb57f2ee5bbe9042d8,457.0,1005.3,22.9,93.0
7182,1724079722255,abc0d16aaf15b3a4ee2e561195dfd82ab260497412e326bb57f2ee5bbe9042d8,484.0,1005.3,23.3,87.0
7183,1724080322222,abc0d16aaf15b3a4ee2e561195dfd82ab260497412e326bb57f2ee5bbe9042d8,474.0,1005.3,24.0,85.0
7184,1724080922194,abc0d16aaf15b3a4ee2e561195dfd82ab260497412e326bb57f2ee5bbe9042d8,460.0,1005.2,24.8,85.0
7185,1724081522180,abc0d16aaf15b3a4ee2e561195dfd82ab260497412e326bb57f2ee5bbe9042d8,459.0,1005.1,26.0,82.0
7186,1724082122151,abc0d16aaf15b3a4ee2e561195dfd82ab260497412e326bb57f2ee5bbe9042d8,473.0,1005.1,26.2,80.0
7187,1724082722076,abc0d16aaf15b3a4ee2e561195dfd82ab260497412e326bb57f2ee5bbe9042d8,455.0,1004.9,25.9,80.0
7188,1724083322082,abc0d16aaf15b3a4ee2e561195dfd82ab260497412e326bb57f2ee5bbe9042d8,458.0,1005.0,25.4,77.0
7189,1724083922049,abc0d16aaf15b3a4ee2e561195dfd82ab260497412e326bb57f2ee5bbe9042d8,441.0,1005.0,25.2,80.0
7190,1724084522010,abc0d16aaf15b3a4ee2e561195dfd82ab260497412e326bb57f2ee5bbe9042d8,443.0,1005.1,25.1,80.0
7191,1724085121992,abc0d16aaf15b3a4ee2e561195dfd82ab260497412e326bb57f2ee5bbe9042d8,473.0,1005.1,24.5,84.0
7192,1724085721961,abc0d16aaf15b3a4ee2e561195dfd82ab260497412e326bb57f2ee5bbe9042d8,468.0,1005.2,23.8,86.0
7193,1724086321913,abc0d16aaf15b3a4ee2e561195dfd82ab260497412e326bb57f2ee5bbe9042d8,465.0,1005.3,23.6,86.0
7194,1724086921904,abc0d16aaf15b3a4ee2e561195dfd82ab260497412e326bb57f2ee5bbe9042d8,472.0,1005.2,23.5,88.0
7195,1724087521890,abc0d16aaf15b3a4ee2e561195dfd82ab260497412e326bb57f2ee5bbe9042d8,460.0,1005.2,23.4,89.0
7196,1724088121797,abc0d16aaf15b3a4ee2e561195dfd82ab260497412e326bb57f2ee5bbe9042d8,459.0,1005.3,23.2,89.0
7197,1724088721817,abc0d16aaf15b3a4ee2e561195dfd82ab260497412e326bb57f2ee5bbe9042d8,485.0,1005.5,23.1,90.0
7198,1724089321783,abc0d16aaf15b3a4ee2e561195dfd82ab260497412e326bb57f2ee5bbe9042d8,487.0,1005.6,22.7,92.0
7199,1724089921757,abc0d16aaf15b3a4ee2e561195dfd82ab260497412e326bb57f2ee5bbe9042d8,495.0,1005.7,22.6,92.0
7200,1724090521734,abc0d16aaf15b3a4ee2e561195dfd82ab260497412e326bb57f2ee5bbe9042d8,500.0,1005.7,22.6,92.0
7201,1724091121692,abc0d16aaf15b3a4ee2e561195dfd82ab260497412e326bb57f2ee5bbe9042d8,515.0,1005.9,22.3,94.0
7202,1724091721657,abc0d16aaf15b3a4ee2e561195dfd82ab260497412e326bb57f2ee5bbe9042d8,523.0,1005.9,22.0,94.0
7203,1724092321629,abc0d16aaf15b3a4ee2e561195dfd82ab260497412e326bb57f2ee5bbe9042d8,503.0,1005.9,21.8,97.0
7204,1724092921607,abc0d16aaf15b3a4ee2e561195dfd82ab260497412e326bb57f2ee5bbe9042d8,514.0,1006.0,21.5,99.0
7205,1724093521567,abc0d16aaf15b3a4ee2e561195dfd82ab260497412e326bb57f2ee5bbe9042d8,511.0,1006.0,21.3,99.0
7206,1724094123264,abc0d16aaf15b3a4ee2e561195dfd82ab260497412e326bb57f2ee5bbe9042d8,500.0,1006.1,21.2,99.0
7207,1724094721580,abc0d16aaf15b3a4ee2e561195dfd82ab260497412e326bb57f2ee5bbe9042d8,528.0,1006.2,20.9,100.0
7208,1724095321540,abc0d16aaf15b3a4ee2e561195dfd82ab260497412e326bb57f2ee5bbe9042d8,516.0,1006.5,20.8,100.0
7209,1724095921483,abc0d16aaf15b3a4ee2e561195dfd82ab260497412e326bb57f2ee5bbe9042d8,550.0,1006.5,20.5,100.0
7210,1724096521492,abc0d16aaf15b3a4ee2e561195dfd82ab260497412e326bb57f2ee5bbe9042d8,545.0,1006.6,20.3,100.0
7211,1724097121405,abc0d16aaf15b3a4ee2e561195dfd82ab260497412e326bb57f2ee5bbe9042d8,547.0,1006.7,20.1,100.0
7212,1724097721382,abc0d16aaf15b3a4ee2e561195dfd82ab260497412e326bb57f2ee5bbe9042d8,571.0,1006.8,20.1,100.0
7213,1724098321360,abc0d16aaf15b3a4ee2e561195dfd82ab260497412e326bb57f2ee5bbe9042d8,592.0,1006.8,20.0,100.0
7214,1724098921313,abc0d16aaf15b3a4ee2e561195dfd82ab260497412e326bb57f2ee5bbe9042d8,565.0,1006.7,20.0,100.0
7215,1724099521297,abc0d16aaf15b3a4ee2e561195dfd82ab260497412e326bb57f2ee5bbe9042d8,558.0,1006.7,20.0,100.0
7216,1724100121269,abc0d16aaf15b3a4ee2e561195dfd82ab260497412e326bb57f2ee5bbe9042d8,588.0,1006.8,20.1,100.0
7217,1724100721227,abc0d16aaf15b3a4ee2e561195dfd82ab260497412e326bb57f2ee5bbe9042d8,578.0,1006.9,19.9,100.0
7218,1724101321197,abc0d16aaf15b3a4ee2e561195dfd82ab260497412e326bb57f2ee5bbe9042d8,607.0,1007.0,20.0,100.0
7219,1724101921221,abc0d16aaf15b3a4ee2e561195dfd82ab260497412e326bb57f2ee5bbe9042d8,546.0,1007.0,19.9,100.0
7220,1724102521153,abc0d16aaf15b3a4ee2e561195dfd82ab260497412e326bb57f2ee5bbe9042d8,527.0,1007.0,19.9,100.0
7221,1724103121131,abc0d16aaf15b3a4ee2e561195dfd82ab260497412e326bb57f2ee5bbe9042d8,527.0,1007.0,20.1,100.0
7222,1724103721099,abc0d16aaf15b3a4ee2e561195dfd82ab260497412e326bb57f2ee5bbe9042d8,522.0,1007.0,20.1,100.0
7223,1724104321059,abc0d16aaf15b3a4ee2e561195dfd82ab260497412e326bb57f2ee5bbe9042d8,510.0,1006.9,19.9,100.0
7224,1724104921038,abc0d16aaf15b3a4ee2e561195dfd82ab260497412e326bb57f2ee5bbe9042d8,507.0,1006.8,19.8,100.0
7225,1724105521005,abc0d16aaf15b3a4ee2e561195dfd82ab260497412e326bb57f2ee5bbe9042d8,540.0,1006.8,19.6,100.0
7226,1724106120961,abc0d16aaf15b3a4ee2e561195dfd82ab260497412e326bb57f2ee5bbe9042d8,525.0,1006.9,19.6,100.0
7227,1724106720957,abc0d16aaf15b3a4ee2e561195dfd82ab260497412e326bb57f2ee5bbe9042d8,515.0,1006.9,19.8,100.0
7228,1724107320943,abc0d16aaf15b3a4ee2e561195dfd82ab260497412e326bb57f2ee5bbe9042d8,519.0,1007.0,19.6,100.0
7229,1724107920887,abc0d16aaf15b3a4ee2e561195dfd82ab260497412e326bb57f2ee5bbe9042d8,515.0,1006.9,19.6,100.0
7230,1724108520865,abc0d16aaf15b3a4ee2e561195dfd82ab260497412e326bb57f2ee5bbe9042d8,540.0,1007.0,19.5,100.0
7231,1724109120843,abc0d16aaf15b3a4ee2e561195dfd82ab260497412e326bb57f2ee5bbe9042d8,528.0,1006.9,19.5,100.0
7232,1724109720809,abc0d16aaf15b3a4ee2e561195dfd82ab260497412e326bb57f2ee5bbe9042d8,522.0,1006.9,19.5,100.0
7233,1724110320765,abc0d16aaf15b3a4ee2e561195dfd82ab260497412e326bb57f2ee5bbe9042d8,531.0,1006.9,19.6,100.0
7234,1724110920755,abc0d16aaf15b3a4ee2e561195dfd82ab260497412e326bb57f2ee5bbe9042d8,509.0,1006.9,19.7,100.0
7235,1724111520709,abc0d16aaf15b3a4ee2e561195dfd82ab260497412e326bb57f2ee5bbe9042d8,515.0,1006.9,19.8,100.0
7236,1724112120689,abc0d16aaf15b3a4ee2e561195dfd82ab260497412e326bb57f2ee5bbe9042d8,531.0,1006.8,19.6,100.0
7237,1724112720675,abc0d16aaf15b3a4ee2e561195dfd82ab260497412e326bb57f2ee5bbe9042d8,512.0,1006.8,19.7,100.0
7238,1724113320634,abc0d16aaf15b3a4ee2e561195dfd82ab260497412e326bb57f2ee5bbe9042d8,522.0,1006.7,19.6,100.0
7239,1724113920624,abc0d16aaf15b3a4ee2e561195dfd82ab260497412e326bb57f2ee5bbe9042d8,518.0,1006.8,19.8,100.0
7240,1724114520618,abc0d16aaf15b3a4ee2e561195dfd82ab260497412e326bb57f2ee5bbe9042d8,528.0,1006.8,19.7,100.0
7241,1724115120553,abc0d16aaf15b3a4ee2e561195dfd82ab260497412e326bb57f2ee5bbe9042d8,533.0,1006.7,19.7,100.0
7242,1724115720506,abc0d16aaf15b3a4ee2e561195dfd82ab260497412e326bb57f2ee5bbe9042d8,530.0,1006.7,19.7,100.0
7243,1724116320510,abc0d16aaf15b3a4ee2e561195dfd82ab260497412e326bb57f2ee5bbe9042d8,523.0,1006.7,19.8,100.0
7244,1724116920455,abc0d16aaf15b3a4ee2e561195dfd82ab260497412e326bb57f2ee5bbe9042d8,540.0,1006.6,19.7,100.0
7245,1724117520445,abc0d16aaf15b3a4ee2e561195dfd82ab260497412e326bb57f2ee5bbe9042d8,543.0,1006.7,19.7,100.0
7246,1724118120395,abc0d16aaf15b3a4ee2e561195dfd82ab260497412e326bb57f2ee5bbe9042d8,556.0,1006.7,19.8,100.0
7247,1724118720376,abc0d16aaf15b3a4ee2e561195dfd82ab260497412e326bb57f2ee5bbe9042d8,555.0,1006.6,19.6,100.0
7248,1724119320352,abc0d16aaf15b3a4ee2e561195dfd82ab260497412e326bb57f2ee5bbe9042d8,521.0,1006.6,19.8,100.0
7249,1724119920334,abc0d16aaf15b3a4ee2e561195dfd82ab260497412e326bb57f2ee5bbe9042d8,518.0,1006.5,19.8,100.0
7250,1724120522002,abc0d16aaf15b3a4ee2e561195dfd82ab260497412e326bb57f2ee5bbe9042d8,547.0,1006.5,19.8,100.0
7251,1724121120284,abc0d16aaf15b3a4ee2e561195dfd82ab260497412e326bb57f2ee5bbe9042d8,552.0,1006.4,19.9,100.0
7252,1724121720241,abc0d16aaf15b3a4ee2e561195dfd82ab260497412e326bb57f2ee5bbe9042d8,542.0,1006.4,20.1,100.0
7253,1724122320198,abc0d16aaf15b3a4ee2e561195dfd82ab260497412e326bb57f2ee5bbe9042d8,553.0,1006.2,20.1,100.0
7254,1724122920169,abc0d16aaf15b3a4ee2e561195dfd82ab260497412e326bb57f2ee5bbe9042d8,557.0,1006.2,19.9,100.0
7255,1724123520154,abc0d16aaf15b3a4ee2e561195dfd82ab260497412e326bb57f2ee5bbe9042d8,553.0,1006.2,19.7,100.0
7256,1724124120122,abc0d16aaf15b3a4ee2e561195dfd82ab260497412e326bb57f2ee5bbe9042d8,552.0,1006.1,19.6,100.0
7257,1724124720098,abc0d16aaf15b3a4ee2e561195dfd82ab260497412e326bb57f2ee5bbe9042d8,554.0,1006.3,19.5,100.0
7258,1724125321768,abc0d16aaf15b3a4ee2e561195dfd82ab260497412e326bb57f2ee5bbe9042d8,551.0,1006.3,19.6,100.0
7259,1724125920014,abc0d16aaf15b3a4ee2e561195dfd82ab260497412e326bb57f2ee5bbe9042d8,531.0,1006.4,19.7,100.0
7260,1724126520002,abc0d16aaf15b3a4ee2e561195dfd82ab260497412e326bb57f2ee5bbe9042d8,533.0,1006.4,19.8,100.0
7261,1724127119980,abc0d16aaf15b3a4ee2e561195dfd82ab260497412e326bb57f2ee5bbe9042d8,535.0,1006.4,20.0,100.0
7262,1724127719944,abc0d16aaf15b3a4ee2e561195dfd82ab260497412e326bb57f2ee5bbe9042d8,543.0,1006.5,20.2,100.0
7263,1724128319883,abc0d16aaf15b3a4ee2e561195dfd82ab260497412e326bb57f2ee5bbe9042d8,544.0,1006.6,20.2,100.0
7264,1724128919891,abc0d16aaf15b3a4ee2e561195dfd82ab260497412e326bb57f2ee5bbe9042d8,560.0,1006.7,20.3,100.0
7265,1724129519842,abc0d16aaf15b3a4ee2e561195dfd82ab260497412e326bb57f2ee5bbe9042d8,565.0,1006.9,20.4,100.0
7266,1724130119824,abc0d16aaf15b3a4ee2e561195dfd82ab260497412e326bb57f2ee5bbe9042d8,540.0,1007.1,20.4,100.0
7267,1724130719819,abc0d16aaf15b3a4ee2e561195dfd82ab260497412e326bb57f2ee5bbe9042d8,550.0,1007.1,20.5,100.0
7268,1724131319780,abc0d16aaf15b3a4ee2e561195dfd82ab260497412e326bb57f2ee5bbe9042d8,592.0,1007.1,20.5,100.0
7269,1724131919748,abc0d16aaf15b3a4ee2e561195dfd82ab260497412e326bb57f2ee5bbe9042d8,606.0,1007.2,20.5,100.0
7270,1724132519722,abc0d16aaf15b3a4ee2e561195dfd82ab260497412e326bb57f2ee5bbe9042d8,569.0,1007.3,20.6,100.0
7271,1724133119668,abc0d16aaf15b3a4ee2e561195dfd82ab260497412e326bb57f2ee5bbe9042d8,574.0,1007.4,20.7,100.0
7272,1724133719694,abc0d16aaf15b3a4ee2e561195dfd82ab260497412e326bb57f2ee5bbe9042d8,572.0,1007.5,20.9,100.0
7273,1724134319644,abc0d16aaf15b3a4ee2e561195dfd82ab260497412e326bb57f2ee5bbe9042d8,555.0,1007.4,21.4,100.0
7274,1724134919604,abc0d16aaf15b3a4ee2e561195dfd82ab260497412e326bb57f2ee5bbe9042d8,557.0,1007.3,21.6,100.0
7275,1724135519582,abc0d16aaf15b3a4ee2e561195dfd82ab260497412e326bb57f2ee5bbe9042d8,532.0,1007.5,22.2,100.0
7276,1724136119554,abc0d16aaf15b3a4ee2e561195dfd82ab260497412e326bb57f2ee5bbe9042d8,532.0,1007.4,22.6,100.0
7277,1724136719498,abc0d16aaf15b3a4ee2e561195dfd82ab260497412e326bb57f2ee5bbe9042d8,530.0,1007.4,23.0,100.0
7278,1724137319476,abc0d16aaf15b3a4ee2e561195dfd82ab260497412e326bb57f2ee5bbe9042d8,536.0,1007.4,23.6,100.0
7279,1724137919467,abc0d16aaf15b3a4ee2e561195dfd82ab260497412e326bb57f2ee5bbe9042d8,510.0,1007.5,23.9,98.0
7280,1724138519442,abc0d16aaf15b3a4ee2e561195dfd82ab260497412e326bb57f2ee5bbe9042d8,542.0,1007.6,24.2,98.0
7281,1724139119419,abc0d16aaf15b3a4ee2e561195dfd82ab260497412e326bb57f2ee5bbe9042d8,540.0,1007.7,24.9,96.0
7282,1724139719372,abc0d16aaf15b3a4ee2e561195dfd82ab260497412e326bb57f2ee5bbe9042d8,538.0,1007.7,24.9,92.0
7283,1724140319392,abc0d16aaf15b3a4ee2e561195dfd82ab260497412e326bb57f2ee5bbe9042d8,528.0,1007.7,25.0,92.0
7284,1724141519281,abc0d16aaf15b3a4ee2e561195dfd82ab260497412e326bb57f2ee5bbe9042d8,514.0,1007.8,25.4,86.0
7285,1724142119252,abc0d16aaf15b3a4ee2e561195dfd82ab260497412e326bb57f2ee5bbe9042d8,509.0,1007.8,25.5,86.0
7286,1724142719233,abc0d16aaf15b3a4ee2e561195dfd82ab260497412e326bb57f2ee5bbe9042d8,507.0,1007.9,26.0,84.0
7287,1724143319182,abc0d16aaf15b3a4ee2e561195dfd82ab260497412e326bb57f2ee5bbe9042d8,518.0,1008.0,26.5,81.0
7288,1724143919156,abc0d16aaf15b3a4ee2e561195dfd82ab260497412e326bb57f2ee5bbe9042d8,509.0,1008.0,26.5,81.0
7289,1724144519141,abc0d16aaf15b3a4ee2e561195dfd82ab260497412e326bb57f2ee5bbe9042d8,511.0,1008.0,26.4,79.0
7290,1724145119103,abc0d16aaf15b3a4ee2e561195dfd82ab260497412e326bb57f2ee5bbe9042d8,511.0,1008.0,26.9,79.0
7291,1724145719079,abc0d16aaf15b3a4ee2e561195dfd82ab260497412e326bb57f2ee5bbe9042d8,499.0,1008.1,27.4,79.0
7292,1724146319052,abc0d16aaf15b3a4ee2e561195dfd82ab260497412e326bb57f2ee5bbe9042d8,503.0,1008.0,27.8,74.0
7293,1724146919024,abc0d16aaf15b3a4ee2e561195dfd82ab260497412e326bb57f2ee5bbe9042d8,483.0,1007.9,29.2,71.0
7294,1724147518964,abc0d16aaf15b3a4ee2e561195dfd82ab260497412e326bb57f2ee5bbe9042d8,480.0,1007.7,29.9,71.0
7295,1724148118964,abc0d16aaf15b3a4ee2e561195dfd82ab260497412e326bb57f2ee5bbe9042d8,495.0,1007.6,30.5,70.0
7296,1724148718966,abc0d16aaf15b3a4ee2e561195dfd82ab260497412e326bb57f2ee5bbe9042d8,473.0,1007.5,31.5,67.0
7297,1724149318908,abc0d16aaf15b3a4ee2e561195dfd82ab260497412e326bb57f2ee5bbe9042d8,457.0,1007.3,32.3,67.0
7298,1724149918907,abc0d16aaf15b3a4ee2e561195dfd82ab260497412e326bb57f2ee5bbe9042d8,478.0,1007.2,31.5,66.0
7299,1724150520568,abc0d16aaf15b3a4ee2e561195dfd82ab260497412e326bb57f2ee5bbe9042d8,457.0,1007.1,33.2,63.0
7300,1724151118832,abc0d16aaf15b3a4ee2e561195dfd82ab260497412e326bb57f2ee5bbe9042d8,463.0,1006.8,31.9,63.0
7301,1724151718808,abc0d16aaf15b3a4ee2e561195dfd82ab260497412e326bb57f2ee5bbe9042d8,477.0,1006.7,31.3,64.0
7302,1724152318775,abc0d16aaf15b3a4ee2e561195dfd82ab260497412e326bb57f2ee5bbe9042d8,468.0,1006.6,32.2,62.0
7303,1724152918750,abc0d16aaf15b3a4ee2e561195dfd82ab260497412e326bb57f2ee5bbe9042d8,440.0,1006.3,33.0,62.0
7304,1724153518735,abc0d16aaf15b3a4ee2e561195dfd82ab260497412e326bb57f2ee5bbe9042d8,453.0,1006.4,32.4,60.0
7305,1724154118705,abc0d16aaf15b3a4ee2e561195dfd82ab260497412e326bb57f2ee5bbe9042d8,454.0,1006.2,31.8,61.0
7306,1724154718665,abc0d16aaf15b3a4ee2e561195dfd82ab260497412e326bb57f2ee5bbe9042d8,457.0,1006.1,32.9,61.0
7307,1724155318662,abc0d16aaf15b3a4ee2e561195dfd82ab260497412e326bb57f2ee5bbe9042d8,443.0,1006.1,33.5,58.0
7308,1724155918628,abc0d16aaf15b3a4ee2e561195dfd82ab260497412e326bb57f2ee5bbe9042d8,455.0,1006.1,34.2,58.0
7309,1724156518588,abc0d16aaf15b3a4ee2e561195dfd82ab260497412e326bb57f2ee5bbe9042d8,462.0,1006.0,33.5,58.0
7310,1724157118576,abc0d16aaf15b3a4ee2e561195dfd82ab260497412e326bb57f2ee5bbe9042d8,445.0,1006.0,33.1,59.0
7311,1724157718546,abc0d16aaf15b3a4ee2e561195dfd82ab260497412e326bb57f2ee5bbe9042d8,456.0,1005.9,31.8,61.0
7312,1724158318520,abc0d16aaf15b3a4ee2e561195dfd82ab260497412e326bb57f2ee5bbe9042d8,466.0,1005.7,32.2,61.0
7313,1724158918502,abc0d16aaf15b3a4ee2e561195dfd82ab260497412e326bb57f2ee5bbe9042d8,440.0,1005.7,31.8,59.0
7314,1724159518516,abc0d16aaf15b3a4ee2e561195dfd82ab260497412e326bb57f2ee5bbe9042d8,459.0,1005.7,31.5,57.0
7315,1724160118442,abc0d16aaf15b3a4ee2e561195dfd82ab260497412e326bb57f2ee5bbe9042d8,465.0,1005.6,31.2,57.0
7316,1724160718416,abc0d16aaf15b3a4ee2e561195dfd82ab260497412e326bb57f2ee5bbe9042d8,454.0,1005.5,31.5,58.0
7317,1724161318401,abc0d16aaf15b3a4ee2e561195dfd82ab260497412e326bb57f2ee5bbe9042d8,443.0,1005.5,31.2,59.0
7318,1724161918364,abc0d16aaf15b3a4ee2e561195dfd82ab260497412e326bb57f2ee5bbe9042d8,442.0,1005.6,30.6,59.0
7319,1724162518322,abc0d16aaf15b3a4ee2e561195dfd82ab260497412e326bb57f2ee5bbe9042d8,463.0,1005.6,30.8,61.0
7320,1724163118309,abc0d16aaf15b3a4ee2e561195dfd82ab260497412e326bb57f2ee5bbe9042d8,444.0,1005.5,30.8,62.0
7321,1724163719981,abc0d16aaf15b3a4ee2e561195dfd82ab260497412e326bb57f2ee5bbe9042d8,452.0,1005.5,31.2,62.0
7322,1724164318251,abc0d16aaf15b3a4ee2e561195dfd82ab260497412e326bb57f2ee5bbe9042d8,455.0,1005.4,31.3,64.0
7323,1724164918223,abc0d16aaf15b3a4ee2e561195dfd82ab260497412e326bb57f2ee5bbe9042d8,446.0,1005.5,30.5,63.0
7324,1724165518189,abc0d16aaf15b3a4ee2e561195dfd82ab260497412e326bb57f2ee5bbe9042d8,457.0,1005.5,30.7,63.0
7325,1724166118177,abc0d16aaf15b3a4ee2e561195dfd82ab260497412e326bb57f2ee5bbe9042d8,452.0,1005.4,30.8,62.0
7326,1724166718182,abc0d16aaf15b3a4ee2e561195dfd82ab260497412e326bb57f2ee5bbe9042d8,463.0,1005.4,30.8,63.0
7327,1724167318105,abc0d16aaf15b3a4ee2e561195dfd82ab260497412e326bb57f2ee5bbe9042d8,442.0,1005.4,30.8,63.0
7328,1724167918074,abc0d16aaf15b3a4ee2e561195dfd82ab260497412e326bb57f2ee5bbe9042d8,452.0,1005.2,33.1,59.0
7329,1724168518059,abc0d16aaf15b3a4ee2e561195dfd82ab260497412e326bb57f2ee5bbe9042d8,444.0,1005.1,34.2,58.0
7330,1724169118027,abc0d16aaf15b3a4ee2e561195dfd82ab260497412e326bb57f2ee5bbe9042d8,462.0,1005.1,34.1,58.0
7331,1724169718011,abc0d16aaf15b3a4ee2e561195dfd82ab260497412e326bb57f2ee5bbe9042d8,422.0,1005.0,33.6,56.0
7332,1724170317982,abc0d16aaf15b3a4ee2e561195dfd82ab260497412e326bb57f2ee5bbe9042d8,465.0,1004.9,33.2,56.0
7333,1724170917946,abc0d16aaf15b3a4ee2e561195dfd82ab260497412e326bb57f2ee5bbe9042d8,458.0,1004.8,32.8,56.0
7334,1724171517928,abc0d16aaf15b3a4ee2e561195dfd82ab260497412e326bb57f2ee5bbe9042d8,431.0,1004.9,31.9,57.0
7335,1724172117898,abc0d16aaf15b3a4ee2e561195dfd82ab260497412e326bb57f2ee5bbe9042d8,453.0,1004.9,31.9,58.0
7336,1724172717869,abc0d16aaf15b3a4ee2e561195dfd82ab260497412e326bb57f2ee5bbe9042d8,436.0,1004.8,30.8,58.0
7337,1724173317874,abc0d16aaf15b3a4ee2e561195dfd82ab260497412e326bb57f2ee5bbe9042d8,468.0,1004.9,29.7,61.0
7338,1724173917818,abc0d16aaf15b3a4ee2e561195dfd82ab260497412e326bb57f2ee5bbe9042d8,469.0,1005.0,28.4,63.0
7339,1724174517778,abc0d16aaf15b3a4ee2e561195dfd82ab260497412e326bb57f2ee5bbe9042d8,452.0,1005.0,28.6,63.0
7340,1724175117769,abc0d16aaf15b3a4ee2e561195dfd82ab260497412e326bb57f2ee5bbe9042d8,452.0,1005.0,28.2,64.0
7341,1724175717736,abc0d16aaf15b3a4ee2e561195dfd82ab260497412e326bb57f2ee5bbe9042d8,476.0,1005.1,27.7,66.0
7342,1724176317696,abc0d16aaf15b3a4ee2e561195dfd82ab260497412e326bb57f2ee5bbe9042d8,489.0,1005.1,27.2,66.0
7343,1724176917678,abc0d16aaf15b3a4ee2e561195dfd82ab260497412e326bb57f2ee5bbe9042d8,504.0,1005.0,26.6,67.0
7344,1724177517650,abc0d16aaf15b3a4ee2e561195dfd82ab260497412e326bb57f2ee5bbe9042d8,533.0,1005.2,25.6,72.0
7345,1724178117614,abc0d16aaf15b3a4ee2e561195dfd82ab260497412e326bb57f2ee5bbe9042d8,524.0,1005.4,24.8,72.0
7346,1724178717611,abc0d16aaf15b3a4ee2e561195dfd82ab260497412e326bb57f2ee5bbe9042d8,509.0,1005.4,24.2,76.0
7347,1724179317557,abc0d16aaf15b3a4ee2e561195dfd82ab260497412e326bb57f2ee5bbe9042d8,514.0,1005.5,23.7,82.0
7348,1724179917519,abc0d16aaf15b3a4ee2e561195dfd82ab260497412e326bb57f2ee5bbe9042d8,516.0,1005.6,23.3,82.0
7349,1724180517545,abc0d16aaf15b3a4ee2e561195dfd82ab260497412e326bb57f2ee5bbe9042d8,596.0,1005.6,22.9,84.0
7350,1724181117471,abc0d16aaf15b3a4ee2e561195dfd82ab260497412e326bb57f2ee5bbe9042d8,602.0,1005.8,22.5,86.0
7351,1724181717428,abc0d16aaf15b3a4ee2e561195dfd82ab260497412e326bb57f2ee5bbe9042d8,603.0,1006.1,22.2,86.0
7352,1724182317424,abc0d16aaf15b3a4ee2e561195dfd82ab260497412e326bb57f2ee5bbe9042d8,623.0,1006.1,22.0,85.0
7353,1724182917398,abc0d16aaf15b3a4ee2e561195dfd82ab260497412e326bb57f2ee5bbe9042d8,626.0,1006.3,21.8,85.0
7354,1724183517346,abc0d16aaf15b3a4ee2e561195dfd82ab260497412e326bb57f2ee5bbe9042d8,537.0,1006.3,21.9,85.0
7355,1724184117321,abc0d16aaf15b3a4ee2e561195dfd82ab260497412e326bb57f2ee5bbe9042d8,564.0,1006.2,21.8,85.0
7356,1724184717303,abc0d16aaf15b3a4ee2e561195dfd82ab260497412e326bb57f2ee5bbe9042d8,513.0,1006.2,21.8,87.0
7357,1724185317270,abc0d16aaf15b3a4ee2e561195dfd82ab260497412e326bb57f2ee5bbe9042d8,508.0,1006.3,21.8,87.0
7358,1724185917193,abc0d16aaf15b3a4ee2e561195dfd82ab260497412e326bb57f2ee5bbe9042d8,501.0,1006.4,22.2,85.0
7359,1724186517209,abc0d16aaf15b3a4ee2e561195dfd82ab260497412e326bb57f2ee5bbe9042d8,516.0,1006.3,22.3,83.0
7360,1724187117183,abc0d16aaf15b3a4ee2e561195dfd82ab260497412e326bb57f2ee5bbe9042d8,480.0,1006.4,22.4,83.0
7361,1724187717162,abc0d16aaf15b3a4ee2e561195dfd82ab260497412e326bb57f2ee5bbe9042d8,491.0,1006.3,22.7,82.0
7362,1724188317128,abc0d16aaf15b3a4ee2e561195dfd82ab260497412e326bb57f2ee5bbe9042d8,474.0,1006.3,22.6,82.0
7363,1724188917099,abc0d16aaf15b3a4ee2e561195dfd82ab260497412e326bb57f2ee5bbe9042d8,505.0,1006.4,22.5,82.0
7364,1724189517071,abc0d16aaf15b3a4ee2e561195dfd82ab260497412e326bb57f2ee5bbe9042d8,504.0,1006.5,22.6,81.0
7365,1724190117038,abc0d16aaf15b3a4ee2e561195dfd82ab260497412e326bb57f2ee5bbe9042d8,501.0,1006.7,22.5,80.0
7366,1724190717001,abc0d16aaf15b3a4ee2e561195dfd82ab260497412e326bb57f2ee5bbe9042d8,498.0,1006.7,22.3,80.0
7367,1724191318692,abc0d16aaf15b3a4ee2e561195dfd82ab260497412e326bb57f2ee5bbe9042d8,498.0,1006.7,22.1,82.0
7368,1724191916957,abc0d16aaf15b3a4ee2e561195dfd82ab260497412e326bb57f2ee5bbe9042d8,504.0,1006.8,21.9,84.0
7369,1724192516899,abc0d16aaf15b3a4ee2e561195dfd82ab260497412e326bb57f2ee5bbe9042d8,509.0,1006.7,21.6,84.0
7370,1724193116901,abc0d16aaf15b3a4ee2e561195dfd82ab260497412e326bb57f2ee5bbe9042d8,485.0,1006.7,21.4,85.0
7371,1724193716871,abc0d16aaf15b3a4ee2e561195dfd82ab260497412e326bb57f2ee5bbe9042d8,505.0,1006.7,21.3,86.0
7372,1724194316833,abc0d16aaf15b3a4ee2e561195dfd82ab260497412e326bb57f2ee5bbe9042d8,502.0,1006.7,21.4,86.0
7373,1724194916816,abc0d16aaf15b3a4ee2e561195dfd82ab260497412e326bb57f2ee5bbe9042d8,503.0,1006.5,21.4,86.0
7374,1724195516787,abc0d16aaf15b3a4ee2e561195dfd82ab260497412e326bb57f2ee5bbe9042d8,521.0,1006.5,21.3,85.0
7375,1724196116736,abc0d16aaf15b3a4ee2e561195dfd82ab260497412e326bb57f2ee5bbe9042d8,510.0,1006.5,21.5,85.0
7376,1724196716741,abc0d16aaf15b3a4ee2e561195dfd82ab260497412e326bb57f2ee5bbe9042d8,495.0,1006.4,21.7,83.0
7377,1724197316695,abc0d16aaf15b3a4ee2e561195dfd82ab260497412e326bb57f2ee5bbe9042d8,510.0,1006.4,21.7,82.0
7378,1724197916651,abc0d16aaf15b3a4ee2e561195dfd82ab260497412e326bb57f2ee5bbe9042d8,493.0,1006.4,21.7,82.0
7379,1724198516641,abc0d16aaf15b3a4ee2e561195dfd82ab260497412e326bb57f2ee5bbe9042d8,506.0,1006.3,21.7,80.0
7380,1724199116609,abc0d16aaf15b3a4ee2e561195dfd82ab260497412e326bb57f2ee5bbe9042d8,513.0,1006.3,21.7,81.0
7381,1724199716531,abc0d16aaf15b3a4ee2e561195dfd82ab260497412e326bb57f2ee5bbe9042d8,495.0,1006.3,21.7,81.0
7382,1724200316552,abc0d16aaf15b3a4ee2e561195dfd82ab260497412e326bb57f2ee5bbe9042d8,495.0,1006.3,21.6,80.0
7383,1724200916535,abc0d16aaf15b3a4ee2e561195dfd82ab260497412e326bb57f2ee5bbe9042d8,512.0,1006.4,21.5,81.0
7384,1724201516475,abc0d16aaf15b3a4ee2e561195dfd82ab260497412e326bb57f2ee5bbe9042d8,482.0,1006.4,21.4,81.0
7385,1724202116465,abc0d16aaf15b3a4ee2e561195dfd82ab260497412e326bb57f2ee5bbe9042d8,485.0,1006.3,21.3,82.0
7386,1724202716437,abc0d16aaf15b3a4ee2e561195dfd82ab260497412e326bb57f2ee5bbe9042d8,521.0,1006.2,21.3,82.0
7387,1724203316402,abc0d16aaf15b3a4ee2e561195dfd82ab260497412e326bb57f2ee5bbe9042d8,519.0,1006.2,21.1,82.0
7388,1724203916385,abc0d16aaf15b3a4ee2e561195dfd82ab260497412e326bb57f2ee5bbe9042d8,524.0,1006.1,21.0,82.0
7389,1724204516338,abc0d16aaf15b3a4ee2e561195dfd82ab260497412e326bb57f2ee5bbe9042d8,522.0,1006.0,20.9,83.0
7390,1724205116305,abc0d16aaf15b3a4ee2e561195dfd82ab260497412e326bb57f2ee5bbe9042d8,490.0,1006.1,21.0,83.0
7391,1724205716284,abc0d16aaf15b3a4ee2e561195dfd82ab260497412e326bb57f2ee5bbe9042d8,503.0,1006.1,20.8,82.0
7392,1724206316270,abc0d16aaf15b3a4ee2e561195dfd82ab260497412e326bb57f2ee5bbe9042d8,514.0,1006.1,21.1,81.0
7393,1724206917959,abc0d16aaf15b3a4ee2e561195dfd82ab260497412e326bb57f2ee5bbe9042d8,500.0,1006.0,21.0,81.0
7394,1724207516198,abc0d16aaf15b3a4ee2e561195dfd82ab260497412e326bb57f2ee5bbe9042d8,501.0,1005.8,21.0,81.0
7395,1724208116171,abc0d16aaf15b3a4ee2e561195dfd82ab260497412e326bb57f2ee5bbe9042d8,504.0,1005.7,21.1,81.0
7396,1724208716133,abc0d16aaf15b3a4ee2e561195dfd82ab260497412e326bb57f2ee5bbe9042d8,490.0,1005.7,21.1,81.0
7397,1724209316107,abc0d16aaf15b3a4ee2e561195dfd82ab260497412e326bb57f2ee5bbe9042d8,489.0,1005.6,21.2,80.0
7398,1724209917786,abc0d16aaf15b3a4ee2e561195dfd82ab260497412e326bb57f2ee5bbe9042d8,487.0,1005.7,21.0,81.0
7399,1724210516059,abc0d16aaf15b3a4ee2e561195dfd82ab260497412e326bb57f2ee5bbe9042d8,518.0,1005.6,21.0,81.0
7400,1724211116018,abc0d16aaf15b3a4ee2e561195dfd82ab260497412e326bb57f2ee5bbe9042d8,499.0,1005.5,21.0,82.0
7401,1724211715960,abc0d16aaf15b3a4ee2e561195dfd82ab260497412e326bb57f2ee5bbe9042d8,504.0,1005.5,20.7,82.0
7402,1724212315959,abc0d16aaf15b3a4ee2e561195dfd82ab260497412e326bb57f2ee5bbe9042d8,512.0,1005.6,20.5,82.0
7403,1724212915936,abc0d16aaf15b3a4ee2e561195dfd82ab260497412e326bb57f2ee5bbe9042d8,508.0,1005.7,20.6,82.0
7404,1724213515919,abc0d16aaf15b3a4ee2e561195dfd82ab260497412e326bb57f2ee5bbe9042d8,510.0,1005.7,20.6,81.0
7405,1724214115875,abc0d16aaf15b3a4ee2e561195dfd82ab260497412e326bb57f2ee5bbe9042d8,529.0,1005.7,20.7,81.0
7406,1724214715847,abc0d16aaf15b3a4ee2e561195dfd82ab260497412e326bb57f2ee5bbe9042d8,514.0,1006.0,20.6,80.0
7407,1724215315844,abc0d16aaf15b3a4ee2e561195dfd82ab260497412e326bb57f2ee5bbe9042d8,515.0,1006.1,20.5,82.0
7408,1724215915791,abc0d16aaf15b3a4ee2e561195dfd82ab260497412e326bb57f2ee5bbe9042d8,521.0,1006.2,20.5,82.0
7409,1724216515762,abc0d16aaf15b3a4ee2e561195dfd82ab260497412e326bb57f2ee5bbe9042d8,503.0,1006.4,20.6,83.0
7410,1724217115748,abc0d16aaf15b3a4ee2e561195dfd82ab260497412e326bb57f2ee5bbe9042d8,507.0,1006.5,20.8,83.0
7411,1724217715708,abc0d16aaf15b3a4ee2e561195dfd82ab260497412e326bb57f2ee5bbe9042d8,497.0,1006.4,21.4,83.0
7412,1724218315669,abc0d16aaf15b3a4ee2e561195dfd82ab260497412e326bb57f2ee5bbe9042d8,514.0,1006.5,22.7,83.0
7413,1724218915618,abc0d16aaf15b3a4ee2e561195dfd82ab260497412e326bb57f2ee5bbe9042d8,516.0,1006.5,23.5,82.0
7414,1724219515621,abc0d16aaf15b3a4ee2e561195dfd82ab260497412e326bb57f2ee5bbe9042d8,517.0,1006.5,24.3,82.0
7415,1724220115557,abc0d16aaf15b3a4ee2e561195dfd82ab260497412e326bb57f2ee5bbe9042d8,504.0,1006.4,24.9,81.0
7416,1724220715568,abc0d16aaf15b3a4ee2e561195dfd82ab260497412e326bb57f2ee5bbe9042d8,493.0,1006.4,25.6,78.0
7417,1724221315530,abc0d16aaf15b3a4ee2e561195dfd82ab260497412e326bb57f2ee5bbe9042d8,499.0,1006.4,26.3,78.0
7418,1724221915503,abc0d16aaf15b3a4ee2e561195dfd82ab260497412e326bb57f2ee5bbe9042d8,485.0,1006.4,27.0,77.0
7419,1724222515493,abc0d16aaf15b3a4ee2e561195dfd82ab260497412e326bb57f2ee5bbe9042d8,501.0,1006.4,27.5,74.0
7420,1724223115444,abc0d16aaf15b3a4ee2e561195dfd82ab260497412e326bb57f2ee5bbe9042d8,501.0,1006.4,28.2,74.0
7421,1724223715424,abc0d16aaf15b3a4ee2e561195dfd82ab260497412e326bb57f2ee5bbe9042d8,498.0,1006.4,28.8,72.0
7422,1724224315400,abc0d16aaf15b3a4ee2e561195dfd82ab260497412e326bb57f2ee5bbe9042d8,489.0,1006.3,29.2,68.0
7423,1724224917073,abc0d16aaf15b3a4ee2e561195dfd82ab260497412e326bb57f2ee5bbe9042d8,497.0,1006.4,29.6,68.0
7424,1724225515345,abc0d16aaf15b3a4ee2e561195dfd82ab260497412e326bb57f2ee5bbe9042d8,483.0,1006.4,30.4,67.0
7425,1724226115308,abc0d16aaf15b3a4ee2e561195dfd82ab260497412e326bb57f2ee5bbe9042d8,487.0,1006.3,31.0,65.0
7426,1724226715273,abc0d16aaf15b3a4ee2e561195dfd82ab260497412e326bb57f2ee5bbe9042d8,456.0,1006.4,31.9,65.0
7427,1724227315248,abc0d16aaf15b3a4ee2e561195dfd82ab260497412e326bb57f2ee5bbe9042d8,478.0,1006.4,32.3,64.0
7428,1724227915218,abc0d16aaf15b3a4ee2e561195dfd82ab260497412e326bb57f2ee5bbe9042d8,475.0,1006.4,32.5,62.0
7429,1724228515182,abc0d16aaf15b3a4ee2e561195dfd82ab260497412e326bb57f2ee5bbe9042d8,453.0,1006.5,33.0,62.0
7430,1724229115155,abc0d16aaf15b3a4ee2e561195dfd82ab260497412e326bb57f2ee5bbe9042d8,474.0,1006.4,33.3,59.0
7431,1724229715161,abc0d16aaf15b3a4ee2e561195dfd82ab260497412e326bb57f2ee5bbe9042d8,466.0,1006.5,33.5,60.0
7432,1724230316809,abc0d16aaf15b3a4ee2e561195dfd82ab260497412e326bb57f2ee5bbe9042d8,458.0,1006.4,33.2,60.0
7433,1724230915105,abc0d16aaf15b3a4ee2e561195dfd82ab260497412e326bb57f2ee5bbe9042d8,502.0,1006.5,33.0,58.0
7434,1724231515061,abc0d16aaf15b3a4ee2e561195dfd82ab260497412e326bb57f2ee5bbe9042d8,469.0,1006.4,33.3,57.0
7435,1724232115033,abc0d16aaf15b3a4ee2e561195dfd82ab260497412e326bb57f2ee5bbe9042d8,479.0,1006.3,33.6,57.0
7436,1724232715017,abc0d16aaf15b3a4ee2e561195dfd82ab260497412e326bb57f2ee5bbe9042d8,469.0,1006.2,34.4,56.0
7437,1724233314997,abc0d16aaf15b3a4ee2e561195dfd82ab260497412e326bb57f2ee5bbe9042d8,462.0,1006.2,34.3,54.0
7438,1724233914951,abc0d16aaf15b3a4ee2e561195dfd82ab260497412e326bb57f2ee5bbe9042d8,480.0,1006.1,34.4,54.0
7439,1724234514923,abc0d16aaf15b3a4ee2e561195dfd82ab260497412e326bb57f2ee5bbe9042d8,458.0,1006.1,34.8,52.0
7440,1724235114911,abc0d16aaf15b3a4ee2e561195dfd82ab260497412e326bb57f2ee5bbe9042d8,455.0,1006.1,34.6,50.0
7441,1724235714872,abc0d16aaf15b3a4ee2e561195dfd82ab260497412e326bb57f2ee5bbe9042d8,447.0,1006.1,34.7,50.0
7442,1724236314858,abc0d16aaf15b3a4ee2e561195dfd82ab260497412e326bb57f2ee5bbe9042d8,464.0,1006.1,34.7,48.0
7443,1724236914836,abc0d16aaf15b3a4ee2e561195dfd82ab260497412e326bb57f2ee5bbe9042d8,439.0,1006.1,34.7,48.0
7444,1724237514800,abc0d16aaf15b3a4ee2e561195dfd82ab260497412e326bb57f2ee5bbe9042d8,441.0,1005.9,34.5,48.0
7445,1724238114828,abc0d16aaf15b3a4ee2e561195dfd82ab260497412e326bb57f2ee5bbe9042d8,449.0,1005.9,34.7,47.0
7446,1724238714772,abc0d16aaf15b3a4ee2e561195dfd82ab260497412e326bb57f2ee5bbe9042d8,426.0,1005.8,35.1,46.0
7447,1724239314724,abc0d16aaf15b3a4ee2e561195dfd82ab260497412e326bb57f2ee5bbe9042d8,459.0,1005.7,35.3,46.0
7448,1724239914703,abc0d16aaf15b3a4ee2e561195dfd82ab260497412e326bb57f2ee5bbe9042d8,469.0,1005.7,35.6,45.0
7449,1724240514688,abc0d16aaf15b3a4ee2e561195dfd82ab260497412e326bb57f2ee5bbe9042d8,455.0,1005.7,35.9,44.0
7450,1724241116369,abc0d16aaf15b3a4ee2e561195dfd82ab260497412e326bb57f2ee5bbe9042d8,459.0,1005.6,36.0,44.0
7451,1724241714645,abc0d16aaf15b3a4ee2e561195dfd82ab260497412e326bb57f2ee5bbe9042d8,453.0,1005.5,36.0,44.0
7452,1724242314623,abc0d16aaf15b3a4ee2e561195dfd82ab260497412e326bb57f2ee5bbe9042d8,457.0,1005.5,36.6,43.0
7453,1724242914594,abc0d16aaf15b3a4ee2e561195dfd82ab260497412e326bb57f2ee5bbe9042d8,452.0,1005.4,37.0,43.0
7454,1724243514546,abc0d16aaf15b3a4ee2e561195dfd82ab260497412e326bb57f2ee5bbe9042d8,458.0,1005.2,36.8,43.0
7455,1724244114556,abc0d16aaf15b3a4ee2e561195dfd82ab260497412e326bb57f2ee5bbe9042d8,453.0,1005.1,36.9,41.0
7456,1724244714534,abc0d16aaf15b3a4ee2e561195dfd82ab260497412e326bb57f2ee5bbe9042d8,427.0,1004.9,36.9,41.0
7457,1724245314516,abc0d16aaf15b3a4ee2e561195dfd82ab260497412e326bb57f2ee5bbe9042d8,441.0,1004.8,37.1,38.0
7458,1724245914497,abc0d16aaf15b3a4ee2e561195dfd82ab260497412e326bb57f2ee5bbe9042d8,465.0,1004.8,37.5,39.0
7459,1724246514458,abc0d16aaf15b3a4ee2e561195dfd82ab260497412e326bb57f2ee5bbe9042d8,442.0,1004.6,37.9,39.0
7460,1724247114444,abc0d16aaf15b3a4ee2e561195dfd82ab260497412e326bb57f2ee5bbe9042d8,443.0,1004.6,37.9,39.0
7461,1724247714424,abc0d16aaf15b3a4ee2e561195dfd82ab260497412e326bb57f2ee5bbe9042d8,437.0,1004.6,38.3,39.0
7462,1724248314380,abc0d16aaf15b3a4ee2e561195dfd82ab260497412e326bb57f2ee5bbe9042d8,460.0,1004.5,38.3,39.0
7463,1724248914397,abc0d16aaf15b3a4ee2e561195dfd82ab260497412e326bb57f2ee5bbe9042d8,452.0,1004.4,38.3,38.0
7464,1724249514347,abc0d16aaf15b3a4ee2e561195dfd82ab260497412e326bb57f2ee5bbe9042d8,440.0,1004.3,38.3,38.0
7465,1724250114320,abc0d16aaf15b3a4ee2e561195dfd82ab260497412e326bb57f2ee5bbe9042d8,450.0,1004.2,38.5,38.0
7466,1724250714291,abc0d16aaf15b3a4ee2e561195dfd82ab260497412e326bb57f2ee5bbe9042d8,434.0,1004.1,38.7,36.0
7467,1724251314279,abc0d16aaf15b3a4ee2e561195dfd82ab260497412e326bb57f2ee5bbe9042d8,448.0,1004.1,39.2,38.0
7468,1724251914303,abc0d16aaf15b3a4ee2e561195dfd82ab260497412e326bb57f2ee5bbe9042d8,437.0,1004.1,39.0,38.0
7469,1724252514236,abc0d16aaf15b3a4ee2e561195dfd82ab260497412e326bb57f2ee5bbe9042d8,442.0,1004.1,39.0,40.0
7470,1724253114221,abc0d16aaf15b3a4ee2e561195dfd82ab260497412e326bb57f2ee5bbe9042d8,446.0,1004.1,38.9,41.0
7471,1724253714180,abc0d16aaf15b3a4ee2e561195dfd82ab260497412e326bb57f2ee5bbe9042d8,445.0,1004.0,38.9,41.0
7472,1724254314158,abc0d16aaf15b3a4ee2e561195dfd82ab260497412e326bb57f2ee5bbe9042d8,449.0,1004.0,39.0,40.0
7473,1724254914155,abc0d16aaf15b3a4ee2e561195dfd82ab260497412e326bb57f2ee5bbe9042d8,442.0,1003.9,39.7,40.0
7474,1724255514116,abc0d16aaf15b3a4ee2e561195dfd82ab260497412e326bb57f2ee5bbe9042d8,452.0,1003.9,39.1,40.0
7475,1724256114104,abc0d16aaf15b3a4ee2e561195dfd82ab260497412e326bb57f2ee5bbe9042d8,431.0,1003.9,38.3,39.0
7476,1724256714086,abc0d16aaf15b3a4ee2e561195dfd82ab260497412e326bb57f2ee5bbe9042d8,449.0,1003.8,38.9,40.0
7477,1724257314043,abc0d16aaf15b3a4ee2e561195dfd82ab260497412e326bb57f2ee5bbe9042d8,421.0,1003.7,38.1,40.0
7478,1724257914021,abc0d16aaf15b3a4ee2e561195dfd82ab260497412e326bb57f2ee5bbe9042d8,433.0,1003.6,37.9,39.0
7479,1724258514008,abc0d16aaf15b3a4ee2e561195dfd82ab260497412e326bb57f2ee5bbe9042d8,436.0,1003.7,37.1,39.0
7480,1724259113977,abc0d16aaf15b3a4ee2e561195dfd82ab260497412e326bb57f2ee5bbe9042d8,436.0,1003.7,37.0,39.0
7481,1724259713962,abc0d16aaf15b3a4ee2e561195dfd82ab260497412e326bb57f2ee5bbe9042d8,448.0,1003.8,36.2,42.0
7482,1724260313946,abc0d16aaf15b3a4ee2e561195dfd82ab260497412e326bb57f2ee5bbe9042d8,452.0,1003.9,34.7,43.0
7483,1724260913892,abc0d16aaf15b3a4ee2e561195dfd82ab260497412e326bb57f2ee5bbe9042d8,441.0,1004.0,33.9,43.0
7484,1724261513881,abc0d16aaf15b3a4ee2e561195dfd82ab260497412e326bb57f2ee5bbe9042d8,430.0,1004.1,32.5,43.0
7485,1724262113863,abc0d16aaf15b3a4ee2e561195dfd82ab260497412e326bb57f2ee5bbe9042d8,452.0,1004.3,31.0,45.0
7486,1724262713809,abc0d16aaf15b3a4ee2e561195dfd82ab260497412e326bb57f2ee5bbe9042d8,437.0,1004.5,30.1,45.0
7487,1724263313796,abc0d16aaf15b3a4ee2e561195dfd82ab260497412e326bb57f2ee5bbe9042d8,473.0,1004.7,29.5,47.0
7488,1724263913748,abc0d16aaf15b3a4ee2e561195dfd82ab260497412e326bb57f2ee5bbe9042d8,446.0,1004.8,28.9,49.0
7489,1724264513735,abc0d16aaf15b3a4ee2e561195dfd82ab260497412e326bb57f2ee5bbe9042d8,478.0,1004.9,28.3,49.0
7490,1724265113709,abc0d16aaf15b3a4ee2e561195dfd82ab260497412e326bb57f2ee5bbe9042d8,552.0,1005.0,27.6,52.0
7491,1724265713709,abc0d16aaf15b3a4ee2e561195dfd82ab260497412e326bb57f2ee5bbe9042d8,507.0,1005.2,27.0,55.0
7492,1724266313654,abc0d16aaf15b3a4ee2e561195dfd82ab260497412e326bb57f2ee5bbe9042d8,598.0,1005.3,26.8,55.0
7493,1724266913631,abc0d16aaf15b3a4ee2e561195dfd82ab260497412e326bb57f2ee5bbe9042d8,537.0,1005.5,26.4,55.0
7494,1724267513597,abc0d16aaf15b3a4ee2e561195dfd82ab260497412e326bb57f2ee5bbe9042d8,533.0,1005.7,26.2,56.0
7495,1724268113555,abc0d16aaf15b3a4ee2e561195dfd82ab260497412e326bb57f2ee5bbe9042d8,553.0,1005.8,25.8,56.0
7496,1724268713533,abc0d16aaf15b3a4ee2e561195dfd82ab260497412e326bb57f2ee5bbe9042d8,633.0,1005.9,25.3,59.0
7497,1724269313518,abc0d16aaf15b3a4ee2e561195dfd82ab260497412e326bb57f2ee5bbe9042d8,635.0,1006.2,24.5,63.0
7498,1724269913475,abc0d16aaf15b3a4ee2e561195dfd82ab260497412e326bb57f2ee5bbe9042d8,606.0,1006.3,24.3,63.0
7499,1724270513457,abc0d16aaf15b3a4ee2e561195dfd82ab260497412e326bb57f2ee5bbe9042d8,623.0,1006.5,24.0,65.0
7500,1724271113428,abc0d16aaf15b3a4ee2e561195dfd82ab260497412e326bb57f2ee5bbe9042d8,645.0,1006.5,23.7,69.0
7501,1724271713393,abc0d16aaf15b3a4ee2e561195dfd82ab260497412e326bb57f2ee5bbe9042d8,575.0,1006.5,23.8,69.0
7502,1724272313410,abc0d16aaf15b3a4ee2e561195dfd82ab260497412e326bb57f2ee5bbe9042d8,588.0,1006.6,23.5,75.0
7503,1724272913346,abc0d16aaf15b3a4ee2e561195dfd82ab260497412e326bb57f2ee5bbe9042d8,673.0,1006.8,23.4,78.0
7504,1724273513293,abc0d16aaf15b3a4ee2e561195dfd82ab260497412e326bb57f2ee5bbe9042d8,609.0,1007.0,23.1,78.0
7505,1724274113288,abc0d16aaf15b3a4ee2e561195dfd82ab260497412e326bb57f2ee5bbe9042d8,609.0,1007.1,23.0,77.0
7506,1724274713253,abc0d16aaf15b3a4ee2e561195dfd82ab260497412e326bb57f2ee5bbe9042d8,746.0,1007.2,22.6,80.0
7507,1724275313223,abc0d16aaf15b3a4ee2e561195dfd82ab260497412e326bb57f2ee5bbe9042d8,814.0,1007.2,22.2,80.0
7508,1724275913183,abc0d16aaf15b3a4ee2e561195dfd82ab260497412e326bb57f2ee5bbe9042d8,706.0,1007.3,21.9,84.0
7509,1724276513183,abc0d16aaf15b3a4ee2e561195dfd82ab260497412e326bb57f2ee5bbe9042d8,647.0,1007.5,22.0,87.0
7510,1724277113136,abc0d16aaf15b3a4ee2e561195dfd82ab260497412e326bb57f2ee5bbe9042d8,739.0,1007.5,21.9,87.0
7511,1724277713125,abc0d16aaf15b3a4ee2e561195dfd82ab260497412e326bb57f2ee5bbe9042d8,691.0,1007.5,21.8,88.0
7512,1724278313085,abc0d16aaf15b3a4ee2e561195dfd82ab260497412e326bb57f2ee5bbe9042d8,741.0,1007.5,21.6,90.0
7513,1724278913046,abc0d16aaf15b3a4ee2e561195dfd82ab260497412e326bb57f2ee5bbe9042d8,772.0,1007.6,21.2,90.0
7514,1724279513017,abc0d16aaf15b3a4ee2e561195dfd82ab260497412e326bb57f2ee5bbe9042d8,786.0,1007.7,21.3,90.0
7515,1724280113003,abc0d16aaf15b3a4ee2e561195dfd82ab260497412e326bb57f2ee5bbe9042d8,738.0,1007.7,21.2,92.0
7516,1724280712951,abc0d16aaf15b3a4ee2e561195dfd82ab260497412e326bb57f2ee5bbe9042d8,761.0,1007.7,21.1,92.0
7517,1724281314643,abc0d16aaf15b3a4ee2e561195dfd82ab260497412e326bb57f2ee5bbe9042d8,779.0,1007.8,20.9,93.0
7518,1724281912907,abc0d16aaf15b3a4ee2e561195dfd82ab260497412e326bb57f2ee5bbe9042d8,688.0,1007.7,21.0,93.0
7519,1724282512879,abc0d16aaf15b3a4ee2e561195dfd82ab260497412e326bb57f2ee5bbe9042d8,612.0,1007.8,21.4,93.0
7520,1724283112839,abc0d16aaf15b3a4ee2e561195dfd82ab260497412e326bb57f2ee5bbe9042d8,689.0,1007.9,21.2,91.0
7521,1724283712835,abc0d16aaf15b3a4ee2e561195dfd82ab260497412e326bb57f2ee5bbe9042d8,622.0,1008.0,21.4,92.0
7522,1724284312772,abc0d16aaf15b3a4ee2e561195dfd82ab260497412e326bb57f2ee5bbe9042d8,655.0,1008.0,21.5,92.0
7523,1724284912782,abc0d16aaf15b3a4ee2e561195dfd82ab260497412e326bb57f2ee5bbe9042d8,653.0,1008.0,21.3,93.0
7524,1724285512732,abc0d16aaf15b3a4ee2e561195dfd82ab260497412e326bb57f2ee5bbe9042d8,687.0,1008.1,21.0,94.0
7525,1724286112698,abc0d16aaf15b3a4ee2e561195dfd82ab260497412e326bb57f2ee5bbe9042d8,681.0,1008.1,21.0,94.0
7526,1724286712667,abc0d16aaf15b3a4ee2e561195dfd82ab260497412e326bb57f2ee5bbe9042d8,686.0,1008.1,20.8,94.0
7527,1724287312657,abc0d16aaf15b3a4ee2e561195dfd82ab260497412e326bb57f2ee5bbe9042d8,736.0,1008.0,20.7,95.0
7528,1724287912597,abc0d16aaf15b3a4ee2e561195dfd82ab260497412e326bb57f2ee5bbe9042d8,715.0,1008.0,20.5,95.0
7529,1724288512592,abc0d16aaf15b3a4ee2e561195dfd82ab260497412e326bb57f2ee5bbe9042d8,763.0,1007.9,20.3,98.0
7530,1724289112566,abc0d16aaf15b3a4ee2e561195dfd82ab260497412e326bb57f2ee5bbe9042d8,740.0,1008.0,20.2,100.0
7531,1724289712526,abc0d16aaf15b3a4ee2e561195dfd82ab260497412e326bb57f2ee5bbe9042d8,677.0,1007.9,20.2,100.0
7532,1724290312516,abc0d16aaf15b3a4ee2e561195dfd82ab260497412e326bb57f2ee5bbe9042d8,722.0,1007.9,20.1,100.0
7533,1724290912487,abc0d16aaf15b3a4ee2e561195dfd82ab260497412e326bb57f2ee5bbe9042d8,781.0,1007.9,20.1,100.0
7534,1724291512445,abc0d16aaf15b3a4ee2e561195dfd82ab260497412e326bb57f2ee5bbe9042d8,679.0,1008.0,20.1,100.0
7535,1724292112419,abc0d16aaf15b3a4ee2e561195dfd82ab260497412e326bb57f2ee5bbe9042d8,688.0,1008.0,20.1,100.0
7536,1724292712383,abc0d16aaf15b3a4ee2e561195dfd82ab260497412e326bb57f2ee5bbe9042d8,764.0,1008.0,19.9,100.0
7537,1724293312377,abc0d16aaf15b3a4ee2e561195dfd82ab260497412e326bb57f2ee5bbe9042d8,671.0,1008.0,19.9,100.0
7538,1724293912340,abc0d16aaf15b3a4ee2e561195dfd82ab260497412e326bb57f2ee5bbe9042d8,634.0,1008.1,20.4,100.0
7539,1724294512312,abc0d16aaf15b3a4ee2e561195dfd82ab260497412e326bb57f2ee5bbe9042d8,632.0,1008.2,20.5,100.0
7540,1724295112260,abc0d16aaf15b3a4ee2e561195dfd82ab260497412e326bb57f2ee5bbe9042d8,646.0,1008.1,20.4,100.0
7541,1724295712243,abc0d16aaf15b3a4ee2e561195dfd82ab260497412e326bb57f2ee5bbe9042d8,668.0,1008.1,20.2,98.0
7542,1724296312209,abc0d16aaf15b3a4ee2e561195dfd82ab260497412e326bb57f2ee5bbe9042d8,682.0,1008.2,19.9,99.0
7543,1724296912190,abc0d16aaf15b3a4ee2e561195dfd82ab260497412e326bb57f2ee5bbe9042d8,731.0,1008.1,19.8,99.0
7544,1724297512160,abc0d16aaf15b3a4ee2e561195dfd82ab260497412e326bb57f2ee5bbe9042d8,735.0,1008.2,19.6,100.0
7545,1724298112144,abc0d16aaf15b3a4ee2e561195dfd82ab260497412e326bb57f2ee5bbe9042d8,726.0,1008.2,19.5,100.0
7546,1724298712094,abc0d16aaf15b3a4ee2e561195dfd82ab260497412e326bb57f2ee5bbe9042d8,645.0,1008.4,19.6,100.0
7547,1724299312068,abc0d16aaf15b3a4ee2e561195dfd82ab260497412e326bb57f2ee5bbe9042d8,626.0,1008.4,19.8,100.0
7548,1724299912042,abc0d16aaf15b3a4ee2e561195dfd82ab260497412e326bb57f2ee5bbe9042d8,586.0,1008.4,20.0,100.0
7549,1724300512003,abc0d16aaf15b3a4ee2e561195dfd82ab260497412e326bb57f2ee5bbe9042d8,570.0,1008.6,20.4,100.0
7550,1724301111928,abc0d16aaf15b3a4ee2e561195dfd82ab260497412e326bb57f2ee5bbe9042d8,558.0,1008.7,20.5,99.0
7551,1724301711969,abc0d16aaf15b3a4ee2e561195dfd82ab260497412e326bb57f2ee5bbe9042d8,544.0,1008.7,20.9,97.0
7552,1724302311921,abc0d16aaf15b3a4ee2e561195dfd82ab260497412e326bb57f2ee5bbe9042d8,538.0,1008.7,21.2,97.0
7553,1724302911887,abc0d16aaf15b3a4ee2e561195dfd82ab260497412e326bb57f2ee5bbe9042d8,537.0,1008.7,21.4,94.0
7554,1724303511879,abc0d16aaf15b3a4ee2e561195dfd82ab260497412e326bb57f2ee5bbe9042d8,540.0,1008.8,21.7,94.0
7555,1724304111873,abc0d16aaf15b3a4ee2e561195dfd82ab260497412e326bb57f2ee5bbe9042d8,532.0,1008.9,22.1,94.0
7556,1724304711812,abc0d16aaf15b3a4ee2e561195dfd82ab260497412e326bb57f2ee5bbe9042d8,535.0,1009.0,22.2,94.0
7557,1724305311785,abc0d16aaf15b3a4ee2e561195dfd82ab260497412e326bb57f2ee5bbe9042d8,538.0,1009.1,22.5,94.0
7558,1724305911742,abc0d16aaf15b3a4ee2e561195dfd82ab260497412e326bb57f2ee5bbe9042d8,545.0,1009.0,23.0,94.0
7559,1724306511717,abc0d16aaf15b3a4ee2e561195dfd82ab260497412e326bb57f2ee5bbe9042d8,529.0,1009.1,24.3,94.0
7560,1724307111701,abc0d16aaf15b3a4ee2e561195dfd82ab260497412e326bb57f2ee5bbe9042d8,542.0,1009.0,25.6,93.0
7561,1724307711665,abc0d16aaf15b3a4ee2e561195dfd82ab260497412e326bb57f2ee5bbe9042d8,535.0,1009.1,25.8,93.0
7562,1724308311635,abc0d16aaf15b3a4ee2e561195dfd82ab260497412e326bb57f2ee5bbe9042d8,549.0,1009.1,26.5,89.0
7563,1724308911631,abc0d16aaf15b3a4ee2e561195dfd82ab260497412e326bb57f2ee5bbe9042d8,541.0,1009.1,27.0,86.0
7564,1724309511572,abc0d16aaf15b3a4ee2e561195dfd82ab260497412e326bb57f2ee5bbe9042d8,533.0,1009.0,27.5,86.0
7565,1724310111550,abc0d16aaf15b3a4ee2e561195dfd82ab260497412e326bb57f2ee5bbe9042d8,529.0,1009.1,27.6,83.0
7566,1724310711491,abc0d16aaf15b3a4ee2e561195dfd82ab260497412e326bb57f2ee5bbe9042d8,529.0,1009.0,28.2,80.0
7567,1724311311482,abc0d16aaf15b3a4ee2e561195dfd82ab260497412e326bb57f2ee5bbe9042d8,528.0,1009.0,28.5,80.0
7568,1724311911461,abc0d16aaf15b3a4ee2e561195dfd82ab260497412e326bb57f2ee5bbe9042d8,531.0,1008.9,28.9,80.0
7569,1724312511465,abc0d16aaf15b3a4ee2e561195dfd82ab260497412e326bb57f2ee5bbe9042d8,498.0,1008.8,29.1,77.0
7570,1724313111387,abc0d16aaf15b3a4ee2e561195dfd82ab260497412e326bb57f2ee5bbe9042d8,526.0,1008.9,29.7,77.0
7571,1724313711374,abc0d16aaf15b3a4ee2e561195dfd82ab260497412e326bb57f2ee5bbe9042d8,503.0,1009.0,29.7,74.0
7572,1724314311370,abc0d16aaf15b3a4ee2e561195dfd82ab260497412e326bb57f2ee5bbe9042d8,493.0,1009.0,30.2,72.0
7573,1724314913029,abc0d16aaf15b3a4ee2e561195dfd82ab260497412e326bb57f2ee5bbe9042d8,483.0,1008.9,30.5,72.0
7574,1724315511296,abc0d16aaf15b3a4ee2e561195dfd82ab260497412e326bb57f2ee5bbe9042d8,475.0,1009.0,30.4,70.0
7575,1724316111255,abc0d16aaf15b3a4ee2e561195dfd82ab260497412e326bb57f2ee5bbe9042d8,493.0,1008.9,30.6,70.0
7576,1724316711225,abc0d16aaf15b3a4ee2e561195dfd82ab260497412e326bb57f2ee5bbe9042d8,474.0,1008.8,31.1,70.0
7577,1724317311220,abc0d16aaf15b3a4ee2e561195dfd82ab260497412e326bb57f2ee5bbe9042d8,454.0,1008.8,31.4,67.0
7578,1724317911190,abc0d16aaf15b3a4ee2e561195dfd82ab260497412e326bb57f2ee5bbe9042d8,466.0,1008.7,31.6,65.0
7579,1724318511147,abc0d16aaf15b3a4ee2e561195dfd82ab260497412e326bb57f2ee5bbe9042d8,451.0,1008.7,31.5,65.0
7580,1724319111150,abc0d16aaf15b3a4ee2e561195dfd82ab260497412e326bb57f2ee5bbe9042d8,462.0,1008.6,31.6,65.0
7581,1724319711113,abc0d16aaf15b3a4ee2e561195dfd82ab260497412e326bb57f2ee5bbe9042d8,484.0,1008.7,31.7,64.0
7582,1724320311062,abc0d16aaf15b3a4ee2e561195dfd82ab260497412e326bb57f2ee5bbe9042d8,455.0,1008.6,32.3,64.0
7583,1724320911053,abc0d16aaf15b3a4ee2e561195dfd82ab260497412e326bb57f2ee5bbe9042d8,457.0,1008.5,32.7,63.0
7584,1724321511024,abc0d16aaf15b3a4ee2e561195dfd82ab260497412e326bb57f2ee5bbe9042d8,464.0,1008.5,32.4,62.0
7585,1724322110988,abc0d16aaf15b3a4ee2e561195dfd82ab260497412e326bb57f2ee5bbe9042d8,453.0,1008.4,32.7,62.0
7586,1724322710965,abc0d16aaf15b3a4ee2e561195dfd82ab260497412e326bb57f2ee5bbe9042d8,469.0,1008.2,32.9,63.0
7587,1724323310937,abc0d16aaf15b3a4ee2e561195dfd82ab260497412e326bb57f2ee5bbe9042d8,459.0,1008.1,32.9,61.0
7588,1724323910905,abc0d16aaf15b3a4ee2e561195dfd82ab260497412e326bb57f2ee5bbe9042d8,448.0,1007.9,33.1,61.0
7589,1724325710841,abc0d16aaf15b3a4ee2e561195dfd82ab260497412e326bb57f2ee5bbe9042d8,444.0,1007.6,33.2,60.0
7590,1724326310815,abc0d16aaf15b3a4ee2e561195dfd82ab260497412e326bb57f2ee5bbe9042d8,467.0,1007.5,33.9,59.0
7591,1724326910802,abc0d16aaf15b3a4ee2e561195dfd82ab260497412e326bb57f2ee5bbe9042d8,425.0,1007.5,33.8,57.0
7592,1724327510750,abc0d16aaf15b3a4ee2e561195dfd82ab260497412e326bb57f2ee5bbe9042d8,443.0,1007.3,34.0,57.0
7593,1724328110742,abc0d16aaf15b3a4ee2e561195dfd82ab260497412e326bb57f2ee5bbe9042d8,436.0,1007.3,33.9,57.0
7594,1724328710711,abc0d16aaf15b3a4ee2e561195dfd82ab260497412e326bb57f2ee5bbe9042d8,469.0,1007.2,34.6,55.0
7595,1724329310686,abc0d16aaf15b3a4ee2e561195dfd82ab260497412e326bb57f2ee5bbe9042d8,435.0,1007.0,34.7,55.0
7596,1724329910680,abc0d16aaf15b3a4ee2e561195dfd82ab260497412e326bb57f2ee5bbe9042d8,438.0,1006.9,34.8,53.0
7597,1724330510649,abc0d16aaf15b3a4ee2e561195dfd82ab260497412e326bb57f2ee5bbe9042d8,429.0,1006.9,35.1,53.0
7598,1724331112328,abc0d16aaf15b3a4ee2e561195dfd82ab260497412e326bb57f2ee5bbe9042d8,453.0,1006.8,35.3,53.0
7599,1724331710600,abc0d16aaf15b3a4ee2e561195dfd82ab260497412e326bb57f2ee5bbe9042d8,455.0,1006.6,35.7,52.0
7600,1724332310577,abc0d16aaf15b3a4ee2e561195dfd82ab260497412e326bb57f2ee5bbe9042d8,454.0,1006.4,35.5,51.0
7601,1724332910554,abc0d16aaf15b3a4ee2e561195dfd82ab260497412e326bb57f2ee5bbe9042d8,440.0,1006.3,35.9,51.0
7602,1724333510508,abc0d16aaf15b3a4ee2e561195dfd82ab260497412e326bb57f2ee5bbe9042d8,476.0,1006.1,36.5,50.0
7603,1724334110485,abc0d16aaf15b3a4ee2e561195dfd82ab260497412e326bb57f2ee5bbe9042d8,436.0,1006.1,36.2,51.0
7604,1724334710466,abc0d16aaf15b3a4ee2e561195dfd82ab260497412e326bb57f2ee5bbe9042d8,427.0,1006.0,35.6,51.0
7605,1724335310450,abc0d16aaf15b3a4ee2e561195dfd82ab260497412e326bb57f2ee5bbe9042d8,464.0,1005.9,35.8,49.0
7606,1724335910426,abc0d16aaf15b3a4ee2e561195dfd82ab260497412e326bb57f2ee5bbe9042d8,456.0,1005.6,36.8,48.0
7607,1724336510397,abc0d16aaf15b3a4ee2e561195dfd82ab260497412e326bb57f2ee5bbe9042d8,436.0,1005.7,37.5,48.0
7608,1724337110378,abc0d16aaf15b3a4ee2e561195dfd82ab260497412e326bb57f2ee5bbe9042d8,457.0,1005.7,37.3,48.0
7609,1724337710362,abc0d16aaf15b3a4ee2e561195dfd82ab260497412e326bb57f2ee5bbe9042d8,461.0,1005.8,36.0,49.0
7610,1724338310306,abc0d16aaf15b3a4ee2e561195dfd82ab260497412e326bb57f2ee5bbe9042d8,428.0,1005.9,35.2,49.0
7611,1724338910308,abc0d16aaf15b3a4ee2e561195dfd82ab260497412e326bb57f2ee5bbe9042d8,432.0,1005.8,32.9,49.0
7612,1724339511998,abc0d16aaf15b3a4ee2e561195dfd82ab260497412e326bb57f2ee5bbe9042d8,439.0,1005.8,31.8,52.0
7613,1724340110224,abc0d16aaf15b3a4ee2e561195dfd82ab260497412e326bb57f2ee5bbe9042d8,452.0,1005.9,31.3,52.0
7614,1724340710236,abc0d16aaf15b3a4ee2e561195dfd82ab260497412e326bb57f2ee5bbe9042d8,442.0,1006.0,31.0,55.0
7615,1724341310216,abc0d16aaf15b3a4ee2e561195dfd82ab260497412e326bb57f2ee5bbe9042d8,441.0,1006.0,31.7,52.0
7616,1724341910152,abc0d16aaf15b3a4ee2e561195dfd82ab260497412e326bb57f2ee5bbe9042d8,447.0,1005.8,31.6,52.0
7617,1724342510174,abc0d16aaf15b3a4ee2e561195dfd82ab260497412e326bb57f2ee5bbe9042d8,444.0,1005.9,31.8,57.0
7618,1724343110127,abc0d16aaf15b3a4ee2e561195dfd82ab260497412e326bb57f2ee5bbe9042d8,468.0,1006.0,31.5,61.0
7619,1724343710067,abc0d16aaf15b3a4ee2e561195dfd82ab260497412e326bb57f2ee5bbe9042d8,451.0,1006.1,30.3,61.0
7620,1724344310066,abc0d16aaf15b3a4ee2e561195dfd82ab260497412e326bb57f2ee5bbe9042d8,460.0,1006.1,29.6,62.0
7621,1724344910042,abc0d16aaf15b3a4ee2e561195dfd82ab260497412e326bb57f2ee5bbe9042d8,458.0,1005.9,29.4,62.0
7622,1724345509991,abc0d16aaf15b3a4ee2e561195dfd82ab260497412e326bb57f2ee5bbe9042d8,458.0,1005.9,29.8,62.0
7623,1724346109990,abc0d16aaf15b3a4ee2e561195dfd82ab260497412e326bb57f2ee5bbe9042d8,462.0,1005.9,30.2,62.0
7624,1724346709944,abc0d16aaf15b3a4ee2e561195dfd82ab260497412e326bb57f2ee5bbe9042d8,467.0,1006.0,30.3,63.0
7625,1724347309909,abc0d16aaf15b3a4ee2e561195dfd82ab260497412e326bb57f2ee5bbe9042d8,443.0,1006.0,30.0,63.0
7626,1724347909909,abc0d16aaf15b3a4ee2e561195dfd82ab260497412e326bb57f2ee5bbe9042d8,433.0,1006.1,29.8,63.0
7627,1724348509878,abc0d16aaf15b3a4ee2e561195dfd82ab260497412e326bb57f2ee5bbe9042d8,458.0,1006.2,28.7,64.0
7628,1724349109841,abc0d16aaf15b3a4ee2e561195dfd82ab260497412e326bb57f2ee5bbe9042d8,466.0,1006.2,28.0,64.0
7629,1724349709815,abc0d16aaf15b3a4ee2e561195dfd82ab260497412e326bb57f2ee5bbe9042d8,468.0,1006.4,27.2,67.0
7630,1724350309799,abc0d16aaf15b3a4ee2e561195dfd82ab260497412e326bb57f2ee5bbe9042d8,479.0,1006.4,26.6,70.0
7631,1724350909735,abc0d16aaf15b3a4ee2e561195dfd82ab260497412e326bb57f2ee5bbe9042d8,544.0,1006.4,25.9,70.0
7632,1724351509730,abc0d16aaf15b3a4ee2e561195dfd82ab260497412e326bb57f2ee5bbe9042d8,526.0,1006.6,25.4,72.0
7633,1724352109705,abc0d16aaf15b3a4ee2e561195dfd82ab260497412e326bb57f2ee5bbe9042d8,594.0,1006.7,24.6,77.0
7634,1724352709653,abc0d16aaf15b3a4ee2e561195dfd82ab260497412e326bb57f2ee5bbe9042d8,532.0,1006.9,24.2,77.0
7635,1724353309679,abc0d16aaf15b3a4ee2e561195dfd82ab260497412e326bb57f2ee5bbe9042d8,579.0,1007.0,23.9,81.0
7636,1724353909606,abc0d16aaf15b3a4ee2e561195dfd82ab260497412e326bb57f2ee5bbe9042d8,505.0,1007.2,23.7,79.0
7637,1724354509573,abc0d16aaf15b3a4ee2e561195dfd82ab260497412e326bb57f2ee5bbe9042d8,512.0,1007.2,23.7,79.0
7638,1724355109558,abc0d16aaf15b3a4ee2e561195dfd82ab260497412e326bb57f2ee5bbe9042d8,527.0,1007.4,23.6,81.0
7639,1724355709543,abc0d16aaf15b3a4ee2e561195dfd82ab260497412e326bb57f2ee5bbe9042d8,569.0,1007.5,23.4,81.0
7640,1724356309499,abc0d16aaf15b3a4ee2e561195dfd82ab260497412e326bb57f2ee5bbe9042d8,599.0,1007.6,22.9,81.0
7641,1724356909468,abc0d16aaf15b3a4ee2e561195dfd82ab260497412e326bb57f2ee5bbe9042d8,570.0,1007.6,22.6,84.0
7642,1724357509406,abc0d16aaf15b3a4ee2e561195dfd82ab260497412e326bb57f2ee5bbe9042d8,627.0,1007.8,22.4,85.0
7643,1724358109379,abc0d16aaf15b3a4ee2e561195dfd82ab260497412e326bb57f2ee5bbe9042d8,591.0,1007.9,22.3,85.0
7644,1724358709387,abc0d16aaf15b3a4ee2e561195dfd82ab260497412e326bb57f2ee5bbe9042d8,641.0,1007.9,21.9,87.0
7645,1724359309367,abc0d16aaf15b3a4ee2e561195dfd82ab260497412e326bb57f2ee5bbe9042d8,606.0,1007.9,22.0,88.0
7646,1724359909313,abc0d16aaf15b3a4ee2e561195dfd82ab260497412e326bb57f2ee5bbe9042d8,539.0,1007.9,22.1,88.0
7647,1724360509291,abc0d16aaf15b3a4ee2e561195dfd82ab260497412e326bb57f2ee5bbe9042d8,549.0,1008.0,22.3,87.0
7648,1724361109263,abc0d16aaf15b3a4ee2e561195dfd82ab260497412e326bb57f2ee5bbe9042d8,582.0,1008.0,22.0,88.0
7649,1724361709207,abc0d16aaf15b3a4ee2e561195dfd82ab260497412e326bb57f2ee5bbe9042d8,565.0,1008.1,21.9,88.0
7650,1724362309212,abc0d16aaf15b3a4ee2e561195dfd82ab260497412e326bb57f2ee5bbe9042d8,560.0,1008.1,21.8,88.0
7651,1724362909134,abc0d16aaf15b3a4ee2e561195dfd82ab260497412e326bb57f2ee5bbe9042d8,569.0,1008.1,21.9,89.0
7652,1724363509132,abc0d16aaf15b3a4ee2e561195dfd82ab260497412e326bb57f2ee5bbe9042d8,514.0,1008.2,22.0,89.0
7653,1724364109116,abc0d16aaf15b3a4ee2e561195dfd82ab260497412e326bb57f2ee5bbe9042d8,495.0,1008.3,22.2,88.0
7654,1724364709088,abc0d16aaf15b3a4ee2e561195dfd82ab260497412e326bb57f2ee5bbe9042d8,519.0,1008.4,22.1,87.0
7655,1724365309037,abc0d16aaf15b3a4ee2e561195dfd82ab260497412e326bb57f2ee5bbe9042d8,510.0,1008.4,22.1,87.0
7656,1724365909025,abc0d16aaf15b3a4ee2e561195dfd82ab260497412e326bb57f2ee5bbe9042d8,516.0,1008.4,22.0,88.0
7657,1724366509008,abc0d16aaf15b3a4ee2e561195dfd82ab260497412e326bb57f2ee5bbe9042d8,528.0,1008.5,22.1,87.0
7658,1724367108956,abc0d16aaf15b3a4ee2e561195dfd82ab260497412e326bb57f2ee5bbe9042d8,510.0,1008.5,21.8,87.0
7659,1724367708925,abc0d16aaf15b3a4ee2e561195dfd82ab260497412e326bb57f2ee5bbe9042d8,524.0,1008.6,21.9,87.0
7660,1724368308902,abc0d16aaf15b3a4ee2e561195dfd82ab260497412e326bb57f2ee5bbe9042d8,493.0,1008.7,21.8,86.0
7661,1724368908864,abc0d16aaf15b3a4ee2e561195dfd82ab260497412e326bb57f2ee5bbe9042d8,507.0,1008.7,21.6,86.0
7662,1724369508861,abc0d16aaf15b3a4ee2e561195dfd82ab260497412e326bb57f2ee5bbe9042d8,564.0,1008.8,21.4,87.0
7663,1724370108840,abc0d16aaf15b3a4ee2e561195dfd82ab260497412e326bb57f2ee5bbe9042d8,515.0,1008.8,21.3,87.0
7664,1724370708783,abc0d16aaf15b3a4ee2e561195dfd82ab260497412e326bb57f2ee5bbe9042d8,521.0,1008.8,21.3,87.0
7665,1724371308804,abc0d16aaf15b3a4ee2e561195dfd82ab260497412e326bb57f2ee5bbe9042d8,558.0,1008.8,21.2,87.0
7666,1724371908742,abc0d16aaf15b3a4ee2e561195dfd82ab260497412e326bb57f2ee5bbe9042d8,554.0,1008.8,21.0,88.0
7667,1724372508689,abc0d16aaf15b3a4ee2e561195dfd82ab260497412e326bb57f2ee5bbe9042d8,644.0,1008.8,20.5,88.0
7668,1724373108680,abc0d16aaf15b3a4ee2e561195dfd82ab260497412e326bb57f2ee5bbe9042d8,553.0,1008.8,20.5,90.0
7669,1724373708654,abc0d16aaf15b3a4ee2e561195dfd82ab260497412e326bb57f2ee5bbe9042d8,589.0,1008.8,20.3,91.0
7670,1724374308612,abc0d16aaf15b3a4ee2e561195dfd82ab260497412e326bb57f2ee5bbe9042d8,573.0,1009.0,20.2,91.0
7671,1724374908591,abc0d16aaf15b3a4ee2e561195dfd82ab260497412e326bb57f2ee5bbe9042d8,617.0,1009.0,20.1,90.0
7672,1724375508553,abc0d16aaf15b3a4ee2e561195dfd82ab260497412e326bb57f2ee5bbe9042d8,536.0,1009.0,20.1,89.0
7673,1724376108512,abc0d16aaf15b3a4ee2e561195dfd82ab260497412e326bb57f2ee5bbe9042d8,516.0,1009.0,20.3,89.0
7674,1724376708545,abc0d16aaf15b3a4ee2e561195dfd82ab260497412e326bb57f2ee5bbe9042d8,509.0,1009.1,20.5,86.0
7675,1724377308490,abc0d16aaf15b3a4ee2e561195dfd82ab260497412e326bb57f2ee5bbe9042d8,500.0,1009.1,21.0,85.0
7676,1724377908424,abc0d16aaf15b3a4ee2e561195dfd82ab260497412e326bb57f2ee5bbe9042d8,516.0,1008.9,21.1,85.0
7677,1724378508409,abc0d16aaf15b3a4ee2e561195dfd82ab260497412e326bb57f2ee5bbe9042d8,512.0,1008.9,21.2,84.0
7678,1724379108392,abc0d16aaf15b3a4ee2e561195dfd82ab260497412e326bb57f2ee5bbe9042d8,508.0,1008.9,21.3,84.0
7679,1724379708345,abc0d16aaf15b3a4ee2e561195dfd82ab260497412e326bb57f2ee5bbe9042d8,508.0,1009.0,21.1,84.0
7680,1724380308346,abc0d16aaf15b3a4ee2e561195dfd82ab260497412e326bb57f2ee5bbe9042d8,511.0,1008.9,20.8,83.0
7681,1724380908316,abc0d16aaf15b3a4ee2e561195dfd82ab260497412e326bb57f2ee5bbe9042d8,523.0,1008.8,20.8,83.0
7682,1724381508261,abc0d16aaf15b3a4ee2e561195dfd82ab260497412e326bb57f2ee5bbe9042d8,493.0,1008.9,20.9,83.0
7683,1724382108258,abc0d16aaf15b3a4ee2e561195dfd82ab260497412e326bb57f2ee5bbe9042d8,527.0,1008.9,20.8,82.0
7684,1724382708224,abc0d16aaf15b3a4ee2e561195dfd82ab260497412e326bb57f2ee5bbe9042d8,511.0,1009.0,20.8,81.0
7685,1724383308168,abc0d16aaf15b3a4ee2e561195dfd82ab260497412e326bb57f2ee5bbe9042d8,502.0,1009.1,20.8,81.0
7686,1724383908160,abc0d16aaf15b3a4ee2e561195dfd82ab260497412e326bb57f2ee5bbe9042d8,491.0,1009.0,20.7,81.0
7687,1724384508152,abc0d16aaf15b3a4ee2e561195dfd82ab260497412e326bb57f2ee5bbe9042d8,511.0,1009.0,20.6,82.0
7688,1724385108093,abc0d16aaf15b3a4ee2e561195dfd82ab260497412e326bb57f2ee5bbe9042d8,524.0,1009.1,20.5,82.0
7689,1724385708080,abc0d16aaf15b3a4ee2e561195dfd82ab260497412e326bb57f2ee5bbe9042d8,520.0,1009.1,20.4,83.0
7690,1724386307992,abc0d16aaf15b3a4ee2e561195dfd82ab260497412e326bb57f2ee5bbe9042d8,527.0,1009.2,20.4,83.0
7691,1724386908002,abc0d16aaf15b3a4ee2e561195dfd82ab260497412e326bb57f2ee5bbe9042d8,522.0,1009.2,20.3,83.0
7692,1724387507981,abc0d16aaf15b3a4ee2e561195dfd82ab260497412e326bb57f2ee5bbe9042d8,512.0,1009.3,20.2,82.0
7693,1724388107980,abc0d16aaf15b3a4ee2e561195dfd82ab260497412e326bb57f2ee5bbe9042d8,525.0,1009.3,20.1,83.0
7694,1724388707918,abc0d16aaf15b3a4ee2e561195dfd82ab260497412e326bb57f2ee5bbe9042d8,525.0,1009.5,20.3,83.0
7695,1724389309596,abc0d16aaf15b3a4ee2e561195dfd82ab260497412e326bb57f2ee5bbe9042d8,503.0,1009.6,20.6,82.0
7696,1724389907892,abc0d16aaf15b3a4ee2e561195dfd82ab260497412e326bb57f2ee5bbe9042d8,510.0,1009.6,20.7,82.0
7697,1724390507854,abc0d16aaf15b3a4ee2e561195dfd82ab260497412e326bb57f2ee5bbe9042d8,510.0,1009.6,21.2,82.0
7698,1724391107818,abc0d16aaf15b3a4ee2e561195dfd82ab260497412e326bb57f2ee5bbe9042d8,508.0,1009.7,22.3,82.0
7699,1724391707819,abc0d16aaf15b3a4ee2e561195dfd82ab260497412e326bb57f2ee5bbe9042d8,505.0,1009.8,23.2,81.0
7700,1724392307746,abc0d16aaf15b3a4ee2e561195dfd82ab260497412e326bb57f2ee5bbe9042d8,492.0,1009.7,24.0,81.0
7701,1724392907714,abc0d16aaf15b3a4ee2e561195dfd82ab260497412e326bb57f2ee5bbe9042d8,502.0,1009.9,24.4,80.0
7702,1724393507708,abc0d16aaf15b3a4ee2e561195dfd82ab260497412e326bb57f2ee5bbe9042d8,485.0,1009.9,25.1,79.0
7703,1724394107654,abc0d16aaf15b3a4ee2e561195dfd82ab260497412e326bb57f2ee5bbe9042d8,509.0,1009.9,25.5,79.0
7704,1724394707592,abc0d16aaf15b3a4ee2e561195dfd82ab260497412e326bb57f2ee5bbe9042d8,494.0,1009.9,26.3,77.0
7705,1724395307628,abc0d16aaf15b3a4ee2e561195dfd82ab260497412e326bb57f2ee5bbe9042d8,474.0,1010.0,27.1,75.0
7706,1724395907574,abc0d16aaf15b3a4ee2e561195dfd82ab260497412e326bb57f2ee5bbe9042d8,494.0,1010.0,27.4,75.0
7707,1724396507550,abc0d16aaf15b3a4ee2e561195dfd82ab260497412e326bb57f2ee5bbe9042d8,489.0,1010.0,28.2,75.0
7708,1724397107527,abc0d16aaf15b3a4ee2e561195dfd82ab260497412e326bb57f2ee5bbe9042d8,491.0,1010.0,29.0,74.0
7709,1724397707497,abc0d16aaf15b3a4ee2e561195dfd82ab260497412e326bb57f2ee5bbe9042d8,496.0,1010.0,29.6,74.0
7710,1724398307484,abc0d16aaf15b3a4ee2e561195dfd82ab260497412e326bb57f2ee5bbe9042d8,504.0,1010.0,30.1,72.0
7711,1724398907464,abc0d16aaf15b3a4ee2e561195dfd82ab260497412e326bb57f2ee5bbe9042d8,485.0,1010.0,30.6,71.0
7712,1724399507406,abc0d16aaf15b3a4ee2e561195dfd82ab260497412e326bb57f2ee5bbe9042d8,484.0,1010.0,31.1,71.0
7713,1724400107388,abc0d16aaf15b3a4ee2e561195dfd82ab260497412e326bb57f2ee5bbe9042d8,504.0,1009.9,31.1,68.0
7714,1724400707364,abc0d16aaf15b3a4ee2e561195dfd82ab260497412e326bb57f2ee5bbe9042d8,473.0,1010.0,31.8,68.0
7715,1724401307314,abc0d16aaf15b3a4ee2e561195dfd82ab260497412e326bb57f2ee5bbe9042d8,501.0,1009.9,32.2,68.0
7716,1724401907302,abc0d16aaf15b3a4ee2e561195dfd82ab260497412e326bb57f2ee5bbe9042d8,484.0,1010.0,32.4,67.0
7717,1724402507291,abc0d16aaf15b3a4ee2e561195dfd82ab260497412e326bb57f2ee5bbe9042d8,493.0,1010.0,32.7,65.0
7718,1724403107233,abc0d16aaf15b3a4ee2e561195dfd82ab260497412e326bb57f2ee5bbe9042d8,498.0,1010.0,33.3,65.0
7719,1724403707222,abc0d16aaf15b3a4ee2e561195dfd82ab260497412e326bb57f2ee5bbe9042d8,484.0,1009.9,33.4,64.0
7720,1724404307195,abc0d16aaf15b3a4ee2e561195dfd82ab260497412e326bb57f2ee5bbe9042d8,466.0,1009.8,33.9,60.0
7721,1724404907142,abc0d16aaf15b3a4ee2e561195dfd82ab260497412e326bb57f2ee5bbe9042d8,493.0,1009.8,34.4,60.0
7722,1724405507090,abc0d16aaf15b3a4ee2e561195dfd82ab260497412e326bb57f2ee5bbe9042d8,449.0,1009.7,34.5,59.0
7723,1724406107131,abc0d16aaf15b3a4ee2e561195dfd82ab260497412e326bb57f2ee5bbe9042d8,494.0,1009.6,34.0,59.0
7724,1724406708788,abc0d16aaf15b3a4ee2e561195dfd82ab260497412e326bb57f2ee5bbe9042d8,458.0,1009.7,34.3,59.0
7725,1724407307071,abc0d16aaf15b3a4ee2e561195dfd82ab260497412e326bb57f2ee5bbe9042d8,475.0,1009.5,34.3,56.0
7726,1724407907035,abc0d16aaf15b3a4ee2e561195dfd82ab260497412e326bb57f2ee5bbe9042d8,484.0,1009.5,34.5,57.0
7727,1724408507005,abc0d16aaf15b3a4ee2e561195dfd82ab260497412e326bb57f2ee5bbe9042d8,456.0,1009.4,34.5,57.0
7728,1724409106994,abc0d16aaf15b3a4ee2e561195dfd82ab260497412e326bb57f2ee5bbe9042d8,460.0,1009.4,34.3,55.0
7729,1724409706970,abc0d16aaf15b3a4ee2e561195dfd82ab260497412e326bb57f2ee5bbe9042d8,467.0,1009.4,34.6,53.0
7730,1724410306928,abc0d16aaf15b3a4ee2e561195dfd82ab260497412e326bb57f2ee5bbe9042d8,477.0,1009.3,35.0,53.0
7731,1724410906915,abc0d16aaf15b3a4ee2e561195dfd82ab260497412e326bb57f2ee5bbe9042d8,451.0,1009.2,35.5,54.0
7732,1724411506885,abc0d16aaf15b3a4ee2e561195dfd82ab260497412e326bb57f2ee5bbe9042d8,482.0,1009.2,35.4,50.0
7733,1724412106859,abc0d16aaf15b3a4ee2e561195dfd82ab260497412e326bb57f2ee5bbe9042d8,487.0,1009.1,35.6,50.0
7734,1724412706862,abc0d16aaf15b3a4ee2e561195dfd82ab260497412e326bb57f2ee5bbe9042d8,477.0,1009.0,35.8,51.0
7735,1724413306835,abc0d16aaf15b3a4ee2e561195dfd82ab260497412e326bb57f2ee5bbe9042d8,472.0,1009.0,35.9,50.0
7736,1724413906817,abc0d16aaf15b3a4ee2e561195dfd82ab260497412e326bb57f2ee5bbe9042d8,470.0,1008.9,36.2,50.0
7737,1724414506767,abc0d16aaf15b3a4ee2e561195dfd82ab260497412e326bb57f2ee5bbe9042d8,482.0,1008.8,36.4,48.0
7738,1724415106792,abc0d16aaf15b3a4ee2e561195dfd82ab260497412e326bb57f2ee5bbe9042d8,454.0,1008.8,36.5,46.0
7739,1724415706705,abc0d16aaf15b3a4ee2e561195dfd82ab260497412e326bb57f2ee5bbe9042d8,454.0,1008.7,36.8,46.0
7740,1724416306718,abc0d16aaf15b3a4ee2e561195dfd82ab260497412e326bb57f2ee5bbe9042d8,454.0,1008.5,36.5,44.0
7741,1724416906708,abc0d16aaf15b3a4ee2e561195dfd82ab260497412e326bb57f2ee5bbe9042d8,456.0,1008.4,36.8,46.0
7742,1724417506646,abc0d16aaf15b3a4ee2e561195dfd82ab260497412e326bb57f2ee5bbe9042d8,464.0,1008.3,36.8,46.0
7743,1724418106638,abc0d16aaf15b3a4ee2e561195dfd82ab260497412e326bb57f2ee5bbe9042d8,461.0,1008.3,37.2,44.0
7744,1724418706605,abc0d16aaf15b3a4ee2e561195dfd82ab260497412e326bb57f2ee5bbe9042d8,448.0,1008.3,37.2,45.0
7745,1724419306576,abc0d16aaf15b3a4ee2e561195dfd82ab260497412e326bb57f2ee5bbe9042d8,447.0,1008.1,37.5,45.0
7746,1724419906575,abc0d16aaf15b3a4ee2e561195dfd82ab260497412e326bb57f2ee5bbe9042d8,456.0,1008.0,38.0,44.0
7747,1724420506584,abc0d16aaf15b3a4ee2e561195dfd82ab260497412e326bb57f2ee5bbe9042d8,447.0,1008.0,38.2,42.0
7748,1724421106516,abc0d16aaf15b3a4ee2e561195dfd82ab260497412e326bb57f2ee5bbe9042d8,467.0,1007.9,38.5,42.0
7749,1724421706515,abc0d16aaf15b3a4ee2e561195dfd82ab260497412e326bb57f2ee5bbe9042d8,455.0,1007.9,37.9,42.0
7750,1724422306486,abc0d16aaf15b3a4ee2e561195dfd82ab260497412e326bb57f2ee5bbe9042d8,463.0,1007.9,38.4,39.0
7751,1724422906446,abc0d16aaf15b3a4ee2e561195dfd82ab260497412e326bb57f2ee5bbe9042d8,422.0,1007.7,38.9,39.0
7752,1724423506482,abc0d16aaf15b3a4ee2e561195dfd82ab260497412e326bb57f2ee5bbe9042d8,437.0,1007.6,39.3,38.0
7753,1724424106434,abc0d16aaf15b3a4ee2e561195dfd82ab260497412e326bb57f2ee5bbe9042d8,478.0,1007.5,39.0,39.0
7754,1724424706392,abc0d16aaf15b3a4ee2e561195dfd82ab260497412e326bb57f2ee5bbe9042d8,432.0,1007.5,39.5,39.0
7755,1724425306381,abc0d16aaf15b3a4ee2e561195dfd82ab260497412e326bb57f2ee5bbe9042d8,422.0,1007.5,39.5,39.0
7756,1724425906364,abc0d16aaf15b3a4ee2e561195dfd82ab260497412e326bb57f2ee5bbe9042d8,452.0,1007.4,39.6,41.0
7757,1724426506314,abc0d16aaf15b3a4ee2e561195dfd82ab260497412e326bb57f2ee5bbe9042d8,433.0,1007.4,39.4,41.0
7758,1724427106322,abc0d16aaf15b3a4ee2e561195dfd82ab260497412e326bb57f2ee5bbe9042d8,435.0,1007.5,39.6,41.0
7759,1724427706312,abc0d16aaf15b3a4ee2e561195dfd82ab260497412e326bb57f2ee5bbe9042d8,416.0,1007.4,38.6,39.0
7760,1724428306254,abc0d16aaf15b3a4ee2e561195dfd82ab260497412e326bb57f2ee5bbe9042d8,442.0,1007.4,39.6,39.0
7761,1724428906242,abc0d16aaf15b3a4ee2e561195dfd82ab260497412e326bb57f2ee5bbe9042d8,454.0,1007.3,39.6,40.0
7762,1724429506214,abc0d16aaf15b3a4ee2e561195dfd82ab260497412e326bb57f2ee5bbe9042d8,436.0,1007.3,38.7,41.0
7763,1724430106183,abc0d16aaf15b3a4ee2e561195dfd82ab260497412e326bb57f2ee5bbe9042d8,436.0,1007.3,38.2,41.0
7764,1724430706163,abc0d16aaf15b3a4ee2e561195dfd82ab260497412e326bb57f2ee5bbe9042d8,447.0,1007.3,37.7,42.0
7765,1724431306167,abc0d16aaf15b3a4ee2e561195dfd82ab260497412e326bb57f2ee5bbe9042d8,464.0,1007.2,37.7,42.0
7766,1724431906108,abc0d16aaf15b3a4ee2e561195dfd82ab260497412e326bb57f2ee5bbe9042d8,471.0,1007.3,37.1,42.0
7767,1724432506087,abc0d16aaf15b3a4ee2e561195dfd82ab260497412e326bb57f2ee5bbe9042d8,442.0,1007.3,36.4,41.0
7768,1724433106080,abc0d16aaf15b3a4ee2e561195dfd82ab260497412e326bb57f2ee5bbe9042d8,446.0,1007.4,35.6,43.0
7769,1724433706035,abc0d16aaf15b3a4ee2e561195dfd82ab260497412e326bb57f2ee5bbe9042d8,450.0,1007.5,34.9,43.0
7770,1724434306010,abc0d16aaf15b3a4ee2e561195dfd82ab260497412e326bb57f2ee5bbe9042d8,450.0,1007.7,34.2,45.0
7771,1724434906007,abc0d16aaf15b3a4ee2e561195dfd82ab260497412e326bb57f2ee5bbe9042d8,481.0,1007.7,32.8,48.0
7772,1724435505945,abc0d16aaf15b3a4ee2e561195dfd82ab260497412e326bb57f2ee5bbe9042d8,461.0,1007.7,31.2,48.0
7773,1724436105945,abc0d16aaf15b3a4ee2e561195dfd82ab260497412e326bb57f2ee5bbe9042d8,483.0,1007.9,30.1,53.0
7774,1724436705918,abc0d16aaf15b3a4ee2e561195dfd82ab260497412e326bb57f2ee5bbe9042d8,477.0,1008.0,29.3,59.0
7775,1724437305865,abc0d16aaf15b3a4ee2e561195dfd82ab260497412e326bb57f2ee5bbe9042d8,522.0,1008.2,28.2,59.0
7776,1724437905858,abc0d16aaf15b3a4ee2e561195dfd82ab260497412e326bb57f2ee5bbe9042d8,493.0,1008.4,27.2,56.0
7777,1724438505787,abc0d16aaf15b3a4ee2e561195dfd82ab260497412e326bb57f2ee5bbe9042d8,519.0,1008.5,26.8,55.0
7778,1724439105793,abc0d16aaf15b3a4ee2e561195dfd82ab260497412e326bb57f2ee5bbe9042d8,480.0,1008.7,26.5,55.0
7779,1724439705789,abc0d16aaf15b3a4ee2e561195dfd82ab260497412e326bb57f2ee5bbe9042d8,475.0,1008.8,26.4,53.0
7780,1724440305743,abc0d16aaf15b3a4ee2e561195dfd82ab260497412e326bb57f2ee5bbe9042d8,473.0,1009.0,26.4,52.0
7781,1724440905689,abc0d16aaf15b3a4ee2e561195dfd82ab260497412e326bb57f2ee5bbe9042d8,480.0,1009.1,26.2,52.0
7782,1724441505693,abc0d16aaf15b3a4ee2e561195dfd82ab260497412e326bb57f2ee5bbe9042d8,494.0,1009.2,25.8,54.0
7783,1724442105663,abc0d16aaf15b3a4ee2e561195dfd82ab260497412e326bb57f2ee5bbe9042d8,505.0,1009.3,25.6,55.0
7784,1724442705647,abc0d16aaf15b3a4ee2e561195dfd82ab260497412e326bb57f2ee5bbe9042d8,475.0,1009.3,25.3,55.0
7785,1724443305589,abc0d16aaf15b3a4ee2e561195dfd82ab260497412e326bb57f2ee5bbe9042d8,496.0,1009.4,25.2,57.0
7786,1724443905569,abc0d16aaf15b3a4ee2e561195dfd82ab260497412e326bb57f2ee5bbe9042d8,515.0,1009.4,24.9,58.0
7787,1724444505523,abc0d16aaf15b3a4ee2e561195dfd82ab260497412e326bb57f2ee5bbe9042d8,515.0,1009.6,24.1,58.0
7788,1724445105525,abc0d16aaf15b3a4ee2e561195dfd82ab260497412e326bb57f2ee5bbe9042d8,493.0,1009.7,23.8,60.0
7789,1724445705501,abc0d16aaf15b3a4ee2e561195dfd82ab260497412e326bb57f2ee5bbe9042d8,498.0,1009.8,23.9,60.0
7790,1724446305439,abc0d16aaf15b3a4ee2e561195dfd82ab260497412e326bb57f2ee5bbe9042d8,497.0,1009.9,23.9,60.0
7791,1724446905395,abc0d16aaf15b3a4ee2e561195dfd82ab260497412e326bb57f2ee5bbe9042d8,497.0,1010.1,23.6,61.0
7792,1724447505393,abc0d16aaf15b3a4ee2e561195dfd82ab260497412e326bb57f2ee5bbe9042d8,498.0,1010.1,23.6,62.0
7793,1724448105340,abc0d16aaf15b3a4ee2e561195dfd82ab260497412e326bb57f2ee5bbe9042d8,537.0,1010.2,23.4,62.0
7794,1724448705335,abc0d16aaf15b3a4ee2e561195dfd82ab260497412e326bb57f2ee5bbe9042d8,507.0,1010.2,23.1,63.0
7795,1724449305324,abc0d16aaf15b3a4ee2e561195dfd82ab260497412e326bb57f2ee5bbe9042d8,512.0,1010.4,23.1,63.0
7796,1724449905267,abc0d16aaf15b3a4ee2e561195dfd82ab260497412e326bb57f2ee5bbe9042d8,480.0,1010.5,23.1,63.0
7797,1724450506948,abc0d16aaf15b3a4ee2e561195dfd82ab260497412e326bb57f2ee5bbe9042d8,491.0,1010.6,23.0,63.0
7798,1724451105215,abc0d16aaf15b3a4ee2e561195dfd82ab260497412e326bb57f2ee5bbe9042d8,486.0,1010.8,23.0,63.0
7799,1724451705163,abc0d16aaf15b3a4ee2e561195dfd82ab260497412e326bb57f2ee5bbe9042d8,483.0,1010.8,23.0,63.0
7800,1724452305175,abc0d16aaf15b3a4ee2e561195dfd82ab260497412e326bb57f2ee5bbe9042d8,474.0,1010.7,23.0,64.0
7801,1724452905150,abc0d16aaf15b3a4ee2e561195dfd82ab260497412e326bb57f2ee5bbe9042d8,490.0,1010.7,23.0,64.0
7802,1724453505111,abc0d16aaf15b3a4ee2e561195dfd82ab260497412e326bb57f2ee5bbe9042d8,495.0,1010.8,22.7,64.0
7803,1724454105076,abc0d16aaf15b3a4ee2e561195dfd82ab260497412e326bb57f2ee5bbe9042d8,481.0,1010.8,22.4,64.0
7804,1724454705037,abc0d16aaf15b3a4ee2e561195dfd82ab260497412e326bb57f2ee5bbe9042d8,493.0,1010.9,22.3,65.0
7805,1724455305009,abc0d16aaf15b3a4ee2e561195dfd82ab260497412e326bb57f2ee5bbe9042d8,492.0,1010.8,22.1,65.0
7806,1724455904995,abc0d16aaf15b3a4ee2e561195dfd82ab260497412e326bb57f2ee5bbe9042d8,483.0,1010.8,22.0,65.0
7807,1724456504973,abc0d16aaf15b3a4ee2e561195dfd82ab260497412e326bb57f2ee5bbe9042d8,491.0,1010.8,22.1,65.0
7808,1724457104923,abc0d16aaf15b3a4ee2e561195dfd82ab260497412e326bb57f2ee5bbe9042d8,496.0,1010.8,22.1,65.0
7809,1724457704891,abc0d16aaf15b3a4ee2e561195dfd82ab260497412e326bb57f2ee5bbe9042d8,487.0,1010.8,22.2,65.0
7810,1724458304882,abc0d16aaf15b3a4ee2e561195dfd82ab260497412e326bb57f2ee5bbe9042d8,501.0,1010.8,22.0,67.0
7811,1724458904835,abc0d16aaf15b3a4ee2e561195dfd82ab260497412e326bb57f2ee5bbe9042d8,497.0,1010.8,22.0,67.0
7812,1724459504818,abc0d16aaf15b3a4ee2e561195dfd82ab260497412e326bb57f2ee5bbe9042d8,496.0,1010.8,22.0,66.0
7813,1724460104795,abc0d16aaf15b3a4ee2e561195dfd82ab260497412e326bb57f2ee5bbe9042d8,491.0,1010.9,21.9,67.0
7814,1724460704720,abc0d16aaf15b3a4ee2e561195dfd82ab260497412e326bb57f2ee5bbe9042d8,491.0,1010.9,21.7,67.0
7815,1724461304733,abc0d16aaf15b3a4ee2e561195dfd82ab260497412e326bb57f2ee5bbe9042d8,487.0,1010.8,21.5,67.0
7816,1724461904680,abc0d16aaf15b3a4ee2e561195dfd82ab260497412e326bb57f2ee5bbe9042d8,496.0,1010.8,21.6,67.0
7817,1724462504673,abc0d16aaf15b3a4ee2e561195dfd82ab260497412e326bb57f2ee5bbe9042d8,504.0,1010.9,21.4,67.0
7818,1724463104656,abc0d16aaf15b3a4ee2e561195dfd82ab260497412e326bb57f2ee5bbe9042d8,496.0,1010.9,21.3,68.0
7819,1724463704607,abc0d16aaf15b3a4ee2e561195dfd82ab260497412e326bb57f2ee5bbe9042d8,490.0,1010.9,21.4,67.0
7820,1724464304572,abc0d16aaf15b3a4ee2e561195dfd82ab260497412e326bb57f2ee5bbe9042d8,490.0,1010.8,21.5,67.0
7821,1724464904552,abc0d16aaf15b3a4ee2e561195dfd82ab260497412e326bb57f2ee5bbe9042d8,491.0,1010.9,21.4,67.0
7822,1724465504506,abc0d16aaf15b3a4ee2e561195dfd82ab260497412e326bb57f2ee5bbe9042d8,509.0,1010.9,21.5,67.0
7823,1724466104498,abc0d16aaf15b3a4ee2e561195dfd82ab260497412e326bb57f2ee5bbe9042d8,497.0,1010.9,21.2,67.0
7824,1724466704466,abc0d16aaf15b3a4ee2e561195dfd82ab260497412e326bb57f2ee5bbe9042d8,499.0,1011.0,21.1,68.0
7825,1724467304458,abc0d16aaf15b3a4ee2e561195dfd82ab260497412e326bb57f2ee5bbe9042d8,497.0,1010.9,20.9,69.0
7826,1724467904406,abc0d16aaf15b3a4ee2e561195dfd82ab260497412e326bb57f2ee5bbe9042d8,505.0,1011.0,20.7,69.0
7827,1724468504386,abc0d16aaf15b3a4ee2e561195dfd82ab260497412e326bb57f2ee5bbe9042d8,481.0,1011.0,20.5,70.0
7828,1724469104341,abc0d16aaf15b3a4ee2e561195dfd82ab260497412e326bb57f2ee5bbe9042d8,492.0,1011.0,20.5,70.0
7829,1724469704315,abc0d16aaf15b3a4ee2e561195dfd82ab260497412e326bb57f2ee5bbe9042d8,484.0,1011.0,20.3,70.0
7830,1724470304302,abc0d16aaf15b3a4ee2e561195dfd82ab260497412e326bb57f2ee5bbe9042d8,488.0,1011.0,20.4,71.0
7831,1724470904274,abc0d16aaf15b3a4ee2e561195dfd82ab260497412e326bb57f2ee5bbe9042d8,481.0,1011.0,20.3,70.0
7832,1724471504219,abc0d16aaf15b3a4ee2e561195dfd82ab260497412e326bb57f2ee5bbe9042d8,487.0,1011.1,20.3,70.0
7833,1724472104216,abc0d16aaf15b3a4ee2e561195dfd82ab260497412e326bb57f2ee5bbe9042d8,503.0,1011.1,20.2,71.0
7834,1724472704222,abc0d16aaf15b3a4ee2e561195dfd82ab260497412e326bb57f2ee5bbe9042d8,471.0,1011.1,20.2,70.0
7835,1724473304147,abc0d16aaf15b3a4ee2e561195dfd82ab260497412e326bb57f2ee5bbe9042d8,497.0,1011.3,20.2,70.0
7836,1724473904140,abc0d16aaf15b3a4ee2e561195dfd82ab260497412e326bb57f2ee5bbe9042d8,485.0,1011.3,20.2,70.0
7837,1724474504126,abc0d16aaf15b3a4ee2e561195dfd82ab260497412e326bb57f2ee5bbe9042d8,484.0,1011.3,20.2,70.0
7838,1724475104060,abc0d16aaf15b3a4ee2e561195dfd82ab260497412e326bb57f2ee5bbe9042d8,493.0,1011.4,20.2,70.0
7839,1724475704006,abc0d16aaf15b3a4ee2e561195dfd82ab260497412e326bb57f2ee5bbe9042d8,481.0,1011.6,20.3,71.0
7840,1724476304008,abc0d16aaf15b3a4ee2e561195dfd82ab260497412e326bb57f2ee5bbe9042d8,460.0,1011.6,20.5,71.0
7841,1724476903970,abc0d16aaf15b3a4ee2e561195dfd82ab260497412e326bb57f2ee5bbe9042d8,491.0,1011.7,20.9,71.0
7842,1724477503972,abc0d16aaf15b3a4ee2e561195dfd82ab260497412e326bb57f2ee5bbe9042d8,476.0,1011.7,22.1,70.0
7843,1724478103948,abc0d16aaf15b3a4ee2e561195dfd82ab260497412e326bb57f2ee5bbe9042d8,498.0,1011.7,23.0,69.0
7844,1724478705594,abc0d16aaf15b3a4ee2e561195dfd82ab260497412e326bb57f2ee5bbe9042d8,500.0,1011.8,23.9,69.0
7845,1724479303893,abc0d16aaf15b3a4ee2e561195dfd82ab260497412e326bb57f2ee5bbe9042d8,475.0,1011.8,24.7,67.0
7846,1724479903840,abc0d16aaf15b3a4ee2e561195dfd82ab260497412e326bb57f2ee5bbe9042d8,474.0,1011.8,25.5,65.0
7847,1724480503804,abc0d16aaf15b3a4ee2e561195dfd82ab260497412e326bb57f2ee5bbe9042d8,472.0,1011.8,26.3,65.0
7848,1724481103774,abc0d16aaf15b3a4ee2e561195dfd82ab260497412e326bb57f2ee5bbe9042d8,487.0,1011.8,27.0,65.0
7849,1724481703762,abc0d16aaf15b3a4ee2e561195dfd82ab260497412e326bb57f2ee5bbe9042d8,475.0,1011.8,27.4,62.0
7850,1724482303708,abc0d16aaf15b3a4ee2e561195dfd82ab260497412e326bb57f2ee5bbe9042d8,468.0,1011.7,27.6,62.0
7851,1724482903696,abc0d16aaf15b3a4ee2e561195dfd82ab260497412e326bb57f2ee5bbe9042d8,478.0,1011.7,28.0,62.0
7852,1724483503634,abc0d16aaf15b3a4ee2e561195dfd82ab260497412e326bb57f2ee5bbe9042d8,487.0,1011.6,28.9,60.0
7853,1724484103628,abc0d16aaf15b3a4ee2e561195dfd82ab260497412e326bb57f2ee5bbe9042d8,455.0,1011.6,29.5,60.0
7854,1724484703608,abc0d16aaf15b3a4ee2e561195dfd82ab260497412e326bb57f2ee5bbe9042d8,461.0,1011.7,30.2,58.0
7855,1724485303592,abc0d16aaf15b3a4ee2e561195dfd82ab260497412e326bb57f2ee5bbe9042d8,458.0,1011.7,30.8,56.0
7856,1724485903540,abc0d16aaf15b3a4ee2e561195dfd82ab260497412e326bb57f2ee5bbe9042d8,463.0,1011.7,31.7,56.0
7857,1724486503468,abc0d16aaf15b3a4ee2e561195dfd82ab260497412e326bb57f2ee5bbe9042d8,485.0,1011.8,32.2,56.0
7858,1724487103478,abc0d16aaf15b3a4ee2e561195dfd82ab260497412e326bb57f2ee5bbe9042d8,472.0,1011.7,32.7,55.0
7859,1724487703444,abc0d16aaf15b3a4ee2e561195dfd82ab260497412e326bb57f2ee5bbe9042d8,474.0,1011.6,33.1,55.0
7860,1724488303439,abc0d16aaf15b3a4ee2e561195dfd82ab260497412e326bb57f2ee5bbe9042d8,484.0,1011.6,32.8,55.0
7861,1724488903406,abc0d16aaf15b3a4ee2e561195dfd82ab260497412e326bb57f2ee5bbe9042d8,475.0,1011.5,32.9,55.0
7862,1724489503368,abc0d16aaf15b3a4ee2e561195dfd82ab260497412e326bb57f2ee5bbe9042d8,468.0,1011.6,33.2,55.0
7863,1724490103352,abc0d16aaf15b3a4ee2e561195dfd82ab260497412e326bb57f2ee5bbe9042d8,486.0,1011.6,33.1,54.0
7864,1724490703338,abc0d16aaf15b3a4ee2e561195dfd82ab260497412e326bb57f2ee5bbe9042d8,459.0,1011.4,33.7,53.0
7865,1724491303295,abc0d16aaf15b3a4ee2e561195dfd82ab260497412e326bb57f2ee5bbe9042d8,464.0,1011.4,33.6,53.0
7866,1724491903302,abc0d16aaf15b3a4ee2e561195dfd82ab260497412e326bb57f2ee5bbe9042d8,479.0,1011.4,33.9,51.0
7867,1724492503262,abc0d16aaf15b3a4ee2e561195dfd82ab260497412e326bb57f2ee5bbe9042d8,462.0,1011.3,33.9,51.0
7868,1724493103213,abc0d16aaf15b3a4ee2e561195dfd82ab260497412e326bb57f2ee5bbe9042d8,451.0,1011.2,34.0,51.0
7869,1724493703209,abc0d16aaf15b3a4ee2e561195dfd82ab260497412e326bb57f2ee5bbe9042d8,448.0,1011.1,34.3,50.0
7870,1724494303149,abc0d16aaf15b3a4ee2e561195dfd82ab260497412e326bb57f2ee5bbe9042d8,465.0,1011.1,34.5,48.0
7871,1724494903167,abc0d16aaf15b3a4ee2e561195dfd82ab260497412e326bb57f2ee5bbe9042d8,466.0,1011.0,34.6,48.0
7872,1724495504821,abc0d16aaf15b3a4ee2e561195dfd82ab260497412e326bb57f2ee5bbe9042d8,447.0,1010.8,34.6,47.0
7873,1724496104805,abc0d16aaf15b3a4ee2e561195dfd82ab260497412e326bb57f2ee5bbe9042d8,449.0,1010.8,34.5,47.0
7874,1724496703061,abc0d16aaf15b3a4ee2e561195dfd82ab260497412e326bb57f2ee5bbe9042d8,450.0,1010.8,35.1,47.0
7875,1724497303045,abc0d16aaf15b3a4ee2e561195dfd82ab260497412e326bb57f2ee5bbe9042d8,442.0,1010.6,35.2,46.0
7876,1724497903005,abc0d16aaf15b3a4ee2e561195dfd82ab260497412e326bb57f2ee5bbe9042d8,454.0,1010.5,35.5,43.0
7877,1724498502999,abc0d16aaf15b3a4ee2e561195dfd82ab260497412e326bb57f2ee5bbe9042d8,457.0,1010.4,36.0,43.0
7878,1724499102957,abc0d16aaf15b3a4ee2e561195dfd82ab260497412e326bb57f2ee5bbe9042d8,446.0,1010.4,36.0,43.0
7879,1724499702960,abc0d16aaf15b3a4ee2e561195dfd82ab260497412e326bb57f2ee5bbe9042d8,460.0,1010.3,36.1,38.0
7880,1724500302915,abc0d16aaf15b3a4ee2e561195dfd82ab260497412e326bb57f2ee5bbe9042d8,448.0,1010.1,36.9,38.0
7881,1724500902895,abc0d16aaf15b3a4ee2e561195dfd82ab260497412e326bb57f2ee5bbe9042d8,431.0,1010.2,37.2,41.0
7882,1724501502881,abc0d16aaf15b3a4ee2e561195dfd82ab260497412e326bb57f2ee5bbe9042d8,434.0,1010.1,37.3,41.0
7883,1724502102858,abc0d16aaf15b3a4ee2e561195dfd82ab260497412e326bb57f2ee5bbe9042d8,441.0,1009.9,37.4,41.0
7884,1724502702837,abc0d16aaf15b3a4ee2e561195dfd82ab260497412e326bb57f2ee5bbe9042d8,450.0,1009.9,37.3,37.0
7885,1724503302825,abc0d16aaf15b3a4ee2e561195dfd82ab260497412e326bb57f2ee5bbe9042d8,462.0,1009.8,38.1,41.0
7886,1724503902789,abc0d16aaf15b3a4ee2e561195dfd82ab260497412e326bb57f2ee5bbe9042d8,430.0,1009.7,38.1,41.0
7887,1724504502765,abc0d16aaf15b3a4ee2e561195dfd82ab260497412e326bb57f2ee5bbe9042d8,433.0,1009.5,37.8,33.0
7888,1724505102743,abc0d16aaf15b3a4ee2e561195dfd82ab260497412e326bb57f2ee5bbe9042d8,445.0,1009.6,37.6,31.0
7889,1724505702723,abc0d16aaf15b3a4ee2e561195dfd82ab260497412e326bb57f2ee5bbe9042d8,453.0,1009.5,38.3,31.0
7890,1724506302705,abc0d16aaf15b3a4ee2e561195dfd82ab260497412e326bb57f2ee5bbe9042d8,431.0,1009.4,38.8,30.0
7891,1724506902698,abc0d16aaf15b3a4ee2e561195dfd82ab260497412e326bb57f2ee5bbe9042d8,439.0,1009.1,39.0,31.0
7892,1724507502659,abc0d16aaf15b3a4ee2e561195dfd82ab260497412e326bb57f2ee5bbe9042d8,450.0,1009.1,39.2,31.0
7893,1724508102651,abc0d16aaf15b3a4ee2e561195dfd82ab260497412e326bb57f2ee5bbe9042d8,434.0,1009.0,39.4,31.0
7894,1724508702611,abc0d16aaf15b3a4ee2e561195dfd82ab260497412e326bb57f2ee5bbe9042d8,451.0,1008.9,39.4,30.0
7895,1724509302579,abc0d16aaf15b3a4ee2e561195dfd82ab260497412e326bb57f2ee5bbe9042d8,449.0,1008.7,39.5,30.0
7896,1724509902546,abc0d16aaf15b3a4ee2e561195dfd82ab260497412e326bb57f2ee5bbe9042d8,449.0,1008.6,39.7,29.0
7897,1724510502553,abc0d16aaf15b3a4ee2e561195dfd82ab260497412e326bb57f2ee5bbe9042d8,439.0,1008.5,39.8,30.0
7898,1724511102525,abc0d16aaf15b3a4ee2e561195dfd82ab260497412e326bb57f2ee5bbe9042d8,455.0,1008.3,39.9,30.0
7899,1724511702518,abc0d16aaf15b3a4ee2e561195dfd82ab260497412e326bb57f2ee5bbe9042d8,421.0,1008.3,40.0,30.0
7900,1724512302482,abc0d16aaf15b3a4ee2e561195dfd82ab260497412e326bb57f2ee5bbe9042d8,445.0,1008.2,40.4,31.0
7901,1724512902466,abc0d16aaf15b3a4ee2e561195dfd82ab260497412e326bb57f2ee5bbe9042d8,435.0,1008.2,40.1,31.0
7902,1724513502448,abc0d16aaf15b3a4ee2e561195dfd82ab260497412e326bb57f2ee5bbe9042d8,432.0,1008.1,39.6,34.0
7903,1724514102412,abc0d16aaf15b3a4ee2e561195dfd82ab260497412e326bb57f2ee5bbe9042d8,442.0,1008.0,39.2,35.0
7904,1724514702393,abc0d16aaf15b3a4ee2e561195dfd82ab260497412e326bb57f2ee5bbe9042d8,424.0,1008.0,39.0,35.0
7905,1724515302375,abc0d16aaf15b3a4ee2e561195dfd82ab260497412e326bb57f2ee5bbe9042d8,443.0,1008.0,38.6,36.0
7906,1724515902355,abc0d16aaf15b3a4ee2e561195dfd82ab260497412e326bb57f2ee5bbe9042d8,437.0,1007.9,38.6,34.0
7907,1724516502337,abc0d16aaf15b3a4ee2e561195dfd82ab260497412e326bb57f2ee5bbe9042d8,441.0,1007.7,38.8,34.0
7908,1724517102309,abc0d16aaf15b3a4ee2e561195dfd82ab260497412e326bb57f2ee5bbe9042d8,437.0,1007.7,38.6,34.0
7909,1724518302239,abc0d16aaf15b3a4ee2e561195dfd82ab260497412e326bb57f2ee5bbe9042d8,454.0,1007.6,38.1,34.0
7910,1724518902242,abc0d16aaf15b3a4ee2e561195dfd82ab260497412e326bb57f2ee5bbe9042d8,432.0,1007.6,38.0,36.0
7911,1724519502209,abc0d16aaf15b3a4ee2e561195dfd82ab260497412e326bb57f2ee5bbe9042d8,408.0,1007.6,37.4,35.0
7912,1724520102176,abc0d16aaf15b3a4ee2e561195dfd82ab260497412e326bb57f2ee5bbe9042d8,449.0,1007.8,35.5,35.0
7913,1724520702160,abc0d16aaf15b3a4ee2e561195dfd82ab260497412e326bb57f2ee5bbe9042d8,428.0,1007.8,33.4,35.0
7914,1724521302136,abc0d16aaf15b3a4ee2e561195dfd82ab260497412e326bb57f2ee5bbe9042d8,452.0,1007.9,32.2,37.0
7915,1724521902092,abc0d16aaf15b3a4ee2e561195dfd82ab260497412e326bb57f2ee5bbe9042d8,443.0,1008.0,30.7,37.0
7916,1724522502087,abc0d16aaf15b3a4ee2e561195dfd82ab260497412e326bb57f2ee5bbe9042d8,458.0,1008.2,29.6,40.0
7917,1724523102041,abc0d16aaf15b3a4ee2e561195dfd82ab260497412e326bb57f2ee5bbe9042d8,451.0,1008.2,28.5,42.0
7918,1724523702009,abc0d16aaf15b3a4ee2e561195dfd82ab260497412e326bb57f2ee5bbe9042d8,445.0,1008.3,27.8,42.0
7919,1724524301999,abc0d16aaf15b3a4ee2e561195dfd82ab260497412e326bb57f2ee5bbe9042d8,444.0,1008.3,27.1,45.0
7920,1724524901918,abc0d16aaf15b3a4ee2e561195dfd82ab260497412e326bb57f2ee5bbe9042d8,447.0,1008.5,26.8,46.0
7921,1724525501928,abc0d16aaf15b3a4ee2e561195dfd82ab260497412e326bb57f2ee5bbe9042d8,455.0,1008.6,26.4,46.0
7922,1724526101921,abc0d16aaf15b3a4ee2e561195dfd82ab260497412e326bb57f2ee5bbe9042d8,469.0,1008.8,25.9,52.0
7923,1724526701869,abc0d16aaf15b3a4ee2e561195dfd82ab260497412e326bb57f2ee5bbe9042d8,438.0,1008.9,25.4,52.0
7924,1724527301843,abc0d16aaf15b3a4ee2e561195dfd82ab260497412e326bb57f2ee5bbe9042d8,455.0,1009.0,25.1,52.0
7925,1724527901791,abc0d16aaf15b3a4ee2e561195dfd82ab260497412e326bb57f2ee5bbe9042d8,481.0,1009.2,25.0,51.0
7926,1724528501803,abc0d16aaf15b3a4ee2e561195dfd82ab260497412e326bb57f2ee5bbe9042d8,447.0,1009.3,25.1,51.0
7927,1724529101767,abc0d16aaf15b3a4ee2e561195dfd82ab260497412e326bb57f2ee5bbe9042d8,459.0,1009.4,25.1,51.0
7928,1724529703447,abc0d16aaf15b3a4ee2e561195dfd82ab260497412e326bb57f2ee5bbe9042d8,471.0,1009.5,24.8,51.0
7929,1724530301720,abc0d16aaf15b3a4ee2e561195dfd82ab260497412e326bb57f2ee5bbe9042d8,461.0,1009.5,24.8,50.0
7930,1724530901676,abc0d16aaf15b3a4ee2e561195dfd82ab260497412e326bb57f2ee5bbe9042d8,459.0,1009.6,25.0,50.0
7931,1724531501652,abc0d16aaf15b3a4ee2e561195dfd82ab260497412e326bb57f2ee5bbe9042d8,459.0,1009.6,24.8,51.0
7932,1724532101653,abc0d16aaf15b3a4ee2e561195dfd82ab260497412e326bb57f2ee5bbe9042d8,459.0,1009.6,24.6,51.0
7933,1724532701585,abc0d16aaf15b3a4ee2e561195dfd82ab260497412e326bb57f2ee5bbe9042d8,448.0,1009.6,24.2,51.0
7934,1724533301523,abc0d16aaf15b3a4ee2e561195dfd82ab260497412e326bb57f2ee5bbe9042d8,452.0,1009.7,24.2,52.0
7935,1724533901536,abc0d16aaf15b3a4ee2e561195dfd82ab260497412e326bb57f2ee5bbe9042d8,454.0,1009.7,24.2,54.0
7936,1724534501505,abc0d16aaf15b3a4ee2e561195dfd82ab260497412e326bb57f2ee5bbe9042d8,455.0,1009.7,23.6,54.0
7937,1724535101491,abc0d16aaf15b3a4ee2e561195dfd82ab260497412e326bb57f2ee5bbe9042d8,471.0,1009.8,23.3,55.0
7938,1724535703153,abc0d16aaf15b3a4ee2e561195dfd82ab260497412e326bb57f2ee5bbe9042d8,483.0,1009.8,23.0,54.0
7939,1724536301409,abc0d16aaf15b3a4ee2e561195dfd82ab260497412e326bb57f2ee5bbe9042d8,463.0,1009.8,23.0,54.0
7940,1724536901386,abc0d16aaf15b3a4ee2e561195dfd82ab260497412e326bb57f2ee5bbe9042d8,472.0,1010.0,22.7,56.0
7941,1724537501345,abc0d16aaf15b3a4ee2e561195dfd82ab260497412e326bb57f2ee5bbe9042d8,469.0,1009.9,23.0,56.0
7942,1724538101316,abc0d16aaf15b3a4ee2e561195dfd82ab260497412e326bb57f2ee5bbe9042d8,480.0,1010.1,23.1,56.0
7943,1724538701354,abc0d16aaf15b3a4ee2e561195dfd82ab260497412e326bb57f2ee5bbe9042d8,469.0,1010.1,23.2,56.0
7944,1724539301277,abc0d16aaf15b3a4ee2e561195dfd82ab260497412e326bb57f2ee5bbe9042d8,459.0,1010.2,23.1,57.0
7945,1724539901226,abc0d16aaf15b3a4ee2e561195dfd82ab260497412e326bb57f2ee5bbe9042d8,477.0,1010.2,22.9,57.0
7946,1724540501212,abc0d16aaf15b3a4ee2e561195dfd82ab260497412e326bb57f2ee5bbe9042d8,455.0,1010.1,22.6,58.0
7947,1724541101180,abc0d16aaf15b3a4ee2e561195dfd82ab260497412e326bb57f2ee5bbe9042d8,475.0,1010.0,22.3,58.0
7948,1724541701151,abc0d16aaf15b3a4ee2e561195dfd82ab260497412e326bb57f2ee5bbe9042d8,464.0,1009.9,22.4,58.0
7949,1724542301137,abc0d16aaf15b3a4ee2e561195dfd82ab260497412e326bb57f2ee5bbe9042d8,481.0,1010.0,22.3,58.0
7950,1724542901098,abc0d16aaf15b3a4ee2e561195dfd82ab260497412e326bb57f2ee5bbe9042d8,481.0,1009.9,22.3,60.0
7951,1724543501079,abc0d16aaf15b3a4ee2e561195dfd82ab260497412e326bb57f2ee5bbe9042d8,473.0,1009.9,22.1,60.0
7952,1724544101041,abc0d16aaf15b3a4ee2e561195dfd82ab260497412e326bb57f2ee5bbe9042d8,469.0,1009.9,21.9,61.0
7953,1724544701005,abc0d16aaf15b3a4ee2e561195dfd82ab260497412e326bb57f2ee5bbe9042d8,495.0,1010.0,21.8,62.0
7954,1724545300975,abc0d16aaf15b3a4ee2e561195dfd82ab260497412e326bb57f2ee5bbe9042d8,468.0,1010.0,21.5,62.0
7955,1724545900963,abc0d16aaf15b3a4ee2e561195dfd82ab260497412e326bb57f2ee5bbe9042d8,482.0,1010.1,21.4,62.0
7956,1724546500923,abc0d16aaf15b3a4ee2e561195dfd82ab260497412e326bb57f2ee5bbe9042d8,475.0,1010.2,21.4,64.0
7957,1724547100943,abc0d16aaf15b3a4ee2e561195dfd82ab260497412e326bb57f2ee5bbe9042d8,463.0,1010.1,21.2,64.0
7958,1724547700879,abc0d16aaf15b3a4ee2e561195dfd82ab260497412e326bb57f2ee5bbe9042d8,490.0,1010.1,21.0,64.0
7959,1724548300826,abc0d16aaf15b3a4ee2e561195dfd82ab260497412e326bb57f2ee5bbe9042d8,474.0,1010.1,20.9,64.0
7960,1724548900802,abc0d16aaf15b3a4ee2e561195dfd82ab260497412e326bb57f2ee5bbe9042d8,478.0,1010.1,20.9,64.0
7961,1724549500784,abc0d16aaf15b3a4ee2e561195dfd82ab260497412e326bb57f2ee5bbe9042d8,475.0,1010.0,20.5,64.0
7962,1724550100753,abc0d16aaf15b3a4ee2e561195dfd82ab260497412e326bb57f2ee5bbe9042d8,466.0,1009.9,20.4,64.0
7963,1724550700713,abc0d16aaf15b3a4ee2e561195dfd82ab260497412e326bb57f2ee5bbe9042d8,483.0,1009.8,20.2,64.0
7964,1724551300688,abc0d16aaf15b3a4ee2e561195dfd82ab260497412e326bb57f2ee5bbe9042d8,483.0,1009.8,19.8,65.0
7965,1724551900664,abc0d16aaf15b3a4ee2e561195dfd82ab260497412e326bb57f2ee5bbe9042d8,494.0,1009.8,19.5,66.0
7966,1724552500637,abc0d16aaf15b3a4ee2e561195dfd82ab260497412e326bb57f2ee5bbe9042d8,489.0,1010.1,19.4,66.0
7967,1724553100604,abc0d16aaf15b3a4ee2e561195dfd82ab260497412e326bb57f2ee5bbe9042d8,497.0,1010.1,19.3,64.0
7968,1724553700596,abc0d16aaf15b3a4ee2e561195dfd82ab260497412e326bb57f2ee5bbe9042d8,502.0,1010.1,19.3,64.0
7969,1724554300548,abc0d16aaf15b3a4ee2e561195dfd82ab260497412e326bb57f2ee5bbe9042d8,497.0,1010.1,19.1,64.0
7970,1724554900516,abc0d16aaf15b3a4ee2e561195dfd82ab260497412e326bb57f2ee5bbe9042d8,483.0,1010.3,19.0,65.0
7971,1724555500494,abc0d16aaf15b3a4ee2e561195dfd82ab260497412e326bb57f2ee5bbe9042d8,490.0,1010.3,19.3,66.0
7972,1724556100462,abc0d16aaf15b3a4ee2e561195dfd82ab260497412e326bb57f2ee5bbe9042d8,494.0,1010.4,19.1,66.0
7973,1724556700440,abc0d16aaf15b3a4ee2e561195dfd82ab260497412e326bb57f2ee5bbe9042d8,490.0,1010.2,18.8,66.0
7974,1724557300416,abc0d16aaf15b3a4ee2e561195dfd82ab260497412e326bb57f2ee5bbe9042d8,483.0,1010.2,18.8,66.0
7975,1724557900388,abc0d16aaf15b3a4ee2e561195dfd82ab260497412e326bb57f2ee5bbe9042d8,503.0,1010.2,18.5,66.0
7976,1724558500350,abc0d16aaf15b3a4ee2e561195dfd82ab260497412e326bb57f2ee5bbe9042d8,516.0,1010.3,18.4,67.0
7977,1724559100310,abc0d16aaf15b3a4ee2e561195dfd82ab260497412e326bb57f2ee5bbe9042d8,523.0,1010.4,18.4,65.0
7978,1724559700290,abc0d16aaf15b3a4ee2e561195dfd82ab260497412e326bb57f2ee5bbe9042d8,506.0,1010.5,18.2,65.0
7979,1724560300280,abc0d16aaf15b3a4ee2e561195dfd82ab260497412e326bb57f2ee5bbe9042d8,511.0,1010.6,18.3,66.0
7980,1724560900244,abc0d16aaf15b3a4ee2e561195dfd82ab260497412e326bb57f2ee5bbe9042d8,499.0,1010.6,18.4,66.0
7981,1724561500194,abc0d16aaf15b3a4ee2e561195dfd82ab260497412e326bb57f2ee5bbe9042d8,491.0,1010.6,18.5,66.0
7982,1724562100170,abc0d16aaf15b3a4ee2e561195dfd82ab260497412e326bb57f2ee5bbe9042d8,494.0,1010.7,18.5,67.0
7983,1724562700144,abc0d16aaf15b3a4ee2e561195dfd82ab260497412e326bb57f2ee5bbe9042d8,492.0,1010.7,18.6,67.0
7984,1724563300110,abc0d16aaf15b3a4ee2e561195dfd82ab260497412e326bb57f2ee5bbe9042d8,497.0,1010.7,18.9,67.0
7985,1724563901805,abc0d16aaf15b3a4ee2e561195dfd82ab260497412e326bb57f2ee5bbe9042d8,515.0,1010.6,20.6,66.0
7986,1724564500056,abc0d16aaf15b3a4ee2e561195dfd82ab260497412e326bb57f2ee5bbe9042d8,492.0,1010.6,22.1,63.0
7987,1724565100000,abc0d16aaf15b3a4ee2e561195dfd82ab260497412e326bb57f2ee5bbe9042d8,478.0,1010.7,23.3,63.0
7988,1724565700004,abc0d16aaf15b3a4ee2e561195dfd82ab260497412e326bb57f2ee5bbe9042d8,486.0,1010.5,24.1,61.0
7989,1724566299954,abc0d16aaf15b3a4ee2e561195dfd82ab260497412e326bb57f2ee5bbe9042d8,465.0,1010.5,24.7,61.0
7990,1724566899945,abc0d16aaf15b3a4ee2e561195dfd82ab260497412e326bb57f2ee5bbe9042d8,495.0,1010.5,25.6,61.0
7991,1724567499932,abc0d16aaf15b3a4ee2e561195dfd82ab260497412e326bb57f2ee5bbe9042d8,492.0,1010.5,26.5,58.0
7992,1724568099922,abc0d16aaf15b3a4ee2e561195dfd82ab260497412e326bb57f2ee5bbe9042d8,477.0,1010.4,27.3,56.0
7993,1724569299830,abc0d16aaf15b3a4ee2e561195dfd82ab260497412e326bb57f2ee5bbe9042d8,485.0,1010.1,28.6,53.0
7994,1724569899806,abc0d16aaf15b3a4ee2e561195dfd82ab260497412e326bb57f2ee5bbe9042d8,464.0,1010.1,29.1,48.0
7995,1724570499804,abc0d16aaf15b3a4ee2e561195dfd82ab260497412e326bb57f2ee5bbe9042d8,456.0,1010.1,29.6,48.0
7996,1724571099756,abc0d16aaf15b3a4ee2e561195dfd82ab260497412e326bb57f2ee5bbe9042d8,457.0,1010.0,30.4,48.0
7997,1724571699741,abc0d16aaf15b3a4ee2e561195dfd82ab260497412e326bb57f2ee5bbe9042d8,465.0,1009.9,31.0,45.0
7998,1724572299697,abc0d16aaf15b3a4ee2e561195dfd82ab260497412e326bb57f2ee5bbe9042d8,450.0,1010.0,31.5,45.0
7999,1724572899679,abc0d16aaf15b3a4ee2e561195dfd82ab260497412e326bb57f2ee5bbe9042d8,439.0,1010.0,31.6,44.0
8000,1724573499633,abc0d16aaf15b3a4ee2e561195dfd82ab260497412e326bb57f2ee5bbe9042d8,453.0,1009.9,32.1,43.0
8001,1724574099603,abc0d16aaf15b3a4ee2e561195dfd82ab260497412e326bb57f2ee5bbe9042d8,477.0,1009.9,33.2,43.0
8002,1724574699590,abc0d16aaf15b3a4ee2e561195dfd82ab260497412e326bb57f2ee5bbe9042d8,446.0,1009.9,33.9,41.0
8003,1724575299558,abc0d16aaf15b3a4ee2e561195dfd82ab260497412e326bb57f2ee5bbe9042d8,437.0,1009.8,34.6,40.0
8004,1724575899514,abc0d16aaf15b3a4ee2e561195dfd82ab260497412e326bb57f2ee5bbe9042d8,471.0,1009.8,34.2,40.0
8005,1724576499508,abc0d16aaf15b3a4ee2e561195dfd82ab260497412e326bb57f2ee5bbe9042d8,464.0,1009.8,34.6,41.0
8006,1724577099443,abc0d16aaf15b3a4ee2e561195dfd82ab260497412e326bb57f2ee5bbe9042d8,438.0,1009.8,34.4,41.0
8007,1724578299435,abc0d16aaf15b3a4ee2e561195dfd82ab260497412e326bb57f2ee5bbe9042d8,455.0,1009.6,34.3,43.0
8008,1724578899406,abc0d16aaf15b3a4ee2e561195dfd82ab260497412e326bb57f2ee5bbe9042d8,440.0,1009.6,34.2,41.0
8009,1724579499370,abc0d16aaf15b3a4ee2e561195dfd82ab260497412e326bb57f2ee5bbe9042d8,452.0,1009.5,34.2,41.0
8010,1724580099341,abc0d16aaf15b3a4ee2e561195dfd82ab260497412e326bb57f2ee5bbe9042d8,444.0,1009.3,34.4,41.0
8011,1724580699317,abc0d16aaf15b3a4ee2e561195dfd82ab260497412e326bb57f2ee5bbe9042d8,439.0,1009.2,34.1,40.0
8012,1724581299289,abc0d16aaf15b3a4ee2e561195dfd82ab260497412e326bb57f2ee5bbe9042d8,431.0,1009.1,34.5,40.0
8013,1724581899276,abc0d16aaf15b3a4ee2e561195dfd82ab260497412e326bb57f2ee5bbe9042d8,441.0,1009.2,34.4,40.0
8014,1724582499249,abc0d16aaf15b3a4ee2e561195dfd82ab260497412e326bb57f2ee5bbe9042d8,444.0,1009.0,34.7,38.0
8015,1724583099223,abc0d16aaf15b3a4ee2e561195dfd82ab260497412e326bb57f2ee5bbe9042d8,453.0,1009.0,34.9,38.0
8016,1724583699204,abc0d16aaf15b3a4ee2e561195dfd82ab260497412e326bb57f2ee5bbe9042d8,430.0,1008.9,34.9,38.0
8017,1724584299173,abc0d16aaf15b3a4ee2e561195dfd82ab260497412e326bb57f2ee5bbe9042d8,455.0,1008.8,35.3,36.0
8018,1724584899145,abc0d16aaf15b3a4ee2e561195dfd82ab260497412e326bb57f2ee5bbe9042d8,435.0,1008.6,35.2,36.0
8019,1724585499178,abc0d16aaf15b3a4ee2e561195dfd82ab260497412e326bb57f2ee5bbe9042d8,436.0,1008.5,35.2,36.0
8020,1724586099109,abc0d16aaf15b3a4ee2e561195dfd82ab260497412e326bb57f2ee5bbe9042d8,440.0,1008.4,35.7,35.0
8021,1724586700779,abc0d16aaf15b3a4ee2e561195dfd82ab260497412e326bb57f2ee5bbe9042d8,430.0,1008.3,35.9,35.0
8022,1724587299067,abc0d16aaf15b3a4ee2e561195dfd82ab260497412e326bb57f2ee5bbe9042d8,452.0,1008.3,36.5,33.0
8023,1724587899030,abc0d16aaf15b3a4ee2e561195dfd82ab260497412e326bb57f2ee5bbe9042d8,420.0,1008.1,37.1,34.0
8024,1724588499003,abc0d16aaf15b3a4ee2e561195dfd82ab260497412e326bb57f2ee5bbe9042d8,452.0,1008.0,36.9,34.0
8025,1724589098994,abc0d16aaf15b3a4ee2e561195dfd82ab260497412e326bb57f2ee5bbe9042d8,410.0,1007.9,37.1,34.0
8026,1724589698969,abc0d16aaf15b3a4ee2e561195dfd82ab260497412e326bb57f2ee5bbe9042d8,445.0,1007.8,37.3,33.0
8027,1724590298931,abc0d16aaf15b3a4ee2e561195dfd82ab260497412e326bb57f2ee5bbe9042d8,442.0,1007.8,37.9,33.0
8028,1724590898961,abc0d16aaf15b3a4ee2e561195dfd82ab260497412e326bb57f2ee5bbe9042d8,433.0,1007.6,37.9,32.0
8029,1724591498903,abc0d16aaf15b3a4ee2e561195dfd82ab260497412e326bb57f2ee5bbe9042d8,457.0,1007.5,38.6,33.0
8030,1724592098873,abc0d16aaf15b3a4ee2e561195dfd82ab260497412e326bb57f2ee5bbe9042d8,437.0,1007.4,37.9,33.0
8031,1724592698859,abc0d16aaf15b3a4ee2e561195dfd82ab260497412e326bb57f2ee5bbe9042d8,443.0,1007.3,37.9,33.0
8032,1724593298830,abc0d16aaf15b3a4ee2e561195dfd82ab260497412e326bb57f2ee5bbe9042d8,420.0,1007.2,37.9,32.0
8033,1724593898797,abc0d16aaf15b3a4ee2e561195dfd82ab260497412e326bb57f2ee5bbe9042d8,424.0,1007.1,38.1,32.0
8034,1724594498773,abc0d16aaf15b3a4ee2e561195dfd82ab260497412e326bb57f2ee5bbe9042d8,424.0,1007.0,38.4,32.0
8035,1724595098759,abc0d16aaf15b3a4ee2e561195dfd82ab260497412e326bb57f2ee5bbe9042d8,432.0,1006.9,38.9,32.0
8036,1724595698735,abc0d16aaf15b3a4ee2e561195dfd82ab260497412e326bb57f2ee5bbe9042d8,421.0,1006.8,38.6,32.0
8037,1724596298736,abc0d16aaf15b3a4ee2e561195dfd82ab260497412e326bb57f2ee5bbe9042d8,421.0,1006.9,36.6,33.0
8038,1724596898695,abc0d16aaf15b3a4ee2e561195dfd82ab260497412e326bb57f2ee5bbe9042d8,431.0,1006.9,36.8,33.0
8039,1724597498677,abc0d16aaf15b3a4ee2e561195dfd82ab260497412e326bb57f2ee5bbe9042d8,423.0,1006.8,37.8,33.0
8040,1724598098636,abc0d16aaf15b3a4ee2e561195dfd82ab260497412e326bb57f2ee5bbe9042d8,421.0,1006.7,38.5,33.0
8041,1724598698625,abc0d16aaf15b3a4ee2e561195dfd82ab260497412e326bb57f2ee5bbe9042d8,424.0,1006.6,38.3,33.0
8042,1724599298569,abc0d16aaf15b3a4ee2e561195dfd82ab260497412e326bb57f2ee5bbe9042d8,411.0,1006.5,38.7,33.0
8043,1724599898575,abc0d16aaf15b3a4ee2e561195dfd82ab260497412e326bb57f2ee5bbe9042d8,434.0,1006.4,38.3,34.0
8044,1724600498566,abc0d16aaf15b3a4ee2e561195dfd82ab260497412e326bb57f2ee5bbe9042d8,426.0,1006.4,38.2,34.0
8045,1724601098513,abc0d16aaf15b3a4ee2e561195dfd82ab260497412e326bb57f2ee5bbe9042d8,418.0,1006.4,37.6,34.0
8046,1724601698503,abc0d16aaf15b3a4ee2e561195dfd82ab260497412e326bb57f2ee5bbe9042d8,407.0,1006.3,38.4,33.0
8047,1724602898465,abc0d16aaf15b3a4ee2e561195dfd82ab260497412e326bb57f2ee5bbe9042d8,432.0,1006.1,37.7,35.0
8048,1724603498455,abc0d16aaf15b3a4ee2e561195dfd82ab260497412e326bb57f2ee5bbe9042d8,428.0,1006.0,36.8,35.0
8049,1724604098415,abc0d16aaf15b3a4ee2e561195dfd82ab260497412e326bb57f2ee5bbe9042d8,418.0,1006.0,36.5,36.0
8050,1724604698367,abc0d16aaf15b3a4ee2e561195dfd82ab260497412e326bb57f2ee5bbe9042d8,439.0,1006.0,36.4,36.0
8051,1724605298341,abc0d16aaf15b3a4ee2e561195dfd82ab260497412e326bb57f2ee5bbe9042d8,432.0,1006.1,36.1,37.0
8052,1724605898343,abc0d16aaf15b3a4ee2e561195dfd82ab260497412e326bb57f2ee5bbe9042d8,425.0,1006.2,34.8,38.0
8053,1724606498303,abc0d16aaf15b3a4ee2e561195dfd82ab260497412e326bb57f2ee5bbe9042d8,438.0,1006.2,33.8,38.0
8054,1724607098283,abc0d16aaf15b3a4ee2e561195dfd82ab260497412e326bb57f2ee5bbe9042d8,441.0,1006.4,32.8,41.0
8055,1724607698254,abc0d16aaf15b3a4ee2e561195dfd82ab260497412e326bb57f2ee5bbe9042d8,441.0,1006.5,31.7,41.0
8056,1724608298225,abc0d16aaf15b3a4ee2e561195dfd82ab260497412e326bb57f2ee5bbe9042d8,451.0,1006.6,30.6,41.0
8057,1724608898181,abc0d16aaf15b3a4ee2e561195dfd82ab260497412e326bb57f2ee5bbe9042d8,460.0,1006.6,29.5,43.0
8058,1724609498176,abc0d16aaf15b3a4ee2e561195dfd82ab260497412e326bb57f2ee5bbe9042d8,463.0,1006.8,28.6,44.0
8059,1724610098148,abc0d16aaf15b3a4ee2e561195dfd82ab260497412e326bb57f2ee5bbe9042d8,459.0,1006.8,28.0,44.0
8060,1724610698112,abc0d16aaf15b3a4ee2e561195dfd82ab260497412e326bb57f2ee5bbe9042d8,466.0,1006.9,27.5,45.0
8061,1724611298089,abc0d16aaf15b3a4ee2e561195dfd82ab260497412e326bb57f2ee5bbe9042d8,474.0,1007.0,27.2,45.0
8062,1724611898051,abc0d16aaf15b3a4ee2e561195dfd82ab260497412e326bb57f2ee5bbe9042d8,475.0,1007.0,27.0,45.0
8063,1724612498022,abc0d16aaf15b3a4ee2e561195dfd82ab260497412e326bb57f2ee5bbe9042d8,584.0,1007.0,26.0,48.0
8064,1724613098002,abc0d16aaf15b3a4ee2e561195dfd82ab260497412e326bb57f2ee5bbe9042d8,534.0,1007.3,25.1,53.0
8065,1724613697965,abc0d16aaf15b3a4ee2e561195dfd82ab260497412e326bb57f2ee5bbe9042d8,556.0,1007.5,24.7,53.0
8066,1724614299654,abc0d16aaf15b3a4ee2e561195dfd82ab260497412e326bb57f2ee5bbe9042d8,530.0,1007.6,24.1,56.0
8067,1724614897924,abc0d16aaf15b3a4ee2e561195dfd82ab260497412e326bb57f2ee5bbe9042d8,547.0,1007.7,23.9,59.0
8068,1724615497874,abc0d16aaf15b3a4ee2e561195dfd82ab260497412e326bb57f2ee5bbe9042d8,555.0,1008.0,23.7,59.0
8069,1724616097836,abc0d16aaf15b3a4ee2e561195dfd82ab260497412e326bb57f2ee5bbe9042d8,530.0,1007.9,23.6,60.0
8070,1724616699536,abc0d16aaf15b3a4ee2e561195dfd82ab260497412e326bb57f2ee5bbe9042d8,528.0,1008.0,23.6,63.0
8071,1724617297784,abc0d16aaf15b3a4ee2e561195dfd82ab260497412e326bb57f2ee5bbe9042d8,552.0,1008.0,23.4,63.0
8072,1724617897769,abc0d16aaf15b3a4ee2e561195dfd82ab260497412e326bb57f2ee5bbe9042d8,575.0,1008.0,23.2,64.0
8073,1724618497728,abc0d16aaf15b3a4ee2e561195dfd82ab260497412e326bb57f2ee5bbe9042d8,583.0,1008.1,22.7,68.0
8074,1724619097698,abc0d16aaf15b3a4ee2e561195dfd82ab260497412e326bb57f2ee5bbe9042d8,557.0,1008.2,22.5,68.0
8075,1724619697662,abc0d16aaf15b3a4ee2e561195dfd82ab260497412e326bb57f2ee5bbe9042d8,574.0,1008.4,22.4,68.0
8076,1724620297659,abc0d16aaf15b3a4ee2e561195dfd82ab260497412e326bb57f2ee5bbe9042d8,578.0,1008.4,22.5,66.0
8077,1724620897628,abc0d16aaf15b3a4ee2e561195dfd82ab260497412e326bb57f2ee5bbe9042d8,520.0,1008.5,22.6,66.0
8078,1724621497590,abc0d16aaf15b3a4ee2e561195dfd82ab260497412e326bb57f2ee5bbe9042d8,472.0,1008.5,22.7,65.0
8079,1724622097576,abc0d16aaf15b3a4ee2e561195dfd82ab260497412e326bb57f2ee5bbe9042d8,500.0,1008.5,22.6,65.0
8080,1724622697576,abc0d16aaf15b3a4ee2e561195dfd82ab260497412e326bb57f2ee5bbe9042d8,484.0,1008.6,22.4,65.0
8081,1724623297501,abc0d16aaf15b3a4ee2e561195dfd82ab260497412e326bb57f2ee5bbe9042d8,488.0,1008.5,22.6,65.0
8082,1724623897481,abc0d16aaf15b3a4ee2e561195dfd82ab260497412e326bb57f2ee5bbe9042d8,466.0,1008.4,22.7,65.0
8083,1724624497446,abc0d16aaf15b3a4ee2e561195dfd82ab260497412e326bb57f2ee5bbe9042d8,480.0,1008.4,22.8,65.0
8084,1724625099127,abc0d16aaf15b3a4ee2e561195dfd82ab260497412e326bb57f2ee5bbe9042d8,482.0,1008.5,23.2,63.0
8085,1724625697393,abc0d16aaf15b3a4ee2e561195dfd82ab260497412e326bb57f2ee5bbe9042d8,478.0,1008.5,23.3,64.0
8086,1724626297357,abc0d16aaf15b3a4ee2e561195dfd82ab260497412e326bb57f2ee5bbe9042d8,469.0,1008.4,23.3,64.0
8087,1724626897325,abc0d16aaf15b3a4ee2e561195dfd82ab260497412e326bb57f2ee5bbe9042d8,474.0,1008.4,23.2,64.0
8088,1724627499017,abc0d16aaf15b3a4ee2e561195dfd82ab260497412e326bb57f2ee5bbe9042d8,469.0,1008.4,23.3,65.0
8089,1724628097269,abc0d16aaf15b3a4ee2e561195dfd82ab260497412e326bb57f2ee5bbe9042d8,455.0,1008.4,23.2,65.0
8090,1724628697245,abc0d16aaf15b3a4ee2e561195dfd82ab260497412e326bb57f2ee5bbe9042d8,475.0,1008.5,22.9,65.0
8091,1724629297187,abc0d16aaf15b3a4ee2e561195dfd82ab260497412e326bb57f2ee5bbe9042d8,486.0,1008.5,22.6,67.0
8092,1724629897183,abc0d16aaf15b3a4ee2e561195dfd82ab260497412e326bb57f2ee5bbe9042d8,485.0,1008.5,22.4,67.0
8093,1724630497150,abc0d16aaf15b3a4ee2e561195dfd82ab260497412e326bb57f2ee5bbe9042d8,482.0,1008.5,22.4,66.0
8094,1724631097129,abc0d16aaf15b3a4ee2e561195dfd82ab260497412e326bb57f2ee5bbe9042d8,492.0,1008.3,22.4,67.0
8095,1724631697085,abc0d16aaf15b3a4ee2e561195dfd82ab260497412e326bb57f2ee5bbe9042d8,468.0,1008.3,22.3,67.0
8096,1724632297044,abc0d16aaf15b3a4ee2e561195dfd82ab260497412e326bb57f2ee5bbe9042d8,490.0,1008.3,22.3,67.0
8097,1724632897049,abc0d16aaf15b3a4ee2e561195dfd82ab260497412e326bb57f2ee5bbe9042d8,470.0,1008.4,22.1,68.0
8098,1724633496999,abc0d16aaf15b3a4ee2e561195dfd82ab260497412e326bb57f2ee5bbe9042d8,493.0,1008.2,21.9,68.0
8099,1724634096967,abc0d16aaf15b3a4ee2e561195dfd82ab260497412e326bb57f2ee5bbe9042d8,484.0,1008.3,21.9,68.0
8100,1724634696963,abc0d16aaf15b3a4ee2e561195dfd82ab260497412e326bb57f2ee5bbe9042d8,481.0,1008.4,21.9,70.0
8101,1724635296916,abc0d16aaf15b3a4ee2e561195dfd82ab260497412e326bb57f2ee5bbe9042d8,492.0,1008.4,21.8,70.0
8102,1724635896902,abc0d16aaf15b3a4ee2e561195dfd82ab260497412e326bb57f2ee5bbe9042d8,474.0,1008.4,21.9,71.0
8103,1724636496885,abc0d16aaf15b3a4ee2e561195dfd82ab260497412e326bb57f2ee5bbe9042d8,485.0,1008.3,21.6,72.0
8104,1724637096848,abc0d16aaf15b3a4ee2e561195dfd82ab260497412e326bb57f2ee5bbe9042d8,486.0,1008.1,21.7,72.0
8105,1724637696863,abc0d16aaf15b3a4ee2e561195dfd82ab260497412e326bb57f2ee5bbe9042d8,492.0,1008.1,21.5,72.0
8106,1724638296784,abc0d16aaf15b3a4ee2e561195dfd82ab260497412e326bb57f2ee5bbe9042d8,488.0,1008.3,21.5,73.0
8107,1724638896746,abc0d16aaf15b3a4ee2e561195dfd82ab260497412e326bb57f2ee5bbe9042d8,474.0,1008.2,21.4,73.0
8108,1724639496722,abc0d16aaf15b3a4ee2e561195dfd82ab260497412e326bb57f2ee5bbe9042d8,495.0,1008.3,21.3,73.0
8109,1724640096699,abc0d16aaf15b3a4ee2e561195dfd82ab260497412e326bb57f2ee5bbe9042d8,487.0,1008.3,21.2,75.0
8110,1724640696659,abc0d16aaf15b3a4ee2e561195dfd82ab260497412e326bb57f2ee5bbe9042d8,489.0,1008.3,21.0,75.0
8111,1724641296622,abc0d16aaf15b3a4ee2e561195dfd82ab260497412e326bb57f2ee5bbe9042d8,497.0,1008.2,20.9,76.0
8112,1724641896612,abc0d16aaf15b3a4ee2e561195dfd82ab260497412e326bb57f2ee5bbe9042d8,476.0,1008.3,20.7,77.0
8113,1724642496581,abc0d16aaf15b3a4ee2e561195dfd82ab260497412e326bb57f2ee5bbe9042d8,508.0,1008.3,20.5,77.0
8114,1724643096589,abc0d16aaf15b3a4ee2e561195dfd82ab260497412e326bb57f2ee5bbe9042d8,485.0,1008.4,20.2,77.0
8115,1724643696539,abc0d16aaf15b3a4ee2e561195dfd82ab260497412e326bb57f2ee5bbe9042d8,514.0,1008.4,20.1,79.0
8116,1724644296489,abc0d16aaf15b3a4ee2e561195dfd82ab260497412e326bb57f2ee5bbe9042d8,511.0,1008.5,20.0,79.0
8117,1724644896449,abc0d16aaf15b3a4ee2e561195dfd82ab260497412e326bb57f2ee5bbe9042d8,497.0,1008.6,20.0,80.0
8118,1724645496445,abc0d16aaf15b3a4ee2e561195dfd82ab260497412e326bb57f2ee5bbe9042d8,503.0,1008.8,19.9,80.0
8119,1724646096403,abc0d16aaf15b3a4ee2e561195dfd82ab260497412e326bb57f2ee5bbe9042d8,520.0,1008.7,19.7,80.0
8120,1724646696388,abc0d16aaf15b3a4ee2e561195dfd82ab260497412e326bb57f2ee5bbe9042d8,502.0,1008.9,19.6,81.0
8121,1724647296347,abc0d16aaf15b3a4ee2e561195dfd82ab260497412e326bb57f2ee5bbe9042d8,515.0,1009.0,19.6,82.0
8122,1724647896311,abc0d16aaf15b3a4ee2e561195dfd82ab260497412e326bb57f2ee5bbe9042d8,539.0,1009.3,19.4,82.0
8123,1724648496319,abc0d16aaf15b3a4ee2e561195dfd82ab260497412e326bb57f2ee5bbe9042d8,516.0,1009.3,19.5,83.0
8124,1724649096267,abc0d16aaf15b3a4ee2e561195dfd82ab260497412e326bb57f2ee5bbe9042d8,525.0,1009.2,19.6,84.0
8125,1724649696231,abc0d16aaf15b3a4ee2e561195dfd82ab260497412e326bb57f2ee5bbe9042d8,508.0,1009.2,19.8,84.0
8126,1724650297925,abc0d16aaf15b3a4ee2e561195dfd82ab260497412e326bb57f2ee5bbe9042d8,498.0,1009.1,20.4,83.0
8127,1724650896182,abc0d16aaf15b3a4ee2e561195dfd82ab260497412e326bb57f2ee5bbe9042d8,491.0,1008.9,21.5,80.0
8128,1724651496109,abc0d16aaf15b3a4ee2e561195dfd82ab260497412e326bb57f2ee5bbe9042d8,482.0,1008.9,22.7,80.0
8129,1724652096115,abc0d16aaf15b3a4ee2e561195dfd82ab260497412e326bb57f2ee5bbe9042d8,514.0,1008.7,23.8,76.0
8130,1724652696097,abc0d16aaf15b3a4ee2e561195dfd82ab260497412e326bb57f2ee5bbe9042d8,491.0,1008.9,24.2,75.0
8131,1724653296065,abc0d16aaf15b3a4ee2e561195dfd82ab260497412e326bb57f2ee5bbe9042d8,496.0,1009.2,24.5,75.0
8132,1724653896043,abc0d16aaf15b3a4ee2e561195dfd82ab260497412e326bb57f2ee5bbe9042d8,483.0,1009.3,25.6,73.0
8133,1724654496027,abc0d16aaf15b3a4ee2e561195dfd82ab260497412e326bb57f2ee5bbe9042d8,482.0,1009.4,26.9,71.0
8134,1724655095971,abc0d16aaf15b3a4ee2e561195dfd82ab260497412e326bb57f2ee5bbe9042d8,488.0,1009.5,27.0,71.0
8135,1724655695961,abc0d16aaf15b3a4ee2e561195dfd82ab260497412e326bb57f2ee5bbe9042d8,469.0,1009.7,26.9,70.0
8136,1724656295925,abc0d16aaf15b3a4ee2e561195dfd82ab260497412e326bb57f2ee5bbe9042d8,475.0,1009.8,26.5,71.0
8137,1724656895877,abc0d16aaf15b3a4ee2e561195dfd82ab260497412e326bb57f2ee5bbe9042d8,477.0,1009.8,26.2,71.0
8138,1724657495892,abc0d16aaf15b3a4ee2e561195dfd82ab260497412e326bb57f2ee5bbe9042d8,496.0,1010.0,26.5,74.0
8139,1724658095865,abc0d16aaf15b3a4ee2e561195dfd82ab260497412e326bb57f2ee5bbe9042d8,493.0,1010.1,26.7,73.0
8140,1724658695805,abc0d16aaf15b3a4ee2e561195dfd82ab260497412e326bb57f2ee5bbe9042d8,508.0,1010.1,27.7,73.0
8141,1724659295774,abc0d16aaf15b3a4ee2e561195dfd82ab260497412e326bb57f2ee5bbe9042d8,493.0,1010.1,28.4,72.0
8142,1724659895754,abc0d16aaf15b3a4ee2e561195dfd82ab260497412e326bb57f2ee5bbe9042d8,503.0,1010.1,29.9,73.0
8143,1724660495724,abc0d16aaf15b3a4ee2e561195dfd82ab260497412e326bb57f2ee5bbe9042d8,502.0,1010.0,31.2,73.0
8144,1724661095710,abc0d16aaf15b3a4ee2e561195dfd82ab260497412e326bb57f2ee5bbe9042d8,533.0,1010.1,31.3,71.0
8145,1724661697385,abc0d16aaf15b3a4ee2e561195dfd82ab260497412e326bb57f2ee5bbe9042d8,530.0,1010.0,31.9,68.0
8146,1724662295672,abc0d16aaf15b3a4ee2e561195dfd82ab260497412e326bb57f2ee5bbe9042d8,501.0,1010.0,32.4,68.0
8147,1724662895614,abc0d16aaf15b3a4ee2e561195dfd82ab260497412e326bb57f2ee5bbe9042d8,496.0,1010.0,32.9,62.0
8148,1724663495589,abc0d16aaf15b3a4ee2e561195dfd82ab260497412e326bb57f2ee5bbe9042d8,503.0,1009.9,32.5,63.0
8149,1724664095565,abc0d16aaf15b3a4ee2e561195dfd82ab260497412e326bb57f2ee5bbe9042d8,503.0,1009.8,33.7,63.0
8150,1724664695548,abc0d16aaf15b3a4ee2e561195dfd82ab260497412e326bb57f2ee5bbe9042d8,503.0,1009.7,32.9,59.0
8151,1724665295531,abc0d16aaf15b3a4ee2e561195dfd82ab260497412e326bb57f2ee5bbe9042d8,477.0,1009.7,32.9,58.0
8152,1724665895491,abc0d16aaf15b3a4ee2e561195dfd82ab260497412e326bb57f2ee5bbe9042d8,508.0,1009.5,34.5,58.0
8153,1724666495473,abc0d16aaf15b3a4ee2e561195dfd82ab260497412e326bb57f2ee5bbe9042d8,470.0,1009.4,35.3,56.0
8154,1724667695409,abc0d16aaf15b3a4ee2e561195dfd82ab260497412e326bb57f2ee5bbe9042d8,479.0,1009.4,34.5,56.0
8155,1724668295397,abc0d16aaf15b3a4ee2e561195dfd82ab260497412e326bb57f2ee5bbe9042d8,462.0,1009.4,34.4,55.0
8156,1724668895381,abc0d16aaf15b3a4ee2e561195dfd82ab260497412e326bb57f2ee5bbe9042d8,479.0,1009.2,35.7,54.0
8157,1724669495359,abc0d16aaf15b3a4ee2e561195dfd82ab260497412e326bb57f2ee5bbe9042d8,468.0,1009.1,36.1,54.0
8158,1724670095309,abc0d16aaf15b3a4ee2e561195dfd82ab260497412e326bb57f2ee5bbe9042d8,478.0,1009.0,36.0,52.0
8159,1724670695286,abc0d16aaf15b3a4ee2e561195dfd82ab260497412e326bb57f2ee5bbe9042d8,445.0,1008.8,36.0,49.0
8160,1724671295256,abc0d16aaf15b3a4ee2e561195dfd82ab260497412e326bb57f2ee5bbe9042d8,455.0,1008.7,35.9,49.0
8161,1724671895265,abc0d16aaf15b3a4ee2e561195dfd82ab260497412e326bb57f2ee5bbe9042d8,469.0,1008.6,35.7,49.0
8162,1724672495229,abc0d16aaf15b3a4ee2e561195dfd82ab260497412e326bb57f2ee5bbe9042d8,461.0,1008.5,35.7,46.0
8163,1724673095196,abc0d16aaf15b3a4ee2e561195dfd82ab260497412e326bb57f2ee5bbe9042d8,444.0,1008.4,34.5,46.0
8164,1724673695161,abc0d16aaf15b3a4ee2e561195dfd82ab260497412e326bb57f2ee5bbe9042d8,451.0,1008.2,36.2,44.0
8165,1724674295147,abc0d16aaf15b3a4ee2e561195dfd82ab260497412e326bb57f2ee5bbe9042d8,447.0,1008.0,36.6,44.0
8166,1724674895083,abc0d16aaf15b3a4ee2e561195dfd82ab260497412e326bb57f2ee5bbe9042d8,439.0,1007.9,36.3,44.0
8167,1724675495104,abc0d16aaf15b3a4ee2e561195dfd82ab260497412e326bb57f2ee5bbe9042d8,466.0,1007.8,36.9,43.0
8168,1724676095095,abc0d16aaf15b3a4ee2e561195dfd82ab260497412e326bb57f2ee5bbe9042d8,469.0,1007.7,36.9,43.0
8169,1724676695046,abc0d16aaf15b3a4ee2e561195dfd82ab260497412e326bb57f2ee5bbe9042d8,444.0,1007.7,37.1,43.0
8170,1724677295018,abc0d16aaf15b3a4ee2e561195dfd82ab260497412e326bb57f2ee5bbe9042d8,471.0,1007.5,37.6,43.0
8171,1724677895038,abc0d16aaf15b3a4ee2e561195dfd82ab260497412e326bb57f2ee5bbe9042d8,472.0,1007.3,37.4,42.0
8172,1724678494986,abc0d16aaf15b3a4ee2e561195dfd82ab260497412e326bb57f2ee5bbe9042d8,436.0,1007.2,36.8,42.0
8173,1724679094958,abc0d16aaf15b3a4ee2e561195dfd82ab260497412e326bb57f2ee5bbe9042d8,445.0,1007.3,36.9,43.0
8174,1724679694948,abc0d16aaf15b3a4ee2e561195dfd82ab260497412e326bb57f2ee5bbe9042d8,452.0,1007.4,38.1,41.0
8175,1724680294912,abc0d16aaf15b3a4ee2e561195dfd82ab260497412e326bb57f2ee5bbe9042d8,428.0,1007.3,35.7,41.0
8176,1724680894876,abc0d16aaf15b3a4ee2e561195dfd82ab260497412e326bb57f2ee5bbe9042d8,420.0,1007.1,34.0,43.0
8177,1724681494843,abc0d16aaf15b3a4ee2e561195dfd82ab260497412e326bb57f2ee5bbe9042d8,424.0,1007.2,33.3,46.0
8178,1724682094842,abc0d16aaf15b3a4ee2e561195dfd82ab260497412e326bb57f2ee5bbe9042d8,432.0,1007.1,33.0,46.0
8179,1724682694817,abc0d16aaf15b3a4ee2e561195dfd82ab260497412e326bb57f2ee5bbe9042d8,449.0,1007.3,32.8,46.0
8180,1724683294798,abc0d16aaf15b3a4ee2e561195dfd82ab260497412e326bb57f2ee5bbe9042d8,443.0,1007.2,32.6,48.0
8181,1724683894747,abc0d16aaf15b3a4ee2e561195dfd82ab260497412e326bb57f2ee5bbe9042d8,454.0,1007.2,32.2,48.0
8182,1724684494718,abc0d16aaf15b3a4ee2e561195dfd82ab260497412e326bb57f2ee5bbe9042d8,446.0,1007.3,31.9,48.0
8183,1724685094713,abc0d16aaf15b3a4ee2e561195dfd82ab260497412e326bb57f2ee5bbe9042d8,454.0,1007.1,31.6,47.0
8184,1724685694670,abc0d16aaf15b3a4ee2e561195dfd82ab260497412e326bb57f2ee5bbe9042d8,451.0,1007.0,31.4,47.0
8185,1724686294659,abc0d16aaf15b3a4ee2e561195dfd82ab260497412e326bb57f2ee5bbe9042d8,441.0,1006.8,30.8,47.0
8186,1724686894638,abc0d16aaf15b3a4ee2e561195dfd82ab260497412e326bb57f2ee5bbe9042d8,414.0,1006.9,30.5,49.0
8187,1724687496307,abc0d16aaf15b3a4ee2e561195dfd82ab260497412e326bb57f2ee5bbe9042d8,450.0,1007.0,30.2,49.0
8188,1724688094617,abc0d16aaf15b3a4ee2e561195dfd82ab260497412e326bb57f2ee5bbe9042d8,455.0,1006.9,30.2,50.0
8189,1724688694568,abc0d16aaf15b3a4ee2e561195dfd82ab260497412e326bb57f2ee5bbe9042d8,441.0,1006.9,30.6,49.0
8190,1724689294514,abc0d16aaf15b3a4ee2e561195dfd82ab260497412e326bb57f2ee5bbe9042d8,458.0,1007.0,31.6,49.0
8191,1724689894510,abc0d16aaf15b3a4ee2e561195dfd82ab260497412e326bb57f2ee5bbe9042d8,436.0,1006.8,33.1,47.0
8192,1724690494462,abc0d16aaf15b3a4ee2e561195dfd82ab260497412e326bb57f2ee5bbe9042d8,440.0,1006.7,33.9,47.0
8193,1724691094426,abc0d16aaf15b3a4ee2e561195dfd82ab260497412e326bb57f2ee5bbe9042d8,430.0,1006.8,34.0,47.0
8194,1724691694384,abc0d16aaf15b3a4ee2e561195dfd82ab260497412e326bb57f2ee5bbe9042d8,437.0,1006.5,33.1,48.0
8195,1724692294384,abc0d16aaf15b3a4ee2e561195dfd82ab260497412e326bb57f2ee5bbe9042d8,445.0,1006.6,32.7,49.0
8196,1724692894336,abc0d16aaf15b3a4ee2e561195dfd82ab260497412e326bb57f2ee5bbe9042d8,430.0,1006.7,32.1,49.0
8197,1724693494320,abc0d16aaf15b3a4ee2e561195dfd82ab260497412e326bb57f2ee5bbe9042d8,424.0,1006.8,31.0,51.0
8198,1724694094307,abc0d16aaf15b3a4ee2e561195dfd82ab260497412e326bb57f2ee5bbe9042d8,436.0,1006.9,30.1,52.0
8199,1724694694258,abc0d16aaf15b3a4ee2e561195dfd82ab260497412e326bb57f2ee5bbe9042d8,452.0,1007.1,29.3,52.0
8200,1724695294234,abc0d16aaf15b3a4ee2e561195dfd82ab260497412e326bb57f2ee5bbe9042d8,452.0,1007.4,28.4,54.0
8201,1724695894202,abc0d16aaf15b3a4ee2e561195dfd82ab260497412e326bb57f2ee5bbe9042d8,490.0,1007.5,27.3,57.0
8202,1724696494168,abc0d16aaf15b3a4ee2e561195dfd82ab260497412e326bb57f2ee5bbe9042d8,483.0,1007.7,26.5,57.0
8203,1724697094154,abc0d16aaf15b3a4ee2e561195dfd82ab260497412e326bb57f2ee5bbe9042d8,468.0,1007.9,26.2,60.0
8204,1724697694127,abc0d16aaf15b3a4ee2e561195dfd82ab260497412e326bb57f2ee5bbe9042d8,469.0,1008.0,26.1,61.0
8205,1724698294092,abc0d16aaf15b3a4ee2e561195dfd82ab260497412e326bb57f2ee5bbe9042d8,475.0,1008.1,25.9,61.0
8206,1724698894054,abc0d16aaf15b3a4ee2e561195dfd82ab260497412e326bb57f2ee5bbe9042d8,506.0,1008.2,25.4,61.0
8207,1724699494014,abc0d16aaf15b3a4ee2e561195dfd82ab260497412e326bb57f2ee5bbe9042d8,482.0,1008.4,24.9,65.0
8208,1724700094002,abc0d16aaf15b3a4ee2e561195dfd82ab260497412e326bb57f2ee5bbe9042d8,484.0,1008.6,25.0,65.0
8209,1724700694028,abc0d16aaf15b3a4ee2e561195dfd82ab260497412e326bb57f2ee5bbe9042d8,483.0,1008.6,25.1,67.0
8210,1724701293959,abc0d16aaf15b3a4ee2e561195dfd82ab260497412e326bb57f2ee5bbe9042d8,456.0,1008.6,24.9,68.0
8211,1724701893916,abc0d16aaf15b3a4ee2e561195dfd82ab260497412e326bb57f2ee5bbe9042d8,460.0,1008.7,24.7,68.0
8212,1724702493872,abc0d16aaf15b3a4ee2e561195dfd82ab260497412e326bb57f2ee5bbe9042d8,469.0,1008.9,24.4,70.0
8213,1724703093876,abc0d16aaf15b3a4ee2e561195dfd82ab260497412e326bb57f2ee5bbe9042d8,480.0,1009.0,24.2,71.0
8214,1724703693832,abc0d16aaf15b3a4ee2e561195dfd82ab260497412e326bb57f2ee5bbe9042d8,475.0,1009.0,24.1,71.0
8215,1724704293818,abc0d16aaf15b3a4ee2e561195dfd82ab260497412e326bb57f2ee5bbe9042d8,476.0,1009.1,23.9,72.0
8216,1724704893824,abc0d16aaf15b3a4ee2e561195dfd82ab260497412e326bb57f2ee5bbe9042d8,473.0,1009.2,23.7,73.0
8217,1724705493744,abc0d16aaf15b3a4ee2e561195dfd82ab260497412e326bb57f2ee5bbe9042d8,471.0,1009.3,23.4,73.0
8218,1724706093714,abc0d16aaf15b3a4ee2e561195dfd82ab260497412e326bb57f2ee5bbe9042d8,468.0,1009.4,23.4,73.0
8219,1724706693686,abc0d16aaf15b3a4ee2e561195dfd82ab260497412e326bb57f2ee5bbe9042d8,490.0,1009.5,23.3,75.0
8220,1724707293650,abc0d16aaf15b3a4ee2e561195dfd82ab260497412e326bb57f2ee5bbe9042d8,489.0,1009.6,23.0,75.0
8221,1724707893684,abc0d16aaf15b3a4ee2e561195dfd82ab260497412e326bb57f2ee5bbe9042d8,511.0,1009.7,22.5,76.0
8222,1724708493612,abc0d16aaf15b3a4ee2e561195dfd82ab260497412e326bb57f2ee5bbe9042d8,493.0,1009.8,22.5,78.0
8223,1724709093620,abc0d16aaf15b3a4ee2e561195dfd82ab260497412e326bb57f2ee5bbe9042d8,501.0,1009.9,22.7,78.0
8224,1724709693533,abc0d16aaf15b3a4ee2e561195dfd82ab260497412e326bb57f2ee5bbe9042d8,471.0,1009.8,22.4,80.0
8225,1724710293514,abc0d16aaf15b3a4ee2e561195dfd82ab260497412e326bb57f2ee5bbe9042d8,500.0,1009.8,22.1,81.0
8226,1724710893471,abc0d16aaf15b3a4ee2e561195dfd82ab260497412e326bb57f2ee5bbe9042d8,515.0,1009.9,21.9,81.0
8227,1724711493453,abc0d16aaf15b3a4ee2e561195dfd82ab260497412e326bb57f2ee5bbe9042d8,496.0,1009.9,21.9,81.0
8228,1724712093442,abc0d16aaf15b3a4ee2e561195dfd82ab260497412e326bb57f2ee5bbe9042d8,505.0,1010.0,21.9,82.0
8229,1724712693396,abc0d16aaf15b3a4ee2e561195dfd82ab260497412e326bb57f2ee5bbe9042d8,502.0,1010.0,21.7,82.0
8230,1724713293358,abc0d16aaf15b3a4ee2e561195dfd82ab260497412e326bb57f2ee5bbe9042d8,506.0,1010.1,21.7,83.0
8231,1724713893348,abc0d16aaf15b3a4ee2e561195dfd82ab260497412e326bb57f2ee5bbe9042d8,508.0,1010.2,21.8,84.0
8232,1724714493313,abc0d16aaf15b3a4ee2e561195dfd82ab260497412e326bb57f2ee5bbe9042d8,526.0,1010.2,21.4,84.0
8233,1724715093285,abc0d16aaf15b3a4ee2e561195dfd82ab260497412e326bb57f2ee5bbe9042d8,503.0,1010.2,21.3,84.0
8234,1724715693254,abc0d16aaf15b3a4ee2e561195dfd82ab260497412e326bb57f2ee5bbe9042d8,504.0,1010.2,21.3,85.0
8235,1724716293203,abc0d16aaf15b3a4ee2e561195dfd82ab260497412e326bb57f2ee5bbe9042d8,501.0,1010.3,21.2,85.0
8236,1724716893188,abc0d16aaf15b3a4ee2e561195dfd82ab260497412e326bb57f2ee5bbe9042d8,510.0,1010.4,21.1,85.0
8237,1724717493175,abc0d16aaf15b3a4ee2e561195dfd82ab260497412e326bb57f2ee5bbe9042d8,513.0,1010.4,21.2,86.0
8238,1724718093117,abc0d16aaf15b3a4ee2e561195dfd82ab260497412e326bb57f2ee5bbe9042d8,508.0,1010.4,21.0,86.0
8239,1724718693114,abc0d16aaf15b3a4ee2e561195dfd82ab260497412e326bb57f2ee5bbe9042d8,512.0,1010.5,20.9,86.0
8240,1724719293099,abc0d16aaf15b3a4ee2e561195dfd82ab260497412e326bb57f2ee5bbe9042d8,490.0,1010.5,21.0,87.0
8241,1724719893030,abc0d16aaf15b3a4ee2e561195dfd82ab260497412e326bb57f2ee5bbe9042d8,509.0,1010.5,20.9,87.0
8242,1724720493030,abc0d16aaf15b3a4ee2e561195dfd82ab260497412e326bb57f2ee5bbe9042d8,512.0,1010.6,20.9,87.0
8243,1724721093006,abc0d16aaf15b3a4ee2e561195dfd82ab260497412e326bb57f2ee5bbe9042d8,513.0,1010.6,21.0,86.0
8244,1724722292934,abc0d16aaf15b3a4ee2e561195dfd82ab260497412e326bb57f2ee5bbe9042d8,514.0,1010.5,20.9,86.0
8245,1724722892900,abc0d16aaf15b3a4ee2e561195dfd82ab260497412e326bb57f2ee5bbe9042d8,525.0,1010.6,20.7,87.0
8246,1724723492853,abc0d16aaf15b3a4ee2e561195dfd82ab260497412e326bb57f2ee5bbe9042d8,501.0,1010.7,20.7,87.0
8247,1724724092850,abc0d16aaf15b3a4ee2e561195dfd82ab260497412e326bb57f2ee5bbe9042d8,504.0,1010.7,20.7,87.0
8248,1724724692828,abc0d16aaf15b3a4ee2e561195dfd82ab260497412e326bb57f2ee5bbe9042d8,520.0,1010.8,20.6,88.0
8249,1724725292791,abc0d16aaf15b3a4ee2e561195dfd82ab260497412e326bb57f2ee5bbe9042d8,518.0,1010.9,20.6,88.0
8250,1724725892767,abc0d16aaf15b3a4ee2e561195dfd82ab260497412e326bb57f2ee5bbe9042d8,523.0,1010.9,20.5,88.0
8251,1724726492743,abc0d16aaf15b3a4ee2e561195dfd82ab260497412e326bb57f2ee5bbe9042d8,514.0,1010.9,20.4,88.0
8252,1724727092664,abc0d16aaf15b3a4ee2e561195dfd82ab260497412e326bb57f2ee5bbe9042d8,502.0,1011.0,20.3,88.0
8253,1724727692684,abc0d16aaf15b3a4ee2e561195dfd82ab260497412e326bb57f2ee5bbe9042d8,535.0,1011.1,20.2,88.0
8254,1724728292648,abc0d16aaf15b3a4ee2e561195dfd82ab260497412e326bb57f2ee5bbe9042d8,512.0,1011.1,20.1,89.0
8255,1724728892611,abc0d16aaf15b3a4ee2e561195dfd82ab260497412e326bb57f2ee5bbe9042d8,514.0,1011.2,20.2,89.0
8256,1724729492599,abc0d16aaf15b3a4ee2e561195dfd82ab260497412e326bb57f2ee5bbe9042d8,508.0,1011.2,20.3,89.0
8257,1724730092572,abc0d16aaf15b3a4ee2e561195dfd82ab260497412e326bb57f2ee5bbe9042d8,514.0,1011.3,20.3,89.0
8258,1724730692512,abc0d16aaf15b3a4ee2e561195dfd82ab260497412e326bb57f2ee5bbe9042d8,526.0,1011.3,20.3,89.0
8259,1724731292517,abc0d16aaf15b3a4ee2e561195dfd82ab260497412e326bb57f2ee5bbe9042d8,509.0,1011.4,20.1,89.0
8260,1724731892480,abc0d16aaf15b3a4ee2e561195dfd82ab260497412e326bb57f2ee5bbe9042d8,518.0,1011.4,20.0,90.0
8261,1724732492434,abc0d16aaf15b3a4ee2e561195dfd82ab260497412e326bb57f2ee5bbe9042d8,525.0,1011.5,19.9,90.0
8262,1724733092428,abc0d16aaf15b3a4ee2e561195dfd82ab260497412e326bb57f2ee5bbe9042d8,540.0,1011.5,19.8,90.0
8263,1724733692384,abc0d16aaf15b3a4ee2e561195dfd82ab260497412e326bb57f2ee5bbe9042d8,529.0,1011.7,19.7,91.0
8264,1724734292324,abc0d16aaf15b3a4ee2e561195dfd82ab260497412e326bb57f2ee5bbe9042d8,547.0,1011.8,19.6,91.0
8265,1724734892332,abc0d16aaf15b3a4ee2e561195dfd82ab260497412e326bb57f2ee5bbe9042d8,529.0,1011.9,19.7,92.0
8266,1724735492296,abc0d16aaf15b3a4ee2e561195dfd82ab260497412e326bb57f2ee5bbe9042d8,543.0,1011.9,19.6,93.0
8267,1724736092278,abc0d16aaf15b3a4ee2e561195dfd82ab260497412e326bb57f2ee5bbe9042d8,549.0,1012.1,19.9,93.0
8268,1724736692258,abc0d16aaf15b3a4ee2e561195dfd82ab260497412e326bb57f2ee5bbe9042d8,540.0,1012.1,20.3,94.0
8269,1724737292234,abc0d16aaf15b3a4ee2e561195dfd82ab260497412e326bb57f2ee5bbe9042d8,537.0,1012.2,20.6,93.0
8270,1724737892164,abc0d16aaf15b3a4ee2e561195dfd82ab260497412e326bb57f2ee5bbe9042d8,536.0,1012.2,21.3,93.0
8271,1724738492160,abc0d16aaf15b3a4ee2e561195dfd82ab260497412e326bb57f2ee5bbe9042d8,545.0,1012.3,21.8,88.0
8272,1724739092124,abc0d16aaf15b3a4ee2e561195dfd82ab260497412e326bb57f2ee5bbe9042d8,522.0,1012.3,22.2,86.0
8273,1724739692090,abc0d16aaf15b3a4ee2e561195dfd82ab260497412e326bb57f2ee5bbe9042d8,514.0,1012.3,22.7,86.0
8274,1724740292070,abc0d16aaf15b3a4ee2e561195dfd82ab260497412e326bb57f2ee5bbe9042d8,507.0,1012.4,23.1,81.0
8275,1724740892040,abc0d16aaf15b3a4ee2e561195dfd82ab260497412e326bb57f2ee5bbe9042d8,506.0,1012.5,23.7,78.0
8276,1724741491988,abc0d16aaf15b3a4ee2e561195dfd82ab260497412e326bb57f2ee5bbe9042d8,509.0,1012.4,25.2,78.0
8277,1724742092007,abc0d16aaf15b3a4ee2e561195dfd82ab260497412e326bb57f2ee5bbe9042d8,506.0,1012.5,26.0,76.0
8278,1724742691958,abc0d16aaf15b3a4ee2e561195dfd82ab260497412e326bb57f2ee5bbe9042d8,519.0,1012.3,27.4,74.0
8279,1724743291917,abc0d16aaf15b3a4ee2e561195dfd82ab260497412e326bb57f2ee5bbe9042d8,500.0,1012.3,27.5,74.0
8280,1724743891903,abc0d16aaf15b3a4ee2e561195dfd82ab260497412e326bb57f2ee5bbe9042d8,491.0,1012.3,28.4,72.0
8281,1724744491877,abc0d16aaf15b3a4ee2e561195dfd82ab260497412e326bb57f2ee5bbe9042d8,500.0,1012.2,29.0,70.0
8282,1724745091825,abc0d16aaf15b3a4ee2e561195dfd82ab260497412e326bb57f2ee5bbe9042d8,492.0,1012.1,29.9,70.0
8283,1724745691815,abc0d16aaf15b3a4ee2e561195dfd82ab260497412e326bb57f2ee5bbe9042d8,497.0,1012.0,30.5,67.0
8284,1724746291784,abc0d16aaf15b3a4ee2e561195dfd82ab260497412e326bb57f2ee5bbe9042d8,491.0,1011.9,31.4,64.0
8285,1724746891744,abc0d16aaf15b3a4ee2e561195dfd82ab260497412e326bb57f2ee5bbe9042d8,481.0,1012.0,31.8,64.0
8286,1724747491750,abc0d16aaf15b3a4ee2e561195dfd82ab260497412e326bb57f2ee5bbe9042d8,510.0,1012.0,32.6,62.0
8287,1724748091705,abc0d16aaf15b3a4ee2e561195dfd82ab260497412e326bb57f2ee5bbe9042d8,481.0,1011.9,33.0,60.0
8288,1724748691665,abc0d16aaf15b3a4ee2e561195dfd82ab260497412e326bb57f2ee5bbe9042d8,482.0,1011.9,33.2,60.0
8289,1724749291647,abc0d16aaf15b3a4ee2e561195dfd82ab260497412e326bb57f2ee5bbe9042d8,469.0,1011.9,33.3,59.0
8290,1724749891632,abc0d16aaf15b3a4ee2e561195dfd82ab260497412e326bb57f2ee5bbe9042d8,480.0,1011.8,33.2,59.0
8291,1724750491591,abc0d16aaf15b3a4ee2e561195dfd82ab260497412e326bb57f2ee5bbe9042d8,482.0,1011.7,33.5,59.0
8292,1724751091578,abc0d16aaf15b3a4ee2e561195dfd82ab260497412e326bb57f2ee5bbe9042d8,470.0,1011.6,33.2,60.0
8293,1724751691511,abc0d16aaf15b3a4ee2e561195dfd82ab260497412e326bb57f2ee5bbe9042d8,482.0,1011.5,33.5,58.0
8294,1724752291503,abc0d16aaf15b3a4ee2e561195dfd82ab260497412e326bb57f2ee5bbe9042d8,470.0,1011.6,33.9,58.0
8295,1724752891519,abc0d16aaf15b3a4ee2e561195dfd82ab260497412e326bb57f2ee5bbe9042d8,487.0,1011.4,33.9,58.0
8296,1724753491472,abc0d16aaf15b3a4ee2e561195dfd82ab260497412e326bb57f2ee5bbe9042d8,471.0,1011.4,33.9,57.0
8297,1724754091441,abc0d16aaf15b3a4ee2e561195dfd82ab260497412e326bb57f2ee5bbe9042d8,461.0,1011.4,34.5,57.0
8298,1724754691412,abc0d16aaf15b3a4ee2e561195dfd82ab260497412e326bb57f2ee5bbe9042d8,446.0,1011.3,34.2,56.0
8299,1724755291399,abc0d16aaf15b3a4ee2e561195dfd82ab260497412e326bb57f2ee5bbe9042d8,479.0,1011.3,33.9,56.0
8300,1724755891350,abc0d16aaf15b3a4ee2e561195dfd82ab260497412e326bb57f2ee5bbe9042d8,442.0,1011.1,33.7,56.0
8301,1724756491351,abc0d16aaf15b3a4ee2e561195dfd82ab260497412e326bb57f2ee5bbe9042d8,438.0,1011.1,33.7,56.0
8302,1724757091356,abc0d16aaf15b3a4ee2e561195dfd82ab260497412e326bb57f2ee5bbe9042d8,479.0,1011.0,34.6,53.0
8303,1724757691288,abc0d16aaf15b3a4ee2e561195dfd82ab260497412e326bb57f2ee5bbe9042d8,454.0,1011.0,34.1,53.0
8304,1724758291273,abc0d16aaf15b3a4ee2e561195dfd82ab260497412e326bb57f2ee5bbe9042d8,454.0,1011.0,34.2,52.0
8305,1724758891242,abc0d16aaf15b3a4ee2e561195dfd82ab260497412e326bb57f2ee5bbe9042d8,465.0,1010.9,35.2,51.0
8306,1724759491198,abc0d16aaf15b3a4ee2e561195dfd82ab260497412e326bb57f2ee5bbe9042d8,446.0,1010.7,35.9,51.0
8307,1724760091225,abc0d16aaf15b3a4ee2e561195dfd82ab260497412e326bb57f2ee5bbe9042d8,480.0,1010.5,36.6,49.0
8308,1724760691175,abc0d16aaf15b3a4ee2e561195dfd82ab260497412e326bb57f2ee5bbe9042d8,459.0,1010.3,36.6,48.0
8309,1724761291100,abc0d16aaf15b3a4ee2e561195dfd82ab260497412e326bb57f2ee5bbe9042d8,484.0,1010.2,36.2,48.0
8310,1724761891120,abc0d16aaf15b3a4ee2e561195dfd82ab260497412e326bb57f2ee5bbe9042d8,467.0,1010.1,36.5,47.0
8311,1724762491103,abc0d16aaf15b3a4ee2e561195dfd82ab260497412e326bb57f2ee5bbe9042d8,466.0,1010.0,36.8,49.0
8312,1724763091059,abc0d16aaf15b3a4ee2e561195dfd82ab260497412e326bb57f2ee5bbe9042d8,464.0,1009.9,36.3,49.0
8313,1724763691058,abc0d16aaf15b3a4ee2e561195dfd82ab260497412e326bb57f2ee5bbe9042d8,439.0,1009.8,34.8,50.0
8314,1724764291029,abc0d16aaf15b3a4ee2e561195dfd82ab260497412e326bb57f2ee5bbe9042d8,457.0,1009.8,33.9,50.0
8315,1724764891001,abc0d16aaf15b3a4ee2e561195dfd82ab260497412e326bb57f2ee5bbe9042d8,460.0,1009.5,34.7,50.0
8316,1724765490973,abc0d16aaf15b3a4ee2e561195dfd82ab260497412e326bb57f2ee5bbe9042d8,447.0,1009.1,36.0,46.0
8317,1724766090949,abc0d16aaf15b3a4ee2e561195dfd82ab260497412e326bb57f2ee5bbe9042d8,444.0,1009.2,37.3,47.0
8318,1724766690930,abc0d16aaf15b3a4ee2e561195dfd82ab260497412e326bb57f2ee5bbe9042d8,412.0,1009.2,36.0,47.0
8319,1724767290899,abc0d16aaf15b3a4ee2e561195dfd82ab260497412e326bb57f2ee5bbe9042d8,432.0,1009.5,34.4,47.0
8320,1724767892581,abc0d16aaf15b3a4ee2e561195dfd82ab260497412e326bb57f2ee5bbe9042d8,445.0,1009.8,32.7,54.0
8321,1724768490840,abc0d16aaf15b3a4ee2e561195dfd82ab260497412e326bb57f2ee5bbe9042d8,415.0,1010.3,27.4,54.0
8322,1724769090816,abc0d16aaf15b3a4ee2e561195dfd82ab260497412e326bb57f2ee5bbe9042d8,442.0,1010.3,24.3,60.0
8323,1724769690804,abc0d16aaf15b3a4ee2e561195dfd82ab260497412e326bb57f2ee5bbe9042d8,439.0,1010.8,22.1,65.0
8324,1724770290749,abc0d16aaf15b3a4ee2e561195dfd82ab260497412e326bb57f2ee5bbe9042d8,440.0,1010.9,20.9,65.0
8325,1724770890753,abc0d16aaf15b3a4ee2e561195dfd82ab260497412e326bb57f2ee5bbe9042d8,450.0,1010.7,20.7,71.0
8326,1724771490712,abc0d16aaf15b3a4ee2e561195dfd82ab260497412e326bb57f2ee5bbe9042d8,452.0,1011.3,20.6,78.0
8327,1724772090676,abc0d16aaf15b3a4ee2e561195dfd82ab260497412e326bb57f2ee5bbe9042d8,444.0,1011.3,20.8,78.0
8328,1724772690658,abc0d16aaf15b3a4ee2e561195dfd82ab260497412e326bb57f2ee5bbe9042d8,451.0,1011.4,20.7,83.0
8329,1724773292332,abc0d16aaf15b3a4ee2e561195dfd82ab260497412e326bb57f2ee5bbe9042d8,459.0,1011.5,20.7,81.0
8330,1724773890575,abc0d16aaf15b3a4ee2e561195dfd82ab260497412e326bb57f2ee5bbe9042d8,458.0,1011.5,20.5,81.0
8331,1724774490567,abc0d16aaf15b3a4ee2e561195dfd82ab260497412e326bb57f2ee5bbe9042d8,465.0,1010.8,20.4,84.0
8332,1724775090525,abc0d16aaf15b3a4ee2e561195dfd82ab260497412e326bb57f2ee5bbe9042d8,462.0,1010.7,20.6,78.0
8333,1724775690494,abc0d16aaf15b3a4ee2e561195dfd82ab260497412e326bb57f2ee5bbe9042d8,462.0,1010.7,21.0,78.0
8334,1724776290485,abc0d16aaf15b3a4ee2e561195dfd82ab260497412e326bb57f2ee5bbe9042d8,455.0,1010.9,21.4,74.0
8335,1724776890461,abc0d16aaf15b3a4ee2e561195dfd82ab260497412e326bb57f2ee5bbe9042d8,469.0,1010.7,21.7,77.0
8336,1724777490409,abc0d16aaf15b3a4ee2e561195dfd82ab260497412e326bb57f2ee5bbe9042d8,478.0,1010.4,21.6,77.0
8337,1724778090390,abc0d16aaf15b3a4ee2e561195dfd82ab260497412e326bb57f2ee5bbe9042d8,488.0,1010.4,21.6,77.0
8338,1724778690357,abc0d16aaf15b3a4ee2e561195dfd82ab260497412e326bb57f2ee5bbe9042d8,490.0,1011.0,21.5,77.0
8339,1724779290294,abc0d16aaf15b3a4ee2e561195dfd82ab260497412e326bb57f2ee5bbe9042d8,474.0,1011.1,21.4,77.0
8340,1724779890305,abc0d16aaf15b3a4ee2e561195dfd82ab260497412e326bb57f2ee5bbe9042d8,489.0,1011.2,21.4,78.0
8341,1724780490276,abc0d16aaf15b3a4ee2e561195dfd82ab260497412e326bb57f2ee5bbe9042d8,500.0,1011.5,21.7,77.0
8342,1724781090224,abc0d16aaf15b3a4ee2e561195dfd82ab260497412e326bb57f2ee5bbe9042d8,494.0,1011.5,22.0,77.0
8343,1724781690216,abc0d16aaf15b3a4ee2e561195dfd82ab260497412e326bb57f2ee5bbe9042d8,471.0,1011.4,21.9,75.0
8344,1724782290182,abc0d16aaf15b3a4ee2e561195dfd82ab260497412e326bb57f2ee5bbe9042d8,490.0,1011.5,21.4,77.0
8345,1724782890150,abc0d16aaf15b3a4ee2e561195dfd82ab260497412e326bb57f2ee5bbe9042d8,488.0,1011.5,21.3,77.0
8346,1724783490139,abc0d16aaf15b3a4ee2e561195dfd82ab260497412e326bb57f2ee5bbe9042d8,531.0,1011.8,21.1,78.0
8347,1724784090110,abc0d16aaf15b3a4ee2e561195dfd82ab260497412e326bb57f2ee5bbe9042d8,536.0,1011.8,20.7,81.0
8348,1724784690042,abc0d16aaf15b3a4ee2e561195dfd82ab260497412e326bb57f2ee5bbe9042d8,517.0,1011.9,20.4,81.0
8349,1724785290050,abc0d16aaf15b3a4ee2e561195dfd82ab260497412e326bb57f2ee5bbe9042d8,498.0,1012.0,20.4,80.0
8350,1724785889981,abc0d16aaf15b3a4ee2e561195dfd82ab260497412e326bb57f2ee5bbe9042d8,500.0,1012.2,20.3,81.0
8351,1724786489974,abc0d16aaf15b3a4ee2e561195dfd82ab260497412e326bb57f2ee5bbe9042d8,481.0,1012.3,20.2,81.0
8352,1724787089948,abc0d16aaf15b3a4ee2e561195dfd82ab260497412e326bb57f2ee5bbe9042d8,514.0,1012.4,19.7,82.0
8353,1724787689924,abc0d16aaf15b3a4ee2e561195dfd82ab260497412e326bb57f2ee5bbe9042d8,509.0,1012.5,19.5,82.0
8354,1724788289887,abc0d16aaf15b3a4ee2e561195dfd82ab260497412e326bb57f2ee5bbe9042d8,486.0,1012.8,19.5,82.0
8355,1724788889868,abc0d16aaf15b3a4ee2e561195dfd82ab260497412e326bb57f2ee5bbe9042d8,489.0,1012.9,19.6,84.0
8356,1724789489843,abc0d16aaf15b3a4ee2e561195dfd82ab260497412e326bb57f2ee5bbe9042d8,491.0,1013.0,19.5,86.0
8357,1724790089807,abc0d16aaf15b3a4ee2e561195dfd82ab260497412e326bb57f2ee5bbe9042d8,505.0,1013.2,19.3,86.0
8358,1724790689776,abc0d16aaf15b3a4ee2e561195dfd82ab260497412e326bb57f2ee5bbe9042d8,512.0,1013.3,19.1,87.0
8359,1724791289775,abc0d16aaf15b3a4ee2e561195dfd82ab260497412e326bb57f2ee5bbe9042d8,506.0,1013.2,19.0,89.0
8360,1724791889706,abc0d16aaf15b3a4ee2e561195dfd82ab260497412e326bb57f2ee5bbe9042d8,552.0,1013.0,18.9,89.0
8361,1724792489698,abc0d16aaf15b3a4ee2e561195dfd82ab260497412e326bb57f2ee5bbe9042d8,572.0,1013.1,18.6,90.0
8362,1724793089654,abc0d16aaf15b3a4ee2e561195dfd82ab260497412e326bb57f2ee5bbe9042d8,529.0,1013.1,18.6,89.0
8363,1724793689634,abc0d16aaf15b3a4ee2e561195dfd82ab260497412e326bb57f2ee5bbe9042d8,526.0,1013.0,18.9,89.0
8364,1724794289642,abc0d16aaf15b3a4ee2e561195dfd82ab260497412e326bb57f2ee5bbe9042d8,500.0,1013.1,19.0,90.0
8365,1724794889588,abc0d16aaf15b3a4ee2e561195dfd82ab260497412e326bb57f2ee5bbe9042d8,513.0,1013.0,19.0,89.0
8366,1724795489533,abc0d16aaf15b3a4ee2e561195dfd82ab260497412e326bb57f2ee5bbe9042d8,502.0,1013.1,19.1,89.0
8367,1724796089521,abc0d16aaf15b3a4ee2e561195dfd82ab260497412e326bb57f2ee5bbe9042d8,505.0,1013.2,19.2,89.0
8368,1724796691205,abc0d16aaf15b3a4ee2e561195dfd82ab260497412e326bb57f2ee5bbe9042d8,511.0,1013.3,19.2,88.0
8369,1724797289458,abc0d16aaf15b3a4ee2e561195dfd82ab260497412e326bb57f2ee5bbe9042d8,514.0,1013.4,19.3,88.0
8370,1724797889438,abc0d16aaf15b3a4ee2e561195dfd82ab260497412e326bb57f2ee5bbe9042d8,510.0,1013.5,19.2,86.0
8371,1724798489420,abc0d16aaf15b3a4ee2e561195dfd82ab260497412e326bb57f2ee5bbe9042d8,516.0,1013.5,19.3,85.0
8372,1724799089364,abc0d16aaf15b3a4ee2e561195dfd82ab260497412e326bb57f2ee5bbe9042d8,505.0,1013.5,19.0,85.0
8373,1724799689391,abc0d16aaf15b3a4ee2e561195dfd82ab260497412e326bb57f2ee5bbe9042d8,517.0,1013.5,18.9,85.0
8374,1724800289320,abc0d16aaf15b3a4ee2e561195dfd82ab260497412e326bb57f2ee5bbe9042d8,517.0,1013.5,18.9,85.0
8375,1724800889295,abc0d16aaf15b3a4ee2e561195dfd82ab260497412e326bb57f2ee5bbe9042d8,519.0,1013.3,18.6,85.0
8376,1724801490977,abc0d16aaf15b3a4ee2e561195dfd82ab260497412e326bb57f2ee5bbe9042d8,516.0,1013.3,18.6,85.0
8377,1724802089290,abc0d16aaf15b3a4ee2e561195dfd82ab260497412e326bb57f2ee5bbe9042d8,495.0,1013.3,18.6,83.0
8378,1724802689185,abc0d16aaf15b3a4ee2e561195dfd82ab260497412e326bb57f2ee5bbe9042d8,502.0,1013.2,18.7,83.0
8379,1724803289180,abc0d16aaf15b3a4ee2e561195dfd82ab260497412e326bb57f2ee5bbe9042d8,505.0,1013.2,18.8,82.0
8380,1724803889127,abc0d16aaf15b3a4ee2e561195dfd82ab260497412e326bb57f2ee5bbe9042d8,499.0,1013.0,18.8,83.0
8381,1724804489113,abc0d16aaf15b3a4ee2e561195dfd82ab260497412e326bb57f2ee5bbe9042d8,507.0,1013.1,18.7,83.0
8382,1724805089127,abc0d16aaf15b3a4ee2e561195dfd82ab260497412e326bb57f2ee5bbe9042d8,529.0,1013.2,18.6,83.0
8383,1724805689076,abc0d16aaf15b3a4ee2e561195dfd82ab260497412e326bb57f2ee5bbe9042d8,523.0,1013.2,18.7,82.0
8384,1724806289030,abc0d16aaf15b3a4ee2e561195dfd82ab260497412e326bb57f2ee5bbe9042d8,505.0,1013.2,18.6,82.0
8385,1724806889013,abc0d16aaf15b3a4ee2e561195dfd82ab260497412e326bb57f2ee5bbe9042d8,515.0,1013.2,18.5,82.0
8386,1724807488975,abc0d16aaf15b3a4ee2e561195dfd82ab260497412e326bb57f2ee5bbe9042d8,493.0,1013.2,18.5,81.0
8387,1724808088926,abc0d16aaf15b3a4ee2e561195dfd82ab260497412e326bb57f2ee5bbe9042d8,516.0,1013.1,18.4,81.0
8388,1724808688922,abc0d16aaf15b3a4ee2e561195dfd82ab260497412e326bb57f2ee5bbe9042d8,532.0,1013.1,18.3,82.0
8389,1724809288930,abc0d16aaf15b3a4ee2e561195dfd82ab260497412e326bb57f2ee5bbe9042d8,520.0,1013.1,18.4,81.0
8390,1724809888851,abc0d16aaf15b3a4ee2e561195dfd82ab260497412e326bb57f2ee5bbe9042d8,503.0,1013.1,18.6,81.0
8391,1724810488836,abc0d16aaf15b3a4ee2e561195dfd82ab260497412e326bb57f2ee5bbe9042d8,492.0,1013.1,18.5,81.0
8392,1724811088830,abc0d16aaf15b3a4ee2e561195dfd82ab260497412e326bb57f2ee5bbe9042d8,520.0,1013.2,18.5,82.0
8393,1724811688772,abc0d16aaf15b3a4ee2e561195dfd82ab260497412e326bb57f2ee5bbe9042d8,509.0,1013.2,18.4,82.0
8394,1724812288784,abc0d16aaf15b3a4ee2e561195dfd82ab260497412e326bb57f2ee5bbe9042d8,489.0,1013.2,18.4,81.0
8395,1724812888759,abc0d16aaf15b3a4ee2e561195dfd82ab260497412e326bb57f2ee5bbe9042d8,509.0,1013.2,18.5,81.0
8396,1724813488662,abc0d16aaf15b3a4ee2e561195dfd82ab260497412e326bb57f2ee5bbe9042d8,509.0,1013.2,18.4,81.0
8397,1724814088671,abc0d16aaf15b3a4ee2e561195dfd82ab260497412e326bb57f2ee5bbe9042d8,496.0,1013.2,18.5,81.0
8398,1724814688651,abc0d16aaf15b3a4ee2e561195dfd82ab260497412e326bb57f2ee5bbe9042d8,512.0,1013.2,18.6,81.0
8399,1724815288601,abc0d16aaf15b3a4ee2e561195dfd82ab260497412e326bb57f2ee5bbe9042d8,524.0,1013.2,18.4,81.0
8400,1724815888585,abc0d16aaf15b3a4ee2e561195dfd82ab260497412e326bb57f2ee5bbe9042d8,518.0,1013.2,18.4,82.0
8401,1724816488578,abc0d16aaf15b3a4ee2e561195dfd82ab260497412e326bb57f2ee5bbe9042d8,504.0,1013.3,18.2,82.0
8402,1724817088500,abc0d16aaf15b3a4ee2e561195dfd82ab260497412e326bb57f2ee5bbe9042d8,516.0,1013.3,18.2,82.0
8403,1724817688502,abc0d16aaf15b3a4ee2e561195dfd82ab260497412e326bb57f2ee5bbe9042d8,529.0,1013.3,18.1,83.0
8404,1724818288480,abc0d16aaf15b3a4ee2e561195dfd82ab260497412e326bb57f2ee5bbe9042d8,526.0,1013.3,18.3,82.0
8405,1724818888462,abc0d16aaf15b3a4ee2e561195dfd82ab260497412e326bb57f2ee5bbe9042d8,532.0,1013.3,18.2,82.0
8406,1724819488411,abc0d16aaf15b3a4ee2e561195dfd82ab260497412e326bb57f2ee5bbe9042d8,519.0,1013.3,18.3,82.0
8407,1724820088404,abc0d16aaf15b3a4ee2e561195dfd82ab260497412e326bb57f2ee5bbe9042d8,503.0,1013.5,18.6,82.0
8408,1724820688322,abc0d16aaf15b3a4ee2e561195dfd82ab260497412e326bb57f2ee5bbe9042d8,498.0,1013.5,18.6,82.0
8409,1724821288334,abc0d16aaf15b3a4ee2e561195dfd82ab260497412e326bb57f2ee5bbe9042d8,521.0,1013.6,18.6,82.0
8410,1724821888309,abc0d16aaf15b3a4ee2e561195dfd82ab260497412e326bb57f2ee5bbe9042d8,503.0,1013.6,18.7,82.0
8411,1724822488264,abc0d16aaf15b3a4ee2e561195dfd82ab260497412e326bb57f2ee5bbe9042d8,508.0,1013.7,19.0,82.0
8412,1724823088256,abc0d16aaf15b3a4ee2e561195dfd82ab260497412e326bb57f2ee5bbe9042d8,518.0,1013.7,19.7,82.0
8413,1724823688216,abc0d16aaf15b3a4ee2e561195dfd82ab260497412e326bb57f2ee5bbe9042d8,507.0,1013.7,20.7,81.0
8414,1724824288174,abc0d16aaf15b3a4ee2e561195dfd82ab260497412e326bb57f2ee5bbe9042d8,507.0,1013.7,21.3,81.0
8415,1724824888165,abc0d16aaf15b3a4ee2e561195dfd82ab260497412e326bb57f2ee5bbe9042d8,500.0,1013.7,21.8,80.0
8416,1724825488138,abc0d16aaf15b3a4ee2e561195dfd82ab260497412e326bb57f2ee5bbe9042d8,496.0,1013.6,22.0,80.0
8417,1724826088126,abc0d16aaf15b3a4ee2e561195dfd82ab260497412e326bb57f2ee5bbe9042d8,501.0,1013.7,22.4,80.0
8418,1724826688086,abc0d16aaf15b3a4ee2e561195dfd82ab260497412e326bb57f2ee5bbe9042d8,510.0,1013.9,22.9,80.0
8419,1724827288019,abc0d16aaf15b3a4ee2e561195dfd82ab260497412e326bb57f2ee5bbe9042d8,485.0,1013.8,23.3,79.0
8420,1724827887984,abc0d16aaf15b3a4ee2e561195dfd82ab260497412e326bb57f2ee5bbe9042d8,490.0,1013.8,23.9,79.0
8421,1724828487986,abc0d16aaf15b3a4ee2e561195dfd82ab260497412e326bb57f2ee5bbe9042d8,512.0,1013.9,24.5,79.0
8422,1724829087969,abc0d16aaf15b3a4ee2e561195dfd82ab260497412e326bb57f2ee5bbe9042d8,486.0,1014.0,25.7,76.0
8423,1724829687924,abc0d16aaf15b3a4ee2e561195dfd82ab260497412e326bb57f2ee5bbe9042d8,497.0,1013.9,27.1,76.0
8424,1724830287909,abc0d16aaf15b3a4ee2e561195dfd82ab260497412e326bb57f2ee5bbe9042d8,478.0,1013.9,27.7,73.0
8425,1724830887887,abc0d16aaf15b3a4ee2e561195dfd82ab260497412e326bb57f2ee5bbe9042d8,488.0,1013.8,28.5,71.0
8426,1724831487892,abc0d16aaf15b3a4ee2e561195dfd82ab260497412e326bb57f2ee5bbe9042d8,482.0,1013.9,29.2,71.0
8427,1724832087820,abc0d16aaf15b3a4ee2e561195dfd82ab260497412e326bb57f2ee5bbe9042d8,474.0,1013.8,30.4,69.0
8428,1724832687799,abc0d16aaf15b3a4ee2e561195dfd82ab260497412e326bb57f2ee5bbe9042d8,489.0,1013.8,30.8,65.0
8429,1724833287745,abc0d16aaf15b3a4ee2e561195dfd82ab260497412e326bb57f2ee5bbe9042d8,474.0,1013.7,31.0,65.0
8430,1724833889437,abc0d16aaf15b3a4ee2e561195dfd82ab260497412e326bb57f2ee5bbe9042d8,460.0,1013.6,31.4,65.0
8431,1724834487713,abc0d16aaf15b3a4ee2e561195dfd82ab260497412e326bb57f2ee5bbe9042d8,471.0,1013.6,31.6,62.0
8432,1724835087649,abc0d16aaf15b3a4ee2e561195dfd82ab260497412e326bb57f2ee5bbe9042d8,485.0,1013.7,31.8,62.0
8433,1724835687646,abc0d16aaf15b3a4ee2e561195dfd82ab260497412e326bb57f2ee5bbe9042d8,465.0,1013.6,32.2,61.0
8434,1724836287621,abc0d16aaf15b3a4ee2e561195dfd82ab260497412e326bb57f2ee5bbe9042d8,472.0,1013.6,32.3,61.0
8435,1724836887579,abc0d16aaf15b3a4ee2e561195dfd82ab260497412e326bb57f2ee5bbe9042d8,465.0,1013.5,32.7,61.0
8436,1724837487566,abc0d16aaf15b3a4ee2e561195dfd82ab260497412e326bb57f2ee5bbe9042d8,442.0,1013.5,32.9,59.0
8437,1724838087510,abc0d16aaf15b3a4ee2e561195dfd82ab260497412e326bb57f2ee5bbe9042d8,463.0,1013.4,33.3,57.0
8438,1724838687495,abc0d16aaf15b3a4ee2e561195dfd82ab260497412e326bb57f2ee5bbe9042d8,460.0,1013.3,33.8,57.0
8439,1724839287497,abc0d16aaf15b3a4ee2e561195dfd82ab260497412e326bb57f2ee5bbe9042d8,466.0,1013.2,33.4,56.0
8440,1724839887478,abc0d16aaf15b3a4ee2e561195dfd82ab260497412e326bb57f2ee5bbe9042d8,446.0,1013.2,33.7,55.0
8441,1724840487432,abc0d16aaf15b3a4ee2e561195dfd82ab260497412e326bb57f2ee5bbe9042d8,464.0,1013.1,33.8,55.0
8442,1724841087417,abc0d16aaf15b3a4ee2e561195dfd82ab260497412e326bb57f2ee5bbe9042d8,444.0,1013.1,33.9,52.0
8443,1724841687373,abc0d16aaf15b3a4ee2e561195dfd82ab260497412e326bb57f2ee5bbe9042d8,472.0,1013.0,33.7,52.0
8444,1724842287363,abc0d16aaf15b3a4ee2e561195dfd82ab260497412e326bb57f2ee5bbe9042d8,458.0,1012.9,34.1,52.0
8445,1724842887349,abc0d16aaf15b3a4ee2e561195dfd82ab260497412e326bb57f2ee5bbe9042d8,451.0,1012.8,34.5,49.0
8446,1724843487322,abc0d16aaf15b3a4ee2e561195dfd82ab260497412e326bb57f2ee5bbe9042d8,466.0,1012.7,34.7,49.0
8447,1724844087264,abc0d16aaf15b3a4ee2e561195dfd82ab260497412e326bb57f2ee5bbe9042d8,454.0,1012.7,34.6,49.0
8448,1724844687275,abc0d16aaf15b3a4ee2e561195dfd82ab260497412e326bb57f2ee5bbe9042d8,449.0,1012.6,35.1,46.0
8449,1724845287208,abc0d16aaf15b3a4ee2e561195dfd82ab260497412e326bb57f2ee5bbe9042d8,434.0,1012.5,35.2,45.0
8450,1724845887208,abc0d16aaf15b3a4ee2e561195dfd82ab260497412e326bb57f2ee5bbe9042d8,439.0,1012.4,35.1,45.0
8451,1724846487230,abc0d16aaf15b3a4ee2e561195dfd82ab260497412e326bb57f2ee5bbe9042d8,450.0,1012.3,34.7,43.0
8452,1724847087177,abc0d16aaf15b3a4ee2e561195dfd82ab260497412e326bb57f2ee5bbe9042d8,457.0,1012.1,35.1,44.0
8453,1724847687127,abc0d16aaf15b3a4ee2e561195dfd82ab260497412e326bb57f2ee5bbe9042d8,432.0,1012.0,34.9,44.0
8454,1724848287116,abc0d16aaf15b3a4ee2e561195dfd82ab260497412e326bb57f2ee5bbe9042d8,454.0,1011.9,35.3,42.0
8455,1724848887085,abc0d16aaf15b3a4ee2e561195dfd82ab260497412e326bb57f2ee5bbe9042d8,460.0,1011.7,35.6,43.0
8456,1724849487061,abc0d16aaf15b3a4ee2e561195dfd82ab260497412e326bb57f2ee5bbe9042d8,452.0,1011.6,35.8,43.0
8457,1724850087051,abc0d16aaf15b3a4ee2e561195dfd82ab260497412e326bb57f2ee5bbe9042d8,443.0,1011.4,36.3,42.0
8458,1724850688731,abc0d16aaf15b3a4ee2e561195dfd82ab260497412e326bb57f2ee5bbe9042d8,452.0,1011.2,36.6,43.0
8459,1724851286993,abc0d16aaf15b3a4ee2e561195dfd82ab260497412e326bb57f2ee5bbe9042d8,447.0,1011.1,36.9,43.0
8460,1724851887004,abc0d16aaf15b3a4ee2e561195dfd82ab260497412e326bb57f2ee5bbe9042d8,456.0,1011.1,36.8,43.0
8461,1724852486943,abc0d16aaf15b3a4ee2e561195dfd82ab260497412e326bb57f2ee5bbe9042d8,440.0,1011.0,36.8,43.0
8462,1724853086910,abc0d16aaf15b3a4ee2e561195dfd82ab260497412e326bb57f2ee5bbe9042d8,438.0,1010.9,36.7,43.0
8463,1724853686910,abc0d16aaf15b3a4ee2e561195dfd82ab260497412e326bb57f2ee5bbe9042d8,456.0,1010.9,36.3,44.0
8464,1724854286891,abc0d16aaf15b3a4ee2e561195dfd82ab260497412e326bb57f2ee5bbe9042d8,453.0,1010.9,36.6,43.0
8465,1724854886850,abc0d16aaf15b3a4ee2e561195dfd82ab260497412e326bb57f2ee5bbe9042d8,431.0,1010.8,36.6,43.0
8466,1724855486842,abc0d16aaf15b3a4ee2e561195dfd82ab260497412e326bb57f2ee5bbe9042d8,432.0,1010.7,36.9,43.0
8467,1724856086861,abc0d16aaf15b3a4ee2e561195dfd82ab260497412e326bb57f2ee5bbe9042d8,444.0,1010.6,37.1,42.0
8468,1724856686781,abc0d16aaf15b3a4ee2e561195dfd82ab260497412e326bb57f2ee5bbe9042d8,445.0,1010.6,37.5,42.0
8469,1724857286790,abc0d16aaf15b3a4ee2e561195dfd82ab260497412e326bb57f2ee5bbe9042d8,452.0,1010.4,37.5,42.0
8470,1724857886760,abc0d16aaf15b3a4ee2e561195dfd82ab260497412e326bb57f2ee5bbe9042d8,455.0,1010.2,37.8,42.0
8471,1724858486713,abc0d16aaf15b3a4ee2e561195dfd82ab260497412e326bb57f2ee5bbe9042d8,445.0,1010.3,36.9,42.0
8472,1724859086694,abc0d16aaf15b3a4ee2e561195dfd82ab260497412e326bb57f2ee5bbe9042d8,436.0,1010.3,36.4,43.0
8473,1724859686659,abc0d16aaf15b3a4ee2e561195dfd82ab260497412e326bb57f2ee5bbe9042d8,443.0,1010.3,36.8,42.0
8474,1724860286614,abc0d16aaf15b3a4ee2e561195dfd82ab260497412e326bb57f2ee5bbe9042d8,441.0,1010.3,36.1,42.0
8475,1724860886625,abc0d16aaf15b3a4ee2e561195dfd82ab260497412e326bb57f2ee5bbe9042d8,449.0,1010.4,36.1,43.0
8476,1724861486625,abc0d16aaf15b3a4ee2e561195dfd82ab260497412e326bb57f2ee5bbe9042d8,474.0,1010.3,35.9,43.0
8477,1724862086560,abc0d16aaf15b3a4ee2e561195dfd82ab260497412e326bb57f2ee5bbe9042d8,442.0,1010.3,35.7,43.0
8478,1724862686542,abc0d16aaf15b3a4ee2e561195dfd82ab260497412e326bb57f2ee5bbe9042d8,451.0,1010.3,35.1,44.0
8479,1724863286506,abc0d16aaf15b3a4ee2e561195dfd82ab260497412e326bb57f2ee5bbe9042d8,457.0,1010.3,34.7,44.0
8480,1724863886499,abc0d16aaf15b3a4ee2e561195dfd82ab260497412e326bb57f2ee5bbe9042d8,440.0,1010.3,34.2,44.0
8481,1724864486507,abc0d16aaf15b3a4ee2e561195dfd82ab260497412e326bb57f2ee5bbe9042d8,437.0,1010.3,33.7,45.0
8482,1724865086444,abc0d16aaf15b3a4ee2e561195dfd82ab260497412e326bb57f2ee5bbe9042d8,451.0,1010.3,33.3,45.0
8483,1724865686380,abc0d16aaf15b3a4ee2e561195dfd82ab260497412e326bb57f2ee5bbe9042d8,455.0,1010.3,32.7,45.0
8484,1724866286383,abc0d16aaf15b3a4ee2e561195dfd82ab260497412e326bb57f2ee5bbe9042d8,461.0,1010.4,31.6,45.0
8485,1724866886349,abc0d16aaf15b3a4ee2e561195dfd82ab260497412e326bb57f2ee5bbe9042d8,462.0,1010.5,29.9,51.0
8486,1724867486329,abc0d16aaf15b3a4ee2e561195dfd82ab260497412e326bb57f2ee5bbe9042d8,476.0,1010.6,28.5,51.0
8487,1724868086297,abc0d16aaf15b3a4ee2e561195dfd82ab260497412e326bb57f2ee5bbe9042d8,493.0,1010.7,27.5,53.0
8488,1724868686274,abc0d16aaf15b3a4ee2e561195dfd82ab260497412e326bb57f2ee5bbe9042d8,516.0,1010.9,26.3,55.0
8489,1724869286231,abc0d16aaf15b3a4ee2e561195dfd82ab260497412e326bb57f2ee5bbe9042d8,511.0,1011.0,25.7,55.0
8490,1724869886222,abc0d16aaf15b3a4ee2e561195dfd82ab260497412e326bb57f2ee5bbe9042d8,544.0,1011.2,25.3,57.0
8491,1724870486171,abc0d16aaf15b3a4ee2e561195dfd82ab260497412e326bb57f2ee5bbe9042d8,536.0,1011.4,24.9,61.0
8492,1724871086170,abc0d16aaf15b3a4ee2e561195dfd82ab260497412e326bb57f2ee5bbe9042d8,538.0,1011.4,24.6,61.0
8493,1724871686127,abc0d16aaf15b3a4ee2e561195dfd82ab260497412e326bb57f2ee5bbe9042d8,553.0,1011.6,24.1,63.0
8494,1724872286100,abc0d16aaf15b3a4ee2e561195dfd82ab260497412e326bb57f2ee5bbe9042d8,556.0,1011.8,23.7,64.0
8495,1724872886062,abc0d16aaf15b3a4ee2e561195dfd82ab260497412e326bb57f2ee5bbe9042d8,600.0,1011.8,23.3,64.0
8496,1724873486036,abc0d16aaf15b3a4ee2e561195dfd82ab260497412e326bb57f2ee5bbe9042d8,561.0,1012.0,23.2,67.0
8497,1724874086008,abc0d16aaf15b3a4ee2e561195dfd82ab260497412e326bb57f2ee5bbe9042d8,545.0,1012.0,23.0,69.0
8498,1724874685976,abc0d16aaf15b3a4ee2e561195dfd82ab260497412e326bb57f2ee5bbe9042d8,555.0,1012.0,23.1,69.0
8499,1724875285967,abc0d16aaf15b3a4ee2e561195dfd82ab260497412e326bb57f2ee5bbe9042d8,495.0,1012.0,23.1,72.0
8500,1724875887636,abc0d16aaf15b3a4ee2e561195dfd82ab260497412e326bb57f2ee5bbe9042d8,492.0,1012.1,23.4,73.0
8501,1724876485911,abc0d16aaf15b3a4ee2e561195dfd82ab260497412e326bb57f2ee5bbe9042d8,527.0,1012.2,23.0,73.0
8502,1724877085867,abc0d16aaf15b3a4ee2e561195dfd82ab260497412e326bb57f2ee5bbe9042d8,523.0,1012.2,22.6,76.0
8503,1724877685824,abc0d16aaf15b3a4ee2e561195dfd82ab260497412e326bb57f2ee5bbe9042d8,528.0,1012.3,22.4,77.0
8504,1724878285843,abc0d16aaf15b3a4ee2e561195dfd82ab260497412e326bb57f2ee5bbe9042d8,503.0,1012.5,22.5,77.0
8505,1724878885777,abc0d16aaf15b3a4ee2e561195dfd82ab260497412e326bb57f2ee5bbe9042d8,499.0,1012.6,22.7,75.0
8506,1724880085718,abc0d16aaf15b3a4ee2e561195dfd82ab260497412e326bb57f2ee5bbe9042d8,502.0,1012.5,22.7,73.0
8507,1724880687397,abc0d16aaf15b3a4ee2e561195dfd82ab260497412e326bb57f2ee5bbe9042d8,500.0,1012.6,22.7,73.0
8508,1724881285656,abc0d16aaf15b3a4ee2e561195dfd82ab260497412e326bb57f2ee5bbe9042d8,496.0,1012.6,22.6,73.0
8509,1724881885625,abc0d16aaf15b3a4ee2e561195dfd82ab260497412e326bb57f2ee5bbe9042d8,499.0,1012.7,22.5,73.0
8510,1724883085591,abc0d16aaf15b3a4ee2e561195dfd82ab260497412e326bb57f2ee5bbe9042d8,481.0,1012.7,22.3,74.0
8511,1724883685507,abc0d16aaf15b3a4ee2e561195dfd82ab260497412e326bb57f2ee5bbe9042d8,488.0,1012.7,22.0,74.0
8512,1724884285523,abc0d16aaf15b3a4ee2e561195dfd82ab260497412e326bb57f2ee5bbe9042d8,487.0,1012.8,22.0,73.0
8513,1724884885481,abc0d16aaf15b3a4ee2e561195dfd82ab260497412e326bb57f2ee5bbe9042d8,500.0,1012.7,22.1,74.0
8514,1724885485456,abc0d16aaf15b3a4ee2e561195dfd82ab260497412e326bb57f2ee5bbe9042d8,496.0,1012.7,22.2,74.0
8515,1724886085436,abc0d16aaf15b3a4ee2e561195dfd82ab260497412e326bb57f2ee5bbe9042d8,507.0,1012.8,22.1,75.0
8516,1724886685411,abc0d16aaf15b3a4ee2e561195dfd82ab260497412e326bb57f2ee5bbe9042d8,490.0,1012.7,22.1,74.0
8517,1724887885359,abc0d16aaf15b3a4ee2e561195dfd82ab260497412e326bb57f2ee5bbe9042d8,494.0,1012.8,22.5,74.0
8518,1724888485314,abc0d16aaf15b3a4ee2e561195dfd82ab260497412e326bb57f2ee5bbe9042d8,484.0,1012.7,22.5,73.0
8519,1724889086997,abc0d16aaf15b3a4ee2e561195dfd82ab260497412e326bb57f2ee5bbe9042d8,479.0,1012.8,22.4,73.0
8520,1724889685227,abc0d16aaf15b3a4ee2e561195dfd82ab260497412e326bb57f2ee5bbe9042d8,478.0,1012.9,22.2,75.0
8521,1724890285277,abc0d16aaf15b3a4ee2e561195dfd82ab260497412e326bb57f2ee5bbe9042d8,501.0,1012.9,21.9,76.0
8522,1724890891355,abc0d16aaf15b3a4ee2e561195dfd82ab260497412e326bb57f2ee5bbe9042d8,491.0,1012.9,21.7,76.0
8523,1724891485139,abc0d16aaf15b3a4ee2e561195dfd82ab260497412e326bb57f2ee5bbe9042d8,516.0,1012.9,21.6,78.0
8524,1724892085112,abc0d16aaf15b3a4ee2e561195dfd82ab260497412e326bb57f2ee5bbe9042d8,490.0,1012.8,21.3,80.0
8525,1724892685115,abc0d16aaf15b3a4ee2e561195dfd82ab260497412e326bb57f2ee5bbe9042d8,495.0,1012.8,21.0,80.0
8526,1724893285087,abc0d16aaf15b3a4ee2e561195dfd82ab260497412e326bb57f2ee5bbe9042d8,495.0,1012.9,21.0,82.0
8527,1724893885058,abc0d16aaf15b3a4ee2e561195dfd82ab260497412e326bb57f2ee5bbe9042d8,492.0,1012.9,20.8,84.0
8528,1724894485011,abc0d16aaf15b3a4ee2e561195dfd82ab260497412e326bb57f2ee5bbe9042d8,508.0,1013.0,20.9,84.0
8529,1724895084995,abc0d16aaf15b3a4ee2e561195dfd82ab260497412e326bb57f2ee5bbe9042d8,523.0,1013.1,21.0,84.0
8530,1724895684974,abc0d16aaf15b3a4ee2e561195dfd82ab260497412e326bb57f2ee5bbe9042d8,511.0,1012.9,21.0,82.0
8531,1724896284928,abc0d16aaf15b3a4ee2e561195dfd82ab260497412e326bb57f2ee5bbe9042d8,518.0,1012.9,21.0,82.0
8532,1724896884926,abc0d16aaf15b3a4ee2e561195dfd82ab260497412e326bb57f2ee5bbe9042d8,492.0,1012.9,21.1,80.0
8533,1724897484851,abc0d16aaf15b3a4ee2e561195dfd82ab260497412e326bb57f2ee5bbe9042d8,494.0,1012.9,21.1,80.0
8534,1724898084853,abc0d16aaf15b3a4ee2e561195dfd82ab260497412e326bb57f2ee5bbe9042d8,489.0,1012.9,21.1,80.0
8535,1724898684847,abc0d16aaf15b3a4ee2e561195dfd82ab260497412e326bb57f2ee5bbe9042d8,506.0,1012.9,21.1,80.0
8536,1724899284793,abc0d16aaf15b3a4ee2e561195dfd82ab260497412e326bb57f2ee5bbe9042d8,493.0,1012.9,21.1,79.0
8537,1724899884751,abc0d16aaf15b3a4ee2e561195dfd82ab260497412e326bb57f2ee5bbe9042d8,501.0,1012.8,21.2,79.0
8538,1724900484736,abc0d16aaf15b3a4ee2e561195dfd82ab260497412e326bb57f2ee5bbe9042d8,498.0,1012.8,21.2,78.0
8539,1724901084711,abc0d16aaf15b3a4ee2e561195dfd82ab260497412e326bb57f2ee5bbe9042d8,507.0,1012.9,21.2,78.0
8540,1724901684681,abc0d16aaf15b3a4ee2e561195dfd82ab260497412e326bb57f2ee5bbe9042d8,496.0,1012.9,21.3,78.0
8541,1724902284655,abc0d16aaf15b3a4ee2e561195dfd82ab260497412e326bb57f2ee5bbe9042d8,496.0,1012.9,21.3,77.0
8542,1724902884623,abc0d16aaf15b3a4ee2e561195dfd82ab260497412e326bb57f2ee5bbe9042d8,496.0,1012.9,21.3,78.0
8543,1724903484575,abc0d16aaf15b3a4ee2e561195dfd82ab260497412e326bb57f2ee5bbe9042d8,503.0,1013.0,21.2,78.0
8544,1724904084576,abc0d16aaf15b3a4ee2e561195dfd82ab260497412e326bb57f2ee5bbe9042d8,488.0,1013.1,21.2,78.0
8545,1724904684538,abc0d16aaf15b3a4ee2e561195dfd82ab260497412e326bb57f2ee5bbe9042d8,508.0,1013.0,21.3,78.0
8546,1724905284497,abc0d16aaf15b3a4ee2e561195dfd82ab260497412e326bb57f2ee5bbe9042d8,498.0,1013.1,21.0,78.0
8547,1724905884481,abc0d16aaf15b3a4ee2e561195dfd82ab260497412e326bb57f2ee5bbe9042d8,500.0,1013.1,21.0,79.0
8548,1724906484439,abc0d16aaf15b3a4ee2e561195dfd82ab260497412e326bb57f2ee5bbe9042d8,514.0,1013.2,21.0,79.0
8549,1724907084407,abc0d16aaf15b3a4ee2e561195dfd82ab260497412e326bb57f2ee5bbe9042d8,498.0,1013.2,20.9,79.0
8550,1724907684384,abc0d16aaf15b3a4ee2e561195dfd82ab260497412e326bb57f2ee5bbe9042d8,512.0,1013.4,21.0,80.0
8551,1724908284325,abc0d16aaf15b3a4ee2e561195dfd82ab260497412e326bb57f2ee5bbe9042d8,500.0,1013.3,21.2,79.0
8552,1724908884319,abc0d16aaf15b3a4ee2e561195dfd82ab260497412e326bb57f2ee5bbe9042d8,492.0,1013.3,21.3,79.0
8553,1724909484343,abc0d16aaf15b3a4ee2e561195dfd82ab260497412e326bb57f2ee5bbe9042d8,495.0,1013.3,22.1,79.0
8554,1724910084263,abc0d16aaf15b3a4ee2e561195dfd82ab260497412e326bb57f2ee5bbe9042d8,498.0,1013.4,21.9,79.0
8555,1724910684235,abc0d16aaf15b3a4ee2e561195dfd82ab260497412e326bb57f2ee5bbe9042d8,491.0,1013.5,21.8,79.0
8556,1724911884184,abc0d16aaf15b3a4ee2e561195dfd82ab260497412e326bb57f2ee5bbe9042d8,493.0,1013.5,23.6,77.0
8557,1724912484147,abc0d16aaf15b3a4ee2e561195dfd82ab260497412e326bb57f2ee5bbe9042d8,498.0,1013.6,25.0,77.0
8558,1724913684150,abc0d16aaf15b3a4ee2e561195dfd82ab260497412e326bb57f2ee5bbe9042d8,503.0,1013.4,27.3,73.0
8559,1724914284059,abc0d16aaf15b3a4ee2e561195dfd82ab260497412e326bb57f2ee5bbe9042d8,497.0,1013.4,28.1,73.0
8560,1724914884034,abc0d16aaf15b3a4ee2e561195dfd82ab260497412e326bb57f2ee5bbe9042d8,508.0,1013.4,28.6,72.0
8561,1724915484020,abc0d16aaf15b3a4ee2e561195dfd82ab260497412e326bb57f2ee5bbe9042d8,486.0,1013.4,29.0,69.0
8562,1724916083976,abc0d16aaf15b3a4ee2e561195dfd82ab260497412e326bb57f2ee5bbe9042d8,474.0,1013.4,29.7,69.0
8563,1724916683921,abc0d16aaf15b3a4ee2e561195dfd82ab260497412e326bb57f2ee5bbe9042d8,478.0,1013.4,30.5,68.0
8564,1724917283918,abc0d16aaf15b3a4ee2e561195dfd82ab260497412e326bb57f2ee5bbe9042d8,486.0,1013.3,31.1,66.0
8565,1724917883952,abc0d16aaf15b3a4ee2e561195dfd82ab260497412e326bb57f2ee5bbe9042d8,493.0,1013.2,31.8,66.0
8566,1724918483878,abc0d16aaf15b3a4ee2e561195dfd82ab260497412e326bb57f2ee5bbe9042d8,463.0,1013.2,32.7,63.0
8567,1724919090001,abc0d16aaf15b3a4ee2e561195dfd82ab260497412e326bb57f2ee5bbe9042d8,500.0,1013.2,33.4,60.0
8568,1724919683783,abc0d16aaf15b3a4ee2e561195dfd82ab260497412e326bb57f2ee5bbe9042d8,458.0,1013.1,32.9,60.0
8569,1724920283787,abc0d16aaf15b3a4ee2e561195dfd82ab260497412e326bb57f2ee5bbe9042d8,473.0,1013.2,32.6,60.0
8570,1724920883826,abc0d16aaf15b3a4ee2e561195dfd82ab260497412e326bb57f2ee5bbe9042d8,473.0,1013.2,32.9,59.0
8571,1724921483736,abc0d16aaf15b3a4ee2e561195dfd82ab260497412e326bb57f2ee5bbe9042d8,480.0,1013.3,32.9,59.0
8572,1724922083688,abc0d16aaf15b3a4ee2e561195dfd82ab260497412e326bb57f2ee5bbe9042d8,469.0,1013.2,33.0,57.0
8573,1724922683692,abc0d16aaf15b3a4ee2e561195dfd82ab260497412e326bb57f2ee5bbe9042d8,458.0,1013.0,33.1,56.0
8574,1724923283661,abc0d16aaf15b3a4ee2e561195dfd82ab260497412e326bb57f2ee5bbe9042d8,481.0,1013.0,33.6,56.0
8575,1724923883620,abc0d16aaf15b3a4ee2e561195dfd82ab260497412e326bb57f2ee5bbe9042d8,458.0,1012.9,33.7,56.0
8576,1724924483583,abc0d16aaf15b3a4ee2e561195dfd82ab260497412e326bb57f2ee5bbe9042d8,467.0,1012.7,33.7,54.0
8577,1724925083580,abc0d16aaf15b3a4ee2e561195dfd82ab260497412e326bb57f2ee5bbe9042d8,475.0,1012.7,34.5,54.0
8578,1724925683542,abc0d16aaf15b3a4ee2e561195dfd82ab260497412e326bb57f2ee5bbe9042d8,454.0,1012.5,34.4,52.0
8579,1724926283510,abc0d16aaf15b3a4ee2e561195dfd82ab260497412e326bb57f2ee5bbe9042d8,435.0,1012.4,34.4,52.0
8580,1724926883508,abc0d16aaf15b3a4ee2e561195dfd82ab260497412e326bb57f2ee5bbe9042d8,448.0,1012.3,34.7,52.0
8581,1724927483482,abc0d16aaf15b3a4ee2e561195dfd82ab260497412e326bb57f2ee5bbe9042d8,462.0,1012.2,34.9,50.0
8582,1724928083438,abc0d16aaf15b3a4ee2e561195dfd82ab260497412e326bb57f2ee5bbe9042d8,450.0,1012.1,35.1,48.0
8583,1724928683425,abc0d16aaf15b3a4ee2e561195dfd82ab260497412e326bb57f2ee5bbe9042d8,459.0,1012.0,35.3,48.0
8584,1724929283404,abc0d16aaf15b3a4ee2e561195dfd82ab260497412e326bb57f2ee5bbe9042d8,446.0,1011.8,35.6,47.0
8585,1724929883391,abc0d16aaf15b3a4ee2e561195dfd82ab260497412e326bb57f2ee5bbe9042d8,453.0,1011.7,35.8,46.0
8586,1724930483351,abc0d16aaf15b3a4ee2e561195dfd82ab260497412e326bb57f2ee5bbe9042d8,467.0,1011.6,35.7,46.0
8587,1724931083326,abc0d16aaf15b3a4ee2e561195dfd82ab260497412e326bb57f2ee5bbe9042d8,465.0,1011.6,35.9,45.0
8588,1724931683297,abc0d16aaf15b3a4ee2e561195dfd82ab260497412e326bb57f2ee5bbe9042d8,424.0,1011.4,36.3,42.0
8589,1724932283282,abc0d16aaf15b3a4ee2e561195dfd82ab260497412e326bb57f2ee5bbe9042d8,441.0,1011.3,36.5,42.0
8590,1724932883260,abc0d16aaf15b3a4ee2e561195dfd82ab260497412e326bb57f2ee5bbe9042d8,479.0,1011.3,37.0,40.0
8591,1724933483240,abc0d16aaf15b3a4ee2e561195dfd82ab260497412e326bb57f2ee5bbe9042d8,462.0,1011.3,37.1,41.0
8592,1724934083207,abc0d16aaf15b3a4ee2e561195dfd82ab260497412e326bb57f2ee5bbe9042d8,451.0,1011.2,37.4,41.0
8593,1724934683187,abc0d16aaf15b3a4ee2e561195dfd82ab260497412e326bb57f2ee5bbe9042d8,470.0,1010.8,37.4,40.0
8594,1724935283160,abc0d16aaf15b3a4ee2e561195dfd82ab260497412e326bb57f2ee5bbe9042d8,465.0,1010.7,37.6,39.0
8595,1724935883105,abc0d16aaf15b3a4ee2e561195dfd82ab260497412e326bb57f2ee5bbe9042d8,438.0,1010.6,37.8,39.0
8596,1724936483121,abc0d16aaf15b3a4ee2e561195dfd82ab260497412e326bb57f2ee5bbe9042d8,445.0,1010.5,37.9,40.0
8597,1724937083111,abc0d16aaf15b3a4ee2e561195dfd82ab260497412e326bb57f2ee5bbe9042d8,452.0,1010.5,37.8,38.0
8598,1724937683064,abc0d16aaf15b3a4ee2e561195dfd82ab260497412e326bb57f2ee5bbe9042d8,457.0,1010.5,37.8,38.0
8599,1724938283062,abc0d16aaf15b3a4ee2e561195dfd82ab260497412e326bb57f2ee5bbe9042d8,436.0,1010.3,37.8,38.0
8600,1724938884747,abc0d16aaf15b3a4ee2e561195dfd82ab260497412e326bb57f2ee5bbe9042d8,454.0,1010.0,38.1,38.0
8601,1724939483000,abc0d16aaf15b3a4ee2e561195dfd82ab260497412e326bb57f2ee5bbe9042d8,460.0,1009.8,38.6,38.0
8602,1724940082993,abc0d16aaf15b3a4ee2e561195dfd82ab260497412e326bb57f2ee5bbe9042d8,422.0,1009.9,38.2,39.0
8603,1724940682970,abc0d16aaf15b3a4ee2e561195dfd82ab260497412e326bb57f2ee5bbe9042d8,420.0,1009.7,38.0,38.0
8604,1724941282944,abc0d16aaf15b3a4ee2e561195dfd82ab260497412e326bb57f2ee5bbe9042d8,445.0,1009.5,38.0,38.0
8605,1724941882926,abc0d16aaf15b3a4ee2e561195dfd82ab260497412e326bb57f2ee5bbe9042d8,433.0,1009.5,38.3,39.0
8606,1724942482890,abc0d16aaf15b3a4ee2e561195dfd82ab260497412e326bb57f2ee5bbe9042d8,436.0,1009.5,38.5,38.0
8607,1724943082867,abc0d16aaf15b3a4ee2e561195dfd82ab260497412e326bb57f2ee5bbe9042d8,440.0,1009.5,38.1,38.0
8608,1724943682852,abc0d16aaf15b3a4ee2e561195dfd82ab260497412e326bb57f2ee5bbe9042d8,443.0,1009.5,38.6,38.0
8609,1724944282831,abc0d16aaf15b3a4ee2e561195dfd82ab260497412e326bb57f2ee5bbe9042d8,443.0,1009.6,38.3,36.0
8610,1724944882807,abc0d16aaf15b3a4ee2e561195dfd82ab260497412e326bb57f2ee5bbe9042d8,454.0,1009.5,38.8,36.0
8611,1724945482792,abc0d16aaf15b3a4ee2e561195dfd82ab260497412e326bb57f2ee5bbe9042d8,432.0,1009.5,39.0,37.0
8612,1724946082761,abc0d16aaf15b3a4ee2e561195dfd82ab260497412e326bb57f2ee5bbe9042d8,433.0,1009.4,38.3,39.0
8613,1724946682741,abc0d16aaf15b3a4ee2e561195dfd82ab260497412e326bb57f2ee5bbe9042d8,429.0,1009.5,38.6,39.0
8614,1724947282717,abc0d16aaf15b3a4ee2e561195dfd82ab260497412e326bb57f2ee5bbe9042d8,426.0,1009.5,37.8,39.0
8615,1724947882707,abc0d16aaf15b3a4ee2e561195dfd82ab260497412e326bb57f2ee5bbe9042d8,441.0,1009.7,36.6,41.0
8616,1724948482663,abc0d16aaf15b3a4ee2e561195dfd82ab260497412e326bb57f2ee5bbe9042d8,435.0,1009.7,36.2,41.0
8617,1724949082645,abc0d16aaf15b3a4ee2e561195dfd82ab260497412e326bb57f2ee5bbe9042d8,464.0,1009.7,35.6,41.0
8618,1724949682654,abc0d16aaf15b3a4ee2e561195dfd82ab260497412e326bb57f2ee5bbe9042d8,441.0,1009.8,35.2,42.0
8619,1724950282586,abc0d16aaf15b3a4ee2e561195dfd82ab260497412e326bb57f2ee5bbe9042d8,436.0,1009.9,34.8,42.0
8620,1724950882564,abc0d16aaf15b3a4ee2e561195dfd82ab260497412e326bb57f2ee5bbe9042d8,430.0,1010.0,34.7,42.0
8621,1724951482552,abc0d16aaf15b3a4ee2e561195dfd82ab260497412e326bb57f2ee5bbe9042d8,434.0,1009.9,34.3,43.0
8622,1724952084220,abc0d16aaf15b3a4ee2e561195dfd82ab260497412e326bb57f2ee5bbe9042d8,437.0,1009.8,33.7,43.0
8623,1724952682494,abc0d16aaf15b3a4ee2e561195dfd82ab260497412e326bb57f2ee5bbe9042d8,430.0,1009.9,32.7,44.0
8624,1724953282442,abc0d16aaf15b3a4ee2e561195dfd82ab260497412e326bb57f2ee5bbe9042d8,455.0,1009.8,31.2,46.0
8625,1724953882426,abc0d16aaf15b3a4ee2e561195dfd82ab260497412e326bb57f2ee5bbe9042d8,465.0,1009.9,30.1,46.0
8626,1724954482404,abc0d16aaf15b3a4ee2e561195dfd82ab260497412e326bb57f2ee5bbe9042d8,571.0,1010.1,29.2,47.0
8627,1724955082378,abc0d16aaf15b3a4ee2e561195dfd82ab260497412e326bb57f2ee5bbe9042d8,567.0,1010.3,28.2,51.0
8628,1724955682342,abc0d16aaf15b3a4ee2e561195dfd82ab260497412e326bb57f2ee5bbe9042d8,520.0,1010.4,26.9,51.0
8629,1724956282296,abc0d16aaf15b3a4ee2e561195dfd82ab260497412e326bb57f2ee5bbe9042d8,495.0,1010.4,26.7,53.0
8630,1724956882295,abc0d16aaf15b3a4ee2e561195dfd82ab260497412e326bb57f2ee5bbe9042d8,513.0,1010.6,26.2,56.0
8631,1724957482242,abc0d16aaf15b3a4ee2e561195dfd82ab260497412e326bb57f2ee5bbe9042d8,496.0,1010.6,25.7,56.0
8632,1724958083936,abc0d16aaf15b3a4ee2e561195dfd82ab260497412e326bb57f2ee5bbe9042d8,486.0,1010.8,25.3,58.0
8633,1724958682237,abc0d16aaf15b3a4ee2e561195dfd82ab260497412e326bb57f2ee5bbe9042d8,471.0,1011.1,25.1,58.0
8634,1724959282171,abc0d16aaf15b3a4ee2e561195dfd82ab260497412e326bb57f2ee5bbe9042d8,460.0,1011.2,25.1,58.0
8635,1724959882150,abc0d16aaf15b3a4ee2e561195dfd82ab260497412e326bb57f2ee5bbe9042d8,478.0,1011.1,25.1,58.0
8636,1724960482142,abc0d16aaf15b3a4ee2e561195dfd82ab260497412e326bb57f2ee5bbe9042d8,453.0,1011.1,25.2,59.0
8637,1724961082072,abc0d16aaf15b3a4ee2e561195dfd82ab260497412e326bb57f2ee5bbe9042d8,465.0,1011.1,25.2,59.0
8638,1724961682022,abc0d16aaf15b3a4ee2e561195dfd82ab260497412e326bb57f2ee5bbe9042d8,465.0,1011.1,24.9,60.0
8639,1724962282032,abc0d16aaf15b3a4ee2e561195dfd82ab260497412e326bb57f2ee5bbe9042d8,460.0,1011.3,24.7,61.0
8640,1724962881991,abc0d16aaf15b3a4ee2e561195dfd82ab260497412e326bb57f2ee5bbe9042d8,448.0,1011.3,25.0,61.0
8641,1724963481989,abc0d16aaf15b3a4ee2e561195dfd82ab260497412e326bb57f2ee5bbe9042d8,456.0,1011.3,25.1,62.0
8642,1724964081926,abc0d16aaf15b3a4ee2e561195dfd82ab260497412e326bb57f2ee5bbe9042d8,456.0,1011.3,25.0,62.0
8643,1724964681912,abc0d16aaf15b3a4ee2e561195dfd82ab260497412e326bb57f2ee5bbe9042d8,455.0,1011.3,24.9,62.0
8644,1724965281881,abc0d16aaf15b3a4ee2e561195dfd82ab260497412e326bb57f2ee5bbe9042d8,450.0,1011.4,24.6,63.0
8645,1724965881823,abc0d16aaf15b3a4ee2e561195dfd82ab260497412e326bb57f2ee5bbe9042d8,447.0,1011.4,24.5,64.0
8646,1724966481812,abc0d16aaf15b3a4ee2e561195dfd82ab260497412e326bb57f2ee5bbe9042d8,465.0,1011.4,24.4,64.0
8647,1724967081799,abc0d16aaf15b3a4ee2e561195dfd82ab260497412e326bb57f2ee5bbe9042d8,467.0,1011.5,24.2,65.0
8648,1724967681777,abc0d16aaf15b3a4ee2e561195dfd82ab260497412e326bb57f2ee5bbe9042d8,459.0,1011.5,24.2,66.0
8649,1724968281723,abc0d16aaf15b3a4ee2e561195dfd82ab260497412e326bb57f2ee5bbe9042d8,479.0,1011.5,23.9,66.0
8650,1724968881762,abc0d16aaf15b3a4ee2e561195dfd82ab260497412e326bb57f2ee5bbe9042d8,469.0,1011.5,23.8,67.0
8651,1724969481686,abc0d16aaf15b3a4ee2e561195dfd82ab260497412e326bb57f2ee5bbe9042d8,474.0,1011.6,23.7,67.0
8652,1724970081692,abc0d16aaf15b3a4ee2e561195dfd82ab260497412e326bb57f2ee5bbe9042d8,486.0,1011.7,23.5,67.0
8653,1724970681613,abc0d16aaf15b3a4ee2e561195dfd82ab260497412e326bb57f2ee5bbe9042d8,490.0,1011.7,23.6,68.0
8654,1724971281601,abc0d16aaf15b3a4ee2e561195dfd82ab260497412e326bb57f2ee5bbe9042d8,471.0,1011.7,23.4,69.0
8655,1724971881559,abc0d16aaf15b3a4ee2e561195dfd82ab260497412e326bb57f2ee5bbe9042d8,476.0,1011.8,23.4,69.0
8656,1724972481546,abc0d16aaf15b3a4ee2e561195dfd82ab260497412e326bb57f2ee5bbe9042d8,471.0,1011.8,23.3,68.0
8657,1724973081500,abc0d16aaf15b3a4ee2e561195dfd82ab260497412e326bb57f2ee5bbe9042d8,452.0,1011.8,23.2,69.0
8658,1724973681457,abc0d16aaf15b3a4ee2e561195dfd82ab260497412e326bb57f2ee5bbe9042d8,475.0,1011.9,23.1,69.0
8659,1724974281438,abc0d16aaf15b3a4ee2e561195dfd82ab260497412e326bb57f2ee5bbe9042d8,477.0,1011.9,23.0,69.0
8660,1724974881448,abc0d16aaf15b3a4ee2e561195dfd82ab260497412e326bb57f2ee5bbe9042d8,481.0,1011.9,23.1,70.0
8661,1724975483093,abc0d16aaf15b3a4ee2e561195dfd82ab260497412e326bb57f2ee5bbe9042d8,480.0,1011.8,23.1,70.0
8662,1724976081359,abc0d16aaf15b3a4ee2e561195dfd82ab260497412e326bb57f2ee5bbe9042d8,493.0,1011.7,23.1,69.0
8663,1724976681342,abc0d16aaf15b3a4ee2e561195dfd82ab260497412e326bb57f2ee5bbe9042d8,474.0,1011.6,22.9,70.0
8664,1724977281285,abc0d16aaf15b3a4ee2e561195dfd82ab260497412e326bb57f2ee5bbe9042d8,484.0,1011.6,22.8,70.0
8665,1724977881261,abc0d16aaf15b3a4ee2e561195dfd82ab260497412e326bb57f2ee5bbe9042d8,470.0,1011.7,22.9,70.0
8666,1724978481248,abc0d16aaf15b3a4ee2e561195dfd82ab260497412e326bb57f2ee5bbe9042d8,483.0,1011.8,22.6,72.0
8667,1724979082920,abc0d16aaf15b3a4ee2e561195dfd82ab260497412e326bb57f2ee5bbe9042d8,479.0,1011.8,22.1,72.0
8668,1724979681192,abc0d16aaf15b3a4ee2e561195dfd82ab260497412e326bb57f2ee5bbe9042d8,486.0,1011.9,21.8,74.0
8669,1724980281159,abc0d16aaf15b3a4ee2e561195dfd82ab260497412e326bb57f2ee5bbe9042d8,481.0,1012.0,21.5,76.0
8670,1724980881115,abc0d16aaf15b3a4ee2e561195dfd82ab260497412e326bb57f2ee5bbe9042d8,489.0,1012.1,21.5,76.0
8671,1724981481091,abc0d16aaf15b3a4ee2e561195dfd82ab260497412e326bb57f2ee5bbe9042d8,482.0,1012.0,21.5,77.0
8672,1724982081079,abc0d16aaf15b3a4ee2e561195dfd82ab260497412e326bb57f2ee5bbe9042d8,481.0,1012.0,21.3,78.0
8673,1724982681031,abc0d16aaf15b3a4ee2e561195dfd82ab260497412e326bb57f2ee5bbe9042d8,495.0,1012.0,21.0,78.0
8674,1724983281019,abc0d16aaf15b3a4ee2e561195dfd82ab260497412e326bb57f2ee5bbe9042d8,487.0,1012.1,20.9,78.0
8675,1724983880991,abc0d16aaf15b3a4ee2e561195dfd82ab260497412e326bb57f2ee5bbe9042d8,491.0,1012.2,21.0,78.0
8676,1724984480946,abc0d16aaf15b3a4ee2e561195dfd82ab260497412e326bb57f2ee5bbe9042d8,494.0,1012.3,21.1,78.0
8677,1724985080919,abc0d16aaf15b3a4ee2e561195dfd82ab260497412e326bb57f2ee5bbe9042d8,503.0,1012.5,20.9,78.0
8678,1724985680899,abc0d16aaf15b3a4ee2e561195dfd82ab260497412e326bb57f2ee5bbe9042d8,494.0,1012.5,20.6,80.0
8679,1724986280867,abc0d16aaf15b3a4ee2e561195dfd82ab260497412e326bb57f2ee5bbe9042d8,494.0,1012.7,20.4,80.0
8680,1724986880835,abc0d16aaf15b3a4ee2e561195dfd82ab260497412e326bb57f2ee5bbe9042d8,515.0,1012.7,20.3,82.0
8681,1724987480817,abc0d16aaf15b3a4ee2e561195dfd82ab260497412e326bb57f2ee5bbe9042d8,503.0,1012.8,20.2,83.0
8682,1724988080745,abc0d16aaf15b3a4ee2e561195dfd82ab260497412e326bb57f2ee5bbe9042d8,495.0,1012.8,20.1,83.0
8683,1724988680731,abc0d16aaf15b3a4ee2e561195dfd82ab260497412e326bb57f2ee5bbe9042d8,488.0,1012.8,20.0,83.0
8684,1724989280737,abc0d16aaf15b3a4ee2e561195dfd82ab260497412e326bb57f2ee5bbe9042d8,504.0,1012.8,19.7,84.0
8685,1724989880683,abc0d16aaf15b3a4ee2e561195dfd82ab260497412e326bb57f2ee5bbe9042d8,507.0,1012.9,20.0,84.0
8686,1724990480659,abc0d16aaf15b3a4ee2e561195dfd82ab260497412e326bb57f2ee5bbe9042d8,490.0,1012.9,20.2,82.0
8687,1724991080636,abc0d16aaf15b3a4ee2e561195dfd82ab260497412e326bb57f2ee5bbe9042d8,507.0,1013.1,19.9,83.0
8688,1724991680611,abc0d16aaf15b3a4ee2e561195dfd82ab260497412e326bb57f2ee5bbe9042d8,487.0,1013.0,20.1,83.0
8689,1724992280571,abc0d16aaf15b3a4ee2e561195dfd82ab260497412e326bb57f2ee5bbe9042d8,508.0,1013.1,20.0,82.0
8690,1724992880567,abc0d16aaf15b3a4ee2e561195dfd82ab260497412e326bb57f2ee5bbe9042d8,521.0,1013.1,20.1,83.0
8691,1724993480519,abc0d16aaf15b3a4ee2e561195dfd82ab260497412e326bb57f2ee5bbe9042d8,501.0,1013.1,20.1,83.0
8692,1724994080495,abc0d16aaf15b3a4ee2e561195dfd82ab260497412e326bb57f2ee5bbe9042d8,518.0,1013.1,20.2,83.0
8693,1724994680490,abc0d16aaf15b3a4ee2e561195dfd82ab260497412e326bb57f2ee5bbe9042d8,510.0,1013.1,20.6,81.0
8694,1724995280423,abc0d16aaf15b3a4ee2e561195dfd82ab260497412e326bb57f2ee5bbe9042d8,498.0,1013.0,20.8,81.0
8695,1724995880395,abc0d16aaf15b3a4ee2e561195dfd82ab260497412e326bb57f2ee5bbe9042d8,488.0,1012.9,21.9,79.0
8696,1724996480393,abc0d16aaf15b3a4ee2e561195dfd82ab260497412e326bb57f2ee5bbe9042d8,497.0,1012.9,23.0,77.0
8697,1724997080347,abc0d16aaf15b3a4ee2e561195dfd82ab260497412e326bb57f2ee5bbe9042d8,490.0,1012.9,23.9,77.0
8698,1724997680321,abc0d16aaf15b3a4ee2e561195dfd82ab260497412e326bb57f2ee5bbe9042d8,504.0,1012.9,24.4,76.0
8699,1724998280291,abc0d16aaf15b3a4ee2e561195dfd82ab260497412e326bb57f2ee5bbe9042d8,503.0,1012.9,25.2,74.0
8700,1724998880249,abc0d16aaf15b3a4ee2e561195dfd82ab260497412e326bb57f2ee5bbe9042d8,506.0,1013.0,26.0,74.0
8701,1724999480215,abc0d16aaf15b3a4ee2e561195dfd82ab260497412e326bb57f2ee5bbe9042d8,479.0,1013.0,26.7,71.0
8702,1725000080207,abc0d16aaf15b3a4ee2e561195dfd82ab260497412e326bb57f2ee5bbe9042d8,513.0,1013.0,27.4,70.0
8703,1725000680164,abc0d16aaf15b3a4ee2e561195dfd82ab260497412e326bb57f2ee5bbe9042d8,499.0,1013.0,28.4,70.0
8704,1725001280145,abc0d16aaf15b3a4ee2e561195dfd82ab260497412e326bb57f2ee5bbe9042d8,480.0,1013.0,28.6,69.0
8705,1725001880164,abc0d16aaf15b3a4ee2e561195dfd82ab260497412e326bb57f2ee5bbe9042d8,497.0,1012.9,29.3,66.0
8706,1725002480080,abc0d16aaf15b3a4ee2e561195dfd82ab260497412e326bb57f2ee5bbe9042d8,483.0,1012.8,29.9,66.0
8707,1725003080037,abc0d16aaf15b3a4ee2e561195dfd82ab260497412e326bb57f2ee5bbe9042d8,466.0,1012.7,30.8,64.0
8708,1725003680057,abc0d16aaf15b3a4ee2e561195dfd82ab260497412e326bb57f2ee5bbe9042d8,470.0,1012.6,31.6,60.0
8709,1725004279999,abc0d16aaf15b3a4ee2e561195dfd82ab260497412e326bb57f2ee5bbe9042d8,469.0,1012.6,32.4,60.0
8710,1725004879972,abc0d16aaf15b3a4ee2e561195dfd82ab260497412e326bb57f2ee5bbe9042d8,472.0,1012.6,33.1,58.0
8711,1725005479960,abc0d16aaf15b3a4ee2e561195dfd82ab260497412e326bb57f2ee5bbe9042d8,464.0,1012.6,33.4,56.0
8712,1725006079915,abc0d16aaf15b3a4ee2e561195dfd82ab260497412e326bb57f2ee5bbe9042d8,455.0,1012.6,34.1,56.0
8713,1725006679880,abc0d16aaf15b3a4ee2e561195dfd82ab260497412e326bb57f2ee5bbe9042d8,461.0,1012.5,34.2,55.0
8714,1725007279872,abc0d16aaf15b3a4ee2e561195dfd82ab260497412e326bb57f2ee5bbe9042d8,472.0,1012.5,34.1,55.0
8715,1725007879834,abc0d16aaf15b3a4ee2e561195dfd82ab260497412e326bb57f2ee5bbe9042d8,442.0,1012.4,33.8,55.0
8716,1725008479804,abc0d16aaf15b3a4ee2e561195dfd82ab260497412e326bb57f2ee5bbe9042d8,450.0,1012.4,33.7,54.0
8717,1725009079802,abc0d16aaf15b3a4ee2e561195dfd82ab260497412e326bb57f2ee5bbe9042d8,473.0,1012.3,33.9,52.0
8718,1725009679752,abc0d16aaf15b3a4ee2e561195dfd82ab260497412e326bb57f2ee5bbe9042d8,488.0,1012.3,34.5,52.0
8719,1725010279728,abc0d16aaf15b3a4ee2e561195dfd82ab260497412e326bb57f2ee5bbe9042d8,467.0,1012.2,34.3,51.0
8720,1725010879725,abc0d16aaf15b3a4ee2e561195dfd82ab260497412e326bb57f2ee5bbe9042d8,460.0,1012.2,34.5,50.0
8721,1725011479662,abc0d16aaf15b3a4ee2e561195dfd82ab260497412e326bb57f2ee5bbe9042d8,462.0,1012.1,34.8,50.0
8722,1725012079667,abc0d16aaf15b3a4ee2e561195dfd82ab260497412e326bb57f2ee5bbe9042d8,455.0,1012.0,35.2,49.0
8723,1725012679667,abc0d16aaf15b3a4ee2e561195dfd82ab260497412e326bb57f2ee5bbe9042d8,450.0,1011.9,35.2,48.0
8724,1725013279607,abc0d16aaf15b3a4ee2e561195dfd82ab260497412e326bb57f2ee5bbe9042d8,468.0,1011.8,35.2,48.0
8725,1725013879635,abc0d16aaf15b3a4ee2e561195dfd82ab260497412e326bb57f2ee5bbe9042d8,465.0,1011.7,35.0,47.0
8726,1725014479559,abc0d16aaf15b3a4ee2e561195dfd82ab260497412e326bb57f2ee5bbe9042d8,451.0,1011.6,35.2,46.0
8727,1725015079535,abc0d16aaf15b3a4ee2e561195dfd82ab260497412e326bb57f2ee5bbe9042d8,461.0,1011.5,36.0,46.0
8728,1725015679521,abc0d16aaf15b3a4ee2e561195dfd82ab260497412e326bb57f2ee5bbe9042d8,463.0,1011.3,35.9,45.0
8729,1725016279497,abc0d16aaf15b3a4ee2e561195dfd82ab260497412e326bb57f2ee5bbe9042d8,462.0,1011.2,36.2,44.0
8730,1725016879508,abc0d16aaf15b3a4ee2e561195dfd82ab260497412e326bb57f2ee5bbe9042d8,459.0,1011.1,36.4,44.0
8731,1725017479441,abc0d16aaf15b3a4ee2e561195dfd82ab260497412e326bb57f2ee5bbe9042d8,438.0,1011.1,36.3,43.0
8732,1725018079378,abc0d16aaf15b3a4ee2e561195dfd82ab260497412e326bb57f2ee5bbe9042d8,449.0,1010.9,36.7,41.0
8733,1725018679388,abc0d16aaf15b3a4ee2e561195dfd82ab260497412e326bb57f2ee5bbe9042d8,450.0,1010.8,37.3,41.0
8734,1725019279374,abc0d16aaf15b3a4ee2e561195dfd82ab260497412e326bb57f2ee5bbe9042d8,459.0,1010.8,37.5,40.0
8735,1725019879354,abc0d16aaf15b3a4ee2e561195dfd82ab260497412e326bb57f2ee5bbe9042d8,442.0,1010.7,37.6,42.0
8736,1725020481030,abc0d16aaf15b3a4ee2e561195dfd82ab260497412e326bb57f2ee5bbe9042d8,439.0,1010.6,38.0,42.0
8737,1725021079292,abc0d16aaf15b3a4ee2e561195dfd82ab260497412e326bb57f2ee5bbe9042d8,470.0,1010.5,38.2,39.0
8738,1725021679288,abc0d16aaf15b3a4ee2e561195dfd82ab260497412e326bb57f2ee5bbe9042d8,432.0,1010.4,38.0,39.0
8739,1725022279277,abc0d16aaf15b3a4ee2e561195dfd82ab260497412e326bb57f2ee5bbe9042d8,441.0,1010.2,38.0,39.0
8740,1725022879239,abc0d16aaf15b3a4ee2e561195dfd82ab260497412e326bb57f2ee5bbe9042d8,441.0,1010.1,38.2,38.0
8741,1725023479223,abc0d16aaf15b3a4ee2e561195dfd82ab260497412e326bb57f2ee5bbe9042d8,444.0,1010.0,38.3,38.0
8742,1725024079176,abc0d16aaf15b3a4ee2e561195dfd82ab260497412e326bb57f2ee5bbe9042d8,435.0,1009.8,38.3,38.0
8743,1725024679165,abc0d16aaf15b3a4ee2e561195dfd82ab260497412e326bb57f2ee5bbe9042d8,454.0,1009.8,39.1,37.0
8744,1725025279159,abc0d16aaf15b3a4ee2e561195dfd82ab260497412e326bb57f2ee5bbe9042d8,439.0,1009.6,39.0,36.0
8745,1725025879136,abc0d16aaf15b3a4ee2e561195dfd82ab260497412e326bb57f2ee5bbe9042d8,422.0,1009.6,39.6,36.0
8746,1725026479102,abc0d16aaf15b3a4ee2e561195dfd82ab260497412e326bb57f2ee5bbe9042d8,457.0,1009.4,39.4,36.0
8747,1725027079086,abc0d16aaf15b3a4ee2e561195dfd82ab260497412e326bb57f2ee5bbe9042d8,433.0,1009.3,39.2,36.0
8748,1725027679080,abc0d16aaf15b3a4ee2e561195dfd82ab260497412e326bb57f2ee5bbe9042d8,427.0,1009.3,38.2,36.0
8749,1725028279023,abc0d16aaf15b3a4ee2e561195dfd82ab260497412e326bb57f2ee5bbe9042d8,433.0,1009.2,39.0,35.0
8750,1725028879029,abc0d16aaf15b3a4ee2e561195dfd82ab260497412e326bb57f2ee5bbe9042d8,441.0,1009.1,39.9,34.0
8751,1725029479004,abc0d16aaf15b3a4ee2e561195dfd82ab260497412e326bb57f2ee5bbe9042d8,450.0,1008.9,40.0,34.0
8752,1725030078977,abc0d16aaf15b3a4ee2e561195dfd82ab260497412e326bb57f2ee5bbe9042d8,443.0,1008.9,39.6,36.0
8753,1725030678957,abc0d16aaf15b3a4ee2e561195dfd82ab260497412e326bb57f2ee5bbe9042d8,452.0,1008.9,39.1,34.0
8754,1725031278918,abc0d16aaf15b3a4ee2e561195dfd82ab260497412e326bb57f2ee5bbe9042d8,452.0,1008.9,39.3,34.0
8755,1725031878892,abc0d16aaf15b3a4ee2e561195dfd82ab260497412e326bb57f2ee5bbe9042d8,469.0,1008.9,39.1,35.0
8756,1725032478894,abc0d16aaf15b3a4ee2e561195dfd82ab260497412e326bb57f2ee5bbe9042d8,442.0,1008.8,39.9,35.0
8757,1725033078846,abc0d16aaf15b3a4ee2e561195dfd82ab260497412e326bb57f2ee5bbe9042d8,458.0,1008.7,39.4,35.0
8758,1725033678844,abc0d16aaf15b3a4ee2e561195dfd82ab260497412e326bb57f2ee5bbe9042d8,451.0,1008.8,38.8,35.0
8759,1725034278824,abc0d16aaf15b3a4ee2e561195dfd82ab260497412e326bb57f2ee5bbe9042d8,426.0,1008.8,38.5,37.0
8760,1725034878784,abc0d16aaf15b3a4ee2e561195dfd82ab260497412e326bb57f2ee5bbe9042d8,434.0,1008.7,37.9,37.0
8761,1725035478766,abc0d16aaf15b3a4ee2e561195dfd82ab260497412e326bb57f2ee5bbe9042d8,431.0,1008.7,36.8,38.0
8762,1725036078760,abc0d16aaf15b3a4ee2e561195dfd82ab260497412e326bb57f2ee5bbe9042d8,453.0,1008.6,36.6,37.0
8763,1725036678717,abc0d16aaf15b3a4ee2e561195dfd82ab260497412e326bb57f2ee5bbe9042d8,442.0,1008.6,36.5,37.0
8764,1725037278700,abc0d16aaf15b3a4ee2e561195dfd82ab260497412e326bb57f2ee5bbe9042d8,424.0,1008.7,35.7,40.0
8765,1725037878686,abc0d16aaf15b3a4ee2e561195dfd82ab260497412e326bb57f2ee5bbe9042d8,431.0,1008.7,34.8,41.0
8766,1725038478636,abc0d16aaf15b3a4ee2e561195dfd82ab260497412e326bb57f2ee5bbe9042d8,450.0,1008.8,34.0,41.0
8767,1725039078612,abc0d16aaf15b3a4ee2e561195dfd82ab260497412e326bb57f2ee5bbe9042d8,435.0,1009.0,32.8,42.0
8768,1725039678594,abc0d16aaf15b3a4ee2e561195dfd82ab260497412e326bb57f2ee5bbe9042d8,470.0,1009.1,31.2,44.0
8769,1725040278550,abc0d16aaf15b3a4ee2e561195dfd82ab260497412e326bb57f2ee5bbe9042d8,471.0,1009.1,30.1,44.0
8770,1725040878536,abc0d16aaf15b3a4ee2e561195dfd82ab260497412e326bb57f2ee5bbe9042d8,467.0,1009.2,29.4,45.0
8771,1725041478507,abc0d16aaf15b3a4ee2e561195dfd82ab260497412e326bb57f2ee5bbe9042d8,526.0,1009.4,28.5,50.0
8772,1725042078466,abc0d16aaf15b3a4ee2e561195dfd82ab260497412e326bb57f2ee5bbe9042d8,541.0,1009.6,27.4,50.0
8773,1725042678432,abc0d16aaf15b3a4ee2e561195dfd82ab260497412e326bb57f2ee5bbe9042d8,548.0,1009.8,26.6,54.0
8774,1725043280135,abc0d16aaf15b3a4ee2e561195dfd82ab260497412e326bb57f2ee5bbe9042d8,547.0,1010.0,25.9,54.0
8775,1725043878397,abc0d16aaf15b3a4ee2e561195dfd82ab260497412e326bb57f2ee5bbe9042d8,573.0,1010.1,25.4,54.0
8776,1725044478372,abc0d16aaf15b3a4ee2e561195dfd82ab260497412e326bb57f2ee5bbe9042d8,551.0,1010.4,25.0,57.0
8777,1725045078336,abc0d16aaf15b3a4ee2e561195dfd82ab260497412e326bb57f2ee5bbe9042d8,509.0,1010.4,25.1,60.0
8778,1725045678292,abc0d16aaf15b3a4ee2e561195dfd82ab260497412e326bb57f2ee5bbe9042d8,510.0,1010.6,24.8,60.0
8779,1725046278258,abc0d16aaf15b3a4ee2e561195dfd82ab260497412e326bb57f2ee5bbe9042d8,509.0,1010.6,25.2,61.0
8780,1725046878254,abc0d16aaf15b3a4ee2e561195dfd82ab260497412e326bb57f2ee5bbe9042d8,519.0,1010.6,25.1,62.0
8781,1725047478214,abc0d16aaf15b3a4ee2e561195dfd82ab260497412e326bb57f2ee5bbe9042d8,518.0,1010.7,24.9,62.0
8782,1725048078194,abc0d16aaf15b3a4ee2e561195dfd82ab260497412e326bb57f2ee5bbe9042d8,525.0,1010.8,24.6,62.0
8783,1725048678177,abc0d16aaf15b3a4ee2e561195dfd82ab260497412e326bb57f2ee5bbe9042d8,524.0,1010.9,24.4,66.0
8784,1725049278126,abc0d16aaf15b3a4ee2e561195dfd82ab260497412e326bb57f2ee5bbe9042d8,534.0,1011.1,24.0,66.0
8785,1725049878094,abc0d16aaf15b3a4ee2e561195dfd82ab260497412e326bb57f2ee5bbe9042d8,596.0,1011.3,23.6,66.0
8786,1725050478074,abc0d16aaf15b3a4ee2e561195dfd82ab260497412e326bb57f2ee5bbe9042d8,529.0,1011.4,23.4,66.0
8787,1725051078032,abc0d16aaf15b3a4ee2e561195dfd82ab260497412e326bb57f2ee5bbe9042d8,496.0,1011.4,23.5,66.0
8788,1725051678022,abc0d16aaf15b3a4ee2e561195dfd82ab260497412e326bb57f2ee5bbe9042d8,539.0,1011.4,23.3,65.0
8789,1725052877948,abc0d16aaf15b3a4ee2e561195dfd82ab260497412e326bb57f2ee5bbe9042d8,495.0,1011.3,23.0,65.0
8790,1725053477916,abc0d16aaf15b3a4ee2e561195dfd82ab260497412e326bb57f2ee5bbe9042d8,482.0,1011.4,23.2,66.0
8791,1725054077939,abc0d16aaf15b3a4ee2e561195dfd82ab260497412e326bb57f2ee5bbe9042d8,473.0,1011.4,23.5,65.0
8792,1725054677874,abc0d16aaf15b3a4ee2e561195dfd82ab260497412e326bb57f2ee5bbe9042d8,482.0,1011.4,23.5,65.0
8793,1725055277821,abc0d16aaf15b3a4ee2e561195dfd82ab260497412e326bb57f2ee5bbe9042d8,480.0,1011.4,23.6,65.0
8794,1725055877822,abc0d16aaf15b3a4ee2e561195dfd82ab260497412e326bb57f2ee5bbe9042d8,483.0,1011.4,23.6,65.0
8795,1725056477764,abc0d16aaf15b3a4ee2e561195dfd82ab260497412e326bb57f2ee5bbe9042d8,489.0,1011.3,23.2,65.0
8796,1725057077737,abc0d16aaf15b3a4ee2e561195dfd82ab260497412e326bb57f2ee5bbe9042d8,482.0,1011.5,23.3,66.0
8797,1725057677742,abc0d16aaf15b3a4ee2e561195dfd82ab260497412e326bb57f2ee5bbe9042d8,490.0,1011.5,23.1,67.0
8798,1725058277681,abc0d16aaf15b3a4ee2e561195dfd82ab260497412e326bb57f2ee5bbe9042d8,492.0,1011.6,23.3,67.0
8799,1725058877667,abc0d16aaf15b3a4ee2e561195dfd82ab260497412e326bb57f2ee5bbe9042d8,478.0,1011.7,23.4,68.0
8800,1725059477647,abc0d16aaf15b3a4ee2e561195dfd82ab260497412e326bb57f2ee5bbe9042d8,491.0,1011.6,23.1,68.0
8801,1725060077601,abc0d16aaf15b3a4ee2e561195dfd82ab260497412e326bb57f2ee5bbe9042d8,506.0,1011.6,22.9,68.0
8802,1725060677528,abc0d16aaf15b3a4ee2e561195dfd82ab260497412e326bb57f2ee5bbe9042d8,487.0,1011.7,22.8,68.0
8803,1725061277558,abc0d16aaf15b3a4ee2e561195dfd82ab260497412e326bb57f2ee5bbe9042d8,493.0,1011.7,22.7,68.0
8804,1725061877515,abc0d16aaf15b3a4ee2e561195dfd82ab260497412e326bb57f2ee5bbe9042d8,488.0,1011.7,22.6,68.0
8805,1725062477501,abc0d16aaf15b3a4ee2e561195dfd82ab260497412e326bb57f2ee5bbe9042d8,473.0,1011.7,22.7,68.0
8806,1725063077473,abc0d16aaf15b3a4ee2e561195dfd82ab260497412e326bb57f2ee5bbe9042d8,469.0,1011.7,22.6,69.0
8807,1725063677423,abc0d16aaf15b3a4ee2e561195dfd82ab260497412e326bb57f2ee5bbe9042d8,493.0,1011.8,22.4,69.0
8808,1725064277390,abc0d16aaf15b3a4ee2e561195dfd82ab260497412e326bb57f2ee5bbe9042d8,482.0,1011.9,22.3,71.0
8809,1725064877408,abc0d16aaf15b3a4ee2e561195dfd82ab260497412e326bb57f2ee5bbe9042d8,504.0,1011.9,22.2,73.0
8810,1725065477335,abc0d16aaf15b3a4ee2e561195dfd82ab260497412e326bb57f2ee5bbe9042d8,493.0,1011.9,22.3,73.0
8811,1725066077299,abc0d16aaf15b3a4ee2e561195dfd82ab260497412e326bb57f2ee5bbe9042d8,490.0,1011.9,22.1,74.0
8812,1725066678997,abc0d16aaf15b3a4ee2e561195dfd82ab260497412e326bb57f2ee5bbe9042d8,494.0,1012.1,21.9,75.0
8813,1725067277257,abc0d16aaf15b3a4ee2e561195dfd82ab260497412e326bb57f2ee5bbe9042d8,507.0,1012.1,22.1,75.0
8814,1725067877214,abc0d16aaf15b3a4ee2e561195dfd82ab260497412e326bb57f2ee5bbe9042d8,488.0,1012.1,22.3,75.0
8815,1725068477213,abc0d16aaf15b3a4ee2e561195dfd82ab260497412e326bb57f2ee5bbe9042d8,498.0,1012.2,22.2,75.0
8816,1725069077203,abc0d16aaf15b3a4ee2e561195dfd82ab260497412e326bb57f2ee5bbe9042d8,514.0,1012.1,22.1,75.0
8817,1725069677149,abc0d16aaf15b3a4ee2e561195dfd82ab260497412e326bb57f2ee5bbe9042d8,490.0,1012.2,21.8,77.0
8818,1725070277144,abc0d16aaf15b3a4ee2e561195dfd82ab260497412e326bb57f2ee5bbe9042d8,512.0,1012.2,21.7,78.0
8819,1725070877071,abc0d16aaf15b3a4ee2e561195dfd82ab260497412e326bb57f2ee5bbe9042d8,493.0,1012.2,21.5,78.0
8820,1725071477037,abc0d16aaf15b3a4ee2e561195dfd82ab260497412e326bb57f2ee5bbe9042d8,513.0,1012.2,21.3,79.0
8821,1725072077027,abc0d16aaf15b3a4ee2e561195dfd82ab260497412e326bb57f2ee5bbe9042d8,513.0,1012.1,21.1,79.0
8822,1725072676989,abc0d16aaf15b3a4ee2e561195dfd82ab260497412e326bb57f2ee5bbe9042d8,524.0,1012.1,20.8,79.0
8823,1725073276961,abc0d16aaf15b3a4ee2e561195dfd82ab260497412e326bb57f2ee5bbe9042d8,503.0,1012.1,20.7,79.0
8824,1725073876939,abc0d16aaf15b3a4ee2e561195dfd82ab260497412e326bb57f2ee5bbe9042d8,526.0,1012.2,20.6,79.0
8825,1725074476929,abc0d16aaf15b3a4ee2e561195dfd82ab260497412e326bb57f2ee5bbe9042d8,517.0,1012.2,20.5,79.0
8826,1725075076873,abc0d16aaf15b3a4ee2e561195dfd82ab260497412e326bb57f2ee5bbe9042d8,504.0,1012.2,20.5,80.0
8827,1725075676869,abc0d16aaf15b3a4ee2e561195dfd82ab260497412e326bb57f2ee5bbe9042d8,517.0,1012.2,20.5,81.0
8828,1725076276817,abc0d16aaf15b3a4ee2e561195dfd82ab260497412e326bb57f2ee5bbe9042d8,506.0,1012.3,20.4,81.0
8829,1725076876803,abc0d16aaf15b3a4ee2e561195dfd82ab260497412e326bb57f2ee5bbe9042d8,506.0,1012.2,20.4,81.0
8830,1725077476764,abc0d16aaf15b3a4ee2e561195dfd82ab260497412e326bb57f2ee5bbe9042d8,518.0,1012.2,20.4,82.0
8831,1725078076730,abc0d16aaf15b3a4ee2e561195dfd82ab260497412e326bb57f2ee5bbe9042d8,507.0,1012.3,20.4,82.0
8832,1725078676695,abc0d16aaf15b3a4ee2e561195dfd82ab260497412e326bb57f2ee5bbe9042d8,520.0,1012.4,20.5,81.0
8833,1725079276691,abc0d16aaf15b3a4ee2e561195dfd82ab260497412e326bb57f2ee5bbe9042d8,513.0,1012.6,20.5,80.0
8834,1725079876619,abc0d16aaf15b3a4ee2e561195dfd82ab260497412e326bb57f2ee5bbe9042d8,503.0,1012.6,20.8,80.0
8835,1725080476632,abc0d16aaf15b3a4ee2e561195dfd82ab260497412e326bb57f2ee5bbe9042d8,507.0,1012.7,20.8,81.0
8836,1725081076597,abc0d16aaf15b3a4ee2e561195dfd82ab260497412e326bb57f2ee5bbe9042d8,506.0,1012.8,21.0,81.0
8837,1725081676565,abc0d16aaf15b3a4ee2e561195dfd82ab260497412e326bb57f2ee5bbe9042d8,511.0,1012.9,21.1,81.0
8838,1725082276529,abc0d16aaf15b3a4ee2e561195dfd82ab260497412e326bb57f2ee5bbe9042d8,507.0,1012.9,22.0,80.0
8839,1725082876519,abc0d16aaf15b3a4ee2e561195dfd82ab260497412e326bb57f2ee5bbe9042d8,501.0,1013.0,23.1,78.0
8840,1725083476463,abc0d16aaf15b3a4ee2e561195dfd82ab260497412e326bb57f2ee5bbe9042d8,495.0,1013.1,23.9,78.0
8841,1725084076415,abc0d16aaf15b3a4ee2e561195dfd82ab260497412e326bb57f2ee5bbe9042d8,491.0,1013.0,24.9,76.0
8842,1725084676431,abc0d16aaf15b3a4ee2e561195dfd82ab260497412e326bb57f2ee5bbe9042d8,486.0,1013.0,25.7,76.0
8843,1725085276387,abc0d16aaf15b3a4ee2e561195dfd82ab260497412e326bb57f2ee5bbe9042d8,497.0,1013.0,26.1,76.0
8844,1725085876341,abc0d16aaf15b3a4ee2e561195dfd82ab260497412e326bb57f2ee5bbe9042d8,475.0,1013.2,26.7,74.0
8845,1725086476349,abc0d16aaf15b3a4ee2e561195dfd82ab260497412e326bb57f2ee5bbe9042d8,479.0,1013.1,27.5,72.0
8846,1725087076307,abc0d16aaf15b3a4ee2e561195dfd82ab260497412e326bb57f2ee5bbe9042d8,478.0,1013.2,28.3,72.0
8847,1725087676278,abc0d16aaf15b3a4ee2e561195dfd82ab260497412e326bb57f2ee5bbe9042d8,494.0,1013.0,29.3,69.0
8848,1725088276257,abc0d16aaf15b3a4ee2e561195dfd82ab260497412e326bb57f2ee5bbe9042d8,483.0,1012.9,30.0,68.0
8849,1725088876221,abc0d16aaf15b3a4ee2e561195dfd82ab260497412e326bb57f2ee5bbe9042d8,479.0,1012.9,30.4,68.0
8850,1725089476180,abc0d16aaf15b3a4ee2e561195dfd82ab260497412e326bb57f2ee5bbe9042d8,493.0,1013.0,31.1,66.0
8851,1725090076177,abc0d16aaf15b3a4ee2e561195dfd82ab260497412e326bb57f2ee5bbe9042d8,475.0,1012.9,31.0,65.0
8852,1725090677836,abc0d16aaf15b3a4ee2e561195dfd82ab260497412e326bb57f2ee5bbe9042d8,473.0,1012.8,31.6,65.0
8853,1725091276109,abc0d16aaf15b3a4ee2e561195dfd82ab260497412e326bb57f2ee5bbe9042d8,480.0,1012.8,32.1,65.0
8854,1725091876090,abc0d16aaf15b3a4ee2e561195dfd82ab260497412e326bb57f2ee5bbe9042d8,466.0,1012.8,32.8,62.0
8855,1725092476064,abc0d16aaf15b3a4ee2e561195dfd82ab260497412e326bb57f2ee5bbe9042d8,490.0,1012.8,32.9,62.0
8856,1725093076003,abc0d16aaf15b3a4ee2e561195dfd82ab260497412e326bb57f2ee5bbe9042d8,477.0,1012.8,33.5,60.0
8857,1725093676006,abc0d16aaf15b3a4ee2e561195dfd82ab260497412e326bb57f2ee5bbe9042d8,484.0,1013.0,33.6,58.0
8858,1725094275957,abc0d16aaf15b3a4ee2e561195dfd82ab260497412e326bb57f2ee5bbe9042d8,475.0,1012.8,33.3,58.0
8859,1725094875933,abc0d16aaf15b3a4ee2e561195dfd82ab260497412e326bb57f2ee5bbe9042d8,508.0,1012.7,33.9,56.0
8860,1725095475932,abc0d16aaf15b3a4ee2e561195dfd82ab260497412e326bb57f2ee5bbe9042d8,475.0,1012.6,34.5,55.0
8861,1725096075864,abc0d16aaf15b3a4ee2e561195dfd82ab260497412e326bb57f2ee5bbe9042d8,473.0,1012.6,34.5,55.0
8862,1725096675866,abc0d16aaf15b3a4ee2e561195dfd82ab260497412e326bb57f2ee5bbe9042d8,491.0,1012.6,34.6,54.0
8863,1725097275848,abc0d16aaf15b3a4ee2e561195dfd82ab260497412e326bb57f2ee5bbe9042d8,474.0,1012.5,35.2,53.0
8864,1725097875809,abc0d16aaf15b3a4ee2e561195dfd82ab260497412e326bb57f2ee5bbe9042d8,464.0,1012.5,35.3,53.0
8865,1725098475795,abc0d16aaf15b3a4ee2e561195dfd82ab260497412e326bb57f2ee5bbe9042d8,501.0,1012.5,35.3,53.0
8866,1725099075776,abc0d16aaf15b3a4ee2e561195dfd82ab260497412e326bb57f2ee5bbe9042d8,485.0,1012.5,35.3,50.0
8867,1725099675729,abc0d16aaf15b3a4ee2e561195dfd82ab260497412e326bb57f2ee5bbe9042d8,477.0,1012.3,35.3,50.0
8868,1725100275721,abc0d16aaf15b3a4ee2e561195dfd82ab260497412e326bb57f2ee5bbe9042d8,471.0,1012.3,35.7,49.0
8869,1725100875702,abc0d16aaf15b3a4ee2e561195dfd82ab260497412e326bb57f2ee5bbe9042d8,459.0,1012.1,35.7,49.0
8870,1725101475658,abc0d16aaf15b3a4ee2e561195dfd82ab260497412e326bb57f2ee5bbe9042d8,479.0,1012.0,36.5,49.0
8871,1725102075638,abc0d16aaf15b3a4ee2e561195dfd82ab260497412e326bb57f2ee5bbe9042d8,496.0,1011.9,36.8,48.0
8872,1725102675631,abc0d16aaf15b3a4ee2e561195dfd82ab260497412e326bb57f2ee5bbe9042d8,486.0,1011.7,36.4,46.0
8873,1725103275572,abc0d16aaf15b3a4ee2e561195dfd82ab260497412e326bb57f2ee5bbe9042d8,482.0,1011.7,36.7,46.0
8874,1725103875577,abc0d16aaf15b3a4ee2e561195dfd82ab260497412e326bb57f2ee5bbe9042d8,460.0,1011.7,37.2,44.0
8875,1725104475553,abc0d16aaf15b3a4ee2e561195dfd82ab260497412e326bb57f2ee5bbe9042d8,466.0,1011.6,36.9,44.0
8876,1725105075516,abc0d16aaf15b3a4ee2e561195dfd82ab260497412e326bb57f2ee5bbe9042d8,495.0,1011.6,37.4,44.0
8877,1725105675508,abc0d16aaf15b3a4ee2e561195dfd82ab260497412e326bb57f2ee5bbe9042d8,451.0,1011.6,38.0,41.0
8878,1725106275496,abc0d16aaf15b3a4ee2e561195dfd82ab260497412e326bb57f2ee5bbe9042d8,478.0,1011.5,38.1,40.0
8879,1725106875442,abc0d16aaf15b3a4ee2e561195dfd82ab260497412e326bb57f2ee5bbe9042d8,453.0,1011.4,37.6,40.0
8880,1725107475418,abc0d16aaf15b3a4ee2e561195dfd82ab260497412e326bb57f2ee5bbe9042d8,450.0,1011.3,37.9,40.0
8881,1725108075410,abc0d16aaf15b3a4ee2e561195dfd82ab260497412e326bb57f2ee5bbe9042d8,439.0,1011.1,38.2,40.0
8882,1725108675384,abc0d16aaf15b3a4ee2e561195dfd82ab260497412e326bb57f2ee5bbe9042d8,462.0,1011.0,38.4,40.0
8883,1725109275373,abc0d16aaf15b3a4ee2e561195dfd82ab260497412e326bb57f2ee5bbe9042d8,449.0,1010.8,38.7,38.0
8884,1725109875350,abc0d16aaf15b3a4ee2e561195dfd82ab260497412e326bb57f2ee5bbe9042d8,435.0,1010.7,38.6,36.0
8885,1725110475300,abc0d16aaf15b3a4ee2e561195dfd82ab260497412e326bb57f2ee5bbe9042d8,448.0,1010.5,38.9,36.0
8886,1725111075300,abc0d16aaf15b3a4ee2e561195dfd82ab260497412e326bb57f2ee5bbe9042d8,461.0,1010.6,39.4,36.0
8887,1725111675282,abc0d16aaf15b3a4ee2e561195dfd82ab260497412e326bb57f2ee5bbe9042d8,467.0,1010.4,40.3,36.0
8888,1725112275252,abc0d16aaf15b3a4ee2e561195dfd82ab260497412e326bb57f2ee5bbe9042d8,452.0,1010.3,39.9,36.0
8889,1725112875303,abc0d16aaf15b3a4ee2e561195dfd82ab260497412e326bb57f2ee5bbe9042d8,427.0,1010.1,39.4,33.0
8890,1725113475200,abc0d16aaf15b3a4ee2e561195dfd82ab260497412e326bb57f2ee5bbe9042d8,444.0,1010.1,39.0,33.0
8891,1725114075182,abc0d16aaf15b3a4ee2e561195dfd82ab260497412e326bb57f2ee5bbe9042d8,441.0,1010.1,38.9,33.0
8892,1725114675174,abc0d16aaf15b3a4ee2e561195dfd82ab260497412e326bb57f2ee5bbe9042d8,454.0,1010.0,39.3,31.0
8893,1725115275160,abc0d16aaf15b3a4ee2e561195dfd82ab260497412e326bb57f2ee5bbe9042d8,440.0,1009.9,39.5,31.0
8894,1725115875124,abc0d16aaf15b3a4ee2e561195dfd82ab260497412e326bb57f2ee5bbe9042d8,430.0,1009.9,39.8,31.0
8895,1725116475110,abc0d16aaf15b3a4ee2e561195dfd82ab260497412e326bb57f2ee5bbe9042d8,443.0,1009.8,39.8,32.0
8896,1725117075107,abc0d16aaf15b3a4ee2e561195dfd82ab260497412e326bb57f2ee5bbe9042d8,463.0,1009.6,38.8,32.0
8897,1725117675034,abc0d16aaf15b3a4ee2e561195dfd82ab260497412e326bb57f2ee5bbe9042d8,451.0,1009.5,39.4,32.0
8898,1725118275016,abc0d16aaf15b3a4ee2e561195dfd82ab260497412e326bb57f2ee5bbe9042d8,429.0,1009.4,39.0,32.0
8899,1725118875030,abc0d16aaf15b3a4ee2e561195dfd82ab260497412e326bb57f2ee5bbe9042d8,421.0,1009.5,38.1,35.0
8900,1725119474984,abc0d16aaf15b3a4ee2e561195dfd82ab260497412e326bb57f2ee5bbe9042d8,436.0,1009.5,36.4,35.0
8901,1725120074966,abc0d16aaf15b3a4ee2e561195dfd82ab260497412e326bb57f2ee5bbe9042d8,438.0,1009.5,35.3,37.0
8902,1725120674956,abc0d16aaf15b3a4ee2e561195dfd82ab260497412e326bb57f2ee5bbe9042d8,410.0,1009.5,35.1,37.0
8903,1725121274954,abc0d16aaf15b3a4ee2e561195dfd82ab260497412e326bb57f2ee5bbe9042d8,450.0,1009.4,35.7,37.0
8904,1725121874882,abc0d16aaf15b3a4ee2e561195dfd82ab260497412e326bb57f2ee5bbe9042d8,444.0,1009.4,36.2,38.0
8905,1725122474908,abc0d16aaf15b3a4ee2e561195dfd82ab260497412e326bb57f2ee5bbe9042d8,439.0,1009.4,35.1,40.0
8906,1725123074830,abc0d16aaf15b3a4ee2e561195dfd82ab260497412e326bb57f2ee5bbe9042d8,452.0,1009.4,34.4,40.0
8907,1725123676517,abc0d16aaf15b3a4ee2e561195dfd82ab260497412e326bb57f2ee5bbe9042d8,443.0,1009.4,34.0,41.0
8908,1725124274796,abc0d16aaf15b3a4ee2e561195dfd82ab260497412e326bb57f2ee5bbe9042d8,457.0,1009.5,33.0,43.0
8909,1725124874742,abc0d16aaf15b3a4ee2e561195dfd82ab260497412e326bb57f2ee5bbe9042d8,457.0,1009.5,32.1,43.0
8910,1725125474710,abc0d16aaf15b3a4ee2e561195dfd82ab260497412e326bb57f2ee5bbe9042d8,469.0,1009.6,31.1,45.0
8911,1725126074706,abc0d16aaf15b3a4ee2e561195dfd82ab260497412e326bb57f2ee5bbe9042d8,463.0,1009.6,30.3,47.0
8912,1725126674674,abc0d16aaf15b3a4ee2e561195dfd82ab260497412e326bb57f2ee5bbe9042d8,468.0,1009.7,29.5,47.0
8913,1725127274648,abc0d16aaf15b3a4ee2e561195dfd82ab260497412e326bb57f2ee5bbe9042d8,502.0,1009.7,28.8,49.0
8914,1725127874623,abc0d16aaf15b3a4ee2e561195dfd82ab260497412e326bb57f2ee5bbe9042d8,569.0,1009.9,28.0,51.0
8915,1725128474564,abc0d16aaf15b3a4ee2e561195dfd82ab260497412e326bb57f2ee5bbe9042d8,544.0,1010.0,27.4,51.0
8916,1725129074562,abc0d16aaf15b3a4ee2e561195dfd82ab260497412e326bb57f2ee5bbe9042d8,623.0,1010.1,26.6,54.0
8917,1725129674542,abc0d16aaf15b3a4ee2e561195dfd82ab260497412e326bb57f2ee5bbe9042d8,595.0,1010.3,26.0,56.0
8918,1725130274490,abc0d16aaf15b3a4ee2e561195dfd82ab260497412e326bb57f2ee5bbe9042d8,621.0,1010.4,25.4,56.0
8919,1725130876177,abc0d16aaf15b3a4ee2e561195dfd82ab260497412e326bb57f2ee5bbe9042d8,594.0,1010.5,25.0,59.0
8920,1725131474452,abc0d16aaf15b3a4ee2e561195dfd82ab260497412e326bb57f2ee5bbe9042d8,585.0,1010.6,24.6,61.0
8921,1725132074382,abc0d16aaf15b3a4ee2e561195dfd82ab260497412e326bb57f2ee5bbe9042d8,535.0,1010.7,24.5,61.0
8922,1725132674382,abc0d16aaf15b3a4ee2e561195dfd82ab260497412e326bb57f2ee5bbe9042d8,536.0,1010.8,24.8,64.0
8923,1725133274367,abc0d16aaf15b3a4ee2e561195dfd82ab260497412e326bb57f2ee5bbe9042d8,539.0,1010.9,24.5,63.0
8924,1725133874319,abc0d16aaf15b3a4ee2e561195dfd82ab260497412e326bb57f2ee5bbe9042d8,535.0,1011.0,24.4,63.0
8925,1725134474305,abc0d16aaf15b3a4ee2e561195dfd82ab260497412e326bb57f2ee5bbe9042d8,532.0,1011.0,24.3,64.0
8926,1725135074283,abc0d16aaf15b3a4ee2e561195dfd82ab260497412e326bb57f2ee5bbe9042d8,511.0,1011.0,24.4,65.0
8927,1725135674210,abc0d16aaf15b3a4ee2e561195dfd82ab260497412e326bb57f2ee5bbe9042d8,496.0,1011.0,24.6,65.0
8928,1725136274187,abc0d16aaf15b3a4ee2e561195dfd82ab260497412e326bb57f2ee5bbe9042d8,510.0,1011.1,24.4,67.0
8929,1725136874185,abc0d16aaf15b3a4ee2e561195dfd82ab260497412e326bb57f2ee5bbe9042d8,499.0,1011.1,24.2,66.0
8930,1725137474167,abc0d16aaf15b3a4ee2e561195dfd82ab260497412e326bb57f2ee5bbe9042d8,515.0,1011.2,24.1,66.0
8931,1725138074128,abc0d16aaf15b3a4ee2e561195dfd82ab260497412e326bb57f2ee5bbe9042d8,497.0,1011.2,23.9,65.0
8932,1725138674101,abc0d16aaf15b3a4ee2e561195dfd82ab260497412e326bb57f2ee5bbe9042d8,492.0,1011.3,24.1,66.0
8933,1725139274040,abc0d16aaf15b3a4ee2e561195dfd82ab260497412e326bb57f2ee5bbe9042d8,510.0,1011.4,23.7,66.0
8934,1725139874049,abc0d16aaf15b3a4ee2e561195dfd82ab260497412e326bb57f2ee5bbe9042d8,499.0,1011.4,23.6,66.0
8935,1725140474042,abc0d16aaf15b3a4ee2e561195dfd82ab260497412e326bb57f2ee5bbe9042d8,506.0,1011.4,23.7,66.0
8936,1725141073972,abc0d16aaf15b3a4ee2e561195dfd82ab260497412e326bb57f2ee5bbe9042d8,491.0,1011.5,23.8,66.0
8937,1725141673936,abc0d16aaf15b3a4ee2e561195dfd82ab260497412e326bb57f2ee5bbe9042d8,489.0,1011.4,24.0,66.0
8938,1725142273920,abc0d16aaf15b3a4ee2e561195dfd82ab260497412e326bb57f2ee5bbe9042d8,481.0,1011.4,23.9,65.0
8939,1725142873879,abc0d16aaf15b3a4ee2e561195dfd82ab260497412e326bb57f2ee5bbe9042d8,488.0,1011.5,23.9,65.0
8940,1725143473869,abc0d16aaf15b3a4ee2e561195dfd82ab260497412e326bb57f2ee5bbe9042d8,470.0,1011.6,23.7,66.0
8941,1725144073849,abc0d16aaf15b3a4ee2e561195dfd82ab260497412e326bb57f2ee5bbe9042d8,471.0,1011.6,23.7,66.0
8942,1725144673835,abc0d16aaf15b3a4ee2e561195dfd82ab260497412e326bb57f2ee5bbe9042d8,485.0,1011.5,23.5,66.0
8943,1725145273787,abc0d16aaf15b3a4ee2e561195dfd82ab260497412e326bb57f2ee5bbe9042d8,485.0,1011.5,23.3,67.0
8944,1725145873758,abc0d16aaf15b3a4ee2e561195dfd82ab260497412e326bb57f2ee5bbe9042d8,506.0,1011.5,23.0,68.0
8945,1725146473701,abc0d16aaf15b3a4ee2e561195dfd82ab260497412e326bb57f2ee5bbe9042d8,519.0,1011.5,22.9,68.0
8946,1725147073689,abc0d16aaf15b3a4ee2e561195dfd82ab260497412e326bb57f2ee5bbe9042d8,499.0,1011.5,22.6,68.0
8947,1725147673680,abc0d16aaf15b3a4ee2e561195dfd82ab260497412e326bb57f2ee5bbe9042d8,507.0,1011.5,22.5,70.0
8948,1725148273619,abc0d16aaf15b3a4ee2e561195dfd82ab260497412e326bb57f2ee5bbe9042d8,530.0,1011.5,22.3,70.0
8949,1725148873609,abc0d16aaf15b3a4ee2e561195dfd82ab260497412e326bb57f2ee5bbe9042d8,542.0,1011.4,22.0,70.0
8950,1725149473575,abc0d16aaf15b3a4ee2e561195dfd82ab260497412e326bb57f2ee5bbe9042d8,518.0,1011.3,21.8,71.0
8951,1725150073523,abc0d16aaf15b3a4ee2e561195dfd82ab260497412e326bb57f2ee5bbe9042d8,523.0,1011.3,21.8,71.0
8952,1725150673509,abc0d16aaf15b3a4ee2e561195dfd82ab260497412e326bb57f2ee5bbe9042d8,520.0,1011.3,21.7,72.0
8953,1725151273521,abc0d16aaf15b3a4ee2e561195dfd82ab260497412e326bb57f2ee5bbe9042d8,513.0,1011.2,21.8,73.0
8954,1725151873447,abc0d16aaf15b3a4ee2e561195dfd82ab260497412e326bb57f2ee5bbe9042d8,564.0,1011.3,21.7,73.0
8955,1725152473429,abc0d16aaf15b3a4ee2e561195dfd82ab260497412e326bb57f2ee5bbe9042d8,512.0,1011.3,21.3,73.0
8956,1725153073411,abc0d16aaf15b3a4ee2e561195dfd82ab260497412e326bb57f2ee5bbe9042d8,514.0,1011.3,21.3,73.0
8957,1725153673355,abc0d16aaf15b3a4ee2e561195dfd82ab260497412e326bb57f2ee5bbe9042d8,517.0,1011.2,21.1,73.0
8958,1725154273345,abc0d16aaf15b3a4ee2e561195dfd82ab260497412e326bb57f2ee5bbe9042d8,500.0,1011.3,21.1,74.0
8959,1725154873322,abc0d16aaf15b3a4ee2e561195dfd82ab260497412e326bb57f2ee5bbe9042d8,498.0,1011.4,21.3,75.0
8960,1725155473271,abc0d16aaf15b3a4ee2e561195dfd82ab260497412e326bb57f2ee5bbe9042d8,520.0,1011.4,21.3,75.0
8961,1725156073249,abc0d16aaf15b3a4ee2e561195dfd82ab260497412e326bb57f2ee5bbe9042d8,508.0,1011.3,21.4,75.0
8962,1725156673237,abc0d16aaf15b3a4ee2e561195dfd82ab260497412e326bb57f2ee5bbe9042d8,513.0,1011.3,21.4,76.0
8963,1725157273173,abc0d16aaf15b3a4ee2e561195dfd82ab260497412e326bb57f2ee5bbe9042d8,516.0,1011.3,21.2,76.0
8964,1725157873169,abc0d16aaf15b3a4ee2e561195dfd82ab260497412e326bb57f2ee5bbe9042d8,508.0,1011.3,20.9,76.0
8965,1725158473169,abc0d16aaf15b3a4ee2e561195dfd82ab260497412e326bb57f2ee5bbe9042d8,507.0,1011.3,20.6,77.0
8966,1725159073111,abc0d16aaf15b3a4ee2e561195dfd82ab260497412e326bb57f2ee5bbe9042d8,501.0,1011.2,20.6,77.0
8967,1725159673070,abc0d16aaf15b3a4ee2e561195dfd82ab260497412e326bb57f2ee5bbe9042d8,520.0,1011.2,20.5,78.0
8968,1725160273055,abc0d16aaf15b3a4ee2e561195dfd82ab260497412e326bb57f2ee5bbe9042d8,521.0,1011.2,20.4,79.0
8969,1725160873011,abc0d16aaf15b3a4ee2e561195dfd82ab260497412e326bb57f2ee5bbe9042d8,508.0,1011.2,20.4,79.0
8970,1725161472995,abc0d16aaf15b3a4ee2e561195dfd82ab260497412e326bb57f2ee5bbe9042d8,513.0,1011.1,20.3,80.0
8971,1725162072967,abc0d16aaf15b3a4ee2e561195dfd82ab260497412e326bb57f2ee5bbe9042d8,518.0,1011.1,20.2,80.0
8972,1725162672927,abc0d16aaf15b3a4ee2e561195dfd82ab260497412e326bb57f2ee5bbe9042d8,510.0,1011.2,20.1,80.0
8973,1725163272907,abc0d16aaf15b3a4ee2e561195dfd82ab260497412e326bb57f2ee5bbe9042d8,505.0,1011.0,20.1,80.0
8974,1725163872889,abc0d16aaf15b3a4ee2e561195dfd82ab260497412e326bb57f2ee5bbe9042d8,533.0,1011.0,19.9,81.0
8975,1725164472837,abc0d16aaf15b3a4ee2e561195dfd82ab260497412e326bb57f2ee5bbe9042d8,504.0,1011.1,19.9,81.0
8976,1725165072855,abc0d16aaf15b3a4ee2e561195dfd82ab260497412e326bb57f2ee5bbe9042d8,507.0,1011.1,20.2,81.0
8977,1725165672792,abc0d16aaf15b3a4ee2e561195dfd82ab260497412e326bb57f2ee5bbe9042d8,515.0,1011.1,20.3,81.0
8978,1725166272767,abc0d16aaf15b3a4ee2e561195dfd82ab260497412e326bb57f2ee5bbe9042d8,515.0,1011.2,20.1,81.0
8979,1725166872747,abc0d16aaf15b3a4ee2e561195dfd82ab260497412e326bb57f2ee5bbe9042d8,508.0,1011.2,20.3,83.0
8980,1725167472712,abc0d16aaf15b3a4ee2e561195dfd82ab260497412e326bb57f2ee5bbe9042d8,506.0,1011.3,20.3,83.0
8981,1725168072657,abc0d16aaf15b3a4ee2e561195dfd82ab260497412e326bb57f2ee5bbe9042d8,523.0,1011.4,20.3,83.0
8982,1725168672651,abc0d16aaf15b3a4ee2e561195dfd82ab260497412e326bb57f2ee5bbe9042d8,512.0,1011.4,20.6,83.0
8983,1725169272633,abc0d16aaf15b3a4ee2e561195dfd82ab260497412e326bb57f2ee5bbe9042d8,511.0,1011.4,20.8,83.0
8984,1725169872581,abc0d16aaf15b3a4ee2e561195dfd82ab260497412e326bb57f2ee5bbe9042d8,524.0,1011.3,21.4,83.0
8985,1725170472595,abc0d16aaf15b3a4ee2e561195dfd82ab260497412e326bb57f2ee5bbe9042d8,518.0,1011.4,21.6,83.0
8986,1725171072529,abc0d16aaf15b3a4ee2e561195dfd82ab260497412e326bb57f2ee5bbe9042d8,508.0,1011.4,22.7,82.0
8987,1725171672485,abc0d16aaf15b3a4ee2e561195dfd82ab260497412e326bb57f2ee5bbe9042d8,508.0,1011.4,23.3,82.0
8988,1725172272478,abc0d16aaf15b3a4ee2e561195dfd82ab260497412e326bb57f2ee5bbe9042d8,485.0,1011.4,24.8,80.0
8989,1725172872467,abc0d16aaf15b3a4ee2e561195dfd82ab260497412e326bb57f2ee5bbe9042d8,512.0,1011.3,26.0,77.0
8990,1725173472383,abc0d16aaf15b3a4ee2e561195dfd82ab260497412e326bb57f2ee5bbe9042d8,500.0,1011.3,27.4,77.0
8991,1725174072400,abc0d16aaf15b3a4ee2e561195dfd82ab260497412e326bb57f2ee5bbe9042d8,499.0,1011.2,28.3,73.0
8992,1725174672325,abc0d16aaf15b3a4ee2e561195dfd82ab260497412e326bb57f2ee5bbe9042d8,479.0,1011.2,29.0,71.0
8993,1725175272323,abc0d16aaf15b3a4ee2e561195dfd82ab260497412e326bb57f2ee5bbe9042d8,506.0,1011.0,30.0,71.0
8994,1725175872318,abc0d16aaf15b3a4ee2e561195dfd82ab260497412e326bb57f2ee5bbe9042d8,484.0,1011.0,30.4,69.0
8995,1725176472287,abc0d16aaf15b3a4ee2e561195dfd82ab260497412e326bb57f2ee5bbe9042d8,471.0,1011.1,30.7,68.0
8996,1725177072241,abc0d16aaf15b3a4ee2e561195dfd82ab260497412e326bb57f2ee5bbe9042d8,502.0,1011.0,31.6,68.0
8997,1725177672246,abc0d16aaf15b3a4ee2e561195dfd82ab260497412e326bb57f2ee5bbe9042d8,494.0,1011.0,31.8,66.0
8998,1725178272194,abc0d16aaf15b3a4ee2e561195dfd82ab260497412e326bb57f2ee5bbe9042d8,487.0,1011.0,32.2,64.0
8999,1725178872136,abc0d16aaf15b3a4ee2e561195dfd82ab260497412e326bb57f2ee5bbe9042d8,485.0,1010.9,32.6,64.0
9000,1725179472150,abc0d16aaf15b3a4ee2e561195dfd82ab260497412e326bb57f2ee5bbe9042d8,479.0,1010.9,33.1,62.0
9001,1725180072116,abc0d16aaf15b3a4ee2e561195dfd82ab260497412e326bb57f2ee5bbe9042d8,479.0,1010.9,33.6,60.0
9002,1725180672079,abc0d16aaf15b3a4ee2e561195dfd82ab260497412e326bb57f2ee5bbe9042d8,495.0,1010.8,33.8,60.0
9003,1725181272058,abc0d16aaf15b3a4ee2e561195dfd82ab260497412e326bb57f2ee5bbe9042d8,490.0,1010.7,34.1,58.0
9004,1725181872022,abc0d16aaf15b3a4ee2e561195dfd82ab260497412e326bb57f2ee5bbe9042d8,493.0,1010.6,34.9,55.0
9005,1725182471982,abc0d16aaf15b3a4ee2e561195dfd82ab260497412e326bb57f2ee5bbe9042d8,481.0,1010.6,35.4,55.0
9006,1725183071974,abc0d16aaf15b3a4ee2e561195dfd82ab260497412e326bb57f2ee5bbe9042d8,468.0,1010.4,35.5,49.0
9007,1725183671958,abc0d16aaf15b3a4ee2e561195dfd82ab260497412e326bb57f2ee5bbe9042d8,482.0,1010.3,35.7,44.0
9008,1725184271892,abc0d16aaf15b3a4ee2e561195dfd82ab260497412e326bb57f2ee5bbe9042d8,467.0,1010.2,36.2,44.0
9009,1725184871914,abc0d16aaf15b3a4ee2e561195dfd82ab260497412e326bb57f2ee5bbe9042d8,477.0,1010.1,36.4,44.0
9010,1725185471886,abc0d16aaf15b3a4ee2e561195dfd82ab260497412e326bb57f2ee5bbe9042d8,465.0,1009.8,36.5,39.0
9011,1725186071835,abc0d16aaf15b3a4ee2e561195dfd82ab260497412e326bb57f2ee5bbe9042d8,453.0,1009.8,35.1,39.0
9012,1725186671837,abc0d16aaf15b3a4ee2e561195dfd82ab260497412e326bb57f2ee5bbe9042d8,462.0,1009.6,35.3,38.0
9013,1725187271808,abc0d16aaf15b3a4ee2e561195dfd82ab260497412e326bb57f2ee5bbe9042d8,455.0,1009.5,36.3,38.0
9014,1725187871778,abc0d16aaf15b3a4ee2e561195dfd82ab260497412e326bb57f2ee5bbe9042d8,440.0,1009.4,37.0,38.0
9015,1725188471782,abc0d16aaf15b3a4ee2e561195dfd82ab260497412e326bb57f2ee5bbe9042d8,447.0,1009.2,37.0,37.0
9016,1725189071738,abc0d16aaf15b3a4ee2e561195dfd82ab260497412e326bb57f2ee5bbe9042d8,450.0,1009.1,37.1,34.0
9017,1725189671738,abc0d16aaf15b3a4ee2e561195dfd82ab260497412e326bb57f2ee5bbe9042d8,457.0,1008.9,36.7,34.0
9018,1725190271698,abc0d16aaf15b3a4ee2e561195dfd82ab260497412e326bb57f2ee5bbe9042d8,447.0,1008.8,37.1,36.0
9019,1725190871676,abc0d16aaf15b3a4ee2e561195dfd82ab260497412e326bb57f2ee5bbe9042d8,462.0,1008.7,36.8,36.0
9020,1725191471640,abc0d16aaf15b3a4ee2e561195dfd82ab260497412e326bb57f2ee5bbe9042d8,432.0,1008.6,37.0,36.0
9021,1725192071622,abc0d16aaf15b3a4ee2e561195dfd82ab260497412e326bb57f2ee5bbe9042d8,474.0,1008.4,37.2,35.0
9022,1725192671628,abc0d16aaf15b3a4ee2e561195dfd82ab260497412e326bb57f2ee5bbe9042d8,465.0,1008.4,37.4,33.0
9023,1725193271554,abc0d16aaf15b3a4ee2e561195dfd82ab260497412e326bb57f2ee5bbe9042d8,458.0,1008.1,37.6,33.0
9024,1725193871556,abc0d16aaf15b3a4ee2e561195dfd82ab260497412e326bb57f2ee5bbe9042d8,444.0,1008.0,37.6,32.0
9025,1725194471540,abc0d16aaf15b3a4ee2e561195dfd82ab260497412e326bb57f2ee5bbe9042d8,464.0,1007.7,38.5,31.0
9026,1725195071502,abc0d16aaf15b3a4ee2e561195dfd82ab260497412e326bb57f2ee5bbe9042d8,446.0,1007.5,38.9,31.0
9027,1725195671488,abc0d16aaf15b3a4ee2e561195dfd82ab260497412e326bb57f2ee5bbe9042d8,420.0,1007.4,38.9,29.0
9028,1725196271478,abc0d16aaf15b3a4ee2e561195dfd82ab260497412e326bb57f2ee5bbe9042d8,451.0,1007.3,38.7,29.0
9029,1725196871468,abc0d16aaf15b3a4ee2e561195dfd82ab260497412e326bb57f2ee5bbe9042d8,419.0,1007.1,38.6,29.0
9030,1725197471410,abc0d16aaf15b3a4ee2e561195dfd82ab260497412e326bb57f2ee5bbe9042d8,424.0,1007.1,38.8,29.0
9031,1725198071402,abc0d16aaf15b3a4ee2e561195dfd82ab260497412e326bb57f2ee5bbe9042d8,435.0,1006.9,38.6,29.0
9032,1725198671359,abc0d16aaf15b3a4ee2e561195dfd82ab260497412e326bb57f2ee5bbe9042d8,438.0,1006.9,39.2,29.0
9033,1725199271356,abc0d16aaf15b3a4ee2e561195dfd82ab260497412e326bb57f2ee5bbe9042d8,427.0,1006.8,38.9,30.0
9034,1725199871348,abc0d16aaf15b3a4ee2e561195dfd82ab260497412e326bb57f2ee5bbe9042d8,439.0,1006.7,38.9,29.0
9035,1725200471280,abc0d16aaf15b3a4ee2e561195dfd82ab260497412e326bb57f2ee5bbe9042d8,417.0,1006.6,38.7,29.0
9036,1725201071278,abc0d16aaf15b3a4ee2e561195dfd82ab260497412e326bb57f2ee5bbe9042d8,417.0,1006.5,38.5,29.0
9037,1725201671268,abc0d16aaf15b3a4ee2e561195dfd82ab260497412e326bb57f2ee5bbe9042d8,458.0,1006.4,37.8,28.0
9038,1725202271228,abc0d16aaf15b3a4ee2e561195dfd82ab260497412e326bb57f2ee5bbe9042d8,444.0,1006.2,38.2,28.0
9039,1725202871220,abc0d16aaf15b3a4ee2e561195dfd82ab260497412e326bb57f2ee5bbe9042d8,414.0,1006.2,37.6,28.0
9040,1725203471209,abc0d16aaf15b3a4ee2e561195dfd82ab260497412e326bb57f2ee5bbe9042d8,430.0,1006.1,37.9,29.0
9041,1725204071155,abc0d16aaf15b3a4ee2e561195dfd82ab260497412e326bb57f2ee5bbe9042d8,422.0,1006.0,38.5,29.0
9042,1725204672847,abc0d16aaf15b3a4ee2e561195dfd82ab260497412e326bb57f2ee5bbe9042d8,429.0,1006.0,38.6,28.0
9043,1725205271116,abc0d16aaf15b3a4ee2e561195dfd82ab260497412e326bb57f2ee5bbe9042d8,440.0,1005.8,38.5,28.0
9044,1725205871100,abc0d16aaf15b3a4ee2e561195dfd82ab260497412e326bb57f2ee5bbe9042d8,433.0,1005.7,38.2,28.0
9045,1725206471079,abc0d16aaf15b3a4ee2e561195dfd82ab260497412e326bb57f2ee5bbe9042d8,427.0,1005.7,38.2,29.0
9046,1725207071063,abc0d16aaf15b3a4ee2e561195dfd82ab260497412e326bb57f2ee5bbe9042d8,431.0,1005.7,37.8,29.0
9047,1725207671014,abc0d16aaf15b3a4ee2e561195dfd82ab260497412e326bb57f2ee5bbe9042d8,446.0,1005.7,37.4,29.0
9048,1725208271001,abc0d16aaf15b3a4ee2e561195dfd82ab260497412e326bb57f2ee5bbe9042d8,436.0,1005.6,37.0,30.0
9049,1725208870985,abc0d16aaf15b3a4ee2e561195dfd82ab260497412e326bb57f2ee5bbe9042d8,415.0,1005.4,36.7,31.0
9050,1725209470947,abc0d16aaf15b3a4ee2e561195dfd82ab260497412e326bb57f2ee5bbe9042d8,425.0,1005.5,36.2,31.0
9051,1725210670886,abc0d16aaf15b3a4ee2e561195dfd82ab260497412e326bb57f2ee5bbe9042d8,417.0,1005.4,34.4,32.0
9052,1725211270854,abc0d16aaf15b3a4ee2e561195dfd82ab260497412e326bb57f2ee5bbe9042d8,419.0,1005.5,33.8,32.0
9053,1725211870834,abc0d16aaf15b3a4ee2e561195dfd82ab260497412e326bb57f2ee5bbe9042d8,426.0,1005.6,32.5,34.0
9054,1725212470820,abc0d16aaf15b3a4ee2e561195dfd82ab260497412e326bb57f2ee5bbe9042d8,454.0,1005.7,31.0,36.0
9055,1725213070786,abc0d16aaf15b3a4ee2e561195dfd82ab260497412e326bb57f2ee5bbe9042d8,487.0,1005.8,29.6,36.0
9056,1725213670766,abc0d16aaf15b3a4ee2e561195dfd82ab260497412e326bb57f2ee5bbe9042d8,558.0,1006.0,28.0,40.0
9057,1725214270741,abc0d16aaf15b3a4ee2e561195dfd82ab260497412e326bb57f2ee5bbe9042d8,525.0,1006.0,26.8,40.0
9058,1725214870680,abc0d16aaf15b3a4ee2e561195dfd82ab260497412e326bb57f2ee5bbe9042d8,554.0,1006.2,25.8,40.0
9059,1725215470676,abc0d16aaf15b3a4ee2e561195dfd82ab260497412e326bb57f2ee5bbe9042d8,520.0,1006.2,25.1,44.0
9060,1725216070638,abc0d16aaf15b3a4ee2e561195dfd82ab260497412e326bb57f2ee5bbe9042d8,534.0,1006.3,24.6,47.0
9061,1725216670608,abc0d16aaf15b3a4ee2e561195dfd82ab260497412e326bb57f2ee5bbe9042d8,564.0,1006.5,23.9,47.0
9062,1725217870564,abc0d16aaf15b3a4ee2e561195dfd82ab260497412e326bb57f2ee5bbe9042d8,565.0,1006.7,23.1,50.0
9063,1725218470500,abc0d16aaf15b3a4ee2e561195dfd82ab260497412e326bb57f2ee5bbe9042d8,517.0,1006.9,23.1,50.0
9064,1725219070517,abc0d16aaf15b3a4ee2e561195dfd82ab260497412e326bb57f2ee5bbe9042d8,524.0,1006.8,23.1,53.0
9065,1725219670466,abc0d16aaf15b3a4ee2e561195dfd82ab260497412e326bb57f2ee5bbe9042d8,559.0,1006.8,23.0,57.0
9066,1725220270439,abc0d16aaf15b3a4ee2e561195dfd82ab260497412e326bb57f2ee5bbe9042d8,544.0,1006.9,22.8,57.0
9067,1725220870414,abc0d16aaf15b3a4ee2e561195dfd82ab260497412e326bb57f2ee5bbe9042d8,520.0,1007.0,22.7,60.0
9068,1725221470380,abc0d16aaf15b3a4ee2e561195dfd82ab260497412e326bb57f2ee5bbe9042d8,509.0,1007.2,22.6,60.0
9069,1725222070342,abc0d16aaf15b3a4ee2e561195dfd82ab260497412e326bb57f2ee5bbe9042d8,494.0,1007.3,22.8,60.0
9070,1725222670351,abc0d16aaf15b3a4ee2e561195dfd82ab260497412e326bb57f2ee5bbe9042d8,479.0,1007.5,22.6,61.0
9071,1725223272007,abc0d16aaf15b3a4ee2e561195dfd82ab260497412e326bb57f2ee5bbe9042d8,506.0,1007.5,22.3,60.0
9072,1725223870250,abc0d16aaf15b3a4ee2e561195dfd82ab260497412e326bb57f2ee5bbe9042d8,496.0,1007.6,22.1,60.0
9073,1725224470247,abc0d16aaf15b3a4ee2e561195dfd82ab260497412e326bb57f2ee5bbe9042d8,482.0,1007.6,22.5,62.0
9074,1725225070211,abc0d16aaf15b3a4ee2e561195dfd82ab260497412e326bb57f2ee5bbe9042d8,477.0,1007.6,22.9,61.0
9075,1725225670165,abc0d16aaf15b3a4ee2e561195dfd82ab260497412e326bb57f2ee5bbe9042d8,477.0,1007.5,23.2,61.0
9076,1725226270179,abc0d16aaf15b3a4ee2e561195dfd82ab260497412e326bb57f2ee5bbe9042d8,469.0,1007.4,23.1,60.0
9077,1725226870113,abc0d16aaf15b3a4ee2e561195dfd82ab260497412e326bb57f2ee5bbe9042d8,464.0,1007.3,23.4,60.0
9078,1725227470091,abc0d16aaf15b3a4ee2e561195dfd82ab260497412e326bb57f2ee5bbe9042d8,467.0,1007.2,23.3,60.0
9079,1725228070063,abc0d16aaf15b3a4ee2e561195dfd82ab260497412e326bb57f2ee5bbe9042d8,469.0,1007.3,23.2,60.0
9080,1725228670033,abc0d16aaf15b3a4ee2e561195dfd82ab260497412e326bb57f2ee5bbe9042d8,471.0,1007.5,23.3,60.0
9081,1725229269997,abc0d16aaf15b3a4ee2e561195dfd82ab260497412e326bb57f2ee5bbe9042d8,470.0,1007.6,23.1,60.0
9082,1725229870004,abc0d16aaf15b3a4ee2e561195dfd82ab260497412e326bb57f2ee5bbe9042d8,480.0,1007.6,22.8,61.0
9083,1725230469967,abc0d16aaf15b3a4ee2e561195dfd82ab260497412e326bb57f2ee5bbe9042d8,496.0,1007.6,22.4,63.0
9084,1725231069887,abc0d16aaf15b3a4ee2e561195dfd82ab260497412e326bb57f2ee5bbe9042d8,493.0,1007.6,22.2,63.0
9085,1725231671605,abc0d16aaf15b3a4ee2e561195dfd82ab260497412e326bb57f2ee5bbe9042d8,474.0,1007.7,22.2,64.0
9086,1725232269909,abc0d16aaf15b3a4ee2e561195dfd82ab260497412e326bb57f2ee5bbe9042d8,474.0,1007.8,22.2,64.0
9087,1725232869829,abc0d16aaf15b3a4ee2e561195dfd82ab260497412e326bb57f2ee5bbe9042d8,480.0,1007.8,22.3,64.0
9088,1725233469807,abc0d16aaf15b3a4ee2e561195dfd82ab260497412e326bb57f2ee5bbe9042d8,484.0,1007.7,22.3,65.0
9089,1725234069785,abc0d16aaf15b3a4ee2e561195dfd82ab260497412e326bb57f2ee5bbe9042d8,477.0,1007.6,22.5,65.0
9090,1725234669743,abc0d16aaf15b3a4ee2e561195dfd82ab260497412e326bb57f2ee5bbe9042d8,491.0,1007.5,22.1,65.0
9091,1725235269717,abc0d16aaf15b3a4ee2e561195dfd82ab260497412e326bb57f2ee5bbe9042d8,478.0,1007.6,22.0,65.0
9092,1725235869683,abc0d16aaf15b3a4ee2e561195dfd82ab260497412e326bb57f2ee5bbe9042d8,479.0,1007.5,21.9,66.0
9093,1725236469615,abc0d16aaf15b3a4ee2e561195dfd82ab260497412e326bb57f2ee5bbe9042d8,489.0,1007.6,21.8,66.0
9094,1725237069641,abc0d16aaf15b3a4ee2e561195dfd82ab260497412e326bb57f2ee5bbe9042d8,483.0,1007.5,21.8,66.0
9095,1725237669603,abc0d16aaf15b3a4ee2e561195dfd82ab260497412e326bb57f2ee5bbe9042d8,475.0,1007.5,21.7,66.0
9096,1725238269579,abc0d16aaf15b3a4ee2e561195dfd82ab260497412e326bb57f2ee5bbe9042d8,487.0,1007.4,21.6,66.0
9097,1725238869543,abc0d16aaf15b3a4ee2e561195dfd82ab260497412e326bb57f2ee5bbe9042d8,485.0,1007.4,21.6,67.0
9098,1725239469499,abc0d16aaf15b3a4ee2e561195dfd82ab260497412e326bb57f2ee5bbe9042d8,485.0,1007.6,21.3,67.0
9099,1725240069485,abc0d16aaf15b3a4ee2e561195dfd82ab260497412e326bb57f2ee5bbe9042d8,511.0,1007.6,21.3,67.0
9100,1725240669474,abc0d16aaf15b3a4ee2e561195dfd82ab260497412e326bb57f2ee5bbe9042d8,484.0,1007.5,21.4,67.0
9101,1725241269435,abc0d16aaf15b3a4ee2e561195dfd82ab260497412e326bb57f2ee5bbe9042d8,482.0,1007.5,21.1,68.0
9102,1725241869447,abc0d16aaf15b3a4ee2e561195dfd82ab260497412e326bb57f2ee5bbe9042d8,499.0,1007.5,20.9,68.0
9103,1725242469381,abc0d16aaf15b3a4ee2e561195dfd82ab260497412e326bb57f2ee5bbe9042d8,486.0,1007.5,20.9,67.0
9104,1725243069341,abc0d16aaf15b3a4ee2e561195dfd82ab260497412e326bb57f2ee5bbe9042d8,486.0,1007.4,20.6,70.0
9105,1725243669311,abc0d16aaf15b3a4ee2e561195dfd82ab260497412e326bb57f2ee5bbe9042d8,483.0,1007.3,20.8,70.0
9106,1725244269281,abc0d16aaf15b3a4ee2e561195dfd82ab260497412e326bb57f2ee5bbe9042d8,496.0,1007.2,20.7,70.0
9107,1725244869223,abc0d16aaf15b3a4ee2e561195dfd82ab260497412e326bb57f2ee5bbe9042d8,485.0,1007.2,20.6,70.0
9108,1725245469213,abc0d16aaf15b3a4ee2e561195dfd82ab260497412e326bb57f2ee5bbe9042d8,486.0,1007.2,20.5,70.0
9109,1725246069201,abc0d16aaf15b3a4ee2e561195dfd82ab260497412e326bb57f2ee5bbe9042d8,486.0,1007.2,20.4,70.0
9110,1725246669154,abc0d16aaf15b3a4ee2e561195dfd82ab260497412e326bb57f2ee5bbe9042d8,491.0,1007.2,20.3,71.0
9111,1725247269143,abc0d16aaf15b3a4ee2e561195dfd82ab260497412e326bb57f2ee5bbe9042d8,484.0,1007.2,20.5,71.0
9112,1725247869149,abc0d16aaf15b3a4ee2e561195dfd82ab260497412e326bb57f2ee5bbe9042d8,471.0,1007.3,20.6,71.0
9113,1725248469091,abc0d16aaf15b3a4ee2e561195dfd82ab260497412e326bb57f2ee5bbe9042d8,477.0,1007.2,20.7,71.0
9114,1725249069010,abc0d16aaf15b3a4ee2e561195dfd82ab260497412e326bb57f2ee5bbe9042d8,488.0,1007.3,20.5,71.0
9115,1725249669022,abc0d16aaf15b3a4ee2e561195dfd82ab260497412e326bb57f2ee5bbe9042d8,492.0,1007.2,20.5,72.0
9116,1725250268996,abc0d16aaf15b3a4ee2e561195dfd82ab260497412e326bb57f2ee5bbe9042d8,495.0,1007.4,20.4,73.0
9117,1725250868960,abc0d16aaf15b3a4ee2e561195dfd82ab260497412e326bb57f2ee5bbe9042d8,492.0,1007.4,20.3,73.0
9118,1725251468949,abc0d16aaf15b3a4ee2e561195dfd82ab260497412e326bb57f2ee5bbe9042d8,489.0,1007.5,20.1,73.0
9119,1725252068934,abc0d16aaf15b3a4ee2e561195dfd82ab260497412e326bb57f2ee5bbe9042d8,499.0,1007.6,19.8,73.0
9120,1725252668888,abc0d16aaf15b3a4ee2e561195dfd82ab260497412e326bb57f2ee5bbe9042d8,500.0,1007.7,19.8,73.0
9121,1725253268860,abc0d16aaf15b3a4ee2e561195dfd82ab260497412e326bb57f2ee5bbe9042d8,496.0,1007.7,19.8,73.0
9122,1725253868817,abc0d16aaf15b3a4ee2e561195dfd82ab260497412e326bb57f2ee5bbe9042d8,505.0,1007.7,20.2,73.0
9123,1725254468785,abc0d16aaf15b3a4ee2e561195dfd82ab260497412e326bb57f2ee5bbe9042d8,504.0,1007.9,20.5,73.0
9124,1725255068768,abc0d16aaf15b3a4ee2e561195dfd82ab260497412e326bb57f2ee5bbe9042d8,494.0,1008.1,21.4,73.0
9125,1725255668766,abc0d16aaf15b3a4ee2e561195dfd82ab260497412e326bb57f2ee5bbe9042d8,499.0,1008.0,22.7,70.0
9126,1725256268698,abc0d16aaf15b3a4ee2e561195dfd82ab260497412e326bb57f2ee5bbe9042d8,502.0,1007.9,24.1,70.0
9127,1725256868688,abc0d16aaf15b3a4ee2e561195dfd82ab260497412e326bb57f2ee5bbe9042d8,499.0,1007.9,24.9,67.0
9128,1725257468645,abc0d16aaf15b3a4ee2e561195dfd82ab260497412e326bb57f2ee5bbe9042d8,499.0,1007.9,25.9,66.0
9129,1725258068610,abc0d16aaf15b3a4ee2e561195dfd82ab260497412e326bb57f2ee5bbe9042d8,464.0,1007.8,26.8,66.0
9130,1725258670303,abc0d16aaf15b3a4ee2e561195dfd82ab260497412e326bb57f2ee5bbe9042d8,473.0,1007.8,27.7,65.0
9131,1725259268577,abc0d16aaf15b3a4ee2e561195dfd82ab260497412e326bb57f2ee5bbe9042d8,462.0,1007.9,27.9,64.0
9132,1725259868518,abc0d16aaf15b3a4ee2e561195dfd82ab260497412e326bb57f2ee5bbe9042d8,470.0,1008.3,28.6,64.0
9133,1725260468505,abc0d16aaf15b3a4ee2e561195dfd82ab260497412e326bb57f2ee5bbe9042d8,501.0,1008.3,29.1,62.0
9134,1725261068477,abc0d16aaf15b3a4ee2e561195dfd82ab260497412e326bb57f2ee5bbe9042d8,474.0,1008.3,29.2,61.0
9135,1725261668438,abc0d16aaf15b3a4ee2e561195dfd82ab260497412e326bb57f2ee5bbe9042d8,495.0,1008.4,29.6,61.0
9136,1725262268417,abc0d16aaf15b3a4ee2e561195dfd82ab260497412e326bb57f2ee5bbe9042d8,489.0,1008.5,28.9,60.0
9137,1725262868360,abc0d16aaf15b3a4ee2e561195dfd82ab260497412e326bb57f2ee5bbe9042d8,476.0,1008.6,29.0,58.0
9138,1725263468360,abc0d16aaf15b3a4ee2e561195dfd82ab260497412e326bb57f2ee5bbe9042d8,469.0,1008.8,29.0,58.0
9139,1725264068321,abc0d16aaf15b3a4ee2e561195dfd82ab260497412e326bb57f2ee5bbe9042d8,486.0,1009.0,29.5,60.0
9140,1725264668303,abc0d16aaf15b3a4ee2e561195dfd82ab260497412e326bb57f2ee5bbe9042d8,452.0,1009.2,29.2,57.0
9141,1725265268267,abc0d16aaf15b3a4ee2e561195dfd82ab260497412e326bb57f2ee5bbe9042d8,453.0,1009.2,28.5,57.0
9142,1725265868253,abc0d16aaf15b3a4ee2e561195dfd82ab260497412e326bb57f2ee5bbe9042d8,470.0,1009.3,28.7,59.0
9143,1725266468230,abc0d16aaf15b3a4ee2e561195dfd82ab260497412e326bb57f2ee5bbe9042d8,464.0,1009.2,29.1,59.0
9144,1725267668168,abc0d16aaf15b3a4ee2e561195dfd82ab260497412e326bb57f2ee5bbe9042d8,477.0,1009.3,30.0,58.0
9145,1725268268158,abc0d16aaf15b3a4ee2e561195dfd82ab260497412e326bb57f2ee5bbe9042d8,462.0,1009.2,28.7,59.0
9146,1725268868099,abc0d16aaf15b3a4ee2e561195dfd82ab260497412e326bb57f2ee5bbe9042d8,458.0,1009.2,29.7,59.0
9147,1725269468081,abc0d16aaf15b3a4ee2e561195dfd82ab260497412e326bb57f2ee5bbe9042d8,469.0,1009.3,29.6,59.0
9148,1725270068061,abc0d16aaf15b3a4ee2e561195dfd82ab260497412e326bb57f2ee5bbe9042d8,465.0,1009.4,29.0,61.0
9149,1725270668014,abc0d16aaf15b3a4ee2e561195dfd82ab260497412e326bb57f2ee5bbe9042d8,481.0,1009.4,29.6,61.0
9150,1725271269709,abc0d16aaf15b3a4ee2e561195dfd82ab260497412e326bb57f2ee5bbe9042d8,467.0,1009.4,29.6,61.0
9151,1725271867971,abc0d16aaf15b3a4ee2e561195dfd82ab260497412e326bb57f2ee5bbe9042d8,496.0,1009.3,30.0,61.0
9152,1725272467938,abc0d16aaf15b3a4ee2e561195dfd82ab260497412e326bb57f2ee5bbe9042d8,479.0,1009.2,29.4,61.0
9153,1725273067914,abc0d16aaf15b3a4ee2e561195dfd82ab260497412e326bb57f2ee5bbe9042d8,478.0,1009.0,29.8,62.0
9154,1725273667883,abc0d16aaf15b3a4ee2e561195dfd82ab260497412e326bb57f2ee5bbe9042d8,473.0,1008.8,30.5,60.0
9155,1725274267848,abc0d16aaf15b3a4ee2e561195dfd82ab260497412e326bb57f2ee5bbe9042d8,463.0,1008.8,30.0,60.0
9156,1725274867876,abc0d16aaf15b3a4ee2e561195dfd82ab260497412e326bb57f2ee5bbe9042d8,463.0,1008.9,29.2,60.0
9157,1725275467790,abc0d16aaf15b3a4ee2e561195dfd82ab260497412e326bb57f2ee5bbe9042d8,458.0,1009.1,29.4,59.0
9158,1725276067761,abc0d16aaf15b3a4ee2e561195dfd82ab260497412e326bb57f2ee5bbe9042d8,475.0,1009.1,30.1,59.0
9159,1725276667751,abc0d16aaf15b3a4ee2e561195dfd82ab260497412e326bb57f2ee5bbe9042d8,453.0,1009.0,29.7,60.0
9160,1725277267728,abc0d16aaf15b3a4ee2e561195dfd82ab260497412e326bb57f2ee5bbe9042d8,468.0,1009.0,30.3,59.0
9161,1725277867693,abc0d16aaf15b3a4ee2e561195dfd82ab260497412e326bb57f2ee5bbe9042d8,479.0,1008.9,31.0,59.0
9162,1725278467673,abc0d16aaf15b3a4ee2e561195dfd82ab260497412e326bb57f2ee5bbe9042d8,460.0,1008.7,31.2,57.0
9163,1725279067627,abc0d16aaf15b3a4ee2e561195dfd82ab260497412e326bb57f2ee5bbe9042d8,455.0,1008.5,31.5,55.0
9164,1725279667616,abc0d16aaf15b3a4ee2e561195dfd82ab260497412e326bb57f2ee5bbe9042d8,454.0,1008.4,32.0,55.0
9165,1725280267591,abc0d16aaf15b3a4ee2e561195dfd82ab260497412e326bb57f2ee5bbe9042d8,460.0,1008.3,30.9,54.0
9166,1725280867557,abc0d16aaf15b3a4ee2e561195dfd82ab260497412e326bb57f2ee5bbe9042d8,460.0,1008.3,30.0,54.0
9167,1725281467514,abc0d16aaf15b3a4ee2e561195dfd82ab260497412e326bb57f2ee5bbe9042d8,458.0,1008.3,29.9,54.0
9168,1725282067499,abc0d16aaf15b3a4ee2e561195dfd82ab260497412e326bb57f2ee5bbe9042d8,462.0,1008.0,30.3,53.0
9169,1725282667467,abc0d16aaf15b3a4ee2e561195dfd82ab260497412e326bb57f2ee5bbe9042d8,452.0,1007.9,30.6,54.0
9170,1725283267492,abc0d16aaf15b3a4ee2e561195dfd82ab260497412e326bb57f2ee5bbe9042d8,432.0,1007.8,30.6,54.0
9171,1725283867419,abc0d16aaf15b3a4ee2e561195dfd82ab260497412e326bb57f2ee5bbe9042d8,452.0,1007.8,30.1,51.0
9172,1725284467402,abc0d16aaf15b3a4ee2e561195dfd82ab260497412e326bb57f2ee5bbe9042d8,444.0,1007.7,30.1,55.0
9173,1725285067347,abc0d16aaf15b3a4ee2e561195dfd82ab260497412e326bb57f2ee5bbe9042d8,449.0,1007.6,29.7,55.0
9174,1725285667328,abc0d16aaf15b3a4ee2e561195dfd82ab260497412e326bb57f2ee5bbe9042d8,458.0,1007.6,29.4,57.0
9175,1725286267302,abc0d16aaf15b3a4ee2e561195dfd82ab260497412e326bb57f2ee5bbe9042d8,447.0,1007.5,29.6,53.0
9176,1725286867278,abc0d16aaf15b3a4ee2e561195dfd82ab260497412e326bb57f2ee5bbe9042d8,452.0,1007.3,30.0,53.0
9177,1725287468952,abc0d16aaf15b3a4ee2e561195dfd82ab260497412e326bb57f2ee5bbe9042d8,435.0,1007.3,30.5,52.0
9178,1725288067238,abc0d16aaf15b3a4ee2e561195dfd82ab260497412e326bb57f2ee5bbe9042d8,460.0,1007.3,29.7,54.0
9179,1725288667214,abc0d16aaf15b3a4ee2e561195dfd82ab260497412e326bb57f2ee5bbe9042d8,464.0,1007.3,29.4,54.0
9180,1725289267167,abc0d16aaf15b3a4ee2e561195dfd82ab260497412e326bb57f2ee5bbe9042d8,454.0,1007.5,29.2,54.0
9181,1725289867130,abc0d16aaf15b3a4ee2e561195dfd82ab260497412e326bb57f2ee5bbe9042d8,450.0,1007.6,28.8,57.0
9182,1725290467100,abc0d16aaf15b3a4ee2e561195dfd82ab260497412e326bb57f2ee5bbe9042d8,452.0,1007.6,28.5,57.0
9183,1725291067079,abc0d16aaf15b3a4ee2e561195dfd82ab260497412e326bb57f2ee5bbe9042d8,442.0,1007.7,28.3,57.0
9184,1725291667070,abc0d16aaf15b3a4ee2e561195dfd82ab260497412e326bb57f2ee5bbe9042d8,437.0,1007.6,28.2,57.0
9185,1725292267014,abc0d16aaf15b3a4ee2e561195dfd82ab260497412e326bb57f2ee5bbe9042d8,461.0,1007.6,28.1,57.0
9186,1725292867001,abc0d16aaf15b3a4ee2e561195dfd82ab260497412e326bb57f2ee5bbe9042d8,440.0,1007.4,28.0,58.0
9187,1725293466943,abc0d16aaf15b3a4ee2e561195dfd82ab260497412e326bb57f2ee5bbe9042d8,465.0,1007.3,27.9,58.0
9188,1725294066971,abc0d16aaf15b3a4ee2e561195dfd82ab260497412e326bb57f2ee5bbe9042d8,448.0,1007.3,27.5,58.0
9189,1725294666901,abc0d16aaf15b3a4ee2e561195dfd82ab260497412e326bb57f2ee5bbe9042d8,457.0,1007.5,27.5,59.0
9190,1725295266879,abc0d16aaf15b3a4ee2e561195dfd82ab260497412e326bb57f2ee5bbe9042d8,462.0,1007.6,27.4,58.0
9191,1725295866845,abc0d16aaf15b3a4ee2e561195dfd82ab260497412e326bb57f2ee5bbe9042d8,456.0,1007.6,28.7,58.0
9192,1725296466819,abc0d16aaf15b3a4ee2e561195dfd82ab260497412e326bb57f2ee5bbe9042d8,449.0,1007.7,28.1,57.0
9193,1725297066761,abc0d16aaf15b3a4ee2e561195dfd82ab260497412e326bb57f2ee5bbe9042d8,449.0,1007.8,27.7,59.0
9194,1725297666758,abc0d16aaf15b3a4ee2e561195dfd82ab260497412e326bb57f2ee5bbe9042d8,460.0,1007.8,27.2,59.0
9195,1725298266727,abc0d16aaf15b3a4ee2e561195dfd82ab260497412e326bb57f2ee5bbe9042d8,454.0,1007.9,26.7,60.0
9196,1725298866717,abc0d16aaf15b3a4ee2e561195dfd82ab260497412e326bb57f2ee5bbe9042d8,475.0,1007.8,26.0,60.0
9197,1725299466676,abc0d16aaf15b3a4ee2e561195dfd82ab260497412e326bb57f2ee5bbe9042d8,465.0,1007.8,25.5,60.0
9198,1725300066653,abc0d16aaf15b3a4ee2e561195dfd82ab260497412e326bb57f2ee5bbe9042d8,499.0,1007.9,25.1,62.0
9199,1725300666617,abc0d16aaf15b3a4ee2e561195dfd82ab260497412e326bb57f2ee5bbe9042d8,488.0,1007.9,24.4,64.0
9200,1725301266641,abc0d16aaf15b3a4ee2e561195dfd82ab260497412e326bb57f2ee5bbe9042d8,550.0,1008.0,23.9,64.0
9201,1725301866567,abc0d16aaf15b3a4ee2e561195dfd82ab260497412e326bb57f2ee5bbe9042d8,537.0,1008.2,23.1,67.0
9202,1725302466543,abc0d16aaf15b3a4ee2e561195dfd82ab260497412e326bb57f2ee5bbe9042d8,520.0,1008.4,22.7,69.0
9203,1725303066524,abc0d16aaf15b3a4ee2e561195dfd82ab260497412e326bb57f2ee5bbe9042d8,544.0,1008.6,22.4,69.0
9204,1725303666492,abc0d16aaf15b3a4ee2e561195dfd82ab260497412e326bb57f2ee5bbe9042d8,583.0,1008.7,22.1,69.0
9205,1725304266463,abc0d16aaf15b3a4ee2e561195dfd82ab260497412e326bb57f2ee5bbe9042d8,596.0,1008.8,21.7,70.0
9206,1725304866437,abc0d16aaf15b3a4ee2e561195dfd82ab260497412e326bb57f2ee5bbe9042d8,594.0,1009.0,21.4,70.0
9207,1725305466402,abc0d16aaf15b3a4ee2e561195dfd82ab260497412e326bb57f2ee5bbe9042d8,570.0,1009.1,21.2,71.0
9208,1725306066396,abc0d16aaf15b3a4ee2e561195dfd82ab260497412e326bb57f2ee5bbe9042d8,565.0,1009.3,21.0,74.0
9209,1725306666346,abc0d16aaf15b3a4ee2e561195dfd82ab260497412e326bb57f2ee5bbe9042d8,605.0,1009.3,20.9,74.0
9210,1725307266358,abc0d16aaf15b3a4ee2e561195dfd82ab260497412e326bb57f2ee5bbe9042d8,522.0,1009.4,20.9,75.0
9211,1725307866308,abc0d16aaf15b3a4ee2e561195dfd82ab260497412e326bb57f2ee5bbe9042d8,552.0,1009.4,21.0,77.0
9212,1725308466259,abc0d16aaf15b3a4ee2e561195dfd82ab260497412e326bb57f2ee5bbe9042d8,588.0,1009.5,20.8,77.0
9213,1725309066244,abc0d16aaf15b3a4ee2e561195dfd82ab260497412e326bb57f2ee5bbe9042d8,568.0,1009.7,20.6,77.0
9214,1725309666211,abc0d16aaf15b3a4ee2e561195dfd82ab260497412e326bb57f2ee5bbe9042d8,518.0,1009.7,21.0,80.0
9215,1725310266176,abc0d16aaf15b3a4ee2e561195dfd82ab260497412e326bb57f2ee5bbe9042d8,520.0,1009.7,21.2,80.0
9216,1725310866148,abc0d16aaf15b3a4ee2e561195dfd82ab260497412e326bb57f2ee5bbe9042d8,502.0,1009.8,21.3,81.0
9217,1725311466110,abc0d16aaf15b3a4ee2e561195dfd82ab260497412e326bb57f2ee5bbe9042d8,497.0,1009.8,21.5,81.0
9218,1725312066088,abc0d16aaf15b3a4ee2e561195dfd82ab260497412e326bb57f2ee5bbe9042d8,531.0,1009.7,21.5,81.0
9219,1725312666066,abc0d16aaf15b3a4ee2e561195dfd82ab260497412e326bb57f2ee5bbe9042d8,513.0,1009.8,21.3,82.0
9220,1725313266046,abc0d16aaf15b3a4ee2e561195dfd82ab260497412e326bb57f2ee5bbe9042d8,488.0,1009.8,21.2,81.0
9221,1725313865999,abc0d16aaf15b3a4ee2e561195dfd82ab260497412e326bb57f2ee5bbe9042d8,502.0,1009.8,21.1,81.0
9222,1725314465978,abc0d16aaf15b3a4ee2e561195dfd82ab260497412e326bb57f2ee5bbe9042d8,498.0,1009.8,21.2,81.0
9223,1725315065964,abc0d16aaf15b3a4ee2e561195dfd82ab260497412e326bb57f2ee5bbe9042d8,495.0,1009.9,21.1,81.0
9224,1725315665907,abc0d16aaf15b3a4ee2e561195dfd82ab260497412e326bb57f2ee5bbe9042d8,483.0,1010.0,20.9,81.0
9225,1725316265892,abc0d16aaf15b3a4ee2e561195dfd82ab260497412e326bb57f2ee5bbe9042d8,497.0,1010.0,20.7,81.0
9226,1725316865878,abc0d16aaf15b3a4ee2e561195dfd82ab260497412e326bb57f2ee5bbe9042d8,513.0,1010.1,20.6,80.0
9227,1725317465832,abc0d16aaf15b3a4ee2e561195dfd82ab260497412e326bb57f2ee5bbe9042d8,499.0,1010.0,20.4,80.0
9228,1725318065798,abc0d16aaf15b3a4ee2e561195dfd82ab260497412e326bb57f2ee5bbe9042d8,497.0,1010.1,20.6,81.0
9229,1725318665803,abc0d16aaf15b3a4ee2e561195dfd82ab260497412e326bb57f2ee5bbe9042d8,510.0,1010.3,20.7,81.0
9230,1725319265742,abc0d16aaf15b3a4ee2e561195dfd82ab260497412e326bb57f2ee5bbe9042d8,487.0,1010.3,20.8,81.0
9231,1725319865722,abc0d16aaf15b3a4ee2e561195dfd82ab260497412e326bb57f2ee5bbe9042d8,472.0,1010.4,20.8,79.0
9232,1725320465648,abc0d16aaf15b3a4ee2e561195dfd82ab260497412e326bb57f2ee5bbe9042d8,485.0,1010.3,21.0,79.0
9233,1725321065662,abc0d16aaf15b3a4ee2e561195dfd82ab260497412e326bb57f2ee5bbe9042d8,497.0,1010.5,21.0,79.0
9234,1725321665638,abc0d16aaf15b3a4ee2e561195dfd82ab260497412e326bb57f2ee5bbe9042d8,493.0,1010.4,20.9,78.0
9235,1725322265599,abc0d16aaf15b3a4ee2e561195dfd82ab260497412e326bb57f2ee5bbe9042d8,500.0,1010.4,20.6,79.0
9236,1725322865566,abc0d16aaf15b3a4ee2e561195dfd82ab260497412e326bb57f2ee5bbe9042d8,509.0,1010.5,20.5,79.0
9237,1725323465538,abc0d16aaf15b3a4ee2e561195dfd82ab260497412e326bb57f2ee5bbe9042d8,490.0,1010.6,20.5,79.0
9238,1725324065528,abc0d16aaf15b3a4ee2e561195dfd82ab260497412e326bb57f2ee5bbe9042d8,503.0,1010.6,20.6,79.0
9239,1725324665478,abc0d16aaf15b3a4ee2e561195dfd82ab260497412e326bb57f2ee5bbe9042d8,500.0,1010.6,20.4,79.0
9240,1725325265452,abc0d16aaf15b3a4ee2e561195dfd82ab260497412e326bb57f2ee5bbe9042d8,483.0,1010.6,20.3,79.0
9241,1725325865414,abc0d16aaf15b3a4ee2e561195dfd82ab260497412e326bb57f2ee5bbe9042d8,503.0,1010.5,20.3,79.0
9242,1725326465388,abc0d16aaf15b3a4ee2e561195dfd82ab260497412e326bb57f2ee5bbe9042d8,492.0,1010.7,20.3,79.0
9243,1725327065332,abc0d16aaf15b3a4ee2e561195dfd82ab260497412e326bb57f2ee5bbe9042d8,510.0,1010.7,20.3,80.0
9244,1725327665346,abc0d16aaf15b3a4ee2e561195dfd82ab260497412e326bb57f2ee5bbe9042d8,503.0,1010.7,20.2,80.0
9245,1725328265305,abc0d16aaf15b3a4ee2e561195dfd82ab260497412e326bb57f2ee5bbe9042d8,492.0,1010.5,20.1,80.0
9246,1725328865292,abc0d16aaf15b3a4ee2e561195dfd82ab260497412e326bb57f2ee5bbe9042d8,492.0,1010.5,19.7,80.0
9247,1725329465241,abc0d16aaf15b3a4ee2e561195dfd82ab260497412e326bb57f2ee5bbe9042d8,493.0,1010.4,19.8,80.0
9248,1725330065210,abc0d16aaf15b3a4ee2e561195dfd82ab260497412e326bb57f2ee5bbe9042d8,479.0,1010.4,19.7,80.0
9249,1725330665206,abc0d16aaf15b3a4ee2e561195dfd82ab260497412e326bb57f2ee5bbe9042d8,493.0,1010.5,19.5,81.0
9250,1725331265215,abc0d16aaf15b3a4ee2e561195dfd82ab260497412e326bb57f2ee5bbe9042d8,488.0,1010.5,19.6,81.0
9251,1725331865131,abc0d16aaf15b3a4ee2e561195dfd82ab260497412e326bb57f2ee5bbe9042d8,493.0,1010.6,19.8,81.0
9252,1725332465115,abc0d16aaf15b3a4ee2e561195dfd82ab260497412e326bb57f2ee5bbe9042d8,492.0,1010.7,19.7,80.0
9253,1725333065080,abc0d16aaf15b3a4ee2e561195dfd82ab260497412e326bb57f2ee5bbe9042d8,499.0,1010.7,19.7,79.0
9254,1725333665047,abc0d16aaf15b3a4ee2e561195dfd82ab260497412e326bb57f2ee5bbe9042d8,489.0,1010.6,19.8,79.0
9255,1725334265026,abc0d16aaf15b3a4ee2e561195dfd82ab260497412e326bb57f2ee5bbe9042d8,486.0,1010.6,19.8,79.0
9256,1725334865005,abc0d16aaf15b3a4ee2e561195dfd82ab260497412e326bb57f2ee5bbe9042d8,491.0,1010.6,19.7,80.0
9257,1725335464986,abc0d16aaf15b3a4ee2e561195dfd82ab260497412e326bb57f2ee5bbe9042d8,499.0,1010.6,19.7,80.0
9258,1725336064934,abc0d16aaf15b3a4ee2e561195dfd82ab260497412e326bb57f2ee5bbe9042d8,498.0,1010.6,19.7,79.0
9259,1725336664907,abc0d16aaf15b3a4ee2e561195dfd82ab260497412e326bb57f2ee5bbe9042d8,480.0,1010.7,19.6,79.0
9260,1725337264884,abc0d16aaf15b3a4ee2e561195dfd82ab260497412e326bb57f2ee5bbe9042d8,499.0,1010.8,19.5,79.0
9261,1725337864854,abc0d16aaf15b3a4ee2e561195dfd82ab260497412e326bb57f2ee5bbe9042d8,502.0,1010.8,19.5,80.0
9262,1725338464846,abc0d16aaf15b3a4ee2e561195dfd82ab260497412e326bb57f2ee5bbe9042d8,504.0,1010.9,19.2,81.0
9263,1725339064795,abc0d16aaf15b3a4ee2e561195dfd82ab260497412e326bb57f2ee5bbe9042d8,489.0,1011.0,19.1,81.0
9264,1725339664766,abc0d16aaf15b3a4ee2e561195dfd82ab260497412e326bb57f2ee5bbe9042d8,495.0,1011.1,19.0,82.0
9265,1725340264737,abc0d16aaf15b3a4ee2e561195dfd82ab260497412e326bb57f2ee5bbe9042d8,484.0,1011.1,19.2,81.0
9266,1725340864708,abc0d16aaf15b3a4ee2e561195dfd82ab260497412e326bb57f2ee5bbe9042d8,496.0,1011.1,19.6,81.0
9267,1725341464680,abc0d16aaf15b3a4ee2e561195dfd82ab260497412e326bb57f2ee5bbe9042d8,517.0,1011.1,20.3,80.0
9268,1725342064665,abc0d16aaf15b3a4ee2e561195dfd82ab260497412e326bb57f2ee5bbe9042d8,492.0,1011.1,21.1,79.0
9269,1725342664618,abc0d16aaf15b3a4ee2e561195dfd82ab260497412e326bb57f2ee5bbe9042d8,495.0,1011.1,21.8,79.0
9270,1725343264598,abc0d16aaf15b3a4ee2e561195dfd82ab260497412e326bb57f2ee5bbe9042d8,490.0,1011.1,22.6,76.0
9271,1725343864553,abc0d16aaf15b3a4ee2e561195dfd82ab260497412e326bb57f2ee5bbe9042d8,498.0,1011.3,23.4,75.0
9272,1725344464530,abc0d16aaf15b3a4ee2e561195dfd82ab260497412e326bb57f2ee5bbe9042d8,493.0,1011.2,24.0,75.0
9273,1725345064475,abc0d16aaf15b3a4ee2e561195dfd82ab260497412e326bb57f2ee5bbe9042d8,491.0,1011.3,24.5,74.0
9274,1725345664492,abc0d16aaf15b3a4ee2e561195dfd82ab260497412e326bb57f2ee5bbe9042d8,501.0,1011.3,25.2,74.0
9275,1725346264419,abc0d16aaf15b3a4ee2e561195dfd82ab260497412e326bb57f2ee5bbe9042d8,493.0,1011.3,26.0,74.0
9276,1725346864408,abc0d16aaf15b3a4ee2e561195dfd82ab260497412e326bb57f2ee5bbe9042d8,488.0,1011.3,26.6,71.0
9277,1725347464390,abc0d16aaf15b3a4ee2e561195dfd82ab260497412e326bb57f2ee5bbe9042d8,468.0,1011.3,27.2,68.0
9278,1725348064355,abc0d16aaf15b3a4ee2e561195dfd82ab260497412e326bb57f2ee5bbe9042d8,485.0,1011.3,28.4,68.0
9279,1725348666043,abc0d16aaf15b3a4ee2e561195dfd82ab260497412e326bb57f2ee5bbe9042d8,482.0,1011.3,29.3,67.0
9280,1725349264321,abc0d16aaf15b3a4ee2e561195dfd82ab260497412e326bb57f2ee5bbe9042d8,491.0,1011.3,29.9,64.0
9281,1725349864262,abc0d16aaf15b3a4ee2e561195dfd82ab260497412e326bb57f2ee5bbe9042d8,480.0,1011.4,30.5,64.0
9282,1725350464260,abc0d16aaf15b3a4ee2e561195dfd82ab260497412e326bb57f2ee5bbe9042d8,484.0,1011.3,30.6,63.0
9283,1725351064226,abc0d16aaf15b3a4ee2e561195dfd82ab260497412e326bb57f2ee5bbe9042d8,465.0,1011.2,31.0,60.0
9284,1725351664182,abc0d16aaf15b3a4ee2e561195dfd82ab260497412e326bb57f2ee5bbe9042d8,449.0,1011.3,31.2,60.0
9285,1725352264167,abc0d16aaf15b3a4ee2e561195dfd82ab260497412e326bb57f2ee5bbe9042d8,460.0,1011.2,31.3,60.0
9286,1725352864139,abc0d16aaf15b3a4ee2e561195dfd82ab260497412e326bb57f2ee5bbe9042d8,444.0,1011.1,31.5,59.0
9287,1725353464068,abc0d16aaf15b3a4ee2e561195dfd82ab260497412e326bb57f2ee5bbe9042d8,475.0,1011.1,31.6,59.0
9288,1725354064063,abc0d16aaf15b3a4ee2e561195dfd82ab260497412e326bb57f2ee5bbe9042d8,470.0,1011.0,32.0,60.0
9289,1725354664021,abc0d16aaf15b3a4ee2e561195dfd82ab260497412e326bb57f2ee5bbe9042d8,466.0,1011.0,32.2,58.0
9290,1725355264021,abc0d16aaf15b3a4ee2e561195dfd82ab260497412e326bb57f2ee5bbe9042d8,471.0,1011.0,32.4,58.0
9291,1725355865703,abc0d16aaf15b3a4ee2e561195dfd82ab260497412e326bb57f2ee5bbe9042d8,439.0,1011.1,32.4,56.0
9292,1725356463985,abc0d16aaf15b3a4ee2e561195dfd82ab260497412e326bb57f2ee5bbe9042d8,459.0,1010.9,33.0,54.0
9293,1725357063941,abc0d16aaf15b3a4ee2e561195dfd82ab260497412e326bb57f2ee5bbe9042d8,458.0,1010.8,33.2,54.0
9294,1725357663905,abc0d16aaf15b3a4ee2e561195dfd82ab260497412e326bb57f2ee5bbe9042d8,463.0,1010.8,33.0,53.0
9295,1725358263900,abc0d16aaf15b3a4ee2e561195dfd82ab260497412e326bb57f2ee5bbe9042d8,463.0,1010.6,33.1,52.0
9296,1725358863858,abc0d16aaf15b3a4ee2e561195dfd82ab260497412e326bb57f2ee5bbe9042d8,457.0,1010.5,33.0,52.0
9297,1725359465542,abc0d16aaf15b3a4ee2e561195dfd82ab260497412e326bb57f2ee5bbe9042d8,435.0,1010.3,33.3,50.0
9298,1725360063838,abc0d16aaf15b3a4ee2e561195dfd82ab260497412e326bb57f2ee5bbe9042d8,450.0,1010.2,33.8,49.0
9299,1725360665493,abc0d16aaf15b3a4ee2e561195dfd82ab260497412e326bb57f2ee5bbe9042d8,448.0,1010.1,33.6,49.0
9300,1725361263755,abc0d16aaf15b3a4ee2e561195dfd82ab260497412e326bb57f2ee5bbe9042d8,458.0,1010.0,34.0,48.0
9301,1725361863745,abc0d16aaf15b3a4ee2e561195dfd82ab260497412e326bb57f2ee5bbe9042d8,453.0,1009.9,34.0,49.0
9302,1725362463703,abc0d16aaf15b3a4ee2e561195dfd82ab260497412e326bb57f2ee5bbe9042d8,431.0,1009.8,34.0,49.0
9303,1725363063685,abc0d16aaf15b3a4ee2e561195dfd82ab260497412e326bb57f2ee5bbe9042d8,449.0,1009.8,34.3,47.0
9304,1725363663676,abc0d16aaf15b3a4ee2e561195dfd82ab260497412e326bb57f2ee5bbe9042d8,447.0,1009.7,34.5,46.0
9305,1725364263627,abc0d16aaf15b3a4ee2e561195dfd82ab260497412e326bb57f2ee5bbe9042d8,456.0,1009.8,34.7,46.0
9306,1725364863611,abc0d16aaf15b3a4ee2e561195dfd82ab260497412e326bb57f2ee5bbe9042d8,452.0,1009.6,35.0,45.0
9307,1725365463601,abc0d16aaf15b3a4ee2e561195dfd82ab260497412e326bb57f2ee5bbe9042d8,441.0,1009.5,35.4,43.0
9308,1725366063559,abc0d16aaf15b3a4ee2e561195dfd82ab260497412e326bb57f2ee5bbe9042d8,444.0,1009.4,35.2,43.0
9309,1725366663552,abc0d16aaf15b3a4ee2e561195dfd82ab260497412e326bb57f2ee5bbe9042d8,438.0,1009.4,35.0,42.0
9310,1725367263546,abc0d16aaf15b3a4ee2e561195dfd82ab260497412e326bb57f2ee5bbe9042d8,459.0,1009.2,35.5,40.0
9311,1725367863482,abc0d16aaf15b3a4ee2e561195dfd82ab260497412e326bb57f2ee5bbe9042d8,446.0,1009.1,36.5,40.0
9312,1725368463435,abc0d16aaf15b3a4ee2e561195dfd82ab260497412e326bb57f2ee5bbe9042d8,437.0,1009.0,36.8,40.0
9313,1725369063456,abc0d16aaf15b3a4ee2e561195dfd82ab260497412e326bb57f2ee5bbe9042d8,437.0,1009.0,37.0,40.0
9314,1725369663418,abc0d16aaf15b3a4ee2e561195dfd82ab260497412e326bb57f2ee5bbe9042d8,436.0,1008.7,37.1,40.0
9315,1725370263402,abc0d16aaf15b3a4ee2e561195dfd82ab260497412e326bb57f2ee5bbe9042d8,437.0,1008.7,36.3,41.0
9316,1725370863393,abc0d16aaf15b3a4ee2e561195dfd82ab260497412e326bb57f2ee5bbe9042d8,456.0,1008.4,36.9,40.0
9317,1725371463349,abc0d16aaf15b3a4ee2e561195dfd82ab260497412e326bb57f2ee5bbe9042d8,448.0,1008.3,36.8,40.0
9318,1725372063330,abc0d16aaf15b3a4ee2e561195dfd82ab260497412e326bb57f2ee5bbe9042d8,433.0,1008.2,36.7,40.0
9319,1725372663353,abc0d16aaf15b3a4ee2e561195dfd82ab260497412e326bb57f2ee5bbe9042d8,437.0,1008.1,36.5,39.0
9320,1725373263275,abc0d16aaf15b3a4ee2e561195dfd82ab260497412e326bb57f2ee5bbe9042d8,453.0,1008.1,35.6,39.0
9321,1725373863272,abc0d16aaf15b3a4ee2e561195dfd82ab260497412e326bb57f2ee5bbe9042d8,443.0,1008.3,33.7,41.0
9322,1725374463236,abc0d16aaf15b3a4ee2e561195dfd82ab260497412e326bb57f2ee5bbe9042d8,442.0,1008.3,32.9,48.0
9323,1725375063195,abc0d16aaf15b3a4ee2e561195dfd82ab260497412e326bb57f2ee5bbe9042d8,443.0,1008.2,33.1,48.0
9324,1725375663175,abc0d16aaf15b3a4ee2e561195dfd82ab260497412e326bb57f2ee5bbe9042d8,455.0,1008.2,34.2,47.0
9325,1725376263168,abc0d16aaf15b3a4ee2e561195dfd82ab260497412e326bb57f2ee5bbe9042d8,435.0,1008.1,34.3,46.0
9326,1725376863122,abc0d16aaf15b3a4ee2e561195dfd82ab260497412e326bb57f2ee5bbe9042d8,436.0,1008.1,32.7,46.0
9327,1725377463104,abc0d16aaf15b3a4ee2e561195dfd82ab260497412e326bb57f2ee5bbe9042d8,434.0,1008.4,31.6,50.0
9328,1725378063068,abc0d16aaf15b3a4ee2e561195dfd82ab260497412e326bb57f2ee5bbe9042d8,435.0,1008.4,30.9,49.0
9329,1725378663043,abc0d16aaf15b3a4ee2e561195dfd82ab260497412e326bb57f2ee5bbe9042d8,460.0,1008.5,30.7,49.0
9330,1725379262994,abc0d16aaf15b3a4ee2e561195dfd82ab260497412e326bb57f2ee5bbe9042d8,451.0,1008.5,30.6,50.0
9331,1725379862988,abc0d16aaf15b3a4ee2e561195dfd82ab260497412e326bb57f2ee5bbe9042d8,445.0,1008.4,30.3,52.0
9332,1725380462952,abc0d16aaf15b3a4ee2e561195dfd82ab260497412e326bb57f2ee5bbe9042d8,438.0,1008.5,30.1,52.0
9333,1725381062938,abc0d16aaf15b3a4ee2e561195dfd82ab260497412e326bb57f2ee5bbe9042d8,419.0,1008.4,30.0,54.0
9334,1725381662916,abc0d16aaf15b3a4ee2e561195dfd82ab260497412e326bb57f2ee5bbe9042d8,444.0,1008.3,29.6,55.0
9335,1725382262864,abc0d16aaf15b3a4ee2e561195dfd82ab260497412e326bb57f2ee5bbe9042d8,439.0,1008.3,29.3,55.0
9336,1725382862856,abc0d16aaf15b3a4ee2e561195dfd82ab260497412e326bb57f2ee5bbe9042d8,435.0,1008.4,28.8,56.0
9337,1725383462868,abc0d16aaf15b3a4ee2e561195dfd82ab260497412e326bb57f2ee5bbe9042d8,450.0,1008.5,28.8,56.0
9338,1725384062784,abc0d16aaf15b3a4ee2e561195dfd82ab260497412e326bb57f2ee5bbe9042d8,438.0,1008.7,28.2,56.0
9339,1725384662771,abc0d16aaf15b3a4ee2e561195dfd82ab260497412e326bb57f2ee5bbe9042d8,454.0,1008.8,27.9,56.0
9340,1725385262742,abc0d16aaf15b3a4ee2e561195dfd82ab260497412e326bb57f2ee5bbe9042d8,445.0,1008.8,27.6,57.0
9341,1725385862704,abc0d16aaf15b3a4ee2e561195dfd82ab260497412e326bb57f2ee5bbe9042d8,466.0,1009.0,27.2,57.0
9342,1725386462639,abc0d16aaf15b3a4ee2e561195dfd82ab260497412e326bb57f2ee5bbe9042d8,461.0,1009.2,26.9,57.0
9343,1725387062656,abc0d16aaf15b3a4ee2e561195dfd82ab260497412e326bb57f2ee5bbe9042d8,466.0,1009.2,26.6,56.0
9344,1725387662620,abc0d16aaf15b3a4ee2e561195dfd82ab260497412e326bb57f2ee5bbe9042d8,489.0,1009.4,26.3,56.0
9345,1725388262596,abc0d16aaf15b3a4ee2e561195dfd82ab260497412e326bb57f2ee5bbe9042d8,468.0,1009.6,26.1,56.0
9346,1725388862570,abc0d16aaf15b3a4ee2e561195dfd82ab260497412e326bb57f2ee5bbe9042d8,460.0,1009.7,25.5,58.0
9347,1725389462524,abc0d16aaf15b3a4ee2e561195dfd82ab260497412e326bb57f2ee5bbe9042d8,475.0,1009.7,25.2,58.0
9348,1725390062485,abc0d16aaf15b3a4ee2e561195dfd82ab260497412e326bb57f2ee5bbe9042d8,471.0,1009.8,25.0,61.0
9349,1725390662478,abc0d16aaf15b3a4ee2e561195dfd82ab260497412e326bb57f2ee5bbe9042d8,479.0,1009.9,24.9,61.0
9350,1725391262446,abc0d16aaf15b3a4ee2e561195dfd82ab260497412e326bb57f2ee5bbe9042d8,497.0,1010.0,24.4,61.0
9351,1725391862425,abc0d16aaf15b3a4ee2e561195dfd82ab260497412e326bb57f2ee5bbe9042d8,485.0,1010.0,24.2,64.0
9352,1725392462400,abc0d16aaf15b3a4ee2e561195dfd82ab260497412e326bb57f2ee5bbe9042d8,485.0,1010.0,24.1,65.0
9353,1725393062314,abc0d16aaf15b3a4ee2e561195dfd82ab260497412e326bb57f2ee5bbe9042d8,523.0,1010.1,24.1,65.0
9354,1725393662327,abc0d16aaf15b3a4ee2e561195dfd82ab260497412e326bb57f2ee5bbe9042d8,520.0,1010.0,24.1,63.0
9355,1725394262322,abc0d16aaf15b3a4ee2e561195dfd82ab260497412e326bb57f2ee5bbe9042d8,493.0,1010.0,24.1,64.0
9356,1725394862270,abc0d16aaf15b3a4ee2e561195dfd82ab260497412e326bb57f2ee5bbe9042d8,519.0,1010.0,24.1,64.0
9357,1725395462255,abc0d16aaf15b3a4ee2e561195dfd82ab260497412e326bb57f2ee5bbe9042d8,504.0,1010.1,23.7,65.0
9358,1725396062222,abc0d16aaf15b3a4ee2e561195dfd82ab260497412e326bb57f2ee5bbe9042d8,494.0,1010.1,23.5,65.0
9359,1725396663890,abc0d16aaf15b3a4ee2e561195dfd82ab260497412e326bb57f2ee5bbe9042d8,535.0,1010.1,23.2,65.0
9360,1725397262135,abc0d16aaf15b3a4ee2e561195dfd82ab260497412e326bb57f2ee5bbe9042d8,546.0,1010.2,22.8,66.0
9361,1725397862130,abc0d16aaf15b3a4ee2e561195dfd82ab260497412e326bb57f2ee5bbe9042d8,492.0,1010.3,23.0,68.0
9362,1725398462052,abc0d16aaf15b3a4ee2e561195dfd82ab260497412e326bb57f2ee5bbe9042d8,543.0,1010.3,22.7,68.0
9363,1725399062071,abc0d16aaf15b3a4ee2e561195dfd82ab260497412e326bb57f2ee5bbe9042d8,510.0,1010.2,22.3,71.0
9364,1725399662051,abc0d16aaf15b3a4ee2e561195dfd82ab260497412e326bb57f2ee5bbe9042d8,526.0,1010.2,22.1,71.0
9365,1725400262002,abc0d16aaf15b3a4ee2e561195dfd82ab260497412e326bb57f2ee5bbe9042d8,530.0,1010.3,21.8,71.0
9366,1725400861970,abc0d16aaf15b3a4ee2e561195dfd82ab260497412e326bb57f2ee5bbe9042d8,537.0,1010.2,21.7,72.0
9367,1725401461959,abc0d16aaf15b3a4ee2e561195dfd82ab260497412e326bb57f2ee5bbe9042d8,504.0,1010.1,21.9,70.0
9368,1725402061921,abc0d16aaf15b3a4ee2e561195dfd82ab260497412e326bb57f2ee5bbe9042d8,472.0,1010.0,22.3,70.0
9369,1725402661955,abc0d16aaf15b3a4ee2e561195dfd82ab260497412e326bb57f2ee5bbe9042d8,492.0,1010.0,22.3,70.0
9370,1725403261875,abc0d16aaf15b3a4ee2e561195dfd82ab260497412e326bb57f2ee5bbe9042d8,495.0,1010.0,22.1,70.0
9371,1725403861827,abc0d16aaf15b3a4ee2e561195dfd82ab260497412e326bb57f2ee5bbe9042d8,458.0,1010.0,22.1,70.0
9372,1725404461789,abc0d16aaf15b3a4ee2e561195dfd82ab260497412e326bb57f2ee5bbe9042d8,484.0,1010.1,22.2,70.0
9373,1725405063498,abc0d16aaf15b3a4ee2e561195dfd82ab260497412e326bb57f2ee5bbe9042d8,488.0,1010.0,22.2,70.0
9374,1725405661750,abc0d16aaf15b3a4ee2e561195dfd82ab260497412e326bb57f2ee5bbe9042d8,510.0,1010.0,22.0,70.0
9375,1725406261724,abc0d16aaf15b3a4ee2e561195dfd82ab260497412e326bb57f2ee5bbe9042d8,486.0,1009.9,21.9,71.0
9376,1725406861648,abc0d16aaf15b3a4ee2e561195dfd82ab260497412e326bb57f2ee5bbe9042d8,464.0,1009.9,22.0,70.0
9377,1725407461664,abc0d16aaf15b3a4ee2e561195dfd82ab260497412e326bb57f2ee5bbe9042d8,468.0,1009.8,22.2,70.0
9378,1725408061619,abc0d16aaf15b3a4ee2e561195dfd82ab260497412e326bb57f2ee5bbe9042d8,476.0,1009.7,22.1,71.0
9379,1725408661621,abc0d16aaf15b3a4ee2e561195dfd82ab260497412e326bb57f2ee5bbe9042d8,476.0,1009.7,21.9,73.0
9380,1725409261567,abc0d16aaf15b3a4ee2e561195dfd82ab260497412e326bb57f2ee5bbe9042d8,488.0,1009.6,21.8,73.0
9381,1725409861567,abc0d16aaf15b3a4ee2e561195dfd82ab260497412e326bb57f2ee5bbe9042d8,513.0,1009.7,21.7,73.0
9382,1725410461531,abc0d16aaf15b3a4ee2e561195dfd82ab260497412e326bb57f2ee5bbe9042d8,490.0,1009.7,21.7,73.0
9383,1725411061481,abc0d16aaf15b3a4ee2e561195dfd82ab260497412e326bb57f2ee5bbe9042d8,507.0,1009.7,21.8,73.0
9384,1725411661503,abc0d16aaf15b3a4ee2e561195dfd82ab260497412e326bb57f2ee5bbe9042d8,483.0,1009.7,21.6,74.0
9385,1725412261447,abc0d16aaf15b3a4ee2e561195dfd82ab260497412e326bb57f2ee5bbe9042d8,497.0,1009.7,21.6,75.0
9386,1725412861401,abc0d16aaf15b3a4ee2e561195dfd82ab260497412e326bb57f2ee5bbe9042d8,508.0,1009.8,21.6,75.0
9387,1725413461379,abc0d16aaf15b3a4ee2e561195dfd82ab260497412e326bb57f2ee5bbe9042d8,488.0,1009.9,21.5,75.0
9388,1725414061357,abc0d16aaf15b3a4ee2e561195dfd82ab260497412e326bb57f2ee5bbe9042d8,485.0,1009.8,21.4,75.0
9389,1725414661312,abc0d16aaf15b3a4ee2e561195dfd82ab260497412e326bb57f2ee5bbe9042d8,482.0,1009.9,21.4,75.0
9390,1725415261278,abc0d16aaf15b3a4ee2e561195dfd82ab260497412e326bb57f2ee5bbe9042d8,500.0,1009.9,21.4,75.0
9391,1725415861275,abc0d16aaf15b3a4ee2e561195dfd82ab260497412e326bb57f2ee5bbe9042d8,509.0,1009.9,21.3,75.0
9392,1725416461215,abc0d16aaf15b3a4ee2e561195dfd82ab260497412e326bb57f2ee5bbe9042d8,510.0,1010.0,21.3,75.0
9393,1725417061199,abc0d16aaf15b3a4ee2e561195dfd82ab260497412e326bb57f2ee5bbe9042d8,514.0,1010.0,21.1,76.0
9394,1725417661189,abc0d16aaf15b3a4ee2e561195dfd82ab260497412e326bb57f2ee5bbe9042d8,497.0,1010.1,20.8,77.0
9395,1725418261139,abc0d16aaf15b3a4ee2e561195dfd82ab260497412e326bb57f2ee5bbe9042d8,509.0,1010.2,20.6,77.0
9396,1725418861102,abc0d16aaf15b3a4ee2e561195dfd82ab260497412e326bb57f2ee5bbe9042d8,505.0,1010.3,20.8,77.0
9397,1725419461102,abc0d16aaf15b3a4ee2e561195dfd82ab260497412e326bb57f2ee5bbe9042d8,506.0,1010.3,20.8,78.0
9398,1725420061044,abc0d16aaf15b3a4ee2e561195dfd82ab260497412e326bb57f2ee5bbe9042d8,485.0,1010.3,20.7,78.0
9399,1725420661029,abc0d16aaf15b3a4ee2e561195dfd82ab260497412e326bb57f2ee5bbe9042d8,515.0,1010.3,20.5,78.0
9400,1725421261024,abc0d16aaf15b3a4ee2e561195dfd82ab260497412e326bb57f2ee5bbe9042d8,515.0,1010.3,20.5,79.0
9401,1725421860967,abc0d16aaf15b3a4ee2e561195dfd82ab260497412e326bb57f2ee5bbe9042d8,517.0,1010.4,20.2,79.0
9402,1725422460930,abc0d16aaf15b3a4ee2e561195dfd82ab260497412e326bb57f2ee5bbe9042d8,506.0,1010.4,19.9,79.0
9403,1725423060924,abc0d16aaf15b3a4ee2e561195dfd82ab260497412e326bb57f2ee5bbe9042d8,565.0,1010.4,19.6,81.0
9404,1725423660876,abc0d16aaf15b3a4ee2e561195dfd82ab260497412e326bb57f2ee5bbe9042d8,542.0,1010.4,19.2,81.0
9405,1725424260862,abc0d16aaf15b3a4ee2e561195dfd82ab260497412e326bb57f2ee5bbe9042d8,513.0,1010.4,19.1,82.0
9406,1725424860877,abc0d16aaf15b3a4ee2e561195dfd82ab260497412e326bb57f2ee5bbe9042d8,524.0,1010.5,19.2,83.0
9407,1725425460799,abc0d16aaf15b3a4ee2e561195dfd82ab260497412e326bb57f2ee5bbe9042d8,515.0,1010.5,19.4,83.0
9408,1725426060762,abc0d16aaf15b3a4ee2e561195dfd82ab260497412e326bb57f2ee5bbe9042d8,512.0,1010.6,19.4,84.0
9409,1725426660743,abc0d16aaf15b3a4ee2e561195dfd82ab260497412e326bb57f2ee5bbe9042d8,517.0,1010.7,19.7,84.0
9410,1725427260707,abc0d16aaf15b3a4ee2e561195dfd82ab260497412e326bb57f2ee5bbe9042d8,515.0,1010.7,19.9,84.0
9411,1725427860700,abc0d16aaf15b3a4ee2e561195dfd82ab260497412e326bb57f2ee5bbe9042d8,521.0,1010.6,20.3,85.0
9412,1725428460677,abc0d16aaf15b3a4ee2e561195dfd82ab260497412e326bb57f2ee5bbe9042d8,510.0,1010.6,21.1,85.0
9413,1725429060612,abc0d16aaf15b3a4ee2e561195dfd82ab260497412e326bb57f2ee5bbe9042d8,509.0,1010.7,21.8,85.0
9414,1725429660598,abc0d16aaf15b3a4ee2e561195dfd82ab260497412e326bb57f2ee5bbe9042d8,504.0,1010.7,22.6,84.0
9415,1725430260581,abc0d16aaf15b3a4ee2e561195dfd82ab260497412e326bb57f2ee5bbe9042d8,507.0,1010.9,23.4,81.0
9416,1725430860556,abc0d16aaf15b3a4ee2e561195dfd82ab260497412e326bb57f2ee5bbe9042d8,502.0,1010.7,24.1,81.0
9417,1725431460522,abc0d16aaf15b3a4ee2e561195dfd82ab260497412e326bb57f2ee5bbe9042d8,497.0,1010.6,24.5,80.0
9418,1725432060491,abc0d16aaf15b3a4ee2e561195dfd82ab260497412e326bb57f2ee5bbe9042d8,488.0,1010.7,25.3,77.0
9419,1725432662159,abc0d16aaf15b3a4ee2e561195dfd82ab260497412e326bb57f2ee5bbe9042d8,499.0,1010.6,25.7,77.0
9420,1725433260417,abc0d16aaf15b3a4ee2e561195dfd82ab260497412e326bb57f2ee5bbe9042d8,485.0,1010.6,26.5,75.0
9421,1725433860404,abc0d16aaf15b3a4ee2e561195dfd82ab260497412e326bb57f2ee5bbe9042d8,496.0,1010.5,27.0,72.0
9422,1725434460374,abc0d16aaf15b3a4ee2e561195dfd82ab260497412e326bb57f2ee5bbe9042d8,493.0,1010.5,27.7,72.0
9423,1725435060352,abc0d16aaf15b3a4ee2e561195dfd82ab260497412e326bb57f2ee5bbe9042d8,484.0,1010.5,28.3,71.0
9424,1725435660300,abc0d16aaf15b3a4ee2e561195dfd82ab260497412e326bb57f2ee5bbe9042d8,484.0,1010.4,29.1,69.0
9425,1725436260281,abc0d16aaf15b3a4ee2e561195dfd82ab260497412e326bb57f2ee5bbe9042d8,491.0,1010.3,29.8,69.0
9426,1725436860241,abc0d16aaf15b3a4ee2e561195dfd82ab260497412e326bb57f2ee5bbe9042d8,466.0,1010.4,30.4,68.0
9427,1725437460227,abc0d16aaf15b3a4ee2e561195dfd82ab260497412e326bb57f2ee5bbe9042d8,473.0,1010.3,30.5,66.0
9428,1725438061903,abc0d16aaf15b3a4ee2e561195dfd82ab260497412e326bb57f2ee5bbe9042d8,476.0,1010.1,30.8,66.0
9429,1725438660181,abc0d16aaf15b3a4ee2e561195dfd82ab260497412e326bb57f2ee5bbe9042d8,454.0,1010.1,31.1,66.0
9430,1725439260162,abc0d16aaf15b3a4ee2e561195dfd82ab260497412e326bb57f2ee5bbe9042d8,469.0,1010.1,31.2,63.0
9431,1725439860092,abc0d16aaf15b3a4ee2e561195dfd82ab260497412e326bb57f2ee5bbe9042d8,477.0,1010.0,31.1,63.0
9432,1725440460082,abc0d16aaf15b3a4ee2e561195dfd82ab260497412e326bb57f2ee5bbe9042d8,468.0,1009.9,31.2,64.0
9433,1725441060059,abc0d16aaf15b3a4ee2e561195dfd82ab260497412e326bb57f2ee5bbe9042d8,451.0,1009.8,31.2,62.0
9434,1725441660025,abc0d16aaf15b3a4ee2e561195dfd82ab260497412e326bb57f2ee5bbe9042d8,473.0,1009.7,31.4,62.0
9435,1725442260004,abc0d16aaf15b3a4ee2e561195dfd82ab260497412e326bb57f2ee5bbe9042d8,463.0,1009.7,31.4,62.0
9436,1725442859984,abc0d16aaf15b3a4ee2e561195dfd82ab260497412e326bb57f2ee5bbe9042d8,485.0,1009.5,31.4,61.0
9437,1725443459940,abc0d16aaf15b3a4ee2e561195dfd82ab260497412e326bb57f2ee5bbe9042d8,470.0,1009.4,31.8,61.0
9438,1725444059927,abc0d16aaf15b3a4ee2e561195dfd82ab260497412e326bb57f2ee5bbe9042d8,469.0,1009.4,31.9,60.0
9439,1725444661605,abc0d16aaf15b3a4ee2e561195dfd82ab260497412e326bb57f2ee5bbe9042d8,478.0,1009.4,32.0,59.0
9440,1725445259875,abc0d16aaf15b3a4ee2e561195dfd82ab260497412e326bb57f2ee5bbe9042d8,461.0,1009.2,32.0,59.0
9441,1725445859852,abc0d16aaf15b3a4ee2e561195dfd82ab260497412e326bb57f2ee5bbe9042d8,486.0,1009.1,32.7,59.0
9442,1725446459825,abc0d16aaf15b3a4ee2e561195dfd82ab260497412e326bb57f2ee5bbe9042d8,460.0,1009.0,32.5,58.0
9443,1725447059792,abc0d16aaf15b3a4ee2e561195dfd82ab260497412e326bb57f2ee5bbe9042d8,447.0,1009.0,32.0,58.0
9444,1725447659763,abc0d16aaf15b3a4ee2e561195dfd82ab260497412e326bb57f2ee5bbe9042d8,475.0,1009.0,32.6,57.0
9445,1725448259743,abc0d16aaf15b3a4ee2e561195dfd82ab260497412e326bb57f2ee5bbe9042d8,439.0,1008.8,33.1,56.0
9446,1725448859714,abc0d16aaf15b3a4ee2e561195dfd82ab260497412e326bb57f2ee5bbe9042d8,470.0,1008.6,33.5,56.0
9447,1725449459735,abc0d16aaf15b3a4ee2e561195dfd82ab260497412e326bb57f2ee5bbe9042d8,460.0,1008.4,34.4,55.0
9448,1725450059670,abc0d16aaf15b3a4ee2e561195dfd82ab260497412e326bb57f2ee5bbe9042d8,471.0,1008.3,33.9,53.0
9449,1725450659635,abc0d16aaf15b3a4ee2e561195dfd82ab260497412e326bb57f2ee5bbe9042d8,476.0,1008.2,33.9,53.0
9450,1725451259585,abc0d16aaf15b3a4ee2e561195dfd82ab260497412e326bb57f2ee5bbe9042d8,443.0,1007.9,33.4,53.0
9451,1725451859595,abc0d16aaf15b3a4ee2e561195dfd82ab260497412e326bb57f2ee5bbe9042d8,460.0,1007.9,33.9,53.0
9452,1725452459552,abc0d16aaf15b3a4ee2e561195dfd82ab260497412e326bb57f2ee5bbe9042d8,473.0,1007.9,33.5,53.0
9453,1725453059533,abc0d16aaf15b3a4ee2e561195dfd82ab260497412e326bb57f2ee5bbe9042d8,449.0,1007.8,32.9,53.0
9454,1725453659554,abc0d16aaf15b3a4ee2e561195dfd82ab260497412e326bb57f2ee5bbe9042d8,458.0,1007.6,32.5,54.0
9455,1725454259477,abc0d16aaf15b3a4ee2e561195dfd82ab260497412e326bb57f2ee5bbe9042d8,455.0,1007.6,31.7,54.0
9456,1725454859500,abc0d16aaf15b3a4ee2e561195dfd82ab260497412e326bb57f2ee5bbe9042d8,455.0,1007.7,31.3,55.0
9457,1725455459425,abc0d16aaf15b3a4ee2e561195dfd82ab260497412e326bb57f2ee5bbe9042d8,457.0,1007.8,30.9,55.0
9458,1725456059403,abc0d16aaf15b3a4ee2e561195dfd82ab260497412e326bb57f2ee5bbe9042d8,442.0,1007.8,30.6,55.0
9459,1725456659383,abc0d16aaf15b3a4ee2e561195dfd82ab260497412e326bb57f2ee5bbe9042d8,457.0,1007.6,30.4,54.0
9460,1725457259362,abc0d16aaf15b3a4ee2e561195dfd82ab260497412e326bb57f2ee5bbe9042d8,435.0,1007.6,29.9,67.0
9461,1725457859299,abc0d16aaf15b3a4ee2e561195dfd82ab260497412e326bb57f2ee5bbe9042d8,469.0,1007.8,27.3,67.0
9462,1725458459280,abc0d16aaf15b3a4ee2e561195dfd82ab260497412e326bb57f2ee5bbe9042d8,453.0,1007.7,24.9,76.0
9463,1725459059295,abc0d16aaf15b3a4ee2e561195dfd82ab260497412e326bb57f2ee5bbe9042d8,432.0,1007.6,24.3,72.0
9464,1725459659216,abc0d16aaf15b3a4ee2e561195dfd82ab260497412e326bb57f2ee5bbe9042d8,460.0,1007.8,23.7,72.0
9465,1725460259198,abc0d16aaf15b3a4ee2e561195dfd82ab260497412e326bb57f2ee5bbe9042d8,456.0,1007.7,23.3,73.0
9466,1725460860893,abc0d16aaf15b3a4ee2e561195dfd82ab260497412e326bb57f2ee5bbe9042d8,464.0,1007.6,22.9,79.0
9467,1725461459134,abc0d16aaf15b3a4ee2e561195dfd82ab260497412e326bb57f2ee5bbe9042d8,470.0,1007.5,22.7,79.0
9468,1725462059101,abc0d16aaf15b3a4ee2e561195dfd82ab260497412e326bb57f2ee5bbe9042d8,469.0,1007.6,22.8,81.0
9469,1725462659103,abc0d16aaf15b3a4ee2e561195dfd82ab260497412e326bb57f2ee5bbe9042d8,469.0,1008.4,22.8,83.0
9470,1725463259047,abc0d16aaf15b3a4ee2e561195dfd82ab260497412e326bb57f2ee5bbe9042d8,452.0,1008.5,22.5,83.0
9471,1725463859023,abc0d16aaf15b3a4ee2e561195dfd82ab260497412e326bb57f2ee5bbe9042d8,470.0,1008.4,22.5,85.0
9472,1725464459021,abc0d16aaf15b3a4ee2e561195dfd82ab260497412e326bb57f2ee5bbe9042d8,475.0,1008.8,22.6,85.0
9473,1725465058986,abc0d16aaf15b3a4ee2e561195dfd82ab260497412e326bb57f2ee5bbe9042d8,474.0,1008.8,22.6,85.0
9474,1725465658928,abc0d16aaf15b3a4ee2e561195dfd82ab260497412e326bb57f2ee5bbe9042d8,461.0,1008.5,24.0,79.0
9475,1725466258916,abc0d16aaf15b3a4ee2e561195dfd82ab260497412e326bb57f2ee5bbe9042d8,475.0,1008.2,25.7,74.0
9476,1725466858873,abc0d16aaf15b3a4ee2e561195dfd82ab260497412e326bb57f2ee5bbe9042d8,477.0,1008.1,26.2,74.0
9477,1725467458851,abc0d16aaf15b3a4ee2e561195dfd82ab260497412e326bb57f2ee5bbe9042d8,463.0,1007.5,26.5,74.0
9478,1725468058838,abc0d16aaf15b3a4ee2e561195dfd82ab260497412e326bb57f2ee5bbe9042d8,457.0,1007.3,26.8,74.0
9479,1725468658790,abc0d16aaf15b3a4ee2e561195dfd82ab260497412e326bb57f2ee5bbe9042d8,469.0,1007.0,26.0,74.0
9480,1725469258765,abc0d16aaf15b3a4ee2e561195dfd82ab260497412e326bb57f2ee5bbe9042d8,442.0,1007.0,25.1,73.0
9481,1725469858727,abc0d16aaf15b3a4ee2e561195dfd82ab260497412e326bb57f2ee5bbe9042d8,460.0,1006.9,23.8,77.0
9482,1725470458703,abc0d16aaf15b3a4ee2e561195dfd82ab260497412e326bb57f2ee5bbe9042d8,470.0,1006.9,23.2,77.0
9483,1725471058683,abc0d16aaf15b3a4ee2e561195dfd82ab260497412e326bb57f2ee5bbe9042d8,465.0,1006.8,22.8,81.0
9484,1725471658656,abc0d16aaf15b3a4ee2e561195dfd82ab260497412e326bb57f2ee5bbe9042d8,468.0,1007.0,22.2,83.0
9485,1725472258609,abc0d16aaf15b3a4ee2e561195dfd82ab260497412e326bb57f2ee5bbe9042d8,479.0,1006.9,21.8,83.0
9486,1725472858593,abc0d16aaf15b3a4ee2e561195dfd82ab260497412e326bb57f2ee5bbe9042d8,489.0,1006.8,21.6,84.0
9487,1725473458571,abc0d16aaf15b3a4ee2e561195dfd82ab260497412e326bb57f2ee5bbe9042d8,518.0,1006.9,21.4,84.0
9488,1725474058525,abc0d16aaf15b3a4ee2e561195dfd82ab260497412e326bb57f2ee5bbe9042d8,525.0,1006.9,21.5,84.0
9489,1725474658509,abc0d16aaf15b3a4ee2e561195dfd82ab260497412e326bb57f2ee5bbe9042d8,525.0,1007.0,21.4,85.0
9490,1725475258497,abc0d16aaf15b3a4ee2e561195dfd82ab260497412e326bb57f2ee5bbe9042d8,515.0,1007.1,21.2,85.0
9491,1725475858427,abc0d16aaf15b3a4ee2e561195dfd82ab260497412e326bb57f2ee5bbe9042d8,510.0,1007.3,21.2,85.0
9492,1725476458418,abc0d16aaf15b3a4ee2e561195dfd82ab260497412e326bb57f2ee5bbe9042d8,509.0,1007.3,21.3,82.0
9493,1725477058434,abc0d16aaf15b3a4ee2e561195dfd82ab260497412e326bb57f2ee5bbe9042d8,512.0,1007.3,21.4,82.0
9494,1725477660069,abc0d16aaf15b3a4ee2e561195dfd82ab260497412e326bb57f2ee5bbe9042d8,549.0,1007.4,21.4,82.0
9495,1725478258359,abc0d16aaf15b3a4ee2e561195dfd82ab260497412e326bb57f2ee5bbe9042d8,512.0,1007.2,21.3,83.0
9496,1725478858306,abc0d16aaf15b3a4ee2e561195dfd82ab260497412e326bb57f2ee5bbe9042d8,519.0,1007.2,21.5,83.0
9497,1725479458249,abc0d16aaf15b3a4ee2e561195dfd82ab260497412e326bb57f2ee5bbe9042d8,527.0,1007.3,21.5,83.0
9498,1725480058263,abc0d16aaf15b3a4ee2e561195dfd82ab260497412e326bb57f2ee5bbe9042d8,541.0,1007.3,21.5,84.0
9499,1725480658222,abc0d16aaf15b3a4ee2e561195dfd82ab260497412e326bb57f2ee5bbe9042d8,562.0,1007.4,21.3,85.0
9500,1725481258173,abc0d16aaf15b3a4ee2e561195dfd82ab260497412e326bb57f2ee5bbe9042d8,550.0,1007.4,21.2,85.0
9501,1725481858180,abc0d16aaf15b3a4ee2e561195dfd82ab260497412e326bb57f2ee5bbe9042d8,526.0,1007.4,21.1,86.0
9502,1725482458145,abc0d16aaf15b3a4ee2e561195dfd82ab260497412e326bb57f2ee5bbe9042d8,522.0,1007.3,21.1,90.0
9503,1725483058084,abc0d16aaf15b3a4ee2e561195dfd82ab260497412e326bb57f2ee5bbe9042d8,538.0,1007.2,21.0,90.0
9504,1725483658089,abc0d16aaf15b3a4ee2e561195dfd82ab260497412e326bb57f2ee5bbe9042d8,539.0,1007.1,20.9,91.0
9505,1725484258051,abc0d16aaf15b3a4ee2e561195dfd82ab260497412e326bb57f2ee5bbe9042d8,532.0,1007.1,20.9,93.0
9506,1725484858023,abc0d16aaf15b3a4ee2e561195dfd82ab260497412e326bb57f2ee5bbe9042d8,538.0,1007.3,20.9,93.0
9507,1725485457995,abc0d16aaf15b3a4ee2e561195dfd82ab260497412e326bb57f2ee5bbe9042d8,590.0,1007.3,20.7,93.0
9508,1725486057983,abc0d16aaf15b3a4ee2e561195dfd82ab260497412e326bb57f2ee5bbe9042d8,576.0,1007.3,20.6,94.0
9509,1725486657913,abc0d16aaf15b3a4ee2e561195dfd82ab260497412e326bb57f2ee5bbe9042d8,593.0,1007.2,20.7,94.0
9510,1725487257907,abc0d16aaf15b3a4ee2e561195dfd82ab260497412e326bb57f2ee5bbe9042d8,585.0,1007.1,20.6,94.0
9511,1725487857841,abc0d16aaf15b3a4ee2e561195dfd82ab260497412e326bb57f2ee5bbe9042d8,570.0,1006.9,20.6,95.0
9512,1725488457845,abc0d16aaf15b3a4ee2e561195dfd82ab260497412e326bb57f2ee5bbe9042d8,582.0,1007.0,20.5,95.0
9513,1725489057827,abc0d16aaf15b3a4ee2e561195dfd82ab260497412e326bb57f2ee5bbe9042d8,602.0,1006.9,20.5,96.0
9514,1725489657803,abc0d16aaf15b3a4ee2e561195dfd82ab260497412e326bb57f2ee5bbe9042d8,590.0,1006.8,20.4,96.0
9515,1725490257747,abc0d16aaf15b3a4ee2e561195dfd82ab260497412e326bb57f2ee5bbe9042d8,583.0,1006.8,20.5,96.0
9516,1725490857781,abc0d16aaf15b3a4ee2e561195dfd82ab260497412e326bb57f2ee5bbe9042d8,601.0,1006.7,20.4,97.0
9517,1725491457702,abc0d16aaf15b3a4ee2e561195dfd82ab260497412e326bb57f2ee5bbe9042d8,590.0,1006.5,20.5,98.0
9518,1725492057651,abc0d16aaf15b3a4ee2e561195dfd82ab260497412e326bb57f2ee5bbe9042d8,565.0,1006.4,20.5,98.0
9519,1725492657643,abc0d16aaf15b3a4ee2e561195dfd82ab260497412e326bb57f2ee5bbe9042d8,563.0,1005.9,20.5,99.0
9520,1725493257638,abc0d16aaf15b3a4ee2e561195dfd82ab260497412e326bb57f2ee5bbe9042d8,558.0,1005.8,20.5,99.0
9521,1725493857574,abc0d16aaf15b3a4ee2e561195dfd82ab260497412e326bb57f2ee5bbe9042d8,605.0,1005.4,20.5,99.0
9522,1725494485138,abc0d16aaf15b3a4ee2e561195dfd82ab260497412e326bb57f2ee5bbe9042d8,605.0,1005.6,20.2,99.0
9523,1725495108354,abc0d16aaf15b3a4ee2e561195dfd82ab260497412e326bb57f2ee5bbe9042d8,605.0,1005.3,20.1,100.0
9524,1725495703947,abc0d16aaf15b3a4ee2e561195dfd82ab260497412e326bb57f2ee5bbe9042d8,626.0,1005.1,20.1,100.0
9525,1725496303967,abc0d16aaf15b3a4ee2e561195dfd82ab260497412e326bb57f2ee5bbe9042d8,650.0,1005.0,19.9,100.0
9526,1725496903911,abc0d16aaf15b3a4ee2e561195dfd82ab260497412e326bb57f2ee5bbe9042d8,678.0,1005.3,19.6,100.0
9527,1725497503908,abc0d16aaf15b3a4ee2e561195dfd82ab260497412e326bb57f2ee5bbe9042d8,583.0,1005.4,19.6,100.0
9528,1725498103855,abc0d16aaf15b3a4ee2e561195dfd82ab260497412e326bb57f2ee5bbe9042d8,569.0,1005.2,19.8,100.0
9529,1725498703818,abc0d16aaf15b3a4ee2e561195dfd82ab260497412e326bb57f2ee5bbe9042d8,627.0,1004.9,19.8,100.0
9530,1725499303784,abc0d16aaf15b3a4ee2e561195dfd82ab260497412e326bb57f2ee5bbe9042d8,589.0,1004.8,19.8,100.0
9531,1725499903768,abc0d16aaf15b3a4ee2e561195dfd82ab260497412e326bb57f2ee5bbe9042d8,633.0,1004.8,19.7,100.0
9532,1725500531328,abc0d16aaf15b3a4ee2e561195dfd82ab260497412e326bb57f2ee5bbe9042d8,633.0,1004.7,19.5,100.0
9533,1725501154482,abc0d16aaf15b3a4ee2e561195dfd82ab260497412e326bb57f2ee5bbe9042d8,633.0,1004.6,19.6,100.0
9534,1725501750083,abc0d16aaf15b3a4ee2e561195dfd82ab260497412e326bb57f2ee5bbe9042d8,683.0,1004.6,19.7,100.0
9535,1725502350066,abc0d16aaf15b3a4ee2e561195dfd82ab260497412e326bb57f2ee5bbe9042d8,633.0,1004.5,19.7,100.0
9536,1725502977627,abc0d16aaf15b3a4ee2e561195dfd82ab260497412e326bb57f2ee5bbe9042d8,633.0,1004.4,19.9,100.0
9537,1725503600814,abc0d16aaf15b3a4ee2e561195dfd82ab260497412e326bb57f2ee5bbe9042d8,633.0,1004.2,20.0,100.0
