timestamp,plot_id,soil_moisture_pct,soil_temp_c,air_temp_c,air_humidity_pct,rainfall_mm_24h,days_since_planting,crop_growth_stage,water_applied_l,irrigated_next_flag
2023-08-22,consortium0_sector0_ELMED_3342387_management1_97780228_183173852_10223718,0.0,29.282526,28.99553,58.725437,0.0,0,establishment,0.0,False
2023-08-23,consortium0_sector0_ELMED_3342387_management1_97780228_183173852_10223718,0.0,29.403673,29.453138,57.515465,6.1,1,establishment,0.0,False
2023-08-24,consortium0_sector0_ELMED_3342387_management1_97780228_183173852_10223718,0.0,28.965511,29.255442,58.179173,75.700005,2,establishment,0.0,False
2023-08-25,consortium0_sector0_ELMED_3342387_management1_97780228_183173852_10223718,0.0,29.22536,28.476624,61.99032,0.0,3,establishment,0.0,False
2023-08-26,consortium0_sector0_ELMED_3342387_management1_97780228_183173852_10223718,0.0,28.457682,26.874603,62.612106,90.90001,4,establishment,0.0,False
2023-08-27,consortium0_sector0_ELMED_3342387_management1_97780228_183173852_10223718,0.0,23.912575,22.317469,87.765976,863.7,5,establishment,0.0,False
2023-08-28,consortium0_sector0_ELMED_3342387_management1_97780228_183173852_10223718,0.0,21.552444,19.959293,85.598206,2504.5,6,establishment,0.0,False
2023-08-29,consortium0_sector0_ELMED_3342387_management1_97780228_183173852_10223718,0.0,18.506105,18.339533,70.09204,173.09999,7,establishment,0.0,False
2023-08-30,consortium0_sector0_ELMED_3342387_management1_97780228_183173852_10223718,0.0,19.017183,18.965195,63.561966,31.5,8,establishment,0.0,False
2023-08-31,consortium0_sector0_ELMED_3342387_management1_97780228_183173852_10223718,0.0,20.076717,18.787323,71.3256,37.600002,9,establishment,0.0,False
2023-09-01,consortium0_sector0_ELMED_3342387_management1_97780228_183173852_10223718,0.0,21.077791,19.913996,78.24689,0.0,10,establishment,0.0,False
2023-09-02,consortium0_sector0_ELMED_3342387_management1_97780228_183173852_10223718,0.0,22.87195,21.80601,74.92957,0.0,11,establishment,0.0,False
2023-09-03,consortium0_sector0_ELMED_3342387_management1_97780228_183173852_10223718,0.0,23.518827,24.035934,61.506832,0.0,12,establishment,0.0,False
2023-09-04,consortium0_sector0_ELMED_3342387_management1_97780228_183173852_10223718,0.0,23.991995,24.60377,59.63582,0.0,13,establishment,0.0,False
2023-09-05,consortium0_sector0_ELMED_3342387_management1_97780228_183173852_10223718,0.0,23.810083,21.98745,73.404594,0.0,14,establishment,0.0,False
2023-09-06,consortium0_sector0_ELMED_3342387_management1_97780228_183173852_10223718,0.0,23.843763,22.592152,72.14051,0.0,15,vegetative,0.0,False
2023-09-07,consortium0_sector0_ELMED_3342387_management1_97780228_183173852_10223718,0.0,23.226938,22.205252,73.27995,0.0,16,vegetative,0.0,False
2023-09-08,consortium0_sector0_ELMED_3342387_management1_97780228_183173852_10223718,0.0,23.873024,22.946571,71.49528,0.0,17,vegetative,0.0,False
2023-09-09,consortium0_sector0_ELMED_3342387_management1_97780228_183173852_10223718,0.0,24.055126,22.951054,74.32956,0.0,18,vegetative,0.0,False
2023-09-10,consortium0_sector0_ELMED_3342387_management1_97780228_183173852_10223718,0.0,24.78104,23.64916,74.511604,0.0,19,vegetative,0.0,False
2023-09-11,consortium0_sector0_ELMED_3342387_management1_97780228_183173852_10223718,0.0,24.772076,24.506641,65.86429,0.0,20,vegetative,0.0,False
2023-09-12,consortium0_sector0_ELMED_3342387_management1_97780228_183173852_10223718,0.0,24.157934,24.381641,66.65323,0.0,21,vegetative,0.0,False
2023-09-13,consortium0_sector0_ELMED_3342387_management1_97780228_183173852_10223718,0.0,22.721666,21.366302,81.673225,484.6,22,vegetative,0.0,False
2023-09-14,consortium0_sector0_ELMED_3342387_management1_97780228_183173852_10223718,0.0,22.164818,21.798813,71.86208,0.0,23,vegetative,0.0,False
2023-09-15,consortium0_sector0_ELMED_3342387_management1_97780228_183173852_10223718,0.0,21.248436,20.467154,77.878914,32.5,24,vegetative,0.0,False
2023-09-16,consortium0_sector0_ELMED_3342387_management1_97780228_183173852_10223718,0.0,21.388618,20.042658,77.92769,0.5,25,vegetative,0.0,False
2023-09-17,consortium0_sector0_ELMED_3342387_management1_97780228_183173852_10223718,0.0,22.212513,21.030537,79.106674,0.0,26,vegetative,0.0,False
2023-09-18,consortium0_sector0_ELMED_3342387_management1_97780228_183173852_10223718,0.0,21.724508,20.685114,86.17004,547.60004,27,vegetative,0.0,False
2023-09-19,consortium0_sector0_ELMED_3342387_management1_97780228_183173852_10223718,0.0,21.877853,21.427727,75.07078,142.8,28,vegetative,0.0,False
2023-09-20,consortium0_sector0_ELMED_3342387_management1_97780228_183173852_10223718,0.0,21.22394,20.129717,78.058014,49.8,29,vegetative,0.0,False
2023-09-21,consortium0_sector0_ELMED_3342387_management1_97780228_183173852_10223718,0.0,21.097708,20.78644,73.674675,78.200005,30,vegetative,0.0,False
2023-09-22,consortium0_sector0_ELMED_3342387_management1_97780228_183173852_10223718,0.0,19.353518,18.81204,89.14688,1211.6,31,vegetative,0.0,False
2023-10-26,consortium0_sector0_ELMED_3342387_management1_97780228_183173852_10223718,0.0,14.309356,14.68142,83.984985,354.9,65,flowering,0.0,False
2023-10-27,consortium0_sector0_ELMED_3342387_management1_97780228_183173852_10223718,0.0,15.261661,15.685682,79.78234,1008.5,66,flowering,0.0,False
2023-10-28,consortium0_sector0_ELMED_3342387_management1_97780228_183173852_10223718,0.0,12.680853,12.925076,76.97727,0.0,67,flowering,0.0,False
2023-10-29,consortium0_sector0_ELMED_3342387_management1_97780228_183173852_10223718,0.0,11.622835,12.222109,83.23185,108.200005,68,flowering,0.0,False
2023-10-30,consortium0_sector0_ELMED_3342387_management1_97780228_183173852_10223718,0.0,13.617279,14.849413,91.51501,3671.1,69,flowering,0.0,False
2023-10-31,consortium0_sector0_ELMED_3342387_management1_97780228_183173852_10223718,0.0,12.222582,12.897109,74.41685,1231.7,70,maturity,0.0,False
2023-11-01,consortium0_sector0_ELMED_3342387_management1_97780228_183173852_10223718,0.0,10.056736,10.372078,78.54761,56.899998,71,maturity,0.0,False
2023-11-02,consortium0_sector0_ELMED_3342387_management1_97780228_183173852_10223718,0.0,11.098277,11.181357,89.53332,2317.2,72,maturity,0.0,False
2023-11-03,consortium0_sector0_ELMED_3342387_management1_97780228_183173852_10223718,0.0,9.324728,8.41207,85.65028,739.2,73,maturity,0.0,False
2023-11-04,consortium0_sector0_ELMED_3342387_management1_97780228_183173852_10223718,0.0,7.72416,7.550865,82.87789,765.10004,74,maturity,0.0,False
2023-11-05,consortium0_sector0_ELMED_3342387_management1_97780228_183173852_10223718,0.0,8.196731,7.4586616,88.932106,901.2,75,maturity,0.0,False
2023-11-06,consortium0_sector0_ELMED_3342387_management1_97780228_183173852_10223718,0.0,7.508031,8.067658,79.46058,0.0,76,maturity,0.0,False
2023-11-08,consortium0_sector0_ELMED_3342387_management1_97780228_183173852_10223718,0.0096153846153846,6.196541,6.1178474,76.57745,0.0,78,maturity,0.0,False
2023-11-09,consortium0_sector0_ELMED_3342387_management1_97780228_183173852_10223718,7.524038461538462,6.64774,7.6791477,71.64765,405.69998,79,maturity,0.0,False
2023-11-13,consortium0_sector0_ELMED_3342387_management1_97780228_183173852_10223718,3.1602564102564106,6.701149,8.335082,71.67879,0.0,83,maturity,0.0,False
2023-11-14,consortium0_sector0_ELMED_3342387_management1_97780228_183173852_10223718,3.0473372781065087,7.52113,9.993573,78.50023,105.09999,84,maturity,0.0,False
2023-11-15,consortium0_sector0_ELMED_3342387_management1_97780228_183173852_10223718,4.103047895500725,7.7103662,9.364407,71.78832,6.1,85,maturity,0.0,False
2023-11-16,consortium0_sector0_ELMED_3342387_management1_97780228_183173852_10223718,4.123219373219373,6.172456,6.5919003,71.71719,0.0,86,maturity,0.0,False
2023-11-17,consortium0_sector0_ELMED_3342387_management1_97780228_183173852_10223718,4.113428943937418,6.2293057,6.5771904,68.40206,0.0,87,maturity,0.0,False
2023-11-18,consortium0_sector0_ELMED_3342387_management1_97780228_183173852_10223718,4.093220338983051,6.0772223,6.168384,63.805042,0.0,88,maturity,0.0,False
2023-11-19,consortium0_sector0_ELMED_3342387_management1_97780228_183173852_10223718,4.07847850678733,6.4199305,8.570815,64.59151,0.0,89,maturity,0.0,False
2023-11-20,consortium0_sector0_ELMED_3342387_management1_97780228_183173852_10223718,4.050581771170006,5.4751387,9.819805,66.88346,0.0,90,maturity,0.0,False
2023-11-21,consortium0_sector0_ELMED_3342387_management1_97780228_183173852_10223718,4.027188328912467,5.8919315,8.049791,65.86609,0.0,91,maturity,0.0,False
2023-11-22,consortium0_sector0_ELMED_3342387_management1_97780228_183173852_10223718,3.991389207807119,6.2436366,6.6855874,68.20428,0.0,92,maturity,0.0,False
2023-11-23,consortium0_sector0_ELMED_3342387_management1_97780228_183173852_10223718,3.9643491124260355,5.268731,7.236345,61.72216,0.0,93,maturity,0.0,False
2023-11-24,consortium0_sector0_ELMED_3342387_management1_97780228_183173852_10223718,3.9329975579975582,6.2467613,8.857589,58.839844,0.0,94,maturity,0.0,False
2023-11-25,consortium0_sector0_ELMED_3342387_management1_97780228_183173852_10223718,3.897986778846154,4.4948673,3.1891856,53.46176,1.0,95,maturity,0.0,False
2023-11-26,consortium0_sector0_ELMED_3342387_management1_97780228_183173852_10223718,3.866963260619977,4.2470455,3.577096,56.02265,0.0,96,maturity,0.0,False
2023-11-27,consortium0_sector0_ELMED_3342387_management1_97780228_183173852_10223718,3.8424269528920694,3.3008966,3.9546847,57.317383,0.0,97,maturity,0.0,False
2023-11-28,consortium0_sector0_ELMED_3342387_management1_97780228_183173852_10223718,3.817235396182764,3.7787373,4.5724564,64.65279,0.0,98,maturity,0.0,False
2023-11-29,consortium0_sector0_ELMED_3342387_management1_97780228_183173852_10223718,3.7984384037015615,4.4454355,3.6332512,61.843258,0.0,99,maturity,0.0,False
2023-11-30,consortium0_sector0_ELMED_3342387_management1_97780228_183173852_10223718,3.7859848484848486,3.6810102,4.3501387,79.43873,308.80002,100,maturity,0.0,False
2023-12-01,consortium0_sector0_ELMED_3342387_management1_97780228_183173852_10223718,3.973806366047745,2.8161428,6.730032,87.48093,2312.9001,101,maturity,0.0,False
2023-12-02,consortium0_sector0_ELMED_3342387_management1_97780228_183173852_10223718,9.10897435897436,5.607399,6.170688,69.722206,1359.1,102,maturity,0.0,False
2023-12-03,consortium0_sector0_ELMED_3342387_management1_97780228_183173852_10223718,8.56975867269985,3.3169003,1.9953094,50.738373,0.0,103,maturity,0.0,False
2023-12-04,consortium0_sector0_ELMED_3342387_management1_97780228_183173852_10223718,8.19753846153846,2.2158587,1.720846,66.90371,106.1,104,maturity,0.0,False
2023-12-05,consortium0_sector0_ELMED_3342387_management1_97780228_183173852_10223718,7.987545787545788,1.7528852,2.7472034,73.51763,15.200001,105,maturity,0.0,False
2023-12-06,consortium0_sector0_ELMED_3342387_management1_97780228_183173852_10223718,7.900854700854701,3.793321,2.8934472,71.41454,0.0,106,maturity,0.0,False
2023-12-07,consortium0_sector0_ELMED_3342387_management1_97780228_183173852_10223718,7.8014128728414445,3.9986553,2.4680367,65.91764,0.0,107,maturity,0.0,False
2023-12-08,consortium0_sector0_ELMED_3342387_management1_97780228_183173852_10223718,7.680371352785146,3.443005,2.701149,72.134384,92.40001,108,maturity,0.0,False
2023-12-09,consortium0_sector0_ELMED_3342387_management1_97780228_183173852_10223718,7.581447963800905,2.8376706,5.242721,70.82651,39.100002,109,maturity,0.0,False
2023-12-10,consortium0_sector0_ELMED_3342387_management1_97780228_183173852_10223718,7.500890313390313,3.5931947,4.7926893,76.16806,0.0,110,maturity,0.0,False
2023-12-11,consortium0_sector0_ELMED_3342387_management1_97780228_183173852_10223718,7.4448874296435275,4.157557,5.2566733,72.86343,8.1,111,maturity,0.0,False
2023-12-12,consortium0_sector0_ELMED_3342387_management1_97780228_183173852_10223718,7.399155722326455,4.810051,7.0803156,78.30678,6.6,112,maturity,0.0,False
2023-12-13,consortium0_sector0_ELMED_3342387_management1_97780228_183173852_10223718,7.302494802494802,5.18524,6.1175632,92.08016,618.0,113,maturity,0.0,False
2023-12-14,consortium0_sector0_ELMED_3342387_management1_97780228_183173852_10223718,7.663776796973519,3.976149,4.814912,81.12953,0.0,114,maturity,0.0,False
2023-12-15,consortium0_sector0_ELMED_3342387_management1_97780228_183173852_10223718,8.008704453441295,4.5717297,5.3201203,63.98487,0.0,115,maturity,0.0,False
2023-12-16,consortium0_sector0_ELMED_3342387_management1_97780228_183173852_10223718,7.9183168316831685,4.4530745,5.2423425,56.079224,0.0,116,maturity,0.0,False
2023-12-17,consortium0_sector0_ELMED_3342387_management1_97780228_183173852_10223718,7.80810147299509,2.679779,6.5584407,51.243706,0.0,117,maturity,0.0,False
2023-12-18,consortium0_sector0_ELMED_3342387_management1_97780228_183173852_10223718,7.697684036393714,3.0942676,7.229716,54.672024,0.0,118,maturity,0.0,False
2023-12-19,consortium0_sector0_ELMED_3342387_management1_97780228_183173852_10223718,7.604606931530008,4.3245077,6.9078727,60.263474,0.0,119,maturity,0.0,False
2023-12-20,consortium0_sector0_ELMED_3342387_management1_97780228_183173852_10223718,7.531313818924438,4.359072,6.3794947,61.24962,0.0,120,maturity,0.0,False
2023-12-21,consortium0_sector0_ELMED_3342387_management1_97780228_183173852_10223718,7.4778502747252755,4.6022224,5.340701,68.69109,36.0,121,maturity,0.0,False
2023-12-22,consortium0_sector0_ELMED_3342387_management1_97780228_183173852_10223718,7.370562130177515,5.6297793,5.092879,89.33495,197.90001,122,maturity,0.0,False
2023-12-23,consortium0_sector0_ELMED_3342387_management1_97780228_183173852_10223718,7.297361729179911,5.7794003,5.062576,85.20018,0.0,123,maturity,0.0,False
2023-12-24,consortium0_sector0_ELMED_3342387_management1_97780228_183173852_10223718,7.254493170381021,5.7451515,8.626718,55.773663,0.0,124,maturity,0.0,False
2023-12-25,consortium0_sector0_ELMED_3342387_management1_97780228_183173852_10223718,7.2048816568047345,5.6478977,9.889691,65.40803,0.0,125,maturity,0.0,False
2023-12-26,consortium0_sector0_ELMED_3342387_management1_97780228_183173852_10223718,7.137599469496021,4.9267807,7.743573,73.50054,0.0,126,maturity,0.0,False
2023-12-27,consortium0_sector0_ELMED_3342387_management1_97780228_183173852_10223718,7.101320321469576,3.4840722,6.910461,51.993927,0.0,127,maturity,0.0,False
2023-12-28,consortium0_sector0_ELMED_3342387_management1_97780228_183173852_10223718,7.047809829059829,4.4202466,6.4570208,57.461292,0.0,128,maturity,0.0,False
2023-12-29,consortium0_sector0_ELMED_3342387_management1_97780228_183173852_10223718,6.971688034188034,5.1688576,5.7666163,83.87174,0.0,129,maturity,0.0,False
2023-12-30,consortium0_sector0_ELMED_3342387_management1_97780228_183173852_10223718,6.950512820512821,5.074981,5.9830303,79.21589,0.0,130,maturity,0.0,False
2023-12-31,consortium0_sector0_ELMED_3342387_management1_97780228_183173852_10223718,6.932186234817813,5.015701,5.522267,88.82301,944.39996,131,maturity,0.0,False
2024-01-01,consortium0_sector0_ELMED_3342387_management1_97780228_183173852_10223718,8.430502665651181,4.056073,3.9580934,89.88806,271.19998,132,maturity,0.0,False
2024-01-02,consortium0_sector0_ELMED_3342387_management1_97780228_183173852_10223718,8.23026973026973,2.831389,3.230821,73.01472,0.0,133,maturity,0.0,False
2024-01-03,consortium0_sector0_ELMED_3342387_management1_97780228_183173852_10223718,8.005329008341057,3.8746023,4.4248867,84.00706,0.0,134,maturity,0.0,False
2024-01-04,consortium0_sector0_ELMED_3342387_management1_97780228_183173852_10223718,7.885861823361823,3.927159,4.6127653,75.84063,6.6,135,maturity,0.0,False
2024-01-05,consortium0_sector0_ELMED_3342387_management1_97780228_183173852_10223718,7.860732009925558,4.121793,4.4092298,80.87472,678.3,136,maturity,0.0,False
2024-01-06,consortium0_sector0_ELMED_3342387_management1_97780228_183173852_10223718,9.037580739870815,4.5052214,5.1863766,92.02766,688.0,137,maturity,0.0,False
2024-01-07,consortium0_sector0_ELMED_3342387_management1_97780228_183173852_10223718,8.784965034965035,4.347614,5.7102084,72.21565,117.3,138,maturity,0.0,False
2024-01-08,consortium0_sector0_ELMED_3342387_management1_97780228_183173852_10223718,8.342194570135748,4.0182576,4.770341,63.077015,0.0,139,maturity,0.0,False
2024-01-09,consortium0_sector0_ELMED_3342387_management1_97780228_183173852_10223718,8.115789473684211,3.775139,4.7051263,72.747116,0.0,140,maturity,0.0,False
2024-01-10,consortium0_sector0_ELMED_3342387_management1_97780228_183173852_10223718,7.963461538461539,4.0886173,3.8901958,80.73706,0.0,141,maturity,0.0,False
2024-01-11,consortium0_sector0_ELMED_3342387_management1_97780228_183173852_10223718,7.85847018150389,2.9964142,3.2419004,65.28509,0.0,142,maturity,0.0,False
2024-01-12,consortium0_sector0_ELMED_3342387_management1_97780228_183173852_10223718,7.757294429708223,4.1021276,3.603264,58.663425,0.0,143,maturity,0.0,False
2024-01-13,consortium0_sector0_ELMED_3342387_management1_97780228_183173852_10223718,7.680429864253394,3.9807262,2.8934155,54.269062,0.0,144,maturity,0.0,False
2024-01-14,consortium0_sector0_ELMED_3342387_management1_97780228_183173852_10223718,7.572561459159397,3.4101768,3.1668055,50.982616,0.0,145,maturity,0.0,False
2024-01-15,consortium0_sector0_ELMED_3342387_management1_97780228_183173852_10223718,7.49247491638796,3.0562942,3.1077461,58.460922,0.0,146,maturity,0.0,False
2024-01-16,consortium0_sector0_ELMED_3342387_management1_97780228_183173852_10223718,7.435031185031185,4.002222,3.062008,55.362106,0.0,147,maturity,0.0,False
2024-01-17,consortium0_sector0_ELMED_3342387_management1_97780228_183173852_10223718,7.3488767869298846,3.4190469,3.6172159,78.97888,491.0,148,maturity,0.0,False
2024-01-18,consortium0_sector0_ELMED_3342387_management1_97780228_183173852_10223718,7.372781065088757,3.1619446,5.7107134,87.147415,494.5,149,maturity,0.0,False
2024-01-19,consortium0_sector0_ELMED_3342387_management1_97780228_183173852_10223718,8.045554854981084,3.3871653,2.1636174,62.046413,208.2,150,maturity,0.0,False
2024-01-20,consortium0_sector0_ELMED_3342387_management1_97780228_183173852_10223718,8.28525641025641,2.1579356,-0.6682006,41.12848,0.0,151,maturity,0.0,False
2024-01-21,consortium0_sector0_ELMED_3342387_management1_97780228_183173852_10223718,8.048802612481857,2.1695204,1.2889332,35.24871,0.0,152,maturity,0.0,False
2024-01-22,consortium0_sector0_ELMED_3342387_management1_97780228_183173852_10223718,7.896794871794872,1.8139017,4.0906377,32.819775,0.0,153,maturity,0.0,False
2024-01-23,consortium0_sector0_ELMED_3342387_management1_97780228_183173852_10223718,7.739095955590801,2.4917107,5.221225,52.468285,0.0,154,maturity,0.0,False
2024-01-24,consortium0_sector0_ELMED_3342387_management1_97780228_183173852_10223718,7.6506410256410255,5.021635,8.159041,60.922962,0.0,155,maturity,0.0,False
2024-01-25,consortium0_sector0_ELMED_3342387_management1_97780228_183173852_10223718,7.573121645796064,5.086976,8.444426,79.3501,1.0,156,maturity,0.0,False
2024-01-26,consortium0_sector0_ELMED_3342387_management1_97780228_183173852_10223718,7.532129455909943,5.4234347,8.89149,70.75514,0.0,157,maturity,0.0,False
2024-01-27,consortium0_sector0_ELMED_3342387_management1_97780228_183173852_10223718,7.5054945054945055,5.4979296,6.7936997,71.13025,0.0,158,maturity,0.0,False
2024-01-28,consortium0_sector0_ELMED_3342387_management1_97780228_183173852_10223718,7.50887573964497,4.888933,5.655095,58.040222,0.0,159,maturity,0.0,False
2024-01-29,consortium0_sector0_ELMED_3342387_management1_97780228_183173852_10223718,7.488508442776735,3.9105873,5.965669,55.528717,0.0,160,maturity,0.0,False
2024-01-30,consortium0_sector0_ELMED_3342387_management1_97780228_183173852_10223718,7.455267558528428,3.8649433,7.1085353,53.885735,0.0,161,maturity,0.0,False
2024-01-31,consortium0_sector0_ELMED_3342387_management1_97780228_183173852_10223718,7.420272435897435,3.5609343,7.9126706,53.394226,0.0,162,maturity,0.0,False
2024-02-01,consortium0_sector0_ELMED_3342387_management1_97780228_183173852_10223718,7.371860282574567,3.4189205,4.710177,70.14836,0.0,163,maturity,0.0,False
2024-02-02,consortium0_sector0_ELMED_3342387_management1_97780228_183173852_10223718,7.338461538461538,3.3649116,6.8074937,63.888027,0.0,164,maturity,0.0,False
2024-02-03,consortium0_sector0_ELMED_3342387_management1_97780228_183173852_10223718,7.294038461538462,4.2057576,8.846193,65.70354,0.0,165,maturity,0.0,False
2024-02-04,consortium0_sector0_ELMED_3342387_management1_97780228_183173852_10223718,7.266087278106509,4.934356,9.043858,60.710472,0.0,166,maturity,0.0,False
2024-02-05,consortium0_sector0_ELMED_3342387_management1_97780228_183173852_10223718,7.22847565278758,6.2930994,10.305789,58.772938,0.0,167,maturity,0.0,False
2024-02-06,consortium0_sector0_ELMED_3342387_management1_97780228_183173852_10223718,7.194230769230769,5.5892487,8.17173,64.57232,0.0,168,maturity,0.0,False
2024-02-07,consortium0_sector0_ELMED_3342387_management1_97780228_183173852_10223718,7.151800327332242,6.3375444,7.268984,80.984024,0.0,169,maturity,0.0,False
2024-02-08,consortium0_sector0_ELMED_3342387_management1_97780228_183173852_10223718,7.117452440033085,7.71327,8.490227,84.31999,0.0,170,maturity,0.0,False
2024-02-09,consortium0_sector0_ELMED_3342387_management1_97780228_183173852_10223718,7.077257525083612,8.624191,9.85137,88.04769,1104.6,171,maturity,0.0,False
2024-02-10,consortium0_sector0_ELMED_3342387_management1_97780228_183173852_10223718,7.6306865177832925,8.21286,8.648719,93.10485,577.3,172,maturity,0.0,False
2024-02-11,consortium0_sector0_ELMED_3342387_management1_97780228_183173852_10223718,8.574038461538462,7.7448044,8.414502,90.15858,461.9,173,maturity,0.0,False
2024-02-12,consortium0_sector0_ELMED_3342387_management1_97780228_183173852_10223718,8.447003577817531,6.5482764,8.889154,65.750946,0.0,174,maturity,0.0,False
2024-02-13,consortium0_sector0_ELMED_3342387_management1_97780228_183173852_10223718,8.211923076923078,6.5532637,7.389375,59.549137,0.0,175,maturity,0.0,False
2024-02-14,consortium0_sector0_ELMED_3342387_management1_97780228_183173852_10223718,8.072363203806503,6.2485604,7.4202466,55.64547,0.0,176,maturity,0.0,False
2024-02-15,consortium0_sector0_ELMED_3342387_management1_97780228_183173852_10223718,7.9404083570750235,6.986692,10.166932,54.995384,0.0,177,maturity,0.0,False
2024-02-16,consortium0_sector0_ELMED_3342387_management1_97780228_183173852_10223718,7.8374125874125875,7.257052,11.271068,58.22963,0.0,178,maturity,0.0,False
2024-02-17,consortium0_sector0_ELMED_3342387_management1_97780228_183173852_10223718,7.745350803043111,8.4236555,12.641617,63.780952,0.0,179,maturity,0.0,False
2024-02-18,consortium0_sector0_ELMED_3342387_management1_97780228_183173852_10223718,7.6399136577708004,9.686471,12.296446,70.105156,0.0,180,maturity,0.0,False
2024-02-19,consortium0_sector0_ELMED_3342387_management1_97780228_183173852_10223718,7.55938292476754,9.570278,10.747803,68.20793,18.300001,181,maturity,0.0,False
2024-02-20,consortium0_sector0_ELMED_3342387_management1_97780228_183173852_10223718,7.471906354515051,8.459482,9.172456,58.518627,0.0,182,maturity,0.0,False
2024-02-21,consortium0_sector0_ELMED_3342387_management1_97780228_183173852_10223718,7.395039539899353,7.1921844,8.056357,54.723198,0.0,183,maturity,0.0,False
2024-02-22,consortium0_sector0_ELMED_3342387_management1_97780228_183173852_10223718,7.282937806873977,7.9911737,8.745877,82.16882,539.3,184,maturity,0.0,False
2024-02-23,consortium0_sector0_ELMED_3342387_management1_97780228_183173852_10223718,8.111210494931425,6.419236,5.5316415,96.35352,1856.7001,185,maturity,0.0,False
2024-02-24,consortium0_sector0_ELMED_3342387_management1_97780228_183173852_10223718,8.857843137254902,4.4949307,4.549129,84.50083,375.9,186,maturity,0.0,False
2024-02-25,consortium0_sector0_ELMED_3342387_management1_97780228_183173852_10223718,8.90081908831909,5.706799,6.257841,78.040535,382.0,187,maturity,0.0,False
2024-02-26,consortium0_sector0_ELMED_3342387_management1_97780228_183173852_10223718,8.535627530364373,5.6719193,5.9588194,88.62233,621.0,188,maturity,0.0,False
2024-02-27,consortium0_sector0_ELMED_3342387_management1_97780228_183173852_10223718,9.263105413105412,5.6466665,6.10238,94.39685,1881.8,189,maturity,0.0,False
2024-02-28,consortium0_sector0_ELMED_3342387_management1_97780228_183173852_10223718,9.202686202686202,7.5932574,9.4733715,82.39117,560.60004,190,maturity,0.0,False
2024-02-29,consortium0_sector0_ELMED_3342387_management1_97780228_183173852_10223718,8.787932251235004,8.670151,9.803169,79.05319,13.2,191,maturity,0.0,False
2024-03-01,consortium0_sector0_ELMED_3342387_management1_97780228_183173852_10223718,8.637429643527204,8.797266,9.815165,87.742546,629.39996,192,maturity,0.0,False
2024-03-02,consortium0_sector0_ELMED_3342387_management1_97780228_183173852_10223718,8.657273419649657,9.025076,9.993983,82.46949,176.5,193,maturity,0.0,False
2024-03-03,consortium0_sector0_ELMED_3342387_management1_97780228_183173852_10223718,8.50668016194332,9.275044,9.908441,75.51209,22.300001,194,maturity,0.0,False
2024-03-04,consortium0_sector0_ELMED_3342387_management1_97780228_183173852_10223718,8.386153846153846,9.227254,10.559987,69.94262,0.0,195,maturity,0.0,False
2024-03-05,consortium0_sector0_ELMED_3342387_management1_97780228_183173852_10223718,8.263806706114398,9.197298,10.251623,75.51166,497.9,196,maturity,0.0,False
2024-03-06,consortium0_sector0_ELMED_3342387_management1_97780228_183173852_10223718,52.00614778186417,8.706894,8.785176,78.412476,843.89996,197,maturity,0.0,False
2024-03-07,consortium0_sector0_ELMED_3342387_management1_97780228_183173852_10223718,42.25352112676056,7.7513385,8.173308,68.9957,43.200005,198,maturity,0.0,False
2024-03-08,consortium0_sector0_ELMED_3342387_management1_97780228_183173852_10223718,0.0,8.17072,7.6448045,83.54096,240.8,199,maturity,0.0,False
2024-03-09,consortium0_sector0_ELMED_3342387_management1_97780228_183173852_10223718,0.0,8.847393,8.955001,80.55323,67.5,200,maturity,0.0,False
2024-03-10,consortium0_sector0_ELMED_3342387_management1_97780228_183173852_10223718,0.0,6.8878284,6.087166,95.05769,2153.2,201,maturity,0.0,False
2024-03-11,consortium0_sector0_ELMED_3342387_management1_97780228_183173852_10223718,2.546695154731546,5.551875,7.356073,75.43521,0.0,202,maturity,0.0,False
2024-03-12,consortium0_sector0_ELMED_3342387_management1_97780228_183173852_10223718,4.223716519751508,6.4574623,8.575045,60.00459,0.0,203,maturity,0.0,False
2024-03-13,consortium0_sector0_ELMED_3342387_management1_97780228_183173852_10223718,4.08260986051178,7.907967,9.782683,62.242046,26.4,204,maturity,0.0,False
2024-03-14,consortium0_sector0_ELMED_3342387_management1_97780228_183173852_10223718,4.062513936582973,8.443447,10.451244,67.35986,0.0,205,maturity,0.0,False
2024-03-15,consortium0_sector0_ELMED_3342387_management1_97780228_183173852_10223718,4.052041589949096,9.649065,12.2329035,72.11478,0.0,206,maturity,0.0,False
2024-03-16,consortium0_sector0_ELMED_3342387_management1_97780228_183173852_10223718,4.052966875930642,11.600013,12.405348,75.37223,25.4,207,maturity,0.0,False
2024-03-17,consortium0_sector0_ELMED_3342387_management1_97780228_183173852_10223718,4.1223720690857375,10.491111,11.590007,67.42552,0.0,208,maturity,0.0,False
2024-03-18,consortium0_sector0_ELMED_3342387_management1_97780228_183173852_10223718,4.091747479433764,8.886313,10.166648,75.62568,194.5,209,maturity,0.0,False
2024-03-19,consortium0_sector0_ELMED_3342387_management1_97780228_183173852_10223718,4.049413548588503,9.6431,11.531011,68.26965,0.0,210,maturity,0.0,False
2024-03-20,consortium0_sector0_ELMED_3342387_management1_97780228_183173852_10223718,3.9975317368478054,10.831831,11.313807,76.37536,0.0,211,maturity,0.0,False
2024-03-21,consortium0_sector0_ELMED_3342387_management1_97780228_183173852_10223718,3.987953217678277,11.151749,12.882714,67.55197,12.2,212,maturity,0.0,False
2024-03-22,consortium0_sector0_ELMED_3342387_management1_97780228_183173852_10223718,3.968123748203637,11.404716,12.627349,62.903484,0.0,213,maturity,0.0,False
2024-03-23,consortium0_sector0_ELMED_3342387_management1_97780228_183173852_10223718,3.9339263994414777,10.387039,11.905663,68.07996,173.40001,214,maturity,0.0,False
2024-03-24,consortium0_sector0_ELMED_3342387_management1_97780228_183173852_10223718,3.9199426927708156,8.490354,8.7750435,47.229088,153.0,215,maturity,0.0,False
2024-03-25,consortium0_sector0_ELMED_3342387_management1_97780228_183173852_10223718,3.904888131353658,8.112071,7.769299,50.13747,0.0,216,maturity,0.0,False
2024-03-26,consortium0_sector0_ELMED_3342387_management1_97780228_183173852_10223718,3.8830290587317307,8.508315,8.269931,72.311066,83.3,217,maturity,0.0,False
2024-03-27,consortium0_sector0_ELMED_3342387_management1_97780228_183173852_10223718,4.080511178623439,7.877128,7.6684155,92.03532,1627.2001,218,maturity,0.0,False
2024-03-28,consortium0_sector0_ELMED_3342387_management1_97780228_183173852_10223718,4.150175043482139,7.4264646,8.200928,85.50384,282.80002,219,maturity,0.0,False
2024-03-29,consortium0_sector0_ELMED_3342387_management1_97780228_183173852_10223718,4.086920001527209,8.124223,8.511061,92.40909,272.19998,220,maturity,0.0,False
2024-03-30,consortium0_sector0_ELMED_3342387_management1_97780228_183173852_10223718,4.039676522618145,11.912954,13.170372,78.39477,470.69998,221,maturity,0.0,False
2024-03-31,consortium0_sector0_ELMED_3342387_management1_97780228_183173852_10223718,4.180385573486408,11.233283,11.564849,87.945,1966.2999,222,maturity,0.0,False
2024-04-01,consortium0_sector0_ELMED_3342387_management1_97780228_183173852_10223718,4.482629759273896,11.389596,12.297109,78.77527,1919.2001,223,maturity,0.0,False
2024-04-02,consortium0_sector0_ELMED_3342387_management1_97780228_183173852_10223718,4.064083635928334,9.914784,10.505032,72.131996,6.1,224,maturity,0.0,False
2024-04-03,consortium0_sector0_ELMED_3342387_management1_97780228_183173852_10223718,4.0071506100653975,9.58565,10.197488,71.35864,39.600002,225,maturity,0.0,False
2024-04-04,consortium0_sector0_ELMED_3342387_management1_97780228_183173852_10223718,3.9484238169012533,11.410113,12.730947,72.53483,0.0,226,maturity,0.0,False
2024-04-05,consortium0_sector0_ELMED_3342387_management1_97780228_183173852_10223718,3.958036911912954,13.35762,13.654621,79.111946,0.0,227,maturity,0.0,False
2024-04-06,consortium0_sector0_ELMED_3342387_management1_97780228_183173852_10223718,3.9695384615384612,14.691932,16.174475,74.536766,0.0,228,maturity,0.0,False
2024-04-07,consortium0_sector0_ELMED_3342387_management1_97780228_183173852_10223718,3.9813609467455624,15.74651,18.728485,64.1232,0.0,229,maturity,0.0,False
2024-04-08,consortium0_sector0_ELMED_3342387_management1_97780228_183173852_10223718,3.980916030534351,16.442122,18.171888,63.492004,0.0,230,maturity,0.0,False
2024-04-09,consortium0_sector0_ELMED_3342387_management1_97780228_183173852_10223718,3.9815993359158828,16.905159,17.830095,70.37268,575.2,231,maturity,0.0,False
2024-04-10,consortium0_sector0_ELMED_3342387_management1_97780228_183173852_10223718,3.971978021978022,11.604558,10.116995,79.945786,1180.7001,232,maturity,0.0,False
2024-04-11,consortium0_sector0_ELMED_3342387_management1_97780228_183173852_10223718,3.915236686390533,13.657683,15.572645,64.689445,0.0,233,maturity,0.0,False
2024-04-12,consortium0_sector0_ELMED_3342387_management1_97780228_183173852_10223718,3.919509925558313,15.504653,18.391554,61.06807,0.0,234,maturity,0.0,False
2024-04-13,consortium0_sector0_ELMED_3342387_management1_97780228_183173852_10223718,4.000280741156653,16.66529,19.046856,60.842518,0.0,235,maturity,0.0,False
2024-04-14,consortium0_sector0_ELMED_3342387_management1_97780228_183173852_10223718,4.029330381848368,17.421066,19.574444,64.65082,0.0,236,maturity,0.0,False
2024-04-15,consortium0_sector0_ELMED_3342387_management1_97780228_183173852_10223718,4.029187124931806,17.437986,18.101843,74.011246,0.0,237,maturity,0.0,False
2024-04-16,consortium0_sector0_ELMED_3342387_management1_97780228_183173852_10223718,3.9981884057971016,15.162986,14.262513,53.425343,0.0,238,maturity,0.0,False
2024-04-17,consortium0_sector0_ELMED_3342387_management1_97780228_183173852_10223718,4.020604395604395,11.990195,10.251591,49.8592,18.300001,239,maturity,0.0,False
2024-04-18,consortium0_sector0_ELMED_3342387_management1_97780228_183173852_10223718,4.001696832579186,9.834861,8.795973,54.49485,0.0,240,maturity,0.0,False
2024-04-19,consortium0_sector0_ELMED_3342387_management1_97780228_183173852_10223718,3.967704051673518,9.507178,9.019363,54.967484,6.6,241,maturity,0.0,False
2024-04-20,consortium0_sector0_ELMED_3342387_management1_97780228_183173852_10223718,3.9706696181516326,10.432273,9.51185,51.283066,6.1,242,maturity,0.0,False
2024-04-21,consortium0_sector0_ELMED_3342387_management1_97780228_183173852_10223718,3.9689241917502787,9.5273485,8.011218,56.76085,39.600002,243,maturity,0.0,False
2024-04-22,consortium0_sector0_ELMED_3342387_management1_97780228_183173852_10223718,3.928472606530161,7.828295,6.5076203,84.906624,470.7,244,maturity,0.0,False
2024-04-23,consortium0_sector0_ELMED_3342387_management1_97780228_183173852_10223718,3.9263076923076925,8.434324,8.477159,70.700745,204.0,245,maturity,0.0,False
2024-04-24,consortium0_sector0_ELMED_3342387_management1_97780228_183173852_10223718,3.9335915882678467,9.539974,9.489754,57.479862,31.5,246,maturity,0.0,False
2024-04-25,consortium0_sector0_ELMED_3342387_management1_97780228_183173852_10223718,3.914168552036199,9.012481,8.47615,62.37073,0.0,247,maturity,0.0,False
2024-04-26,consortium0_sector0_ELMED_3342387_management1_97780228_183173852_10223718,3.9294871794871797,10.759293,9.829527,69.921974,12.2,248,maturity,0.0,False
2024-04-27,consortium0_sector0_ELMED_3342387_management1_97780228_183173852_10223718,3.9159180235822575,12.213712,12.393478,69.93441,32.0,249,maturity,0.0,False
2024-04-28,consortium0_sector0_ELMED_3342387_management1_97780228_183173852_10223718,3.919871794871795,13.572298,14.154148,71.774284,7.1,250,maturity,0.0,False
2024-04-29,consortium0_sector0_ELMED_3342387_management1_97780228_183173852_10223718,4.113294314381271,14.691996,15.769425,66.787186,0.0,251,maturity,0.0,False
2024-04-30,consortium0_sector0_ELMED_3342387_management1_97780228_183173852_10223718,4.095171252105558,16.057747,18.01024,59.74789,38.600002,252,maturity,0.0,False
2024-05-01,consortium0_sector0_ELMED_3342387_management1_97780228_183173852_10223718,4.004772599663111,16.171446,16.808756,76.49828,431.5,253,maturity,0.0,False
2024-05-02,consortium0_sector0_ELMED_3342387_management1_97780228_183173852_10223718,3.9587104072398187,14.018068,13.838586,83.39019,865.2,254,maturity,0.0,False
2024-05-03,consortium0_sector0_ELMED_3342387_management1_97780228_183173852_10223718,3.9510989010989013,12.98704,13.143384,81.71435,169.09999,255,maturity,0.0,False
2024-05-04,consortium0_sector0_ELMED_3342387_management1_97780228_183173852_10223718,3.948948533480908,14.1386175,15.158599,72.680275,128.0,256,maturity,0.0,False
2024-05-05,consortium0_sector0_ELMED_3342387_management1_97780228_183173852_10223718,3.9386312217194575,15.553705,15.838775,72.3035,0.0,257,maturity,0.0,False
2024-05-06,consortium0_sector0_ELMED_3342387_management1_97780228_183173852_10223718,3.946756601607348,15.4804735,15.465922,75.51948,24.4,258,maturity,0.0,False
2024-05-07,consortium0_sector0_ELMED_3342387_management1_97780228_183173852_10223718,3.930708180708181,13.768227,14.2986555,81.377304,438.9,259,maturity,0.0,False
2024-05-08,consortium0_sector0_ELMED_3342387_management1_97780228_183173852_10223718,3.949463327370304,14.45721,14.798434,83.9793,364.9,260,maturity,0.0,False
2024-05-09,consortium0_sector0_ELMED_3342387_management1_97780228_183173852_10223718,3.941620879120879,15.998276,16.739847,69.66079,0.0,261,maturity,0.0,False
2024-05-10,consortium0_sector0_ELMED_3342387_management1_97780228_183173852_10223718,3.964366515837104,16.826496,17.092722,73.15861,0.0,262,maturity,0.0,False
2024-05-11,consortium0_sector0_ELMED_3342387_management1_97780228_183173852_10223718,3.9703054298642533,17.263584,17.594488,71.19605,13.2,263,maturity,0.0,False
2024-05-12,consortium0_sector0_ELMED_3342387_management1_97780228_183173852_10223718,3.975137362637363,17.740416,17.810493,73.96869,37.100002,264,maturity,0.0,False
2024-05-13,consortium0_sector0_ELMED_3342387_management1_97780228_183173852_10223718,3.965236686390533,17.31065,16.828611,81.07258,680.5,265,maturity,0.0,False
2024-05-14,consortium0_sector0_ELMED_3342387_management1_97780228_183173852_10223718,3.9703177257525084,17.36204,16.704243,76.29193,18.800001,266,maturity,0.0,False
2024-05-15,consortium0_sector0_ELMED_3342387_management1_97780228_183173852_10223718,3.9953258547008548,15.437355,15.163365,86.48668,1448.2001,267,maturity,0.0,False
2024-05-16,consortium0_sector0_ELMED_3342387_management1_97780228_183173852_10223718,4.291071428571429,15.755694,16.016521,77.523315,384.4,268,maturity,0.0,False
2024-05-17,consortium0_sector0_ELMED_3342387_management1_97780228_183173852_10223718,4.182409502262443,15.829085,15.856516,73.73383,114.600006,269,maturity,0.0,False
2024-05-18,consortium0_sector0_ELMED_3342387_management1_97780228_183173852_10223718,4.083333333333333,16.038397,15.955252,71.11792,6.1,270,maturity,0.0,False
2024-05-19,consortium0_sector0_ELMED_3342387_management1_97780228_183173852_10223718,4.0467032967032965,16.885113,17.26914,68.92466,14.2,271,maturity,0.0,False
2024-05-20,consortium0_sector0_ELMED_3342387_management1_97780228_183173852_10223718,4.034717494894486,17.654716,18.069458,71.84767,77.200005,272,maturity,0.0,False
2024-05-21,consortium0_sector0_ELMED_3342387_management1_97780228_183173852_10223718,4.241330390920555,15.804969,16.049824,90.01209,2438.9001,273,maturity,0.0,False
2024-05-22,consortium0_sector0_ELMED_3342387_management1_97780228_183173852_10223718,4.119950193691201,15.969299,15.990069,79.20578,24.4,274,maturity,0.0,False
2024-05-23,consortium0_sector0_ELMED_3342387_management1_97780228_183173852_10223718,4.058113419427288,15.976781,15.406736,78.248825,149.80002,275,maturity,0.0,False
2024-05-24,consortium0_sector0_ELMED_3342387_management1_97780228_183173852_10223718,4.029063042220937,16.307684,16.301369,71.761765,8.1,276,maturity,0.0,False
2024-05-25,consortium0_sector0_ELMED_3342387_management1_97780228_183173852_10223718,4.019093406593407,15.827034,15.394457,76.70824,321.1,277,maturity,0.0,False
2024-05-26,consortium0_sector0_ELMED_3342387_management1_97780228_183173852_10223718,3.9975772259236826,16.655285,17.439787,69.33089,0.0,278,maturity,0.0,False
2024-05-27,consortium0_sector0_ELMED_3342387_management1_97780228_183173852_10223718,4.005334081976418,18.282778,18.668417,73.906105,6.6,279,maturity,0.0,False
2024-05-28,consortium0_sector0_ELMED_3342387_management1_97780228_183173852_10223718,3.9977106227106227,18.022898,18.254337,68.985985,244.2,280,maturity,0.0,False
2024-05-29,consortium0_sector0_ELMED_3342387_management1_97780228_183173852_10223718,3.9954075774971294,17.98041,18.402569,64.118126,0.0,281,maturity,0.0,False
2024-05-30,consortium0_sector0_ELMED_3342387_management1_97780228_183173852_10223718,4.001301330248698,17.834072,17.153358,87.072815,2291.0999,282,maturity,0.0,False
2024-05-31,consortium0_sector0_ELMED_3342387_management1_97780228_183173852_10223718,4.254945054945055,15.01286,14.1675,82.206696,1179.5,283,maturity,0.0,False
2024-06-01,consortium0_sector0_ELMED_3342387_management1_97780228_183173852_10223718,4.107778415614237,15.197898,15.967437,73.98437,7.1,284,maturity,0.0,False
2024-06-02,consortium0_sector0_ELMED_3342387_management1_97780228_183173852_10223718,4.052884615384616,17.18707,18.402443,69.87061,85.1,285,maturity,0.0,False
2024-06-03,consortium0_sector0_ELMED_3342387_management1_97780228_183173852_10223718,4.214669051878355,17.644743,18.196604,75.29063,531.9,286,maturity,0.0,False
2024-06-04,consortium0_sector0_ELMED_3342387_management1_97780228_183173852_10223718,4.096308933002481,18.131483,18.518131,72.09506,33.0,287,maturity,0.0,False
2024-06-05,consortium0_sector0_ELMED_3342387_management1_97780228_183173852_10223718,4.052631578947368,19.180094,19.207243,77.19946,0.0,288,maturity,0.0,False
2024-06-06,consortium0_sector0_ELMED_3342387_management1_97780228_183173852_10223718,4.056535569693464,20.542753,20.922678,76.64307,18.800001,289,maturity,0.0,False
2024-06-07,consortium0_sector0_ELMED_3342387_management1_97780228_183173852_10223718,4.049749163879599,21.445215,22.082367,78.76556,0.0,290,maturity,0.0,False
2024-06-08,consortium0_sector0_ELMED_3342387_management1_97780228_183173852_10223718,4.057963163596966,21.857271,22.35175,80.74752,459.0,291,maturity,0.0,False
2024-06-09,consortium0_sector0_ELMED_3342387_management1_97780228_183173852_10223718,4.058384061981185,21.553328,22.684357,75.99743,137.1,292,maturity,0.0,False
2024-06-10,consortium0_sector0_ELMED_3342387_management1_97780228_183173852_10223718,4.02734375,21.332905,21.26747,77.17057,601.10004,293,maturity,0.0,False
2024-06-11,consortium0_sector0_ELMED_3342387_management1_97780228_183173852_10223718,4.008039092055485,19.003296,18.82356,80.491455,1903.2001,294,maturity,0.0,False
2024-06-12,consortium0_sector0_ELMED_3342387_management1_97780228_183173852_10223718,4.132061298076923,17.890259,17.124918,74.183136,516.3,295,maturity,0.0,False
2024-06-13,consortium0_sector0_ELMED_3342387_management1_97780228_183173852_10223718,4.144085081585081,17.908978,17.290321,65.93933,6.6,296,maturity,0.0,False
2024-06-14,consortium0_sector0_ELMED_3342387_management1_97780228_183173852_10223718,4.111242603550296,17.722328,17.533474,75.99364,58.4,297,maturity,0.0,False
2024-06-15,consortium0_sector0_ELMED_3342387_management1_97780228_183173852_10223718,4.051894796380091,18.098467,18.161976,80.20968,93.9,298,maturity,0.0,False
2024-06-16,consortium0_sector0_ELMED_3342387_management1_97780228_183173852_10223718,4.029542920847269,19.17293,19.85522,75.650894,38.600002,299,maturity,0.0,False
2024-06-17,consortium0_sector0_ELMED_3342387_management1_97780228_183173852_10223718,4.023520710059171,20.718067,21.04654,74.675545,8.1,300,maturity,0.0,False
2024-06-18,consortium0_sector0_ELMED_3342387_management1_97780228_183173852_10223718,4.03523194362889,21.555317,22.14714,72.079094,0.0,301,maturity,0.0,False
2024-06-19,consortium0_sector0_ELMED_3342387_management1_97780228_183173852_10223718,4.049450549450549,22.529337,24.974129,67.708466,0.0,302,maturity,0.0,False
2024-06-20,consortium0_sector0_ELMED_3342387_management1_97780228_183173852_10223718,4.058831908831909,23.42053,26.403643,64.15364,0.0,303,maturity,0.0,False
2024-06-21,consortium0_sector0_ELMED_3342387_management1_97780228_183173852_10223718,4.08458751393534,23.430473,24.709578,71.656006,875.60004,304,maturity,0.0,False
2024-06-22,consortium0_sector0_ELMED_3342387_management1_97780228_183173852_10223718,4.133273703041145,22.195467,22.345688,72.14257,538.39996,305,maturity,0.0,False
2024-06-23,consortium0_sector0_ELMED_3342387_management1_97780228_183173852_10223718,4.140651319483437,18.939974,18.654842,84.898796,1069.0,306,maturity,0.0,False
2024-06-24,consortium0_sector0_ELMED_3342387_management1_97780228_183173852_10223718,4.126602564102564,20.159702,20.779812,78.02938,125.799995,307,maturity,0.0,False
2024-06-25,consortium0_sector0_ELMED_3342387_management1_97780228_183173852_10223718,4.104440275171982,20.616776,20.667343,82.17576,948.7,308,maturity,0.0,False
2024-06-26,consortium0_sector0_ELMED_3342387_management1_97780228_183173852_10223718,4.195054945054945,20.90683,20.985619,77.0127,418.3,309,maturity,0.0,False
2024-06-27,consortium0_sector0_ELMED_3342387_management1_97780228_183173852_10223718,4.120445344129554,21.841646,23.26873,66.780174,0.0,310,maturity,0.0,False
2024-06-28,consortium0_sector0_ELMED_3342387_management1_97780228_183173852_10223718,4.090399757722592,23.283756,25.683977,62.94098,0.0,311,maturity,0.0,False
2024-06-29,consortium0_sector0_ELMED_3342387_management1_97780228_183173852_10223718,4.09215976331361,23.93483,25.053486,76.44241,244.3,312,maturity,0.0,False
2024-06-30,consortium0_sector0_ELMED_3342387_management1_97780228_183173852_10223718,4.085887796414112,23.982147,24.632147,71.64502,82.3,313,maturity,0.0,False
2024-07-01,consortium0_sector0_ELMED_3342387_management1_97780228_183173852_10223718,4.154850746268656,21.755,21.081894,83.97507,308.4,314,maturity,0.0,False
2024-07-02,consortium0_sector0_ELMED_3342387_management1_97780228_183173852_10223718,4.153846153846154,20.96488,21.90923,60.28608,0.0,315,maturity,0.0,False
2024-07-03,consortium0_sector0_ELMED_3342387_management1_97780228_183173852_10223718,4.142159763313609,19.599792,19.36324,77.711426,344.30002,316,maturity,0.0,False
2024-07-04,consortium0_sector0_ELMED_3342387_management1_97780228_183173852_10223718,4.0889423076923075,19.795847,20.10279,70.602684,0.0,317,maturity,0.0,False
2024-07-05,consortium0_sector0_ELMED_3342387_management1_97780228_183173852_10223718,4.08582326764145,21.167248,21.517721,74.628586,0.0,318,maturity,0.0,False
2024-07-06,consortium0_sector0_ELMED_3342387_management1_97780228_183173852_10223718,4.097485207100592,22.734165,23.24812,73.664604,39.600002,319,maturity,0.0,False
2024-07-07,consortium0_sector0_ELMED_3342387_management1_97780228_183173852_10223718,4.095850999394307,21.865387,21.911787,84.67836,2203.3,320,maturity,0.0,False
2024-07-08,consortium0_sector0_ELMED_3342387_management1_97780228_183173852_10223718,4.065298507462686,23.048214,23.78884,74.033516,80.200005,321,maturity,0.0,False
2024-07-09,consortium0_sector0_ELMED_3342387_management1_97780228_183173852_10223718,4.068168771526981,23.766521,24.906105,72.08583,13.2,322,maturity,0.0,False
2024-07-10,consortium0_sector0_ELMED_3342387_management1_97780228_183173852_10223718,4.080128205128206,24.516302,26.226622,69.37083,0.0,323,maturity,0.0,False
2024-07-11,consortium0_sector0_ELMED_3342387_management1_97780228_183173852_10223718,4.096855699045481,25.050644,26.731264,68.34603,130.1,324,maturity,0.0,False
2024-07-12,consortium0_sector0_ELMED_3342387_management1_97780228_183173852_10223718,4.314710836608647,23.95926,23.866901,82.27269,670.0,325,maturity,0.0,False
2024-07-13,consortium0_sector0_ELMED_3342387_management1_97780228_183173852_10223718,4.193025258323766,22.929022,23.488617,72.429085,107.200005,326,maturity,0.0,False
2024-07-14,consortium0_sector0_ELMED_3342387_management1_97780228_183173852_10223718,4.143226176808267,23.488018,24.136091,70.093285,0.0,327,maturity,0.0,False
2024-07-15,consortium0_sector0_ELMED_3342387_management1_97780228_183173852_10223718,4.133741258741259,23.982147,25.362198,68.20133,0.0,328,maturity,0.0,False
2024-07-16,consortium0_sector0_ELMED_3342387_management1_97780228_183173852_10223718,4.135650887573965,24.777885,26.166237,68.68406,2.5,329,maturity,0.0,False
2024-07-17,consortium0_sector0_ELMED_3342387_management1_97780228_183173852_10223718,4.144020213363278,25.014406,25.595245,70.350815,55.699997,330,maturity,0.0,False
2024-07-18,consortium0_sector0_ELMED_3342387_management1_97780228_183173852_10223718,4.144374282433984,24.959988,25.77113,69.34606,0.5,331,maturity,0.0,False
2024-07-19,consortium0_sector0_ELMED_3342387_management1_97780228_183173852_10223718,4.1524626452684,25.211977,25.708597,73.25213,1.0,332,maturity,0.0,False
2024-07-20,consortium0_sector0_ELMED_3342387_management1_97780228_183173852_10223718,4.135545905707196,24.518795,25.161407,66.12457,23.800001,333,maturity,0.0,False
2024-07-21,consortium0_sector0_ELMED_3342387_management1_97780228_183173852_10223718,4.136029411764706,24.221004,24.903896,73.31729,28.900002,334,maturity,0.0,False
2024-07-22,consortium0_sector0_ELMED_3342387_management1_97780228_183173852_10223718,4.140976331360947,25.219458,26.094553,64.59581,0.0,335,maturity,0.0,False
2024-07-23,consortium0_sector0_ELMED_3342387_management1_97780228_183173852_10223718,4.153288740245261,24.300993,24.347076,75.49493,324.19998,336,maturity,0.0,False
2024-07-24,consortium0_sector0_ELMED_3342387_management1_97780228_183173852_10223718,4.153123192596877,24.211912,25.094173,64.50419,30.5,337,maturity,0.0,False
2024-07-25,consortium0_sector0_ELMED_3342387_management1_97780228_183173852_10223718,4.1537037037037035,24.11914,24.35459,64.997826,12.2,338,maturity,0.0,False
2024-07-26,consortium0_sector0_ELMED_3342387_management1_97780228_183173852_10223718,4.1642689371697,24.989248,24.890606,73.7215,7.6000004,339,maturity,0.0,False
2024-07-27,consortium0_sector0_ELMED_3342387_management1_97780228_183173852_10223718,4.304069119286511,25.980852,26.861944,67.76028,13.700001,340,maturity,0.0,False
2024-07-28,consortium0_sector0_ELMED_3342387_management1_97780228_183173852_10223718,4.37760989010989,26.082747,26.381958,74.491806,253.40001,341,maturity,0.0,False
2024-07-29,consortium0_sector0_ELMED_3342387_management1_97780228_183173852_10223718,4.454152731326644,26.627886,26.449633,73.02014,8.6,342,maturity,0.0,False
2024-07-30,consortium0_sector0_ELMED_3342387_management1_97780228_183173852_10223718,4.434845005740528,26.799475,26.468067,72.55862,0.0,343,maturity,0.0,False
2024-07-31,consortium0_sector0_ELMED_3342387_management1_97780228_183173852_10223718,4.404267265581134,27.069963,27.730505,69.707664,42.7,344,maturity,0.0,False
2024-08-01,consortium0_sector0_ELMED_3342387_management1_97780228_183173852_10223718,4.450332042058661,26.631168,26.631388,69.15944,45.7,345,maturity,0.0,False
2024-08-02,consortium0_sector0_ELMED_3342387_management1_97780228_183173852_10223718,4.325601879036994,25.84613,25.360146,68.58861,18.300001,346,maturity,0.0,False
2024-08-03,consortium0_sector0_ELMED_3342387_management1_97780228_183173852_10223718,4.242222850678734,25.341743,25.308537,58.355705,0.0,347,maturity,0.0,False
2024-08-04,consortium0_sector0_ELMED_3342387_management1_97780228_183173852_10223718,4.202268954067516,25.42877,25.01349,64.67854,99.0,348,maturity,0.0,False
2024-08-05,consortium0_sector0_ELMED_3342387_management1_97780228_183173852_10223718,4.188987271721085,25.828768,25.788239,66.07576,13.2,349,maturity,0.0,False
2024-08-06,consortium0_sector0_ELMED_3342387_management1_97780228_183173852_10223718,4.1774928774928775,26.165922,26.043982,71.18727,0.0,350,maturity,0.0,False
2024-08-07,consortium0_sector0_ELMED_3342387_management1_97780228_183173852_10223718,4.1562151616499445,25.345245,24.689438,76.264046,125.90001,351,maturity,0.0,False
2024-08-08,consortium0_sector0_ELMED_3342387_management1_97780228_183173852_10223718,4.163094539048738,24.795277,25.899004,58.445656,0.0,352,maturity,0.0,False
2024-08-09,consortium0_sector0_ELMED_3342387_management1_97780228_183173852_10223718,4.308743990384616,26.279968,26.510147,65.322235,6.1,353,maturity,0.0,False
2024-08-10,consortium0_sector0_ELMED_3342387_management1_97780228_183173852_10223718,4.530179674340258,27.366112,27.919205,65.378784,0.0,354,maturity,0.0,False
2024-08-11,consortium0_sector0_ELMED_3342387_management1_97780228_183173852_10223718,4.6087437742114,28.216238,27.57293,72.70823,0.0,355,maturity,0.0,False
2024-08-12,consortium0_sector0_ELMED_3342387_management1_97780228_183173852_10223718,4.603983516483516,28.399477,27.8913,65.13759,0.0,356,maturity,0.0,False
2024-08-13,consortium0_sector0_ELMED_3342387_management1_97780228_183173852_10223718,4.496209994385177,27.85301,27.530094,61.962494,15.200001,357,maturity,0.0,False
2024-08-14,consortium0_sector0_ELMED_3342387_management1_97780228_183173852_10223718,4.6431623931623935,27.581673,27.658913,51.822086,0.0,358,maturity,0.0,False
2024-08-15,consortium0_sector0_ELMED_3342387_management1_97780228_183173852_10223718,4.614253393665159,26.53786,26.880947,56.409874,0.0,359,maturity,0.0,False
2024-08-16,consortium0_sector0_ELMED_3342387_management1_97780228_183173852_10223718,4.490461538461539,27.266996,27.7306,59.949314,0.0,360,maturity,0.0,False
2024-08-17,consortium0_sector0_ELMED_3342387_management1_97780228_183173852_10223718,4.636553369111509,26.843258,26.441774,61.212463,0.0,361,maturity,0.0,False
2024-08-18,consortium0_sector0_ELMED_3342387_management1_97780228_183173852_10223718,4.492892976588629,23.073498,22.688808,78.7608,191.40001,362,maturity,0.0,False
2024-08-19,consortium0_sector0_ELMED_3342387_management1_97780228_183173852_10223718,4.711962669683258,23.092405,23.253548,74.12653,94.0,363,maturity,0.0,False
2024-08-20,consortium0_sector0_ELMED_3342387_management1_97780228_183173852_10223718,4.4920304920304925,24.013458,24.55541,66.747154,6.6,364,maturity,0.0,False
2024-08-21,consortium0_sector0_ELMED_3342387_management1_97780228_183173852_10223718,4.421988388969521,25.21406,25.402569,65.329575,112.299995,365,maturity,0.0,False
2024-08-22,consortium0_sector0_ELMED_3342387_management1_97780228_183173852_10223718,4.4906230133502865,24.962103,24.480917,71.293915,126.5,366,maturity,0.0,False
2024-08-23,consortium0_sector0_ELMED_3342387_management1_97780228_183173852_10223718,4.529747596153846,25.599445,24.80219,73.547325,0.0,367,maturity,0.0,False
2024-08-24,consortium0_sector0_ELMED_3342387_management1_97780228_183173852_10223718,4.554263565891473,26.591963,25.508062,70.691826,12.2,368,maturity,0.0,False
2024-08-25,consortium0_sector0_ELMED_3342387_management1_97780228_183173852_10223718,4.498182919442763,26.564342,26.342941,63.20527,20.800001,369,maturity,0.0,False
2024-08-26,consortium0_sector0_ELMED_3342387_management1_97780228_183173852_10223718,4.59035409035409,24.604652,24.301592,68.71915,14.2,370,maturity,0.0,False
2024-08-27,consortium0_sector0_ELMED_3342387_management1_97780228_183173852_10223718,4.703425480769231,23.778706,23.54048,68.63081,169.0,371,maturity,0.0,False
2024-08-28,consortium0_sector0_ELMED_3342387_management1_97780228_183173852_10223718,4.6891551071878945,24.142344,24.056578,69.03,6.1,372,maturity,0.0,False
2024-08-29,consortium0_sector0_ELMED_3342387_management1_97780228_183173852_10223718,4.6669230769230765,25.130789,25.513556,59.88407,0.0,373,maturity,0.0,False
2024-08-30,consortium0_sector0_ELMED_3342387_management1_97780228_183173852_10223718,4.677175283732661,25.654274,26.146004,57.203175,0.0,374,maturity,0.0,False
2024-08-31,consortium0_sector0_ELMED_3342387_management1_97780228_183173852_10223718,4.66776110068793,26.246635,26.284073,65.57063,0.0,375,maturity,0.0,False
2024-09-01,consortium0_sector0_ELMED_3342387_management1_97780228_183173852_10223718,4.657248520710059,25.313965,24.823782,67.643616,52.700005,376,maturity,0.0,False
2024-09-02,consortium0_sector0_ELMED_3342387_management1_97780228_183173852_10223718,4.652564102564103,25.178295,24.609608,62.087173,0.0,377,maturity,0.0,False
2024-09-03,consortium0_sector0_ELMED_3342387_management1_97780228_183173852_10223718,4.718394648829432,23.780315,23.605001,69.923836,265.8,378,maturity,0.0,False
2024-09-04,consortium0_sector0_ELMED_3342387_management1_97780228_183173852_10223718,4.702249022164277,23.453611,23.239376,70.04647,37.2,379,maturity,0.0,False
2024-09-05,consortium0_sector0_ELMED_3342387_management1_97780228_183173852_10223718,4.572649572649572,20.399319,20.078768,88.39753,2416.9001,380,maturity,0.0,False
2024-09-06,consortium0_sector0_ELMED_3342387_management1_97780228_183173852_10223718,4.642764015645371,21.279274,21.567783,74.77708,14.7,381,maturity,0.0,False
2024-09-07,consortium0_sector0_ELMED_3342387_management1_97780228_183173852_10223718,4.501989389920425,22.134893,20.83303,78.02276,0.0,382,maturity,0.0,False
2024-09-08,consortium0_sector0_ELMED_3342387_management1_97780228_183173852_10223718,4.45982905982906,20.791838,20.82839,87.91815,2607.5999,383,maturity,0.0,False
2024-09-09,consortium0_sector0_ELMED_3342387_management1_97780228_183173852_10223718,4.748360166964818,20.63745,20.865828,71.44342,1634.1,384,maturity,0.0,False
2024-09-10,consortium0_sector0_ELMED_3342387_management1_97780228_183173852_10223718,4.5092838196286475,19.540985,20.719646,56.497482,0.0,385,maturity,0.0,False
2024-09-11,consortium0_sector0_ELMED_3342387_management1_97780228_183173852_10223718,4.455465587044535,19.474287,19.291838,74.75768,189.40001,386,maturity,0.0,False
2024-09-12,consortium0_sector0_ELMED_3342387_management1_97780228_183173852_10223718,4.505769230769231,15.208188,13.485492,79.54555,1238.9,387,maturity,0.0,False
2024-09-13,consortium0_sector0_ELMED_3342387_management1_97780228_183173852_10223718,4.495032051282052,13.702506,13.245846,54.691395,6.6,388,maturity,0.0,False
2024-09-14,consortium0_sector0_ELMED_3342387_management1_97780228_183173852_10223718,4.44355847404628,14.737291,13.442247,53.97663,0.0,389,maturity,0.0,False
2024-09-15,consortium0_sector0_ELMED_3342387_management1_97780228_183173852_10223718,4.395716072545341,15.449034,14.697551,47.427204,33.5,390,maturity,0.0,False
2024-09-16,consortium0_sector0_ELMED_3342387_management1_97780228_183173852_10223718,4.381701631701631,15.3962555,14.526497,58.488792,12.7,391,maturity,0.0,False
2024-09-17,consortium0_sector0_ELMED_3342387_management1_97780228_183173852_10223718,4.373583780560524,15.810303,15.409261,67.340096,12.2,392,maturity,0.0,False
2024-09-18,consortium0_sector0_ELMED_3342387_management1_97780228_183173852_10223718,4.361509758897818,15.143005,16.086407,61.839893,0.0,393,maturity,0.0,False
2024-09-19,consortium0_sector0_ELMED_3342387_management1_97780228_183173852_10223718,4.3534023668639055,16.086344,16.504274,70.18306,48.8,394,maturity,0.0,False
2024-09-20,consortium0_sector0_ELMED_3342387_management1_97780228_183173852_10223718,4.352855477855478,16.952127,17.13663,75.857956,50.300003,395,maturity,0.0,False
2024-09-21,consortium0_sector0_ELMED_3342387_management1_97780228_183173852_10223718,4.3454142011834325,17.611376,17.708757,75.144135,0.0,396,maturity,0.0,False
2024-09-22,consortium0_sector0_ELMED_3342387_management1_97780228_183173852_10223718,4.353365384615385,17.501684,16.885872,77.119774,0.0,397,maturity,0.0,False
2024-09-23,consortium0_sector0_ELMED_3342387_management1_97780228_183173852_10223718,4.332128397917871,17.614122,17.076084,81.65946,1112.9,398,maturity,0.0,False
2024-09-24,consortium0_sector0_ELMED_3342387_management1_97780228_183173852_10223718,4.317236467236468,17.395435,17.587229,76.91812,99.9,399,maturity,0.0,False
2024-09-25,consortium0_sector0_ELMED_3342387_management1_97780228_183173852_10223718,4.313165680473373,17.038712,16.045847,78.37753,0.0,400,maturity,0.0,False
2024-09-26,consortium0_sector0_ELMED_3342387_management1_97780228_183173852_10223718,4.426985616010006,17.376276,17.9633,85.71429,955.8,401,maturity,0.0,False
2024-09-27,consortium0_sector0_ELMED_3342387_management1_97780228_183173852_10223718,4.58498759305211,18.781546,19.322046,81.72925,148.7,402,maturity,0.0,False
2024-09-28,consortium0_sector0_ELMED_3342387_management1_97780228_183173852_10223718,4.3850524475524475,16.816206,15.851338,65.404106,199.59999,403,maturity,0.0,False
2024-09-29,consortium0_sector0_ELMED_3342387_management1_97780228_183173852_10223718,4.358689458689459,14.826875,13.668478,67.06256,0.0,404,maturity,0.0,False
2024-09-30,consortium0_sector0_ELMED_3342387_management1_97780228_183173852_10223718,4.3273809523809526,15.67476,15.298907,76.79835,6.1,405,maturity,0.0,False
2024-10-01,consortium0_sector0_ELMED_3342387_management1_97780228_183173852_10223718,4.311326468806784,15.556578,15.303359,82.25524,102.1,406,maturity,0.0,False
2024-10-02,consortium0_sector0_ELMED_3342387_management1_97780228_183173852_10223718,4.280799278846154,16.12735,16.131136,84.28023,674.2,407,maturity,0.0,False
2024-10-03,consortium0_sector0_ELMED_3342387_management1_97780228_183173852_10223718,4.35454019664546,13.45702,12.9255495,82.36735,872.8,408,maturity,0.0,False
2024-10-04,consortium0_sector0_ELMED_3342387_management1_97780228_183173852_10223718,4.51417004048583,11.92454,11.498561,83.40938,761.7,409,maturity,0.0,False
2024-10-05,consortium0_sector0_ELMED_3342387_management1_97780228_183173852_10223718,4.373647836538462,12.595373,12.39916,74.73144,0.0,410,maturity,0.0,False
2024-10-06,consortium0_sector0_ELMED_3342387_management1_97780228_183173852_10223718,4.314792899408284,13.053265,12.488775,79.62731,0.0,411,maturity,0.0,False
2024-10-07,consortium0_sector0_ELMED_3342387_management1_97780228_183173852_10223718,4.2894736842105265,14.735998,14.99168,83.43621,96.0,412,maturity,0.0,False
2024-10-08,consortium0_sector0_ELMED_3342387_management1_97780228_183173852_10223718,4.692594718714122,15.459578,16.355568,92.04376,3045.5999,413,maturity,0.0,False
2024-10-09,consortium0_sector0_ELMED_3342387_management1_97780228_183173852_10223718,4.50923682616596,15.6935425,17.229969,81.44311,244.8,414,maturity,0.0,False
2024-10-10,consortium0_sector0_ELMED_3342387_management1_97780228_183173852_10223718,4.671973518284994,15.14894,15.67435,87.275894,1797.7,415,maturity,0.0,False
2024-10-11,consortium0_sector0_ELMED_3342387_management1_97780228_183173852_10223718,4.426573426573427,12.606894,13.785651,66.78064,0.0,416,maturity,0.0,False
2024-10-12,consortium0_sector0_ELMED_3342387_management1_97780228_183173852_10223718,4.330233291298865,12.944331,13.946824,70.33216,18.300001,417,maturity,0.0,False
2024-10-13,consortium0_sector0_ELMED_3342387_management1_97780228_183173852_10223718,4.310502958579882,14.114154,14.191743,84.17058,0.0,418,maturity,0.0,False
2024-10-14,consortium0_sector0_ELMED_3342387_management1_97780228_183173852_10223718,4.282102977667494,13.22656,13.717879,84.369644,0.5,419,maturity,0.0,False
2024-10-15,consortium0_sector0_ELMED_3342387_management1_97780228_183173852_10223718,4.264603817235397,13.390322,14.589249,84.13942,17.2,420,maturity,0.0,False
2024-10-16,consortium0_sector0_ELMED_3342387_management1_97780228_183173852_10223718,4.252768065268065,13.477097,15.770593,84.47151,316.30002,421,maturity,0.0,False
2024-10-17,consortium0_sector0_ELMED_3342387_management1_97780228_183173852_10223718,4.220005740528129,15.78464,18.000298,82.01426,6.6,422,maturity,0.0,False
2024-10-18,consortium0_sector0_ELMED_3342387_management1_97780228_183173852_10223718,4.4322344322344325,15.568131,16.623655,92.45203,1313.5,423,maturity,0.0,False
2024-10-19,consortium0_sector0_ELMED_3342387_management1_97780228_183173852_10223718,4.399251191286589,14.373055,15.7663,89.70237,986.3,424,maturity,0.0,False
2024-10-20,consortium0_sector0_ELMED_3342387_management1_97780228_183173852_10223718,4.336611861421021,15.870341,17.591173,84.016396,45.7,425,maturity,0.0,False
2024-10-21,consortium0_sector0_ELMED_3342387_management1_97780228_183173852_10223718,4.30799045915325,15.933725,16.506325,86.18235,0.0,426,maturity,0.0,False
2024-10-22,consortium0_sector0_ELMED_3342387_management1_97780228_183173852_10223718,4.2801983173076925,15.944521,15.954273,85.501656,0.0,427,maturity,0.0,False
2024-10-23,consortium0_sector0_ELMED_3342387_management1_97780228_183173852_10223718,4.2854665825977305,15.296256,15.604368,89.70929,689.10004,428,maturity,0.0,False
2024-10-24,consortium0_sector0_ELMED_3342387_management1_97780228_183173852_10223718,4.2699610516066215,15.7612505,16.647865,85.53306,272.7,429,maturity,0.0,False
2024-10-30,consortium0_sector0_ELMED_3342387_management1_97780228_183173852_10223718,4.2407460960092545,13.162292,14.391143,76.64891,0.0,435,maturity,0.0,False
2024-10-31,consortium0_sector0_ELMED_3342387_management1_97780228_183173852_10223718,4.240455840455841,12.29007,14.652948,74.57619,0.0,436,maturity,0.0,False
2024-11-01,consortium0_sector0_ELMED_3342387_management1_97780228_183173852_10223718,4.224410669975186,11.606042,14.3056,75.298645,0.0,437,maturity,0.0,False
2024-11-02,consortium0_sector0_ELMED_3342387_management1_97780228_183173852_10223718,4.219025249559601,11.341427,14.460525,70.28055,0.0,438,maturity,0.0,False
2024-11-03,consortium0_sector0_ELMED_3342387_management1_97780228_183173852_10223718,4.210683760683761,10.826276,13.679526,73.75923,0.0,439,maturity,0.0,False
2024-11-04,consortium0_sector0_ELMED_3342387_management1_97780228_183173852_10223718,4.202497129735936,10.049634,13.142626,72.557014,0.0,440,maturity,0.0,False
2024-11-05,consortium0_sector0_ELMED_3342387_management1_97780228_183173852_10223718,4.201486013986014,9.096067,12.146951,68.69692,0.0,441,maturity,0.0,False
2024-11-06,consortium0_sector0_ELMED_3342387_management1_97780228_183173852_10223718,4.191856971153847,8.735367,12.085145,62.886166,0.0,442,maturity,0.0,False
2024-11-07,consortium0_sector0_ELMED_3342387_management1_97780228_183173852_10223718,4.181384615384615,8.552632,11.525139,68.61496,0.0,443,maturity,0.0,False
2024-11-08,consortium0_sector0_ELMED_3342387_management1_97780228_183173852_10223718,4.170888055034397,8.243068,10.426244,75.42877,0.0,444,maturity,0.0,False
2024-11-09,consortium0_sector0_ELMED_3342387_management1_97780228_183173852_10223718,4.1651873767258385,8.475928,10.817879,70.547935,0.0,445,maturity,0.0,False
2024-11-10,consortium0_sector0_ELMED_3342387_management1_97780228_183173852_10223718,4.155311355311356,7.1975503,10.88281,68.82051,0.0,446,maturity,0.0,False
2024-11-11,consortium0_sector0_ELMED_3342387_management1_97780228_183173852_10223718,4.149867374005305,4.277759,8.981735,68.36866,0.0,447,maturity,0.0,False
2024-11-12,consortium0_sector0_ELMED_3342387_management1_97780228_183173852_10223718,4.145299145299146,3.989754,7.4942994,64.57565,3.0,448,maturity,0.0,False
2024-11-13,consortium0_sector0_ELMED_3342387_management1_97780228_183173852_10223718,4.145507147719537,2.6769698,6.6627336,62.67203,27.400002,449,maturity,0.0,False
2024-11-14,consortium0_sector0_ELMED_3342387_management1_97780228_183173852_10223718,4.132496740547588,2.898624,6.0836616,65.53379,13.2,450,maturity,0.0,False
2024-11-15,consortium0_sector0_ELMED_3342387_management1_97780228_183173852_10223718,4.127181641887525,2.333188,6.061629,57.094902,0.0,451,maturity,0.0,False
2024-11-16,consortium0_sector0_ELMED_3342387_management1_97780228_183173852_10223718,4.119063545150501,2.228327,6.8305683,55.28406,0.0,452,maturity,0.0,False
2024-11-17,consortium0_sector0_ELMED_3342387_management1_97780228_183173852_10223718,4.109455128205128,2.2895646,6.5088825,57.865086,0.0,453,maturity,0.0,False
2024-11-18,consortium0_sector0_ELMED_3342387_management1_97780228_183173852_10223718,4.108974358974359,4.196004,8.129684,63.296844,0.0,454,maturity,0.0,False
2024-11-19,consortium0_sector0_ELMED_3342387_management1_97780228_183173852_10223718,4.09631277813096,3.9844193,7.3548107,71.861565,0.0,455,maturity,0.0,False
2024-11-20,consortium0_sector0_ELMED_3342387_management1_97780228_183173852_10223718,4.091753585397653,5.3152905,6.6660166,63.42486,271.6,456,maturity,0.0,False
2024-11-21,consortium0_sector0_ELMED_3342387_management1_97780228_183173852_10223718,4.0918803418803416,4.1095457,2.5839458,65.05896,144.1,457,maturity,0.0,False
2024-11-22,consortium0_sector0_ELMED_3342387_management1_97780228_183173852_10223718,4.07657967032967,3.6480556,1.1081567,58.90435,106.2,458,maturity,0.0,False
2024-11-23,consortium0_sector0_ELMED_3342387_management1_97780228_183173852_10223718,4.064307692307692,1.7833145,-1.0288382,62.4776,0.0,459,maturity,0.0,False
2024-11-24,consortium0_sector0_ELMED_3342387_management1_97780228_183173852_10223718,4.073200992555832,2.8058524,2.7774432,63.111446,0.0,460,maturity,0.0,False
2024-11-25,consortium0_sector0_ELMED_3342387_management1_97780228_183173852_10223718,4.067718606180145,3.435019,5.415259,77.596245,0.0,461,maturity,0.0,False
2024-11-26,consortium0_sector0_ELMED_3342387_management1_97780228_183173852_10223718,4.055723803755301,3.9843879,6.940764,89.326935,19.300001,462,maturity,0.0,False
2024-11-27,consortium0_sector0_ELMED_3342387_management1_97780228_183173852_10223718,4.048677884615385,4.663144,7.280726,89.945335,34.0,463,maturity,0.0,False
2024-11-28,consortium0_sector0_ELMED_3342387_management1_97780228_183173852_10223718,4.05438209331652,4.6351767,6.0109024,93.18319,3.0,464,maturity,0.0,False
2024-11-29,consortium0_sector0_ELMED_3342387_management1_97780228_183173852_10223718,4.0458233173076925,4.4676895,5.23565,64.0989,0.0,465,maturity,0.0,False
2024-11-30,consortium0_sector0_ELMED_3342387_management1_97780228_183173852_10223718,4.03649303452453,3.7190151,4.532904,59.18845,0.0,466,maturity,0.0,False
2024-12-01,consortium0_sector0_ELMED_3342387_management1_97780228_183173852_10223718,4.02991452991453,2.9521594,4.620909,54.5375,0.0,467,maturity,0.0,False
2024-12-02,consortium0_sector0_ELMED_3342387_management1_97780228_183173852_10223718,4.027625152625153,1.9885542,5.5226455,52.50293,0.0,468,maturity,0.0,False
2024-12-03,consortium0_sector0_ELMED_3342387_management1_97780228_183173852_10223718,4.0239943542695835,2.6219509,6.030063,64.34166,0.0,469,maturity,0.0,False
2023-08-22,consortium0_sector0_ELMED_3342387_management1_97780228_183173852_10616937,5.97920997920998,29.282526,28.99553,58.725437,0.0,0,establishment,0.0,False
2023-08-23,consortium0_sector0_ELMED_3342387_management1_97780228_183173852_10616937,5.9568715803025425,29.403673,29.453138,57.515465,6.1,1,establishment,0.0,False
2023-08-24,consortium0_sector0_ELMED_3342387_management1_97780228_183173852_10616937,5.942045156208978,28.965511,29.255442,58.179173,75.700005,2,establishment,0.0,False
2023-08-25,consortium0_sector0_ELMED_3342387_management1_97780228_183173852_10616937,5.936899038461538,29.22536,28.476624,61.99032,0.0,3,establishment,0.0,False
2023-08-26,consortium0_sector0_ELMED_3342387_management1_97780228_183173852_10616937,5.926250933532487,28.457682,26.874603,62.612106,90.90001,4,establishment,0.0,False
2023-08-27,consortium0_sector0_ELMED_3342387_management1_97780228_183173852_10616937,6.036074270557029,23.912575,22.317469,87.765976,863.7,5,establishment,0.0,False
2023-08-28,consortium0_sector0_ELMED_3342387_management1_97780228_183173852_10616937,6.44131299734748,21.552444,19.959293,85.598206,2504.5,6,establishment,0.0,False
2023-08-29,consortium0_sector0_ELMED_3342387_management1_97780228_183173852_10616937,7.122515125324115,18.506105,18.339533,70.09204,173.09999,7,establishment,0.0,False
2023-08-30,consortium0_sector0_ELMED_3342387_management1_97780228_183173852_10616937,6.891393442622951,19.017183,18.965195,63.561966,31.5,8,establishment,0.0,False
2023-08-31,consortium0_sector0_ELMED_3342387_management1_97780228_183173852_10616937,6.724786324786326,20.076717,18.787323,71.3256,37.600002,9,establishment,0.0,False
2023-09-01,consortium0_sector0_ELMED_3342387_management1_97780228_183173852_10616937,6.625259875259875,21.077791,19.913996,78.24689,0.0,10,establishment,0.0,False
2023-09-02,consortium0_sector0_ELMED_3342387_management1_97780228_183173852_10616937,6.547282992237121,22.87195,21.80601,74.92957,0.0,11,establishment,0.0,False
2023-09-03,consortium0_sector0_ELMED_3342387_management1_97780228_183173852_10616937,6.498017446471054,23.518827,24.035934,61.506832,0.0,12,establishment,0.0,False
2023-09-04,consortium0_sector0_ELMED_3342387_management1_97780228_183173852_10616937,6.442941673710905,23.991995,24.60377,59.63582,0.0,13,establishment,0.0,False
2023-09-05,consortium0_sector0_ELMED_3342387_management1_97780228_183173852_10616937,6.382260596546311,23.810083,21.98745,73.404594,0.0,14,establishment,0.0,False
2023-09-06,consortium0_sector0_ELMED_3342387_management1_97780228_183173852_10616937,6.349731663685152,23.843763,22.592152,72.14051,0.0,15,vegetative,0.0,False
2023-09-07,consortium0_sector0_ELMED_3342387_management1_97780228_183173852_10616937,6.30982905982906,23.226938,22.205252,73.27995,0.0,16,vegetative,0.0,False
2023-09-08,consortium0_sector0_ELMED_3342387_management1_97780228_183173852_10616937,6.2613531047266,23.873024,22.946571,71.49528,0.0,17,vegetative,0.0,False
2023-09-09,consortium0_sector0_ELMED_3342387_management1_97780228_183173852_10616937,6.265860428231562,24.055126,22.951054,74.32956,0.0,18,vegetative,0.0,False
2023-09-10,consortium0_sector0_ELMED_3342387_management1_97780228_183173852_10616937,6.266181988742964,24.78104,23.64916,74.511604,0.0,19,vegetative,0.0,False
2023-09-11,consortium0_sector0_ELMED_3342387_management1_97780228_183173852_10616937,6.246588089330025,24.772076,24.506641,65.86429,0.0,20,vegetative,0.0,False
2023-09-12,consortium0_sector0_ELMED_3342387_management1_97780228_183173852_10616937,6.234392419175028,24.157934,24.381641,66.65323,0.0,21,vegetative,0.0,False
2023-09-13,consortium0_sector0_ELMED_3342387_management1_97780228_183173852_10616937,6.210656316160903,22.721666,21.366302,81.673225,484.6,22,vegetative,0.0,False
2023-09-14,consortium0_sector0_ELMED_3342387_management1_97780228_183173852_10616937,6.224716907458024,22.164818,21.798813,71.86208,0.0,23,vegetative,0.0,False
2023-09-15,consortium0_sector0_ELMED_3342387_management1_97780228_183173852_10616937,6.189024390243903,21.248436,20.467154,77.878914,32.5,24,vegetative,0.0,False
2023-09-16,consortium0_sector0_ELMED_3342387_management1_97780228_183173852_10616937,6.161119329388561,21.388618,20.042658,77.92769,0.5,25,vegetative,0.0,False
2023-09-17,consortium0_sector0_ELMED_3342387_management1_97780228_183173852_10616937,6.139140271493213,22.212513,21.030537,79.106674,0.0,26,vegetative,0.0,False
2023-09-18,consortium0_sector0_ELMED_3342387_management1_97780228_183173852_10616937,6.169471153846154,21.724508,20.685114,86.17004,547.60004,27,vegetative,0.0,False
2023-09-19,consortium0_sector0_ELMED_3342387_management1_97780228_183173852_10616937,6.207410644910644,21.877853,21.427727,75.07078,142.8,28,vegetative,0.0,False
2023-09-20,consortium0_sector0_ELMED_3342387_management1_97780228_183173852_10616937,6.14935064935065,21.22394,20.129717,78.058014,49.8,29,vegetative,0.0,False
2023-09-21,consortium0_sector0_ELMED_3342387_management1_97780228_183173852_10616937,6.102822580645161,21.097708,20.78644,73.674675,78.200005,30,vegetative,0.0,False
2023-09-22,consortium0_sector0_ELMED_3342387_management1_97780228_183173852_10616937,6.140804597701149,19.353518,18.81204,89.14688,1211.6,31,vegetative,0.0,False
2023-10-26,consortium0_sector0_ELMED_3342387_management1_97780228_183173852_10616937,6.612593052109181,14.309356,14.68142,83.984985,354.9,65,flowering,0.0,False
2023-10-27,consortium0_sector0_ELMED_3342387_management1_97780228_183173852_10616937,7.261088011088011,15.261661,15.685682,79.78234,1008.5,66,flowering,0.0,False
2023-10-28,consortium0_sector0_ELMED_3342387_management1_97780228_183173852_10616937,6.9379074315514995,12.680853,12.925076,76.97727,0.0,67,flowering,0.0,False
2023-10-29,consortium0_sector0_ELMED_3342387_management1_97780228_183173852_10616937,6.801139601139601,11.622835,12.222109,83.23185,108.200005,68,flowering,0.0,False
2023-10-30,consortium0_sector0_ELMED_3342387_management1_97780228_183173852_10616937,7.199519230769231,13.617279,14.849413,91.51501,3671.1,69,flowering,0.0,False
2023-10-31,consortium0_sector0_ELMED_3342387_management1_97780228_183173852_10616937,7.668269230769231,12.222582,12.897109,74.41685,1231.7,70,maturity,0.0,False
2023-11-01,consortium0_sector0_ELMED_3342387_management1_97780228_183173852_10616937,7.19758064516129,10.056736,10.372078,78.54761,56.899998,71,maturity,0.0,False
2023-11-02,consortium0_sector0_ELMED_3342387_management1_97780228_183173852_10616937,7.636191677175284,11.098277,11.181357,89.53332,2317.2,72,maturity,0.0,False
2023-11-03,consortium0_sector0_ELMED_3342387_management1_97780228_183173852_10616937,8.035657051282051,9.324728,8.41207,85.65028,739.2,73,maturity,0.0,False
2023-11-04,consortium0_sector0_ELMED_3342387_management1_97780228_183173852_10616937,7.371066433566434,7.72416,7.550865,82.87789,765.10004,74,maturity,0.0,False
2023-11-05,consortium0_sector0_ELMED_3342387_management1_97780228_183173852_10616937,7.817204301075269,8.196731,7.4586616,88.932106,901.2,75,maturity,0.0,False
2023-11-06,consortium0_sector0_ELMED_3342387_management1_97780228_183173852_10616937,7.338461538461538,7.508031,8.067658,79.46058,0.0,76,maturity,0.0,False
2023-11-08,consortium0_sector0_ELMED_3342387_management1_97780228_183173852_10616937,5.778846153846153,6.196541,6.1178474,76.57745,0.0,78,maturity,0.0,False
2023-11-09,consortium0_sector0_ELMED_3342387_management1_97780228_183173852_10616937,2.6538461538461537,6.64774,7.6791477,71.64765,405.69998,79,maturity,0.0,False
2023-11-13,consortium0_sector0_ELMED_3342387_management1_97780228_183173852_10616937,2.6255341880341883,6.701149,8.335082,71.67879,0.0,83,maturity,0.0,False
2023-11-14,consortium0_sector0_ELMED_3342387_management1_97780228_183173852_10616937,2.606508875739645,7.52113,9.993573,78.50023,105.09999,84,maturity,0.0,False
2023-11-15,consortium0_sector0_ELMED_3342387_management1_97780228_183173852_10616937,2.687409288824383,7.7103662,9.364407,71.78832,6.1,85,maturity,0.0,False
2023-11-16,consortium0_sector0_ELMED_3342387_management1_97780228_183173852_10616937,2.6749762583095915,6.172456,6.5919003,71.71719,0.0,86,maturity,0.0,False
2023-11-17,consortium0_sector0_ELMED_3342387_management1_97780228_183173852_10616937,2.6729139504563233,6.2293057,6.5771904,68.40206,0.0,87,maturity,0.0,False
2023-11-18,consortium0_sector0_ELMED_3342387_management1_97780228_183173852_10616937,2.658246414602347,6.0772223,6.168384,63.805042,0.0,88,maturity,0.0,False
2023-11-19,consortium0_sector0_ELMED_3342387_management1_97780228_183173852_10616937,2.6503110859728505,6.4199305,8.570815,64.59151,0.0,89,maturity,0.0,False
2023-11-20,consortium0_sector0_ELMED_3342387_management1_97780228_183173852_10616937,2.633645765998707,5.4751387,9.819805,66.88346,0.0,90,maturity,0.0,False
2023-11-21,consortium0_sector0_ELMED_3342387_management1_97780228_183173852_10616937,2.622679045092838,5.8919315,8.049791,65.86609,0.0,91,maturity,0.0,False
2023-11-22,consortium0_sector0_ELMED_3342387_management1_97780228_183173852_10616937,2.6082089552238807,6.2436366,6.6855874,68.20428,0.0,92,maturity,0.0,False
2023-11-23,consortium0_sector0_ELMED_3342387_management1_97780228_183173852_10616937,2.5989644970414205,5.268731,7.236345,61.72216,0.0,93,maturity,0.0,False
2023-11-24,consortium0_sector0_ELMED_3342387_management1_97780228_183173852_10616937,2.586996336996337,6.2467613,8.857589,58.839844,0.0,94,maturity,0.0,False
2023-11-25,consortium0_sector0_ELMED_3342387_management1_97780228_183173852_10616937,2.5796274038461537,4.4948673,3.1891856,53.46176,1.0,95,maturity,0.0,False
2023-11-26,consortium0_sector0_ELMED_3342387_management1_97780228_183173852_10616937,2.559988518943743,4.2470455,3.577096,56.02265,0.0,96,maturity,0.0,False
2023-11-27,consortium0_sector0_ELMED_3342387_management1_97780228_183173852_10616937,2.549344066785927,3.3008966,3.9546847,57.317383,0.0,97,maturity,0.0,False
2023-11-28,consortium0_sector0_ELMED_3342387_management1_97780228_183173852_10616937,2.5357142857142856,3.7787373,4.5724564,64.65279,0.0,98,maturity,0.0,False
2023-11-29,consortium0_sector0_ELMED_3342387_management1_97780228_183173852_10616937,2.532244071717756,4.4454355,3.6332512,61.843258,0.0,99,maturity,0.0,False
2023-11-30,consortium0_sector0_ELMED_3342387_management1_97780228_183173852_10616937,2.499562937062937,3.6810102,4.3501387,79.43873,308.80002,100,maturity,0.0,False
2023-12-01,consortium0_sector0_ELMED_3342387_management1_97780228_183173852_10616937,2.555868700265252,2.8161428,6.730032,87.48093,2312.9001,101,maturity,0.0,False
2023-12-02,consortium0_sector0_ELMED_3342387_management1_97780228_183173852_10616937,3.475457875457875,5.607399,6.170688,69.722206,1359.1,102,maturity,0.0,False
2023-12-03,consortium0_sector0_ELMED_3342387_management1_97780228_183173852_10616937,3.268476621417798,3.3169003,1.9953094,50.738373,0.0,103,maturity,0.0,False
2023-12-04,consortium0_sector0_ELMED_3342387_management1_97780228_183173852_10616937,3.0956923076923077,2.2158587,1.720846,66.90371,106.1,104,maturity,0.0,False
2023-12-05,consortium0_sector0_ELMED_3342387_management1_97780228_183173852_10616937,2.9886446886446887,1.7528852,2.7472034,73.51763,15.200001,105,maturity,0.0,False
2023-12-06,consortium0_sector0_ELMED_3342387_management1_97780228_183173852_10616937,2.933547008547009,3.793321,2.8934472,71.41454,0.0,106,maturity,0.0,False
2023-12-07,consortium0_sector0_ELMED_3342387_management1_97780228_183173852_10616937,2.908751962323391,3.9986553,2.4680367,65.91764,0.0,107,maturity,0.0,False
2023-12-08,consortium0_sector0_ELMED_3342387_management1_97780228_183173852_10616937,2.853890362511052,3.443005,2.701149,72.134384,92.40001,108,maturity,0.0,False
2023-12-09,consortium0_sector0_ELMED_3342387_management1_97780228_183173852_10616937,2.8438914027149322,2.8376706,5.242721,70.82651,39.100002,109,maturity,0.0,False
2023-12-10,consortium0_sector0_ELMED_3342387_management1_97780228_183173852_10616937,2.8465099715099713,3.5931947,4.7926893,76.16806,0.0,110,maturity,0.0,False
2023-12-11,consortium0_sector0_ELMED_3342387_management1_97780228_183173852_10616937,2.8248123827392115,4.157557,5.2566733,72.86343,8.1,111,maturity,0.0,False
2023-12-12,consortium0_sector0_ELMED_3342387_management1_97780228_183173852_10616937,2.8074577861163226,4.810051,7.0803156,78.30678,6.6,112,maturity,0.0,False
2023-12-13,consortium0_sector0_ELMED_3342387_management1_97780228_183173852_10616937,2.791060291060291,5.18524,6.1175632,92.08016,618.0,113,maturity,0.0,False
2023-12-14,consortium0_sector0_ELMED_3342387_management1_97780228_183173852_10616937,2.836223203026482,3.976149,4.814912,81.12953,0.0,114,maturity,0.0,False
2023-12-15,consortium0_sector0_ELMED_3342387_management1_97780228_183173852_10616937,2.8536437246963566,4.5717297,5.3201203,63.98487,0.0,115,maturity,0.0,False
2023-12-16,consortium0_sector0_ELMED_3342387_management1_97780228_183173852_10616937,2.8562452399086062,4.4530745,5.2423425,56.079224,0.0,116,maturity,0.0,False
2023-12-17,consortium0_sector0_ELMED_3342387_management1_97780228_183173852_10616937,2.848404255319149,2.679779,6.5584407,51.243706,0.0,117,maturity,0.0,False
2023-12-18,consortium0_sector0_ELMED_3342387_management1_97780228_183173852_10616937,2.846360628618693,3.0942676,7.229716,54.672024,0.0,118,maturity,0.0,False
2023-12-19,consortium0_sector0_ELMED_3342387_management1_97780228_183173852_10616937,2.83178360101437,4.3245077,6.9078727,60.263474,0.0,119,maturity,0.0,False
2023-12-20,consortium0_sector0_ELMED_3342387_management1_97780228_183173852_10616937,2.812457454050374,4.359072,6.3794947,61.24962,0.0,120,maturity,0.0,False
2023-12-21,consortium0_sector0_ELMED_3342387_management1_97780228_183173852_10616937,2.81095467032967,4.6022224,5.340701,68.69109,36.0,121,maturity,0.0,False
2023-12-22,consortium0_sector0_ELMED_3342387_management1_97780228_183173852_10616937,2.8086168639053253,5.6297793,5.092879,89.33495,197.90001,122,maturity,0.0,False
2023-12-23,consortium0_sector0_ELMED_3342387_management1_97780228_183173852_10616937,2.8062619198982834,5.7794003,5.062576,85.20018,0.0,123,maturity,0.0,False
2023-12-24,consortium0_sector0_ELMED_3342387_management1_97780228_183173852_10616937,2.7816319194823866,5.7451515,8.626718,55.773663,0.0,124,maturity,0.0,False
2023-12-25,consortium0_sector0_ELMED_3342387_management1_97780228_183173852_10616937,2.771449704142012,5.6478977,9.889691,65.40803,0.0,125,maturity,0.0,False
2023-12-26,consortium0_sector0_ELMED_3342387_management1_97780228_183173852_10616937,2.760941644562334,4.9267807,7.743573,73.50054,0.0,126,maturity,0.0,False
2023-12-27,consortium0_sector0_ELMED_3342387_management1_97780228_183173852_10616937,2.7611940298507465,3.4840722,6.910461,51.993927,0.0,127,maturity,0.0,False
2023-12-28,consortium0_sector0_ELMED_3342387_management1_97780228_183173852_10616937,2.74866452991453,4.4202466,6.4570208,57.461292,0.0,128,maturity,0.0,False
2023-12-29,consortium0_sector0_ELMED_3342387_management1_97780228_183173852_10616937,2.733974358974359,5.1688576,5.7666163,83.87174,0.0,129,maturity,0.0,False
2023-12-30,consortium0_sector0_ELMED_3342387_management1_97780228_183173852_10616937,2.7561538461538464,5.074981,5.9830303,79.21589,0.0,130,maturity,0.0,False
2023-12-31,consortium0_sector0_ELMED_3342387_management1_97780228_183173852_10616937,2.7239372469635628,5.015701,5.522267,88.82301,944.39996,131,maturity,0.0,False
2024-01-01,consortium0_sector0_ELMED_3342387_management1_97780228_183173852_10616937,3.202970297029703,4.056073,3.9580934,89.88806,271.19998,132,maturity,0.0,False
2024-01-02,consortium0_sector0_ELMED_3342387_management1_97780228_183173852_10616937,3.122127872127872,2.831389,3.230821,73.01472,0.0,133,maturity,0.0,False
2024-01-03,consortium0_sector0_ELMED_3342387_management1_97780228_183173852_10616937,3.0287303058387396,3.8746023,4.4248867,84.00706,0.0,134,maturity,0.0,False
2024-01-04,consortium0_sector0_ELMED_3342387_management1_97780228_183173852_10616937,2.965633903133903,3.927159,4.6127653,75.84063,6.6,135,maturity,0.0,False
2024-01-05,consortium0_sector0_ELMED_3342387_management1_97780228_183173852_10616937,2.9004342431761785,4.121793,4.4092298,80.87472,678.3,136,maturity,0.0,False
2024-01-06,consortium0_sector0_ELMED_3342387_management1_97780228_183173852_10616937,3.360980622431004,4.5052214,5.1863766,92.02766,688.0,137,maturity,0.0,False
2024-01-07,consortium0_sector0_ELMED_3342387_management1_97780228_183173852_10616937,3.293881118881119,4.347614,5.7102084,72.21565,117.3,138,maturity,0.0,False
2024-01-08,consortium0_sector0_ELMED_3342387_management1_97780228_183173852_10616937,3.1455505279034695,4.0182576,4.770341,63.077015,0.0,139,maturity,0.0,False
2024-01-09,consortium0_sector0_ELMED_3342387_management1_97780228_183173852_10616937,3.039676113360324,3.775139,4.7051263,72.747116,0.0,140,maturity,0.0,False
2024-01-10,consortium0_sector0_ELMED_3342387_management1_97780228_183173852_10616937,2.970673076923077,4.0886173,3.8901958,80.73706,0.0,141,maturity,0.0,False
2024-01-11,consortium0_sector0_ELMED_3342387_management1_97780228_183173852_10616937,2.912705272255834,2.9964142,3.2419004,65.28509,0.0,142,maturity,0.0,False
2024-01-12,consortium0_sector0_ELMED_3342387_management1_97780228_183173852_10616937,2.878205128205128,4.1021276,3.603264,58.663425,0.0,143,maturity,0.0,False
2024-01-13,consortium0_sector0_ELMED_3342387_management1_97780228_183173852_10616937,2.8570889894419302,3.9807262,2.8934155,54.269062,0.0,144,maturity,0.0,False
2024-01-14,consortium0_sector0_ELMED_3342387_management1_97780228_183173852_10616937,2.8281126090404443,3.4101768,3.1668055,50.982616,0.0,145,maturity,0.0,False
2024-01-15,consortium0_sector0_ELMED_3342387_management1_97780228_183173852_10616937,2.8081939799331104,3.0562942,3.1077461,58.460922,0.0,146,maturity,0.0,False
2024-01-16,consortium0_sector0_ELMED_3342387_management1_97780228_183173852_10616937,2.8094248094248093,4.002222,3.062008,55.362106,0.0,147,maturity,0.0,False
2024-01-17,consortium0_sector0_ELMED_3342387_management1_97780228_183173852_10616937,2.7608917631041523,3.4190469,3.6172159,78.97888,491.0,148,maturity,0.0,False
2024-01-18,consortium0_sector0_ELMED_3342387_management1_97780228_183173852_10616937,2.7707100591715976,3.1619446,5.7107134,87.147415,494.5,149,maturity,0.0,False
2024-01-19,consortium0_sector0_ELMED_3342387_management1_97780228_183173852_10616937,2.8724779319041613,3.3871653,2.1636174,62.046413,208.2,150,maturity,0.0,False
2024-01-20,consortium0_sector0_ELMED_3342387_management1_97780228_183173852_10616937,3.0905870445344132,2.1579356,-0.6682006,41.12848,0.0,151,maturity,0.0,False
2024-01-21,consortium0_sector0_ELMED_3342387_management1_97780228_183173852_10616937,3.015239477503629,2.1695204,1.2889332,35.24871,0.0,152,maturity,0.0,False
2024-01-22,consortium0_sector0_ELMED_3342387_management1_97780228_183173852_10616937,2.899145299145299,1.8139017,4.0906377,32.819775,0.0,153,maturity,0.0,False
2024-01-23,consortium0_sector0_ELMED_3342387_management1_97780228_183173852_10616937,2.85289452815226,2.4917107,5.221225,52.468285,0.0,154,maturity,0.0,False
2024-01-24,consortium0_sector0_ELMED_3342387_management1_97780228_183173852_10616937,2.815705128205128,5.021635,8.159041,60.922962,0.0,155,maturity,0.0,False
2024-01-25,consortium0_sector0_ELMED_3342387_management1_97780228_183173852_10616937,2.7960644007155633,5.086976,8.444426,79.3501,1.0,156,maturity,0.0,False
2024-01-26,consortium0_sector0_ELMED_3342387_management1_97780228_183173852_10616937,2.7910412757973733,5.4234347,8.89149,70.75514,0.0,157,maturity,0.0,False
2024-01-27,consortium0_sector0_ELMED_3342387_management1_97780228_183173852_10616937,2.8008241758241756,5.4979296,6.7936997,71.13025,0.0,158,maturity,0.0,False
2024-01-28,consortium0_sector0_ELMED_3342387_management1_97780228_183173852_10616937,2.8002958579881656,4.888933,5.655095,58.040222,0.0,159,maturity,0.0,False
2024-01-29,consortium0_sector0_ELMED_3342387_management1_97780228_183173852_10616937,2.7877579737335836,3.9105873,5.965669,55.528717,0.0,160,maturity,0.0,False
2024-01-30,consortium0_sector0_ELMED_3342387_management1_97780228_183173852_10616937,2.770484949832776,3.8649433,7.1085353,53.885735,0.0,161,maturity,0.0,False
2024-01-31,consortium0_sector0_ELMED_3342387_management1_97780228_183173852_10616937,2.7664262820512824,3.5609343,7.9126706,53.394226,0.0,162,maturity,0.0,False
2024-02-01,consortium0_sector0_ELMED_3342387_management1_97780228_183173852_10616937,2.7421507064364206,3.4189205,4.710177,70.14836,0.0,163,maturity,0.0,False
2024-02-02,consortium0_sector0_ELMED_3342387_management1_97780228_183173852_10616937,2.7551923076923077,3.3649116,6.8074937,63.888027,0.0,164,maturity,0.0,False
2024-02-03,consortium0_sector0_ELMED_3342387_management1_97780228_183173852_10616937,2.7546153846153847,4.2057576,8.846193,65.70354,0.0,165,maturity,0.0,False
2024-02-04,consortium0_sector0_ELMED_3342387_management1_97780228_183173852_10616937,2.7607248520710064,4.934356,9.043858,60.710472,0.0,166,maturity,0.0,False
2024-02-05,consortium0_sector0_ELMED_3342387_management1_97780228_183173852_10616937,2.7570571630204657,6.2930994,10.305789,58.772938,0.0,167,maturity,0.0,False
2024-02-06,consortium0_sector0_ELMED_3342387_management1_97780228_183173852_10616937,2.7453846153846153,5.5892487,8.17173,64.57232,0.0,168,maturity,0.0,False
2024-02-07,consortium0_sector0_ELMED_3342387_management1_97780228_183173852_10616937,2.7399754500818334,6.3375444,7.268984,80.984024,0.0,169,maturity,0.0,False
2024-02-08,consortium0_sector0_ELMED_3342387_management1_97780228_183173852_10616937,2.751033912324235,7.71327,8.490227,84.31999,0.0,170,maturity,0.0,False
2024-02-09,consortium0_sector0_ELMED_3342387_management1_97780228_183173852_10616937,2.7372909698996657,8.624191,9.85137,88.04769,1104.6,171,maturity,0.0,False
2024-02-10,consortium0_sector0_ELMED_3342387_management1_97780228_183173852_10616937,2.7961124896608767,8.21286,8.648719,93.10485,577.3,172,maturity,0.0,False
2024-02-11,consortium0_sector0_ELMED_3342387_management1_97780228_183173852_10616937,3.181570512820513,7.7448044,8.414502,90.15858,461.9,173,maturity,0.0,False
2024-02-12,consortium0_sector0_ELMED_3342387_management1_97780228_183173852_10616937,3.1938729874776386,6.5482764,8.889154,65.750946,0.0,174,maturity,0.0,False
2024-02-13,consortium0_sector0_ELMED_3342387_management1_97780228_183173852_10616937,3.0909615384615385,6.5532637,7.389375,59.549137,0.0,175,maturity,0.0,False
2024-02-14,consortium0_sector0_ELMED_3342387_management1_97780228_183173852_10616937,3.018041237113402,6.2485604,7.4202466,55.64547,0.0,176,maturity,0.0,False
2024-02-15,consortium0_sector0_ELMED_3342387_management1_97780228_183173852_10616937,2.9620132953466287,6.986692,10.166932,54.995384,0.0,177,maturity,0.0,False
2024-02-16,consortium0_sector0_ELMED_3342387_management1_97780228_183173852_10616937,2.9149912587412588,7.257052,11.271068,58.22963,0.0,178,maturity,0.0,False
2024-02-17,consortium0_sector0_ELMED_3342387_management1_97780228_183173852_10616937,2.8983516483516483,8.4236555,12.641617,63.780952,0.0,179,maturity,0.0,False
2024-02-18,consortium0_sector0_ELMED_3342387_management1_97780228_183173852_10616937,2.8689167974882257,9.686471,12.296446,70.105156,0.0,180,maturity,0.0,False
2024-02-19,consortium0_sector0_ELMED_3342387_management1_97780228_183173852_10616937,2.8391800507185128,9.570278,10.747803,68.20793,18.300001,181,maturity,0.0,False
2024-02-20,consortium0_sector0_ELMED_3342387_management1_97780228_183173852_10616937,2.821070234113712,8.459482,9.172456,58.518627,0.0,182,maturity,0.0,False
2024-02-21,consortium0_sector0_ELMED_3342387_management1_97780228_183173852_10616937,2.812724658519051,7.1921844,8.056357,54.723198,0.0,183,maturity,0.0,False
2024-02-22,consortium0_sector0_ELMED_3342387_management1_97780228_183173852_10616937,2.773936170212766,7.9911737,8.745877,82.16882,539.3,184,maturity,0.0,False
2024-02-23,consortium0_sector0_ELMED_3342387_management1_97780228_183173852_10616937,3.0177400119260587,6.419236,5.5316415,96.35352,1856.7001,185,maturity,0.0,False
2024-02-24,consortium0_sector0_ELMED_3342387_management1_97780228_183173852_10616937,3.2507541478129713,4.4949307,4.549129,84.50083,375.9,186,maturity,0.0,False
2024-02-25,consortium0_sector0_ELMED_3342387_management1_97780228_183173852_10616937,3.270477207977208,5.706799,6.257841,78.040535,382.0,187,maturity,0.0,False
2024-02-26,consortium0_sector0_ELMED_3342387_management1_97780228_183173852_10616937,3.124696356275304,5.6719193,5.9588194,88.62233,621.0,188,maturity,0.0,False
2024-02-27,consortium0_sector0_ELMED_3342387_management1_97780228_183173852_10616937,3.3518518518518516,5.6466665,6.10238,94.39685,1881.8,189,maturity,0.0,False
2024-02-28,consortium0_sector0_ELMED_3342387_management1_97780228_183173852_10616937,3.353937728937729,7.5932574,9.4733715,82.39117,560.60004,190,maturity,0.0,False
2024-02-29,consortium0_sector0_ELMED_3342387_management1_97780228_183173852_10616937,3.222829922371207,8.670151,9.803169,79.05319,13.2,191,maturity,0.0,False
2024-03-01,consortium0_sector0_ELMED_3342387_management1_97780228_183173852_10616937,3.116166353971232,8.797266,9.815165,87.742546,629.39996,192,maturity,0.0,False
2024-03-02,consortium0_sector0_ELMED_3342387_management1_97780228_183173852_10616937,3.1424219345011424,9.025076,9.993983,82.46949,176.5,193,maturity,0.0,False
2024-03-03,consortium0_sector0_ELMED_3342387_management1_97780228_183173852_10616937,3.084008097165992,9.275044,9.908441,75.51209,22.300001,194,maturity,0.0,False
2024-03-04,consortium0_sector0_ELMED_3342387_management1_97780228_183173852_10616937,3.021730769230769,9.227254,10.559987,69.94262,0.0,195,maturity,0.0,False
2024-03-05,consortium0_sector0_ELMED_3342387_management1_97780228_183173852_10616937,2.969921104536489,9.197298,10.251623,75.51166,497.9,196,maturity,0.0,False
2024-03-06,consortium0_sector0_ELMED_3342387_management1_97780228_183173852_10616937,47.334302738817286,8.706894,8.785176,78.412476,843.89996,197,maturity,0.0,False
2024-03-07,consortium0_sector0_ELMED_3342387_management1_97780228_183173852_10616937,71.76371344061336,7.7513385,8.173308,68.9957,43.200005,198,maturity,0.0,False
2024-03-08,consortium0_sector0_ELMED_3342387_management1_97780228_183173852_10616937,68.28633878018486,8.17072,7.6448045,83.54096,240.8,199,maturity,0.0,False
2024-03-09,consortium0_sector0_ELMED_3342387_management1_97780228_183173852_10616937,66.84374632937885,8.847393,8.955001,80.55323,67.5,200,maturity,0.0,False
2024-03-10,consortium0_sector0_ELMED_3342387_management1_97780228_183173852_10616937,66.26952770451366,6.8878284,6.087166,95.05769,2153.2,201,maturity,0.0,False
2024-03-11,consortium0_sector0_ELMED_3342387_management1_97780228_183173852_10616937,31.793101599773323,5.551875,7.356073,75.43521,0.0,202,maturity,0.0,False
2024-03-12,consortium0_sector0_ELMED_3342387_management1_97780228_183173852_10616937,5.2607979812838765,6.4574623,8.575045,60.00459,0.0,203,maturity,0.0,False
2024-03-13,consortium0_sector0_ELMED_3342387_management1_97780228_183173852_10616937,5.1410273219059786,7.907967,9.782683,62.242046,26.4,204,maturity,0.0,False
2024-03-14,consortium0_sector0_ELMED_3342387_management1_97780228_183173852_10616937,5.089222004192124,8.443447,10.451244,67.35986,0.0,205,maturity,0.0,False
2024-03-15,consortium0_sector0_ELMED_3342387_management1_97780228_183173852_10616937,5.059568937506769,9.649065,12.2329035,72.11478,0.0,206,maturity,0.0,False
2024-03-16,consortium0_sector0_ELMED_3342387_management1_97780228_183173852_10616937,5.03678937062632,11.600013,12.405348,75.37223,25.4,207,maturity,0.0,False
2024-03-17,consortium0_sector0_ELMED_3342387_management1_97780228_183173852_10616937,5.051244306956719,10.491111,11.590007,67.42552,0.0,208,maturity,0.0,False
2024-03-18,consortium0_sector0_ELMED_3342387_management1_97780228_183173852_10616937,5.028968123748204,8.886313,10.166648,75.62568,194.5,209,maturity,0.0,False
2024-03-19,consortium0_sector0_ELMED_3342387_management1_97780228_183173852_10616937,5.003930116398341,9.6431,11.531011,68.26965,0.0,210,maturity,0.0,False
2024-03-20,consortium0_sector0_ELMED_3342387_management1_97780228_183173852_10616937,4.955052528972165,10.831831,11.313807,76.37536,0.0,211,maturity,0.0,False
2024-03-21,consortium0_sector0_ELMED_3342387_management1_97780228_183173852_10616937,4.926163983409892,11.151749,12.882714,67.55197,12.2,212,maturity,0.0,False
2024-03-22,consortium0_sector0_ELMED_3342387_management1_97780228_183173852_10616937,4.901949690516335,11.404716,12.627349,62.903484,0.0,213,maturity,0.0,False
2024-03-23,consortium0_sector0_ELMED_3342387_management1_97780228_183173852_10616937,4.878341451175678,10.387039,11.905663,68.07996,173.40001,214,maturity,0.0,False
2024-03-24,consortium0_sector0_ELMED_3342387_management1_97780228_183173852_10616937,4.857177897694332,8.490354,8.7750435,47.229088,153.0,215,maturity,0.0,False
2024-03-25,consortium0_sector0_ELMED_3342387_management1_97780228_183173852_10616937,4.83459046059003,8.112071,7.769299,50.13747,0.0,216,maturity,0.0,False
2024-03-26,consortium0_sector0_ELMED_3342387_management1_97780228_183173852_10616937,4.810517810993731,8.508315,8.269931,72.311066,83.3,217,maturity,0.0,False
2024-03-27,consortium0_sector0_ELMED_3342387_management1_97780228_183173852_10616937,5.041152824518248,7.877128,7.6684155,92.03532,1627.2001,218,maturity,0.0,False
2024-03-28,consortium0_sector0_ELMED_3342387_management1_97780228_183173852_10616937,5.214233153458502,7.4264646,8.200928,85.50384,282.80002,219,maturity,0.0,False
2024-03-29,consortium0_sector0_ELMED_3342387_management1_97780228_183173852_10616937,5.134148935589966,8.124223,8.511061,92.40909,272.19998,220,maturity,0.0,False
2024-03-30,consortium0_sector0_ELMED_3342387_management1_97780228_183173852_10616937,5.083396512509477,11.912954,13.170372,78.39477,470.69998,221,maturity,0.0,False
2024-03-31,consortium0_sector0_ELMED_3342387_management1_97780228_183173852_10616937,5.252761832557132,11.233283,11.564849,87.945,1966.2999,222,maturity,0.0,False
2024-04-01,consortium0_sector0_ELMED_3342387_management1_97780228_183173852_10616937,5.60426177149033,11.389596,12.297109,78.77527,1919.2001,223,maturity,0.0,False
2024-04-02,consortium0_sector0_ELMED_3342387_management1_97780228_183173852_10616937,5.131764209614255,9.914784,10.505032,72.131996,6.1,224,maturity,0.0,False
2024-04-03,consortium0_sector0_ELMED_3342387_management1_97780228_183173852_10616937,5.036107580955706,9.58565,10.197488,71.35864,39.600002,225,maturity,0.0,False
2024-04-04,consortium0_sector0_ELMED_3342387_management1_97780228_183173852_10616937,4.9862104580764965,11.410113,12.730947,72.53483,0.0,226,maturity,0.0,False
2024-04-05,consortium0_sector0_ELMED_3342387_management1_97780228_183173852_10616937,4.999451590865541,13.35762,13.654621,79.111946,0.0,227,maturity,0.0,False
2024-04-06,consortium0_sector0_ELMED_3342387_management1_97780228_183173852_10616937,5.012307692307693,14.691932,16.174475,74.536766,0.0,228,maturity,0.0,False
2024-04-07,consortium0_sector0_ELMED_3342387_management1_97780228_183173852_10616937,5.0,15.74651,18.728485,64.1232,0.0,229,maturity,0.0,False
2024-04-08,consortium0_sector0_ELMED_3342387_management1_97780228_183173852_10616937,4.987228420434527,16.442122,18.171888,63.492004,0.0,230,maturity,0.0,False
2024-04-09,consortium0_sector0_ELMED_3342387_management1_97780228_183173852_10616937,4.978832318760376,16.905159,17.830095,70.37268,575.2,231,maturity,0.0,False
2024-04-10,consortium0_sector0_ELMED_3342387_management1_97780228_183173852_10616937,4.980769230769231,11.604558,10.116995,79.945786,1180.7001,232,maturity,0.0,False
2024-04-11,consortium0_sector0_ELMED_3342387_management1_97780228_183173852_10616937,4.963905325443788,13.657683,15.572645,64.689445,0.0,233,maturity,0.0,False
2024-04-12,consortium0_sector0_ELMED_3342387_management1_97780228_183173852_10616937,4.953939205955335,15.504653,18.391554,61.06807,0.0,234,maturity,0.0,False
2024-04-13,consortium0_sector0_ELMED_3342387_management1_97780228_183173852_10616937,5.07678270634475,16.66529,19.046856,60.842518,0.0,235,maturity,0.0,False
2024-04-14,consortium0_sector0_ELMED_3342387_management1_97780228_183173852_10616937,5.09988931931378,17.421066,19.574444,64.65082,0.0,236,maturity,0.0,False
2024-04-15,consortium0_sector0_ELMED_3342387_management1_97780228_183173852_10616937,5.053191489361702,17.437986,18.101843,74.011246,0.0,237,maturity,0.0,False
2024-04-16,consortium0_sector0_ELMED_3342387_management1_97780228_183173852_10616937,5.028428093645485,15.162986,14.262513,53.425343,0.0,238,maturity,0.0,False
2024-04-17,consortium0_sector0_ELMED_3342387_management1_97780228_183173852_10616937,5.005082417582417,11.990195,10.251591,49.8592,18.300001,239,maturity,0.0,False
2024-04-18,consortium0_sector0_ELMED_3342387_management1_97780228_183173852_10616937,4.979920814479638,9.834861,8.795973,54.49485,0.0,240,maturity,0.0,False
2024-04-19,consortium0_sector0_ELMED_3342387_management1_97780228_183173852_10616937,4.9541984732824424,9.507178,9.019363,54.967484,6.6,241,maturity,0.0,False
2024-04-20,consortium0_sector0_ELMED_3342387_management1_97780228_183173852_10616937,4.936496956281129,10.432273,9.51185,51.283066,6.1,242,maturity,0.0,False
2024-04-21,consortium0_sector0_ELMED_3342387_management1_97780228_183173852_10616937,4.924052396878484,9.5273485,8.011218,56.76085,39.600002,243,maturity,0.0,False
2024-04-22,consortium0_sector0_ELMED_3342387_management1_97780228_183173852_10616937,4.9075816270060875,7.828295,6.5076203,84.906624,470.7,244,maturity,0.0,False
2024-04-23,consortium0_sector0_ELMED_3342387_management1_97780228_183173852_10616937,4.882461538461539,8.434324,8.477159,70.700745,204.0,245,maturity,0.0,False
2024-04-24,consortium0_sector0_ELMED_3342387_management1_97780228_183173852_10616937,4.866491422246818,9.539974,9.489754,57.479862,31.5,246,maturity,0.0,False
2024-04-25,consortium0_sector0_ELMED_3342387_management1_97780228_183173852_10616937,4.850678733031674,9.012481,8.47615,62.37073,0.0,247,maturity,0.0,False
2024-04-26,consortium0_sector0_ELMED_3342387_management1_97780228_183173852_10616937,4.8502849002849,10.759293,9.829527,69.921974,12.2,248,maturity,0.0,False
2024-04-27,consortium0_sector0_ELMED_3342387_management1_97780228_183173852_10616937,4.8426445816956765,12.213712,12.393478,69.93441,32.0,249,maturity,0.0,False
2024-04-28,consortium0_sector0_ELMED_3342387_management1_97780228_183173852_10616937,4.834308807134894,13.572298,14.154148,71.774284,7.1,250,maturity,0.0,False
2024-04-29,consortium0_sector0_ELMED_3342387_management1_97780228_183173852_10616937,5.055741360089185,14.691996,15.769425,66.787186,0.0,251,maturity,0.0,False
2024-04-30,consortium0_sector0_ELMED_3342387_management1_97780228_183173852_10616937,5.087029758562605,16.057747,18.01024,59.74789,38.600002,252,maturity,0.0,False
2024-05-01,consortium0_sector0_ELMED_3342387_management1_97780228_183173852_10616937,4.998877035373385,16.171446,16.808756,76.49828,431.5,253,maturity,0.0,False
2024-05-02,consortium0_sector0_ELMED_3342387_management1_97780228_183173852_10616937,4.969174208144797,14.018068,13.838586,83.39019,865.2,254,maturity,0.0,False
2024-05-03,consortium0_sector0_ELMED_3342387_management1_97780228_183173852_10616937,4.9501373626373635,12.98704,13.143384,81.71435,169.09999,255,maturity,0.0,False
2024-05-04,consortium0_sector0_ELMED_3342387_management1_97780228_183173852_10616937,4.933038184836747,14.1386175,15.158599,72.680275,128.0,256,maturity,0.0,False
2024-05-05,consortium0_sector0_ELMED_3342387_management1_97780228_183173852_10616937,4.91685520361991,15.553705,15.838775,72.3035,0.0,257,maturity,0.0,False
2024-05-06,consortium0_sector0_ELMED_3342387_management1_97780228_183173852_10616937,4.907433983926522,15.4804735,15.465922,75.51948,24.4,258,maturity,0.0,False
2024-05-07,consortium0_sector0_ELMED_3342387_management1_97780228_183173852_10616937,4.892551892551892,13.768227,14.2986555,81.377304,438.9,259,maturity,0.0,False
2024-05-08,consortium0_sector0_ELMED_3342387_management1_97780228_183173852_10616937,4.881335718545021,14.45721,14.798434,83.9793,364.9,260,maturity,0.0,False
2024-05-09,consortium0_sector0_ELMED_3342387_management1_97780228_183173852_10616937,4.882692307692308,15.998276,16.739847,69.66079,0.0,261,maturity,0.0,False
2024-05-10,consortium0_sector0_ELMED_3342387_management1_97780228_183173852_10616937,4.896634615384616,16.826496,17.092722,73.15861,0.0,262,maturity,0.0,False
2024-05-11,consortium0_sector0_ELMED_3342387_management1_97780228_183173852_10616937,4.891685520361992,17.263584,17.594488,71.19605,13.2,263,maturity,0.0,False
2024-05-12,consortium0_sector0_ELMED_3342387_management1_97780228_183173852_10616937,4.890659340659341,17.740416,17.810493,73.96869,37.100002,264,maturity,0.0,False
2024-05-13,consortium0_sector0_ELMED_3342387_management1_97780228_183173852_10616937,4.8915680473372785,17.31065,16.828611,81.07258,680.5,265,maturity,0.0,False
2024-05-14,consortium0_sector0_ELMED_3342387_management1_97780228_183173852_10616937,4.8848940914158305,17.36204,16.704243,76.29193,18.800001,266,maturity,0.0,False
2024-05-15,consortium0_sector0_ELMED_3342387_management1_97780228_183173852_10616937,4.935897435897435,15.437355,15.163365,86.48668,1448.2001,267,maturity,0.0,False
2024-05-16,consortium0_sector0_ELMED_3342387_management1_97780228_183173852_10616937,5.386813186813187,15.755694,16.016521,77.523315,384.4,268,maturity,0.0,False
2024-05-17,consortium0_sector0_ELMED_3342387_management1_97780228_183173852_10616937,5.292279411764706,15.829085,15.856516,73.73383,114.600006,269,maturity,0.0,False
2024-05-18,consortium0_sector0_ELMED_3342387_management1_97780228_183173852_10616937,5.149821109123435,16.038397,15.955252,71.11792,6.1,270,maturity,0.0,False
2024-05-19,consortium0_sector0_ELMED_3342387_management1_97780228_183173852_10616937,5.094214608920491,16.885113,17.26914,68.92466,14.2,271,maturity,0.0,False
2024-05-20,consortium0_sector0_ELMED_3342387_management1_97780228_183173852_10616937,5.063478556841389,17.654716,18.069458,71.84767,77.200005,272,maturity,0.0,False
2024-05-21,consortium0_sector0_ELMED_3342387_management1_97780228_183173852_10616937,5.368852459016393,15.804969,16.049824,90.01209,2438.9001,273,maturity,0.0,False
2024-05-22,consortium0_sector0_ELMED_3342387_management1_97780228_183173852_10616937,5.243774211400111,15.969299,15.990069,79.20578,24.4,274,maturity,0.0,False
2024-05-23,consortium0_sector0_ELMED_3342387_management1_97780228_183173852_10616937,5.15623245367771,15.976781,15.406736,78.248825,149.80002,275,maturity,0.0,False
2024-05-24,consortium0_sector0_ELMED_3342387_management1_97780228_183173852_10616937,5.114806246385194,16.307684,16.301369,71.761765,8.1,276,maturity,0.0,False
2024-05-25,consortium0_sector0_ELMED_3342387_management1_97780228_183173852_10616937,5.087225274725275,15.827034,15.394457,76.70824,321.1,277,maturity,0.0,False
2024-05-26,consortium0_sector0_ELMED_3342387_management1_97780228_183173852_10616937,5.068140520896427,16.655285,17.439787,69.33089,0.0,278,maturity,0.0,False
2024-05-27,consortium0_sector0_ELMED_3342387_management1_97780228_183173852_10616937,5.052077484559237,18.282778,18.668417,73.906105,6.6,279,maturity,0.0,False
2024-05-28,consortium0_sector0_ELMED_3342387_management1_97780228_183173852_10616937,5.05357142857143,18.022898,18.254337,68.985985,244.2,280,maturity,0.0,False
2024-05-29,consortium0_sector0_ELMED_3342387_management1_97780228_183173852_10616937,5.046067738231917,17.98041,18.402569,64.118126,0.0,281,maturity,0.0,False
2024-05-30,consortium0_sector0_ELMED_3342387_management1_97780228_183173852_10616937,5.033545401966455,17.834072,17.153358,87.072815,2291.0999,282,maturity,0.0,False
2024-05-31,consortium0_sector0_ELMED_3342387_management1_97780228_183173852_10616937,5.396565934065935,15.01286,14.1675,82.206696,1179.5,283,maturity,0.0,False
2024-06-01,consortium0_sector0_ELMED_3342387_management1_97780228_183173852_10616937,5.224885189437428,15.197898,15.967437,73.98437,7.1,284,maturity,0.0,False
2024-06-02,consortium0_sector0_ELMED_3342387_management1_97780228_183173852_10616937,5.1468531468531475,17.18707,18.402443,69.87061,85.1,285,maturity,0.0,False
2024-06-03,consortium0_sector0_ELMED_3342387_management1_97780228_183173852_10616937,5.366129994036971,17.644743,18.196604,75.29063,531.9,286,maturity,0.0,False
2024-06-04,consortium0_sector0_ELMED_3342387_management1_97780228_183173852_10616937,5.200682382133995,18.131483,18.518131,72.09506,33.0,287,maturity,0.0,False
2024-06-05,consortium0_sector0_ELMED_3342387_management1_97780228_183173852_10616937,5.141555812608444,19.180094,19.207243,77.19946,0.0,288,maturity,0.0,False
2024-06-06,consortium0_sector0_ELMED_3342387_management1_97780228_183173852_10616937,5.114806246385194,20.542753,20.922678,76.64307,18.800001,289,maturity,0.0,False
2024-06-07,consortium0_sector0_ELMED_3342387_management1_97780228_183173852_10616937,5.08932552954292,21.445215,22.082367,78.76556,0.0,290,maturity,0.0,False
2024-06-08,consortium0_sector0_ELMED_3342387_management1_97780228_183173852_10616937,5.076381365113759,21.857271,22.35175,80.74752,459.0,291,maturity,0.0,False
2024-06-09,consortium0_sector0_ELMED_3342387_management1_97780228_183173852_10616937,5.067238516878805,21.553328,22.684357,75.99743,137.1,292,maturity,0.0,False
2024-06-10,consortium0_sector0_ELMED_3342387_management1_97780228_183173852_10616937,5.065054086538462,21.332905,21.26747,77.17057,601.10004,293,maturity,0.0,False
2024-06-11,consortium0_sector0_ELMED_3342387_management1_97780228_183173852_10616937,5.069514501891551,19.003296,18.82356,80.491455,1903.2001,294,maturity,0.0,False
2024-06-12,consortium0_sector0_ELMED_3342387_management1_97780228_183173852_10616937,5.247596153846154,17.890259,17.124918,74.183136,516.3,295,maturity,0.0,False
2024-06-13,consortium0_sector0_ELMED_3342387_management1_97780228_183173852_10616937,5.281614219114219,17.908978,17.290321,65.93933,6.6,296,maturity,0.0,False
2024-06-14,consortium0_sector0_ELMED_3342387_management1_97780228_183173852_10616937,5.181065088757396,17.722328,17.533474,75.99364,58.4,297,maturity,0.0,False
2024-06-15,consortium0_sector0_ELMED_3342387_management1_97780228_183173852_10616937,5.14621040723982,18.098467,18.161976,80.20968,93.9,298,maturity,0.0,False
2024-06-16,consortium0_sector0_ELMED_3342387_management1_97780228_183173852_10616937,5.118032329988852,19.17293,19.85522,75.650894,38.600002,299,maturity,0.0,False
2024-06-17,consortium0_sector0_ELMED_3342387_management1_97780228_183173852_10616937,5.099260355029585,20.718067,21.04654,74.675545,8.1,300,maturity,0.0,False
2024-06-18,consortium0_sector0_ELMED_3342387_management1_97780228_183173852_10616937,5.091162654139753,21.555317,22.14714,72.079094,0.0,301,maturity,0.0,False
2024-06-19,consortium0_sector0_ELMED_3342387_management1_97780228_183173852_10616937,5.081260844418739,22.529337,24.974129,67.708466,0.0,302,maturity,0.0,False
2024-06-20,consortium0_sector0_ELMED_3342387_management1_97780228_183173852_10616937,5.0762108262108265,23.42053,26.403643,64.15364,0.0,303,maturity,0.0,False
2024-06-21,consortium0_sector0_ELMED_3342387_management1_97780228_183173852_10616937,5.085423634336678,23.430473,24.709578,71.656006,875.60004,304,maturity,0.0,False
2024-06-22,consortium0_sector0_ELMED_3342387_management1_97780228_183173852_10616937,5.227340488968396,22.195467,22.345688,72.14257,538.39996,305,maturity,0.0,False
2024-06-23,consortium0_sector0_ELMED_3342387_management1_97780228_183173852_10616937,5.29365524985963,18.939974,18.654842,84.898796,1069.0,306,maturity,0.0,False
2024-06-24,consortium0_sector0_ELMED_3342387_management1_97780228_183173852_10616937,5.246794871794872,20.159702,20.779812,78.02938,125.799995,307,maturity,0.0,False
2024-06-25,consortium0_sector0_ELMED_3342387_management1_97780228_183173852_10616937,5.208567854909319,20.616776,20.667343,82.17576,948.7,308,maturity,0.0,False
2024-06-26,consortium0_sector0_ELMED_3342387_management1_97780228_183173852_10616937,5.309793148028442,20.90683,20.985619,77.0127,418.3,309,maturity,0.0,False
2024-06-27,consortium0_sector0_ELMED_3342387_management1_97780228_183173852_10616937,5.234528629265472,21.841646,23.26873,66.780174,0.0,310,maturity,0.0,False
2024-06-28,consortium0_sector0_ELMED_3342387_management1_97780228_183173852_10616937,5.188976377952756,23.283756,25.683977,62.94098,0.0,311,maturity,0.0,False
2024-06-29,consortium0_sector0_ELMED_3342387_management1_97780228_183173852_10616937,5.165384615384616,23.93483,25.053486,76.44241,244.3,312,maturity,0.0,False
2024-06-30,consortium0_sector0_ELMED_3342387_management1_97780228_183173852_10616937,5.1509543088490455,23.982147,24.632147,71.64502,82.3,313,maturity,0.0,False
2024-07-01,consortium0_sector0_ELMED_3342387_management1_97780228_183173852_10616937,5.231630309988519,21.755,21.081894,83.97507,308.4,314,maturity,0.0,False
2024-07-02,consortium0_sector0_ELMED_3342387_management1_97780228_183173852_10616937,5.283579881656805,20.96488,21.90923,60.28608,0.0,315,maturity,0.0,False
2024-07-03,consortium0_sector0_ELMED_3342387_management1_97780228_183173852_10616937,5.240680473372781,19.599792,19.36324,77.711426,344.30002,316,maturity,0.0,False
2024-07-04,consortium0_sector0_ELMED_3342387_management1_97780228_183173852_10616937,5.204627403846154,19.795847,20.10279,70.602684,0.0,317,maturity,0.0,False
2024-07-05,consortium0_sector0_ELMED_3342387_management1_97780228_183173852_10616937,5.1813413858868405,21.167248,21.517721,74.628586,0.0,318,maturity,0.0,False
2024-07-06,consortium0_sector0_ELMED_3342387_management1_97780228_183173852_10616937,5.160650887573965,22.734165,23.24812,73.664604,39.600002,319,maturity,0.0,False
2024-07-07,consortium0_sector0_ELMED_3342387_management1_97780228_183173852_10616937,5.153694730466385,21.865387,21.911787,84.67836,2203.3,320,maturity,0.0,False
2024-07-08,consortium0_sector0_ELMED_3342387_management1_97780228_183173852_10616937,5.149253731343284,23.048214,23.78884,74.033516,80.200005,321,maturity,0.0,False
2024-07-09,consortium0_sector0_ELMED_3342387_management1_97780228_183173852_10616937,5.145665901262917,23.766521,24.906105,72.08583,13.2,322,maturity,0.0,False
2024-07-10,consortium0_sector0_ELMED_3342387_management1_97780228_183173852_10616937,5.1440781440781445,24.516302,26.226622,69.37083,0.0,323,maturity,0.0,False
2024-07-11,consortium0_sector0_ELMED_3342387_management1_97780228_183173852_10616937,5.141914654688378,25.050644,26.731264,68.34603,130.1,324,maturity,0.0,False
2024-07-12,consortium0_sector0_ELMED_3342387_management1_97780228_183173852_10616937,5.4752947782144865,23.95926,23.866901,82.27269,670.0,325,maturity,0.0,False
2024-07-13,consortium0_sector0_ELMED_3342387_management1_97780228_183173852_10616937,5.356630309988519,22.929022,23.488617,72.429085,107.200005,326,maturity,0.0,False
2024-07-14,consortium0_sector0_ELMED_3342387_management1_97780228_183173852_10616937,5.284299655568312,23.488018,24.136091,70.093285,0.0,327,maturity,0.0,False
2024-07-15,consortium0_sector0_ELMED_3342387_management1_97780228_183173852_10616937,5.246357808857809,23.982147,25.362198,68.20133,0.0,328,maturity,0.0,False
2024-07-16,consortium0_sector0_ELMED_3342387_management1_97780228_183173852_10616937,5.221597633136096,24.777885,26.166237,68.68406,2.5,329,maturity,0.0,False
2024-07-17,consortium0_sector0_ELMED_3342387_management1_97780228_183173852_10616937,5.204519932622123,25.014406,25.595245,70.350815,55.699997,330,maturity,0.0,False
2024-07-18,consortium0_sector0_ELMED_3342387_management1_97780228_183173852_10616937,5.1940298507462686,24.959988,25.77113,69.34606,0.5,331,maturity,0.0,False
2024-07-19,consortium0_sector0_ELMED_3342387_management1_97780228_183173852_10616937,5.187188710570006,25.211977,25.708597,73.25213,1.0,332,maturity,0.0,False
2024-07-20,consortium0_sector0_ELMED_3342387_management1_97780228_183173852_10616937,5.1746277915632755,24.518795,25.161407,66.12457,23.800001,333,maturity,0.0,False
2024-07-21,consortium0_sector0_ELMED_3342387_management1_97780228_183173852_10616937,5.159219457013575,24.221004,24.903896,73.31729,28.900002,334,maturity,0.0,False
2024-07-22,consortium0_sector0_ELMED_3342387_management1_97780228_183173852_10616937,5.148372781065089,25.219458,26.094553,64.59581,0.0,335,maturity,0.0,False
2024-07-23,consortium0_sector0_ELMED_3342387_management1_97780228_183173852_10616937,5.149665551839465,24.300993,24.347076,75.49493,324.19998,336,maturity,0.0,False
2024-07-24,consortium0_sector0_ELMED_3342387_management1_97780228_183173852_10616937,5.144736842105263,24.211912,25.094173,64.50419,30.5,337,maturity,0.0,False
2024-07-25,consortium0_sector0_ELMED_3342387_management1_97780228_183173852_10616937,5.136182336182336,24.11914,24.35459,64.997826,12.2,338,maturity,0.0,False
2024-07-26,consortium0_sector0_ELMED_3342387_management1_97780228_183173852_10616937,5.162066940692895,24.989248,24.890606,73.7215,7.6000004,339,maturity,0.0,False
2024-07-27,consortium0_sector0_ELMED_3342387_management1_97780228_183173852_10616937,5.428651059085842,25.980852,26.861944,67.76028,13.700001,340,maturity,0.0,False
2024-07-28,consortium0_sector0_ELMED_3342387_management1_97780228_183173852_10616937,5.527609890109891,26.082747,26.381958,74.491806,253.40001,341,maturity,0.0,False
2024-07-29,consortium0_sector0_ELMED_3342387_management1_97780228_183173852_10616937,5.621934225195095,26.627886,26.449633,73.02014,8.6,342,maturity,0.0,False
2024-07-30,consortium0_sector0_ELMED_3342387_management1_97780228_183173852_10616937,5.610074626865671,26.799475,26.468067,72.55862,0.0,343,maturity,0.0,False
2024-07-31,consortium0_sector0_ELMED_3342387_management1_97780228_183173852_10616937,5.5722908478382935,27.069963,27.730505,69.707664,42.7,344,maturity,0.0,False
2024-08-01,consortium0_sector0_ELMED_3342387_management1_97780228_183173852_10616937,5.628389596015495,26.631168,26.631388,69.15944,45.7,345,maturity,0.0,False
2024-08-02,consortium0_sector0_ELMED_3342387_management1_97780228_183173852_10616937,5.47651203758074,25.84613,25.360146,68.58861,18.300001,346,maturity,0.0,False
2024-08-03,consortium0_sector0_ELMED_3342387_management1_97780228_183173852_10616937,5.375989819004524,25.341743,25.308537,58.355705,0.0,347,maturity,0.0,False
2024-08-04,consortium0_sector0_ELMED_3342387_management1_97780228_183173852_10616937,5.333702268954068,25.42877,25.01349,64.67854,99.0,348,maturity,0.0,False
2024-08-05,consortium0_sector0_ELMED_3342387_management1_97780228_183173852_10616937,5.307830658550083,25.828768,25.788239,66.07576,13.2,349,maturity,0.0,False
2024-08-06,consortium0_sector0_ELMED_3342387_management1_97780228_183173852_10616937,5.283190883190883,26.165922,26.043982,71.18727,0.0,350,maturity,0.0,False
2024-08-07,consortium0_sector0_ELMED_3342387_management1_97780228_183173852_10616937,5.270345596432553,25.345245,24.689438,76.264046,125.90001,351,maturity,0.0,False
2024-08-08,consortium0_sector0_ELMED_3342387_management1_97780228_183173852_10616937,5.256165590135056,24.795277,25.899004,58.445656,0.0,352,maturity,0.0,False
2024-08-09,consortium0_sector0_ELMED_3342387_management1_97780228_183173852_10616937,5.336237980769231,26.279968,26.510147,65.322235,6.1,353,maturity,0.0,False
2024-08-10,consortium0_sector0_ELMED_3342387_management1_97780228_183173852_10616937,5.5630263896687255,27.366112,27.919205,65.378784,0.0,354,maturity,0.0,False
2024-08-11,consortium0_sector0_ELMED_3342387_management1_97780228_183173852_10616937,5.646928610957388,28.216238,27.57293,72.70823,0.0,355,maturity,0.0,False
2024-08-12,consortium0_sector0_ELMED_3342387_management1_97780228_183173852_10616937,5.650549450549451,28.399477,27.8913,65.13759,0.0,356,maturity,0.0,False
2024-08-13,consortium0_sector0_ELMED_3342387_management1_97780228_183173852_10616937,5.542391914654689,27.85301,27.530094,61.962494,15.200001,357,maturity,0.0,False
2024-08-14,consortium0_sector0_ELMED_3342387_management1_97780228_183173852_10616937,5.686182336182336,27.581673,27.658913,51.822086,0.0,358,maturity,0.0,False
2024-08-15,consortium0_sector0_ELMED_3342387_management1_97780228_183173852_10616937,5.677884615384616,26.53786,26.880947,56.409874,0.0,359,maturity,0.0,False
2024-08-16,consortium0_sector0_ELMED_3342387_management1_97780228_183173852_10616937,5.525076923076923,27.266996,27.7306,59.949314,0.0,360,maturity,0.0,False
2024-08-17,consortium0_sector0_ELMED_3342387_management1_97780228_183173852_10616937,5.700506857483602,26.843258,26.441774,61.212463,0.0,361,maturity,0.0,False
2024-08-18,consortium0_sector0_ELMED_3342387_management1_97780228_183173852_10616937,5.558389074693422,23.073498,22.688808,78.7608,191.40001,362,maturity,0.0,False
2024-08-19,consortium0_sector0_ELMED_3342387_management1_97780228_183173852_10616937,5.822539592760181,23.092405,23.253548,74.12653,94.0,363,maturity,0.0,False
2024-08-20,consortium0_sector0_ELMED_3342387_management1_97780228_183173852_10616937,5.556306306306307,24.013458,24.55541,66.747154,6.6,364,maturity,0.0,False
2024-08-21,consortium0_sector0_ELMED_3342387_management1_97780228_183173852_10616937,5.480043541364296,25.21406,25.402569,65.329575,112.299995,365,maturity,0.0,False
2024-08-22,consortium0_sector0_ELMED_3342387_management1_97780228_183173852_10616937,5.5553083280356015,24.962103,24.480917,71.293915,126.5,366,maturity,0.0,False
2024-08-23,consortium0_sector0_ELMED_3342387_management1_97780228_183173852_10616937,5.584284855769231,25.599445,24.80219,73.547325,0.0,367,maturity,0.0,False
2024-08-24,consortium0_sector0_ELMED_3342387_management1_97780228_183173852_10616937,5.632230172927847,26.591963,25.508062,70.691826,12.2,368,maturity,0.0,False
2024-08-25,consortium0_sector0_ELMED_3342387_management1_97780228_183173852_10616937,5.539218655360387,26.564342,26.342941,63.20527,20.800001,369,maturity,0.0,False
2024-08-26,consortium0_sector0_ELMED_3342387_management1_97780228_183173852_10616937,5.687423687423688,24.604652,24.301592,68.71915,14.2,370,maturity,0.0,False
2024-08-27,consortium0_sector0_ELMED_3342387_management1_97780228_183173852_10616937,5.803485576923077,23.778706,23.54048,68.63081,169.0,371,maturity,0.0,False
2024-08-28,consortium0_sector0_ELMED_3342387_management1_97780228_183173852_10616937,5.778215636822194,24.142344,24.056578,69.03,6.1,372,maturity,0.0,False
2024-08-29,consortium0_sector0_ELMED_3342387_management1_97780228_183173852_10616937,5.770192307692309,25.130789,25.513556,59.88407,0.0,373,maturity,0.0,False
2024-08-30,consortium0_sector0_ELMED_3342387_management1_97780228_183173852_10616937,5.755674653215637,25.654274,26.146004,57.203175,0.0,374,maturity,0.0,False
2024-08-31,consortium0_sector0_ELMED_3342387_management1_97780228_183173852_10616937,5.735459662288931,26.246635,26.284073,65.57063,0.0,375,maturity,0.0,False
2024-09-01,consortium0_sector0_ELMED_3342387_management1_97780228_183173852_10616937,5.733579881656805,25.313965,24.823782,67.643616,52.700005,376,maturity,0.0,False
2024-09-02,consortium0_sector0_ELMED_3342387_management1_97780228_183173852_10616937,5.716346153846154,25.178295,24.609608,62.087173,0.0,377,maturity,0.0,False
2024-09-03,consortium0_sector0_ELMED_3342387_management1_97780228_183173852_10616937,5.7814381270903015,23.780315,23.605001,69.923836,265.8,378,maturity,0.0,False
2024-09-04,consortium0_sector0_ELMED_3342387_management1_97780228_183173852_10616937,5.753911342894393,23.453611,23.239376,70.04647,37.2,379,maturity,0.0,False
2024-09-05,consortium0_sector0_ELMED_3342387_management1_97780228_183173852_10616937,5.6774928774928775,20.399319,20.078768,88.39753,2416.9001,380,maturity,0.0,False
2024-09-06,consortium0_sector0_ELMED_3342387_management1_97780228_183173852_10616937,5.749674054758801,21.279274,21.567783,74.77708,14.7,381,maturity,0.0,False
2024-09-07,consortium0_sector0_ELMED_3342387_management1_97780228_183173852_10616937,5.57907824933687,22.134893,20.83303,78.02276,0.0,382,maturity,0.0,False
2024-09-08,consortium0_sector0_ELMED_3342387_management1_97780228_183173852_10616937,5.529629629629629,20.791838,20.82839,87.91815,2607.5999,383,maturity,0.0,False
2024-09-09,consortium0_sector0_ELMED_3342387_management1_97780228_183173852_10616937,5.871943947525343,20.63745,20.865828,71.44342,1634.1,384,maturity,0.0,False
2024-09-10,consortium0_sector0_ELMED_3342387_management1_97780228_183173852_10616937,5.58670424403183,19.540985,20.719646,56.497482,0.0,385,maturity,0.0,False
2024-09-11,consortium0_sector0_ELMED_3342387_management1_97780228_183173852_10616937,5.506072874493928,19.474287,19.291838,74.75768,189.40001,386,maturity,0.0,False
2024-09-12,consortium0_sector0_ELMED_3342387_management1_97780228_183173852_10616937,5.630917159763314,15.208188,13.485492,79.54555,1238.9,387,maturity,0.0,False
2024-09-13,consortium0_sector0_ELMED_3342387_management1_97780228_183173852_10616937,5.583974358974359,13.702506,13.245846,54.691395,6.6,388,maturity,0.0,False
2024-09-14,consortium0_sector0_ELMED_3342387_management1_97780228_183173852_10616937,5.48452157598499,14.737291,13.442247,53.97663,0.0,389,maturity,0.0,False
2024-09-15,consortium0_sector0_ELMED_3342387_management1_97780228_183173852_10616937,5.4251094434021265,15.449034,14.697551,47.427204,33.5,390,maturity,0.0,False
2024-09-16,consortium0_sector0_ELMED_3342387_management1_97780228_183173852_10616937,5.381410256410256,15.3962555,14.526497,58.488792,12.7,391,maturity,0.0,False
2024-09-17,consortium0_sector0_ELMED_3342387_management1_97780228_183173852_10616937,5.353756708407871,15.810303,15.409261,67.340096,12.2,392,maturity,0.0,False
2024-09-18,consortium0_sector0_ELMED_3342387_management1_97780228_183173852_10616937,5.331659012629161,15.143005,16.086407,61.839893,0.0,393,maturity,0.0,False
2024-09-19,consortium0_sector0_ELMED_3342387_management1_97780228_183173852_10616937,5.310946745562131,16.086344,16.504274,70.18306,48.8,394,maturity,0.0,False
2024-09-20,consortium0_sector0_ELMED_3342387_management1_97780228_183173852_10616937,5.291666666666667,16.952127,17.13663,75.857956,50.300003,395,maturity,0.0,False
2024-09-21,consortium0_sector0_ELMED_3342387_management1_97780228_183173852_10616937,5.274852071005917,17.611376,17.708757,75.144135,0.0,396,maturity,0.0,False
2024-09-22,consortium0_sector0_ELMED_3342387_management1_97780228_183173852_10616937,5.2582013574660635,17.501684,16.885872,77.119774,0.0,397,maturity,0.0,False
2024-09-23,consortium0_sector0_ELMED_3342387_management1_97780228_183173852_10616937,5.249277038750723,17.614122,17.076084,81.65946,1112.9,398,maturity,0.0,False
2024-09-24,consortium0_sector0_ELMED_3342387_management1_97780228_183173852_10616937,5.293162393162393,17.395435,17.587229,76.91812,99.9,399,maturity,0.0,False
2024-09-25,consortium0_sector0_ELMED_3342387_management1_97780228_183173852_10616937,5.2963017751479295,17.038712,16.045847,78.37753,0.0,400,maturity,0.0,False
2024-09-26,consortium0_sector0_ELMED_3342387_management1_97780228_183173852_10616937,5.448717948717949,17.376276,17.9633,85.71429,955.8,401,maturity,0.0,False
2024-09-27,consortium0_sector0_ELMED_3342387_management1_97780228_183173852_10616937,5.655241935483871,18.781546,19.322046,81.72925,148.7,402,maturity,0.0,False
2024-09-28,consortium0_sector0_ELMED_3342387_management1_97780228_183173852_10616937,5.45920745920746,16.816206,15.851338,65.404106,199.59999,403,maturity,0.0,False
2024-09-29,consortium0_sector0_ELMED_3342387_management1_97780228_183173852_10616937,5.412393162393163,14.826875,13.668478,67.06256,0.0,404,maturity,0.0,False
2024-09-30,consortium0_sector0_ELMED_3342387_management1_97780228_183173852_10616937,5.361263736263735,15.67476,15.298907,76.79835,6.1,405,maturity,0.0,False
2024-10-01,consortium0_sector0_ELMED_3342387_management1_97780228_183173852_10616937,5.321926105390672,15.556578,15.303359,82.25524,102.1,406,maturity,0.0,False
2024-10-02,consortium0_sector0_ELMED_3342387_management1_97780228_183173852_10616937,5.305739182692308,16.12735,16.131136,84.28023,674.2,407,maturity,0.0,False
2024-10-03,consortium0_sector0_ELMED_3342387_management1_97780228_183173852_10616937,5.425534991324465,13.45702,12.9255495,82.36735,872.8,408,maturity,0.0,False
2024-10-04,consortium0_sector0_ELMED_3342387_management1_97780228_183173852_10616937,5.588635049161365,11.92454,11.498561,83.40938,761.7,409,maturity,0.0,False
2024-10-05,consortium0_sector0_ELMED_3342387_management1_97780228_183173852_10616937,5.431039663461538,12.595373,12.39916,74.73144,0.0,410,maturity,0.0,False
2024-10-06,consortium0_sector0_ELMED_3342387_management1_97780228_183173852_10616937,5.354289940828402,13.053265,12.488775,79.62731,0.0,411,maturity,0.0,False
2024-10-07,consortium0_sector0_ELMED_3342387_management1_97780228_183173852_10616937,5.312463851937537,14.735998,14.99168,83.43621,96.0,412,maturity,0.0,False
2024-10-08,consortium0_sector0_ELMED_3342387_management1_97780228_183173852_10616937,5.7663605051664755,15.459578,16.355568,92.04376,3045.5999,413,maturity,0.0,False
2024-10-09,consortium0_sector0_ELMED_3342387_management1_97780228_183173852_10616937,5.557540884312538,15.6935425,17.229969,81.44311,244.8,414,maturity,0.0,False
2024-10-10,consortium0_sector0_ELMED_3342387_management1_97780228_183173852_10616937,5.744482976040353,15.14894,15.67435,87.275894,1797.7,415,maturity,0.0,False
2024-10-11,consortium0_sector0_ELMED_3342387_management1_97780228_183173852_10616937,5.468531468531469,12.606894,13.785651,66.78064,0.0,416,maturity,0.0,False
2024-10-12,consortium0_sector0_ELMED_3342387_management1_97780228_183173852_10616937,5.3578184110971,12.944331,13.946824,70.33216,18.300001,417,maturity,0.0,False
2024-10-13,consortium0_sector0_ELMED_3342387_management1_97780228_183173852_10616937,5.313757396449704,14.114154,14.191743,84.17058,0.0,418,maturity,0.0,False
2024-10-14,consortium0_sector0_ELMED_3342387_management1_97780228_183173852_10616937,5.276985111662531,13.22656,13.717879,84.369644,0.5,419,maturity,0.0,False
2024-10-15,consortium0_sector0_ELMED_3342387_management1_97780228_183173852_10616937,5.256362058993638,13.390322,14.589249,84.13942,17.2,420,maturity,0.0,False
2024-10-16,consortium0_sector0_ELMED_3342387_management1_97780228_183173852_10616937,5.234848484848484,13.477097,15.770593,84.47151,316.30002,421,maturity,0.0,False
2024-10-17,consortium0_sector0_ELMED_3342387_management1_97780228_183173852_10616937,5.2119690011481055,15.78464,18.000298,82.01426,6.6,422,maturity,0.0,False
2024-10-18,consortium0_sector0_ELMED_3342387_management1_97780228_183173852_10616937,5.4984737484737485,15.568131,16.623655,92.45203,1313.5,423,maturity,0.0,False
2024-10-19,consortium0_sector0_ELMED_3342387_management1_97780228_183173852_10616937,5.423757658270932,14.373055,15.7663,89.70237,986.3,424,maturity,0.0,False
2024-10-20,consortium0_sector0_ELMED_3342387_management1_97780228_183173852_10616937,5.3816793893129775,15.870341,17.591173,84.016396,45.7,425,maturity,0.0,False
2024-10-21,consortium0_sector0_ELMED_3342387_management1_97780228_183173852_10616937,5.358974358974359,15.933725,16.506325,86.18235,0.0,426,maturity,0.0,False
2024-10-22,consortium0_sector0_ELMED_3342387_management1_97780228_183173852_10616937,5.314603365384616,15.944521,15.954273,85.501656,0.0,427,maturity,0.0,False
2024-10-23,consortium0_sector0_ELMED_3342387_management1_97780228_183173852_10616937,5.281210592686002,15.296256,15.604368,89.70929,689.10004,428,maturity,0.0,False
2024-10-24,consortium0_sector0_ELMED_3342387_management1_97780228_183173852_10616937,5.269474196689386,15.7612505,16.647865,85.53306,272.7,429,maturity,0.0,False
2024-10-30,consortium0_sector0_ELMED_3342387_management1_97780228_183173852_10616937,5.2443609022556394,13.162292,14.391143,76.64891,0.0,435,maturity,0.0,False
2024-10-31,consortium0_sector0_ELMED_3342387_management1_97780228_183173852_10616937,5.242735042735043,12.29007,14.652948,74.57619,0.0,436,maturity,0.0,False
2024-11-01,consortium0_sector0_ELMED_3342387_management1_97780228_183173852_10616937,5.218362282878412,11.606042,14.3056,75.298645,0.0,437,maturity,0.0,False
2024-11-02,consortium0_sector0_ELMED_3342387_management1_97780228_183173852_10616937,5.202730475631239,11.341427,14.460525,70.28055,0.0,438,maturity,0.0,False
2024-11-03,consortium0_sector0_ELMED_3342387_management1_97780228_183173852_10616937,5.188176638176638,10.826276,13.679526,73.75923,0.0,439,maturity,0.0,False
2024-11-04,consortium0_sector0_ELMED_3342387_management1_97780228_183173852_10616937,5.17235935706085,10.049634,13.142626,72.557014,0.0,440,maturity,0.0,False
2024-11-05,consortium0_sector0_ELMED_3342387_management1_97780228_183173852_10616937,5.159090909090909,9.096067,12.146951,68.69692,0.0,441,maturity,0.0,False
2024-11-06,consortium0_sector0_ELMED_3342387_management1_97780228_183173852_10616937,5.143930288461539,8.735367,12.085145,62.886166,0.0,442,maturity,0.0,False
2024-11-07,consortium0_sector0_ELMED_3342387_management1_97780228_183173852_10616937,5.129076923076923,8.552632,11.525139,68.61496,0.0,443,maturity,0.0,False
2024-11-08,consortium0_sector0_ELMED_3342387_management1_97780228_183173852_10616937,5.115697310819262,8.243068,10.426244,75.42877,0.0,444,maturity,0.0,False
2024-11-09,consortium0_sector0_ELMED_3342387_management1_97780228_183173852_10616937,5.098126232741617,8.475928,10.817879,70.547935,0.0,445,maturity,0.0,False
2024-11-10,consortium0_sector0_ELMED_3342387_management1_97780228_183173852_10616937,5.085714285714285,7.1975503,10.88281,68.82051,0.0,446,maturity,0.0,False
2024-11-11,consortium0_sector0_ELMED_3342387_management1_97780228_183173852_10616937,5.075431034482759,4.277759,8.981735,68.36866,0.0,447,maturity,0.0,False
2024-11-12,consortium0_sector0_ELMED_3342387_management1_97780228_183173852_10616937,5.058514135437213,3.989754,7.4942994,64.57565,3.0,448,maturity,0.0,False
2024-11-13,consortium0_sector0_ELMED_3342387_management1_97780228_183173852_10616937,5.046630360789654,2.6769698,6.6627336,62.67203,27.400002,449,maturity,0.0,False
2024-11-14,consortium0_sector0_ELMED_3342387_management1_97780228_183173852_10616937,5.0371577574967406,2.898624,6.0836616,65.53379,13.2,450,maturity,0.0,False
2024-11-15,consortium0_sector0_ELMED_3342387_management1_97780228_183173852_10616937,5.020361990950226,2.333188,6.061629,57.094902,0.0,451,maturity,0.0,False
2024-11-16,consortium0_sector0_ELMED_3342387_management1_97780228_183173852_10616937,5.002842809364549,2.228327,6.8305683,55.28406,0.0,452,maturity,0.0,False
2024-11-17,consortium0_sector0_ELMED_3342387_management1_97780228_183173852_10616937,4.988942307692308,2.2895646,6.5088825,57.865086,0.0,453,maturity,0.0,False
2024-11-18,consortium0_sector0_ELMED_3342387_management1_97780228_183173852_10616937,4.976331360946746,4.196004,8.129684,63.296844,0.0,454,maturity,0.0,False
2024-11-19,consortium0_sector0_ELMED_3342387_management1_97780228_183173852_10616937,4.962015257469803,3.9844193,7.3548107,71.861565,0.0,455,maturity,0.0,False
2024-11-20,consortium0_sector0_ELMED_3342387_management1_97780228_183173852_10616937,4.961538461538462,5.3152905,6.6660166,63.42486,271.6,456,maturity,0.0,False
2024-11-21,consortium0_sector0_ELMED_3342387_management1_97780228_183173852_10616937,4.943786982248521,4.1095457,2.5839458,65.05896,144.1,457,maturity,0.0,False
2024-11-22,consortium0_sector0_ELMED_3342387_management1_97780228_183173852_10616937,4.934065934065934,3.6480556,1.1081567,58.90435,106.2,458,maturity,0.0,False
2024-11-23,consortium0_sector0_ELMED_3342387_management1_97780228_183173852_10616937,4.921230769230769,1.7833145,-1.0288382,62.4776,0.0,459,maturity,0.0,False
2024-11-24,consortium0_sector0_ELMED_3342387_management1_97780228_183173852_10616937,4.905397022332506,2.8058524,2.7774432,63.111446,0.0,460,maturity,0.0,False
2024-11-25,consortium0_sector0_ELMED_3342387_management1_97780228_183173852_10616937,4.903846153846154,3.435019,5.415259,77.596245,0.0,461,maturity,0.0,False
2024-11-26,consortium0_sector0_ELMED_3342387_management1_97780228_183173852_10616937,4.903846153846154,3.9843879,6.940764,89.326935,19.300001,462,maturity,0.0,False
2024-11-27,consortium0_sector0_ELMED_3342387_management1_97780228_183173852_10616937,4.903846153846154,4.663144,7.280726,89.945335,34.0,463,maturity,0.0,False
2024-11-28,consortium0_sector0_ELMED_3342387_management1_97780228_183173852_10616937,4.903215636822194,4.6351767,6.0109024,93.18319,3.0,464,maturity,0.0,False
2024-11-29,consortium0_sector0_ELMED_3342387_management1_97780228_183173852_10616937,4.898888221153847,4.4676895,5.23565,64.0989,0.0,465,maturity,0.0,False
2024-11-30,consortium0_sector0_ELMED_3342387_management1_97780228_183173852_10616937,4.883858267716535,3.7190151,4.532904,59.18845,0.0,466,maturity,0.0,False
2024-12-01,consortium0_sector0_ELMED_3342387_management1_97780228_183173852_10616937,4.86965811965812,2.9521594,4.620909,54.5375,0.0,467,maturity,0.0,False
2024-12-02,consortium0_sector0_ELMED_3342387_management1_97780228_183173852_10616937,4.860042735042734,1.9885542,5.5226455,52.50293,0.0,468,maturity,0.0,False
2024-12-03,consortium0_sector0_ELMED_3342387_management1_97780228_183173852_10616937,4.847212420606915,2.6219509,6.030063,64.34166,0.0,469,maturity,0.0,False
2023-08-22,consortium0_sector0_ELMED_3342387_management1_97780228_183173852_9699426,27.926975051975052,29.282526,28.99553,58.725437,0.0,0,establishment,0.0,False
2023-08-23,consortium0_sector0_ELMED_3342387_management1_97780228_183173852_9699426,26.939491470872227,29.403673,29.453138,57.515465,6.1,1,establishment,0.0,False
2023-08-24,consortium0_sector0_ELMED_3342387_management1_97780228_183173852_9699426,25.80126017327383,28.965511,29.255442,58.179173,75.700005,2,establishment,0.0,False
2023-08-25,consortium0_sector0_ELMED_3342387_management1_97780228_183173852_9699426,24.532151442307693,29.22536,28.476624,61.99032,0.0,3,establishment,0.0,False
2023-08-26,consortium0_sector0_ELMED_3342387_management1_97780228_183173852_9699426,23.08159073935773,28.457682,26.874603,62.612106,90.90001,4,establishment,0.0,False
2023-08-27,consortium0_sector0_ELMED_3342387_management1_97780228_183173852_9699426,28.352785145888593,23.912575,22.317469,87.765976,863.7,5,establishment,0.0,False
2023-08-28,consortium0_sector0_ELMED_3342387_management1_97780228_183173852_9699426,39.73647951665193,21.552444,19.959293,85.598206,2504.5,6,establishment,0.0,False
2023-08-29,consortium0_sector0_ELMED_3342387_management1_97780228_183173852_9699426,36.86672428694901,18.506105,18.339533,70.09204,173.09999,7,establishment,0.0,False
2023-08-30,consortium0_sector0_ELMED_3342387_management1_97780228_183173852_9699426,35.201213745271126,19.017183,18.965195,63.561966,31.5,8,establishment,0.0,False
2023-08-31,consortium0_sector0_ELMED_3342387_management1_97780228_183173852_9699426,34.000320512820515,20.076717,18.787323,71.3256,37.600002,9,establishment,0.0,False
2023-09-01,consortium0_sector0_ELMED_3342387_management1_97780228_183173852_9699426,32.97206340956341,21.077791,19.913996,78.24689,0.0,10,establishment,0.0,False
2023-09-02,consortium0_sector0_ELMED_3342387_management1_97780228_183173852_9699426,31.600035285815103,22.87195,21.80601,74.92957,0.0,11,establishment,0.0,False
2023-09-03,consortium0_sector0_ELMED_3342387_management1_97780228_183173852_9699426,30.46689135606661,23.518827,24.035934,61.506832,0.0,12,establishment,0.0,False
2023-09-04,consortium0_sector0_ELMED_3342387_management1_97780228_183173852_9699426,29.430896027049876,23.991995,24.60377,59.63582,0.0,13,establishment,0.0,False
2023-09-05,consortium0_sector0_ELMED_3342387_management1_97780228_183173852_9699426,28.517268445839875,23.810083,21.98745,73.404594,0.0,14,establishment,0.0,False
2023-09-06,consortium0_sector0_ELMED_3342387_management1_97780228_183173852_9699426,27.69856887298748,23.843763,22.592152,72.14051,0.0,15,vegetative,0.0,False
2023-09-07,consortium0_sector0_ELMED_3342387_management1_97780228_183173852_9699426,26.901068376068377,23.226938,22.205252,73.27995,0.0,16,vegetative,0.0,False
2023-09-08,consortium0_sector0_ELMED_3342387_management1_97780228_183173852_9699426,26.125579240037073,23.873024,22.946571,71.49528,0.0,17,vegetative,0.0,False
2023-09-09,consortium0_sector0_ELMED_3342387_management1_97780228_183173852_9699426,25.410586835844565,24.055126,22.951054,74.32956,0.0,18,vegetative,0.0,False
2023-09-10,consortium0_sector0_ELMED_3342387_management1_97780228_183173852_9699426,24.659005628517825,24.78104,23.64916,74.511604,0.0,19,vegetative,0.0,False
2023-09-11,consortium0_sector0_ELMED_3342387_management1_97780228_183173852_9699426,23.888957816377175,24.772076,24.506641,65.86429,0.0,20,vegetative,0.0,False
2023-09-12,consortium0_sector0_ELMED_3342387_management1_97780228_183173852_9699426,23.14186176142698,24.157934,24.381641,66.65323,0.0,21,vegetative,0.0,False
2023-09-13,consortium0_sector0_ELMED_3342387_management1_97780228_183173852_9699426,22.591213832039525,22.721666,21.366302,81.673225,484.6,22,vegetative,0.0,False
2023-09-14,consortium0_sector0_ELMED_3342387_management1_97780228_183173852_9699426,22.813061304178056,22.164818,21.798813,71.86208,0.0,23,vegetative,0.0,False
2023-09-15,consortium0_sector0_ELMED_3342387_management1_97780228_183173852_9699426,22.717260787992497,21.248436,20.467154,77.878914,32.5,24,vegetative,0.0,False
2023-09-16,consortium0_sector0_ELMED_3342387_management1_97780228_183173852_9699426,22.40175049309665,21.388618,20.042658,77.92769,0.5,25,vegetative,0.0,False
2023-09-17,consortium0_sector0_ELMED_3342387_management1_97780228_183173852_9699426,22.000377073906485,22.212513,21.030537,79.106674,0.0,26,vegetative,0.0,False
2023-09-18,consortium0_sector0_ELMED_3342387_management1_97780228_183173852_9699426,27.084059495192307,21.724508,20.685114,86.17004,547.60004,27,vegetative,0.0,False
2023-09-19,consortium0_sector0_ELMED_3342387_management1_97780228_183173852_9699426,31.63398407148407,21.877853,21.427727,75.07078,142.8,28,vegetative,0.0,False
2023-09-20,consortium0_sector0_ELMED_3342387_management1_97780228_183173852_9699426,29.678633866133865,21.22394,20.129717,78.058014,49.8,29,vegetative,0.0,False
2023-09-21,consortium0_sector0_ELMED_3342387_management1_97780228_183173852_9699426,28.21448511166253,21.097708,20.78644,73.674675,78.200005,30,vegetative,0.0,False
2023-09-22,consortium0_sector0_ELMED_3342387_management1_97780228_183173852_9699426,34.12367374005305,19.353518,18.81204,89.14688,1211.6,31,vegetative,0.0,False
2023-10-26,consortium0_sector0_ELMED_3342387_management1_97780228_183173852_9699426,35.22828784119107,14.309356,14.68142,83.984985,354.9,65,flowering,0.0,False
2023-10-27,consortium0_sector0_ELMED_3342387_management1_97780228_183173852_9699426,40.31808731808732,15.261661,15.685682,79.78234,1008.5,66,flowering,0.0,False
2023-10-28,consortium0_sector0_ELMED_3342387_management1_97780228_183173852_9699426,37.00733376792699,12.680853,12.925076,76.97727,0.0,67,flowering,0.0,False
2023-10-29,consortium0_sector0_ELMED_3342387_management1_97780228_183173852_9699426,36.28390313390313,11.622835,12.222109,83.23185,108.200005,68,flowering,0.0,False
2023-10-30,consortium0_sector0_ELMED_3342387_management1_97780228_183173852_9699426,41.60591947115385,13.617279,14.849413,91.51501,3671.1,69,flowering,0.0,False
2023-10-31,consortium0_sector0_ELMED_3342387_management1_97780228_183173852_9699426,41.07475186104218,12.222582,12.897109,74.41685,1231.7,70,maturity,0.0,False
2023-11-01,consortium0_sector0_ELMED_3342387_management1_97780228_183173852_9699426,37.872518610421835,10.056736,10.372078,78.54761,56.899998,71,maturity,0.0,False
2023-11-02,consortium0_sector0_ELMED_3342387_management1_97780228_183173852_9699426,42.39265447667088,11.098277,11.181357,89.53332,2317.2,72,maturity,0.0,False
2023-11-03,consortium0_sector0_ELMED_3342387_management1_97780228_183173852_9699426,42.77904647435898,9.324728,8.41207,85.65028,739.2,73,maturity,0.0,False
2023-11-04,consortium0_sector0_ELMED_3342387_management1_97780228_183173852_9699426,39.24803321678321,7.72416,7.550865,82.87789,765.10004,74,maturity,0.0,False
2023-11-05,consortium0_sector0_ELMED_3342387_management1_97780228_183173852_9699426,40.67803970223325,8.196731,7.4586616,88.932106,901.2,75,maturity,0.0,False
2023-11-06,consortium0_sector0_ELMED_3342387_management1_97780228_183173852_9699426,37.82272727272727,7.508031,8.067658,79.46058,0.0,76,maturity,0.0,False
2023-11-08,consortium0_sector0_ELMED_3342387_management1_97780228_183173852_9699426,44.78846153846153,6.196541,6.1178474,76.57745,0.0,78,maturity,0.0,False
2023-11-09,consortium0_sector0_ELMED_3342387_management1_97780228_183173852_9699426,11.418269230769232,6.64774,7.6791477,71.64765,405.69998,79,maturity,0.0,False
2023-11-13,consortium0_sector0_ELMED_3342387_management1_97780228_183173852_9699426,3.30982905982906,6.701149,8.335082,71.67879,0.0,83,maturity,0.0,False
2023-11-14,consortium0_sector0_ELMED_3342387_management1_97780228_183173852_9699426,3.2080251479289945,7.52113,9.993573,78.50023,105.09999,84,maturity,0.0,False
2023-11-15,consortium0_sector0_ELMED_3342387_management1_97780228_183173852_9699426,2.9931059506531206,7.7103662,9.364407,71.78832,6.1,85,maturity,0.0,False
2023-11-16,consortium0_sector0_ELMED_3342387_management1_97780228_183173852_9699426,3.000712250712251,6.172456,6.5919003,71.71719,0.0,86,maturity,0.0,False
2023-11-17,consortium0_sector0_ELMED_3342387_management1_97780228_183173852_9699426,3.0135267275097783,6.2293057,6.5771904,68.40206,0.0,87,maturity,0.0,False
2023-11-18,consortium0_sector0_ELMED_3342387_management1_97780228_183173852_9699426,3.0233050847457625,6.0772223,6.168384,63.805042,0.0,88,maturity,0.0,False
2023-11-19,consortium0_sector0_ELMED_3342387_management1_97780228_183173852_9699426,3.041430995475113,6.4199305,8.570815,64.59151,0.0,89,maturity,0.0,False
2023-11-20,consortium0_sector0_ELMED_3342387_management1_97780228_183173852_9699426,3.04153199741435,5.4751387,9.819805,66.88346,0.0,90,maturity,0.0,False
2023-11-21,consortium0_sector0_ELMED_3342387_management1_97780228_183173852_9699426,3.051392572944297,5.8919315,8.049791,65.86609,0.0,91,maturity,0.0,False
2023-11-22,consortium0_sector0_ELMED_3342387_management1_97780228_183173852_9699426,3.038605051664753,6.2436366,6.6855874,68.20428,0.0,92,maturity,0.0,False
2023-11-23,consortium0_sector0_ELMED_3342387_management1_97780228_183173852_9699426,3.0189349112426034,5.268731,7.236345,61.72216,0.0,93,maturity,0.0,False
2023-11-24,consortium0_sector0_ELMED_3342387_management1_97780228_183173852_9699426,3.0117521367521367,6.2467613,8.857589,58.839844,0.0,94,maturity,0.0,False
2023-11-25,consortium0_sector0_ELMED_3342387_management1_97780228_183173852_9699426,2.979567307692308,4.4948673,3.1891856,53.46176,1.0,95,maturity,0.0,False
2023-11-26,consortium0_sector0_ELMED_3342387_management1_97780228_183173852_9699426,2.9593857634902414,4.2470455,3.577096,56.02265,0.0,96,maturity,0.0,False
2023-11-27,consortium0_sector0_ELMED_3342387_management1_97780228_183173852_9699426,2.9406678592725104,3.3008966,3.9546847,57.317383,0.0,97,maturity,0.0,False
2023-11-28,consortium0_sector0_ELMED_3342387_management1_97780228_183173852_9699426,2.9294389820705606,3.7787373,4.5724564,64.65279,0.0,98,maturity,0.0,False
2023-11-29,consortium0_sector0_ELMED_3342387_management1_97780228_183173852_9699426,2.91497975708502,4.4454355,3.6332512,61.843258,0.0,99,maturity,0.0,False
2023-11-30,consortium0_sector0_ELMED_3342387_management1_97780228_183173852_9699426,2.9080710955710956,3.6810102,4.3501387,79.43873,308.80002,100,maturity,0.0,False
2023-12-01,consortium0_sector0_ELMED_3342387_management1_97780228_183173852_9699426,3.261604774535809,2.8161428,6.730032,87.48093,2312.9001,101,maturity,0.0,False
2023-12-02,consortium0_sector0_ELMED_3342387_management1_97780228_183173852_9699426,3.4369963369963368,5.607399,6.170688,69.722206,1359.1,102,maturity,0.0,False
2023-12-03,consortium0_sector0_ELMED_3342387_management1_97780228_183173852_9699426,3.2083333333333335,3.3169003,1.9953094,50.738373,0.0,103,maturity,0.0,False
2023-12-04,consortium0_sector0_ELMED_3342387_management1_97780228_183173852_9699426,3.116,2.2158587,1.720846,66.90371,106.1,104,maturity,0.0,False
2023-12-05,consortium0_sector0_ELMED_3342387_management1_97780228_183173852_9699426,3.1272893772893777,1.7528852,2.7472034,73.51763,15.200001,105,maturity,0.0,False
2023-12-06,consortium0_sector0_ELMED_3342387_management1_97780228_183173852_9699426,3.1192307692307693,3.793321,2.8934472,71.41454,0.0,106,maturity,0.0,False
2023-12-07,consortium0_sector0_ELMED_3342387_management1_97780228_183173852_9699426,3.0918367346938775,3.9986553,2.4680367,65.91764,0.0,107,maturity,0.0,False
2023-12-08,consortium0_sector0_ELMED_3342387_management1_97780228_183173852_9699426,3.055702917771883,3.443005,2.701149,72.134384,92.40001,108,maturity,0.0,False
2023-12-09,consortium0_sector0_ELMED_3342387_management1_97780228_183173852_9699426,3.076018099547511,2.8376706,5.242721,70.82651,39.100002,109,maturity,0.0,False
2023-12-10,consortium0_sector0_ELMED_3342387_management1_97780228_183173852_9699426,3.0788817663817665,3.5931947,4.7926893,76.16806,0.0,110,maturity,0.0,False
2023-12-11,consortium0_sector0_ELMED_3342387_management1_97780228_183173852_9699426,3.0607410881801127,4.157557,5.2566733,72.86343,8.1,111,maturity,0.0,False
2023-12-12,consortium0_sector0_ELMED_3342387_management1_97780228_183173852_9699426,3.0581613508442773,4.810051,7.0803156,78.30678,6.6,112,maturity,0.0,False
2023-12-13,consortium0_sector0_ELMED_3342387_management1_97780228_183173852_9699426,3.1119196119196118,5.18524,6.1175632,92.08016,618.0,113,maturity,0.0,False
2023-12-14,consortium0_sector0_ELMED_3342387_management1_97780228_183173852_9699426,3.2135876418663303,3.976149,4.814912,81.12953,0.0,114,maturity,0.0,False
2023-12-15,consortium0_sector0_ELMED_3342387_management1_97780228_183173852_9699426,3.1785425101214573,4.5717297,5.3201203,63.98487,0.0,115,maturity,0.0,False
2023-12-16,consortium0_sector0_ELMED_3342387_management1_97780228_183173852_9699426,3.1216679360243718,4.4530745,5.2423425,56.079224,0.0,116,maturity,0.0,False
2023-12-17,consortium0_sector0_ELMED_3342387_management1_97780228_183173852_9699426,3.101063829787234,2.679779,6.5584407,51.243706,0.0,117,maturity,0.0,False
2023-12-18,consortium0_sector0_ELMED_3342387_management1_97780228_183173852_9699426,3.0916046319272126,3.0942676,7.229716,54.672024,0.0,118,maturity,0.0,False
2023-12-19,consortium0_sector0_ELMED_3342387_management1_97780228_183173852_9699426,3.0855874894336432,4.3245077,6.9078727,60.263474,0.0,119,maturity,0.0,False
2023-12-20,consortium0_sector0_ELMED_3342387_management1_97780228_183173852_9699426,3.0675629680054457,4.359072,6.3794947,61.24962,0.0,120,maturity,0.0,False
2023-12-21,consortium0_sector0_ELMED_3342387_management1_97780228_183173852_9699426,3.068337912087912,4.6022224,5.340701,68.69109,36.0,121,maturity,0.0,False
2023-12-22,consortium0_sector0_ELMED_3342387_management1_97780228_183173852_9699426,3.0652736686390534,5.6297793,5.092879,89.33495,197.90001,122,maturity,0.0,False
2023-12-23,consortium0_sector0_ELMED_3342387_management1_97780228_183173852_9699426,3.039415130324221,5.7794003,5.062576,85.20018,0.0,123,maturity,0.0,False
2023-12-24,consortium0_sector0_ELMED_3342387_management1_97780228_183173852_9699426,3.0273184759166067,5.7451515,8.626718,55.773663,0.0,124,maturity,0.0,False
2023-12-25,consortium0_sector0_ELMED_3342387_management1_97780228_183173852_9699426,3.0298323471400392,5.6478977,9.889691,65.40803,0.0,125,maturity,0.0,False
2023-12-26,consortium0_sector0_ELMED_3342387_management1_97780228_183173852_9699426,3.023872679045093,4.9267807,7.743573,73.50054,0.0,126,maturity,0.0,False
2023-12-27,consortium0_sector0_ELMED_3342387_management1_97780228_183173852_9699426,3.0218140068886337,3.4840722,6.910461,51.993927,0.0,127,maturity,0.0,False
2023-12-28,consortium0_sector0_ELMED_3342387_management1_97780228_183173852_9699426,3.0235042735042734,4.4202466,6.4570208,57.461292,0.0,128,maturity,0.0,False
2023-12-29,consortium0_sector0_ELMED_3342387_management1_97780228_183173852_9699426,3.001869658119658,5.1688576,5.7666163,83.87174,0.0,129,maturity,0.0,False
2023-12-30,consortium0_sector0_ELMED_3342387_management1_97780228_183173852_9699426,2.9974358974358974,5.074981,5.9830303,79.21589,0.0,130,maturity,0.0,False
2023-12-31,consortium0_sector0_ELMED_3342387_management1_97780228_183173852_9699426,3.1351214574898787,5.015701,5.522267,88.82301,944.39996,131,maturity,0.0,False
2024-01-01,consortium0_sector0_ELMED_3342387_management1_97780228_183173852_9699426,3.2726580350342727,4.056073,3.9580934,89.88806,271.19998,132,maturity,0.0,False
2024-01-02,consortium0_sector0_ELMED_3342387_management1_97780228_183173852_9699426,3.181318681318681,2.831389,3.230821,73.01472,0.0,133,maturity,0.0,False
2024-01-03,consortium0_sector0_ELMED_3342387_management1_97780228_183173852_9699426,3.1397126969416127,3.8746023,4.4248867,84.00706,0.0,134,maturity,0.0,False
2024-01-04,consortium0_sector0_ELMED_3342387_management1_97780228_183173852_9699426,3.1125356125356127,3.927159,4.6127653,75.84063,6.6,135,maturity,0.0,False
2024-01-05,consortium0_sector0_ELMED_3342387_management1_97780228_183173852_9699426,3.2303039702233254,4.121793,4.4092298,80.87472,678.3,136,maturity,0.0,False
2024-01-06,consortium0_sector0_ELMED_3342387_management1_97780228_183173852_9699426,3.3813857897827364,4.5052214,5.1863766,92.02766,688.0,137,maturity,0.0,False
2024-01-07,consortium0_sector0_ELMED_3342387_management1_97780228_183173852_9699426,3.2552447552447554,4.347614,5.7102084,72.21565,117.3,138,maturity,0.0,False
2024-01-08,consortium0_sector0_ELMED_3342387_management1_97780228_183173852_9699426,3.134238310708899,4.0182576,4.770341,63.077015,0.0,139,maturity,0.0,False
2024-01-09,consortium0_sector0_ELMED_3342387_management1_97780228_183173852_9699426,3.1058704453441295,3.775139,4.7051263,72.747116,0.0,140,maturity,0.0,False
2024-01-10,consortium0_sector0_ELMED_3342387_management1_97780228_183173852_9699426,3.0951923076923076,4.0886173,3.8901958,80.73706,0.0,141,maturity,0.0,False
2024-01-11,consortium0_sector0_ELMED_3342387_management1_97780228_183173852_9699426,3.0749783923941227,2.9964142,3.2419004,65.28509,0.0,142,maturity,0.0,False
2024-01-12,consortium0_sector0_ELMED_3342387_management1_97780228_183173852_9699426,3.053492484526967,4.1021276,3.603264,58.663425,0.0,143,maturity,0.0,False
2024-01-13,consortium0_sector0_ELMED_3342387_management1_97780228_183173852_9699426,3.0294117647058822,3.9807262,2.8934155,54.269062,0.0,144,maturity,0.0,False
2024-01-14,consortium0_sector0_ELMED_3342387_management1_97780228_183173852_9699426,2.9625297383029343,3.4101768,3.1668055,50.982616,0.0,145,maturity,0.0,False
2024-01-15,consortium0_sector0_ELMED_3342387_management1_97780228_183173852_9699426,2.9784280936454848,3.0562942,3.1077461,58.460922,0.0,146,maturity,0.0,False
2024-01-16,consortium0_sector0_ELMED_3342387_management1_97780228_183173852_9699426,2.9393624393624393,4.002222,3.062008,55.362106,0.0,147,maturity,0.0,False
2024-01-17,consortium0_sector0_ELMED_3342387_management1_97780228_183173852_9699426,2.912014976174268,3.4190469,3.6172159,78.97888,491.0,148,maturity,0.0,False
2024-01-18,consortium0_sector0_ELMED_3342387_management1_97780228_183173852_9699426,3.087278106508876,3.1619446,5.7107134,87.147415,494.5,149,maturity,0.0,False
2024-01-19,consortium0_sector0_ELMED_3342387_management1_97780228_183173852_9699426,3.262610340479193,3.3871653,2.1636174,62.046413,208.2,150,maturity,0.0,False
2024-01-20,consortium0_sector0_ELMED_3342387_management1_97780228_183173852_9699426,3.086707152496626,2.1579356,-0.6682006,41.12848,0.0,151,maturity,0.0,False
2024-01-21,consortium0_sector0_ELMED_3342387_management1_97780228_183173852_9699426,2.976233671988389,2.1695204,1.2889332,35.24871,0.0,152,maturity,0.0,False
2024-01-22,consortium0_sector0_ELMED_3342387_management1_97780228_183173852_9699426,2.837820512820513,1.8139017,4.0906377,32.819775,0.0,153,maturity,0.0,False
2024-01-23,consortium0_sector0_ELMED_3342387_management1_97780228_183173852_9699426,2.8180015860428234,2.4917107,5.221225,52.468285,0.0,154,maturity,0.0,False
2024-01-24,consortium0_sector0_ELMED_3342387_management1_97780228_183173852_9699426,2.9689503205128207,5.021635,8.159041,60.922962,0.0,155,maturity,0.0,False
2024-01-25,consortium0_sector0_ELMED_3342387_management1_97780228_183173852_9699426,3.042710196779964,5.086976,8.444426,79.3501,1.0,156,maturity,0.0,False
2024-01-26,consortium0_sector0_ELMED_3342387_management1_97780228_183173852_9699426,3.0508911819887428,5.4234347,8.89149,70.75514,0.0,157,maturity,0.0,False
2024-01-27,consortium0_sector0_ELMED_3342387_management1_97780228_183173852_9699426,3.0549450549450547,5.4979296,6.7936997,71.13025,0.0,158,maturity,0.0,False
2024-01-28,consortium0_sector0_ELMED_3342387_management1_97780228_183173852_9699426,3.034446322907861,4.888933,5.655095,58.040222,0.0,159,maturity,0.0,False
2024-01-29,consortium0_sector0_ELMED_3342387_management1_97780228_183173852_9699426,3.0096153846153846,3.9105873,5.965669,55.528717,0.0,160,maturity,0.0,False
2024-01-30,consortium0_sector0_ELMED_3342387_management1_97780228_183173852_9699426,2.9931020066889635,3.8649433,7.1085353,53.885735,0.0,161,maturity,0.0,False
2024-01-31,consortium0_sector0_ELMED_3342387_management1_97780228_183173852_9699426,3.0,3.5609343,7.9126706,53.394226,0.0,162,maturity,0.0,False
2024-02-01,consortium0_sector0_ELMED_3342387_management1_97780228_183173852_9699426,2.978021978021978,3.4189205,4.710177,70.14836,0.0,163,maturity,0.0,False
2024-02-02,consortium0_sector0_ELMED_3342387_management1_97780228_183173852_9699426,2.9775,3.3649116,6.8074937,63.888027,0.0,164,maturity,0.0,False
2024-02-03,consortium0_sector0_ELMED_3342387_management1_97780228_183173852_9699426,2.984230769230769,4.2057576,8.846193,65.70354,0.0,165,maturity,0.0,False
2024-02-04,consortium0_sector0_ELMED_3342387_management1_97780228_183173852_9699426,2.983173076923077,4.934356,9.043858,60.710472,0.0,166,maturity,0.0,False
2024-02-05,consortium0_sector0_ELMED_3342387_management1_97780228_183173852_9699426,2.9710656316160904,6.2930994,10.305789,58.772938,0.0,167,maturity,0.0,False
2024-02-06,consortium0_sector0_ELMED_3342387_management1_97780228_183173852_9699426,2.9571153846153844,5.5892487,8.17173,64.57232,0.0,168,maturity,0.0,False
2024-02-07,consortium0_sector0_ELMED_3342387_management1_97780228_183173852_9699426,2.9439443535188214,6.3375444,7.268984,80.984024,0.0,169,maturity,0.0,False
2024-02-08,consortium0_sector0_ELMED_3342387_management1_97780228_183173852_9699426,2.945616211745244,7.71327,8.490227,84.31999,0.0,170,maturity,0.0,False
2024-02-09,consortium0_sector0_ELMED_3342387_management1_97780228_183173852_9699426,3.085284280936455,8.624191,9.85137,88.04769,1104.6,171,maturity,0.0,False
2024-02-10,consortium0_sector0_ELMED_3342387_management1_97780228_183173852_9699426,3.2468982630272953,8.21286,8.648719,93.10485,577.3,172,maturity,0.0,False
2024-02-11,consortium0_sector0_ELMED_3342387_management1_97780228_183173852_9699426,3.2653846153846158,7.7448044,8.414502,90.15858,461.9,173,maturity,0.0,False
2024-02-12,consortium0_sector0_ELMED_3342387_management1_97780228_183173852_9699426,3.2238372093023258,6.5482764,8.889154,65.750946,0.0,174,maturity,0.0,False
2024-02-13,consortium0_sector0_ELMED_3342387_management1_97780228_183173852_9699426,3.1863461538461535,6.5532637,7.389375,59.549137,0.0,175,maturity,0.0,False
2024-02-14,consortium0_sector0_ELMED_3342387_management1_97780228_183173852_9699426,3.1677240285487707,6.2485604,7.4202466,55.64547,0.0,176,maturity,0.0,False
2024-02-15,consortium0_sector0_ELMED_3342387_management1_97780228_183173852_9699426,3.16025641025641,6.986692,10.166932,54.995384,0.0,177,maturity,0.0,False
2024-02-16,consortium0_sector0_ELMED_3342387_management1_97780228_183173852_9699426,3.1354895104895104,7.257052,11.271068,58.22963,0.0,178,maturity,0.0,False
2024-02-17,consortium0_sector0_ELMED_3342387_management1_97780228_183173852_9699426,3.1229923922231615,8.4236555,12.641617,63.780952,0.0,179,maturity,0.0,False
2024-02-18,consortium0_sector0_ELMED_3342387_management1_97780228_183173852_9699426,3.088108320251177,9.686471,12.296446,70.105156,0.0,180,maturity,0.0,False
2024-02-19,consortium0_sector0_ELMED_3342387_management1_97780228_183173852_9699426,3.062975486052409,9.570278,10.747803,68.20793,18.300001,181,maturity,0.0,False
2024-02-20,consortium0_sector0_ELMED_3342387_management1_97780228_183173852_9699426,3.0269230769230773,8.459482,9.172456,58.518627,0.0,182,maturity,0.0,False
2024-02-21,consortium0_sector0_ELMED_3342387_management1_97780228_183173852_9699426,2.9809489575844714,7.1921844,8.056357,54.723198,0.0,183,maturity,0.0,False
2024-02-22,consortium0_sector0_ELMED_3342387_management1_97780228_183173852_9699426,2.9265548281505724,7.9911737,8.745877,82.16882,539.3,184,maturity,0.0,False
2024-02-23,consortium0_sector0_ELMED_3342387_management1_97780228_183173852_9699426,3.4180083482409063,6.419236,5.5316415,96.35352,1856.7001,185,maturity,0.0,False
2024-02-24,consortium0_sector0_ELMED_3342387_management1_97780228_183173852_9699426,3.3957390648567123,4.4949307,4.549129,84.50083,375.9,186,maturity,0.0,False
2024-02-25,consortium0_sector0_ELMED_3342387_management1_97780228_183173852_9699426,3.3365384615384617,5.706799,6.257841,78.040535,382.0,187,maturity,0.0,False
2024-02-26,consortium0_sector0_ELMED_3342387_management1_97780228_183173852_9699426,3.3145748987854247,5.6719193,5.9588194,88.62233,621.0,188,maturity,0.0,False
2024-02-27,consortium0_sector0_ELMED_3342387_management1_97780228_183173852_9699426,3.47962962962963,5.6466665,6.10238,94.39685,1881.8,189,maturity,0.0,False
2024-02-28,consortium0_sector0_ELMED_3342387_management1_97780228_183173852_9699426,3.3919413919413923,7.5932574,9.4733715,82.39117,560.60004,190,maturity,0.0,False
2024-02-29,consortium0_sector0_ELMED_3342387_management1_97780228_183173852_9699426,3.2875793930839805,8.670151,9.803169,79.05319,13.2,191,maturity,0.0,False
2024-03-01,consortium0_sector0_ELMED_3342387_management1_97780228_183173852_9699426,3.286429018136335,8.797266,9.815165,87.742546,629.39996,192,maturity,0.0,False
2024-03-02,consortium0_sector0_ELMED_3342387_management1_97780228_183173852_9699426,3.2787509520182785,9.025076,9.993983,82.46949,176.5,193,maturity,0.0,False
2024-03-03,consortium0_sector0_ELMED_3342387_management1_97780228_183173852_9699426,3.264372469635628,9.275044,9.908441,75.51209,22.300001,194,maturity,0.0,False
2024-03-04,consortium0_sector0_ELMED_3342387_management1_97780228_183173852_9699426,3.2309615384615387,9.227254,10.559987,69.94262,0.0,195,maturity,0.0,False
2024-03-05,consortium0_sector0_ELMED_3342387_management1_97780228_183173852_9699426,3.281558185404339,9.197298,10.251623,75.51166,497.9,196,maturity,0.0,False
2024-03-06,consortium0_sector0_ELMED_3342387_management1_97780228_183173852_9699426,48.08144771589053,8.706894,8.785176,78.412476,843.89996,197,maturity,0.0,False
2024-03-07,consortium0_sector0_ELMED_3342387_management1_97780228_183173852_9699426,42.25352112676056,7.7513385,8.173308,68.9957,43.200005,198,maturity,0.0,False
2024-03-08,consortium0_sector0_ELMED_3342387_management1_97780228_183173852_9699426,0.0,8.17072,7.6448045,83.54096,240.8,199,maturity,0.0,False
2024-03-09,consortium0_sector0_ELMED_3342387_management1_97780228_183173852_9699426,0.0,8.847393,8.955001,80.55323,67.5,200,maturity,0.0,False
2024-03-10,consortium0_sector0_ELMED_3342387_management1_97780228_183173852_9699426,0.0,6.8878284,6.087166,95.05769,2153.2,201,maturity,0.0,False
2024-03-11,consortium0_sector0_ELMED_3342387_management1_97780228_183173852_9699426,1.8438746831468589,5.551875,7.356073,75.43521,0.0,202,maturity,0.0,False
2024-03-12,consortium0_sector0_ELMED_3342387_management1_97780228_183173852_9699426,2.9648478607719553,6.4574623,8.575045,60.00459,0.0,203,maturity,0.0,False
2024-03-13,consortium0_sector0_ELMED_3342387_management1_97780228_183173852_9699426,2.8851032053218715,7.907967,9.782683,62.242046,26.4,204,maturity,0.0,False
2024-03-14,consortium0_sector0_ELMED_3342387_management1_97780228_183173852_9699426,2.8427841947999823,8.443447,10.451244,67.35986,0.0,205,maturity,0.0,False
2024-03-15,consortium0_sector0_ELMED_3342387_management1_97780228_183173852_9699426,2.812060002166143,9.649065,12.2329035,72.11478,0.0,206,maturity,0.0,False
2024-03-16,consortium0_sector0_ELMED_3342387_management1_97780228_183173852_9699426,2.7924741328998968,11.600013,12.405348,75.37223,25.4,207,maturity,0.0,False
2024-03-17,consortium0_sector0_ELMED_3342387_management1_97780228_183173852_9699426,2.7702915834269493,10.491111,11.590007,67.42552,0.0,208,maturity,0.0,False
2024-03-18,consortium0_sector0_ELMED_3342387_management1_97780228_183173852_9699426,2.7482941622441244,8.886313,10.166648,75.62568,194.5,209,maturity,0.0,False
2024-03-19,consortium0_sector0_ELMED_3342387_management1_97780228_183173852_9699426,2.7559592828791866,9.6431,11.531011,68.26965,0.0,210,maturity,0.0,False
2024-03-20,consortium0_sector0_ELMED_3342387_management1_97780228_183173852_9699426,2.7371784274940576,10.831831,11.313807,76.37536,0.0,211,maturity,0.0,False
2024-03-21,consortium0_sector0_ELMED_3342387_management1_97780228_183173852_9699426,2.7127558756633814,11.151749,12.882714,67.55197,12.2,212,maturity,0.0,False
2024-03-22,consortium0_sector0_ELMED_3342387_management1_97780228_183173852_9699426,2.696242064884071,11.404716,12.627349,62.903484,0.0,213,maturity,0.0,False
2024-03-23,consortium0_sector0_ELMED_3342387_management1_97780228_183173852_9699426,2.6752063095543277,10.387039,11.905663,68.07996,173.40001,214,maturity,0.0,False
2024-03-24,consortium0_sector0_ELMED_3342387_management1_97780228_183173852_9699426,2.68404651473933,8.490354,8.7750435,47.229088,153.0,215,maturity,0.0,False
2024-03-25,consortium0_sector0_ELMED_3342387_management1_97780228_183173852_9699426,2.6774596990642103,8.112071,7.769299,50.13747,0.0,216,maturity,0.0,False
2024-03-26,consortium0_sector0_ELMED_3342387_management1_97780228_183173852_9699426,2.660304477512825,8.508315,8.269931,72.311066,83.3,217,maturity,0.0,False
2024-03-27,consortium0_sector0_ELMED_3342387_management1_97780228_183173852_9699426,2.9006059746592414,7.877128,7.6684155,92.03532,1627.2001,218,maturity,0.0,False
2024-03-28,consortium0_sector0_ELMED_3342387_management1_97780228_183173852_9699426,2.9637537350042367,7.4264646,8.200928,85.50384,282.80002,219,maturity,0.0,False
2024-03-29,consortium0_sector0_ELMED_3342387_management1_97780228_183173852_9699426,2.9415133548960677,8.124223,8.511061,92.40909,272.19998,220,maturity,0.0,False
2024-03-30,consortium0_sector0_ELMED_3342387_management1_97780228_183173852_9699426,2.911436834863673,11.912954,13.170372,78.39477,470.69998,221,maturity,0.0,False
2024-03-31,consortium0_sector0_ELMED_3342387_management1_97780228_183173852_9699426,3.0572403335860496,11.233283,11.564849,87.945,1966.2999,222,maturity,0.0,False
2024-04-01,consortium0_sector0_ELMED_3342387_management1_97780228_183173852_9699426,3.2120561998935364,11.389596,12.297109,78.77527,1919.2001,223,maturity,0.0,False
2024-04-02,consortium0_sector0_ELMED_3342387_management1_97780228_183173852_9699426,2.936121577636282,9.914784,10.505032,72.131996,6.1,224,maturity,0.0,False
2024-04-03,consortium0_sector0_ELMED_3342387_management1_97780228_183173852_9699426,2.8716980926252176,9.58565,10.197488,71.35864,39.600002,225,maturity,0.0,False
2024-04-04,consortium0_sector0_ELMED_3342387_management1_97780228_183173852_9699426,2.835371548494138,11.410113,12.730947,72.53483,0.0,226,maturity,0.0,False
2024-04-05,consortium0_sector0_ELMED_3342387_management1_97780228_183173852_9699426,2.836961588449458,13.35762,13.654621,79.111946,0.0,227,maturity,0.0,False
2024-04-06,consortium0_sector0_ELMED_3342387_management1_97780228_183173852_9699426,2.8364615384615384,14.691932,16.174475,74.536766,0.0,228,maturity,0.0,False
2024-04-07,consortium0_sector0_ELMED_3342387_management1_97780228_183173852_9699426,2.8318047337278105,15.74651,18.728485,64.1232,0.0,229,maturity,0.0,False
2024-04-08,consortium0_sector0_ELMED_3342387_management1_97780228_183173852_9699426,2.8217850851438637,16.442122,18.171888,63.492004,0.0,230,maturity,0.0,False
2024-04-09,consortium0_sector0_ELMED_3342387_management1_97780228_183173852_9699426,2.8052019922523517,16.905159,17.830095,70.37268,575.2,231,maturity,0.0,False
2024-04-10,consortium0_sector0_ELMED_3342387_management1_97780228_183173852_9699426,2.944642857142857,11.604558,10.116995,79.945786,1180.7001,232,maturity,0.0,False
2024-04-11,consortium0_sector0_ELMED_3342387_management1_97780228_183173852_9699426,2.9531065088757398,13.657683,15.572645,64.689445,0.0,233,maturity,0.0,False
2024-04-12,consortium0_sector0_ELMED_3342387_management1_97780228_183173852_9699426,2.9049317617866004,15.504653,18.391554,61.06807,0.0,234,maturity,0.0,False
2024-04-13,consortium0_sector0_ELMED_3342387_management1_97780228_183173852_9699426,2.916900617630545,16.66529,19.046856,60.842518,0.0,235,maturity,0.0,False
2024-04-14,consortium0_sector0_ELMED_3342387_management1_97780228_183173852_9699426,2.9219701162147205,17.421066,19.574444,64.65082,0.0,236,maturity,0.0,False
2024-04-15,consortium0_sector0_ELMED_3342387_management1_97780228_183173852_9699426,2.892253136933988,17.437986,18.101843,74.011246,0.0,237,maturity,0.0,False
2024-04-16,consortium0_sector0_ELMED_3342387_management1_97780228_183173852_9699426,2.8529821627647713,15.162986,14.262513,53.425343,0.0,238,maturity,0.0,False
2024-04-17,consortium0_sector0_ELMED_3342387_management1_97780228_183173852_9699426,2.845741758241758,11.990195,10.251591,49.8592,18.300001,239,maturity,0.0,False
2024-04-18,consortium0_sector0_ELMED_3342387_management1_97780228_183173852_9699426,2.825650452488688,9.834861,8.795973,54.49485,0.0,240,maturity,0.0,False
2024-04-19,consortium0_sector0_ELMED_3342387_management1_97780228_183173852_9699426,2.79301233118027,9.507178,9.019363,54.967484,6.6,241,maturity,0.0,False
2024-04-20,consortium0_sector0_ELMED_3342387_management1_97780228_183173852_9699426,2.7832042058660766,10.432273,9.51185,51.283066,6.1,242,maturity,0.0,False
2024-04-21,consortium0_sector0_ELMED_3342387_management1_97780228_183173852_9699426,2.7685340022296545,9.5273485,8.011218,56.76085,39.600002,243,maturity,0.0,False
2024-04-22,consortium0_sector0_ELMED_3342387_management1_97780228_183173852_9699426,2.748754842280022,7.828295,6.5076203,84.906624,470.7,244,maturity,0.0,False
2024-04-23,consortium0_sector0_ELMED_3342387_management1_97780228_183173852_9699426,2.7444615384615387,8.434324,8.477159,70.700745,204.0,245,maturity,0.0,False
2024-04-24,consortium0_sector0_ELMED_3342387_management1_97780228_183173852_9699426,2.7617598229109017,9.539974,9.489754,57.479862,31.5,246,maturity,0.0,False
2024-04-25,consortium0_sector0_ELMED_3342387_management1_97780228_183173852_9699426,2.7535350678733033,9.012481,8.47615,62.37073,0.0,247,maturity,0.0,False
2024-04-26,consortium0_sector0_ELMED_3342387_management1_97780228_183173852_9699426,2.740740740740741,10.759293,9.829527,69.921974,12.2,248,maturity,0.0,False
2024-04-27,consortium0_sector0_ELMED_3342387_management1_97780228_183173852_9699426,2.7168725435148793,12.213712,12.393478,69.93441,32.0,249,maturity,0.0,False
2024-04-28,consortium0_sector0_ELMED_3342387_management1_97780228_183173852_9699426,2.6939799331103678,13.572298,14.154148,71.774284,7.1,250,maturity,0.0,False
2024-04-29,consortium0_sector0_ELMED_3342387_management1_97780228_183173852_9699426,2.757803790412486,14.691996,15.769425,66.787186,0.0,251,maturity,0.0,False
2024-04-30,consortium0_sector0_ELMED_3342387_management1_97780228_183173852_9699426,2.8436271757439644,16.057747,18.01024,59.74789,38.600002,252,maturity,0.0,False
2024-05-01,consortium0_sector0_ELMED_3342387_management1_97780228_183173852_9699426,2.799550814149354,16.171446,16.808756,76.49828,431.5,253,maturity,0.0,False
2024-05-02,consortium0_sector0_ELMED_3342387_management1_97780228_183173852_9699426,2.9660633484162893,14.018068,13.838586,83.39019,865.2,254,maturity,0.0,False
2024-05-03,consortium0_sector0_ELMED_3342387_management1_97780228_183173852_9699426,2.9434065934065936,12.98704,13.143384,81.71435,169.09999,255,maturity,0.0,False
2024-05-04,consortium0_sector0_ELMED_3342387_management1_97780228_183173852_9699426,2.8894576646375207,14.1386175,15.158599,72.680275,128.0,256,maturity,0.0,False
2024-05-05,consortium0_sector0_ELMED_3342387_management1_97780228_183173852_9699426,2.864819004524887,15.553705,15.838775,72.3035,0.0,257,maturity,0.0,False
2024-05-06,consortium0_sector0_ELMED_3342387_management1_97780228_183173852_9699426,2.825918484500574,15.4804735,15.465922,75.51948,24.4,258,maturity,0.0,False
2024-05-07,consortium0_sector0_ELMED_3342387_management1_97780228_183173852_9699426,2.7983821733821737,13.768227,14.2986555,81.377304,438.9,259,maturity,0.0,False
2024-05-08,consortium0_sector0_ELMED_3342387_management1_97780228_183173852_9699426,2.8038163387000594,14.45721,14.798434,83.9793,364.9,260,maturity,0.0,False
2024-05-09,consortium0_sector0_ELMED_3342387_management1_97780228_183173852_9699426,2.802335164835165,15.998276,16.739847,69.66079,0.0,261,maturity,0.0,False
2024-05-10,consortium0_sector0_ELMED_3342387_management1_97780228_183173852_9699426,2.794683257918552,16.826496,17.092722,73.15861,0.0,262,maturity,0.0,False
2024-05-11,consortium0_sector0_ELMED_3342387_management1_97780228_183173852_9699426,2.77927036199095,17.263584,17.594488,71.19605,13.2,263,maturity,0.0,False
2024-05-12,consortium0_sector0_ELMED_3342387_management1_97780228_183173852_9699426,2.745879120879121,17.740416,17.810493,73.96869,37.100002,264,maturity,0.0,False
2024-05-13,consortium0_sector0_ELMED_3342387_management1_97780228_183173852_9699426,2.705473372781065,17.31065,16.828611,81.07258,680.5,265,maturity,0.0,False
2024-05-14,consortium0_sector0_ELMED_3342387_management1_97780228_183173852_9699426,2.6845039018952064,17.36204,16.704243,76.29193,18.800001,266,maturity,0.0,False
2024-05-15,consortium0_sector0_ELMED_3342387_management1_97780228_183173852_9699426,2.8349358974358974,15.437355,15.163365,86.48668,1448.2001,267,maturity,0.0,False
2024-05-16,consortium0_sector0_ELMED_3342387_management1_97780228_183173852_9699426,3.0780219780219777,15.755694,16.016521,77.523315,384.4,268,maturity,0.0,False
2024-05-17,consortium0_sector0_ELMED_3342387_management1_97780228_183173852_9699426,2.989677601809955,15.829085,15.856516,73.73383,114.600006,269,maturity,0.0,False
2024-05-18,consortium0_sector0_ELMED_3342387_management1_97780228_183173852_9699426,2.9251639833035186,16.038397,15.955252,71.11792,6.1,270,maturity,0.0,False
2024-05-19,consortium0_sector0_ELMED_3342387_management1_97780228_183173852_9699426,2.8846153846153846,16.885113,17.26914,68.92466,14.2,271,maturity,0.0,False
2024-05-20,consortium0_sector0_ELMED_3342387_management1_97780228_183173852_9699426,2.8356024506466984,17.654716,18.069458,71.84767,77.200005,272,maturity,0.0,False
2024-05-21,consortium0_sector0_ELMED_3342387_management1_97780228_183173852_9699426,3.051860025220681,15.804969,16.049824,90.01209,2438.9001,273,maturity,0.0,False
2024-05-22,consortium0_sector0_ELMED_3342387_management1_97780228_183173852_9699426,2.964997232982845,15.969299,15.990069,79.20578,24.4,274,maturity,0.0,False
2024-05-23,consortium0_sector0_ELMED_3342387_management1_97780228_183173852_9699426,2.924901740595171,15.976781,15.406736,78.248825,149.80002,275,maturity,0.0,False
2024-05-24,consortium0_sector0_ELMED_3342387_management1_97780228_183173852_9699426,2.9300173510699827,16.307684,16.301369,71.761765,8.1,276,maturity,0.0,False
2024-05-25,consortium0_sector0_ELMED_3342387_management1_97780228_183173852_9699426,2.9340659340659343,15.827034,15.394457,76.70824,321.1,277,maturity,0.0,False
2024-05-26,consortium0_sector0_ELMED_3342387_management1_97780228_183173852_9699426,2.909448818897638,16.655285,17.439787,69.33089,0.0,278,maturity,0.0,False
2024-05-27,consortium0_sector0_ELMED_3342387_management1_97780228_183173852_9699426,2.890230207748456,18.282778,18.668417,73.906105,6.6,279,maturity,0.0,False
2024-05-28,consortium0_sector0_ELMED_3342387_management1_97780228_183173852_9699426,2.9502442002442004,18.022898,18.254337,68.985985,244.2,280,maturity,0.0,False
2024-05-29,consortium0_sector0_ELMED_3342387_management1_97780228_183173852_9699426,2.9390068886337546,17.98041,18.402569,64.118126,0.0,281,maturity,0.0,False
2024-05-30,consortium0_sector0_ELMED_3342387_management1_97780228_183173852_9699426,2.929583574320416,17.834072,17.153358,87.072815,2291.0999,282,maturity,0.0,False
2024-05-31,consortium0_sector0_ELMED_3342387_management1_97780228_183173852_9699426,3.057967032967033,15.01286,14.1675,82.206696,1179.5,283,maturity,0.0,False
2024-06-01,consortium0_sector0_ELMED_3342387_management1_97780228_183173852_9699426,2.9636911595866824,15.197898,15.967437,73.98437,7.1,284,maturity,0.0,False
2024-06-02,consortium0_sector0_ELMED_3342387_management1_97780228_183173852_9699426,2.9305069930069934,17.18707,18.402443,69.87061,85.1,285,maturity,0.0,False
2024-06-03,consortium0_sector0_ELMED_3342387_management1_97780228_183173852_9699426,3.06768038163387,17.644743,18.196604,75.29063,531.9,286,maturity,0.0,False
2024-06-04,consortium0_sector0_ELMED_3342387_management1_97780228_183173852_9699426,2.9913151364764268,18.131483,18.518131,72.09506,33.0,287,maturity,0.0,False
2024-06-05,consortium0_sector0_ELMED_3342387_management1_97780228_183173852_9699426,2.9444765760555236,19.180094,19.207243,77.19946,0.0,288,maturity,0.0,False
2024-06-06,consortium0_sector0_ELMED_3342387_management1_97780228_183173852_9699426,2.911364950838635,20.542753,20.922678,76.64307,18.800001,289,maturity,0.0,False
2024-06-07,consortium0_sector0_ELMED_3342387_management1_97780228_183173852_9699426,2.887402452619844,21.445215,22.082367,78.76556,0.0,290,maturity,0.0,False
2024-06-08,consortium0_sector0_ELMED_3342387_management1_97780228_183173852_9699426,2.865926327193933,21.857271,22.35175,80.74752,459.0,291,maturity,0.0,False
2024-06-09,consortium0_sector0_ELMED_3342387_management1_97780228_183173852_9699426,2.8480907581627006,21.553328,22.684357,75.99743,137.1,292,maturity,0.0,False
2024-06-10,consortium0_sector0_ELMED_3342387_management1_97780228_183173852_9699426,3.0259915865384617,21.332905,21.26747,77.17057,601.10004,293,maturity,0.0,False
2024-06-11,consortium0_sector0_ELMED_3342387_management1_97780228_183173852_9699426,3.103720050441362,19.003296,18.82356,80.491455,1903.2001,294,maturity,0.0,False
2024-06-12,consortium0_sector0_ELMED_3342387_management1_97780228_183173852_9699426,3.1365685096153846,17.890259,17.124918,74.183136,516.3,295,maturity,0.0,False
2024-06-13,consortium0_sector0_ELMED_3342387_management1_97780228_183173852_9699426,3.092511655011655,17.908978,17.290321,65.93933,6.6,296,maturity,0.0,False
2024-06-14,consortium0_sector0_ELMED_3342387_management1_97780228_183173852_9699426,3.0338757396449703,17.722328,17.533474,75.99364,58.4,297,maturity,0.0,False
2024-06-15,consortium0_sector0_ELMED_3342387_management1_97780228_183173852_9699426,2.982324660633484,18.098467,18.161976,80.20968,93.9,298,maturity,0.0,False
2024-06-16,consortium0_sector0_ELMED_3342387_management1_97780228_183173852_9699426,3.039855072463768,19.17293,19.85522,75.650894,38.600002,299,maturity,0.0,False
2024-06-17,consortium0_sector0_ELMED_3342387_management1_97780228_183173852_9699426,3.01301775147929,20.718067,21.04654,74.675545,8.1,300,maturity,0.0,False
2024-06-18,consortium0_sector0_ELMED_3342387_management1_97780228_183173852_9699426,2.9928068115091015,21.555317,22.14714,72.079094,0.0,301,maturity,0.0,False
2024-06-19,consortium0_sector0_ELMED_3342387_management1_97780228_183173852_9699426,2.9749855407750148,22.529337,24.974129,67.708466,0.0,302,maturity,0.0,False
2024-06-20,consortium0_sector0_ELMED_3342387_management1_97780228_183173852_9699426,2.942022792022792,23.42053,26.403643,64.15364,0.0,303,maturity,0.0,False
2024-06-21,consortium0_sector0_ELMED_3342387_management1_97780228_183173852_9699426,2.966694537346711,23.430473,24.709578,71.656006,875.60004,304,maturity,0.0,False
2024-06-22,consortium0_sector0_ELMED_3342387_management1_97780228_183173852_9699426,3.0775193798449614,22.195467,22.345688,72.14257,538.39996,305,maturity,0.0,False
2024-06-23,consortium0_sector0_ELMED_3342387_management1_97780228_183173852_9699426,3.144722066254913,18.939974,18.654842,84.898796,1069.0,306,maturity,0.0,False
2024-06-24,consortium0_sector0_ELMED_3342387_management1_97780228_183173852_9699426,3.083479020979021,20.159702,20.779812,78.02938,125.799995,307,maturity,0.0,False
2024-06-25,consortium0_sector0_ELMED_3342387_management1_97780228_183173852_9699426,3.0977173233270796,20.616776,20.667343,82.17576,948.7,308,maturity,0.0,False
2024-06-26,consortium0_sector0_ELMED_3342387_management1_97780228_183173852_9699426,3.1506140917905623,20.90683,20.985619,77.0127,418.3,309,maturity,0.0,False
2024-06-27,consortium0_sector0_ELMED_3342387_management1_97780228_183173852_9699426,3.0579814921920185,21.841646,23.26873,66.780174,0.0,310,maturity,0.0,False
2024-06-28,consortium0_sector0_ELMED_3342387_management1_97780228_183173852_9699426,3.028619018776499,23.283756,25.683977,62.94098,0.0,311,maturity,0.0,False
2024-06-29,consortium0_sector0_ELMED_3342387_management1_97780228_183173852_9699426,3.0107988165680473,23.93483,25.053486,76.44241,244.3,312,maturity,0.0,False
2024-06-30,consortium0_sector0_ELMED_3342387_management1_97780228_183173852_9699426,2.9861191440138812,23.982147,24.632147,71.64502,82.3,313,maturity,0.0,False
2024-07-01,consortium0_sector0_ELMED_3342387_management1_97780228_183173852_9699426,3.0632893226176807,21.755,21.081894,83.97507,308.4,314,maturity,0.0,False
2024-07-02,consortium0_sector0_ELMED_3342387_management1_97780228_183173852_9699426,3.1042899408284024,20.96488,21.90923,60.28608,0.0,315,maturity,0.0,False
2024-07-03,consortium0_sector0_ELMED_3342387_management1_97780228_183173852_9699426,3.0894970414201186,19.599792,19.36324,77.711426,344.30002,316,maturity,0.0,False
2024-07-04,consortium0_sector0_ELMED_3342387_management1_97780228_183173852_9699426,3.1024639423076925,19.795847,20.10279,70.602684,0.0,317,maturity,0.0,False
2024-07-05,consortium0_sector0_ELMED_3342387_management1_97780228_183173852_9699426,3.08582326764145,21.167248,21.517721,74.628586,0.0,318,maturity,0.0,False
2024-07-06,consortium0_sector0_ELMED_3342387_management1_97780228_183173852_9699426,3.0569526627218933,22.734165,23.24812,73.664604,39.600002,319,maturity,0.0,False
2024-07-07,consortium0_sector0_ELMED_3342387_management1_97780228_183173852_9699426,3.117050272562084,21.865387,21.911787,84.67836,2203.3,320,maturity,0.0,False
2024-07-08,consortium0_sector0_ELMED_3342387_management1_97780228_183173852_9699426,3.1802525832376576,23.048214,23.78884,74.033516,80.200005,321,maturity,0.0,False
2024-07-09,consortium0_sector0_ELMED_3342387_management1_97780228_183173852_9699426,3.16288748564868,23.766521,24.906105,72.08583,13.2,322,maturity,0.0,False
2024-07-10,consortium0_sector0_ELMED_3342387_management1_97780228_183173852_9699426,3.127899877899878,24.516302,26.226622,69.37083,0.0,323,maturity,0.0,False
2024-07-11,consortium0_sector0_ELMED_3342387_management1_97780228_183173852_9699426,3.081274564851207,25.050644,26.731264,68.34603,130.1,324,maturity,0.0,False
2024-07-12,consortium0_sector0_ELMED_3342387_management1_97780228_183173852_9699426,3.2657215047725994,23.95926,23.866901,82.27269,670.0,325,maturity,0.0,False
2024-07-13,consortium0_sector0_ELMED_3342387_management1_97780228_183173852_9699426,3.2515786452353614,22.929022,23.488617,72.429085,107.200005,326,maturity,0.0,False
2024-07-14,consortium0_sector0_ELMED_3342387_management1_97780228_183173852_9699426,3.201492537313433,23.488018,24.136091,70.093285,0.0,327,maturity,0.0,False
2024-07-15,consortium0_sector0_ELMED_3342387_management1_97780228_183173852_9699426,3.155740093240093,23.982147,25.362198,68.20133,0.0,328,maturity,0.0,False
2024-07-16,consortium0_sector0_ELMED_3342387_management1_97780228_183173852_9699426,3.1044378698224855,24.777885,26.166237,68.68406,2.5,329,maturity,0.0,False
2024-07-17,consortium0_sector0_ELMED_3342387_management1_97780228_183173852_9699426,3.047866367209433,25.014406,25.595245,70.350815,55.699997,330,maturity,0.0,False
2024-07-18,consortium0_sector0_ELMED_3342387_management1_97780228_183173852_9699426,2.9964121699196324,24.959988,25.77113,69.34606,0.5,331,maturity,0.0,False
2024-07-19,consortium0_sector0_ELMED_3342387_management1_97780228_183173852_9699426,2.949501936912009,25.211977,25.708597,73.25213,1.0,332,maturity,0.0,False
2024-07-20,consortium0_sector0_ELMED_3342387_management1_97780228_183173852_9699426,2.9160980148883375,24.518795,25.161407,66.12457,23.800001,333,maturity,0.0,False
2024-07-21,consortium0_sector0_ELMED_3342387_management1_97780228_183173852_9699426,2.917986425339367,24.221004,24.903896,73.31729,28.900002,334,maturity,0.0,False
2024-07-22,consortium0_sector0_ELMED_3342387_management1_97780228_183173852_9699426,2.8911242603550296,25.219458,26.094553,64.59581,0.0,335,maturity,0.0,False
2024-07-23,consortium0_sector0_ELMED_3342387_management1_97780228_183173852_9699426,2.839186176142698,24.300993,24.347076,75.49493,324.19998,336,maturity,0.0,False
2024-07-24,consortium0_sector0_ELMED_3342387_management1_97780228_183173852_9699426,2.78368999421631,24.211912,25.094173,64.50419,30.5,337,maturity,0.0,False
2024-07-25,consortium0_sector0_ELMED_3342387_management1_97780228_183173852_9699426,2.7834757834757835,24.11914,24.35459,64.997826,12.2,338,maturity,0.0,False
2024-07-26,consortium0_sector0_ELMED_3342387_management1_97780228_183173852_9699426,2.8162066940692894,24.989248,24.890606,73.7215,7.6000004,339,maturity,0.0,False
2024-07-27,consortium0_sector0_ELMED_3342387_management1_97780228_183173852_9699426,3.028428093645485,25.980852,26.861944,67.76028,13.700001,340,maturity,0.0,False
2024-07-28,consortium0_sector0_ELMED_3342387_management1_97780228_183173852_9699426,3.1556318681318682,26.082747,26.381958,74.491806,253.40001,341,maturity,0.0,False
2024-07-29,consortium0_sector0_ELMED_3342387_management1_97780228_183173852_9699426,3.2235228539576366,26.627886,26.449633,73.02014,8.6,342,maturity,0.0,False
2024-07-30,consortium0_sector0_ELMED_3342387_management1_97780228_183173852_9699426,3.255453501722158,26.799475,26.468067,72.55862,0.0,343,maturity,0.0,False
2024-07-31,consortium0_sector0_ELMED_3342387_management1_97780228_183173852_9699426,3.2452274003368897,27.069963,27.730505,69.707664,42.7,344,maturity,0.0,False
2024-08-01,consortium0_sector0_ELMED_3342387_management1_97780228_183173852_9699426,3.276563364692861,26.631168,26.631388,69.15944,45.7,345,maturity,0.0,False
2024-08-02,consortium0_sector0_ELMED_3342387_management1_97780228_183173852_9699426,3.2442748091603053,25.84613,25.360146,68.58861,18.300001,346,maturity,0.0,False
2024-08-03,consortium0_sector0_ELMED_3342387_management1_97780228_183173852_9699426,3.1935803167420818,25.341743,25.308537,58.355705,0.0,347,maturity,0.0,False
2024-08-04,consortium0_sector0_ELMED_3342387_management1_97780228_183173852_9699426,3.2210846707249585,25.42877,25.01349,64.67854,99.0,348,maturity,0.0,False
2024-08-05,consortium0_sector0_ELMED_3342387_management1_97780228_183173852_9699426,3.19355285002767,25.828768,25.788239,66.07576,13.2,349,maturity,0.0,False
2024-08-06,consortium0_sector0_ELMED_3342387_management1_97780228_183173852_9699426,3.1612535612535613,26.165922,26.043982,71.18727,0.0,350,maturity,0.0,False
2024-08-07,consortium0_sector0_ELMED_3342387_management1_97780228_183173852_9699426,3.2419175027870684,25.345245,24.689438,76.264046,125.90001,351,maturity,0.0,False
2024-08-08,consortium0_sector0_ELMED_3342387_management1_97780228_183173852_9699426,3.2451556077510277,24.795277,25.899004,58.445656,0.0,352,maturity,0.0,False
2024-08-09,consortium0_sector0_ELMED_3342387_management1_97780228_183173852_9699426,3.241436298076923,26.279968,26.510147,65.322235,6.1,353,maturity,0.0,False
2024-08-10,consortium0_sector0_ELMED_3342387_management1_97780228_183173852_9699426,3.2603874227961818,27.366112,27.919205,65.378784,0.0,354,maturity,0.0,False
2024-08-11,consortium0_sector0_ELMED_3342387_management1_97780228_183173852_9699426,3.2942722744881014,28.216238,27.57293,72.70823,0.0,355,maturity,0.0,False
2024-08-12,consortium0_sector0_ELMED_3342387_management1_97780228_183173852_9699426,3.2949175824175825,28.399477,27.8913,65.13759,0.0,356,maturity,0.0,False
2024-08-13,consortium0_sector0_ELMED_3342387_management1_97780228_183173852_9699426,3.2714766984839976,27.85301,27.530094,61.962494,15.200001,357,maturity,0.0,False
2024-08-14,consortium0_sector0_ELMED_3342387_management1_97780228_183173852_9699426,3.2723646723646724,27.581673,27.658913,51.822086,0.0,358,maturity,0.0,False
2024-08-15,consortium0_sector0_ELMED_3342387_management1_97780228_183173852_9699426,3.250848416289593,26.53786,26.880947,56.409874,0.0,359,maturity,0.0,False
2024-08-16,consortium0_sector0_ELMED_3342387_management1_97780228_183173852_9699426,3.2401538461538464,27.266996,27.7306,59.949314,0.0,360,maturity,0.0,False
2024-08-17,consortium0_sector0_ELMED_3342387_management1_97780228_183173852_9699426,3.2528324388789507,26.843258,26.441774,61.212463,0.0,361,maturity,0.0,False
2024-08-18,consortium0_sector0_ELMED_3342387_management1_97780228_183173852_9699426,3.3043478260869565,23.073498,22.688808,78.7608,191.40001,362,maturity,0.0,False
2024-08-19,consortium0_sector0_ELMED_3342387_management1_97780228_183173852_9699426,3.3477092760180995,23.092405,23.253548,74.12653,94.0,363,maturity,0.0,False
2024-08-20,consortium0_sector0_ELMED_3342387_management1_97780228_183173852_9699426,3.265939015939016,24.013458,24.55541,66.747154,6.6,364,maturity,0.0,False
2024-08-21,consortium0_sector0_ELMED_3342387_management1_97780228_183173852_9699426,3.2258708272859216,25.21406,25.402569,65.329575,112.299995,365,maturity,0.0,False
2024-08-22,consortium0_sector0_ELMED_3342387_management1_97780228_183173852_9699426,3.2153528289891926,24.962103,24.480917,71.293915,126.5,366,maturity,0.0,False
2024-08-23,consortium0_sector0_ELMED_3342387_management1_97780228_183173852_9699426,3.230168269230769,25.599445,24.80219,73.547325,0.0,367,maturity,0.0,False
2024-08-24,consortium0_sector0_ELMED_3342387_management1_97780228_183173852_9699426,3.236732259988074,26.591963,25.508062,70.691826,12.2,368,maturity,0.0,False
2024-08-25,consortium0_sector0_ELMED_3342387_management1_97780228_183173852_9699426,3.2227437916414297,26.564342,26.342941,63.20527,20.800001,369,maturity,0.0,False
2024-08-26,consortium0_sector0_ELMED_3342387_management1_97780228_183173852_9699426,3.282661782661783,24.604652,24.301592,68.71915,14.2,370,maturity,0.0,False
2024-08-27,consortium0_sector0_ELMED_3342387_management1_97780228_183173852_9699426,3.2937199519230766,23.778706,23.54048,68.63081,169.0,371,maturity,0.0,False
2024-08-28,consortium0_sector0_ELMED_3342387_management1_97780228_183173852_9699426,3.273171500630517,24.142344,24.056578,69.03,6.1,372,maturity,0.0,False
2024-08-29,consortium0_sector0_ELMED_3342387_management1_97780228_183173852_9699426,3.2665384615384614,25.130789,25.513556,59.88407,0.0,373,maturity,0.0,False
2024-08-30,consortium0_sector0_ELMED_3342387_management1_97780228_183173852_9699426,3.2708070617906686,25.654274,26.146004,57.203175,0.0,374,maturity,0.0,False
2024-08-31,consortium0_sector0_ELMED_3342387_management1_97780228_183173852_9699426,3.2625078173858664,26.246635,26.284073,65.57063,0.0,375,maturity,0.0,False
2024-09-01,consortium0_sector0_ELMED_3342387_management1_97780228_183173852_9699426,3.2781065088757395,25.313965,24.823782,67.643616,52.700005,376,maturity,0.0,False
2024-09-02,consortium0_sector0_ELMED_3342387_management1_97780228_183173852_9699426,3.2623397435897434,25.178295,24.609608,62.087173,0.0,377,maturity,0.0,False
2024-09-03,consortium0_sector0_ELMED_3342387_management1_97780228_183173852_9699426,3.3289297658862878,23.780315,23.605001,69.923836,265.8,378,maturity,0.0,False
2024-09-04,consortium0_sector0_ELMED_3342387_management1_97780228_183173852_9699426,3.3150260756192957,23.453611,23.239376,70.04647,37.2,379,maturity,0.0,False
2024-09-05,consortium0_sector0_ELMED_3342387_management1_97780228_183173852_9699426,3.3595441595441597,20.399319,20.078768,88.39753,2416.9001,380,maturity,0.0,False
2024-09-06,consortium0_sector0_ELMED_3342387_management1_97780228_183173852_9699426,3.333441981747067,21.279274,21.567783,74.77708,14.7,381,maturity,0.0,False
2024-09-07,consortium0_sector0_ELMED_3342387_management1_97780228_183173852_9699426,3.24486074270557,22.134893,20.83303,78.02276,0.0,382,maturity,0.0,False
2024-09-08,consortium0_sector0_ELMED_3342387_management1_97780228_183173852_9699426,3.26980056980057,20.791838,20.82839,87.91815,2607.5999,383,maturity,0.0,False
2024-09-09,consortium0_sector0_ELMED_3342387_management1_97780228_183173852_9699426,3.458706022659511,20.63745,20.865828,71.44342,1634.1,384,maturity,0.0,False
2024-09-10,consortium0_sector0_ELMED_3342387_management1_97780228_183173852_9699426,3.3808023872679045,19.540985,20.719646,56.497482,0.0,385,maturity,0.0,False
2024-09-11,consortium0_sector0_ELMED_3342387_management1_97780228_183173852_9699426,3.329622132253711,19.474287,19.291838,74.75768,189.40001,386,maturity,0.0,False
2024-09-12,consortium0_sector0_ELMED_3342387_management1_97780228_183173852_9699426,3.4813609467455624,15.208188,13.485492,79.54555,1238.9,387,maturity,0.0,False
2024-09-13,consortium0_sector0_ELMED_3342387_management1_97780228_183173852_9699426,3.4017628205128205,13.702506,13.245846,54.691395,6.6,388,maturity,0.0,False
2024-09-14,consortium0_sector0_ELMED_3342387_management1_97780228_183173852_9699426,3.320043777360851,14.737291,13.442247,53.97663,0.0,389,maturity,0.0,False
2024-09-15,consortium0_sector0_ELMED_3342387_management1_97780228_183173852_9699426,3.2554721701063163,15.449034,14.697551,47.427204,33.5,390,maturity,0.0,False
2024-09-16,consortium0_sector0_ELMED_3342387_management1_97780228_183173852_9699426,3.21474358974359,15.3962555,14.526497,58.488792,12.7,391,maturity,0.0,False
2024-09-17,consortium0_sector0_ELMED_3342387_management1_97780228_183173852_9699426,3.1741204531902207,15.810303,15.409261,67.340096,12.2,392,maturity,0.0,False
2024-09-18,consortium0_sector0_ELMED_3342387_management1_97780228_183173852_9699426,3.1403559127439724,15.143005,16.086407,61.839893,0.0,393,maturity,0.0,False
2024-09-19,consortium0_sector0_ELMED_3342387_management1_97780228_183173852_9699426,3.1059171597633135,16.086344,16.504274,70.18306,48.8,394,maturity,0.0,False
2024-09-20,consortium0_sector0_ELMED_3342387_management1_97780228_183173852_9699426,3.077797202797203,16.952127,17.13663,75.857956,50.300003,395,maturity,0.0,False
2024-09-21,consortium0_sector0_ELMED_3342387_management1_97780228_183173852_9699426,3.0522189349112425,17.611376,17.708757,75.144135,0.0,396,maturity,0.0,False
2024-09-22,consortium0_sector0_ELMED_3342387_management1_97780228_183173852_9699426,3.020786199095023,17.501684,16.885872,77.119774,0.0,397,maturity,0.0,False
2024-09-23,consortium0_sector0_ELMED_3342387_management1_97780228_183173852_9699426,3.0961538461538463,17.614122,17.076084,81.65946,1112.9,398,maturity,0.0,False
2024-09-24,consortium0_sector0_ELMED_3342387_management1_97780228_183173852_9699426,3.383190883190883,17.395435,17.587229,76.91812,99.9,399,maturity,0.0,False
2024-09-25,consortium0_sector0_ELMED_3342387_management1_97780228_183173852_9699426,3.3201183431952663,17.038712,16.045847,78.37753,0.0,400,maturity,0.0,False
2024-09-26,consortium0_sector0_ELMED_3342387_management1_97780228_183173852_9699426,3.4513758599124453,17.376276,17.9633,85.71429,955.8,401,maturity,0.0,False
2024-09-27,consortium0_sector0_ELMED_3342387_management1_97780228_183173852_9699426,3.419665012406948,18.781546,19.322046,81.72925,148.7,402,maturity,0.0,False
2024-09-28,consortium0_sector0_ELMED_3342387_management1_97780228_183173852_9699426,3.4214743589743586,16.816206,15.851338,65.404106,199.59999,403,maturity,0.0,False
2024-09-29,consortium0_sector0_ELMED_3342387_management1_97780228_183173852_9699426,3.351424501424501,14.826875,13.668478,67.06256,0.0,404,maturity,0.0,False
2024-09-30,consortium0_sector0_ELMED_3342387_management1_97780228_183173852_9699426,3.2941086691086694,15.67476,15.298907,76.79835,6.1,405,maturity,0.0,False
2024-10-01,consortium0_sector0_ELMED_3342387_management1_97780228_183173852_9699426,3.2545427013930954,15.556578,15.303359,82.25524,102.1,406,maturity,0.0,False
2024-10-02,consortium0_sector0_ELMED_3342387_management1_97780228_183173852_9699426,3.338942307692308,16.12735,16.131136,84.28023,674.2,407,maturity,0.0,False
2024-10-03,consortium0_sector0_ELMED_3342387_management1_97780228_183173852_9699426,3.419751301330249,13.45702,12.9255495,82.36735,872.8,408,maturity,0.0,False
2024-10-04,consortium0_sector0_ELMED_3342387_management1_97780228_183173852_9699426,3.3658183921341815,11.92454,11.498561,83.40938,761.7,409,maturity,0.0,False
2024-10-05,consortium0_sector0_ELMED_3342387_management1_97780228_183173852_9699426,3.3502103365384617,12.595373,12.39916,74.73144,0.0,410,maturity,0.0,False
2024-10-06,consortium0_sector0_ELMED_3342387_management1_97780228_183173852_9699426,3.317603550295858,13.053265,12.488775,79.62731,0.0,411,maturity,0.0,False
2024-10-07,consortium0_sector0_ELMED_3342387_management1_97780228_183173852_9699426,3.2721226142278774,14.735998,14.99168,83.43621,96.0,412,maturity,0.0,False
2024-10-08,consortium0_sector0_ELMED_3342387_management1_97780228_183173852_9699426,3.5380309988518945,15.459578,16.355568,92.04376,3045.5999,413,maturity,0.0,False
2024-10-09,consortium0_sector0_ELMED_3342387_management1_97780228_183173852_9699426,3.37931556632344,15.6935425,17.229969,81.44311,244.8,414,maturity,0.0,False
2024-10-10,consortium0_sector0_ELMED_3342387_management1_97780228_183173852_9699426,3.5025220680958387,15.14894,15.67435,87.275894,1797.7,415,maturity,0.0,False
2024-10-11,consortium0_sector0_ELMED_3342387_management1_97780228_183173852_9699426,3.365543547361729,12.606894,13.785651,66.78064,0.0,416,maturity,0.0,False
2024-10-12,consortium0_sector0_ELMED_3342387_management1_97780228_183173852_9699426,3.3237704918032787,12.944331,13.946824,70.33216,18.300001,417,maturity,0.0,False
2024-10-13,consortium0_sector0_ELMED_3342387_management1_97780228_183173852_9699426,3.299112426035503,14.114154,14.191743,84.17058,0.0,418,maturity,0.0,False
2024-10-14,consortium0_sector0_ELMED_3342387_management1_97780228_183173852_9699426,3.267214640198511,13.22656,13.717879,84.369644,0.5,419,maturity,0.0,False
2024-10-15,consortium0_sector0_ELMED_3342387_management1_97780228_183173852_9699426,3.248987854251012,13.390322,14.589249,84.13942,17.2,420,maturity,0.0,False
2024-10-16,consortium0_sector0_ELMED_3342387_management1_97780228_183173852_9699426,3.190705128205128,13.477097,15.770593,84.47151,316.30002,421,maturity,0.0,False
2024-10-17,consortium0_sector0_ELMED_3342387_management1_97780228_183173852_9699426,3.2092422502870264,15.78464,18.000298,82.01426,6.6,422,maturity,0.0,False
2024-10-18,consortium0_sector0_ELMED_3342387_management1_97780228_183173852_9699426,3.4297924297924296,15.568131,16.623655,92.45203,1313.5,423,maturity,0.0,False
2024-10-19,consortium0_sector0_ELMED_3342387_management1_97780228_183173852_9699426,3.3153505786249147,14.373055,15.7663,89.70237,986.3,424,maturity,0.0,False
2024-10-20,consortium0_sector0_ELMED_3342387_management1_97780228_183173852_9699426,3.346447445684087,15.870341,17.591173,84.016396,45.7,425,maturity,0.0,False
2024-10-21,consortium0_sector0_ELMED_3342387_management1_97780228_183173852_9699426,3.3401908169350034,15.933725,16.506325,86.18235,0.0,426,maturity,0.0,False
2024-10-22,consortium0_sector0_ELMED_3342387_management1_97780228_183173852_9699426,3.2983774038461537,15.944521,15.954273,85.501656,0.0,427,maturity,0.0,False
2024-10-23,consortium0_sector0_ELMED_3342387_management1_97780228_183173852_9699426,3.3012295081967213,15.296256,15.604368,89.70929,689.10004,428,maturity,0.0,False
2024-10-24,consortium0_sector0_ELMED_3342387_management1_97780228_183173852_9699426,3.375121713729309,15.7612505,16.647865,85.53306,272.7,429,maturity,0.0,False
2024-10-30,consortium0_sector0_ELMED_3342387_management1_97780228_183173852_9699426,3.27834008097166,13.162292,14.391143,76.64891,0.0,435,maturity,0.0,False
2024-10-31,consortium0_sector0_ELMED_3342387_management1_97780228_183173852_9699426,3.264957264957265,12.29007,14.652948,74.57619,0.0,436,maturity,0.0,False
2024-11-01,consortium0_sector0_ELMED_3342387_management1_97780228_183173852_9699426,3.243951612903226,11.606042,14.3056,75.298645,0.0,437,maturity,0.0,False
2024-11-02,consortium0_sector0_ELMED_3342387_management1_97780228_183173852_9699426,3.2329712272460362,11.341427,14.460525,70.28055,0.0,438,maturity,0.0,False
2024-11-03,consortium0_sector0_ELMED_3342387_management1_97780228_183173852_9699426,3.218803418803419,10.826276,13.679526,73.75923,0.0,439,maturity,0.0,False
2024-11-04,consortium0_sector0_ELMED_3342387_management1_97780228_183173852_9699426,3.201492537313433,10.049634,13.142626,72.557014,0.0,440,maturity,0.0,False
2024-11-05,consortium0_sector0_ELMED_3342387_management1_97780228_183173852_9699426,3.185897435897436,9.096067,12.146951,68.69692,0.0,441,maturity,0.0,False
2024-11-06,consortium0_sector0_ELMED_3342387_management1_97780228_183173852_9699426,3.1726262019230766,8.735367,12.085145,62.886166,0.0,442,maturity,0.0,False
2024-11-07,consortium0_sector0_ELMED_3342387_management1_97780228_183173852_9699426,3.1584615384615384,8.552632,11.525139,68.61496,0.0,443,maturity,0.0,False
2024-11-08,consortium0_sector0_ELMED_3342387_management1_97780228_183173852_9699426,3.144465290806754,8.243068,10.426244,75.42877,0.0,444,maturity,0.0,False
2024-11-09,consortium0_sector0_ELMED_3342387_management1_97780228_183173852_9699426,3.137902695595003,8.475928,10.817879,70.547935,0.0,445,maturity,0.0,False
2024-11-10,consortium0_sector0_ELMED_3342387_management1_97780228_183173852_9699426,3.1223443223443224,7.1975503,10.88281,68.82051,0.0,446,maturity,0.0,False
2024-11-11,consortium0_sector0_ELMED_3342387_management1_97780228_183173852_9699426,3.1104111405835546,4.277759,8.981735,68.36866,0.0,447,maturity,0.0,False
2024-11-12,consortium0_sector0_ELMED_3342387_management1_97780228_183173852_9699426,3.104207758053912,3.989754,7.4942994,64.57565,3.0,448,maturity,0.0,False
2024-11-13,consortium0_sector0_ELMED_3342387_management1_97780228_183173852_9699426,3.0961538461538463,2.6769698,6.6627336,62.67203,27.400002,449,maturity,0.0,False
2024-11-14,consortium0_sector0_ELMED_3342387_management1_97780228_183173852_9699426,3.0847457627118646,2.898624,6.0836616,65.53379,13.2,450,maturity,0.0,False
2024-11-15,consortium0_sector0_ELMED_3342387_management1_97780228_183173852_9699426,3.082255979314803,2.333188,6.061629,57.094902,0.0,451,maturity,0.0,False
2024-11-16,consortium0_sector0_ELMED_3342387_management1_97780228_183173852_9699426,3.068060200668896,2.228327,6.8305683,55.28406,0.0,452,maturity,0.0,False
2024-11-17,consortium0_sector0_ELMED_3342387_management1_97780228_183173852_9699426,3.060897435897436,2.2895646,6.5088825,57.865086,0.0,453,maturity,0.0,False
2024-11-18,consortium0_sector0_ELMED_3342387_management1_97780228_183173852_9699426,3.0501314924391845,4.196004,8.129684,63.296844,0.0,454,maturity,0.0,False
2024-11-19,consortium0_sector0_ELMED_3342387_management1_97780228_183173852_9699426,3.037507946598856,3.9844193,7.3548107,71.861565,0.0,455,maturity,0.0,False
2024-11-20,consortium0_sector0_ELMED_3342387_management1_97780228_183173852_9699426,3.0202086049543673,5.3152905,6.6660166,63.42486,271.6,456,maturity,0.0,False
2024-11-21,consortium0_sector0_ELMED_3342387_management1_97780228_183173852_9699426,3.039447731755424,4.1095457,2.5839458,65.05896,144.1,457,maturity,0.0,False
2024-11-22,consortium0_sector0_ELMED_3342387_management1_97780228_183173852_9699426,3.0379464285714284,3.6480556,1.1081567,58.90435,106.2,458,maturity,0.0,False
2024-11-23,consortium0_sector0_ELMED_3342387_management1_97780228_183173852_9699426,3.045384615384615,1.7833145,-1.0288382,62.4776,0.0,459,maturity,0.0,False
2024-11-24,consortium0_sector0_ELMED_3342387_management1_97780228_183173852_9699426,3.0488523573200994,2.8058524,2.7774432,63.111446,0.0,460,maturity,0.0,False
2024-11-25,consortium0_sector0_ELMED_3342387_management1_97780228_183173852_9699426,3.0391190006574624,3.435019,5.415259,77.596245,0.0,461,maturity,0.0,False
2024-11-26,consortium0_sector0_ELMED_3342387_management1_97780228_183173852_9699426,3.019230769230769,3.9843879,6.940764,89.326935,19.300001,462,maturity,0.0,False
2024-11-27,consortium0_sector0_ELMED_3342387_management1_97780228_183173852_9699426,3.024338942307692,4.663144,7.280726,89.945335,34.0,463,maturity,0.0,False
2024-11-28,consortium0_sector0_ELMED_3342387_management1_97780228_183173852_9699426,3.0211223203026485,4.6351767,6.0109024,93.18319,3.0,464,maturity,0.0,False
2024-11-29,consortium0_sector0_ELMED_3342387_management1_97780228_183173852_9699426,3.017277644230769,4.4676895,5.23565,64.0989,0.0,465,maturity,0.0,False
2024-11-30,consortium0_sector0_ELMED_3342387_management1_97780228_183173852_9699426,3.0184736523319198,3.7190151,4.532904,59.18845,0.0,466,maturity,0.0,False
2024-12-01,consortium0_sector0_ELMED_3342387_management1_97780228_183173852_9699426,3.0157203907203907,2.9521594,4.620909,54.5375,0.0,467,maturity,0.0,False
2024-12-02,consortium0_sector0_ELMED_3342387_management1_97780228_183173852_9699426,3.0106837606837606,1.9885542,5.5226455,52.50293,0.0,468,maturity,0.0,False
2024-12-03,consortium0_sector0_ELMED_3342387_management1_97780228_183173852_9699426,3.0035285815102326,2.6219509,6.030063,64.34166,0.0,469,maturity,0.0,False
2023-08-22,consortium0_sector0_ELMED_3342387_management1_97780228_183173852_9961572,4.702789327789327,29.282526,28.99553,58.725437,0.0,0,establishment,0.0,False
2023-08-23,consortium0_sector0_ELMED_3342387_management1_97780228_183173852_9961572,4.5914065014483425,29.403673,29.453138,57.515465,6.1,1,establishment,0.0,False
2023-08-24,consortium0_sector0_ELMED_3342387_management1_97780228_183173852_9961572,4.532357574166448,28.965511,29.255442,58.179173,75.700005,2,establishment,0.0,False
2023-08-25,consortium0_sector0_ELMED_3342387_management1_97780228_183173852_9961572,4.424278846153846,29.22536,28.476624,61.99032,0.0,3,establishment,0.0,False
2023-08-26,consortium0_sector0_ELMED_3342387_management1_97780228_183173852_9961572,4.260455563853622,28.457682,26.874603,62.612106,90.90001,4,establishment,0.0,False
2023-08-27,consortium0_sector0_ELMED_3342387_management1_97780228_183173852_9961572,4.470954907161804,23.912575,22.317469,87.765976,863.7,5,establishment,0.0,False
2023-08-28,consortium0_sector0_ELMED_3342387_management1_97780228_183173852_9961572,5.9265030946065425,21.552444,19.959293,85.598206,2504.5,6,establishment,0.0,False
2023-08-29,consortium0_sector0_ELMED_3342387_management1_97780228_183173852_9961572,5.686171132238548,18.506105,18.339533,70.09204,173.09999,7,establishment,0.0,False
2023-08-30,consortium0_sector0_ELMED_3342387_management1_97780228_183173852_9961572,5.478247162673392,19.017183,18.965195,63.561966,31.5,8,establishment,0.0,False
2023-08-31,consortium0_sector0_ELMED_3342387_management1_97780228_183173852_9961572,5.3849893162393165,20.076717,18.787323,71.3256,37.600002,9,establishment,0.0,False
2023-09-01,consortium0_sector0_ELMED_3342387_management1_97780228_183173852_9961572,5.272739085239086,21.077791,19.913996,78.24689,0.0,10,establishment,0.0,False
2023-09-02,consortium0_sector0_ELMED_3342387_management1_97780228_183173852_9961572,5.199011997177135,22.87195,21.80601,74.92957,0.0,11,establishment,0.0,False
2023-09-03,consortium0_sector0_ELMED_3342387_management1_97780228_183173852_9961572,5.110428231562252,23.518827,24.035934,61.506832,0.0,12,establishment,0.0,False
2023-09-04,consortium0_sector0_ELMED_3342387_management1_97780228_183173852_9961572,5.06825866441251,23.991995,24.60377,59.63582,0.0,13,establishment,0.0,False
2023-09-05,consortium0_sector0_ELMED_3342387_management1_97780228_183173852_9961572,5.004709576138147,23.810083,21.98745,73.404594,0.0,14,establishment,0.0,False
2023-09-06,consortium0_sector0_ELMED_3342387_management1_97780228_183173852_9961572,4.960867620751342,23.843763,22.592152,72.14051,0.0,15,vegetative,0.0,False
2023-09-07,consortium0_sector0_ELMED_3342387_management1_97780228_183173852_9961572,4.921794871794872,23.226938,22.205252,73.27995,0.0,16,vegetative,0.0,False
2023-09-08,consortium0_sector0_ELMED_3342387_management1_97780228_183173852_9961572,4.895505097312326,23.873024,22.946571,71.49528,0.0,17,vegetative,0.0,False
2023-09-09,consortium0_sector0_ELMED_3342387_management1_97780228_183173852_9961572,4.815424266455195,24.055126,22.951054,74.32956,0.0,18,vegetative,0.0,False
2023-09-10,consortium0_sector0_ELMED_3342387_management1_97780228_183173852_9961572,4.773217636022514,24.78104,23.64916,74.511604,0.0,19,vegetative,0.0,False
2023-09-11,consortium0_sector0_ELMED_3342387_management1_97780228_183173852_9961572,4.727357320099256,24.772076,24.506641,65.86429,0.0,20,vegetative,0.0,False
2023-09-12,consortium0_sector0_ELMED_3342387_management1_97780228_183173852_9961572,4.671404682274248,24.157934,24.381641,66.65323,0.0,21,vegetative,0.0,False
2023-09-13,consortium0_sector0_ELMED_3342387_management1_97780228_183173852_9961572,4.601093860268172,22.721666,21.366302,81.673225,484.6,22,vegetative,0.0,False
2023-09-14,consortium0_sector0_ELMED_3342387_management1_97780228_183173852_9961572,4.595275283092541,22.164818,21.798813,71.86208,0.0,23,vegetative,0.0,False
2023-09-15,consortium0_sector0_ELMED_3342387_management1_97780228_183173852_9961572,4.549624765478424,21.248436,20.467154,77.878914,32.5,24,vegetative,0.0,False
2023-09-16,consortium0_sector0_ELMED_3342387_management1_97780228_183173852_9961572,4.498643984220907,21.388618,20.042658,77.92769,0.5,25,vegetative,0.0,False
2023-09-17,consortium0_sector0_ELMED_3342387_management1_97780228_183173852_9961572,4.462481146304676,22.212513,21.030537,79.106674,0.0,26,vegetative,0.0,False
2023-09-18,consortium0_sector0_ELMED_3342387_management1_97780228_183173852_9961572,4.438626802884616,21.724508,20.685114,86.17004,547.60004,27,vegetative,0.0,False
2023-09-19,consortium0_sector0_ELMED_3342387_management1_97780228_183173852_9961572,4.463626651126651,21.877853,21.427727,75.07078,142.8,28,vegetative,0.0,False
2023-09-20,consortium0_sector0_ELMED_3342387_management1_97780228_183173852_9961572,4.495754245754245,21.22394,20.129717,78.058014,49.8,29,vegetative,0.0,False
2023-09-21,consortium0_sector0_ELMED_3342387_management1_97780228_183173852_9961572,4.5,21.097708,20.78644,73.674675,78.200005,30,vegetative,0.0,False
2023-09-22,consortium0_sector0_ELMED_3342387_management1_97780228_183173852_9961572,4.514920424403183,19.353518,18.81204,89.14688,1211.6,31,vegetative,0.0,False
2023-10-26,consortium0_sector0_ELMED_3342387_management1_97780228_183173852_9961572,5.261166253101737,14.309356,14.68142,83.984985,354.9,65,flowering,0.0,False
2023-10-27,consortium0_sector0_ELMED_3342387_management1_97780228_183173852_9961572,5.8941441441441444,15.261661,15.685682,79.78234,1008.5,66,flowering,0.0,False
2023-10-28,consortium0_sector0_ELMED_3342387_management1_97780228_183173852_9961572,5.487940026075619,12.680853,12.925076,76.97727,0.0,67,flowering,0.0,False
2023-10-29,consortium0_sector0_ELMED_3342387_management1_97780228_183173852_9961572,5.36025641025641,11.622835,12.222109,83.23185,108.200005,68,flowering,0.0,False
2023-10-30,consortium0_sector0_ELMED_3342387_management1_97780228_183173852_9961572,5.990685096153846,13.617279,14.849413,91.51501,3671.1,69,flowering,0.0,False
2023-10-31,consortium0_sector0_ELMED_3342387_management1_97780228_183173852_9961572,6.060638957816377,12.222582,12.897109,74.41685,1231.7,70,maturity,0.0,False
2023-11-01,consortium0_sector0_ELMED_3342387_management1_97780228_183173852_9961572,5.653535980148884,10.056736,10.372078,78.54761,56.899998,71,maturity,0.0,False
2023-11-02,consortium0_sector0_ELMED_3342387_management1_97780228_183173852_9961572,6.210907944514502,11.098277,11.181357,89.53332,2317.2,72,maturity,0.0,False
2023-11-03,consortium0_sector0_ELMED_3342387_management1_97780228_183173852_9961572,6.350160256410256,9.324728,8.41207,85.65028,739.2,73,maturity,0.0,False
2023-11-04,consortium0_sector0_ELMED_3342387_management1_97780228_183173852_9961572,5.77076048951049,7.72416,7.550865,82.87789,765.10004,74,maturity,0.0,False
2023-11-05,consortium0_sector0_ELMED_3342387_management1_97780228_183173852_9961572,6.07196029776675,8.196731,7.4586616,88.932106,901.2,75,maturity,0.0,False
2023-11-06,consortium0_sector0_ELMED_3342387_management1_97780228_183173852_9961572,5.675874125874126,7.508031,8.067658,79.46058,0.0,76,maturity,0.0,False
2023-11-08,consortium0_sector0_ELMED_3342387_management1_97780228_183173852_9961572,8.009615384615385,6.196541,6.1178474,76.57745,0.0,78,maturity,0.0,False
2023-11-09,consortium0_sector0_ELMED_3342387_management1_97780228_183173852_9961572,1.2548076923076923,6.64774,7.6791477,71.64765,405.69998,79,maturity,0.0,False
2023-11-13,consortium0_sector0_ELMED_3342387_management1_97780228_183173852_9961572,0.13141025641025636,6.701149,8.335082,71.67879,0.0,83,maturity,0.0,False
2023-11-14,consortium0_sector0_ELMED_3342387_management1_97780228_183173852_9961572,0.11778846153846148,7.52113,9.993573,78.50023,105.09999,84,maturity,0.0,False
2023-11-15,consortium0_sector0_ELMED_3342387_management1_97780228_183173852_9961572,0.11284470246734389,7.7103662,9.364407,71.78832,6.1,85,maturity,0.0,False
2023-11-16,consortium0_sector0_ELMED_3342387_management1_97780228_183173852_9961572,0.11229819563152889,6.172456,6.5919003,71.71719,0.0,86,maturity,0.0,False
2023-11-17,consortium0_sector0_ELMED_3342387_management1_97780228_183173852_9961572,0.12092568448500646,6.2293057,6.5771904,68.40206,0.0,87,maturity,0.0,False
2023-11-18,consortium0_sector0_ELMED_3342387_management1_97780228_183173852_9961572,0.12956323337679268,6.0772223,6.168384,63.805042,0.0,88,maturity,0.0,False
2023-11-19,consortium0_sector0_ELMED_3342387_management1_97780228_183173852_9961572,0.129524886877828,6.4199305,8.570815,64.59151,0.0,89,maturity,0.0,False
2023-11-20,consortium0_sector0_ELMED_3342387_management1_97780228_183173852_9961572,0.132191338073691,5.4751387,9.819805,66.88346,0.0,90,maturity,0.0,False
2023-11-21,consortium0_sector0_ELMED_3342387_management1_97780228_183173852_9961572,0.14008620689655168,5.8919315,8.049791,65.86609,0.0,91,maturity,0.0,False
2023-11-22,consortium0_sector0_ELMED_3342387_management1_97780228_183173852_9961572,0.14954075774971293,6.2436366,6.6855874,68.20428,0.0,92,maturity,0.0,False
2023-11-23,consortium0_sector0_ELMED_3342387_management1_97780228_183173852_9961572,0.15695266272189343,5.268731,7.236345,61.72216,0.0,93,maturity,0.0,False
2023-11-24,consortium0_sector0_ELMED_3342387_management1_97780228_183173852_9961572,0.16742979242979236,6.2467613,8.857589,58.839844,0.0,94,maturity,0.0,False
2023-11-25,consortium0_sector0_ELMED_3342387_management1_97780228_183173852_9961572,0.16902043269230763,4.4948673,3.1891856,53.46176,1.0,95,maturity,0.0,False
2023-11-26,consortium0_sector0_ELMED_3342387_management1_97780228_183173852_9961572,0.1696326061997703,4.2470455,3.577096,56.02265,0.0,96,maturity,0.0,False
2023-11-27,consortium0_sector0_ELMED_3342387_management1_97780228_183173852_9961572,0.1715861657722122,3.3008966,3.9546847,57.317383,0.0,97,maturity,0.0,False
2023-11-28,consortium0_sector0_ELMED_3342387_management1_97780228_183173852_9961572,0.16888374783111618,3.7787373,4.5724564,64.65279,0.0,98,maturity,0.0,False
2023-11-29,consortium0_sector0_ELMED_3342387_management1_97780228_183173852_9961572,0.17061885482938108,4.4454355,3.6332512,61.843258,0.0,99,maturity,0.0,False
2023-11-30,consortium0_sector0_ELMED_3342387_management1_97780228_183173852_9961572,0.15442890442890436,3.6810102,4.3501387,79.43873,308.80002,100,maturity,0.0,False
2023-12-01,consortium0_sector0_ELMED_3342387_management1_97780228_183173852_9961572,0.12748673740053046,2.8161428,6.730032,87.48093,2312.9001,101,maturity,0.0,False
2023-12-02,consortium0_sector0_ELMED_3342387_management1_97780228_183173852_9961572,0.12399267399267395,5.607399,6.170688,69.722206,1359.1,102,maturity,0.0,False
2023-12-03,consortium0_sector0_ELMED_3342387_management1_97780228_183173852_9961572,0.13423831070889894,3.3169003,1.9953094,50.738373,0.0,103,maturity,0.0,False
2023-12-04,consortium0_sector0_ELMED_3342387_management1_97780228_183173852_9961572,0.13599999999999998,2.2158587,1.720846,66.90371,106.1,104,maturity,0.0,False
2023-12-05,consortium0_sector0_ELMED_3342387_management1_97780228_183173852_9961572,0.13443223443223443,1.7528852,2.7472034,73.51763,15.200001,105,maturity,0.0,False
2023-12-06,consortium0_sector0_ELMED_3342387_management1_97780228_183173852_9961572,0.13119658119658117,3.793321,2.8934472,71.41454,0.0,106,maturity,0.0,False
2023-12-07,consortium0_sector0_ELMED_3342387_management1_97780228_183173852_9961572,0.13265306122448975,3.9986553,2.4680367,65.91764,0.0,107,maturity,0.0,False
2023-12-08,consortium0_sector0_ELMED_3342387_management1_97780228_183173852_9961572,0.12864721485411137,3.443005,2.701149,72.134384,92.40001,108,maturity,0.0,False
2023-12-09,consortium0_sector0_ELMED_3342387_management1_97780228_183173852_9961572,0.13031674208144794,2.8376706,5.242721,70.82651,39.100002,109,maturity,0.0,False
2023-12-10,consortium0_sector0_ELMED_3342387_management1_97780228_183173852_9961572,0.12927350427350423,3.5931947,4.7926893,76.16806,0.0,110,maturity,0.0,False
2023-12-11,consortium0_sector0_ELMED_3342387_management1_97780228_183173852_9961572,0.12687617260787987,4.157557,5.2566733,72.86343,8.1,111,maturity,0.0,False
2023-12-12,consortium0_sector0_ELMED_3342387_management1_97780228_183173852_9961572,0.11843339587242017,4.810051,7.0803156,78.30678,6.6,112,maturity,0.0,False
2023-12-13,consortium0_sector0_ELMED_3342387_management1_97780228_183173852_9961572,0.10343035343035335,5.18524,6.1175632,92.08016,618.0,113,maturity,0.0,False
2023-12-14,consortium0_sector0_ELMED_3342387_management1_97780228_183173852_9961572,0.1098675914249684,3.976149,4.814912,81.12953,0.0,114,maturity,0.0,False
2023-12-15,consortium0_sector0_ELMED_3342387_management1_97780228_183173852_9961572,0.1153846153846153,4.5717297,5.3201203,63.98487,0.0,115,maturity,0.0,False
2023-12-16,consortium0_sector0_ELMED_3342387_management1_97780228_183173852_9961572,0.1153846153846153,4.4530745,5.2423425,56.079224,0.0,116,maturity,0.0,False
2023-12-17,consortium0_sector0_ELMED_3342387_management1_97780228_183173852_9961572,0.1153846153846153,2.679779,6.5584407,51.243706,0.0,117,maturity,0.0,False
2023-12-18,consortium0_sector0_ELMED_3342387_management1_97780228_183173852_9961572,0.1153846153846153,3.0942676,7.229716,54.672024,0.0,118,maturity,0.0,False
2023-12-19,consortium0_sector0_ELMED_3342387_management1_97780228_183173852_9961572,0.1153846153846153,4.3245077,6.9078727,60.263474,0.0,119,maturity,0.0,False
2023-12-20,consortium0_sector0_ELMED_3342387_management1_97780228_183173852_9961572,0.114363512593601,4.359072,6.3794947,61.24962,0.0,120,maturity,0.0,False
2023-12-21,consortium0_sector0_ELMED_3342387_management1_97780228_183173852_9961572,0.11452609890109881,4.6022224,5.340701,68.69109,36.0,121,maturity,0.0,False
2023-12-22,consortium0_sector0_ELMED_3342387_management1_97780228_183173852_9961572,0.1150147928994082,5.6297793,5.092879,89.33495,197.90001,122,maturity,0.0,False
2023-12-23,consortium0_sector0_ELMED_3342387_management1_97780228_183173852_9961572,0.12094723458359816,5.7794003,5.062576,85.20018,0.0,123,maturity,0.0,False
2023-12-24,consortium0_sector0_ELMED_3342387_management1_97780228_183173852_9961572,0.11448598130841113,5.7451515,8.626718,55.773663,0.0,124,maturity,0.0,False
2023-12-25,consortium0_sector0_ELMED_3342387_management1_97780228_183173852_9961572,0.11513806706114388,5.6478977,9.889691,65.40803,0.0,125,maturity,0.0,False
2023-12-26,consortium0_sector0_ELMED_3342387_management1_97780228_183173852_9961572,0.1127320954907161,4.9267807,7.743573,73.50054,0.0,126,maturity,0.0,False
2023-12-27,consortium0_sector0_ELMED_3342387_management1_97780228_183173852_9961572,0.11481056257175651,3.4840722,6.910461,51.993927,0.0,127,maturity,0.0,False
2023-12-28,consortium0_sector0_ELMED_3342387_management1_97780228_183173852_9961572,0.1121794871794871,4.4202466,6.4570208,57.461292,0.0,128,maturity,0.0,False
2023-12-29,consortium0_sector0_ELMED_3342387_management1_97780228_183173852_9961572,0.10950854700854692,5.1688576,5.7666163,83.87174,0.0,129,maturity,0.0,False
2023-12-30,consortium0_sector0_ELMED_3342387_management1_97780228_183173852_9961572,0.11538461538461528,5.074981,5.9830303,79.21589,0.0,130,maturity,0.0,False
2023-12-31,consortium0_sector0_ELMED_3342387_management1_97780228_183173852_9961572,0.10247975708502018,5.015701,5.522267,88.82301,944.39996,131,maturity,0.0,False
2024-01-01,consortium0_sector0_ELMED_3342387_management1_97780228_183173852_9961572,0.09539223153084535,4.056073,3.9580934,89.88806,271.19998,132,maturity,0.0,False
2024-01-02,consortium0_sector0_ELMED_3342387_management1_97780228_183173852_9961572,0.10189810189810183,2.831389,3.230821,73.01472,0.0,133,maturity,0.0,False
2024-01-03,consortium0_sector0_ELMED_3342387_management1_97780228_183173852_9961572,0.11144578313253004,3.8746023,4.4248867,84.00706,0.0,134,maturity,0.0,False
2024-01-04,consortium0_sector0_ELMED_3342387_management1_97780228_183173852_9961572,0.11164529914529907,3.927159,4.6127653,75.84063,6.6,135,maturity,0.0,False
2024-01-05,consortium0_sector0_ELMED_3342387_management1_97780228_183173852_9961572,0.09770471464019845,4.121793,4.4092298,80.87472,678.3,136,maturity,0.0,False
2024-01-06,consortium0_sector0_ELMED_3342387_management1_97780228_183173852_9961572,0.0744274809160305,4.5052214,5.1863766,92.02766,688.0,137,maturity,0.0,False
2024-01-07,consortium0_sector0_ELMED_3342387_management1_97780228_183173852_9961572,0.09999999999999994,4.347614,5.7102084,72.21565,117.3,138,maturity,0.0,False
2024-01-08,consortium0_sector0_ELMED_3342387_management1_97780228_183173852_9961572,0.11142533936651575,4.0182576,4.770341,63.077015,0.0,139,maturity,0.0,False
2024-01-09,consortium0_sector0_ELMED_3342387_management1_97780228_183173852_9961572,0.11153846153846145,3.775139,4.7051263,72.747116,0.0,140,maturity,0.0,False
2024-01-10,consortium0_sector0_ELMED_3342387_management1_97780228_183173852_9961572,0.11394230769230759,4.0886173,3.8901958,80.73706,0.0,141,maturity,0.0,False
2024-01-11,consortium0_sector0_ELMED_3342387_management1_97780228_183173852_9961572,0.11322385479688842,2.9964142,3.2419004,65.28509,0.0,142,maturity,0.0,False
2024-01-12,consortium0_sector0_ELMED_3342387_management1_97780228_183173852_9961572,0.1171529619805481,4.1021276,3.603264,58.663425,0.0,143,maturity,0.0,False
2024-01-13,consortium0_sector0_ELMED_3342387_management1_97780228_183173852_9961572,0.12273755656108591,3.9807262,2.8934155,54.269062,0.0,144,maturity,0.0,False
2024-01-14,consortium0_sector0_ELMED_3342387_management1_97780228_183173852_9961572,0.1229183187946074,3.4101768,3.1668055,50.982616,0.0,145,maturity,0.0,False
2024-01-15,consortium0_sector0_ELMED_3342387_management1_97780228_183173852_9961572,0.12324414715719058,3.0562942,3.1077461,58.460922,0.0,146,maturity,0.0,False
2024-01-16,consortium0_sector0_ELMED_3342387_management1_97780228_183173852_9961572,0.12751212751212748,4.002222,3.062008,55.362106,0.0,147,maturity,0.0,False
2024-01-17,consortium0_sector0_ELMED_3342387_management1_97780228_183173852_9961572,0.1298502382573179,3.4190469,3.6172159,78.97888,491.0,148,maturity,0.0,False
2024-01-18,consortium0_sector0_ELMED_3342387_management1_97780228_183173852_9961572,0.08524408284023664,3.1619446,5.7107134,87.147415,494.5,149,maturity,0.0,False
2024-01-19,consortium0_sector0_ELMED_3342387_management1_97780228_183173852_9961572,0.10687263556116008,3.3871653,2.1636174,62.046413,208.2,150,maturity,0.0,False
2024-01-20,consortium0_sector0_ELMED_3342387_management1_97780228_183173852_9961572,0.1212887989203778,2.1579356,-0.6682006,41.12848,0.0,151,maturity,0.0,False
2024-01-21,consortium0_sector0_ELMED_3342387_management1_97780228_183173852_9961572,0.13679245283018865,2.1695204,1.2889332,35.24871,0.0,152,maturity,0.0,False
2024-01-22,consortium0_sector0_ELMED_3342387_management1_97780228_183173852_9961572,0.13803418803418802,1.8139017,4.0906377,32.819775,0.0,153,maturity,0.0,False
2024-01-23,consortium0_sector0_ELMED_3342387_management1_97780228_183173852_9961572,0.1310467882632831,2.4917107,5.221225,52.468285,0.0,154,maturity,0.0,False
2024-01-24,consortium0_sector0_ELMED_3342387_management1_97780228_183173852_9961572,0.1227964743589743,5.021635,8.159041,60.922962,0.0,155,maturity,0.0,False
2024-01-25,consortium0_sector0_ELMED_3342387_management1_97780228_183173852_9961572,0.11538461538461528,5.086976,8.444426,79.3501,1.0,156,maturity,0.0,False
2024-01-26,consortium0_sector0_ELMED_3342387_management1_97780228_183173852_9961572,0.11632270168855526,5.4234347,8.89149,70.75514,0.0,157,maturity,0.0,False
2024-01-27,consortium0_sector0_ELMED_3342387_management1_97780228_183173852_9961572,0.12284144427001564,5.4979296,6.7936997,71.13025,0.0,158,maturity,0.0,False
2024-01-28,consortium0_sector0_ELMED_3342387_management1_97780228_183173852_9961572,0.12785291631445475,4.888933,5.655095,58.040222,0.0,159,maturity,0.0,False
2024-01-29,consortium0_sector0_ELMED_3342387_management1_97780228_183173852_9961572,0.12781425891181986,3.9105873,5.965669,55.528717,0.0,160,maturity,0.0,False
2024-01-30,consortium0_sector0_ELMED_3342387_management1_97780228_183173852_9961572,0.1293896321070234,3.8649433,7.1085353,53.885735,0.0,161,maturity,0.0,False
2024-01-31,consortium0_sector0_ELMED_3342387_management1_97780228_183173852_9961572,0.1286057692307692,3.5609343,7.9126706,53.394226,0.0,162,maturity,0.0,False
2024-02-01,consortium0_sector0_ELMED_3342387_management1_97780228_183173852_9961572,0.1310832025117739,3.4189205,4.710177,70.14836,0.0,163,maturity,0.0,False
2024-02-02,consortium0_sector0_ELMED_3342387_management1_97780228_183173852_9961572,0.1298076923076923,3.3649116,6.8074937,63.888027,0.0,164,maturity,0.0,False
2024-02-03,consortium0_sector0_ELMED_3342387_management1_97780228_183173852_9961572,0.1294230769230769,4.2057576,8.846193,65.70354,0.0,165,maturity,0.0,False
2024-02-04,consortium0_sector0_ELMED_3342387_management1_97780228_183173852_9961572,0.12832840236686388,4.934356,9.043858,60.710472,0.0,166,maturity,0.0,False
2024-02-05,consortium0_sector0_ELMED_3342387_management1_97780228_183173852_9961572,0.1298517995765702,6.2930994,10.305789,58.772938,0.0,167,maturity,0.0,False
2024-02-06,consortium0_sector0_ELMED_3342387_management1_97780228_183173852_9961572,0.13326923076923075,5.5892487,8.17173,64.57232,0.0,168,maturity,0.0,False
2024-02-07,consortium0_sector0_ELMED_3342387_management1_97780228_183173852_9961572,0.13236497545008183,6.3375444,7.268984,80.984024,0.0,169,maturity,0.0,False
2024-02-08,consortium0_sector0_ELMED_3342387_management1_97780228_183173852_9961572,0.13440860215053763,7.71327,8.490227,84.31999,0.0,170,maturity,0.0,False
2024-02-09,consortium0_sector0_ELMED_3342387_management1_97780228_183173852_9961572,0.11555183946488286,8.624191,9.85137,88.04769,1104.6,171,maturity,0.0,False
2024-02-10,consortium0_sector0_ELMED_3342387_management1_97780228_183173852_9961572,0.11579818031430926,8.21286,8.648719,93.10485,577.3,172,maturity,0.0,False
2024-02-11,consortium0_sector0_ELMED_3342387_management1_97780228_183173852_9961572,0.10448717948717941,7.7448044,8.414502,90.15858,461.9,173,maturity,0.0,False
2024-02-12,consortium0_sector0_ELMED_3342387_management1_97780228_183173852_9961572,0.11963327370304108,6.5482764,8.889154,65.750946,0.0,174,maturity,0.0,False
2024-02-13,consortium0_sector0_ELMED_3342387_management1_97780228_183173852_9961572,0.12269230769230763,6.5532637,7.389375,59.549137,0.0,175,maturity,0.0,False
2024-02-14,consortium0_sector0_ELMED_3342387_management1_97780228_183173852_9961572,0.12589214908802532,6.2485604,7.4202466,55.64547,0.0,176,maturity,0.0,False
2024-02-15,consortium0_sector0_ELMED_3342387_management1_97780228_183173852_9961572,0.1253561253561253,6.986692,10.166932,54.995384,0.0,177,maturity,0.0,False
2024-02-16,consortium0_sector0_ELMED_3342387_management1_97780228_183173852_9961572,0.12805944055944052,7.257052,11.271068,58.22963,0.0,178,maturity,0.0,False
2024-02-17,consortium0_sector0_ELMED_3342387_management1_97780228_183173852_9961572,0.12679628064243445,8.4236555,12.641617,63.780952,0.0,179,maturity,0.0,False
2024-02-18,consortium0_sector0_ELMED_3342387_management1_97780228_183173852_9961572,0.13304552590266874,9.686471,12.296446,70.105156,0.0,180,maturity,0.0,False
2024-02-19,consortium0_sector0_ELMED_3342387_management1_97780228_183173852_9961572,0.1405325443786982,9.570278,10.747803,68.20793,18.300001,181,maturity,0.0,False
2024-02-20,consortium0_sector0_ELMED_3342387_management1_97780228_183173852_9961572,0.14431438127090299,8.459482,9.172456,58.518627,0.0,182,maturity,0.0,False
2024-02-21,consortium0_sector0_ELMED_3342387_management1_97780228_183173852_9961572,0.14719626168224295,7.1921844,8.056357,54.723198,0.0,183,maturity,0.0,False
2024-02-22,consortium0_sector0_ELMED_3342387_management1_97780228_183173852_9961572,0.14341243862520456,7.9911737,8.745877,82.16882,539.3,184,maturity,0.0,False
2024-02-23,consortium0_sector0_ELMED_3342387_management1_97780228_183173852_9961572,0.0976446034585569,6.419236,5.5316415,96.35352,1856.7001,185,maturity,0.0,False
2024-02-24,consortium0_sector0_ELMED_3342387_management1_97780228_183173852_9961572,0.101998491704374,4.4949307,4.549129,84.50083,375.9,186,maturity,0.0,False
2024-02-25,consortium0_sector0_ELMED_3342387_management1_97780228_183173852_9961572,0.11306980056980052,5.706799,6.257841,78.040535,382.0,187,maturity,0.0,False
2024-02-26,consortium0_sector0_ELMED_3342387_management1_97780228_183173852_9961572,0.11396761133603232,5.6719193,5.9588194,88.62233,621.0,188,maturity,0.0,False
2024-02-27,consortium0_sector0_ELMED_3342387_management1_97780228_183173852_9961572,0.09700854700854696,5.6466665,6.10238,94.39685,1881.8,189,maturity,0.0,False
2024-02-28,consortium0_sector0_ELMED_3342387_management1_97780228_183173852_9961572,0.10119047619047614,7.5932574,9.4733715,82.39117,560.60004,190,maturity,0.0,False
2024-02-29,consortium0_sector0_ELMED_3342387_management1_97780228_183173852_9961572,0.11944248412138313,8.670151,9.803169,79.05319,13.2,191,maturity,0.0,False
2024-03-01,consortium0_sector0_ELMED_3342387_management1_97780228_183173852_9961572,0.11178861788617878,8.797266,9.815165,87.742546,629.39996,192,maturity,0.0,False
2024-03-02,consortium0_sector0_ELMED_3342387_management1_97780228_183173852_9961572,0.12166793602437162,9.025076,9.993983,82.46949,176.5,193,maturity,0.0,False
2024-03-03,consortium0_sector0_ELMED_3342387_management1_97780228_183173852_9961572,0.12550607287449386,9.275044,9.908441,75.51209,22.300001,194,maturity,0.0,False
2024-03-04,consortium0_sector0_ELMED_3342387_management1_97780228_183173852_9961572,0.13153846153846152,9.227254,10.559987,69.94262,0.0,195,maturity,0.0,False
2024-03-05,consortium0_sector0_ELMED_3342387_management1_97780228_183173852_9961572,0.12557527942143323,9.197298,10.251623,75.51166,497.9,196,maturity,0.0,False
2024-03-06,consortium0_sector0_ELMED_3342387_management1_97780228_183173852_9961572,51.709558910633056,8.706894,8.785176,78.412476,843.89996,197,maturity,0.0,False
2024-03-07,consortium0_sector0_ELMED_3342387_management1_97780228_183173852_9961572,42.25352112676056,7.7513385,8.173308,68.9957,43.200005,198,maturity,0.0,False
2024-03-08,consortium0_sector0_ELMED_3342387_management1_97780228_183173852_9961572,0.0,8.17072,7.6448045,83.54096,240.8,199,maturity,0.0,False
2024-03-09,consortium0_sector0_ELMED_3342387_management1_97780228_183173852_9961572,0.0,8.847393,8.955001,80.55323,67.5,200,maturity,0.0,False
2024-03-10,consortium0_sector0_ELMED_3342387_management1_97780228_183173852_9961572,0.0,6.8878284,6.087166,95.05769,2153.2,201,maturity,0.0,False
2024-03-11,consortium0_sector0_ELMED_3342387_management1_97780228_183173852_9961572,0.9534312036207412,5.551875,7.356073,75.43521,0.0,202,maturity,0.0,False
2024-03-12,consortium0_sector0_ELMED_3342387_management1_97780228_183173852_9961572,1.5795265522274902,6.4574623,8.575045,60.00459,0.0,203,maturity,0.0,False
2024-03-13,consortium0_sector0_ELMED_3342387_management1_97780228_183173852_9961572,1.5445170925798195,7.907967,9.782683,62.242046,26.4,204,maturity,0.0,False
2024-03-14,consortium0_sector0_ELMED_3342387_management1_97780228_183173852_9961572,1.5268920305043927,8.443447,10.451244,67.35986,0.0,205,maturity,0.0,False
2024-03-15,consortium0_sector0_ELMED_3342387_management1_97780228_183173852_9961572,1.516977147189429,9.649065,12.2329035,72.11478,0.0,206,maturity,0.0,False
2024-03-16,consortium0_sector0_ELMED_3342387_management1_97780228_183173852_9961572,1.5169820171156478,11.600013,12.405348,75.37223,25.4,207,maturity,0.0,False
2024-03-17,consortium0_sector0_ELMED_3342387_management1_97780228_183173852_9961572,1.520312335711084,10.491111,11.590007,67.42552,0.0,208,maturity,0.0,False
2024-03-18,consortium0_sector0_ELMED_3342387_management1_97780228_183173852_9961572,1.4976293664354496,8.886313,10.166648,75.62568,194.5,209,maturity,0.0,False
2024-03-19,consortium0_sector0_ELMED_3342387_management1_97780228_183173852_9961572,1.4900994514560941,9.6431,11.531011,68.26965,0.0,210,maturity,0.0,False
2024-03-20,consortium0_sector0_ELMED_3342387_management1_97780228_183173852_9961572,1.5054695115347125,10.831831,11.313807,76.37536,0.0,211,maturity,0.0,False
2024-03-21,consortium0_sector0_ELMED_3342387_management1_97780228_183173852_9961572,1.4998550595370825,11.151749,12.882714,67.55197,12.2,212,maturity,0.0,False
2024-03-22,consortium0_sector0_ELMED_3342387_management1_97780228_183173852_9961572,1.4966392450182748,11.404716,12.627349,62.903484,0.0,213,maturity,0.0,False
2024-03-23,consortium0_sector0_ELMED_3342387_management1_97780228_183173852_9961572,1.4732111202622435,10.387039,11.905663,68.07996,173.40001,214,maturity,0.0,False
2024-03-24,consortium0_sector0_ELMED_3342387_management1_97780228_183173852_9961572,1.4665466262319937,8.490354,8.7750435,47.229088,153.0,215,maturity,0.0,False
2024-03-25,consortium0_sector0_ELMED_3342387_management1_97780228_183173852_9961572,1.4724437336402825,8.112071,7.769299,50.13747,0.0,216,maturity,0.0,False
2024-03-26,consortium0_sector0_ELMED_3342387_management1_97780228_183173852_9961572,1.4624826372556072,8.508315,8.269931,72.311066,83.3,217,maturity,0.0,False
2024-03-27,consortium0_sector0_ELMED_3342387_management1_97780228_183173852_9961572,1.5023917181645132,7.877128,7.6684155,92.03532,1627.2001,218,maturity,0.0,False
2024-03-28,consortium0_sector0_ELMED_3342387_management1_97780228_183173852_9961572,1.5319092003746153,7.4264646,8.200928,85.50384,282.80002,219,maturity,0.0,False
2024-03-29,consortium0_sector0_ELMED_3342387_management1_97780228_183173852_9961572,1.511254983882492,8.124223,8.511061,92.40909,272.19998,220,maturity,0.0,False
2024-03-30,consortium0_sector0_ELMED_3342387_management1_97780228_183173852_9961572,1.500856428832168,11.912954,13.170372,78.39477,470.69998,221,maturity,0.0,False
2024-03-31,consortium0_sector0_ELMED_3342387_management1_97780228_183173852_9961572,1.6118812953536228,11.233283,11.564849,87.945,1966.2999,222,maturity,0.0,False
2024-04-01,consortium0_sector0_ELMED_3342387_management1_97780228_183173852_9961572,1.7179358959882567,11.389596,12.297109,78.77527,1919.2001,223,maturity,0.0,False
2024-04-02,consortium0_sector0_ELMED_3342387_management1_97780228_183173852_9961572,1.5507875070542163,9.914784,10.505032,72.131996,6.1,224,maturity,0.0,False
2024-04-03,consortium0_sector0_ELMED_3342387_management1_97780228_183173852_9961572,1.5269361463066091,9.58565,10.197488,71.35864,39.600002,225,maturity,0.0,False
2024-04-04,consortium0_sector0_ELMED_3342387_management1_97780228_183173852_9961572,1.519871224357495,11.410113,12.730947,72.53483,0.0,226,maturity,0.0,False
2024-04-05,consortium0_sector0_ELMED_3342387_management1_97780228_183173852_9961572,1.5483443584467087,13.35762,13.654621,79.111946,0.0,227,maturity,0.0,False
2024-04-06,consortium0_sector0_ELMED_3342387_management1_97780228_183173852_9961572,1.566,14.691932,16.174475,74.536766,0.0,228,maturity,0.0,False
2024-04-07,consortium0_sector0_ELMED_3342387_management1_97780228_183173852_9961572,1.5748520710059173,15.74651,18.728485,64.1232,0.0,229,maturity,0.0,False
2024-04-08,consortium0_sector0_ELMED_3342387_management1_97780228_183173852_9961572,1.5800058719906047,16.442122,18.171888,63.492004,0.0,230,maturity,0.0,False
2024-04-09,consortium0_sector0_ELMED_3342387_management1_97780228_183173852_9961572,1.57387935805202,16.905159,17.830095,70.37268,575.2,231,maturity,0.0,False
2024-04-10,consortium0_sector0_ELMED_3342387_management1_97780228_183173852_9961572,1.5384615384615385,11.604558,10.116995,79.945786,1180.7001,232,maturity,0.0,False
2024-04-11,consortium0_sector0_ELMED_3342387_management1_97780228_183173852_9961572,1.5965976331360947,13.657683,15.572645,64.689445,0.0,233,maturity,0.0,False
2024-04-12,consortium0_sector0_ELMED_3342387_management1_97780228_183173852_9961572,1.6043734491315138,15.504653,18.391554,61.06807,0.0,234,maturity,0.0,False
2024-04-13,consortium0_sector0_ELMED_3342387_management1_97780228_183173852_9961572,1.6246490735541832,16.66529,19.046856,60.842518,0.0,235,maturity,0.0,False
2024-04-14,consortium0_sector0_ELMED_3342387_management1_97780228_183173852_9961572,1.628666297731046,17.421066,19.574444,64.65082,0.0,236,maturity,0.0,False
2024-04-15,consortium0_sector0_ELMED_3342387_management1_97780228_183173852_9961572,1.6275231860338244,17.437986,18.101843,74.011246,0.0,237,maturity,0.0,False
2024-04-16,consortium0_sector0_ELMED_3342387_management1_97780228_183173852_9961572,1.6166387959866222,15.162986,14.262513,53.425343,0.0,238,maturity,0.0,False
2024-04-17,consortium0_sector0_ELMED_3342387_management1_97780228_183173852_9961572,1.603846153846154,11.990195,10.251591,49.8592,18.300001,239,maturity,0.0,False
2024-04-18,consortium0_sector0_ELMED_3342387_management1_97780228_183173852_9961572,1.5889423076923077,9.834861,8.795973,54.49485,0.0,240,maturity,0.0,False
2024-04-19,consortium0_sector0_ELMED_3342387_management1_97780228_183173852_9961572,1.5760422783323549,9.507178,9.019363,54.967484,6.6,241,maturity,0.0,False
2024-04-20,consortium0_sector0_ELMED_3342387_management1_97780228_183173852_9961572,1.571665744327615,10.432273,9.51185,51.283066,6.1,242,maturity,0.0,False
2024-04-21,consortium0_sector0_ELMED_3342387_management1_97780228_183173852_9961572,1.5589464882943145,9.5273485,8.011218,56.76085,39.600002,243,maturity,0.0,False
2024-04-22,consortium0_sector0_ELMED_3342387_management1_97780228_183173852_9961572,1.521306032097399,7.828295,6.5076203,84.906624,470.7,244,maturity,0.0,False
2024-04-23,consortium0_sector0_ELMED_3342387_management1_97780228_183173852_9961572,1.4870769230769232,8.434324,8.477159,70.700745,204.0,245,maturity,0.0,False
2024-04-24,consortium0_sector0_ELMED_3342387_management1_97780228_183173852_9961572,1.5171555063641395,9.539974,9.489754,57.479862,31.5,246,maturity,0.0,False
2024-04-25,consortium0_sector0_ELMED_3342387_management1_97780228_183173852_9961572,1.5263009049773755,9.012481,8.47615,62.37073,0.0,247,maturity,0.0,False
2024-04-26,consortium0_sector0_ELMED_3342387_management1_97780228_183173852_9961572,1.5351851851851852,10.759293,9.829527,69.921974,12.2,248,maturity,0.0,False
2024-04-27,consortium0_sector0_ELMED_3342387_management1_97780228_183173852_9961572,1.5307411566535654,12.213712,12.393478,69.93441,32.0,249,maturity,0.0,False
2024-04-28,consortium0_sector0_ELMED_3342387_management1_97780228_183173852_9961572,1.5323299888517279,13.572298,14.154148,71.774284,7.1,250,maturity,0.0,False
2024-04-29,consortium0_sector0_ELMED_3342387_management1_97780228_183173852_9961572,1.5735785953177257,14.691996,15.769425,66.787186,0.0,251,maturity,0.0,False
2024-04-30,consortium0_sector0_ELMED_3342387_management1_97780228_183173852_9961572,1.5909601347557552,16.057747,18.01024,59.74789,38.600002,252,maturity,0.0,False
2024-05-01,consortium0_sector0_ELMED_3342387_management1_97780228_183173852_9961572,1.567097136440202,16.171446,16.808756,76.49828,431.5,253,maturity,0.0,False
2024-05-02,consortium0_sector0_ELMED_3342387_management1_97780228_183173852_9961572,1.5764988687782806,14.018068,13.838586,83.39019,865.2,254,maturity,0.0,False
2024-05-03,consortium0_sector0_ELMED_3342387_management1_97780228_183173852_9961572,1.6123626373626376,12.98704,13.143384,81.71435,169.09999,255,maturity,0.0,False
2024-05-04,consortium0_sector0_ELMED_3342387_management1_97780228_183173852_9961572,1.5972606530160487,14.1386175,15.158599,72.680275,128.0,256,maturity,0.0,False
2024-05-05,consortium0_sector0_ELMED_3342387_management1_97780228_183173852_9961572,1.5989819004524888,15.553705,15.838775,72.3035,0.0,257,maturity,0.0,False
2024-05-06,consortium0_sector0_ELMED_3342387_management1_97780228_183173852_9961572,1.5951492537313432,15.4804735,15.465922,75.51948,24.4,258,maturity,0.0,False
2024-05-07,consortium0_sector0_ELMED_3342387_management1_97780228_183173852_9961572,1.556929181929182,13.768227,14.2986555,81.377304,438.9,259,maturity,0.0,False
2024-05-08,consortium0_sector0_ELMED_3342387_management1_97780228_183173852_9961572,1.5393559928443648,14.45721,14.798434,83.9793,364.9,260,maturity,0.0,False
2024-05-09,consortium0_sector0_ELMED_3342387_management1_97780228_183173852_9961572,1.5623626373626374,15.998276,16.739847,69.66079,0.0,261,maturity,0.0,False
2024-05-10,consortium0_sector0_ELMED_3342387_management1_97780228_183173852_9961572,1.5722567873303168,16.826496,17.092722,73.15861,0.0,262,maturity,0.0,False
2024-05-11,consortium0_sector0_ELMED_3342387_management1_97780228_183173852_9961572,1.5637726244343892,17.263584,17.594488,71.19605,13.2,263,maturity,0.0,False
2024-05-12,consortium0_sector0_ELMED_3342387_management1_97780228_183173852_9961572,1.580769230769231,17.740416,17.810493,73.96869,37.100002,264,maturity,0.0,False
2024-05-13,consortium0_sector0_ELMED_3342387_management1_97780228_183173852_9961572,1.5603550295857989,17.31065,16.828611,81.07258,680.5,265,maturity,0.0,False
2024-05-14,consortium0_sector0_ELMED_3342387_management1_97780228_183173852_9961572,1.5479375696767002,17.36204,16.704243,76.29193,18.800001,266,maturity,0.0,False
2024-05-15,consortium0_sector0_ELMED_3342387_management1_97780228_183173852_9961572,1.5409989316239316,15.437355,15.163365,86.48668,1448.2001,267,maturity,0.0,False
2024-05-16,consortium0_sector0_ELMED_3342387_management1_97780228_183173852_9961572,1.6803571428571429,15.755694,16.016521,77.523315,384.4,268,maturity,0.0,False
2024-05-17,consortium0_sector0_ELMED_3342387_management1_97780228_183173852_9961572,1.641826923076923,15.829085,15.856516,73.73383,114.600006,269,maturity,0.0,False
2024-05-18,consortium0_sector0_ELMED_3342387_management1_97780228_183173852_9961572,1.6043530113297557,16.038397,15.955252,71.11792,6.1,270,maturity,0.0,False
2024-05-19,consortium0_sector0_ELMED_3342387_management1_97780228_183173852_9961572,1.5885585003232063,16.885113,17.26914,68.92466,14.2,271,maturity,0.0,False
2024-05-20,consortium0_sector0_ELMED_3342387_management1_97780228_183173852_9961572,1.6017699115044248,17.654716,18.069458,71.84767,77.200005,272,maturity,0.0,False
2024-05-21,consortium0_sector0_ELMED_3342387_management1_97780228_183173852_9961572,1.6973518284993694,15.804969,16.049824,90.01209,2438.9001,273,maturity,0.0,False
2024-05-22,consortium0_sector0_ELMED_3342387_management1_97780228_183173852_9961572,1.636552296624239,15.969299,15.990069,79.20578,24.4,274,maturity,0.0,False
2024-05-23,consortium0_sector0_ELMED_3342387_management1_97780228_183173852_9961572,1.5936271757439642,15.976781,15.406736,78.248825,149.80002,275,maturity,0.0,False
2024-05-24,consortium0_sector0_ELMED_3342387_management1_97780228_183173852_9961572,1.6007807981492193,16.307684,16.301369,71.761765,8.1,276,maturity,0.0,False
2024-05-25,consortium0_sector0_ELMED_3342387_management1_97780228_183173852_9961572,1.5916208791208792,15.827034,15.394457,76.70824,321.1,277,maturity,0.0,False
2024-05-26,consortium0_sector0_ELMED_3342387_management1_97780228_183173852_9961572,1.5997880072683224,16.655285,17.439787,69.33089,0.0,278,maturity,0.0,False
2024-05-27,consortium0_sector0_ELMED_3342387_management1_97780228_183173852_9961572,1.5974171813587874,18.282778,18.668417,73.906105,6.6,279,maturity,0.0,False
2024-05-28,consortium0_sector0_ELMED_3342387_management1_97780228_183173852_9961572,1.5805860805860807,18.022898,18.254337,68.985985,244.2,280,maturity,0.0,False
2024-05-29,consortium0_sector0_ELMED_3342387_management1_97780228_183173852_9961572,1.6008897818599312,17.98041,18.402569,64.118126,0.0,281,maturity,0.0,False
2024-05-30,consortium0_sector0_ELMED_3342387_management1_97780228_183173852_9961572,1.586176980913823,17.834072,17.153358,87.072815,2291.0999,282,maturity,0.0,False
2024-05-31,consortium0_sector0_ELMED_3342387_management1_97780228_183173852_9961572,1.7306318681318682,15.01286,14.1675,82.206696,1179.5,283,maturity,0.0,False
2024-06-01,consortium0_sector0_ELMED_3342387_management1_97780228_183173852_9961572,1.6178243398392653,15.197898,15.967437,73.98437,7.1,284,maturity,0.0,False
2024-06-02,consortium0_sector0_ELMED_3342387_management1_97780228_183173852_9961572,1.6054778554778555,17.18707,18.402443,69.87061,85.1,285,maturity,0.0,False
2024-06-03,consortium0_sector0_ELMED_3342387_management1_97780228_183173852_9961572,1.7057245080500896,17.644743,18.196604,75.29063,531.9,286,maturity,0.0,False
2024-06-04,consortium0_sector0_ELMED_3342387_management1_97780228_183173852_9961572,1.6319789081885856,18.131483,18.518131,72.09506,33.0,287,maturity,0.0,False
2024-06-05,consortium0_sector0_ELMED_3342387_management1_97780228_183173852_9961572,1.6142278773857723,19.180094,19.207243,77.19946,0.0,288,maturity,0.0,False
2024-06-06,consortium0_sector0_ELMED_3342387_management1_97780228_183173852_9961572,1.6107576633892424,20.542753,20.922678,76.64307,18.800001,289,maturity,0.0,False
2024-06-07,consortium0_sector0_ELMED_3342387_management1_97780228_183173852_9961572,1.609531772575251,21.445215,22.082367,78.76556,0.0,290,maturity,0.0,False
2024-06-08,consortium0_sector0_ELMED_3342387_management1_97780228_183173852_9961572,1.598320693391116,21.857271,22.35175,80.74752,459.0,291,maturity,0.0,False
2024-06-09,consortium0_sector0_ELMED_3342387_management1_97780228_183173852_9961572,1.5892363032650803,21.553328,22.684357,75.99743,137.1,292,maturity,0.0,False
2024-06-10,consortium0_sector0_ELMED_3342387_management1_97780228_183173852_9961572,1.601111778846154,21.332905,21.26747,77.17057,601.10004,293,maturity,0.0,False
2024-06-11,consortium0_sector0_ELMED_3342387_management1_97780228_183173852_9961572,1.6383984867591426,19.003296,18.82356,80.491455,1903.2001,294,maturity,0.0,False
2024-06-12,consortium0_sector0_ELMED_3342387_management1_97780228_183173852_9961572,1.6852463942307692,17.890259,17.124918,74.183136,516.3,295,maturity,0.0,False
2024-06-13,consortium0_sector0_ELMED_3342387_management1_97780228_183173852_9961572,1.6379662004662003,17.908978,17.290321,65.93933,6.6,296,maturity,0.0,False
2024-06-14,consortium0_sector0_ELMED_3342387_management1_97780228_183173852_9961572,1.6073964497041422,17.722328,17.533474,75.99364,58.4,297,maturity,0.0,False
2024-06-15,consortium0_sector0_ELMED_3342387_management1_97780228_183173852_9961572,1.573670814479638,18.098467,18.161976,80.20968,93.9,298,maturity,0.0,False
2024-06-16,consortium0_sector0_ELMED_3342387_management1_97780228_183173852_9961572,1.589604236343367,19.17293,19.85522,75.650894,38.600002,299,maturity,0.0,False
2024-06-17,consortium0_sector0_ELMED_3342387_management1_97780228_183173852_9961572,1.6073964497041422,20.718067,21.04654,74.675545,8.1,300,maturity,0.0,False
2024-06-18,consortium0_sector0_ELMED_3342387_management1_97780228_183173852_9961572,1.6076042278332356,21.555317,22.14714,72.079094,0.0,301,maturity,0.0,False
2024-06-19,consortium0_sector0_ELMED_3342387_management1_97780228_183173852_9961572,1.6003470213996531,22.529337,24.974129,67.708466,0.0,302,maturity,0.0,False
2024-06-20,consortium0_sector0_ELMED_3342387_management1_97780228_183173852_9961572,1.6025641025641026,23.42053,26.403643,64.15364,0.0,303,maturity,0.0,False
2024-06-21,consortium0_sector0_ELMED_3342387_management1_97780228_183173852_9961572,1.6184503901895206,23.430473,24.709578,71.656006,875.60004,304,maturity,0.0,False
2024-06-22,consortium0_sector0_ELMED_3342387_management1_97780228_183173852_9961572,1.688133571854502,22.195467,22.345688,72.14257,538.39996,305,maturity,0.0,False
2024-06-23,consortium0_sector0_ELMED_3342387_management1_97780228_183173852_9961572,1.6889387984278494,18.939974,18.654842,84.898796,1069.0,306,maturity,0.0,False
2024-06-24,consortium0_sector0_ELMED_3342387_management1_97780228_183173852_9961572,1.6472902097902098,20.159702,20.779812,78.02938,125.799995,307,maturity,0.0,False
2024-06-25,consortium0_sector0_ELMED_3342387_management1_97780228_183173852_9961572,1.6319574734208881,20.616776,20.667343,82.17576,948.7,308,maturity,0.0,False
2024-06-26,consortium0_sector0_ELMED_3342387_management1_97780228_183173852_9961572,1.7126696832579185,20.90683,20.985619,77.0127,418.3,309,maturity,0.0,False
2024-06-27,consortium0_sector0_ELMED_3342387_management1_97780228_183173852_9961572,1.6422787738577211,21.841646,23.26873,66.780174,0.0,310,maturity,0.0,False
2024-06-28,consortium0_sector0_ELMED_3342387_management1_97780228_183173852_9961572,1.6244700181708054,23.283756,25.683977,62.94098,0.0,311,maturity,0.0,False
2024-06-29,consortium0_sector0_ELMED_3342387_management1_97780228_183173852_9961572,1.6275147928994083,23.93483,25.053486,76.44241,244.3,312,maturity,0.0,False
2024-06-30,consortium0_sector0_ELMED_3342387_management1_97780228_183173852_9961572,1.6289762868710236,23.982147,24.632147,71.64502,82.3,313,maturity,0.0,False
2024-07-01,consortium0_sector0_ELMED_3342387_management1_97780228_183173852_9961572,1.6775258323765787,21.755,21.081894,83.97507,308.4,314,maturity,0.0,False
2024-07-02,consortium0_sector0_ELMED_3342387_management1_97780228_183173852_9961572,1.674112426035503,20.96488,21.90923,60.28608,0.0,315,maturity,0.0,False
2024-07-03,consortium0_sector0_ELMED_3342387_management1_97780228_183173852_9961572,1.6344674556213017,19.599792,19.36324,77.711426,344.30002,316,maturity,0.0,False
2024-07-04,consortium0_sector0_ELMED_3342387_management1_97780228_183173852_9961572,1.62890625,19.795847,20.10279,70.602684,0.0,317,maturity,0.0,False
2024-07-05,consortium0_sector0_ELMED_3342387_management1_97780228_183173852_9961572,1.628893833439288,21.167248,21.517721,74.628586,0.0,318,maturity,0.0,False
2024-07-06,consortium0_sector0_ELMED_3342387_management1_97780228_183173852_9961572,1.625,22.734165,23.24812,73.664604,39.600002,319,maturity,0.0,False
2024-07-07,consortium0_sector0_ELMED_3342387_management1_97780228_183173852_9961572,1.6165960024227741,21.865387,21.911787,84.67836,2203.3,320,maturity,0.0,False
2024-07-08,consortium0_sector0_ELMED_3342387_management1_97780228_183173852_9961572,1.6228473019517795,23.048214,23.78884,74.033516,80.200005,321,maturity,0.0,False
2024-07-09,consortium0_sector0_ELMED_3342387_management1_97780228_183173852_9961572,1.6468140068886337,23.766521,24.906105,72.08583,13.2,322,maturity,0.0,False
2024-07-10,consortium0_sector0_ELMED_3342387_management1_97780228_183173852_9961572,1.6535409035409034,24.516302,26.226622,69.37083,0.0,323,maturity,0.0,False
2024-07-11,consortium0_sector0_ELMED_3342387_management1_97780228_183173852_9961572,1.6577765300393035,25.050644,26.731264,68.34603,130.1,324,maturity,0.0,False
2024-07-12,consortium0_sector0_ELMED_3342387_management1_97780228_183173852_9961572,1.7620718697361033,23.95926,23.866901,82.27269,670.0,325,maturity,0.0,False
2024-07-13,consortium0_sector0_ELMED_3342387_management1_97780228_183173852_9961572,1.701923076923077,22.929022,23.488617,72.429085,107.200005,326,maturity,0.0,False
2024-07-14,consortium0_sector0_ELMED_3342387_management1_97780228_183173852_9961572,1.683122847301952,23.488018,24.136091,70.093285,0.0,327,maturity,0.0,False
2024-07-15,consortium0_sector0_ELMED_3342387_management1_97780228_183173852_9961572,1.6684149184149182,23.982147,25.362198,68.20133,0.0,328,maturity,0.0,False
2024-07-16,consortium0_sector0_ELMED_3342387_management1_97780228_183173852_9961572,1.6624260355029583,24.777885,26.166237,68.68406,2.5,329,maturity,0.0,False
2024-07-17,consortium0_sector0_ELMED_3342387_management1_97780228_183173852_9961572,1.658759124087591,25.014406,25.595245,70.350815,55.699997,330,maturity,0.0,False
2024-07-18,consortium0_sector0_ELMED_3342387_management1_97780228_183173852_9961572,1.6525545350172215,24.959988,25.77113,69.34606,0.5,331,maturity,0.0,False
2024-07-19,consortium0_sector0_ELMED_3342387_management1_97780228_183173852_9961572,1.6322634200332042,25.211977,25.708597,73.25213,1.0,332,maturity,0.0,False
2024-07-20,consortium0_sector0_ELMED_3342387_management1_97780228_183173852_9961572,1.6155397022332507,24.518795,25.161407,66.12457,23.800001,333,maturity,0.0,False
2024-07-21,consortium0_sector0_ELMED_3342387_management1_97780228_183173852_9961572,1.6208993212669685,24.221004,24.903896,73.31729,28.900002,334,maturity,0.0,False
2024-07-22,consortium0_sector0_ELMED_3342387_management1_97780228_183173852_9961572,1.6183431952662721,25.219458,26.094553,64.59581,0.0,335,maturity,0.0,False
2024-07-23,consortium0_sector0_ELMED_3342387_management1_97780228_183173852_9961572,1.6268115942028984,24.300993,24.347076,75.49493,324.19998,336,maturity,0.0,False
2024-07-24,consortium0_sector0_ELMED_3342387_management1_97780228_183173852_9961572,1.662087912087912,24.211912,25.094173,64.50419,30.5,337,maturity,0.0,False
2024-07-25,consortium0_sector0_ELMED_3342387_management1_97780228_183173852_9961572,1.6603988603988602,24.11914,24.35459,64.997826,12.2,338,maturity,0.0,False
2024-07-26,consortium0_sector0_ELMED_3342387_management1_97780228_183173852_9961572,1.6585437463300057,24.989248,24.890606,73.7215,7.6000004,339,maturity,0.0,False
2024-07-27,consortium0_sector0_ELMED_3342387_management1_97780228_183173852_9961572,1.6982998885172798,25.980852,26.861944,67.76028,13.700001,340,maturity,0.0,False
2024-07-28,consortium0_sector0_ELMED_3342387_management1_97780228_183173852_9961572,1.7346153846153847,26.082747,26.381958,74.491806,253.40001,341,maturity,0.0,False
2024-07-29,consortium0_sector0_ELMED_3342387_management1_97780228_183173852_9961572,1.763099219620959,26.627886,26.449633,73.02014,8.6,342,maturity,0.0,False
2024-07-30,consortium0_sector0_ELMED_3342387_management1_97780228_183173852_9961572,1.777841561423651,26.799475,26.468067,72.55862,0.0,343,maturity,0.0,False
2024-07-31,consortium0_sector0_ELMED_3342387_management1_97780228_183173852_9961572,1.7714766984839976,27.069963,27.730505,69.707664,42.7,344,maturity,0.0,False
2024-08-01,consortium0_sector0_ELMED_3342387_management1_97780228_183173852_9961572,1.77600996126176,26.631168,26.631388,69.15944,45.7,345,maturity,0.0,False
2024-08-02,consortium0_sector0_ELMED_3342387_management1_97780228_183173852_9961572,1.7573399882560188,25.84613,25.360146,68.58861,18.300001,346,maturity,0.0,False
2024-08-03,consortium0_sector0_ELMED_3342387_management1_97780228_183173852_9961572,1.7365667420814481,25.341743,25.308537,58.355705,0.0,347,maturity,0.0,False
2024-08-04,consortium0_sector0_ELMED_3342387_management1_97780228_183173852_9961572,1.738655229662424,25.42877,25.01349,64.67854,99.0,348,maturity,0.0,False
2024-08-05,consortium0_sector0_ELMED_3342387_management1_97780228_183173852_9961572,1.7387935805201993,25.828768,25.788239,66.07576,13.2,349,maturity,0.0,False
2024-08-06,consortium0_sector0_ELMED_3342387_management1_97780228_183173852_9961572,1.7280626780626782,26.165922,26.043982,71.18727,0.0,350,maturity,0.0,False
2024-08-07,consortium0_sector0_ELMED_3342387_management1_97780228_183173852_9961572,1.7392697881828316,25.345245,24.689438,76.264046,125.90001,351,maturity,0.0,False
2024-08-08,consortium0_sector0_ELMED_3342387_management1_97780228_183173852_9961572,1.7482384028185556,24.795277,25.899004,58.445656,0.0,352,maturity,0.0,False
2024-08-09,consortium0_sector0_ELMED_3342387_management1_97780228_183173852_9961572,1.7501502403846154,26.279968,26.510147,65.322235,6.1,353,maturity,0.0,False
2024-08-10,consortium0_sector0_ELMED_3342387_management1_97780228_183173852_9961572,1.7603874227961818,27.366112,27.919205,65.378784,0.0,354,maturity,0.0,False
2024-08-11,consortium0_sector0_ELMED_3342387_management1_97780228_183173852_9961572,1.7881848367459876,28.216238,27.57293,72.70823,0.0,355,maturity,0.0,False
2024-08-12,consortium0_sector0_ELMED_3342387_management1_97780228_183173852_9961572,1.798489010989011,28.399477,27.8913,65.13759,0.0,356,maturity,0.0,False
2024-08-13,consortium0_sector0_ELMED_3342387_management1_97780228_183173852_9961572,1.8220101066816397,27.85301,27.530094,61.962494,15.200001,357,maturity,0.0,False
2024-08-14,consortium0_sector0_ELMED_3342387_management1_97780228_183173852_9961572,1.8064102564102564,27.581673,27.658913,51.822086,0.0,358,maturity,0.0,False
2024-08-15,consortium0_sector0_ELMED_3342387_management1_97780228_183173852_9961572,1.8116515837104072,26.53786,26.880947,56.409874,0.0,359,maturity,0.0,False
2024-08-16,consortium0_sector0_ELMED_3342387_management1_97780228_183173852_9961572,1.7895384615384615,27.266996,27.7306,59.949314,0.0,360,maturity,0.0,False
2024-08-17,consortium0_sector0_ELMED_3342387_management1_97780228_183173852_9961572,1.8142516398330353,26.843258,26.441774,61.212463,0.0,361,maturity,0.0,False
2024-08-18,consortium0_sector0_ELMED_3342387_management1_97780228_183173852_9961572,1.7846989966555182,23.073498,22.688808,78.7608,191.40001,362,maturity,0.0,False
2024-08-19,consortium0_sector0_ELMED_3342387_management1_97780228_183173852_9961572,1.8099547511312217,23.092405,23.253548,74.12653,94.0,363,maturity,0.0,False
2024-08-20,consortium0_sector0_ELMED_3342387_management1_97780228_183173852_9961572,1.7706167706167704,24.013458,24.55541,66.747154,6.6,364,maturity,0.0,False
2024-08-21,consortium0_sector0_ELMED_3342387_management1_97780228_183173852_9961572,1.7541727140783743,25.21406,25.402569,65.329575,112.299995,365,maturity,0.0,False
2024-08-22,consortium0_sector0_ELMED_3342387_management1_97780228_183173852_9961572,1.7770184361093453,24.962103,24.480917,71.293915,126.5,366,maturity,0.0,False
2024-08-23,consortium0_sector0_ELMED_3342387_management1_97780228_183173852_9961572,1.7859074519230769,25.599445,24.80219,73.547325,0.0,367,maturity,0.0,False
2024-08-24,consortium0_sector0_ELMED_3342387_management1_97780228_183173852_9961572,1.8029218843172332,26.591963,25.508062,70.691826,12.2,368,maturity,0.0,False
2024-08-25,consortium0_sector0_ELMED_3342387_management1_97780228_183173852_9961572,1.802998182919443,26.564342,26.342941,63.20527,20.800001,369,maturity,0.0,False
2024-08-26,consortium0_sector0_ELMED_3342387_management1_97780228_183173852_9961572,1.8144078144078146,24.604652,24.301592,68.71915,14.2,370,maturity,0.0,False
2024-08-27,consortium0_sector0_ELMED_3342387_management1_97780228_183173852_9961572,1.8323317307692308,23.778706,23.54048,68.63081,169.0,371,maturity,0.0,False
2024-08-28,consortium0_sector0_ELMED_3342387_management1_97780228_183173852_9961572,1.8330706179066838,24.142344,24.056578,69.03,6.1,372,maturity,0.0,False
2024-08-29,consortium0_sector0_ELMED_3342387_management1_97780228_183173852_9961572,1.8375,25.130789,25.513556,59.88407,0.0,373,maturity,0.0,False
2024-08-30,consortium0_sector0_ELMED_3342387_management1_97780228_183173852_9961572,1.8351197982345524,25.654274,26.146004,57.203175,0.0,374,maturity,0.0,False
2024-08-31,consortium0_sector0_ELMED_3342387_management1_97780228_183173852_9961572,1.8367729831144466,26.246635,26.284073,65.57063,0.0,375,maturity,0.0,False
2024-09-01,consortium0_sector0_ELMED_3342387_management1_97780228_183173852_9961572,1.8405325443786982,25.313965,24.823782,67.643616,52.700005,376,maturity,0.0,False
2024-09-02,consortium0_sector0_ELMED_3342387_management1_97780228_183173852_9961572,1.8368589743589745,25.178295,24.609608,62.087173,0.0,377,maturity,0.0,False
2024-09-03,consortium0_sector0_ELMED_3342387_management1_97780228_183173852_9961572,1.8540133779264216,23.780315,23.605001,69.923836,265.8,378,maturity,0.0,False
2024-09-04,consortium0_sector0_ELMED_3342387_management1_97780228_183173852_9961572,1.8345827900912648,23.453611,23.239376,70.04647,37.2,379,maturity,0.0,False
2024-09-05,consortium0_sector0_ELMED_3342387_management1_97780228_183173852_9961572,1.8222222222222222,20.399319,20.078768,88.39753,2416.9001,380,maturity,0.0,False
2024-09-06,consortium0_sector0_ELMED_3342387_management1_97780228_183173852_9961572,1.8428943937418516,21.279274,21.567783,74.77708,14.7,381,maturity,0.0,False
2024-09-07,consortium0_sector0_ELMED_3342387_management1_97780228_183173852_9961572,1.796584880636605,22.134893,20.83303,78.02276,0.0,382,maturity,0.0,False
2024-09-08,consortium0_sector0_ELMED_3342387_management1_97780228_183173852_9961572,1.7804843304843305,20.791838,20.82839,87.91815,2607.5999,383,maturity,0.0,False
2024-09-09,consortium0_sector0_ELMED_3342387_management1_97780228_183173852_9961572,1.8837209302325582,20.63745,20.865828,71.44342,1634.1,384,maturity,0.0,False
2024-09-10,consortium0_sector0_ELMED_3342387_management1_97780228_183173852_9961572,1.78315649867374,19.540985,20.719646,56.497482,0.0,385,maturity,0.0,False
2024-09-11,consortium0_sector0_ELMED_3342387_management1_97780228_183173852_9961572,1.7510121457489878,19.474287,19.291838,74.75768,189.40001,386,maturity,0.0,False
2024-09-12,consortium0_sector0_ELMED_3342387_management1_97780228_183173852_9961572,1.8073964497041421,15.208188,13.485492,79.54555,1238.9,387,maturity,0.0,False
2024-09-13,consortium0_sector0_ELMED_3342387_management1_97780228_183173852_9961572,1.751923076923077,13.702506,13.245846,54.691395,6.6,388,maturity,0.0,False
2024-09-14,consortium0_sector0_ELMED_3342387_management1_97780228_183173852_9961572,1.7066916823014384,14.737291,13.442247,53.97663,0.0,389,maturity,0.0,False
2024-09-15,consortium0_sector0_ELMED_3342387_management1_97780228_183173852_9961572,1.6891807379612258,15.449034,14.697551,47.427204,33.5,390,maturity,0.0,False
2024-09-16,consortium0_sector0_ELMED_3342387_management1_97780228_183173852_9961572,1.6794871794871795,15.3962555,14.526497,58.488792,12.7,391,maturity,0.0,False
2024-09-17,consortium0_sector0_ELMED_3342387_management1_97780228_183173852_9961572,1.678592725104353,15.810303,15.409261,67.340096,12.2,392,maturity,0.0,False
2024-09-18,consortium0_sector0_ELMED_3342387_management1_97780228_183173852_9961572,1.6729334098737083,15.143005,16.086407,61.839893,0.0,393,maturity,0.0,False
2024-09-19,consortium0_sector0_ELMED_3342387_management1_97780228_183173852_9961572,1.6602071005917156,16.086344,16.504274,70.18306,48.8,394,maturity,0.0,False
2024-09-20,consortium0_sector0_ELMED_3342387_management1_97780228_183173852_9961572,1.6583624708624707,16.952127,17.13663,75.857956,50.300003,395,maturity,0.0,False
2024-09-21,consortium0_sector0_ELMED_3342387_management1_97780228_183173852_9961572,1.6554733727810649,17.611376,17.708757,75.144135,0.0,396,maturity,0.0,False
2024-09-22,consortium0_sector0_ELMED_3342387_management1_97780228_183173852_9961572,1.6527149321266967,17.501684,16.885872,77.119774,0.0,397,maturity,0.0,False
2024-09-23,consortium0_sector0_ELMED_3342387_management1_97780228_183173852_9961572,1.6586176980913823,17.614122,17.076084,81.65946,1112.9,398,maturity,0.0,False
2024-09-24,consortium0_sector0_ELMED_3342387_management1_97780228_183173852_9961572,1.740883190883191,17.395435,17.587229,76.91812,99.9,399,maturity,0.0,False
2024-09-25,consortium0_sector0_ELMED_3342387_management1_97780228_183173852_9961572,1.6849112426035504,17.038712,16.045847,78.37753,0.0,400,maturity,0.0,False
2024-09-26,consortium0_sector0_ELMED_3342387_management1_97780228_183173852_9961572,1.7664165103189493,17.376276,17.9633,85.71429,955.8,401,maturity,0.0,False
2024-09-27,consortium0_sector0_ELMED_3342387_management1_97780228_183173852_9961572,1.7848945409429282,18.781546,19.322046,81.72925,148.7,402,maturity,0.0,False
2024-09-28,consortium0_sector0_ELMED_3342387_management1_97780228_183173852_9961572,1.7172202797202798,16.816206,15.851338,65.404106,199.59999,403,maturity,0.0,False
2024-09-29,consortium0_sector0_ELMED_3342387_management1_97780228_183173852_9961572,1.6849002849002848,14.826875,13.668478,67.06256,0.0,404,maturity,0.0,False
2024-09-30,consortium0_sector0_ELMED_3342387_management1_97780228_183173852_9961572,1.6546092796092793,15.67476,15.298907,76.79835,6.1,405,maturity,0.0,False
2024-10-01,consortium0_sector0_ELMED_3342387_management1_97780228_183173852_9961572,1.6270442156268927,15.556578,15.303359,82.25524,102.1,406,maturity,0.0,False
2024-10-02,consortium0_sector0_ELMED_3342387_management1_97780228_183173852_9961572,1.6657151442307692,16.12735,16.131136,84.28023,674.2,407,maturity,0.0,False
2024-10-03,consortium0_sector0_ELMED_3342387_management1_97780228_183173852_9961572,1.7440717177559282,13.45702,12.9255495,82.36735,872.8,408,maturity,0.0,False
2024-10-04,consortium0_sector0_ELMED_3342387_management1_97780228_183173852_9961572,1.7760266049739732,11.92454,11.498561,83.40938,761.7,409,maturity,0.0,False
2024-10-05,consortium0_sector0_ELMED_3342387_management1_97780228_183173852_9961572,1.6774338942307692,12.595373,12.39916,74.73144,0.0,410,maturity,0.0,False
2024-10-06,consortium0_sector0_ELMED_3342387_management1_97780228_183173852_9961572,1.6421597633136094,13.053265,12.488775,79.62731,0.0,411,maturity,0.0,False
2024-10-07,consortium0_sector0_ELMED_3342387_management1_97780228_183173852_9961572,1.6101792943898208,14.735998,14.99168,83.43621,96.0,412,maturity,0.0,False
2024-10-08,consortium0_sector0_ELMED_3342387_management1_97780228_183173852_9961572,1.8688289322617682,15.459578,16.355568,92.04376,3045.5999,413,maturity,0.0,False
2024-10-09,consortium0_sector0_ELMED_3342387_management1_97780228_183173852_9961572,1.7601453664445792,15.6935425,17.229969,81.44311,244.8,414,maturity,0.0,False
2024-10-10,consortium0_sector0_ELMED_3342387_management1_97780228_183173852_9961572,1.8477301387137453,15.14894,15.67435,87.275894,1797.7,415,maturity,0.0,False
2024-10-11,consortium0_sector0_ELMED_3342387_management1_97780228_183173852_9961572,1.698823903369358,12.606894,13.785651,66.78064,0.0,416,maturity,0.0,False
2024-10-12,consortium0_sector0_ELMED_3342387_management1_97780228_183173852_9961572,1.647856242118537,12.944331,13.946824,70.33216,18.300001,417,maturity,0.0,False
2024-10-13,consortium0_sector0_ELMED_3342387_management1_97780228_183173852_9961572,1.6312130177514792,14.114154,14.191743,84.17058,0.0,418,maturity,0.0,False
2024-10-14,consortium0_sector0_ELMED_3342387_management1_97780228_183173852_9961572,1.6101116625310175,13.22656,13.717879,84.369644,0.5,419,maturity,0.0,False
2024-10-15,consortium0_sector0_ELMED_3342387_management1_97780228_183173852_9961572,1.601648351648352,13.390322,14.589249,84.13942,17.2,420,maturity,0.0,False
2024-10-16,consortium0_sector0_ELMED_3342387_management1_97780228_183173852_9961572,1.5878496503496502,13.477097,15.770593,84.47151,316.30002,421,maturity,0.0,False
2024-10-17,consortium0_sector0_ELMED_3342387_management1_97780228_183173852_9961572,1.6158151549942594,15.78464,18.000298,82.01426,6.6,422,maturity,0.0,False
2024-10-18,consortium0_sector0_ELMED_3342387_management1_97780228_183173852_9961572,1.7890720390720392,15.568131,16.623655,92.45203,1313.5,423,maturity,0.0,False
2024-10-19,consortium0_sector0_ELMED_3342387_management1_97780228_183173852_9961572,1.7113682777399593,14.373055,15.7663,89.70237,986.3,424,maturity,0.0,False
2024-10-20,consortium0_sector0_ELMED_3342387_management1_97780228_183173852_9961572,1.7150616559013507,15.870341,17.591173,84.016396,45.7,425,maturity,0.0,False
2024-10-21,consortium0_sector0_ELMED_3342387_management1_97780228_183173852_9961572,1.6645796064400715,15.933725,16.506325,86.18235,0.0,426,maturity,0.0,False
2024-10-22,consortium0_sector0_ELMED_3342387_management1_97780228_183173852_9961572,1.6385216346153846,15.944521,15.954273,85.501656,0.0,427,maturity,0.0,False
2024-10-23,consortium0_sector0_ELMED_3342387_management1_97780228_183173852_9961572,1.6324085750315258,15.296256,15.604368,89.70929,689.10004,428,maturity,0.0,False
2024-10-24,consortium0_sector0_ELMED_3342387_management1_97780228_183173852_9961572,1.6998539435248297,15.7612505,16.647865,85.53306,272.7,429,maturity,0.0,False
2024-10-30,consortium0_sector0_ELMED_3342387_management1_97780228_183173852_9961572,1.6249277038750722,13.162292,14.391143,76.64891,0.0,435,maturity,0.0,False
2024-10-31,consortium0_sector0_ELMED_3342387_management1_97780228_183173852_9961572,1.6163817663817666,12.29007,14.652948,74.57619,0.0,436,maturity,0.0,False
2024-11-01,consortium0_sector0_ELMED_3342387_management1_97780228_183173852_9961572,1.6042183622828787,11.606042,14.3056,75.298645,0.0,437,maturity,0.0,False
2024-11-02,consortium0_sector0_ELMED_3342387_management1_97780228_183173852_9961572,1.5993834409864947,11.341427,14.460525,70.28055,0.0,438,maturity,0.0,False
2024-11-03,consortium0_sector0_ELMED_3342387_management1_97780228_183173852_9961572,1.5864672364672365,10.826276,13.679526,73.75923,0.0,439,maturity,0.0,False
2024-11-04,consortium0_sector0_ELMED_3342387_management1_97780228_183173852_9961572,1.5828071182548793,10.049634,13.142626,72.557014,0.0,440,maturity,0.0,False
2024-11-05,consortium0_sector0_ELMED_3342387_management1_97780228_183173852_9961572,1.57240675990676,9.096067,12.146951,68.69692,0.0,441,maturity,0.0,False
2024-11-06,consortium0_sector0_ELMED_3342387_management1_97780228_183173852_9961572,1.5629507211538463,8.735367,12.085145,62.886166,0.0,442,maturity,0.0,False
2024-11-07,consortium0_sector0_ELMED_3342387_management1_97780228_183173852_9961572,1.5604615384615383,8.552632,11.525139,68.61496,0.0,443,maturity,0.0,False
2024-11-08,consortium0_sector0_ELMED_3342387_management1_97780228_183173852_9961572,1.5550343964978113,8.243068,10.426244,75.42877,0.0,444,maturity,0.0,False
2024-11-09,consortium0_sector0_ELMED_3342387_management1_97780228_183173852_9961572,1.5529257067718605,8.475928,10.817879,70.547935,0.0,445,maturity,0.0,False
2024-11-10,consortium0_sector0_ELMED_3342387_management1_97780228_183173852_9961572,1.5434065934065933,7.1975503,10.88281,68.82051,0.0,446,maturity,0.0,False
2024-11-11,consortium0_sector0_ELMED_3342387_management1_97780228_183173852_9961572,1.5422745358090184,4.277759,8.981735,68.36866,0.0,447,maturity,0.0,False
2024-11-12,consortium0_sector0_ELMED_3342387_management1_97780228_183173852_9961572,1.5374753451676528,3.989754,7.4942994,64.57565,3.0,448,maturity,0.0,False
2024-11-13,consortium0_sector0_ELMED_3342387_management1_97780228_183173852_9961572,1.5239959155888358,2.6769698,6.6627336,62.67203,27.400002,449,maturity,0.0,False
2024-11-14,consortium0_sector0_ELMED_3342387_management1_97780228_183173852_9961572,1.5254237288135593,2.898624,6.0836616,65.53379,13.2,450,maturity,0.0,False
2024-11-15,consortium0_sector0_ELMED_3342387_management1_97780228_183173852_9961572,1.5235940530058176,2.333188,6.061629,57.094902,0.0,451,maturity,0.0,False
2024-11-16,consortium0_sector0_ELMED_3342387_management1_97780228_183173852_9961572,1.512876254180602,2.228327,6.8305683,55.28406,0.0,452,maturity,0.0,False
2024-11-17,consortium0_sector0_ELMED_3342387_management1_97780228_183173852_9961572,1.5072115384615385,2.2895646,6.5088825,57.865086,0.0,453,maturity,0.0,False
2024-11-18,consortium0_sector0_ELMED_3342387_management1_97780228_183173852_9961572,1.5006574621959237,4.196004,8.129684,63.296844,0.0,454,maturity,0.0,False
2024-11-19,consortium0_sector0_ELMED_3342387_management1_97780228_183173852_9961572,1.4893515575333756,3.9844193,7.3548107,71.861565,0.0,455,maturity,0.0,False
2024-11-20,consortium0_sector0_ELMED_3342387_management1_97780228_183173852_9961572,1.501303780964798,5.3152905,6.6660166,63.42486,271.6,456,maturity,0.0,False
2024-11-21,consortium0_sector0_ELMED_3342387_management1_97780228_183173852_9961572,1.490631163708087,4.1095457,2.5839458,65.05896,144.1,457,maturity,0.0,False
2024-11-22,consortium0_sector0_ELMED_3342387_management1_97780228_183173852_9961572,1.4739010989010988,3.6480556,1.1081567,58.90435,106.2,458,maturity,0.0,False
2024-11-23,consortium0_sector0_ELMED_3342387_management1_97780228_183173852_9961572,1.484,1.7833145,-1.0288382,62.4776,0.0,459,maturity,0.0,False
2024-11-24,consortium0_sector0_ELMED_3342387_management1_97780228_183173852_9961572,1.4765818858560795,2.8058524,2.7774432,63.111446,0.0,460,maturity,0.0,False
2024-11-25,consortium0_sector0_ELMED_3342387_management1_97780228_183173852_9961572,1.4786324786324787,3.435019,5.415259,77.596245,0.0,461,maturity,0.0,False
2024-11-26,consortium0_sector0_ELMED_3342387_management1_97780228_183173852_9961572,1.4665354330708664,3.9843879,6.940764,89.326935,19.300001,462,maturity,0.0,False
2024-11-27,consortium0_sector0_ELMED_3342387_management1_97780228_183173852_9961572,1.4867788461538463,4.663144,7.280726,89.945335,34.0,463,maturity,0.0,False
2024-11-28,consortium0_sector0_ELMED_3342387_management1_97780228_183173852_9961572,1.484237074401009,4.6351767,6.0109024,93.18319,3.0,464,maturity,0.0,False
2024-11-29,consortium0_sector0_ELMED_3342387_management1_97780228_183173852_9961572,1.490234375,4.4676895,5.23565,64.0989,0.0,465,maturity,0.0,False
2024-11-30,consortium0_sector0_ELMED_3342387_management1_97780228_183173852_9961572,1.4868261659600244,3.7190151,4.532904,59.18845,0.0,466,maturity,0.0,False
2024-12-01,consortium0_sector0_ELMED_3342387_management1_97780228_183173852_9961572,1.4745115995115996,2.9521594,4.620909,54.5375,0.0,467,maturity,0.0,False
2024-12-02,consortium0_sector0_ELMED_3342387_management1_97780228_183173852_9961572,1.4681013431013432,1.9885542,5.5226455,52.50293,0.0,468,maturity,0.0,False
2024-12-03,consortium0_sector0_ELMED_3342387_management1_97780228_183173852_9961572,1.4541284403669725,2.6219509,6.030063,64.34166,0.0,469,maturity,0.0,False
2023-07-31,consortium0_sector3_ELMED_3276850_management1_1_1_42664242,15.246684350132625,25.133535,24.483978,62.523438,14.7,0,establishment,0.0,False
2023-08-01,consortium0_sector3_ELMED_3276850_management1_1_1_42664242,14.770125223613597,24.396982,22.458946,81.48601,176.59999,1,establishment,0.0,False
2023-08-02,consortium0_sector3_ELMED_3276850_management1_1_1_42664242,14.2687617260788,24.25197,23.82012,70.16911,38.100002,2,establishment,0.0,False
2023-08-03,consortium0_sector3_ELMED_3276850_management1_1_1_42664242,13.821678321678322,26.036566,24.714565,70.874596,87.1,3,establishment,0.0,False
2023-08-04,consortium0_sector3_ELMED_3276850_management1_1_1_42664242,13.380016722408028,23.125172,21.252096,73.73862,249.80002,4,establishment,0.0,False
2023-08-05,consortium0_sector3_ELMED_3276850_management1_1_1_42664242,14.396853146853147,20.820782,20.516268,69.13036,575.3,5,establishment,0.0,False
2023-08-06,consortium0_sector3_ELMED_3276850_management1_1_1_42664242,14.104895104895105,21.770878,20.685493,55.34685,110.299995,6,establishment,0.0,False
2023-08-07,consortium0_sector3_ELMED_3276850_management1_1_1_42664242,13.507774140752865,20.75077,18.840006,48.997375,0.0,7,establishment,0.0,False
2023-08-08,consortium0_sector3_ELMED_3276850_management1_1_1_42664242,12.88548951048951,20.763048,19.717312,53.98198,0.0,8,establishment,0.0,False
2023-08-09,consortium0_sector3_ELMED_3276850_management1_1_1_42664242,12.332775919732441,22.17577,21.224823,65.20097,0.0,9,establishment,0.0,False
2023-08-10,consortium0_sector3_ELMED_3276850_management1_1_1_42664242,11.913919413919412,23.641964,23.364185,61.566513,0.0,10,establishment,0.0,False
2023-08-11,consortium0_sector3_ELMED_3276850_management1_1_1_42664242,12.051839464882942,25.456167,24.084545,69.63494,0.0,11,establishment,0.0,False
2023-08-12,consortium0_sector3_ELMED_3276850_management1_1_1_42664242,12.874786324786326,26.332115,24.942627,71.15183,0.0,12,establishment,0.0,False
2023-08-13,consortium0_sector3_ELMED_3276850_management1_1_1_42664242,13.910535117056856,27.205095,25.836693,69.62854,12.1,13,establishment,0.0,False
2023-08-14,consortium0_sector3_ELMED_3276850_management1_1_1_42664242,14.506410256410257,27.373308,26.416174,64.23724,0.5,14,establishment,0.0,False
2023-08-15,consortium0_sector3_ELMED_3276850_management1_1_1_42664242,14.435351882160393,27.433126,25.947046,69.06083,68.6,15,vegetative,0.0,False
2023-08-16,consortium0_sector3_ELMED_3276850_management1_1_1_42664242,15.58026755852843,26.234861,25.58199,70.88707,0.0,16,vegetative,0.0,False
2023-08-17,consortium0_sector3_ELMED_3276850_management1_1_1_42664242,15.282608695652174,25.730726,24.479715,74.734375,50.3,17,vegetative,0.0,False
2023-08-18,consortium0_sector3_ELMED_3276850_management1_1_1_42664242,15.717809364548494,25.67779,25.939564,62.493713,0.0,18,vegetative,0.0,False
2023-08-19,consortium0_sector3_ELMED_3276850_management1_1_1_42664242,14.85,27.105032,26.906546,62.480312,0.0,19,vegetative,0.0,False
2023-08-20,consortium0_sector3_ELMED_3276850_management1_1_1_42664242,14.398411371237458,28.146288,28.24228,64.174576,0.0,20,vegetative,0.0,False
2023-08-21,consortium0_sector3_ELMED_3276850_management1_1_1_42664242,13.941053511705686,28.657934,28.520752,62.889923,0.0,21,vegetative,0.0,False
2023-08-22,consortium0_sector3_ELMED_3276850_management1_1_1_42664242,8.54442376619796,29.282526,28.99553,58.725437,0.0,22,vegetative,0.0,False
2023-08-23,consortium0_sector3_ELMED_3276850_management1_1_1_42664242,8.141208791208792,29.403673,29.453138,57.515465,6.1,23,vegetative,0.0,False
2023-08-24,consortium0_sector3_ELMED_3276850_management1_1_1_42664242,8.199442869709705,28.965511,29.255442,58.179173,75.700005,24,vegetative,0.0,False
2023-08-25,consortium0_sector3_ELMED_3276850_management1_1_1_42664242,8.036258012820513,29.22536,28.476624,61.99032,0.0,25,vegetative,0.0,False
2023-08-26,consortium0_sector3_ELMED_3276850_management1_1_1_42664242,8.312123558767855,28.457682,26.874603,62.612106,90.90001,26,vegetative,0.0,False
2023-08-27,consortium0_sector3_ELMED_3276850_management1_1_1_42664242,9.290415722808921,23.912575,22.317469,87.765976,863.7,27,vegetative,0.0,False
2023-08-28,consortium0_sector3_ELMED_3276850_management1_1_1_42664242,10.159251844046363,21.552444,19.959293,85.598206,2504.5,28,vegetative,0.0,False
2023-08-29,consortium0_sector3_ELMED_3276850_management1_1_1_42664242,9.561222474572924,18.506105,18.339533,70.09204,173.09999,29,vegetative,0.0,False
2023-08-30,consortium0_sector3_ELMED_3276850_management1_1_1_42664242,9.417408906882592,19.017183,18.965195,63.561966,31.5,30,vegetative,0.0,False
2023-08-31,consortium0_sector3_ELMED_3276850_management1_1_1_42664242,10.87736568986569,20.076717,18.787323,71.3256,37.600002,31,vegetative,0.0,False
2023-09-01,consortium0_sector3_ELMED_3276850_management1_1_1_42664242,10.689309346567411,21.077791,19.913996,78.24689,0.0,32,vegetative,0.0,False
2023-09-02,consortium0_sector3_ELMED_3276850_management1_1_1_42664242,10.548913043478262,22.87195,21.80601,74.92957,0.0,33,vegetative,0.0,False
2023-09-03,consortium0_sector3_ELMED_3276850_management1_1_1_42664242,10.342471358428805,23.518827,24.035934,61.506832,0.0,34,vegetative,0.0,False
2023-09-04,consortium0_sector3_ELMED_3276850_management1_1_1_42664242,10.11371237458194,23.991995,24.60377,59.63582,0.0,35,vegetative,0.0,False
2023-09-05,consortium0_sector3_ELMED_3276850_management1_1_1_42664242,9.88586956521739,23.810083,21.98745,73.404594,0.0,36,vegetative,0.0,False
2023-09-06,consortium0_sector3_ELMED_3276850_management1_1_1_42664242,9.660801963993453,23.843763,22.592152,72.14051,0.0,37,vegetative,0.0,False
2023-09-07,consortium0_sector3_ELMED_3276850_management1_1_1_42664242,9.434942716857611,23.226938,22.205252,73.27995,0.0,38,vegetative,0.0,False
2023-09-08,consortium0_sector3_ELMED_3276850_management1_1_1_42664242,9.205267558528428,23.873024,22.946571,71.49528,0.0,39,vegetative,0.0,False
2023-09-09,consortium0_sector3_ELMED_3276850_management1_1_1_42664242,8.997073578595318,24.055126,22.951054,74.32956,0.0,40,vegetative,0.0,False
2023-09-10,consortium0_sector3_ELMED_3276850_management1_1_1_42664242,8.821194762684124,24.78104,23.64916,74.511604,0.0,41,vegetative,0.0,False
2023-09-11,consortium0_sector3_ELMED_3276850_management1_1_1_42664242,8.601588628762542,24.772076,24.506641,65.86429,0.0,42,vegetative,0.0,False
2023-09-12,consortium0_sector3_ELMED_3276850_management1_1_1_42664242,8.389316239316239,24.157934,24.381641,66.65323,0.0,43,vegetative,0.0,False
2023-09-13,consortium0_sector3_ELMED_3276850_management1_1_1_42664242,8.187062937062937,22.721666,21.366302,81.673225,484.6,44,vegetative,0.0,False
2023-09-14,consortium0_sector3_ELMED_3276850_management1_1_1_42664242,8.63586956521739,22.164818,21.798813,71.86208,0.0,45,flowering,0.0,False
2023-09-15,consortium0_sector3_ELMED_3276850_management1_1_1_42664242,8.751672240802677,21.248436,20.467154,77.878914,32.5,46,flowering,0.0,False
2023-09-16,consortium0_sector3_ELMED_3276850_management1_1_1_42664242,8.710284280936454,21.388618,20.042658,77.92769,0.5,47,flowering,0.0,False
2023-09-17,consortium0_sector3_ELMED_3276850_management1_1_1_42664242,8.61413043478261,22.212513,21.030537,79.106674,0.0,48,flowering,0.0,False
2023-09-18,consortium0_sector3_ELMED_3276850_management1_1_1_42664242,9.270032051282051,21.724508,20.685114,86.17004,547.60004,49,flowering,0.0,False
2023-09-19,consortium0_sector3_ELMED_3276850_management1_1_1_42664242,11.32008547008547,21.877853,21.427727,75.07078,142.8,50,flowering,0.0,False
2023-09-20,consortium0_sector3_ELMED_3276850_management1_1_1_42664242,10.765625,21.22394,20.129717,78.058014,49.8,51,flowering,0.0,False
2023-09-21,consortium0_sector3_ELMED_3276850_management1_1_1_42664242,10.61947626841244,21.097708,20.78644,73.674675,78.200005,52,flowering,0.0,False
2023-09-22,consortium0_sector3_ELMED_3276850_management1_1_1_42664242,12.173486088379706,19.353518,18.81204,89.14688,1211.6,53,flowering,0.0,False
2023-09-23,consortium0_sector3_ELMED_3276850_management1_1_1_42664242,11.390886287625419,18.608377,17.585808,66.392265,63.300003,54,flowering,0.0,False
2023-09-24,consortium0_sector3_ELMED_3276850_management1_1_1_42664242,10.903846153846153,17.389534,16.242847,59.529198,0.0,55,flowering,0.0,False
2023-09-25,consortium0_sector3_ELMED_3276850_management1_1_1_42664242,10.694711538461538,17.091995,17.558662,59.196888,0.0,56,flowering,0.0,False
2023-09-26,consortium0_sector3_ELMED_3276850_management1_1_1_42664242,10.578177257525084,18.0645,19.189533,69.92852,0.0,57,flowering,0.0,False
2023-09-27,consortium0_sector3_ELMED_3276850_management1_1_1_42664242,10.766304347826088,18.968447,18.926844,73.53084,0.0,58,flowering,0.0,False
2023-09-28,consortium0_sector3_ELMED_3276850_management1_1_1_42664242,10.877926421404682,18.693857,18.982841,72.15058,0.0,59,flowering,0.0,False
2023-09-29,consortium0_sector3_ELMED_3276850_management1_1_1_42664242,10.700250836120402,19.084892,19.393478,75.0403,0.0,60,flowering,0.0,False
2023-09-30,consortium0_sector3_ELMED_3276850_management1_1_1_42664242,10.512393162393163,19.885965,21.290575,68.83659,0.0,61,flowering,0.0,False
2023-10-01,consortium0_sector3_ELMED_3276850_management1_1_1_42664242,10.340301003344482,19.71687,20.188429,65.84731,0.0,62,flowering,0.0,False
2023-10-02,consortium0_sector3_ELMED_3276850_management1_1_1_42664242,10.151206636500754,19.185524,21.31204,60.440758,0.0,63,flowering,0.0,False
2023-10-03,consortium0_sector3_ELMED_3276850_management1_1_1_42664242,10.049749163879598,19.506042,20.787102,72.6725,0.0,64,flowering,0.0,False
2023-10-04,consortium0_sector3_ELMED_3276850_management1_1_1_42664242,9.88628762541806,19.945215,20.055347,72.583626,18.800001,65,flowering,0.0,False
2023-10-05,consortium0_sector3_ELMED_3276850_management1_1_1_42664242,9.77127659574468,20.394962,19.858315,76.930916,0.0,66,flowering,0.0,False
2023-10-06,consortium0_sector3_ELMED_3276850_management1_1_1_42664242,9.60720130932897,19.331703,19.803738,68.68812,0.0,67,flowering,0.0,False
2023-10-07,consortium0_sector3_ELMED_3276850_management1_1_1_42664242,9.451121794871794,18.762356,19.721983,57.005974,0.0,68,flowering,0.0,False
2023-10-08,consortium0_sector3_ELMED_3276850_management1_1_1_42664242,9.299331103678929,19.171446,20.439533,54.11914,0.0,69,flowering,0.0,False
2023-10-09,consortium0_sector3_ELMED_3276850_management1_1_1_42664242,9.142735042735042,19.455223,21.265701,50.903347,0.0,70,maturity,0.0,False
2023-10-10,consortium0_sector3_ELMED_3276850_management1_1_1_42664242,9.01595744680851,19.316078,21.40323,45.470448,0.0,71,maturity,0.0,False
2023-10-11,consortium0_sector3_ELMED_3276850_management1_1_1_42664242,8.89102564102564,18.340448,19.862291,56.437023,0.0,72,maturity,0.0,False
2023-10-12,consortium0_sector3_ELMED_3276850_management1_1_1_42664242,8.811374795417349,18.648972,18.772203,77.3763,0.0,73,maturity,0.0,False
2023-10-13,consortium0_sector3_ELMED_3276850_management1_1_1_42664242,8.729515050167224,18.793573,17.979685,80.80756,0.0,74,maturity,0.0,False
2023-10-14,consortium0_sector3_ELMED_3276850_management1_1_1_42664242,8.692307692307692,18.723467,17.866459,80.673744,164.0,75,maturity,0.0,False
2023-10-15,consortium0_sector3_ELMED_3276850_management1_1_1_42664242,8.736752136752136,16.94108,15.47738,65.650566,0.0,76,maturity,0.0,False
2023-10-16,consortium0_sector3_ELMED_3276850_management1_1_1_42664242,8.677777777777777,13.611061,11.993952,63.932167,0.0,77,maturity,0.0,False
2023-10-17,consortium0_sector3_ELMED_3276850_management1_1_1_42664242,8.688034188034187,12.80983,10.790291,78.55943,0.0,78,maturity,0.0,False
2023-10-18,consortium0_sector3_ELMED_3276850_management1_1_1_42664242,8.602991452991454,13.228201,12.612513,78.96795,14.2,79,maturity,0.0,False
2023-10-19,consortium0_sector3_ELMED_3276850_management1_1_1_42664242,10.025777414075286,14.746509,15.43887,86.78339,474.5,80,maturity,0.0,False
2023-10-20,consortium0_sector3_ELMED_3276850_management1_1_1_42664242,14.444762684124386,16.167469,16.969772,91.779144,2099.9001,81,maturity,0.0,False
2023-10-21,consortium0_sector3_ELMED_3276850_management1_1_1_42664242,13.362393162393161,15.359672,15.743068,83.37499,608.2,82,maturity,0.0,False
2023-10-22,consortium0_sector3_ELMED_3276850_management1_1_1_42664242,13.771685761047461,14.71226,15.323024,78.24249,36.600002,83,maturity,0.0,False
2023-10-23,consortium0_sector3_ELMED_3276850_management1_1_1_42664242,13.093968531468532,14.990985,15.133914,71.484985,0.0,84,maturity,0.0,False
2023-10-24,consortium0_sector3_ELMED_3276850_management1_1_1_42664242,14.705128205128206,14.7588825,15.101497,90.07799,1627.7001,85,maturity,0.0,False
2023-10-25,consortium0_sector3_ELMED_3276850_management1_1_1_42664242,13.87152209492635,14.751117,15.052695,85.2616,87.4,86,maturity,0.0,False
2023-10-26,consortium0_sector3_ELMED_3276850_management1_1_1_42664242,10.9936420722135,14.309356,14.68142,83.984985,354.9,87,maturity,0.0,False
2023-10-27,consortium0_sector3_ELMED_3276850_management1_1_1_42664242,12.155494505494506,15.261661,15.685682,79.78234,1008.5,88,maturity,0.0,False
2023-10-28,consortium0_sector3_ELMED_3276850_management1_1_1_42664242,11.177814938684502,12.680853,12.925076,76.97727,0.0,89,maturity,0.0,False
2023-10-29,consortium0_sector3_ELMED_3276850_management1_1_1_42664242,10.97463768115942,11.622835,12.222109,83.23185,108.200005,90,maturity,0.0,False
2023-10-30,consortium0_sector3_ELMED_3276850_management1_1_1_42664242,12.74645390070922,13.617279,14.849413,91.51501,3671.1,91,maturity,0.0,False
2023-10-31,consortium0_sector3_ELMED_3276850_management1_1_1_42664242,12.61726734803658,12.222582,12.897109,74.41685,1231.7,92,maturity,0.0,False
2023-11-01,consortium0_sector3_ELMED_3276850_management1_1_1_42664242,11.625686813186812,10.056736,10.372078,78.54761,56.899998,93,maturity,0.0,False
2023-11-02,consortium0_sector3_ELMED_3276850_management1_1_1_42664242,12.859850581073601,11.098277,11.181357,89.53332,2317.2,94,maturity,0.0,False
2023-11-03,consortium0_sector3_ELMED_3276850_management1_1_1_42664242,12.85733769776323,9.324728,8.41207,85.65028,739.2,95,maturity,0.0,False
2023-11-04,consortium0_sector3_ELMED_3276850_management1_1_1_42664242,12.052918712493181,7.72416,7.550865,82.87789,765.10004,96,maturity,0.0,False
2023-11-05,consortium0_sector3_ELMED_3276850_management1_1_1_42664242,12.35373781148429,8.196731,7.4586616,88.932106,901.2,97,maturity,0.0,False
2023-11-06,consortium0_sector3_ELMED_3276850_management1_1_1_42664242,11.544093406593406,7.508031,8.067658,79.46058,0.0,98,maturity,0.0,False
2023-11-07,consortium0_sector3_ELMED_3276850_management1_1_1_42664242,11.7578607523863,8.077096,7.749792,90.40818,44.100002,99,maturity,0.0,False
2023-11-08,consortium0_sector3_ELMED_3276850_management1_1_1_42664242,11.664697802197802,6.196541,6.1178474,76.57745,0.0,100,maturity,0.0,False
2023-11-09,consortium0_sector3_ELMED_3276850_management1_1_1_42664242,11.433807134894092,6.64774,7.6791477,71.64765,405.69998,101,maturity,0.0,False
2023-11-10,consortium0_sector3_ELMED_3276850_management1_1_1_42664242,12.024725274725276,7.7866287,7.7043686,89.20799,162.0,102,maturity,0.0,False
2023-11-11,consortium0_sector3_ELMED_3276850_management1_1_1_42664242,11.572711959573272,6.594489,6.4181314,73.81185,0.0,103,maturity,0.0,False
2023-11-12,consortium0_sector3_ELMED_3276850_management1_1_1_42664242,11.269230769230768,5.66649,5.181831,69.38497,0.5,104,maturity,0.0,False
2023-11-13,consortium0_sector3_ELMED_3276850_management1_1_1_42664242,11.142816742081449,6.701149,8.335082,71.67879,0.0,105,maturity,0.0,False
2023-11-14,consortium0_sector3_ELMED_3276850_management1_1_1_42664242,11.072357498616492,7.52113,9.993573,78.50023,105.09999,106,maturity,0.0,False
2023-11-15,consortium0_sector3_ELMED_3276850_management1_1_1_42664242,11.112597547380155,7.7103662,9.364407,71.78832,6.1,107,maturity,0.0,False
2023-11-16,consortium0_sector3_ELMED_3276850_management1_1_1_42664242,10.957056101792944,6.172456,6.5919003,71.71719,0.0,108,maturity,0.0,False
2023-11-17,consortium0_sector3_ELMED_3276850_management1_1_1_42664242,10.853172375070185,6.2293057,6.5771904,68.40206,0.0,109,maturity,0.0,False
2023-11-18,consortium0_sector3_ELMED_3276850_management1_1_1_42664242,10.678846153846154,6.0772223,6.168384,63.805042,0.0,110,maturity,0.0,False
2023-11-19,consortium0_sector3_ELMED_3276850_management1_1_1_42664242,10.577335164835166,6.4199305,8.570815,64.59151,0.0,111,maturity,0.0,False
2023-11-20,consortium0_sector3_ELMED_3276850_management1_1_1_42664242,10.497371333702269,5.4751387,9.819805,66.88346,0.0,112,maturity,0.0,False
2023-11-21,consortium0_sector3_ELMED_3276850_management1_1_1_42664242,10.417806267806267,5.8919315,8.049791,65.86609,0.0,113,maturity,0.0,False
2023-11-22,consortium0_sector3_ELMED_3276850_management1_1_1_42664242,10.3475373547316,6.2436366,6.6855874,68.20428,0.0,114,maturity,0.0,False
2023-11-23,consortium0_sector3_ELMED_3276850_management1_1_1_42664242,10.226867335562986,5.268731,7.236345,61.72216,0.0,115,maturity,0.0,False
2023-11-24,consortium0_sector3_ELMED_3276850_management1_1_1_42664242,10.15695701357466,6.2467613,8.857589,58.839844,0.0,116,maturity,0.0,False
2023-11-25,consortium0_sector3_ELMED_3276850_management1_1_1_42664242,10.084394023242945,4.4948673,3.1891856,53.46176,1.0,117,maturity,0.0,False
2023-11-26,consortium0_sector3_ELMED_3276850_management1_1_1_42664242,9.880797511312217,4.2470455,3.577096,56.02265,0.0,118,maturity,0.0,False
2023-11-27,consortium0_sector3_ELMED_3276850_management1_1_1_42664242,9.531177156177156,3.3008966,3.9546847,57.317383,0.0,119,maturity,0.0,False
2023-11-28,consortium0_sector3_ELMED_3276850_management1_1_1_42664242,9.473017292784734,3.7787373,4.5724564,64.65279,0.0,120,maturity,0.0,False
2023-11-29,consortium0_sector3_ELMED_3276850_management1_1_1_42664242,9.418023582257158,4.4454355,3.6332512,61.843258,0.0,121,maturity,0.0,False
2023-11-30,consortium0_sector3_ELMED_3276850_management1_1_1_42664242,9.38559797866367,3.6810102,4.3501387,79.43873,308.80002,122,maturity,0.0,False
2023-12-01,consortium0_sector3_ELMED_3276850_management1_1_1_42664242,11.15398450470393,2.8161428,6.730032,87.48093,2312.9001,123,maturity,0.0,False
2023-12-02,consortium0_sector3_ELMED_3276850_management1_1_1_42664242,12.599197565024904,5.607399,6.170688,69.722206,1359.1,124,maturity,0.0,False
2023-12-03,consortium0_sector3_ELMED_3276850_management1_1_1_42664242,11.307832678270634,3.3169003,1.9953094,50.738373,0.0,125,maturity,0.0,False
2023-12-04,consortium0_sector3_ELMED_3276850_management1_1_1_42664242,10.96474358974359,2.2158587,1.720846,66.90371,106.1,126,maturity,0.0,False
2023-12-05,consortium0_sector3_ELMED_3276850_management1_1_1_42664242,10.950870297585626,1.7528852,2.7472034,73.51763,15.200001,127,maturity,0.0,False
2023-12-06,consortium0_sector3_ELMED_3276850_management1_1_1_42664242,10.92015050167224,3.793321,2.8934472,71.41454,0.0,128,maturity,0.0,False
2023-12-07,consortium0_sector3_ELMED_3276850_management1_1_1_42664242,10.844444444444445,3.9986553,2.4680367,65.91764,0.0,129,maturity,0.0,False
2023-12-08,consortium0_sector3_ELMED_3276850_management1_1_1_42664242,10.774211400110682,3.443005,2.701149,72.134384,92.40001,130,maturity,0.0,False
2023-12-09,consortium0_sector3_ELMED_3276850_management1_1_1_42664242,10.799837486457205,2.8376706,5.242721,70.82651,39.100002,131,maturity,0.0,False
2023-12-10,consortium0_sector3_ELMED_3276850_management1_1_1_42664242,10.813631221719458,3.5931947,4.7926893,76.16806,0.0,132,maturity,0.0,False
2023-12-11,consortium0_sector3_ELMED_3276850_management1_1_1_42664242,10.743006993006993,4.157557,5.2566733,72.86343,8.1,133,maturity,0.0,False
2023-12-12,consortium0_sector3_ELMED_3276850_management1_1_1_42664242,10.722468179302712,4.810051,7.0803156,78.30678,6.6,134,maturity,0.0,False
2023-12-13,consortium0_sector3_ELMED_3276850_management1_1_1_42664242,11.195604395604395,5.18524,6.1175632,92.08016,618.0,135,maturity,0.0,False
2023-12-14,consortium0_sector3_ELMED_3276850_management1_1_1_42664242,11.705223880597014,3.976149,4.814912,81.12953,0.0,136,maturity,0.0,False
2023-12-15,consortium0_sector3_ELMED_3276850_management1_1_1_42664242,11.405797101449275,4.5717297,5.3201203,63.98487,0.0,137,maturity,0.0,False
2023-12-16,consortium0_sector3_ELMED_3276850_management1_1_1_42664242,11.127207977207977,4.4530745,5.2423425,56.079224,0.0,138,maturity,0.0,False
2023-12-17,consortium0_sector3_ELMED_3276850_management1_1_1_42664242,10.981611454239191,2.679779,6.5584407,51.243706,0.0,139,maturity,0.0,False
2023-12-18,consortium0_sector3_ELMED_3276850_management1_1_1_42664242,10.887302036199095,3.0942676,7.229716,54.672024,0.0,140,maturity,0.0,False
2023-12-19,consortium0_sector3_ELMED_3276850_management1_1_1_42664242,10.817307692307692,4.3245077,6.9078727,60.263474,0.0,141,maturity,0.0,False
2023-12-20,consortium0_sector3_ELMED_3276850_management1_1_1_42664242,10.732258938244854,4.359072,6.3794947,61.24962,0.0,142,maturity,0.0,False
2023-12-21,consortium0_sector3_ELMED_3276850_management1_1_1_42664242,10.687151616499444,4.6022224,5.340701,68.69109,36.0,143,maturity,0.0,False
2023-12-22,consortium0_sector3_ELMED_3276850_management1_1_1_42664242,10.644927536231883,5.6297793,5.092879,89.33495,197.90001,144,maturity,0.0,False
2023-12-23,consortium0_sector3_ELMED_3276850_management1_1_1_42664242,10.58710407239819,5.7794003,5.062576,85.20018,0.0,145,maturity,0.0,False
2023-12-24,consortium0_sector3_ELMED_3276850_management1_1_1_42664242,10.497878959276019,5.7451515,8.626718,55.773663,0.0,146,maturity,0.0,False
2023-12-25,consortium0_sector3_ELMED_3276850_management1_1_1_42664242,10.442446043165468,5.6478977,9.889691,65.40803,0.0,147,maturity,0.0,False
2023-12-26,consortium0_sector3_ELMED_3276850_management1_1_1_42664242,10.38823857302118,4.9267807,7.743573,73.50054,0.0,148,maturity,0.0,False
2023-12-27,consortium0_sector3_ELMED_3276850_management1_1_1_42664242,10.336311326468808,3.4840722,6.910461,51.993927,0.0,149,maturity,0.0,False
2023-12-28,consortium0_sector3_ELMED_3276850_management1_1_1_42664242,10.312623274161735,4.4202466,6.4570208,57.461292,0.0,150,maturity,0.0,False
2023-12-29,consortium0_sector3_ELMED_3276850_management1_1_1_42664242,10.258164005805515,5.1688576,5.7666163,83.87174,0.0,151,maturity,0.0,False
2023-12-30,consortium0_sector3_ELMED_3276850_management1_1_1_42664242,10.231334841628959,5.074981,5.9830303,79.21589,0.0,152,maturity,0.0,False
2023-12-31,consortium0_sector3_ELMED_3276850_management1_1_1_42664242,10.951709401709403,5.015701,5.522267,88.82301,944.39996,153,maturity,0.0,False
2024-01-01,consortium0_sector3_ELMED_3276850_management1_1_1_42664242,11.914018952062431,4.056073,3.9580934,89.88806,271.19998,154,maturity,0.0,False
2024-01-02,consortium0_sector3_ELMED_3276850_management1_1_1_42664242,11.406304222093695,2.831389,3.230821,73.01472,0.0,155,maturity,0.0,False
2024-01-03,consortium0_sector3_ELMED_3276850_management1_1_1_42664242,11.289584503088152,3.8746023,4.4248867,84.00706,0.0,156,maturity,0.0,False
2024-01-04,consortium0_sector3_ELMED_3276850_management1_1_1_42664242,11.145423919146547,3.927159,4.6127653,75.84063,6.6,157,maturity,0.0,False
2024-01-05,consortium0_sector3_ELMED_3276850_management1_1_1_42664242,11.662268388545762,4.121793,4.4092298,80.87472,678.3,158,maturity,0.0,False
2024-01-06,consortium0_sector3_ELMED_3276850_management1_1_1_42664242,12.683176535694521,4.5052214,5.1863766,92.02766,688.0,159,maturity,0.0,False
2024-01-07,consortium0_sector3_ELMED_3276850_management1_1_1_42664242,11.954570791527313,4.347614,5.7102084,72.21565,117.3,160,maturity,0.0,False
2024-01-08,consortium0_sector3_ELMED_3276850_management1_1_1_42664242,11.347115384615384,4.0182576,4.770341,63.077015,0.0,161,maturity,0.0,False
2024-01-09,consortium0_sector3_ELMED_3276850_management1_1_1_42664242,11.127421140011068,3.775139,4.7051263,72.747116,0.0,162,maturity,0.0,False
2024-01-10,consortium0_sector3_ELMED_3276850_management1_1_1_42664242,11.007692307692308,4.0886173,3.8901958,80.73706,0.0,163,maturity,0.0,False
2024-01-11,consortium0_sector3_ELMED_3276850_management1_1_1_42664242,10.888346727898968,2.9964142,3.2419004,65.28509,0.0,164,maturity,0.0,False
2024-01-12,consortium0_sector3_ELMED_3276850_management1_1_1_42664242,10.790485829959515,4.1021276,3.603264,58.663425,0.0,165,maturity,0.0,False
2024-01-13,consortium0_sector3_ELMED_3276850_management1_1_1_42664242,10.69890510948905,3.9807262,2.8934155,54.269062,0.0,166,maturity,0.0,False
2024-01-14,consortium0_sector3_ELMED_3276850_management1_1_1_42664242,10.623727375565611,3.4101768,3.1668055,50.982616,0.0,167,maturity,0.0,False
2024-01-15,consortium0_sector3_ELMED_3276850_management1_1_1_42664242,10.555201992252352,3.0562942,3.1077461,58.460922,0.0,168,maturity,0.0,False
2024-01-16,consortium0_sector3_ELMED_3276850_management1_1_1_42664242,10.494172494172494,4.002222,3.062008,55.362106,0.0,169,maturity,0.0,False
2024-01-17,consortium0_sector3_ELMED_3276850_management1_1_1_42664242,10.44203099059214,3.4190469,3.6172159,78.97888,491.0,170,maturity,0.0,False
2024-01-18,consortium0_sector3_ELMED_3276850_management1_1_1_42664242,11.528914348063285,3.1619446,5.7107134,87.147415,494.5,171,maturity,0.0,False
2024-01-19,consortium0_sector3_ELMED_3276850_management1_1_1_42664242,11.909882088714205,3.3871653,2.1636174,62.046413,208.2,172,maturity,0.0,False
2024-01-20,consortium0_sector3_ELMED_3276850_management1_1_1_42664242,11.15925925925926,2.1579356,-0.6682006,41.12848,0.0,173,maturity,0.0,False
2024-01-21,consortium0_sector3_ELMED_3276850_management1_1_1_42664242,10.969977863862756,2.1695204,1.2889332,35.24871,0.0,174,maturity,0.0,False
2024-01-22,consortium0_sector3_ELMED_3276850_management1_1_1_42664242,10.364692861095739,1.8139017,4.0906377,32.819775,0.0,175,maturity,0.0,False
2024-01-23,consortium0_sector3_ELMED_3276850_management1_1_1_42664242,10.450763775231861,2.4917107,5.221225,52.468285,0.0,176,maturity,0.0,False
2024-01-24,consortium0_sector3_ELMED_3276850_management1_1_1_42664242,10.722346996069625,5.021635,8.159041,60.922962,0.0,177,maturity,0.0,False
2024-01-25,consortium0_sector3_ELMED_3276850_management1_1_1_42664242,10.837731611454238,5.086976,8.444426,79.3501,1.0,178,maturity,0.0,False
2024-01-26,consortium0_sector3_ELMED_3276850_management1_1_1_42664242,10.84158826784726,5.4234347,8.89149,70.75514,0.0,179,maturity,0.0,False
2024-01-27,consortium0_sector3_ELMED_3276850_management1_1_1_42664242,10.816395283548568,5.4979296,6.7936997,71.13025,0.0,180,maturity,0.0,False
2024-01-28,consortium0_sector3_ELMED_3276850_management1_1_1_42664242,10.702133632790567,4.888933,5.655095,58.040222,0.0,181,maturity,0.0,False
2024-01-29,consortium0_sector3_ELMED_3276850_management1_1_1_42664242,10.630434782608695,3.9105873,5.965669,55.528717,0.0,182,maturity,0.0,False
2024-01-30,consortium0_sector3_ELMED_3276850_management1_1_1_42664242,10.574079089924162,3.8649433,7.1085353,53.885735,0.0,183,maturity,0.0,False
2024-01-31,consortium0_sector3_ELMED_3276850_management1_1_1_42664242,10.520054945054946,3.5609343,7.9126706,53.394226,0.0,184,maturity,0.0,False
2024-02-01,consortium0_sector3_ELMED_3276850_management1_1_1_42664242,10.451783723522853,3.4189205,4.710177,70.14836,0.0,185,maturity,0.0,False
2024-02-02,consortium0_sector3_ELMED_3276850_management1_1_1_42664242,10.467445054945054,3.3649116,6.8074937,63.888027,0.0,186,maturity,0.0,False
2024-02-03,consortium0_sector3_ELMED_3276850_management1_1_1_42664242,10.472390109890108,4.2057576,8.846193,65.70354,0.0,187,maturity,0.0,False
2024-02-04,consortium0_sector3_ELMED_3276850_management1_1_1_42664242,10.468681318681318,4.934356,9.043858,60.710472,0.0,188,maturity,0.0,False
2024-02-05,consortium0_sector3_ELMED_3276850_management1_1_1_42664242,10.440125477359521,6.2930994,10.305789,58.772938,0.0,189,maturity,0.0,False
2024-02-06,consortium0_sector3_ELMED_3276850_management1_1_1_42664242,10.391571194762683,5.5892487,8.17173,64.57232,0.0,190,maturity,0.0,False
2024-02-07,consortium0_sector3_ELMED_3276850_management1_1_1_42664242,10.361702127659575,6.3375444,7.268984,80.984024,0.0,191,maturity,0.0,False
2024-02-08,consortium0_sector3_ELMED_3276850_management1_1_1_42664242,10.390980498374864,7.71327,8.490227,84.31999,0.0,192,maturity,0.0,False
2024-02-09,consortium0_sector3_ELMED_3276850_management1_1_1_42664242,11.201036552100382,8.624191,9.85137,88.04769,1104.6,193,maturity,0.0,False
2024-02-10,consortium0_sector3_ELMED_3276850_management1_1_1_42664242,12.548347778981581,8.21286,8.648719,93.10485,577.3,194,maturity,0.0,False
2024-02-11,consortium0_sector3_ELMED_3276850_management1_1_1_42664242,12.54759269507471,7.7448044,8.414502,90.15858,461.9,195,maturity,0.0,False
2024-02-12,consortium0_sector3_ELMED_3276850_management1_1_1_42664242,11.937430323299887,6.5482764,8.889154,65.750946,0.0,196,maturity,0.0,False
2024-02-13,consortium0_sector3_ELMED_3276850_management1_1_1_42664242,11.584507042253522,6.5532637,7.389375,59.549137,0.0,197,maturity,0.0,False
2024-02-14,consortium0_sector3_ELMED_3276850_management1_1_1_42664242,11.333054626532888,6.2485604,7.4202466,55.64547,0.0,198,maturity,0.0,False
2024-02-15,consortium0_sector3_ELMED_3276850_management1_1_1_42664242,11.193406593406593,6.986692,10.166932,54.995384,0.0,199,maturity,0.0,False
2024-02-16,consortium0_sector3_ELMED_3276850_management1_1_1_42664242,11.093784838350055,7.257052,11.271068,58.22963,0.0,200,maturity,0.0,False
2024-02-17,consortium0_sector3_ELMED_3276850_management1_1_1_42664242,11.045774647887324,8.4236555,12.641617,63.780952,0.0,201,maturity,0.0,False
2024-02-18,consortium0_sector3_ELMED_3276850_management1_1_1_42664242,10.99792473713337,9.686471,12.296446,70.105156,0.0,202,maturity,0.0,False
2024-02-19,consortium0_sector3_ELMED_3276850_management1_1_1_42664242,10.90709642470206,9.570278,10.747803,68.20793,18.300001,203,maturity,0.0,False
2024-02-20,consortium0_sector3_ELMED_3276850_management1_1_1_42664242,10.793878656554714,8.459482,9.172456,58.518627,0.0,204,maturity,0.0,False
2024-02-21,consortium0_sector3_ELMED_3276850_management1_1_1_42664242,10.654255319148936,7.1921844,8.056357,54.723198,0.0,205,maturity,0.0,False
2024-02-22,consortium0_sector3_ELMED_3276850_management1_1_1_42664242,10.573953619909503,7.9911737,8.745877,82.16882,539.3,206,maturity,0.0,False
2024-02-23,consortium0_sector3_ELMED_3276850_management1_1_1_42664242,12.931669394435351,6.419236,5.5316415,96.35352,1856.7001,207,maturity,0.0,False
2024-02-24,consortium0_sector3_ELMED_3276850_management1_1_1_42664242,12.696209587513936,4.4949307,4.549129,84.50083,375.9,208,maturity,0.0,False
2024-02-25,consortium0_sector3_ELMED_3276850_management1_1_1_42664242,12.44130309988519,5.706799,6.257841,78.040535,382.0,209,maturity,0.0,False
2024-02-26,consortium0_sector3_ELMED_3276850_management1_1_1_42664242,12.332663605051664,5.6719193,5.9588194,88.62233,621.0,210,maturity,0.0,False
2024-02-27,consortium0_sector3_ELMED_3276850_management1_1_1_42664242,13.574502420656268,5.6466665,6.10238,94.39685,1881.8,211,maturity,0.0,False
2024-02-28,consortium0_sector3_ELMED_3276850_management1_1_1_42664242,12.889010989010988,7.5932574,9.4733715,82.39117,560.60004,212,maturity,0.0,False
2024-02-29,consortium0_sector3_ELMED_3276850_management1_1_1_42664242,12.247786386275594,8.670151,9.803169,79.05319,13.2,213,maturity,0.0,False
2024-03-01,consortium0_sector3_ELMED_3276850_management1_1_1_42664242,12.672938572219149,8.797266,9.815165,87.742546,629.39996,214,maturity,0.0,False
2024-03-02,consortium0_sector3_ELMED_3276850_management1_1_1_42664242,12.389560439560439,9.025076,9.993983,82.46949,176.5,215,maturity,0.0,False
2024-03-03,consortium0_sector3_ELMED_3276850_management1_1_1_42664242,12.236103312745648,9.275044,9.908441,75.51209,22.300001,216,maturity,0.0,False
2024-03-04,consortium0_sector3_ELMED_3276850_management1_1_1_42664242,11.951923076923077,9.227254,10.559987,69.94262,0.0,217,maturity,0.0,False
2024-03-05,consortium0_sector3_ELMED_3276850_management1_1_1_42664242,12.217361863488625,9.197298,10.251623,75.51166,497.9,218,maturity,0.0,False
2024-03-06,consortium0_sector3_ELMED_3276850_management1_1_1_42664242,12.605300281598613,8.706894,8.785176,78.412476,843.89996,219,maturity,0.0,False
2024-03-07,consortium0_sector3_ELMED_3276850_management1_1_1_42664242,12.07923994125662,7.7513385,8.173308,68.9957,43.200005,220,maturity,0.0,False
2024-03-08,consortium0_sector3_ELMED_3276850_management1_1_1_42664242,12.029684067226333,8.17072,7.6448045,83.54096,240.8,221,maturity,0.0,False
2024-03-09,consortium0_sector3_ELMED_3276850_management1_1_1_42664242,11.95054570445236,8.847393,8.955001,80.55323,67.5,222,maturity,0.0,False
2024-03-10,consortium0_sector3_ELMED_3276850_management1_1_1_42664242,12.851434167298457,6.8878284,6.087166,95.05769,2153.2,223,maturity,0.0,False
2024-03-11,consortium0_sector3_ELMED_3276850_management1_1_1_42664242,12.61419300028498,5.551875,7.356073,75.43521,0.0,224,maturity,0.0,False
2024-03-12,consortium0_sector3_ELMED_3276850_management1_1_1_42664242,12.097833399182052,6.4574623,8.575045,60.00459,0.0,225,maturity,0.0,False
2024-03-13,consortium0_sector3_ELMED_3276850_management1_1_1_42664242,11.810043633394656,7.907967,9.782683,62.242046,26.4,226,maturity,0.0,False
2024-03-14,consortium0_sector3_ELMED_3276850_management1_1_1_42664242,11.625457826565153,8.443447,10.451244,67.35986,0.0,227,maturity,0.0,False
2024-03-15,consortium0_sector3_ELMED_3276850_management1_1_1_42664242,11.507446306536526,9.649065,12.2329035,72.11478,0.0,228,maturity,0.0,False
2024-03-16,consortium0_sector3_ELMED_3276850_management1_1_1_42664242,11.43984900618714,11.600013,12.405348,75.37223,25.4,229,maturity,0.0,False
2024-03-17,consortium0_sector3_ELMED_3276850_management1_1_1_42664242,11.287423721085586,10.491111,11.590007,67.42552,0.0,230,maturity,0.0,False
2024-03-18,consortium0_sector3_ELMED_3276850_management1_1_1_42664242,11.13672150442431,8.886313,10.166648,75.62568,194.5,231,maturity,0.0,False
2024-03-19,consortium0_sector3_ELMED_3276850_management1_1_1_42664242,11.142537560465142,9.6431,11.531011,68.26965,0.0,232,maturity,0.0,False
2024-03-20,consortium0_sector3_ELMED_3276850_management1_1_1_42664242,11.123450330489382,10.831831,11.313807,76.37536,0.0,233,maturity,0.0,False
2024-03-21,consortium0_sector3_ELMED_3276850_management1_1_1_42664242,10.987036700872407,11.151749,12.882714,67.55197,12.2,234,maturity,0.0,False
2024-03-22,consortium0_sector3_ELMED_3276850_management1_1_1_42664242,10.927577844810434,11.404716,12.627349,62.903484,0.0,235,maturity,0.0,False
2024-03-23,consortium0_sector3_ELMED_3276850_management1_1_1_42664242,11.080148834008142,10.387039,11.905663,68.07996,173.40001,236,maturity,0.0,False
2024-03-24,consortium0_sector3_ELMED_3276850_management1_1_1_42664242,11.309028348452156,8.490354,8.7750435,47.229088,153.0,237,maturity,0.0,False
2024-03-25,consortium0_sector3_ELMED_3276850_management1_1_1_42664242,11.154283548142532,8.112071,7.769299,50.13747,0.0,238,maturity,0.0,False
2024-03-26,consortium0_sector3_ELMED_3276850_management1_1_1_42664242,11.035520139370574,8.508315,8.269931,72.311066,83.3,239,maturity,0.0,False
2024-03-27,consortium0_sector3_ELMED_3276850_management1_1_1_42664242,12.599076435316011,7.877128,7.6684155,92.03532,1627.2001,240,maturity,0.0,False
2024-03-28,consortium0_sector3_ELMED_3276850_management1_1_1_42664242,13.113406166651213,7.4264646,8.200928,85.50384,282.80002,241,maturity,0.0,False
2024-03-29,consortium0_sector3_ELMED_3276850_management1_1_1_42664242,13.046368250358016,8.124223,8.511061,92.40909,272.19998,242,maturity,0.0,False
2024-03-30,consortium0_sector3_ELMED_3276850_management1_1_1_42664242,12.73547405441833,11.912954,13.170372,78.39477,470.69998,243,maturity,0.0,False
2024-03-31,consortium0_sector3_ELMED_3276850_management1_1_1_42664242,13.820088842379523,11.233283,11.564849,87.945,1966.2999,244,maturity,0.0,False
2024-04-01,consortium0_sector3_ELMED_3276850_management1_1_1_42664242,14.456107379683711,11.389596,12.297109,78.77527,1919.2001,245,maturity,0.0,False
2024-04-02,consortium0_sector3_ELMED_3276850_management1_1_1_42664242,12.19308458789126,9.914784,10.505032,72.131996,6.1,246,maturity,0.0,False
2024-04-03,consortium0_sector3_ELMED_3276850_management1_1_1_42664242,10.759229232497525,9.58565,10.197488,71.35864,39.600002,247,maturity,0.0,False
2024-04-04,consortium0_sector3_ELMED_3276850_management1_1_1_42664242,10.701429253362535,11.410113,12.730947,72.53483,0.0,248,maturity,0.0,False
2024-04-05,consortium0_sector3_ELMED_3276850_management1_1_1_42664242,10.693805466310554,13.35762,13.654621,79.111946,0.0,249,maturity,0.0,False
2024-04-06,consortium0_sector3_ELMED_3276850_management1_1_1_42664242,10.692,14.691932,16.174475,74.536766,0.0,250,maturity,0.0,False
2024-04-07,consortium0_sector3_ELMED_3276850_management1_1_1_42664242,10.56446153846154,15.74651,18.728485,64.1232,0.0,251,maturity,0.0,False
2024-04-08,consortium0_sector3_ELMED_3276850_management1_1_1_42664242,10.44076923076923,16.442122,18.171888,63.492004,0.0,252,maturity,0.0,False
2024-04-09,consortium0_sector3_ELMED_3276850_management1_1_1_42664242,10.40493726132024,16.905159,17.830095,70.37268,575.2,253,maturity,0.0,False
2024-04-10,consortium0_sector3_ELMED_3276850_management1_1_1_42664242,11.963659502262445,11.604558,10.116995,79.945786,1180.7001,254,maturity,0.0,False
2024-04-11,consortium0_sector3_ELMED_3276850_management1_1_1_42664242,11.443721719457013,13.657683,15.572645,64.689445,0.0,255,maturity,0.0,False
2024-04-12,consortium0_sector3_ELMED_3276850_management1_1_1_42664242,11.10201854882706,15.504653,18.391554,61.06807,0.0,256,maturity,0.0,False
2024-04-13,consortium0_sector3_ELMED_3276850_management1_1_1_42664242,10.922390109890111,16.66529,19.046856,60.842518,0.0,257,maturity,0.0,False
2024-04-14,consortium0_sector3_ELMED_3276850_management1_1_1_42664242,10.758241758241759,17.421066,19.574444,64.65082,0.0,258,maturity,0.0,False
2024-04-15,consortium0_sector3_ELMED_3276850_management1_1_1_42664242,10.518534002229655,17.437986,18.101843,74.011246,0.0,259,maturity,0.0,False
2024-04-16,consortium0_sector3_ELMED_3276850_management1_1_1_42664242,10.440534642662303,15.162986,14.262513,53.425343,0.0,260,maturity,0.0,False
2024-04-17,consortium0_sector3_ELMED_3276850_management1_1_1_42664242,10.552918712493181,11.990195,10.251591,49.8592,18.300001,261,maturity,0.0,False
2024-04-18,consortium0_sector3_ELMED_3276850_management1_1_1_42664242,10.379945054945054,9.834861,8.795973,54.49485,0.0,262,maturity,0.0,False
2024-04-19,consortium0_sector3_ELMED_3276850_management1_1_1_42664242,10.293135683760685,9.507178,9.019363,54.967484,6.6,263,maturity,0.0,False
2024-04-20,consortium0_sector3_ELMED_3276850_management1_1_1_42664242,10.08218040951854,10.432273,9.51185,51.283066,6.1,264,maturity,0.0,False
2024-04-21,consortium0_sector3_ELMED_3276850_management1_1_1_42664242,9.804146208401528,9.5273485,8.011218,56.76085,39.600002,265,maturity,0.0,False
2024-04-22,consortium0_sector3_ELMED_3276850_management1_1_1_42664242,9.789529914529915,7.828295,6.5076203,84.906624,470.7,266,maturity,0.0,False
2024-04-23,consortium0_sector3_ELMED_3276850_management1_1_1_42664242,9.98160535117057,8.434324,8.477159,70.700745,204.0,267,maturity,0.0,False
2024-04-24,consortium0_sector3_ELMED_3276850_management1_1_1_42664242,10.026098901098901,9.539974,9.489754,57.479862,31.5,268,maturity,0.0,False
2024-04-25,consortium0_sector3_ELMED_3276850_management1_1_1_42664242,10.011752136752136,9.012481,8.47615,62.37073,0.0,269,maturity,0.0,False
2024-04-26,consortium0_sector3_ELMED_3276850_management1_1_1_42664242,9.960856519367159,10.759293,9.829527,69.921974,12.2,270,maturity,0.0,False
2024-04-27,consortium0_sector3_ELMED_3276850_management1_1_1_42664242,9.953491543917075,12.213712,12.393478,69.93441,32.0,271,maturity,0.0,False
2024-04-28,consortium0_sector3_ELMED_3276850_management1_1_1_42664242,9.898504273504274,13.572298,14.154148,71.774284,7.1,272,maturity,0.0,False
2024-04-29,consortium0_sector3_ELMED_3276850_management1_1_1_42664242,9.862446581196581,14.691996,15.769425,66.787186,0.0,273,maturity,0.0,False
2024-04-30,consortium0_sector3_ELMED_3276850_management1_1_1_42664242,9.776950162513543,16.057747,18.01024,59.74789,38.600002,274,maturity,0.0,False
2024-05-01,consortium0_sector3_ELMED_3276850_management1_1_1_42664242,9.539680390032503,16.171446,16.808756,76.49828,431.5,275,maturity,0.0,False
2024-05-02,consortium0_sector3_ELMED_3276850_management1_1_1_42664242,10.440972222222221,14.018068,13.838586,83.39019,865.2,276,maturity,0.0,False
2024-05-03,consortium0_sector3_ELMED_3276850_management1_1_1_42664242,10.737847222222221,12.98704,13.143384,81.71435,169.09999,277,maturity,0.0,False
2024-05-04,consortium0_sector3_ELMED_3276850_management1_1_1_42664242,10.61213434452871,14.1386175,15.158599,72.680275,128.0,278,maturity,0.0,False
2024-05-05,consortium0_sector3_ELMED_3276850_management1_1_1_42664242,10.52318603382433,15.553705,15.838775,72.3035,0.0,279,maturity,0.0,False
2024-05-06,consortium0_sector3_ELMED_3276850_management1_1_1_42664242,10.239779451317913,15.4804735,15.465922,75.51948,24.4,280,maturity,0.0,False
2024-05-07,consortium0_sector3_ELMED_3276850_management1_1_1_42664242,10.159241837299392,13.768227,14.2986555,81.377304,438.9,281,maturity,0.0,False
2024-05-08,consortium0_sector3_ELMED_3276850_management1_1_1_42664242,10.334668803418802,14.45721,14.798434,83.9793,364.9,282,maturity,0.0,False
2024-05-09,consortium0_sector3_ELMED_3276850_management1_1_1_42664242,10.412856374394835,15.998276,16.739847,69.66079,0.0,283,maturity,0.0,False
2024-05-10,consortium0_sector3_ELMED_3276850_management1_1_1_42664242,9.975160256410255,16.826496,17.092722,73.15861,0.0,284,maturity,0.0,False
2024-05-11,consortium0_sector3_ELMED_3276850_management1_1_1_42664242,9.657367280606717,17.263584,17.594488,71.19605,13.2,285,maturity,0.0,False
2024-05-12,consortium0_sector3_ELMED_3276850_management1_1_1_42664242,9.401118385160938,17.740416,17.810493,73.96869,37.100002,286,maturity,0.0,False
2024-05-13,consortium0_sector3_ELMED_3276850_management1_1_1_42664242,9.088622915545992,17.31065,16.828611,81.07258,680.5,287,maturity,0.0,False
2024-05-14,consortium0_sector3_ELMED_3276850_management1_1_1_42664242,8.995635570103655,17.36204,16.704243,76.29193,18.800001,288,maturity,0.0,False
2024-05-15,consortium0_sector3_ELMED_3276850_management1_1_1_42664242,10.972088675213676,15.437355,15.163365,86.48668,1448.2001,289,maturity,0.0,False
2024-05-16,consortium0_sector3_ELMED_3276850_management1_1_1_42664242,11.963152232383003,15.755694,16.016521,77.523315,384.4,290,maturity,0.0,False
2024-05-17,consortium0_sector3_ELMED_3276850_management1_1_1_42664242,11.525685852608929,15.829085,15.856516,73.73383,114.600006,291,maturity,0.0,False
2024-05-18,consortium0_sector3_ELMED_3276850_management1_1_1_42664242,11.056730769230768,16.038397,15.955252,71.11792,6.1,292,maturity,0.0,False
2024-05-19,consortium0_sector3_ELMED_3276850_management1_1_1_42664242,10.698808234019502,16.885113,17.26914,68.92466,14.2,293,maturity,0.0,False
2024-05-20,consortium0_sector3_ELMED_3276850_management1_1_1_42664242,10.422661870503598,17.654716,18.069458,71.84767,77.200005,294,maturity,0.0,False
2024-05-21,consortium0_sector3_ELMED_3276850_management1_1_1_42664242,12.395253682487725,15.804969,16.049824,90.01209,2438.9001,295,maturity,0.0,False
2024-05-22,consortium0_sector3_ELMED_3276850_management1_1_1_42664242,11.501068376068377,15.969299,15.990069,79.20578,24.4,296,maturity,0.0,False
2024-05-23,consortium0_sector3_ELMED_3276850_management1_1_1_42664242,11.314192849404117,15.976781,15.406736,78.248825,149.80002,297,maturity,0.0,False
2024-05-24,consortium0_sector3_ELMED_3276850_management1_1_1_42664242,11.259081196581198,16.307684,16.301369,71.761765,8.1,298,maturity,0.0,False
2024-05-25,consortium0_sector3_ELMED_3276850_management1_1_1_42664242,11.230633802816902,15.827034,15.394457,76.70824,321.1,299,maturity,0.0,False
2024-05-26,consortium0_sector3_ELMED_3276850_management1_1_1_42664242,10.924837486457205,16.655285,17.439787,69.33089,0.0,300,maturity,0.0,False
2024-05-27,consortium0_sector3_ELMED_3276850_management1_1_1_42664242,10.589209401709402,18.282778,18.668417,73.906105,6.6,301,maturity,0.0,False
2024-05-28,consortium0_sector3_ELMED_3276850_management1_1_1_42664242,11.156383547008547,18.022898,18.254337,68.985985,244.2,302,maturity,0.0,False
2024-05-29,consortium0_sector3_ELMED_3276850_management1_1_1_42664242,11.005876068376068,17.98041,18.402569,64.118126,0.0,303,maturity,0.0,False
2024-05-30,consortium0_sector3_ELMED_3276850_management1_1_1_42664242,10.949725274725274,17.834072,17.153358,87.072815,2291.0999,304,maturity,0.0,False
2024-05-31,consortium0_sector3_ELMED_3276850_management1_1_1_42664242,12.379908552985476,15.01286,14.1675,82.206696,1179.5,305,maturity,0.0,False
2024-06-01,consortium0_sector3_ELMED_3276850_management1_1_1_42664242,11.407880580957505,15.197898,15.967437,73.98437,7.1,306,maturity,0.0,False
2024-06-02,consortium0_sector3_ELMED_3276850_management1_1_1_42664242,11.101495726495726,17.18707,18.402443,69.87061,85.1,307,maturity,0.0,False
2024-06-03,consortium0_sector3_ELMED_3276850_management1_1_1_42664242,12.006635969664138,17.644743,18.196604,75.29063,531.9,308,maturity,0.0,False
2024-06-04,consortium0_sector3_ELMED_3276850_management1_1_1_42664242,11.186496956281129,18.131483,18.518131,72.09506,33.0,309,maturity,0.0,False
2024-06-05,consortium0_sector3_ELMED_3276850_management1_1_1_42664242,10.825721153846153,19.180094,19.207243,77.19946,0.0,310,maturity,0.0,False
2024-06-06,consortium0_sector3_ELMED_3276850_management1_1_1_42664242,10.47643553629469,20.542753,20.922678,76.64307,18.800001,311,maturity,0.0,False
2024-06-07,consortium0_sector3_ELMED_3276850_management1_1_1_42664242,10.076655982905983,21.445215,22.082367,78.76556,0.0,312,maturity,0.0,False
2024-06-08,consortium0_sector3_ELMED_3276850_management1_1_1_42664242,9.78752670940171,21.857271,22.35175,80.74752,459.0,313,maturity,0.0,False
2024-06-09,consortium0_sector3_ELMED_3276850_management1_1_1_42664242,9.605235042735043,21.553328,22.684357,75.99743,137.1,314,maturity,0.0,False
2024-06-10,consortium0_sector3_ELMED_3276850_management1_1_1_42664242,10.733884073672805,21.332905,21.26747,77.17057,601.10004,315,maturity,0.0,False
2024-06-11,consortium0_sector3_ELMED_3276850_management1_1_1_42664242,11.63501882732652,19.003296,18.82356,80.491455,1903.2001,316,maturity,0.0,False
2024-06-12,consortium0_sector3_ELMED_3276850_management1_1_1_42664242,11.921031096563011,17.890259,17.124918,74.183136,516.3,317,maturity,0.0,False
2024-06-13,consortium0_sector3_ELMED_3276850_management1_1_1_42664242,11.546180931744313,17.908978,17.290321,65.93933,6.6,318,maturity,0.0,False
2024-06-14,consortium0_sector3_ELMED_3276850_management1_1_1_42664242,10.992822318526544,17.722328,17.533474,75.99364,58.4,319,maturity,0.0,False
2024-06-15,consortium0_sector3_ELMED_3276850_management1_1_1_42664242,10.83028509951587,18.098467,18.161976,80.20968,93.9,320,maturity,0.0,False
2024-06-16,consortium0_sector3_ELMED_3276850_management1_1_1_42664242,11.439328277356447,19.17293,19.85522,75.650894,38.600002,321,maturity,0.0,False
2024-06-17,consortium0_sector3_ELMED_3276850_management1_1_1_42664242,11.162242686890576,20.718067,21.04654,74.675545,8.1,322,maturity,0.0,False
2024-06-18,consortium0_sector3_ELMED_3276850_management1_1_1_42664242,10.975658956428187,21.555317,22.14714,72.079094,0.0,323,maturity,0.0,False
2024-06-19,consortium0_sector3_ELMED_3276850_management1_1_1_42664242,10.64080150618612,22.529337,24.974129,67.708466,0.0,324,maturity,0.0,False
2024-06-20,consortium0_sector3_ELMED_3276850_management1_1_1_42664242,10.279246794871796,23.42053,26.403643,64.15364,0.0,325,maturity,0.0,False
2024-06-21,consortium0_sector3_ELMED_3276850_management1_1_1_42664242,10.616729424421731,23.430473,24.709578,71.656006,875.60004,326,maturity,0.0,False
2024-06-22,consortium0_sector3_ELMED_3276850_management1_1_1_42664242,12.085069444444445,22.195467,22.345688,72.14257,538.39996,327,maturity,0.0,False
2024-06-23,consortium0_sector3_ELMED_3276850_management1_1_1_42664242,12.882879273504274,18.939974,18.654842,84.898796,1069.0,328,maturity,0.0,False
2024-06-24,consortium0_sector3_ELMED_3276850_management1_1_1_42664242,12.276089295320064,20.159702,20.779812,78.02938,125.799995,329,maturity,0.0,False
2024-06-25,consortium0_sector3_ELMED_3276850_management1_1_1_42664242,12.457504034427112,20.616776,20.667343,82.17576,948.7,330,maturity,0.0,False
2024-06-26,consortium0_sector3_ELMED_3276850_management1_1_1_42664242,12.653577192038732,20.90683,20.985619,77.0127,418.3,331,maturity,0.0,False
2024-06-27,consortium0_sector3_ELMED_3276850_management1_1_1_42664242,11.80174322080797,21.841646,23.26873,66.780174,0.0,332,maturity,0.0,False
2024-06-28,consortium0_sector3_ELMED_3276850_management1_1_1_42664242,11.378205128205128,23.283756,25.683977,62.94098,0.0,333,maturity,0.0,False
2024-06-29,consortium0_sector3_ELMED_3276850_management1_1_1_42664242,10.943376068376068,23.93483,25.053486,76.44241,244.3,334,maturity,0.0,False
2024-06-30,consortium0_sector3_ELMED_3276850_management1_1_1_42664242,10.507396449704142,23.982147,24.632147,71.64502,82.3,335,maturity,0.0,False
2024-07-01,consortium0_sector3_ELMED_3276850_management1_1_1_42664242,11.636229155459924,21.755,21.081894,83.97507,308.4,336,maturity,0.0,False
2024-07-02,consortium0_sector3_ELMED_3276850_management1_1_1_42664242,11.914873587950511,20.96488,21.90923,60.28608,0.0,337,maturity,0.0,False
2024-07-03,consortium0_sector3_ELMED_3276850_management1_1_1_42664242,11.854821235102925,19.599792,19.36324,77.711426,344.30002,338,maturity,0.0,False
2024-07-04,consortium0_sector3_ELMED_3276850_management1_1_1_42664242,12.032451923076923,19.795847,20.10279,70.602684,0.0,339,maturity,0.0,False
2024-07-05,consortium0_sector3_ELMED_3276850_management1_1_1_42664242,11.464900484131254,21.167248,21.517721,74.628586,0.0,340,maturity,0.0,False
2024-07-06,consortium0_sector3_ELMED_3276850_management1_1_1_42664242,11.077057557826787,22.734165,23.24812,73.664604,39.600002,341,maturity,0.0,False
2024-07-07,consortium0_sector3_ELMED_3276850_management1_1_1_42664242,11.703066164604625,21.865387,21.911787,84.67836,2203.3,342,maturity,0.0,False
2024-07-08,consortium0_sector3_ELMED_3276850_management1_1_1_42664242,11.986282947821408,23.048214,23.78884,74.033516,80.200005,343,maturity,0.0,False
2024-07-09,consortium0_sector3_ELMED_3276850_management1_1_1_42664242,11.576654115115653,23.766521,24.906105,72.08583,13.2,344,maturity,0.0,False
2024-07-10,consortium0_sector3_ELMED_3276850_management1_1_1_42664242,11.051102743410436,24.516302,26.226622,69.37083,0.0,345,maturity,0.0,False
2024-07-11,consortium0_sector3_ELMED_3276850_management1_1_1_42664242,10.473641742872513,25.050644,26.731264,68.34603,130.1,346,maturity,0.0,False
2024-07-12,consortium0_sector3_ELMED_3276850_management1_1_1_42664242,12.109290357529794,23.95926,23.866901,82.27269,670.0,347,maturity,0.0,False
2024-07-13,consortium0_sector3_ELMED_3276850_management1_1_1_42664242,11.924813034188034,22.929022,23.488617,72.429085,107.200005,348,maturity,0.0,False
2024-07-14,consortium0_sector3_ELMED_3276850_management1_1_1_42664242,11.298212351029251,23.488018,24.136091,70.093285,0.0,349,maturity,0.0,False
2024-07-15,consortium0_sector3_ELMED_3276850_management1_1_1_42664242,10.760016025641026,23.982147,25.362198,68.20133,0.0,350,maturity,0.0,False
2024-07-16,consortium0_sector3_ELMED_3276850_management1_1_1_42664242,10.22502670940171,24.777885,26.166237,68.68406,2.5,351,maturity,0.0,False
2024-07-17,consortium0_sector3_ELMED_3276850_management1_1_1_42664242,9.672001075847229,25.014406,25.595245,70.350815,55.699997,352,maturity,0.0,False
2024-07-18,consortium0_sector3_ELMED_3276850_management1_1_1_42664242,9.186121570736955,24.959988,25.77113,69.34606,0.5,353,maturity,0.0,False
2024-07-19,consortium0_sector3_ELMED_3276850_management1_1_1_42664242,8.839026358257128,25.211977,25.708597,73.25213,1.0,354,maturity,0.0,False
2024-07-20,consortium0_sector3_ELMED_3276850_management1_1_1_42664242,8.7965872156013,24.518795,25.161407,66.12457,23.800001,355,maturity,0.0,False
2024-07-21,consortium0_sector3_ELMED_3276850_management1_1_1_42664242,8.582436793975257,24.221004,24.903896,73.31729,28.900002,356,maturity,0.0,False
2024-07-22,consortium0_sector3_ELMED_3276850_management1_1_1_42664242,8.29257193188491,25.219458,26.094553,64.59581,0.0,357,maturity,0.0,False
2024-07-23,consortium0_sector3_ELMED_3276850_management1_1_1_42664242,8.070277149321267,24.300993,24.347076,75.49493,324.19998,358,maturity,0.0,False
2024-07-24,consortium0_sector3_ELMED_3276850_management1_1_1_42664242,7.870629370629371,24.211912,25.094173,64.50419,30.5,359,maturity,0.0,False
2024-07-25,consortium0_sector3_ELMED_3276850_management1_1_1_42664242,7.657692307692307,24.11914,24.35459,64.997826,12.2,360,maturity,0.0,False
2024-07-26,consortium0_sector3_ELMED_3276850_management1_1_1_42664242,7.491758241758242,24.989248,24.890606,73.7215,7.6000004,361,maturity,0.0,False
2024-07-27,consortium0_sector3_ELMED_3276850_management1_1_1_42664242,7.374010180995476,25.980852,26.861944,67.76028,13.700001,362,maturity,0.0,False
2024-07-28,consortium0_sector3_ELMED_3276850_management1_1_1_42664242,7.342307692307692,26.082747,26.381958,74.491806,253.40001,363,maturity,0.0,False
2024-07-29,consortium0_sector3_ELMED_3276850_management1_1_1_42664242,7.353593486805166,26.627886,26.449633,73.02014,8.6,364,maturity,0.0,False
2024-07-30,consortium0_sector3_ELMED_3276850_management1_1_1_42664242,7.382229084783829,26.799475,26.468067,72.55862,0.0,365,maturity,0.0,False
2024-07-31,consortium0_sector3_ELMED_3276850_management1_1_1_42664242,7.385998893193138,27.069963,27.730505,69.707664,42.7,366,maturity,0.0,False
2024-08-01,consortium0_sector3_ELMED_3276850_management1_1_1_42664242,7.430539609644088,26.631168,26.631388,69.15944,45.7,367,maturity,0.0,False
2024-08-02,consortium0_sector3_ELMED_3276850_management1_1_1_42664242,7.909103486441615,25.84613,25.360146,68.58861,18.300001,368,maturity,0.0,False
2024-08-03,consortium0_sector3_ELMED_3276850_management1_1_1_42664242,8.013150452488688,25.341743,25.308537,58.355705,0.0,369,maturity,0.0,False
2024-08-04,consortium0_sector3_ELMED_3276850_management1_1_1_42664242,8.823572261072261,25.42877,25.01349,64.67854,99.0,370,maturity,0.0,False
2024-08-05,consortium0_sector3_ELMED_3276850_management1_1_1_42664242,8.698670814479637,25.828768,25.788239,66.07576,13.2,371,maturity,0.0,False
2024-08-06,consortium0_sector3_ELMED_3276850_management1_1_1_42664242,8.947150997150997,26.165922,26.043982,71.18727,0.0,372,maturity,0.0,False
2024-08-07,consortium0_sector3_ELMED_3276850_management1_1_1_42664242,11.400932400932401,25.345245,24.689438,76.264046,125.90001,373,maturity,0.0,False
2024-08-08,consortium0_sector3_ELMED_3276850_management1_1_1_42664242,11.166951566951568,24.795277,25.899004,58.445656,0.0,374,maturity,0.0,False
2024-08-09,consortium0_sector3_ELMED_3276850_management1_1_1_42664242,10.472382880277618,26.279968,26.510147,65.322235,6.1,375,maturity,0.0,False
2024-08-10,consortium0_sector3_ELMED_3276850_management1_1_1_42664242,9.795067527891955,27.366112,27.919205,65.378784,0.0,376,maturity,0.0,False
2024-08-11,consortium0_sector3_ELMED_3276850_management1_1_1_42664242,9.092683632157316,28.216238,27.57293,72.70823,0.0,377,maturity,0.0,False
2024-08-12,consortium0_sector3_ELMED_3276850_management1_1_1_42664242,8.451115678214915,28.399477,27.8913,65.13759,0.0,378,maturity,0.0,False
2024-08-13,consortium0_sector3_ELMED_3276850_management1_1_1_42664242,7.909705528846154,27.85301,27.530094,61.962494,15.200001,379,maturity,0.0,False
2024-08-14,consortium0_sector3_ELMED_3276850_management1_1_1_42664242,7.50778038755138,27.581673,27.658913,51.822086,0.0,380,maturity,0.0,False
2024-08-15,consortium0_sector3_ELMED_3276850_management1_1_1_42664242,7.272640480087288,26.53786,26.880947,56.409874,0.0,381,maturity,0.0,False
2024-08-16,consortium0_sector3_ELMED_3276850_management1_1_1_42664242,7.129469122426869,27.266996,27.7306,59.949314,0.0,382,maturity,0.0,False
2024-08-17,consortium0_sector3_ELMED_3276850_management1_1_1_42664242,6.999719258843347,26.843258,26.441774,61.212463,0.0,383,maturity,0.0,False
2024-08-18,consortium0_sector3_ELMED_3276850_management1_1_1_42664242,6.922033392963626,23.073498,22.688808,78.7608,191.40001,384,maturity,0.0,False
2024-08-19,consortium0_sector3_ELMED_3276850_management1_1_1_42664242,7.0256410256410255,23.092405,23.253548,74.12653,94.0,385,maturity,0.0,False
2024-08-20,consortium0_sector3_ELMED_3276850_management1_1_1_42664242,7.101841820151679,24.013458,24.55541,66.747154,6.6,386,maturity,0.0,False
2024-08-21,consortium0_sector3_ELMED_3276850_management1_1_1_42664242,7.182894029047875,25.21406,25.402569,65.329575,112.299995,387,maturity,0.0,False
2024-08-22,consortium0_sector3_ELMED_3276850_management1_1_1_42664242,7.104550379198266,24.962103,24.480917,71.293915,126.5,388,maturity,0.0,False
2024-08-23,consortium0_sector3_ELMED_3276850_management1_1_1_42664242,7.005090497737557,25.599445,24.80219,73.547325,0.0,389,maturity,0.0,False
2024-08-24,consortium0_sector3_ELMED_3276850_management1_1_1_42664242,6.932621082621083,26.591963,25.508062,70.691826,12.2,390,maturity,0.0,False
2024-08-25,consortium0_sector3_ELMED_3276850_management1_1_1_42664242,6.7942890442890445,26.564342,26.342941,63.20527,20.800001,391,maturity,0.0,False
2024-08-26,consortium0_sector3_ELMED_3276850_management1_1_1_42664242,6.666713800904978,24.604652,24.301592,68.71915,14.2,392,maturity,0.0,False
2024-08-27,consortium0_sector3_ELMED_3276850_management1_1_1_42664242,6.693304843304843,23.778706,23.54048,68.63081,169.0,393,maturity,0.0,False
2024-08-28,consortium0_sector3_ELMED_3276850_management1_1_1_42664242,6.71037296037296,24.142344,24.056578,69.03,6.1,394,maturity,0.0,False
2024-08-29,consortium0_sector3_ELMED_3276850_management1_1_1_42664242,6.697953422724065,25.130789,25.513556,59.88407,0.0,395,maturity,0.0,False
2024-08-30,consortium0_sector3_ELMED_3276850_management1_1_1_42664242,6.680095451993262,25.654274,26.146004,57.203175,0.0,396,maturity,0.0,False
2024-08-31,consortium0_sector3_ELMED_3276850_management1_1_1_42664242,6.681054131054132,26.246635,26.284073,65.57063,0.0,397,maturity,0.0,False
2024-09-01,consortium0_sector3_ELMED_3276850_management1_1_1_42664242,6.645809414466131,25.313965,24.823782,67.643616,52.700005,398,maturity,0.0,False
2024-09-02,consortium0_sector3_ELMED_3276850_management1_1_1_42664242,6.605345022624435,25.178295,24.609608,62.087173,0.0,399,maturity,0.0,False
2024-09-03,consortium0_sector3_ELMED_3276850_management1_1_1_42664242,6.5629370629370625,23.780315,23.605001,69.923836,265.8,400,maturity,0.0,False
2024-09-04,consortium0_sector3_ELMED_3276850_management1_1_1_42664242,6.511390532544379,23.453611,23.239376,70.04647,37.2,401,maturity,0.0,False
2024-09-05,consortium0_sector3_ELMED_3276850_management1_1_1_42664242,7.331447963800905,20.399319,20.078768,88.39753,2416.9001,402,maturity,0.0,False
2024-09-06,consortium0_sector3_ELMED_3276850_management1_1_1_42664242,11.136538461538462,21.279274,21.567783,74.77708,14.7,403,maturity,0.0,False
2024-09-07,consortium0_sector3_ELMED_3276850_management1_1_1_42664242,10.604997192588435,22.134893,20.83303,78.02276,0.0,404,maturity,0.0,False
2024-09-08,consortium0_sector3_ELMED_3276850_management1_1_1_42664242,10.63633754305396,20.791838,20.82839,87.91815,2607.5999,405,maturity,0.0,False
2024-09-09,consortium0_sector3_ELMED_3276850_management1_1_1_42664242,12.058284023668639,20.63745,20.865828,71.44342,1634.1,406,maturity,0.0,False
2024-09-10,consortium0_sector3_ELMED_3276850_management1_1_1_42664242,11.069404279930597,19.540985,20.719646,56.497482,0.0,407,maturity,0.0,False
2024-09-11,consortium0_sector3_ELMED_3276850_management1_1_1_42664242,10.572398190045249,19.474287,19.291838,74.75768,189.40001,408,maturity,0.0,False
2024-09-12,consortium0_sector3_ELMED_3276850_management1_1_1_42664242,11.952488687782806,15.208188,13.485492,79.54555,1238.9,409,maturity,0.0,False
2024-09-13,consortium0_sector3_ELMED_3276850_management1_1_1_42664242,11.269522144522144,13.702506,13.245846,54.691395,6.6,410,maturity,0.0,False
2024-09-14,consortium0_sector3_ELMED_3276850_management1_1_1_42664242,10.630453501722158,14.737291,13.442247,53.97663,0.0,411,maturity,0.0,False
2024-09-15,consortium0_sector3_ELMED_3276850_management1_1_1_42664242,10.238461538461538,15.449034,14.697551,47.427204,33.5,412,maturity,0.0,False
2024-09-16,consortium0_sector3_ELMED_3276850_management1_1_1_42664242,9.923789173789173,15.3962555,14.526497,58.488792,12.7,413,maturity,0.0,False
2024-09-17,consortium0_sector3_ELMED_3276850_management1_1_1_42664242,9.631807973048847,15.810303,15.409261,67.340096,12.2,414,maturity,0.0,False
2024-09-18,consortium0_sector3_ELMED_3276850_management1_1_1_42664242,9.275983558426306,15.143005,16.086407,61.839893,0.0,415,maturity,0.0,False
2024-09-19,consortium0_sector3_ELMED_3276850_management1_1_1_42664242,8.970241437394723,16.086344,16.504274,70.18306,48.8,416,maturity,0.0,False
2024-09-20,consortium0_sector3_ELMED_3276850_management1_1_1_42664242,8.681738109219026,16.952127,17.13663,75.857956,50.300003,417,maturity,0.0,False
2024-09-21,consortium0_sector3_ELMED_3276850_management1_1_1_42664242,8.496096009253904,17.611376,17.708757,75.144135,0.0,418,maturity,0.0,False
2024-09-22,consortium0_sector3_ELMED_3276850_management1_1_1_42664242,8.218105065666041,17.501684,16.885872,77.119774,0.0,419,maturity,0.0,False
2024-09-23,consortium0_sector3_ELMED_3276850_management1_1_1_42664242,8.707520091848451,17.614122,17.076084,81.65946,1112.9,420,maturity,0.0,False
2024-09-24,consortium0_sector3_ELMED_3276850_management1_1_1_42664242,11.602611940298507,17.395435,17.587229,76.91812,99.9,421,maturity,0.0,False
2024-09-25,consortium0_sector3_ELMED_3276850_management1_1_1_42664242,11.218912666281089,17.038712,16.045847,78.37753,0.0,422,maturity,0.0,False
2024-09-26,consortium0_sector3_ELMED_3276850_management1_1_1_42664242,11.707520091848451,17.376276,17.9633,85.71429,955.8,423,maturity,0.0,False
2024-09-27,consortium0_sector3_ELMED_3276850_management1_1_1_42664242,11.956876456876458,18.781546,19.322046,81.72925,148.7,424,maturity,0.0,False
2024-09-28,consortium0_sector3_ELMED_3276850_management1_1_1_42664242,11.581538461538461,16.816206,15.851338,65.404106,199.59999,425,maturity,0.0,False
2024-09-29,consortium0_sector3_ELMED_3276850_management1_1_1_42664242,11.068443367655966,14.826875,13.668478,67.06256,0.0,426,maturity,0.0,False
2024-09-30,consortium0_sector3_ELMED_3276850_management1_1_1_42664242,10.815384615384616,15.67476,15.298907,76.79835,6.1,427,maturity,0.0,False
2024-10-01,consortium0_sector3_ELMED_3276850_management1_1_1_42664242,10.694747416762342,15.556578,15.303359,82.25524,102.1,428,maturity,0.0,False
2024-10-02,consortium0_sector3_ELMED_3276850_management1_1_1_42664242,11.778117715617714,16.12735,16.131136,84.28023,674.2,429,maturity,0.0,False
2024-10-03,consortium0_sector3_ELMED_3276850_management1_1_1_42664242,12.541064198958937,13.45702,12.9255495,82.36735,872.8,430,maturity,0.0,False
2024-10-04,consortium0_sector3_ELMED_3276850_management1_1_1_42664242,12.38062678062678,11.92454,11.498561,83.40938,761.7,431,maturity,0.0,False
2024-10-05,consortium0_sector3_ELMED_3276850_management1_1_1_42664242,11.947153240460326,12.595373,12.39916,74.73144,0.0,432,maturity,0.0,False
2024-10-06,consortium0_sector3_ELMED_3276850_management1_1_1_42664242,11.587639459776865,13.053265,12.488775,79.62731,0.0,433,maturity,0.0,False
2024-10-07,consortium0_sector3_ELMED_3276850_management1_1_1_42664242,11.26952892069171,14.735998,14.99168,83.43621,96.0,434,maturity,0.0,False
2024-10-08,consortium0_sector3_ELMED_3276850_management1_1_1_42664242,13.167727009832273,15.459578,16.355568,92.04376,3045.5999,435,maturity,0.0,False
2024-10-09,consortium0_sector3_ELMED_3276850_management1_1_1_42664242,12.479334098737084,15.6935425,17.229969,81.44311,244.8,436,maturity,0.0,False
2024-10-10,consortium0_sector3_ELMED_3276850_management1_1_1_42664242,13.131434355118566,15.14894,15.67435,87.275894,1797.7,437,maturity,0.0,False
2024-10-11,consortium0_sector3_ELMED_3276850_management1_1_1_42664242,12.16281087333719,12.606894,13.785651,66.78064,0.0,438,maturity,0.0,False
2024-10-12,consortium0_sector3_ELMED_3276850_management1_1_1_42664242,11.773351648351648,12.944331,13.946824,70.33216,18.300001,439,maturity,0.0,False
2024-10-13,consortium0_sector3_ELMED_3276850_management1_1_1_42664242,11.529761904761905,14.114154,14.191743,84.17058,0.0,440,maturity,0.0,False
2024-10-14,consortium0_sector3_ELMED_3276850_management1_1_1_42664242,11.314198958935801,13.22656,13.717879,84.369644,0.5,441,maturity,0.0,False
2024-10-15,consortium0_sector3_ELMED_3276850_management1_1_1_42664242,11.180944055944055,13.390322,14.589249,84.13942,17.2,442,maturity,0.0,False
2024-10-16,consortium0_sector3_ELMED_3276850_management1_1_1_42664242,10.954142011834321,13.477097,15.770593,84.47151,316.30002,443,maturity,0.0,False
2024-10-17,consortium0_sector3_ELMED_3276850_management1_1_1_42664242,11.460820895522389,15.78464,18.000298,82.01426,6.6,444,maturity,0.0,False
2024-10-18,consortium0_sector3_ELMED_3276850_management1_1_1_42664242,12.923221515326778,15.568131,16.623655,92.45203,1313.5,445,maturity,0.0,False
2024-10-19,consortium0_sector3_ELMED_3276850_management1_1_1_42664242,12.26739253393665,14.373055,15.7663,89.70237,986.3,446,maturity,0.0,False
2024-10-20,consortium0_sector3_ELMED_3276850_management1_1_1_42664242,12.419406928948913,15.870341,17.591173,84.016396,45.7,447,maturity,0.0,False
2024-10-21,consortium0_sector3_ELMED_3276850_management1_1_1_42664242,12.08411507191995,15.933725,16.506325,86.18235,0.0,448,maturity,0.0,False
2024-10-22,consortium0_sector3_ELMED_3276850_management1_1_1_42664242,11.775124069478908,15.944521,15.954273,85.501656,0.0,449,maturity,0.0,False
2024-10-23,consortium0_sector3_ELMED_3276850_management1_1_1_42664242,11.740097588978186,15.296256,15.604368,89.70929,689.10004,450,maturity,0.0,False
2024-10-24,consortium0_sector3_ELMED_3276850_management1_1_1_42664242,12.436844405594405,15.7612505,16.647865,85.53306,272.7,451,maturity,0.0,False
2024-10-30,consortium0_sector3_ELMED_3276850_management1_1_1_42664242,11.42689479638009,13.162292,14.391143,76.64891,0.0,457,maturity,0.0,False
2024-10-31,consortium0_sector3_ELMED_3276850_management1_1_1_42664242,11.272675086107922,12.29007,14.652948,74.57619,0.0,458,maturity,0.0,False
2024-11-01,consortium0_sector3_ELMED_3276850_management1_1_1_42664242,11.11692869174621,11.606042,14.3056,75.298645,0.0,459,maturity,0.0,False
2024-11-02,consortium0_sector3_ELMED_3276850_management1_1_1_42664242,10.964719491035279,11.341427,14.460525,70.28055,0.0,460,maturity,0.0,False
2024-11-03,consortium0_sector3_ELMED_3276850_management1_1_1_42664242,10.84017094017094,10.826276,13.679526,73.75923,0.0,461,maturity,0.0,False
2024-11-04,consortium0_sector3_ELMED_3276850_management1_1_1_42664242,10.706188548293811,10.049634,13.142626,72.557014,0.0,462,maturity,0.0,False
2024-11-05,consortium0_sector3_ELMED_3276850_management1_1_1_42664242,10.563857897827365,9.096067,12.146951,68.69692,0.0,463,maturity,0.0,False
2024-11-06,consortium0_sector3_ELMED_3276850_management1_1_1_42664242,10.445118343195265,8.735367,12.085145,62.886166,0.0,464,maturity,0.0,False
2024-11-07,consortium0_sector3_ELMED_3276850_management1_1_1_42664242,10.33543746330006,8.552632,11.525139,68.61496,0.0,465,maturity,0.0,False
2024-11-08,consortium0_sector3_ELMED_3276850_management1_1_1_42664242,10.222319347319347,8.243068,10.426244,75.42877,0.0,466,maturity,0.0,False
2024-11-09,consortium0_sector3_ELMED_3276850_management1_1_1_42664242,10.13953488372093,8.475928,10.817879,70.547935,0.0,467,maturity,0.0,False
2024-11-10,consortium0_sector3_ELMED_3276850_management1_1_1_42664242,10.0347021399653,7.1975503,10.88281,68.82051,0.0,468,maturity,0.0,False
2024-11-11,consortium0_sector3_ELMED_3276850_management1_1_1_42664242,9.938982070561018,4.277759,8.981735,68.36866,0.0,469,maturity,0.0,False
2024-11-12,consortium0_sector3_ELMED_3276850_management1_1_1_42664242,9.839408725602755,3.989754,7.4942994,64.57565,3.0,470,maturity,0.0,False
2024-11-13,consortium0_sector3_ELMED_3276850_management1_1_1_42664242,9.734645199761479,2.6769698,6.6627336,62.67203,27.400002,471,maturity,0.0,False
2024-11-14,consortium0_sector3_ELMED_3276850_management1_1_1_42664242,9.683921341816077,2.898624,6.0836616,65.53379,13.2,472,maturity,0.0,False
2024-11-15,consortium0_sector3_ELMED_3276850_management1_1_1_42664242,9.595507433742727,2.333188,6.061629,57.094902,0.0,473,maturity,0.0,False
2024-11-16,consortium0_sector3_ELMED_3276850_management1_1_1_42664242,9.499849759615385,2.228327,6.8305683,55.28406,0.0,474,maturity,0.0,False
2024-11-17,consortium0_sector3_ELMED_3276850_management1_1_1_42664242,9.413991520290732,2.2895646,6.5088825,57.865086,0.0,475,maturity,0.0,False
2024-11-18,consortium0_sector3_ELMED_3276850_management1_1_1_42664242,9.368086458995549,4.196004,8.129684,63.296844,0.0,476,maturity,0.0,False
2024-11-19,consortium0_sector3_ELMED_3276850_management1_1_1_42664242,9.29441391941392,3.9844193,7.3548107,71.861565,0.0,477,maturity,0.0,False
2024-11-20,consortium0_sector3_ELMED_3276850_management1_1_1_42664242,9.362475759534583,5.3152905,6.6660166,63.42486,271.6,478,maturity,0.0,False
2024-11-21,consortium0_sector3_ELMED_3276850_management1_1_1_42664242,9.263210702341137,4.1095457,2.5839458,65.05896,144.1,479,maturity,0.0,False
2024-11-22,consortium0_sector3_ELMED_3276850_management1_1_1_42664242,9.291588492808007,3.6480556,1.1081567,58.90435,106.2,480,maturity,0.0,False
2024-11-23,consortium0_sector3_ELMED_3276850_management1_1_1_42664242,9.22983870967742,1.7833145,-1.0288382,62.4776,0.0,481,maturity,0.0,False
2024-11-24,consortium0_sector3_ELMED_3276850_management1_1_1_42664242,9.207247298156389,2.8058524,2.7774432,63.111446,0.0,482,maturity,0.0,False
2024-11-25,consortium0_sector3_ELMED_3276850_management1_1_1_42664242,9.224072802197801,3.435019,5.415259,77.596245,0.0,483,maturity,0.0,False
2024-11-26,consortium0_sector3_ELMED_3276850_management1_1_1_42664242,9.220953525641026,3.9843879,6.940764,89.326935,19.300001,484,maturity,0.0,False
2024-11-27,consortium0_sector3_ELMED_3276850_management1_1_1_42664242,9.251730769230768,4.663144,7.280726,89.945335,34.0,485,maturity,0.0,False
2024-11-28,consortium0_sector3_ELMED_3276850_management1_1_1_42664242,9.2349709114415,4.6351767,6.0109024,93.18319,3.0,486,maturity,0.0,False
2024-11-29,consortium0_sector3_ELMED_3276850_management1_1_1_42664242,9.179588128407024,4.4676895,5.23565,64.0989,0.0,487,maturity,0.0,False
2024-11-30,consortium0_sector3_ELMED_3276850_management1_1_1_42664242,9.08685372005044,3.7190151,4.532904,59.18845,0.0,488,maturity,0.0,False
2024-12-01,consortium0_sector3_ELMED_3276850_management1_1_1_42664242,9.029237023139462,2.9521594,4.620909,54.5375,0.0,489,maturity,0.0,False
2024-12-02,consortium0_sector3_ELMED_3276850_management1_1_1_42664242,8.966384009691097,1.9885542,5.5226455,52.50293,0.0,490,maturity,0.0,False
2024-12-03,consortium0_sector3_ELMED_3276850_management1_1_1_42664242,8.914835164835164,2.6219509,6.030063,64.34166,0.0,491,maturity,0.0,False
2023-07-31,consortium0_sector3_ELMED_3276850_management1_1_1_43188532,15.194297082228116,25.133535,24.483978,62.523438,14.7,0,establishment,0.0,False
2023-08-01,consortium0_sector3_ELMED_3276850_management1_1_1_43188532,15.063059033989266,24.396982,22.458946,81.48601,176.59999,1,establishment,0.0,False
2023-08-02,consortium0_sector3_ELMED_3276850_management1_1_1_43188532,14.92542213883677,24.25197,23.82012,70.16911,38.100002,2,establishment,0.0,False
2023-08-03,consortium0_sector3_ELMED_3276850_management1_1_1_43188532,14.83653846153846,26.036566,24.714565,70.874596,87.1,3,establishment,0.0,False
2023-08-04,consortium0_sector3_ELMED_3276850_management1_1_1_43188532,14.76086956521739,23.125172,21.252096,73.73862,249.80002,4,establishment,0.0,False
2023-08-05,consortium0_sector3_ELMED_3276850_management1_1_1_43188532,14.23339160839161,20.820782,20.516268,69.13036,575.3,5,establishment,0.0,False
2023-08-06,consortium0_sector3_ELMED_3276850_management1_1_1_43188532,14.179632867132868,21.770878,20.685493,55.34685,110.299995,6,establishment,0.0,False
2023-08-07,consortium0_sector3_ELMED_3276850_management1_1_1_43188532,14.446808510638299,20.75077,18.840006,48.997375,0.0,7,establishment,0.0,False
2023-08-08,consortium0_sector3_ELMED_3276850_management1_1_1_43188532,13.831293706293707,20.763048,19.717312,53.98198,0.0,8,establishment,0.0,False
2023-08-09,consortium0_sector3_ELMED_3276850_management1_1_1_43188532,13.654682274247492,22.17577,21.224823,65.20097,0.0,9,establishment,0.0,False
2023-08-10,consortium0_sector3_ELMED_3276850_management1_1_1_43188532,13.407051282051281,23.641964,23.364185,61.566513,0.0,10,establishment,0.0,False
2023-08-11,consortium0_sector3_ELMED_3276850_management1_1_1_43188532,13.688545150501671,25.456167,24.084545,69.63494,0.0,11,establishment,0.0,False
2023-08-12,consortium0_sector3_ELMED_3276850_management1_1_1_43188532,14.191880341880342,26.332115,24.942627,71.15183,0.0,12,establishment,0.0,False
2023-08-13,consortium0_sector3_ELMED_3276850_management1_1_1_43188532,14.810200668896323,27.205095,25.836693,69.62854,12.1,13,establishment,0.0,False
2023-08-14,consortium0_sector3_ELMED_3276850_management1_1_1_43188532,15.127350427350429,27.373308,26.416174,64.23724,0.5,14,establishment,0.0,False
2023-08-15,consortium0_sector3_ELMED_3276850_management1_1_1_43188532,14.86620294599018,27.433126,25.947046,69.06083,68.6,15,vegetative,0.0,False
2023-08-16,consortium0_sector3_ELMED_3276850_management1_1_1_43188532,15.220317725752508,26.234861,25.58199,70.88707,0.0,16,vegetative,0.0,False
2023-08-17,consortium0_sector3_ELMED_3276850_management1_1_1_43188532,15.390886287625417,25.730726,24.479715,74.734375,50.3,17,vegetative,0.0,False
2023-08-18,consortium0_sector3_ELMED_3276850_management1_1_1_43188532,16.198160535117058,25.67779,25.939564,62.493713,0.0,18,vegetative,0.0,False
2023-08-19,consortium0_sector3_ELMED_3276850_management1_1_1_43188532,15.703846153846154,27.105032,26.906546,62.480312,0.0,19,vegetative,0.0,False
2023-08-20,consortium0_sector3_ELMED_3276850_management1_1_1_43188532,15.522993311036789,28.146288,28.24228,64.174576,0.0,20,vegetative,0.0,False
2023-08-21,consortium0_sector3_ELMED_3276850_management1_1_1_43188532,15.365802675585284,28.657934,28.520752,62.889923,0.0,21,vegetative,0.0,False
2023-08-22,consortium0_sector3_ELMED_3276850_management1_1_1_43188532,13.686035290874,29.282526,28.99553,58.725437,0.0,22,vegetative,0.0,False
2023-08-23,consortium0_sector3_ELMED_3276850_management1_1_1_43188532,13.385347985347986,29.403673,29.453138,57.515465,6.1,23,vegetative,0.0,False
2023-08-24,consortium0_sector3_ELMED_3276850_management1_1_1_43188532,13.083887205551754,28.965511,29.255442,58.179173,75.700005,24,vegetative,0.0,False
2023-08-25,consortium0_sector3_ELMED_3276850_management1_1_1_43188532,13.010416666666664,29.22536,28.476624,61.99032,0.0,25,vegetative,0.0,False
2023-08-26,consortium0_sector3_ELMED_3276850_management1_1_1_43188532,12.865448932338564,28.457682,26.874603,62.612106,90.90001,26,vegetative,0.0,False
2023-08-27,consortium0_sector3_ELMED_3276850_management1_1_1_43188532,12.929502405749435,23.912575,22.317469,87.765976,863.7,27,vegetative,0.0,False
2023-08-28,consortium0_sector3_ELMED_3276850_management1_1_1_43188532,15.336018711018712,21.552444,19.959293,85.598206,2504.5,28,vegetative,0.0,False
2023-08-29,consortium0_sector3_ELMED_3276850_management1_1_1_43188532,15.232759204687872,18.506105,18.339533,70.09204,173.09999,29,vegetative,0.0,False
2023-08-30,consortium0_sector3_ELMED_3276850_management1_1_1_43188532,15.618840144230768,19.017183,18.965195,63.561966,31.5,30,vegetative,0.0,False
2023-08-31,consortium0_sector3_ELMED_3276850_management1_1_1_43188532,17.144078144078144,20.076717,18.787323,71.3256,37.600002,31,vegetative,0.0,False
2023-09-01,consortium0_sector3_ELMED_3276850_management1_1_1_43188532,17.079714640198514,21.077791,19.913996,78.24689,0.0,32,vegetative,0.0,False
2023-09-02,consortium0_sector3_ELMED_3276850_management1_1_1_43188532,16.93645484949833,22.87195,21.80601,74.92957,0.0,33,vegetative,0.0,False
2023-09-03,consortium0_sector3_ELMED_3276850_management1_1_1_43188532,16.788461538461537,23.518827,24.035934,61.506832,0.0,34,vegetative,0.0,False
2023-09-04,consortium0_sector3_ELMED_3276850_management1_1_1_43188532,16.60284280936455,23.991995,24.60377,59.63582,0.0,35,vegetative,0.0,False
2023-09-05,consortium0_sector3_ELMED_3276850_management1_1_1_43188532,16.373327759197323,23.810083,21.98745,73.404594,0.0,36,vegetative,0.0,False
2023-09-06,consortium0_sector3_ELMED_3276850_management1_1_1_43188532,16.094926350245498,23.843763,22.592152,72.14051,0.0,37,vegetative,0.0,False
2023-09-07,consortium0_sector3_ELMED_3276850_management1_1_1_43188532,15.800327332242226,23.226938,22.205252,73.27995,0.0,38,vegetative,0.0,False
2023-09-08,consortium0_sector3_ELMED_3276850_management1_1_1_43188532,15.509197324414716,23.873024,22.946571,71.49528,0.0,39,vegetative,0.0,False
2023-09-09,consortium0_sector3_ELMED_3276850_management1_1_1_43188532,15.228678929765886,24.055126,22.951054,74.32956,0.0,40,vegetative,0.0,False
2023-09-10,consortium0_sector3_ELMED_3276850_management1_1_1_43188532,14.976268412438625,24.78104,23.64916,74.511604,0.0,41,vegetative,0.0,False
2023-09-11,consortium0_sector3_ELMED_3276850_management1_1_1_43188532,14.7123745819398,24.772076,24.506641,65.86429,0.0,42,vegetative,0.0,False
2023-09-12,consortium0_sector3_ELMED_3276850_management1_1_1_43188532,14.447435897435899,24.157934,24.381641,66.65323,0.0,43,vegetative,0.0,False
2023-09-13,consortium0_sector3_ELMED_3276850_management1_1_1_43188532,14.228146853146853,22.721666,21.366302,81.673225,484.6,44,vegetative,0.0,False
2023-09-14,consortium0_sector3_ELMED_3276850_management1_1_1_43188532,14.029264214046822,22.164818,21.798813,71.86208,0.0,45,flowering,0.0,False
2023-09-15,consortium0_sector3_ELMED_3276850_management1_1_1_43188532,13.868311036789299,21.248436,20.467154,77.878914,32.5,46,flowering,0.0,False
2023-09-16,consortium0_sector3_ELMED_3276850_management1_1_1_43188532,13.741220735785953,21.388618,20.042658,77.92769,0.5,47,flowering,0.0,False
2023-09-17,consortium0_sector3_ELMED_3276850_management1_1_1_43188532,13.631688963210705,22.212513,21.030537,79.106674,0.0,48,flowering,0.0,False
2023-09-18,consortium0_sector3_ELMED_3276850_management1_1_1_43188532,13.55008012820513,21.724508,20.685114,86.17004,547.60004,49,flowering,0.0,False
2023-09-19,consortium0_sector3_ELMED_3276850_management1_1_1_43188532,13.643589743589743,21.877853,21.427727,75.07078,142.8,50,flowering,0.0,False
2023-09-20,consortium0_sector3_ELMED_3276850_management1_1_1_43188532,13.68790064102564,21.22394,20.129717,78.058014,49.8,51,flowering,0.0,False
2023-09-21,consortium0_sector3_ELMED_3276850_management1_1_1_43188532,13.696808510638299,21.097708,20.78644,73.674675,78.200005,52,flowering,0.0,False
2023-09-22,consortium0_sector3_ELMED_3276850_management1_1_1_43188532,16.077332242225857,19.353518,18.81204,89.14688,1211.6,53,flowering,0.0,False
2023-09-23,consortium0_sector3_ELMED_3276850_management1_1_1_43188532,16.96613712374582,18.608377,17.585808,66.392265,63.300003,54,flowering,0.0,False
2023-09-24,consortium0_sector3_ELMED_3276850_management1_1_1_43188532,16.68617021276596,17.389534,16.242847,59.529198,0.0,55,flowering,0.0,False
2023-09-25,consortium0_sector3_ELMED_3276850_management1_1_1_43188532,16.515625,17.091995,17.558662,59.196888,0.0,56,flowering,0.0,False
2023-09-26,consortium0_sector3_ELMED_3276850_management1_1_1_43188532,16.40510033444816,18.0645,19.189533,69.92852,0.0,57,flowering,0.0,False
2023-09-27,consortium0_sector3_ELMED_3276850_management1_1_1_43188532,16.362458193979933,18.968447,18.926844,73.53084,0.0,58,flowering,0.0,False
2023-09-28,consortium0_sector3_ELMED_3276850_management1_1_1_43188532,16.330685618729095,18.693857,18.982841,72.15058,0.0,59,flowering,0.0,False
2023-09-29,consortium0_sector3_ELMED_3276850_management1_1_1_43188532,16.0752508361204,19.084892,19.393478,75.0403,0.0,60,flowering,0.0,False
2023-09-30,consortium0_sector3_ELMED_3276850_management1_1_1_43188532,15.834188034188035,19.885965,21.290575,68.83659,0.0,61,flowering,0.0,False
2023-10-01,consortium0_sector3_ELMED_3276850_management1_1_1_43188532,15.577341137123744,19.71687,20.188429,65.84731,0.0,62,flowering,0.0,False
2023-10-02,consortium0_sector3_ELMED_3276850_management1_1_1_43188532,15.331070889894418,19.185524,21.31204,60.440758,0.0,63,flowering,0.0,False
2023-10-03,consortium0_sector3_ELMED_3276850_management1_1_1_43188532,15.133779264214047,19.506042,20.787102,72.6725,0.0,64,flowering,0.0,False
2023-10-04,consortium0_sector3_ELMED_3276850_management1_1_1_43188532,14.946906354515052,19.945215,20.055347,72.583626,18.800001,65,flowering,0.0,False
2023-10-05,consortium0_sector3_ELMED_3276850_management1_1_1_43188532,14.832242225859249,20.394962,19.858315,76.930916,0.0,66,flowering,0.0,False
2023-10-06,consortium0_sector3_ELMED_3276850_management1_1_1_43188532,14.735270049099835,19.331703,19.803738,68.68812,0.0,67,flowering,0.0,False
2023-10-07,consortium0_sector3_ELMED_3276850_management1_1_1_43188532,14.5625,18.762356,19.721983,57.005974,0.0,68,flowering,0.0,False
2023-10-08,consortium0_sector3_ELMED_3276850_management1_1_1_43188532,14.414715719063546,19.171446,20.439533,54.11914,0.0,69,flowering,0.0,False
2023-10-09,consortium0_sector3_ELMED_3276850_management1_1_1_43188532,14.282905982905984,19.455223,21.265701,50.903347,0.0,70,maturity,0.0,False
2023-10-10,consortium0_sector3_ELMED_3276850_management1_1_1_43188532,14.14607201309329,19.316078,21.40323,45.470448,0.0,71,maturity,0.0,False
2023-10-11,consortium0_sector3_ELMED_3276850_management1_1_1_43188532,14.026041666666666,18.340448,19.862291,56.437023,0.0,72,maturity,0.0,False
2023-10-12,consortium0_sector3_ELMED_3276850_management1_1_1_43188532,13.927168576104746,18.648972,18.772203,77.3763,0.0,73,maturity,0.0,False
2023-10-13,consortium0_sector3_ELMED_3276850_management1_1_1_43188532,13.839046822742475,18.793573,17.979685,80.80756,0.0,74,maturity,0.0,False
2023-10-14,consortium0_sector3_ELMED_3276850_management1_1_1_43188532,13.733633387888709,18.723467,17.866459,80.673744,164.0,75,maturity,0.0,False
2023-10-15,consortium0_sector3_ELMED_3276850_management1_1_1_43188532,13.700427350427349,16.94108,15.47738,65.650566,0.0,76,maturity,0.0,False
2023-10-16,consortium0_sector3_ELMED_3276850_management1_1_1_43188532,13.65128205128205,13.611061,11.993952,63.932167,0.0,77,maturity,0.0,False
2023-10-17,consortium0_sector3_ELMED_3276850_management1_1_1_43188532,13.61794871794872,12.80983,10.790291,78.55943,0.0,78,maturity,0.0,False
2023-10-18,consortium0_sector3_ELMED_3276850_management1_1_1_43188532,13.561538461538463,13.228201,12.612513,78.96795,14.2,79,maturity,0.0,False
2023-10-19,consortium0_sector3_ELMED_3276850_management1_1_1_43188532,13.77495908346972,14.746509,15.43887,86.78339,474.5,80,maturity,0.0,False
2023-10-20,consortium0_sector3_ELMED_3276850_management1_1_1_43188532,19.854746317512273,16.167469,16.969772,91.779144,2099.9001,81,maturity,0.0,False
2023-10-21,consortium0_sector3_ELMED_3276850_management1_1_1_43188532,19.274358974358975,15.359672,15.743068,83.37499,608.2,82,maturity,0.0,False
2023-10-22,consortium0_sector3_ELMED_3276850_management1_1_1_43188532,19.114566284779052,14.71226,15.323024,78.24249,36.600002,83,maturity,0.0,False
2023-10-23,consortium0_sector3_ELMED_3276850_management1_1_1_43188532,18.924825174825177,14.990985,15.133914,71.484985,0.0,84,maturity,0.0,False
2023-10-24,consortium0_sector3_ELMED_3276850_management1_1_1_43188532,20.204700854700853,14.7588825,15.101497,90.07799,1627.7001,85,maturity,0.0,False
2023-10-25,consortium0_sector3_ELMED_3276850_management1_1_1_43188532,20.02864157119476,14.751117,15.052695,85.2616,87.4,86,maturity,0.0,False
2023-10-26,consortium0_sector3_ELMED_3276850_management1_1_1_43188532,17.333281004709573,14.309356,14.68142,83.984985,354.9,87,maturity,0.0,False
2023-10-27,consortium0_sector3_ELMED_3276850_management1_1_1_43188532,17.907417582417583,15.261661,15.685682,79.78234,1008.5,88,maturity,0.0,False
2023-10-28,consortium0_sector3_ELMED_3276850_management1_1_1_43188532,17.356465997770346,12.680853,12.925076,76.97727,0.0,89,maturity,0.0,False
2023-10-29,consortium0_sector3_ELMED_3276850_management1_1_1_43188532,17.16959308807135,11.622835,12.222109,83.23185,108.200005,90,maturity,0.0,False
2023-10-30,consortium0_sector3_ELMED_3276850_management1_1_1_43188532,17.134206219312603,13.617279,14.849413,91.51501,3671.1,91,maturity,0.0,False
2023-10-31,consortium0_sector3_ELMED_3276850_management1_1_1_43188532,18.983862291554598,12.222582,12.897109,74.41685,1231.7,92,maturity,0.0,False
2023-11-01,consortium0_sector3_ELMED_3276850_management1_1_1_43188532,17.82774725274725,10.056736,10.372078,78.54761,56.899998,93,maturity,0.0,False
2023-11-02,consortium0_sector3_ELMED_3276850_management1_1_1_43188532,17.394576646375207,11.098277,11.181357,89.53332,2317.2,94,maturity,0.0,False
2023-11-03,consortium0_sector3_ELMED_3276850_management1_1_1_43188532,18.416393889798147,9.324728,8.41207,85.65028,739.2,95,maturity,0.0,False
2023-11-04,consortium0_sector3_ELMED_3276850_management1_1_1_43188532,17.884069830878342,7.72416,7.550865,82.87789,765.10004,96,maturity,0.0,False
2023-11-05,consortium0_sector3_ELMED_3276850_management1_1_1_43188532,18.16102383531961,8.196731,7.4586616,88.932106,901.2,97,maturity,0.0,False
2023-11-06,consortium0_sector3_ELMED_3276850_management1_1_1_43188532,17.724587912087912,7.508031,8.067658,79.46058,0.0,98,maturity,0.0,False
2023-11-07,consortium0_sector3_ELMED_3276850_management1_1_1_43188532,17.60780460415497,8.077096,7.749792,90.40818,44.100002,99,maturity,0.0,False
2023-11-08,consortium0_sector3_ELMED_3276850_management1_1_1_43188532,17.650274725274723,6.196541,6.1178474,76.57745,0.0,100,maturity,0.0,False
2023-11-09,consortium0_sector3_ELMED_3276850_management1_1_1_43188532,17.48494983277592,6.64774,7.6791477,71.64765,405.69998,101,maturity,0.0,False
2023-11-10,consortium0_sector3_ELMED_3276850_management1_1_1_43188532,17.830494505494507,7.7866287,7.7043686,89.20799,162.0,102,maturity,0.0,False
2023-11-11,consortium0_sector3_ELMED_3276850_management1_1_1_43188532,17.627035373385738,6.594489,6.4181314,73.81185,0.0,103,maturity,0.0,False
2023-11-12,consortium0_sector3_ELMED_3276850_management1_1_1_43188532,17.467094017094016,5.66649,5.181831,69.38497,0.5,104,maturity,0.0,False
2023-11-13,consortium0_sector3_ELMED_3276850_management1_1_1_43188532,17.354638009049772,6.701149,8.335082,71.67879,0.0,105,maturity,0.0,False
2023-11-14,consortium0_sector3_ELMED_3276850_management1_1_1_43188532,17.274488101826233,7.52113,9.993573,78.50023,105.09999,106,maturity,0.0,False
2023-11-15,consortium0_sector3_ELMED_3276850_management1_1_1_43188532,17.224498327759196,7.7103662,9.364407,71.78832,6.1,107,maturity,0.0,False
2023-11-16,consortium0_sector3_ELMED_3276850_management1_1_1_43188532,17.174956622325045,6.172456,6.5919003,71.71719,0.0,108,maturity,0.0,False
2023-11-17,consortium0_sector3_ELMED_3276850_management1_1_1_43188532,17.10962942167322,6.2293057,6.5771904,68.40206,0.0,109,maturity,0.0,False
2023-11-18,consortium0_sector3_ELMED_3276850_management1_1_1_43188532,17.095054945054944,6.0772223,6.168384,63.805042,0.0,110,maturity,0.0,False
2023-11-19,consortium0_sector3_ELMED_3276850_management1_1_1_43188532,17.133653846153848,6.4199305,8.570815,64.59151,0.0,111,maturity,0.0,False
2023-11-20,consortium0_sector3_ELMED_3276850_management1_1_1_43188532,17.010376314333147,5.4751387,9.819805,66.88346,0.0,112,maturity,0.0,False
2023-11-21,consortium0_sector3_ELMED_3276850_management1_1_1_43188532,16.989601139601138,5.8919315,8.049791,65.86609,0.0,113,maturity,0.0,False
2023-11-22,consortium0_sector3_ELMED_3276850_management1_1_1_43188532,16.948671831765356,6.2436366,6.6855874,68.20428,0.0,114,maturity,0.0,False
2023-11-23,consortium0_sector3_ELMED_3276850_management1_1_1_43188532,16.93185618729097,5.268731,7.236345,61.72216,0.0,115,maturity,0.0,False
2023-11-24,consortium0_sector3_ELMED_3276850_management1_1_1_43188532,16.896776018099548,6.2467613,8.857589,58.839844,0.0,116,maturity,0.0,False
2023-11-25,consortium0_sector3_ELMED_3276850_management1_1_1_43188532,16.95185390149419,4.4948673,3.1891856,53.46176,1.0,117,maturity,0.0,False
2023-11-26,consortium0_sector3_ELMED_3276850_management1_1_1_43188532,16.85223416289593,4.2470455,3.577096,56.02265,0.0,118,maturity,0.0,False
2023-11-27,consortium0_sector3_ELMED_3276850_management1_1_1_43188532,16.453962703962706,3.3008966,3.9546847,57.317383,0.0,119,maturity,0.0,False
2023-11-28,consortium0_sector3_ELMED_3276850_management1_1_1_43188532,16.45691711389386,3.7787373,4.5724564,64.65279,0.0,120,maturity,0.0,False
2023-11-29,consortium0_sector3_ELMED_3276850_management1_1_1_43188532,16.47782144862437,4.4454355,3.6332512,61.843258,0.0,121,maturity,0.0,False
2023-11-30,consortium0_sector3_ELMED_3276850_management1_1_1_43188532,16.45016844469399,3.6810102,4.3501387,79.43873,308.80002,122,maturity,0.0,False
2023-12-01,consortium0_sector3_ELMED_3276850_management1_1_1_43188532,16.7057277255119,2.8161428,6.730032,87.48093,2312.9001,123,maturity,0.0,False
2023-12-02,consortium0_sector3_ELMED_3276850_management1_1_1_43188532,18.174460431654676,5.607399,6.170688,69.722206,1359.1,124,maturity,0.0,False
2023-12-03,consortium0_sector3_ELMED_3276850_management1_1_1_43188532,17.783829309376753,3.3169003,1.9953094,50.738373,0.0,125,maturity,0.0,False
2023-12-04,consortium0_sector3_ELMED_3276850_management1_1_1_43188532,17.72198996655518,2.2158587,1.720846,66.90371,106.1,126,maturity,0.0,False
2023-12-05,consortium0_sector3_ELMED_3276850_management1_1_1_43188532,17.39528354856822,1.7528852,2.7472034,73.51763,15.200001,127,maturity,0.0,False
2023-12-06,consortium0_sector3_ELMED_3276850_management1_1_1_43188532,17.628065774804906,3.793321,2.8934472,71.41454,0.0,128,maturity,0.0,False
2023-12-07,consortium0_sector3_ELMED_3276850_management1_1_1_43188532,17.354415954415956,3.9986553,2.4680367,65.91764,0.0,129,maturity,0.0,False
2023-12-08,consortium0_sector3_ELMED_3276850_management1_1_1_43188532,17.310736026563365,3.443005,2.701149,72.134384,92.40001,130,maturity,0.0,False
2023-12-09,consortium0_sector3_ELMED_3276850_management1_1_1_43188532,17.242416034669557,2.8376706,5.242721,70.82651,39.100002,131,maturity,0.0,False
2023-12-10,consortium0_sector3_ELMED_3276850_management1_1_1_43188532,17.251555429864254,3.5931947,4.7926893,76.16806,0.0,132,maturity,0.0,False
2023-12-11,consortium0_sector3_ELMED_3276850_management1_1_1_43188532,17.26923076923077,4.157557,5.2566733,72.86343,8.1,133,maturity,0.0,False
2023-12-12,consortium0_sector3_ELMED_3276850_management1_1_1_43188532,17.18829551743221,4.810051,7.0803156,78.30678,6.6,134,maturity,0.0,False
2023-12-13,consortium0_sector3_ELMED_3276850_management1_1_1_43188532,17.23598901098901,5.18524,6.1175632,92.08016,618.0,135,maturity,0.0,False
2023-12-14,consortium0_sector3_ELMED_3276850_management1_1_1_43188532,17.780998851894374,3.976149,4.814912,81.12953,0.0,136,maturity,0.0,False
2023-12-15,consortium0_sector3_ELMED_3276850_management1_1_1_43188532,17.628344481605353,4.5717297,5.3201203,63.98487,0.0,137,maturity,0.0,False
2023-12-16,consortium0_sector3_ELMED_3276850_management1_1_1_43188532,17.516381766381766,4.4530745,5.2423425,56.079224,0.0,138,maturity,0.0,False
2023-12-17,consortium0_sector3_ELMED_3276850_management1_1_1_43188532,17.425042111173497,2.679779,6.5584407,51.243706,0.0,139,maturity,0.0,False
2023-12-18,consortium0_sector3_ELMED_3276850_management1_1_1_43188532,17.384191176470587,3.0942676,7.229716,54.672024,0.0,140,maturity,0.0,False
2023-12-19,consortium0_sector3_ELMED_3276850_management1_1_1_43188532,17.333104395604394,4.3245077,6.9078727,60.263474,0.0,141,maturity,0.0,False
2023-12-20,consortium0_sector3_ELMED_3276850_management1_1_1_43188532,17.314869989165764,4.359072,6.3794947,61.24962,0.0,142,maturity,0.0,False
2023-12-21,consortium0_sector3_ELMED_3276850_management1_1_1_43188532,17.26226309921962,4.6022224,5.340701,68.69109,36.0,143,maturity,0.0,False
2023-12-22,consortium0_sector3_ELMED_3276850_management1_1_1_43188532,17.26170568561873,5.6297793,5.092879,89.33495,197.90001,144,maturity,0.0,False
2023-12-23,consortium0_sector3_ELMED_3276850_management1_1_1_43188532,17.275028280542987,5.7794003,5.062576,85.20018,0.0,145,maturity,0.0,False
2023-12-24,consortium0_sector3_ELMED_3276850_management1_1_1_43188532,17.2341628959276,5.7451515,8.626718,55.773663,0.0,146,maturity,0.0,False
2023-12-25,consortium0_sector3_ELMED_3276850_management1_1_1_43188532,17.200193691200884,5.6478977,9.889691,65.40803,0.0,147,maturity,0.0,False
2023-12-26,consortium0_sector3_ELMED_3276850_management1_1_1_43188532,17.25083612040134,4.9267807,7.743573,73.50054,0.0,148,maturity,0.0,False
2023-12-27,consortium0_sector3_ELMED_3276850_management1_1_1_43188532,17.196396123561478,3.4840722,6.910461,51.993927,0.0,149,maturity,0.0,False
2023-12-28,consortium0_sector3_ELMED_3276850_management1_1_1_43188532,17.23931623931624,4.4202466,6.4570208,57.461292,0.0,150,maturity,0.0,False
2023-12-29,consortium0_sector3_ELMED_3276850_management1_1_1_43188532,17.150399129172712,5.1688576,5.7666163,83.87174,0.0,151,maturity,0.0,False
2023-12-30,consortium0_sector3_ELMED_3276850_management1_1_1_43188532,17.133908371040725,5.074981,5.9830303,79.21589,0.0,152,maturity,0.0,False
2023-12-31,consortium0_sector3_ELMED_3276850_management1_1_1_43188532,17.208119658119656,5.015701,5.522267,88.82301,944.39996,153,maturity,0.0,False
2024-01-01,consortium0_sector3_ELMED_3276850_management1_1_1_43188532,18.519091415830545,4.056073,3.9580934,89.88806,271.19998,154,maturity,0.0,False
2024-01-02,consortium0_sector3_ELMED_3276850_management1_1_1_43188532,17.890832851359164,2.831389,3.230821,73.01472,0.0,155,maturity,0.0,False
2024-01-03,consortium0_sector3_ELMED_3276850_management1_1_1_43188532,17.70592363840539,3.8746023,4.4248867,84.00706,0.0,156,maturity,0.0,False
2024-01-04,consortium0_sector3_ELMED_3276850_management1_1_1_43188532,17.637984278495228,3.927159,4.6127653,75.84063,6.6,157,maturity,0.0,False
2024-01-05,consortium0_sector3_ELMED_3276850_management1_1_1_43188532,17.7185569904548,4.121793,4.4092298,80.87472,678.3,158,maturity,0.0,False
2024-01-06,consortium0_sector3_ELMED_3276850_management1_1_1_43188532,18.933729939125623,4.5052214,5.1863766,92.02766,688.0,159,maturity,0.0,False
2024-01-07,consortium0_sector3_ELMED_3276850_management1_1_1_43188532,18.37402452619844,4.347614,5.7102084,72.21565,117.3,160,maturity,0.0,False
2024-01-08,consortium0_sector3_ELMED_3276850_management1_1_1_43188532,17.910302197802196,4.0182576,4.770341,63.077015,0.0,161,maturity,0.0,False
2024-01-09,consortium0_sector3_ELMED_3276850_management1_1_1_43188532,17.77808522412839,3.775139,4.7051263,72.747116,0.0,162,maturity,0.0,False
2024-01-10,consortium0_sector3_ELMED_3276850_management1_1_1_43188532,17.696438746438748,4.0886173,3.8901958,80.73706,0.0,163,maturity,0.0,False
2024-01-11,consortium0_sector3_ELMED_3276850_management1_1_1_43188532,17.58352468427095,2.9964142,3.2419004,65.28509,0.0,164,maturity,0.0,False
2024-01-12,consortium0_sector3_ELMED_3276850_management1_1_1_43188532,17.530364372469634,4.1021276,3.603264,58.663425,0.0,165,maturity,0.0,False
2024-01-13,consortium0_sector3_ELMED_3276850_management1_1_1_43188532,17.509124087591243,3.9807262,2.8934155,54.269062,0.0,166,maturity,0.0,False
2024-01-14,consortium0_sector3_ELMED_3276850_management1_1_1_43188532,17.473557692307693,3.4101768,3.1668055,50.982616,0.0,167,maturity,0.0,False
2024-01-15,consortium0_sector3_ELMED_3276850_management1_1_1_43188532,17.435943552850027,3.0562942,3.1077461,58.460922,0.0,168,maturity,0.0,False
2024-01-16,consortium0_sector3_ELMED_3276850_management1_1_1_43188532,17.474504662004662,4.002222,3.062008,55.362106,0.0,169,maturity,0.0,False
2024-01-17,consortium0_sector3_ELMED_3276850_management1_1_1_43188532,17.44894853348091,3.4190469,3.6172159,78.97888,491.0,170,maturity,0.0,False
2024-01-18,consortium0_sector3_ELMED_3276850_management1_1_1_43188532,17.467130387343154,3.1619446,5.7107134,87.147415,494.5,171,maturity,0.0,False
2024-01-19,consortium0_sector3_ELMED_3276850_management1_1_1_43188532,18.379983155530603,3.3871653,2.1636174,62.046413,208.2,172,maturity,0.0,False
2024-01-20,consortium0_sector3_ELMED_3276850_management1_1_1_43188532,18.17820512820513,2.1579356,-0.6682006,41.12848,0.0,173,maturity,0.0,False
2024-01-21,consortium0_sector3_ELMED_3276850_management1_1_1_43188532,18.222053126729385,2.1695204,1.2889332,35.24871,0.0,174,maturity,0.0,False
2024-01-22,consortium0_sector3_ELMED_3276850_management1_1_1_43188532,18.230769230769234,1.8139017,4.0906377,32.819775,0.0,175,maturity,0.0,False
2024-01-23,consortium0_sector3_ELMED_3276850_management1_1_1_43188532,17.97313147845063,2.4917107,5.221225,52.468285,0.0,176,maturity,0.0,False
2024-01-24,consortium0_sector3_ELMED_3276850_management1_1_1_43188532,17.840398652442445,5.021635,8.159041,60.922962,0.0,177,maturity,0.0,False
2024-01-25,consortium0_sector3_ELMED_3276850_management1_1_1_43188532,17.832257158899495,5.086976,8.444426,79.3501,1.0,178,maturity,0.0,False
2024-01-26,consortium0_sector3_ELMED_3276850_management1_1_1_43188532,17.842141671278362,5.4234347,8.89149,70.75514,0.0,179,maturity,0.0,False
2024-01-27,consortium0_sector3_ELMED_3276850_management1_1_1_43188532,17.837871982032564,5.4979296,6.7936997,71.13025,0.0,180,maturity,0.0,False
2024-01-28,consortium0_sector3_ELMED_3276850_management1_1_1_43188532,17.814430095451993,4.888933,5.655095,58.040222,0.0,181,maturity,0.0,False
2024-01-29,consortium0_sector3_ELMED_3276850_management1_1_1_43188532,17.824972129319956,3.9105873,5.965669,55.528717,0.0,182,maturity,0.0,False
2024-01-30,consortium0_sector3_ELMED_3276850_management1_1_1_43188532,17.83477789815818,3.8649433,7.1085353,53.885735,0.0,183,maturity,0.0,False
2024-01-31,consortium0_sector3_ELMED_3276850_management1_1_1_43188532,17.807142857142857,3.5609343,7.9126706,53.394226,0.0,184,maturity,0.0,False
2024-02-01,consortium0_sector3_ELMED_3276850_management1_1_1_43188532,17.805602006688964,3.4189205,4.710177,70.14836,0.0,185,maturity,0.0,False
2024-02-02,consortium0_sector3_ELMED_3276850_management1_1_1_43188532,17.811675824175822,3.3649116,6.8074937,63.888027,0.0,186,maturity,0.0,False
2024-02-03,consortium0_sector3_ELMED_3276850_management1_1_1_43188532,17.84793956043956,4.2057576,8.846193,65.70354,0.0,187,maturity,0.0,False
2024-02-04,consortium0_sector3_ELMED_3276850_management1_1_1_43188532,17.862225274725276,4.934356,9.043858,60.710472,0.0,188,maturity,0.0,False
2024-02-05,consortium0_sector3_ELMED_3276850_management1_1_1_43188532,17.881478450627387,6.2930994,10.305789,58.772938,0.0,189,maturity,0.0,False
2024-02-06,consortium0_sector3_ELMED_3276850_management1_1_1_43188532,17.958674304418988,5.5892487,8.17173,64.57232,0.0,190,maturity,0.0,False
2024-02-07,consortium0_sector3_ELMED_3276850_management1_1_1_43188532,18.008046917621385,6.3375444,7.268984,80.984024,0.0,191,maturity,0.0,False
2024-02-08,consortium0_sector3_ELMED_3276850_management1_1_1_43188532,18.015438786565547,7.71327,8.490227,84.31999,0.0,192,maturity,0.0,False
2024-02-09,consortium0_sector3_ELMED_3276850_management1_1_1_43188532,18.064648117839607,8.624191,9.85137,88.04769,1104.6,193,maturity,0.0,False
2024-02-10,consortium0_sector3_ELMED_3276850_management1_1_1_43188532,19.016793066088844,8.21286,8.648719,93.10485,577.3,194,maturity,0.0,False
2024-02-11,consortium0_sector3_ELMED_3276850_management1_1_1_43188532,19.394714997232985,7.7448044,8.414502,90.15858,461.9,195,maturity,0.0,False
2024-02-12,consortium0_sector3_ELMED_3276850_management1_1_1_43188532,19.030379041248604,6.5482764,8.889154,65.750946,0.0,196,maturity,0.0,False
2024-02-13,consortium0_sector3_ELMED_3276850_management1_1_1_43188532,18.811890574214516,6.5532637,7.389375,59.549137,0.0,197,maturity,0.0,False
2024-02-14,consortium0_sector3_ELMED_3276850_management1_1_1_43188532,18.647714604236345,6.2485604,7.4202466,55.64547,0.0,198,maturity,0.0,False
2024-02-15,consortium0_sector3_ELMED_3276850_management1_1_1_43188532,18.571428571428573,6.986692,10.166932,54.995384,0.0,199,maturity,0.0,False
2024-02-16,consortium0_sector3_ELMED_3276850_management1_1_1_43188532,18.543896321070235,7.257052,11.271068,58.22963,0.0,200,maturity,0.0,False
2024-02-17,consortium0_sector3_ELMED_3276850_management1_1_1_43188532,18.578006500541715,8.4236555,12.641617,63.780952,0.0,201,maturity,0.0,False
2024-02-18,consortium0_sector3_ELMED_3276850_management1_1_1_43188532,18.706696181516328,9.686471,12.296446,70.105156,0.0,202,maturity,0.0,False
2024-02-19,consortium0_sector3_ELMED_3276850_management1_1_1_43188532,18.755417118093174,9.570278,10.747803,68.20793,18.300001,203,maturity,0.0,False
2024-02-20,consortium0_sector3_ELMED_3276850_management1_1_1_43188532,18.784398699891657,8.459482,9.172456,58.518627,0.0,204,maturity,0.0,False
2024-02-21,consortium0_sector3_ELMED_3276850_management1_1_1_43188532,18.738679759956355,7.1921844,8.056357,54.723198,0.0,205,maturity,0.0,False
2024-02-22,consortium0_sector3_ELMED_3276850_management1_1_1_43188532,18.638433257918553,7.9911737,8.745877,82.16882,539.3,206,maturity,0.0,False
2024-02-23,consortium0_sector3_ELMED_3276850_management1_1_1_43188532,19.93998908892526,6.419236,5.5316415,96.35352,1856.7001,207,maturity,0.0,False
2024-02-24,consortium0_sector3_ELMED_3276850_management1_1_1_43188532,19.767140468227424,4.4949307,4.549129,84.50083,375.9,208,maturity,0.0,False
2024-02-25,consortium0_sector3_ELMED_3276850_management1_1_1_43188532,19.77080941446613,5.706799,6.257841,78.040535,382.0,209,maturity,0.0,False
2024-02-26,consortium0_sector3_ELMED_3276850_management1_1_1_43188532,19.347588978185996,5.6719193,5.9588194,88.62233,621.0,210,maturity,0.0,False
2024-02-27,consortium0_sector3_ELMED_3276850_management1_1_1_43188532,20.870225927918234,5.6466665,6.10238,94.39685,1881.8,211,maturity,0.0,False
2024-02-28,consortium0_sector3_ELMED_3276850_management1_1_1_43188532,20.002060439560438,7.5932574,9.4733715,82.39117,560.60004,212,maturity,0.0,False
2024-02-29,consortium0_sector3_ELMED_3276850_management1_1_1_43188532,19.547039291643607,8.670151,9.803169,79.05319,13.2,213,maturity,0.0,False
2024-03-01,consortium0_sector3_ELMED_3276850_management1_1_1_43188532,19.447426674045378,8.797266,9.815165,87.742546,629.39996,214,maturity,0.0,False
2024-03-02,consortium0_sector3_ELMED_3276850_management1_1_1_43188532,19.71909340659341,9.025076,9.993983,82.46949,176.5,215,maturity,0.0,False
2024-03-03,consortium0_sector3_ELMED_3276850_management1_1_1_43188532,19.473610331274568,9.275044,9.908441,75.51209,22.300001,216,maturity,0.0,False
2024-03-04,consortium0_sector3_ELMED_3276850_management1_1_1_43188532,19.202472527472526,9.227254,10.559987,69.94262,0.0,217,maturity,0.0,False
2024-03-05,consortium0_sector3_ELMED_3276850_management1_1_1_43188532,19.258125677139763,9.197298,10.251623,75.51166,497.9,218,maturity,0.0,False
2024-03-06,consortium0_sector3_ELMED_3276850_management1_1_1_43188532,20.14197714718943,8.706894,8.785176,78.412476,843.89996,219,maturity,0.0,False
2024-03-07,consortium0_sector3_ELMED_3276850_management1_1_1_43188532,19.126059687090773,7.7513385,8.173308,68.9957,43.200005,220,maturity,0.0,False
2024-03-08,consortium0_sector3_ELMED_3276850_management1_1_1_43188532,19.090026175547724,8.17072,7.6448045,83.54096,240.8,221,maturity,0.0,False
2024-03-09,consortium0_sector3_ELMED_3276850_management1_1_1_43188532,18.79244140699571,8.847393,8.955001,80.55323,67.5,222,maturity,0.0,False
2024-03-10,consortium0_sector3_ELMED_3276850_management1_1_1_43188532,19.311768174543005,6.8878284,6.087166,95.05769,2153.2,223,maturity,0.0,False
2024-03-11,consortium0_sector3_ELMED_3276850_management1_1_1_43188532,19.241688577742647,5.551875,7.356073,75.43521,0.0,224,maturity,0.0,False
2024-03-12,consortium0_sector3_ELMED_3276850_management1_1_1_43188532,19.029834808700574,6.4574623,8.575045,60.00459,0.0,225,maturity,0.0,False
2024-03-13,consortium0_sector3_ELMED_3276850_management1_1_1_43188532,18.97350185826304,7.907967,9.782683,62.242046,26.4,226,maturity,0.0,False
2024-03-14,consortium0_sector3_ELMED_3276850_management1_1_1_43188532,19.019423592350158,8.443447,10.451244,67.35986,0.0,227,maturity,0.0,False
2024-03-15,consortium0_sector3_ELMED_3276850_management1_1_1_43188532,19.088947443761697,9.649065,12.2329035,72.11478,0.0,228,maturity,0.0,False
2024-03-16,consortium0_sector3_ELMED_3276850_management1_1_1_43188532,19.658885466315336,11.600013,12.405348,75.37223,25.4,229,maturity,0.0,False
2024-03-17,consortium0_sector3_ELMED_3276850_management1_1_1_43188532,20.062083481340494,10.491111,11.590007,67.42552,0.0,230,maturity,0.0,False
2024-03-18,consortium0_sector3_ELMED_3276850_management1_1_1_43188532,20.09296616953933,8.886313,10.166648,75.62568,194.5,231,maturity,0.0,False
2024-03-19,consortium0_sector3_ELMED_3276850_management1_1_1_43188532,20.210973955941867,9.6431,11.531011,68.26965,0.0,232,maturity,0.0,False
2024-03-20,consortium0_sector3_ELMED_3276850_management1_1_1_43188532,20.33243814669671,10.831831,11.313807,76.37536,0.0,233,maturity,0.0,False
2024-03-21,consortium0_sector3_ELMED_3276850_management1_1_1_43188532,20.448029343612852,11.151749,12.882714,67.55197,12.2,234,maturity,0.0,False
2024-03-22,consortium0_sector3_ELMED_3276850_management1_1_1_43188532,20.388726684195525,11.404716,12.627349,62.903484,0.0,235,maturity,0.0,False
2024-03-23,consortium0_sector3_ELMED_3276850_management1_1_1_43188532,20.550976185483307,10.387039,11.905663,68.07996,173.40001,236,maturity,0.0,False
2024-03-24,consortium0_sector3_ELMED_3276850_management1_1_1_43188532,20.29231193370693,8.490354,8.7750435,47.229088,153.0,237,maturity,0.0,False
2024-03-25,consortium0_sector3_ELMED_3276850_management1_1_1_43188532,20.167063792916714,8.112071,7.769299,50.13747,0.0,238,maturity,0.0,False
2024-03-26,consortium0_sector3_ELMED_3276850_management1_1_1_43188532,20.197038375300437,8.508315,8.269931,72.311066,83.3,239,maturity,0.0,False
2024-03-27,consortium0_sector3_ELMED_3276850_management1_1_1_43188532,21.015470503719175,7.877128,7.6684155,92.03532,1627.2001,240,maturity,0.0,False
2024-03-28,consortium0_sector3_ELMED_3276850_management1_1_1_43188532,21.417058922990496,7.4264646,8.200928,85.50384,282.80002,241,maturity,0.0,False
2024-03-29,consortium0_sector3_ELMED_3276850_management1_1_1_43188532,21.25544920394238,8.124223,8.511061,92.40909,272.19998,242,maturity,0.0,False
2024-03-30,consortium0_sector3_ELMED_3276850_management1_1_1_43188532,20.989965040855864,11.912954,13.170372,78.39477,470.69998,243,maturity,0.0,False
2024-03-31,consortium0_sector3_ELMED_3276850_management1_1_1_43188532,21.877836389069824,11.233283,11.564849,87.945,1966.2999,244,maturity,0.0,False
2024-04-01,consortium0_sector3_ELMED_3276850_management1_1_1_43188532,22.427094790120556,11.389596,12.297109,78.77527,1919.2001,245,maturity,0.0,False
2024-04-02,consortium0_sector3_ELMED_3276850_management1_1_1_43188532,20.78725766273151,9.914784,10.505032,72.131996,6.1,246,maturity,0.0,False
2024-04-03,consortium0_sector3_ELMED_3276850_management1_1_1_43188532,19.825625473843825,9.58565,10.197488,71.35864,39.600002,247,maturity,0.0,False
2024-04-04,consortium0_sector3_ELMED_3276850_management1_1_1_43188532,19.725100384690986,11.410113,12.730947,72.53483,0.0,248,maturity,0.0,False
2024-04-05,consortium0_sector3_ELMED_3276850_management1_1_1_43188532,19.98336081938093,13.35762,13.654621,79.111946,0.0,249,maturity,0.0,False
2024-04-06,consortium0_sector3_ELMED_3276850_management1_1_1_43188532,20.276307692307693,14.691932,16.174475,74.536766,0.0,250,maturity,0.0,False
2024-04-07,consortium0_sector3_ELMED_3276850_management1_1_1_43188532,20.388461538461538,15.74651,18.728485,64.1232,0.0,251,maturity,0.0,False
2024-04-08,consortium0_sector3_ELMED_3276850_management1_1_1_43188532,20.470307692307692,16.442122,18.171888,63.492004,0.0,252,maturity,0.0,False
2024-04-09,consortium0_sector3_ELMED_3276850_management1_1_1_43188532,20.397299509001638,16.905159,17.830095,70.37268,575.2,253,maturity,0.0,False
2024-04-10,consortium0_sector3_ELMED_3276850_management1_1_1_43188532,20.269089366515836,11.604558,10.116995,79.945786,1180.7001,254,maturity,0.0,False
2024-04-11,consortium0_sector3_ELMED_3276850_management1_1_1_43188532,20.404411764705884,13.657683,15.572645,64.689445,0.0,255,maturity,0.0,False
2024-04-12,consortium0_sector3_ELMED_3276850_management1_1_1_43188532,20.48213311511184,15.504653,18.391554,61.06807,0.0,256,maturity,0.0,False
2024-04-13,consortium0_sector3_ELMED_3276850_management1_1_1_43188532,20.610714285714284,16.66529,19.046856,60.842518,0.0,257,maturity,0.0,False
2024-04-14,consortium0_sector3_ELMED_3276850_management1_1_1_43188532,20.747664835164837,17.421066,19.574444,64.65082,0.0,258,maturity,0.0,False
2024-04-15,consortium0_sector3_ELMED_3276850_management1_1_1_43188532,20.781215161649946,17.437986,18.101843,74.011246,0.0,259,maturity,0.0,False
2024-04-16,consortium0_sector3_ELMED_3276850_management1_1_1_43188532,20.933578832515003,15.162986,14.262513,53.425343,0.0,260,maturity,0.0,False
2024-04-17,consortium0_sector3_ELMED_3276850_management1_1_1_43188532,21.1936715766503,11.990195,10.251591,49.8592,18.300001,261,maturity,0.0,False
2024-04-18,consortium0_sector3_ELMED_3276850_management1_1_1_43188532,21.0260989010989,9.834861,8.795973,54.49485,0.0,262,maturity,0.0,False
2024-04-19,consortium0_sector3_ELMED_3276850_management1_1_1_43188532,20.91653311965812,9.507178,9.019363,54.967484,6.6,263,maturity,0.0,False
2024-04-20,consortium0_sector3_ELMED_3276850_management1_1_1_43188532,20.741007194244606,10.432273,9.51185,51.283066,6.1,264,maturity,0.0,False
2024-04-21,consortium0_sector3_ELMED_3276850_management1_1_1_43188532,20.40643753409711,9.5273485,8.011218,56.76085,39.600002,265,maturity,0.0,False
2024-04-22,consortium0_sector3_ELMED_3276850_management1_1_1_43188532,20.315838675213676,7.828295,6.5076203,84.906624,470.7,266,maturity,0.0,False
2024-04-23,consortium0_sector3_ELMED_3276850_management1_1_1_43188532,20.26644370122631,8.434324,8.477159,70.700745,204.0,267,maturity,0.0,False
2024-04-24,consortium0_sector3_ELMED_3276850_management1_1_1_43188532,20.33076923076923,9.539974,9.489754,57.479862,31.5,268,maturity,0.0,False
2024-04-25,consortium0_sector3_ELMED_3276850_management1_1_1_43188532,20.32692307692308,9.012481,8.47615,62.37073,0.0,269,maturity,0.0,False
2024-04-26,consortium0_sector3_ELMED_3276850_management1_1_1_43188532,20.362929623567922,10.759293,9.829527,69.921974,12.2,270,maturity,0.0,False
2024-04-27,consortium0_sector3_ELMED_3276850_management1_1_1_43188532,20.358565193671577,12.213712,12.393478,69.93441,32.0,271,maturity,0.0,False
2024-04-28,consortium0_sector3_ELMED_3276850_management1_1_1_43188532,20.385550213675216,13.572298,14.154148,71.774284,7.1,272,maturity,0.0,False
2024-04-29,consortium0_sector3_ELMED_3276850_management1_1_1_43188532,20.4085202991453,14.691996,15.769425,66.787186,0.0,273,maturity,0.0,False
2024-04-30,consortium0_sector3_ELMED_3276850_management1_1_1_43188532,20.312432286023835,16.057747,18.01024,59.74789,38.600002,274,maturity,0.0,False
2024-05-01,consortium0_sector3_ELMED_3276850_management1_1_1_43188532,20.169962080173345,16.171446,16.808756,76.49828,431.5,275,maturity,0.0,False
2024-05-02,consortium0_sector3_ELMED_3276850_management1_1_1_43188532,19.866319444444443,14.018068,13.838586,83.39019,865.2,276,maturity,0.0,False
2024-05-03,consortium0_sector3_ELMED_3276850_management1_1_1_43188532,19.758814102564102,12.98704,13.143384,81.71435,169.09999,277,maturity,0.0,False
2024-05-04,consortium0_sector3_ELMED_3276850_management1_1_1_43188532,19.762323943661972,14.1386175,15.158599,72.680275,128.0,278,maturity,0.0,False
2024-05-05,consortium0_sector3_ELMED_3276850_management1_1_1_43188532,19.75204582651391,15.553705,15.838775,72.3035,0.0,279,maturity,0.0,False
2024-05-06,consortium0_sector3_ELMED_3276850_management1_1_1_43188532,19.635422270037655,15.4804735,15.465922,75.51948,24.4,280,maturity,0.0,False
2024-05-07,consortium0_sector3_ELMED_3276850_management1_1_1_43188532,19.348644161593803,13.768227,14.2986555,81.377304,438.9,281,maturity,0.0,False
2024-05-08,consortium0_sector3_ELMED_3276850_management1_1_1_43188532,19.272970085470085,14.45721,14.798434,83.9793,364.9,282,maturity,0.0,False
2024-05-09,consortium0_sector3_ELMED_3276850_management1_1_1_43188532,19.367939752555138,15.998276,16.739847,69.66079,0.0,283,maturity,0.0,False
2024-05-10,consortium0_sector3_ELMED_3276850_management1_1_1_43188532,18.45619658119658,16.826496,17.092722,73.15861,0.0,284,maturity,0.0,False
2024-05-11,consortium0_sector3_ELMED_3276850_management1_1_1_43188532,17.929712892741062,17.263584,17.594488,71.19605,13.2,285,maturity,0.0,False
2024-05-12,consortium0_sector3_ELMED_3276850_management1_1_1_43188532,17.32528641571195,17.740416,17.810493,73.96869,37.100002,286,maturity,0.0,False
2024-05-13,consortium0_sector3_ELMED_3276850_management1_1_1_43188532,17.01022054868209,17.31065,16.828611,81.07258,680.5,287,maturity,0.0,False
2024-05-14,consortium0_sector3_ELMED_3276850_management1_1_1_43188532,16.741953082378615,17.36204,16.704243,76.29193,18.800001,288,maturity,0.0,False
2024-05-15,consortium0_sector3_ELMED_3276850_management1_1_1_43188532,17.379273504273506,15.437355,15.163365,86.48668,1448.2001,289,maturity,0.0,False
2024-05-16,consortium0_sector3_ELMED_3276850_management1_1_1_43188532,19.953738569123182,15.755694,16.016521,77.523315,384.4,290,maturity,0.0,False
2024-05-17,consortium0_sector3_ELMED_3276850_management1_1_1_43188532,19.600591715976332,15.829085,15.856516,73.73383,114.600006,291,maturity,0.0,False
2024-05-18,consortium0_sector3_ELMED_3276850_management1_1_1_43188532,19.14629120879121,16.038397,15.955252,71.11792,6.1,292,maturity,0.0,False
2024-05-19,consortium0_sector3_ELMED_3276850_management1_1_1_43188532,19.030471289274107,16.885113,17.26914,68.92466,14.2,293,maturity,0.0,False
2024-05-20,consortium0_sector3_ELMED_3276850_management1_1_1_43188532,18.91574432761483,17.654716,18.069458,71.84767,77.200005,294,maturity,0.0,False
2024-05-21,consortium0_sector3_ELMED_3276850_management1_1_1_43188532,20.166257501363884,15.804969,16.049824,90.01209,2438.9001,295,maturity,0.0,False
2024-05-22,consortium0_sector3_ELMED_3276850_management1_1_1_43188532,19.712339743589745,15.969299,15.990069,79.20578,24.4,296,maturity,0.0,False
2024-05-23,consortium0_sector3_ELMED_3276850_management1_1_1_43188532,19.185671722643555,15.976781,15.406736,78.248825,149.80002,297,maturity,0.0,False
2024-05-24,consortium0_sector3_ELMED_3276850_management1_1_1_43188532,19.069310897435898,16.307684,16.301369,71.761765,8.1,298,maturity,0.0,False
2024-05-25,consortium0_sector3_ELMED_3276850_management1_1_1_43188532,19.075704225352112,15.827034,15.394457,76.70824,321.1,299,maturity,0.0,False
2024-05-26,consortium0_sector3_ELMED_3276850_management1_1_1_43188532,18.793201516793065,16.655285,17.439787,69.33089,0.0,300,maturity,0.0,False
2024-05-27,consortium0_sector3_ELMED_3276850_management1_1_1_43188532,18.708733974358974,18.282778,18.668417,73.906105,6.6,301,maturity,0.0,False
2024-05-28,consortium0_sector3_ELMED_3276850_management1_1_1_43188532,18.566506410256412,18.022898,18.254337,68.985985,244.2,302,maturity,0.0,False
2024-05-29,consortium0_sector3_ELMED_3276850_management1_1_1_43188532,18.437900641025642,17.98041,18.402569,64.118126,0.0,303,maturity,0.0,False
2024-05-30,consortium0_sector3_ELMED_3276850_management1_1_1_43188532,18.339697802197804,17.834072,17.153358,87.072815,2291.0999,304,maturity,0.0,False
2024-05-31,consortium0_sector3_ELMED_3276850_management1_1_1_43188532,20.315223238300163,15.01286,14.1675,82.206696,1179.5,305,maturity,0.0,False
2024-06-01,consortium0_sector3_ELMED_3276850_management1_1_1_43188532,19.289806347498654,15.197898,15.967437,73.98437,7.1,306,maturity,0.0,False
2024-06-02,consortium0_sector3_ELMED_3276850_management1_1_1_43188532,19.103365384615387,17.18707,18.402443,69.87061,85.1,307,maturity,0.0,False
2024-06-03,consortium0_sector3_ELMED_3276850_management1_1_1_43188532,19.846560130010836,17.644743,18.196604,75.29063,531.9,308,maturity,0.0,False
2024-06-04,consortium0_sector3_ELMED_3276850_management1_1_1_43188532,19.34061981184283,18.131483,18.518131,72.09506,33.0,309,maturity,0.0,False
2024-06-05,consortium0_sector3_ELMED_3276850_management1_1_1_43188532,19.10016025641026,19.180094,19.207243,77.19946,0.0,310,maturity,0.0,False
2024-06-06,consortium0_sector3_ELMED_3276850_management1_1_1_43188532,18.888949079089926,20.542753,20.922678,76.64307,18.800001,311,maturity,0.0,False
2024-06-07,consortium0_sector3_ELMED_3276850_management1_1_1_43188532,18.485042735042736,21.445215,22.082367,78.76556,0.0,312,maturity,0.0,False
2024-06-08,consortium0_sector3_ELMED_3276850_management1_1_1_43188532,16.79954594017094,21.857271,22.35175,80.74752,459.0,313,maturity,0.0,False
2024-06-09,consortium0_sector3_ELMED_3276850_management1_1_1_43188532,16.389423076923077,21.553328,22.684357,75.99743,137.1,314,maturity,0.0,False
2024-06-10,consortium0_sector3_ELMED_3276850_management1_1_1_43188532,16.028033586132178,21.332905,21.26747,77.17057,601.10004,315,maturity,0.0,False
2024-06-11,consortium0_sector3_ELMED_3276850_management1_1_1_43188532,16.045723507261968,19.003296,18.82356,80.491455,1903.2001,316,maturity,0.0,False
2024-06-12,consortium0_sector3_ELMED_3276850_management1_1_1_43188532,17.900572831423894,17.890259,17.124918,74.183136,516.3,317,maturity,0.0,False
2024-06-13,consortium0_sector3_ELMED_3276850_management1_1_1_43188532,18.11037378114843,17.908978,17.290321,65.93933,6.6,318,maturity,0.0,False
2024-06-14,consortium0_sector3_ELMED_3276850_management1_1_1_43188532,17.789951245937164,17.722328,17.533474,75.99364,58.4,319,maturity,0.0,False
2024-06-15,consortium0_sector3_ELMED_3276850_management1_1_1_43188532,17.52972027972028,18.098467,18.161976,80.20968,93.9,320,maturity,0.0,False
2024-06-16,consortium0_sector3_ELMED_3276850_management1_1_1_43188532,17.391251354279525,19.17293,19.85522,75.650894,38.600002,321,maturity,0.0,False
2024-06-17,consortium0_sector3_ELMED_3276850_management1_1_1_43188532,18.30701516793066,20.718067,21.04654,74.675545,8.1,322,maturity,0.0,False
2024-06-18,consortium0_sector3_ELMED_3276850_management1_1_1_43188532,18.3743948359333,21.555317,22.14714,72.079094,0.0,323,maturity,0.0,False
2024-06-19,consortium0_sector3_ELMED_3276850_management1_1_1_43188532,17.726196880043034,22.529337,24.974129,67.708466,0.0,324,maturity,0.0,False
2024-06-20,consortium0_sector3_ELMED_3276850_management1_1_1_43188532,17.586805555555557,23.42053,26.403643,64.15364,0.0,325,maturity,0.0,False
2024-06-21,consortium0_sector3_ELMED_3276850_management1_1_1_43188532,18.134884346422808,23.430473,24.709578,71.656006,875.60004,326,maturity,0.0,False
2024-06-22,consortium0_sector3_ELMED_3276850_management1_1_1_43188532,20.149038461538463,22.195467,22.345688,72.14257,538.39996,327,maturity,0.0,False
2024-06-23,consortium0_sector3_ELMED_3276850_management1_1_1_43188532,20.767628205128204,18.939974,18.654842,84.898796,1069.0,328,maturity,0.0,False
2024-06-24,consortium0_sector3_ELMED_3276850_management1_1_1_43188532,21.505917159763314,20.159702,20.779812,78.02938,125.799995,329,maturity,0.0,False
2024-06-25,consortium0_sector3_ELMED_3276850_management1_1_1_43188532,20.218128025820334,20.616776,20.667343,82.17576,948.7,330,maturity,0.0,False
2024-06-26,consortium0_sector3_ELMED_3276850_management1_1_1_43188532,20.988838084991933,20.90683,20.985619,77.0127,418.3,331,maturity,0.0,False
2024-06-27,consortium0_sector3_ELMED_3276850_management1_1_1_43188532,20.14416159380188,21.841646,23.26873,66.780174,0.0,332,maturity,0.0,False
2024-06-28,consortium0_sector3_ELMED_3276850_management1_1_1_43188532,19.644497863247864,23.283756,25.683977,62.94098,0.0,333,maturity,0.0,False
2024-06-29,consortium0_sector3_ELMED_3276850_management1_1_1_43188532,19.254273504273506,23.93483,25.053486,76.44241,244.3,334,maturity,0.0,False
2024-06-30,consortium0_sector3_ELMED_3276850_management1_1_1_43188532,18.561592253899946,23.982147,24.632147,71.64502,82.3,335,maturity,0.0,False
2024-07-01,consortium0_sector3_ELMED_3276850_management1_1_1_43188532,19.383136094674555,21.755,21.081894,83.97507,308.4,336,maturity,0.0,False
2024-07-02,consortium0_sector3_ELMED_3276850_management1_1_1_43188532,19.588084991931147,20.96488,21.90923,60.28608,0.0,337,maturity,0.0,False
2024-07-03,consortium0_sector3_ELMED_3276850_management1_1_1_43188532,19.06608884073673,19.599792,19.36324,77.711426,344.30002,338,maturity,0.0,False
2024-07-04,consortium0_sector3_ELMED_3276850_management1_1_1_43188532,18.696047008547012,19.795847,20.10279,70.602684,0.0,339,maturity,0.0,False
2024-07-05,consortium0_sector3_ELMED_3276850_management1_1_1_43188532,18.496906939214632,21.167248,21.517721,74.628586,0.0,340,maturity,0.0,False
2024-07-06,consortium0_sector3_ELMED_3276850_management1_1_1_43188532,17.868746637977406,22.734165,23.24812,73.664604,39.600002,341,maturity,0.0,False
2024-07-07,consortium0_sector3_ELMED_3276850_management1_1_1_43188532,17.692576654115115,21.865387,21.911787,84.67836,2203.3,342,maturity,0.0,False
2024-07-08,consortium0_sector3_ELMED_3276850_management1_1_1_43188532,17.535233996772458,23.048214,23.78884,74.033516,80.200005,343,maturity,0.0,False
2024-07-09,consortium0_sector3_ELMED_3276850_management1_1_1_43188532,17.38932221624529,23.766521,24.906105,72.08583,13.2,344,maturity,0.0,False
2024-07-10,consortium0_sector3_ELMED_3276850_management1_1_1_43188532,17.291285637439483,24.516302,26.226622,69.37083,0.0,345,maturity,0.0,False
2024-07-11,consortium0_sector3_ELMED_3276850_management1_1_1_43188532,17.43491124260355,25.050644,26.731264,68.34603,130.1,346,maturity,0.0,False
2024-07-12,consortium0_sector3_ELMED_3276850_management1_1_1_43188532,22.409804983748646,23.95926,23.866901,82.27269,670.0,347,maturity,0.0,False
2024-07-13,consortium0_sector3_ELMED_3276850_management1_1_1_43188532,23.02203525641026,22.929022,23.488617,72.429085,107.200005,348,maturity,0.0,False
2024-07-14,consortium0_sector3_ELMED_3276850_management1_1_1_43188532,22.143147345612135,23.488018,24.136091,70.093285,0.0,349,maturity,0.0,False
2024-07-15,consortium0_sector3_ELMED_3276850_management1_1_1_43188532,21.252938034188034,23.982147,25.362198,68.20133,0.0,350,maturity,0.0,False
2024-07-16,consortium0_sector3_ELMED_3276850_management1_1_1_43188532,20.379139957264957,24.777885,26.166237,68.68406,2.5,351,maturity,0.0,False
2024-07-17,consortium0_sector3_ELMED_3276850_management1_1_1_43188532,19.6566702528241,25.014406,25.595245,70.350815,55.699997,352,maturity,0.0,False
2024-07-18,consortium0_sector3_ELMED_3276850_management1_1_1_43188532,19.123184507799895,24.959988,25.77113,69.34606,0.5,353,maturity,0.0,False
2024-07-19,consortium0_sector3_ELMED_3276850_management1_1_1_43188532,18.65828402366864,25.211977,25.708597,73.25213,1.0,354,maturity,0.0,False
2024-07-20,consortium0_sector3_ELMED_3276850_management1_1_1_43188532,18.342903575297942,24.518795,25.161407,66.12457,23.800001,355,maturity,0.0,False
2024-07-21,consortium0_sector3_ELMED_3276850_management1_1_1_43188532,18.075981710597095,24.221004,24.903896,73.31729,28.900002,356,maturity,0.0,False
2024-07-22,consortium0_sector3_ELMED_3276850_management1_1_1_43188532,10.942160892542573,25.219458,26.094553,64.59581,0.0,357,maturity,0.0,False
2024-07-23,consortium0_sector3_ELMED_3276850_management1_1_1_43188532,7.37768665158371,24.300993,24.347076,75.49493,324.19998,358,maturity,0.0,False
2024-07-24,consortium0_sector3_ELMED_3276850_management1_1_1_43188532,7.3401022054868195,24.211912,25.094173,64.50419,30.5,359,maturity,0.0,False
2024-07-25,consortium0_sector3_ELMED_3276850_management1_1_1_43188532,7.272079772079771,24.11914,24.35459,64.997826,12.2,360,maturity,0.0,False
2024-07-26,consortium0_sector3_ELMED_3276850_management1_1_1_43188532,7.257020757020757,24.989248,24.890606,73.7215,7.6000004,361,maturity,0.0,False
2024-07-27,consortium0_sector3_ELMED_3276850_management1_1_1_43188532,7.095164027149321,25.980852,26.861944,67.76028,13.700001,362,maturity,0.0,False
2024-07-28,consortium0_sector3_ELMED_3276850_management1_1_1_43188532,6.943269230769231,26.082747,26.381958,74.491806,253.40001,363,maturity,0.0,False
2024-07-29,consortium0_sector3_ELMED_3276850_management1_1_1_43188532,6.89444132509826,26.627886,26.449633,73.02014,8.6,364,maturity,0.0,False
2024-07-30,consortium0_sector3_ELMED_3276850_management1_1_1_43188532,6.954660303200449,26.799475,26.468067,72.55862,0.0,365,maturity,0.0,False
2024-07-31,consortium0_sector3_ELMED_3276850_management1_1_1_43188532,6.992114001106807,27.069963,27.730505,69.707664,42.7,366,maturity,0.0,False
2024-08-01,consortium0_sector3_ELMED_3276850_management1_1_1_43188532,6.944460390355912,26.631168,26.631388,69.15944,45.7,367,maturity,0.0,False
2024-08-02,consortium0_sector3_ELMED_3276850_management1_1_1_43188532,6.7631433314886555,25.84613,25.360146,68.58861,18.300001,368,maturity,0.0,False
2024-08-03,consortium0_sector3_ELMED_3276850_management1_1_1_43188532,6.811792986425339,25.341743,25.308537,58.355705,0.0,369,maturity,0.0,False
2024-08-04,consortium0_sector3_ELMED_3276850_management1_1_1_43188532,6.739656177156177,25.42877,25.01349,64.67854,99.0,370,maturity,0.0,False
2024-08-05,consortium0_sector3_ELMED_3276850_management1_1_1_43188532,6.824519230769231,25.828768,25.788239,66.07576,13.2,371,maturity,0.0,False
2024-08-06,consortium0_sector3_ELMED_3276850_management1_1_1_43188532,6.875498575498576,26.165922,26.043982,71.18727,0.0,372,maturity,0.0,False
2024-08-07,consortium0_sector3_ELMED_3276850_management1_1_1_43188532,6.580419580419581,25.345245,24.689438,76.264046,125.90001,373,maturity,0.0,False
2024-08-08,consortium0_sector3_ELMED_3276850_management1_1_1_43188532,6.602564102564102,24.795277,25.899004,58.445656,0.0,374,maturity,0.0,False
2024-08-09,consortium0_sector3_ELMED_3276850_management1_1_1_43188532,6.755205320994795,26.279968,26.510147,65.322235,6.1,375,maturity,0.0,False
2024-08-10,consortium0_sector3_ELMED_3276850_management1_1_1_43188532,6.882119788608338,27.366112,27.919205,65.378784,0.0,376,maturity,0.0,False
2024-08-11,consortium0_sector3_ELMED_3276850_management1_1_1_43188532,6.982215153267785,28.216238,27.57293,72.70823,0.0,377,maturity,0.0,False
2024-08-12,consortium0_sector3_ELMED_3276850_management1_1_1_43188532,7.0576923076923075,28.399477,27.8913,65.13759,0.0,378,maturity,0.0,False
2024-08-13,consortium0_sector3_ELMED_3276850_management1_1_1_43188532,7.072866586538462,27.85301,27.530094,61.962494,15.200001,379,maturity,0.0,False
2024-08-14,consortium0_sector3_ELMED_3276850_management1_1_1_43188532,7.003376394597769,27.581673,27.658913,51.822086,0.0,380,maturity,0.0,False
2024-08-15,consortium0_sector3_ELMED_3276850_management1_1_1_43188532,6.937534097108566,26.53786,26.880947,56.409874,0.0,381,maturity,0.0,False
2024-08-16,consortium0_sector3_ELMED_3276850_management1_1_1_43188532,6.910482123510293,27.266996,27.7306,59.949314,0.0,382,maturity,0.0,False
2024-08-17,consortium0_sector3_ELMED_3276850_management1_1_1_43188532,6.887142055025267,26.843258,26.441774,61.212463,0.0,383,maturity,0.0,False
2024-08-18,consortium0_sector3_ELMED_3276850_management1_1_1_43188532,6.743291592128801,23.073498,22.688808,78.7608,191.40001,384,maturity,0.0,False
2024-08-19,consortium0_sector3_ELMED_3276850_management1_1_1_43188532,6.584188034188035,23.092405,23.253548,74.12653,94.0,385,maturity,0.0,False
2024-08-20,consortium0_sector3_ELMED_3276850_management1_1_1_43188532,6.589517876489707,24.013458,24.55541,66.747154,6.6,386,maturity,0.0,False
2024-08-21,consortium0_sector3_ELMED_3276850_management1_1_1_43188532,6.638515330823023,25.21406,25.402569,65.329575,112.299995,387,maturity,0.0,False
2024-08-22,consortium0_sector3_ELMED_3276850_management1_1_1_43188532,6.673889490790899,24.962103,24.480917,71.293915,126.5,388,maturity,0.0,False
2024-08-23,consortium0_sector3_ELMED_3276850_management1_1_1_43188532,6.676894796380091,25.599445,24.80219,73.547325,0.0,389,maturity,0.0,False
2024-08-24,consortium0_sector3_ELMED_3276850_management1_1_1_43188532,6.703703703703703,26.591963,25.508062,70.691826,12.2,390,maturity,0.0,False
2024-08-25,consortium0_sector3_ELMED_3276850_management1_1_1_43188532,6.697698135198136,26.564342,26.342941,63.20527,20.800001,391,maturity,0.0,False
2024-08-26,consortium0_sector3_ELMED_3276850_management1_1_1_43188532,6.545390271493212,24.604652,24.301592,68.71915,14.2,392,maturity,0.0,False
2024-08-27,consortium0_sector3_ELMED_3276850_management1_1_1_43188532,6.3997150997151,23.778706,23.54048,68.63081,169.0,393,maturity,0.0,False
2024-08-28,consortium0_sector3_ELMED_3276850_management1_1_1_43188532,6.464889277389277,24.142344,24.056578,69.03,6.1,394,maturity,0.0,False
2024-08-29,consortium0_sector3_ELMED_3276850_management1_1_1_43188532,6.502822865208186,25.130789,25.513556,59.88407,0.0,395,maturity,0.0,False
2024-08-30,consortium0_sector3_ELMED_3276850_management1_1_1_43188532,6.445255474452555,25.654274,26.146004,57.203175,0.0,396,maturity,0.0,False
2024-08-31,consortium0_sector3_ELMED_3276850_management1_1_1_43188532,6.4363247863247866,26.246635,26.284073,65.57063,0.0,397,maturity,0.0,False
2024-09-01,consortium0_sector3_ELMED_3276850_management1_1_1_43188532,6.416762342135477,25.313965,24.823782,67.643616,52.700005,398,maturity,0.0,False
2024-09-02,consortium0_sector3_ELMED_3276850_management1_1_1_43188532,6.40356334841629,25.178295,24.609608,62.087173,0.0,399,maturity,0.0,False
2024-09-03,consortium0_sector3_ELMED_3276850_management1_1_1_43188532,6.4214743589743595,23.780315,23.605001,69.923836,265.8,400,maturity,0.0,False
2024-09-04,consortium0_sector3_ELMED_3276850_management1_1_1_43188532,6.377958579881657,23.453611,23.239376,70.04647,37.2,401,maturity,0.0,False
2024-09-05,consortium0_sector3_ELMED_3276850_management1_1_1_43188532,6.265412895927602,20.399319,20.078768,88.39753,2416.9001,402,maturity,0.0,False
2024-09-06,consortium0_sector3_ELMED_3276850_management1_1_1_43188532,6.000295857988165,21.279274,21.567783,74.77708,14.7,403,maturity,0.0,False
2024-09-07,consortium0_sector3_ELMED_3276850_management1_1_1_43188532,6.148933183604717,22.134893,20.83303,78.02276,0.0,404,maturity,0.0,False
2024-09-08,consortium0_sector3_ELMED_3276850_management1_1_1_43188532,6.218427095292768,20.791838,20.82839,87.91815,2607.5999,405,maturity,0.0,False
2024-09-09,consortium0_sector3_ELMED_3276850_management1_1_1_43188532,11.957692307692307,20.63745,20.865828,71.44342,1634.1,406,maturity,0.0,False
2024-09-10,consortium0_sector3_ELMED_3276850_management1_1_1_43188532,11.339213418160785,19.540985,20.719646,56.497482,0.0,407,maturity,0.0,False
2024-09-11,consortium0_sector3_ELMED_3276850_management1_1_1_43188532,11.047652714932127,19.474287,19.291838,74.75768,189.40001,408,maturity,0.0,False
2024-09-12,consortium0_sector3_ELMED_3276850_management1_1_1_43188532,11.530825791855204,15.208188,13.485492,79.54555,1238.9,409,maturity,0.0,False
2024-09-13,consortium0_sector3_ELMED_3276850_management1_1_1_43188532,11.350670163170163,13.702506,13.245846,54.691395,6.6,410,maturity,0.0,False
2024-09-14,consortium0_sector3_ELMED_3276850_management1_1_1_43188532,11.447330654420206,14.737291,13.442247,53.97663,0.0,411,maturity,0.0,False
2024-09-15,consortium0_sector3_ELMED_3276850_management1_1_1_43188532,11.52962962962963,15.449034,14.697551,47.427204,33.5,412,maturity,0.0,False
2024-09-16,consortium0_sector3_ELMED_3276850_management1_1_1_43188532,11.437606837606838,15.3962555,14.526497,58.488792,12.7,413,maturity,0.0,False
2024-09-17,consortium0_sector3_ELMED_3276850_management1_1_1_43188532,11.270634475014036,15.810303,15.409261,67.340096,12.2,414,maturity,0.0,False
2024-09-18,consortium0_sector3_ELMED_3276850_management1_1_1_43188532,11.04315913094539,15.143005,16.086407,61.839893,0.0,415,maturity,0.0,False
2024-09-19,consortium0_sector3_ELMED_3276850_management1_1_1_43188532,10.825659741718136,16.086344,16.504274,70.18306,48.8,416,maturity,0.0,False
2024-09-20,consortium0_sector3_ELMED_3276850_management1_1_1_43188532,10.61729301233118,16.952127,17.13663,75.857956,50.300003,417,maturity,0.0,False
2024-09-21,consortium0_sector3_ELMED_3276850_management1_1_1_43188532,10.319693464430307,17.611376,17.708757,75.144135,0.0,418,maturity,0.0,False
2024-09-22,consortium0_sector3_ELMED_3276850_management1_1_1_43188532,9.899312070043777,17.501684,16.885872,77.119774,0.0,419,maturity,0.0,False
2024-09-23,consortium0_sector3_ELMED_3276850_management1_1_1_43188532,9.37342135476464,17.614122,17.076084,81.65946,1112.9,420,maturity,0.0,False
2024-09-24,consortium0_sector3_ELMED_3276850_management1_1_1_43188532,9.088547646383466,17.395435,17.587229,76.91812,99.9,421,maturity,0.0,False
2024-09-25,consortium0_sector3_ELMED_3276850_management1_1_1_43188532,9.564054366685946,17.038712,16.045847,78.37753,0.0,422,maturity,0.0,False
2024-09-26,consortium0_sector3_ELMED_3276850_management1_1_1_43188532,10.396526980482205,17.376276,17.9633,85.71429,955.8,423,maturity,0.0,False
2024-09-27,consortium0_sector3_ELMED_3276850_management1_1_1_43188532,10.92132867132867,18.781546,19.322046,81.72925,148.7,424,maturity,0.0,False
2024-09-28,consortium0_sector3_ELMED_3276850_management1_1_1_43188532,10.702223557692308,16.816206,15.851338,65.404106,199.59999,425,maturity,0.0,False
2024-09-29,consortium0_sector3_ELMED_3276850_management1_1_1_43188532,10.663537250151421,14.826875,13.668478,67.06256,0.0,426,maturity,0.0,False
2024-09-30,consortium0_sector3_ELMED_3276850_management1_1_1_43188532,10.45982905982906,15.67476,15.298907,76.79835,6.1,427,maturity,0.0,False
2024-10-01,consortium0_sector3_ELMED_3276850_management1_1_1_43188532,10.240958668197473,15.556578,15.303359,82.25524,102.1,428,maturity,0.0,False
2024-10-02,consortium0_sector3_ELMED_3276850_management1_1_1_43188532,10.381410256410255,16.12735,16.131136,84.28023,674.2,429,maturity,0.0,False
2024-10-03,consortium0_sector3_ELMED_3276850_management1_1_1_43188532,10.963418160786583,13.45702,12.9255495,82.36735,872.8,430,maturity,0.0,False
2024-10-04,consortium0_sector3_ELMED_3276850_management1_1_1_43188532,10.618233618233619,11.92454,11.498561,83.40938,761.7,431,maturity,0.0,False
2024-10-05,consortium0_sector3_ELMED_3276850_management1_1_1_43188532,10.3629618413083,12.595373,12.39916,74.73144,0.0,432,maturity,0.0,False
2024-10-06,consortium0_sector3_ELMED_3276850_management1_1_1_43188532,10.367146212566059,13.053265,12.488775,79.62731,0.0,433,maturity,0.0,False
2024-10-07,consortium0_sector3_ELMED_3276850_management1_1_1_43188532,10.366428145497915,14.735998,14.99168,83.43621,96.0,434,maturity,0.0,False
2024-10-08,consortium0_sector3_ELMED_3276850_management1_1_1_43188532,10.971370734528628,15.459578,16.355568,92.04376,3045.5999,435,maturity,0.0,False
2024-10-09,consortium0_sector3_ELMED_3276850_management1_1_1_43188532,10.744833524684271,15.6935425,17.229969,81.44311,244.8,436,maturity,0.0,False
2024-10-10,consortium0_sector3_ELMED_3276850_management1_1_1_43188532,11.016049739733951,15.14894,15.67435,87.275894,1797.7,437,maturity,0.0,False
2024-10-11,consortium0_sector3_ELMED_3276850_management1_1_1_43188532,10.576200115673801,12.606894,13.785651,66.78064,0.0,438,maturity,0.0,False
2024-10-12,consortium0_sector3_ELMED_3276850_management1_1_1_43188532,10.520909645909647,12.944331,13.946824,70.33216,18.300001,439,maturity,0.0,False
2024-10-13,consortium0_sector3_ELMED_3276850_management1_1_1_43188532,10.49023199023199,14.114154,14.191743,84.17058,0.0,440,maturity,0.0,False
2024-10-14,consortium0_sector3_ELMED_3276850_management1_1_1_43188532,10.46096009253904,13.22656,13.717879,84.369644,0.5,441,maturity,0.0,False
2024-10-15,consortium0_sector3_ELMED_3276850_management1_1_1_43188532,10.458041958041957,13.390322,14.589249,84.13942,17.2,442,maturity,0.0,False
2024-10-16,consortium0_sector3_ELMED_3276850_management1_1_1_43188532,10.467307692307692,13.477097,15.770593,84.47151,316.30002,443,maturity,0.0,False
2024-10-17,consortium0_sector3_ELMED_3276850_management1_1_1_43188532,10.413892078071184,15.78464,18.000298,82.01426,6.6,444,maturity,0.0,False
2024-10-18,consortium0_sector3_ELMED_3276850_management1_1_1_43188532,10.914401388085597,15.568131,16.623655,92.45203,1313.5,445,maturity,0.0,False
2024-10-19,consortium0_sector3_ELMED_3276850_management1_1_1_43188532,10.615808823529411,14.373055,15.7663,89.70237,986.3,446,maturity,0.0,False
2024-10-20,consortium0_sector3_ELMED_3276850_management1_1_1_43188532,10.903846153846153,15.870341,17.591173,84.016396,45.7,447,maturity,0.0,False
2024-10-21,consortium0_sector3_ELMED_3276850_management1_1_1_43188532,10.617260787992498,15.933725,16.506325,86.18235,0.0,448,maturity,0.0,False
2024-10-22,consortium0_sector3_ELMED_3276850_management1_1_1_43188532,10.581420595533498,15.944521,15.954273,85.501656,0.0,449,maturity,0.0,False
2024-10-23,consortium0_sector3_ELMED_3276850_management1_1_1_43188532,10.521814006888633,15.296256,15.604368,89.70929,689.10004,450,maturity,0.0,False
2024-10-24,consortium0_sector3_ELMED_3276850_management1_1_1_43188532,10.478583916083915,15.7612505,16.647865,85.53306,272.7,451,maturity,0.0,False
2024-10-30,consortium0_sector3_ELMED_3276850_management1_1_1_43188532,10.626131221719458,13.162292,14.391143,76.64891,0.0,457,maturity,0.0,False
2024-10-31,consortium0_sector3_ELMED_3276850_management1_1_1_43188532,10.631314580941446,12.29007,14.652948,74.57619,0.0,458,maturity,0.0,False
2024-11-01,consortium0_sector3_ELMED_3276850_management1_1_1_43188532,10.644581695676587,11.606042,14.3056,75.298645,0.0,459,maturity,0.0,False
2024-11-02,consortium0_sector3_ELMED_3276850_management1_1_1_43188532,10.665268941584731,11.341427,14.460525,70.28055,0.0,460,maturity,0.0,False
2024-11-03,consortium0_sector3_ELMED_3276850_management1_1_1_43188532,10.684757834757834,10.826276,13.679526,73.75923,0.0,461,maturity,0.0,False
2024-11-04,consortium0_sector3_ELMED_3276850_management1_1_1_43188532,10.688403701561596,10.049634,13.142626,72.557014,0.0,462,maturity,0.0,False
2024-11-05,consortium0_sector3_ELMED_3276850_management1_1_1_43188532,10.685408103347035,9.096067,12.146951,68.69692,0.0,463,maturity,0.0,False
2024-11-06,consortium0_sector3_ELMED_3276850_management1_1_1_43188532,10.691715976331361,8.735367,12.085145,62.886166,0.0,464,maturity,0.0,False
2024-11-07,consortium0_sector3_ELMED_3276850_management1_1_1_43188532,10.705226071638284,8.552632,11.525139,68.61496,0.0,465,maturity,0.0,False
2024-11-08,consortium0_sector3_ELMED_3276850_management1_1_1_43188532,10.715180652680653,8.243068,10.426244,75.42877,0.0,466,maturity,0.0,False
2024-11-09,consortium0_sector3_ELMED_3276850_management1_1_1_43188532,10.724209898628503,8.475928,10.817879,70.547935,0.0,467,maturity,0.0,False
2024-11-10,consortium0_sector3_ELMED_3276850_management1_1_1_43188532,10.706911509543088,7.1975503,10.88281,68.82051,0.0,468,maturity,0.0,False
2024-11-11,consortium0_sector3_ELMED_3276850_management1_1_1_43188532,10.701850780798148,4.277759,8.981735,68.36866,0.0,469,maturity,0.0,False
2024-11-12,consortium0_sector3_ELMED_3276850_management1_1_1_43188532,10.699339839265212,3.989754,7.4942994,64.57565,3.0,470,maturity,0.0,False
2024-11-13,consortium0_sector3_ELMED_3276850_management1_1_1_43188532,10.68932617769827,2.6769698,6.6627336,62.67203,27.400002,471,maturity,0.0,False
2024-11-14,consortium0_sector3_ELMED_3276850_management1_1_1_43188532,10.722527472527473,2.898624,6.0836616,65.53379,13.2,472,maturity,0.0,False
2024-11-15,consortium0_sector3_ELMED_3276850_management1_1_1_43188532,10.693277310924369,2.333188,6.061629,57.094902,0.0,473,maturity,0.0,False
2024-11-16,consortium0_sector3_ELMED_3276850_management1_1_1_43188532,10.686298076923077,2.228327,6.8305683,55.28406,0.0,474,maturity,0.0,False
2024-11-17,consortium0_sector3_ELMED_3276850_management1_1_1_43188532,10.678982434887947,2.2895646,6.5088825,57.865086,0.0,475,maturity,0.0,False
2024-11-18,consortium0_sector3_ELMED_3276850_management1_1_1_43188532,10.686427209154482,4.196004,8.129684,63.296844,0.0,476,maturity,0.0,False
2024-11-19,consortium0_sector3_ELMED_3276850_management1_1_1_43188532,10.66773504273504,3.9844193,7.3548107,71.861565,0.0,477,maturity,0.0,False
2024-11-20,consortium0_sector3_ELMED_3276850_management1_1_1_43188532,10.570458952811892,5.3152905,6.6660166,63.42486,271.6,478,maturity,0.0,False
2024-11-21,consortium0_sector3_ELMED_3276850_management1_1_1_43188532,10.472408026755852,4.1095457,2.5839458,65.05896,144.1,479,maturity,0.0,False
2024-11-22,consortium0_sector3_ELMED_3276850_management1_1_1_43188532,10.416197623514696,3.6480556,1.1081567,58.90435,106.2,480,maturity,0.0,False
2024-11-23,consortium0_sector3_ELMED_3276850_management1_1_1_43188532,10.44789081885856,1.7833145,-1.0288382,62.4776,0.0,481,maturity,0.0,False
2024-11-24,consortium0_sector3_ELMED_3276850_management1_1_1_43188532,10.410203432930704,2.8058524,2.7774432,63.111446,0.0,482,maturity,0.0,False
2024-11-25,consortium0_sector3_ELMED_3276850_management1_1_1_43188532,10.442822802197801,3.435019,5.415259,77.596245,0.0,483,maturity,0.0,False
2024-11-26,consortium0_sector3_ELMED_3276850_management1_1_1_43188532,10.455128205128204,3.9843879,6.940764,89.326935,19.300001,484,maturity,0.0,False
2024-11-27,consortium0_sector3_ELMED_3276850_management1_1_1_43188532,10.481730769230769,4.663144,7.280726,89.945335,34.0,485,maturity,0.0,False
2024-11-28,consortium0_sector3_ELMED_3276850_management1_1_1_43188532,10.457175177763414,4.6351767,6.0109024,93.18319,3.0,486,maturity,0.0,False
2024-11-29,consortium0_sector3_ELMED_3276850_management1_1_1_43188532,10.442761962447001,4.4676895,5.23565,64.0989,0.0,487,maturity,0.0,False
2024-11-30,consortium0_sector3_ELMED_3276850_management1_1_1_43188532,10.394230769230768,3.7190151,4.532904,59.18845,0.0,488,maturity,0.0,False
2024-12-01,consortium0_sector3_ELMED_3276850_management1_1_1_43188532,10.369762351469669,2.9521594,4.620909,54.5375,0.0,489,maturity,0.0,False
2024-12-02,consortium0_sector3_ELMED_3276850_management1_1_1_43188532,10.342368261659601,1.9885542,5.5226455,52.50293,0.0,490,maturity,0.0,False
2024-12-03,consortium0_sector3_ELMED_3276850_management1_1_1_43188532,10.33585164835165,2.6219509,6.030063,64.34166,0.0,491,maturity,0.0,False
2023-07-31,consortium0_sector3_ELMED_3276850_management1_1_1_43712822,4.618037135278514,25.133535,24.483978,62.523438,14.7,0,establishment,0.0,False
2023-08-01,consortium0_sector3_ELMED_3276850_management1_1_1_43712822,4.604651162790698,24.396982,22.458946,81.48601,176.59999,1,establishment,0.0,False
2023-08-02,consortium0_sector3_ELMED_3276850_management1_1_1_43712822,4.568949343339587,24.25197,23.82012,70.16911,38.100002,2,establishment,0.0,False
2023-08-03,consortium0_sector3_ELMED_3276850_management1_1_1_43712822,4.531468531468532,26.036566,24.714565,70.874596,87.1,3,establishment,0.0,False
2023-08-04,consortium0_sector3_ELMED_3276850_management1_1_1_43712822,4.5012541806020065,23.125172,21.252096,73.73862,249.80002,4,establishment,0.0,False
2023-08-05,consortium0_sector3_ELMED_3276850_management1_1_1_43712822,4.453234265734266,20.820782,20.516268,69.13036,575.3,5,establishment,0.0,False
2023-08-06,consortium0_sector3_ELMED_3276850_management1_1_1_43712822,4.398601398601399,21.770878,20.685493,55.34685,110.299995,6,establishment,0.0,False
2023-08-07,consortium0_sector3_ELMED_3276850_management1_1_1_43712822,4.351472995090017,20.75077,18.840006,48.997375,0.0,7,establishment,0.0,False
2023-08-08,consortium0_sector3_ELMED_3276850_management1_1_1_43712822,4.295454545454546,20.763048,19.717312,53.98198,0.0,8,establishment,0.0,False
2023-08-09,consortium0_sector3_ELMED_3276850_management1_1_1_43712822,4.237876254180603,22.17577,21.224823,65.20097,0.0,9,establishment,0.0,False
2023-08-10,consortium0_sector3_ELMED_3276850_management1_1_1_43712822,4.1753663003663,23.641964,23.364185,61.566513,0.0,10,establishment,0.0,False
2023-08-11,consortium0_sector3_ELMED_3276850_management1_1_1_43712822,4.240384615384616,25.456167,24.084545,69.63494,0.0,11,establishment,0.0,False
2023-08-12,consortium0_sector3_ELMED_3276850_management1_1_1_43712822,4.466666666666667,26.332115,24.942627,71.15183,0.0,12,establishment,0.0,False
2023-08-13,consortium0_sector3_ELMED_3276850_management1_1_1_43712822,4.736622073578595,27.205095,25.836693,69.62854,12.1,13,establishment,0.0,False
2023-08-14,consortium0_sector3_ELMED_3276850_management1_1_1_43712822,4.847435897435897,27.373308,26.416174,64.23724,0.5,14,establishment,0.0,False
2023-08-15,consortium0_sector3_ELMED_3276850_management1_1_1_43712822,4.705400981996727,27.433126,25.947046,69.06083,68.6,15,vegetative,0.0,False
2023-08-16,consortium0_sector3_ELMED_3276850_management1_1_1_43712822,4.696488294314381,26.234861,25.58199,70.88707,0.0,16,vegetative,0.0,False
2023-08-17,consortium0_sector3_ELMED_3276850_management1_1_1_43712822,4.798076923076923,25.730726,24.479715,74.734375,50.3,17,vegetative,0.0,False
2023-08-18,consortium0_sector3_ELMED_3276850_management1_1_1_43712822,4.93938127090301,25.67779,25.939564,62.493713,0.0,18,vegetative,0.0,False
2023-08-19,consortium0_sector3_ELMED_3276850_management1_1_1_43712822,4.800854700854701,27.105032,26.906546,62.480312,0.0,19,vegetative,0.0,False
2023-08-20,consortium0_sector3_ELMED_3276850_management1_1_1_43712822,4.725752508361204,28.146288,28.24228,64.174576,0.0,20,vegetative,0.0,False
2023-08-21,consortium0_sector3_ELMED_3276850_management1_1_1_43712822,4.687290969899665,28.657934,28.520752,62.889923,0.0,21,vegetative,0.0,False
2023-08-22,consortium0_sector3_ELMED_3276850_management1_1_1_43712822,5.1949958643507035,29.282526,28.99553,58.725437,0.0,22,vegetative,0.0,False
2023-08-23,consortium0_sector3_ELMED_3276850_management1_1_1_43712822,5.127289377289378,29.403673,29.453138,57.515465,6.1,23,vegetative,0.0,False
2023-08-24,consortium0_sector3_ELMED_3276850_management1_1_1_43712822,4.992424982895122,28.965511,29.255442,58.179173,75.700005,24,vegetative,0.0,False
2023-08-25,consortium0_sector3_ELMED_3276850_management1_1_1_43712822,4.954326923076923,29.22536,28.476624,61.99032,0.0,25,vegetative,0.0,False
2023-08-26,consortium0_sector3_ELMED_3276850_management1_1_1_43712822,4.8701440699768455,28.457682,26.874603,62.612106,90.90001,26,vegetative,0.0,False
2023-08-27,consortium0_sector3_ELMED_3276850_management1_1_1_43712822,4.8611628484509835,23.912575,22.317469,87.765976,863.7,27,vegetative,0.0,False
2023-08-28,consortium0_sector3_ELMED_3276850_management1_1_1_43712822,5.8806157078215895,21.552444,19.959293,85.598206,2504.5,28,vegetative,0.0,False
2023-08-29,consortium0_sector3_ELMED_3276850_management1_1_1_43712822,5.81301775147929,18.506105,18.339533,70.09204,173.09999,29,vegetative,0.0,False
2023-08-30,consortium0_sector3_ELMED_3276850_management1_1_1_43712822,5.5205829326923075,19.017183,18.965195,63.561966,31.5,30,vegetative,0.0,False
2023-08-31,consortium0_sector3_ELMED_3276850_management1_1_1_43712822,4.979929792429792,20.076717,18.787323,71.3256,37.600002,31,vegetative,0.0,False
2023-09-01,consortium0_sector3_ELMED_3276850_management1_1_1_43712822,4.952129859387925,21.077791,19.913996,78.24689,0.0,32,vegetative,0.0,False
2023-09-02,consortium0_sector3_ELMED_3276850_management1_1_1_43712822,4.896321070234114,22.87195,21.80601,74.92957,0.0,33,vegetative,0.0,False
2023-09-03,consortium0_sector3_ELMED_3276850_management1_1_1_43712822,4.859656301145663,23.518827,24.035934,61.506832,0.0,34,vegetative,0.0,False
2023-09-04,consortium0_sector3_ELMED_3276850_management1_1_1_43712822,4.816889632107023,23.991995,24.60377,59.63582,0.0,35,vegetative,0.0,False
2023-09-05,consortium0_sector3_ELMED_3276850_management1_1_1_43712822,4.789715719063546,23.810083,21.98745,73.404594,0.0,36,vegetative,0.0,False
2023-09-06,consortium0_sector3_ELMED_3276850_management1_1_1_43712822,4.745908346972177,23.843763,22.592152,72.14051,0.0,37,vegetative,0.0,False
2023-09-07,consortium0_sector3_ELMED_3276850_management1_1_1_43712822,4.703355155482815,23.226938,22.205252,73.27995,0.0,38,vegetative,0.0,False
2023-09-08,consortium0_sector3_ELMED_3276850_management1_1_1_43712822,4.65551839464883,23.873024,22.946571,71.49528,0.0,39,vegetative,0.0,False
2023-09-09,consortium0_sector3_ELMED_3276850_management1_1_1_43712822,4.6024247491638794,24.055126,22.951054,74.32956,0.0,40,vegetative,0.0,False
2023-09-10,consortium0_sector3_ELMED_3276850_management1_1_1_43712822,4.560147299509001,24.78104,23.64916,74.511604,0.0,41,vegetative,0.0,False
2023-09-11,consortium0_sector3_ELMED_3276850_management1_1_1_43712822,4.512959866220736,24.772076,24.506641,65.86429,0.0,42,vegetative,0.0,False
2023-09-12,consortium0_sector3_ELMED_3276850_management1_1_1_43712822,4.454273504273504,24.157934,24.381641,66.65323,0.0,43,vegetative,0.0,False
2023-09-13,consortium0_sector3_ELMED_3276850_management1_1_1_43712822,4.3977272727272725,22.721666,21.366302,81.673225,484.6,44,vegetative,0.0,False
2023-09-14,consortium0_sector3_ELMED_3276850_management1_1_1_43712822,4.338628762541806,22.164818,21.798813,71.86208,0.0,45,flowering,0.0,False
2023-09-15,consortium0_sector3_ELMED_3276850_management1_1_1_43712822,4.2888795986622075,21.248436,20.467154,77.878914,32.5,46,flowering,0.0,False
2023-09-16,consortium0_sector3_ELMED_3276850_management1_1_1_43712822,4.245819397993311,21.388618,20.042658,77.92769,0.5,47,flowering,0.0,False
2023-09-17,consortium0_sector3_ELMED_3276850_management1_1_1_43712822,4.204431438127091,22.212513,21.030537,79.106674,0.0,48,flowering,0.0,False
2023-09-18,consortium0_sector3_ELMED_3276850_management1_1_1_43712822,4.181490384615385,21.724508,20.685114,86.17004,547.60004,49,flowering,0.0,False
2023-09-19,consortium0_sector3_ELMED_3276850_management1_1_1_43712822,4.167521367521368,21.877853,21.427727,75.07078,142.8,50,flowering,0.0,False
2023-09-20,consortium0_sector3_ELMED_3276850_management1_1_1_43712822,4.137820512820514,21.22394,20.129717,78.058014,49.8,51,flowering,0.0,False
2023-09-21,consortium0_sector3_ELMED_3276850_management1_1_1_43712822,4.121112929623568,21.097708,20.78644,73.674675,78.200005,52,flowering,0.0,False
2023-09-22,consortium0_sector3_ELMED_3276850_management1_1_1_43712822,4.1358428805237315,19.353518,18.81204,89.14688,1211.6,53,flowering,0.0,False
2023-09-23,consortium0_sector3_ELMED_3276850_management1_1_1_43712822,4.3005852842809364,18.608377,17.585808,66.392265,63.300003,54,flowering,0.0,False
2023-09-24,consortium0_sector3_ELMED_3276850_management1_1_1_43712822,4.3432896890343695,17.389534,16.242847,59.529198,0.0,55,flowering,0.0,False
2023-09-25,consortium0_sector3_ELMED_3276850_management1_1_1_43712822,4.328125,17.091995,17.558662,59.196888,0.0,56,flowering,0.0,False
2023-09-26,consortium0_sector3_ELMED_3276850_management1_1_1_43712822,4.323160535117057,18.0645,19.189533,69.92852,0.0,57,flowering,0.0,False
2023-09-27,consortium0_sector3_ELMED_3276850_management1_1_1_43712822,4.323996655518394,18.968447,18.926844,73.53084,0.0,58,flowering,0.0,False
2023-09-28,consortium0_sector3_ELMED_3276850_management1_1_1_43712822,4.303511705685619,18.693857,18.982841,72.15058,0.0,59,flowering,0.0,False
2023-09-29,consortium0_sector3_ELMED_3276850_management1_1_1_43712822,4.273411371237458,19.084892,19.393478,75.0403,0.0,60,flowering,0.0,False
2023-09-30,consortium0_sector3_ELMED_3276850_management1_1_1_43712822,4.248717948717949,19.885965,21.290575,68.83659,0.0,61,flowering,0.0,False
2023-10-01,consortium0_sector3_ELMED_3276850_management1_1_1_43712822,4.226588628762542,19.71687,20.188429,65.84731,0.0,62,flowering,0.0,False
2023-10-02,consortium0_sector3_ELMED_3276850_management1_1_1_43712822,4.20211161387632,19.185524,21.31204,60.440758,0.0,63,flowering,0.0,False
2023-10-03,consortium0_sector3_ELMED_3276850_management1_1_1_43712822,4.1826923076923075,19.506042,20.787102,72.6725,0.0,64,flowering,0.0,False
2023-10-04,consortium0_sector3_ELMED_3276850_management1_1_1_43712822,4.163461538461538,19.945215,20.055347,72.583626,18.800001,65,flowering,0.0,False
2023-10-05,consortium0_sector3_ELMED_3276850_management1_1_1_43712822,4.1497545008183305,20.394962,19.858315,76.930916,0.0,66,flowering,0.0,False
2023-10-06,consortium0_sector3_ELMED_3276850_management1_1_1_43712822,4.138707037643208,19.331703,19.803738,68.68812,0.0,67,flowering,0.0,False
2023-10-07,consortium0_sector3_ELMED_3276850_management1_1_1_43712822,4.112179487179487,18.762356,19.721983,57.005974,0.0,68,flowering,0.0,False
2023-10-08,consortium0_sector3_ELMED_3276850_management1_1_1_43712822,4.087374581939799,19.171446,20.439533,54.11914,0.0,69,flowering,0.0,False
2023-10-09,consortium0_sector3_ELMED_3276850_management1_1_1_43712822,4.066239316239317,19.455223,21.265701,50.903347,0.0,70,maturity,0.0,False
2023-10-10,consortium0_sector3_ELMED_3276850_management1_1_1_43712822,4.044599018003273,19.316078,21.40323,45.470448,0.0,71,maturity,0.0,False
2023-10-11,consortium0_sector3_ELMED_3276850_management1_1_1_43712822,4.013621794871795,18.340448,19.862291,56.437023,0.0,72,maturity,0.0,False
2023-10-12,consortium0_sector3_ELMED_3276850_management1_1_1_43712822,3.9889525368248773,18.648972,18.772203,77.3763,0.0,73,maturity,0.0,False
2023-10-13,consortium0_sector3_ELMED_3276850_management1_1_1_43712822,3.9711538461538463,18.793573,17.979685,80.80756,0.0,74,maturity,0.0,False
2023-10-14,consortium0_sector3_ELMED_3276850_management1_1_1_43712822,3.960720130932897,18.723467,17.866459,80.673744,164.0,75,maturity,0.0,False
2023-10-15,consortium0_sector3_ELMED_3276850_management1_1_1_43712822,3.941452991452991,16.94108,15.47738,65.650566,0.0,76,maturity,0.0,False
2023-10-16,consortium0_sector3_ELMED_3276850_management1_1_1_43712822,3.909401709401709,13.611061,11.993952,63.932167,0.0,77,maturity,0.0,False
2023-10-17,consortium0_sector3_ELMED_3276850_management1_1_1_43712822,3.8901709401709406,12.80983,10.790291,78.55943,0.0,78,maturity,0.0,False
2023-10-18,consortium0_sector3_ELMED_3276850_management1_1_1_43712822,3.885897435897436,13.228201,12.612513,78.96795,14.2,79,maturity,0.0,False
2023-10-19,consortium0_sector3_ELMED_3276850_management1_1_1_43712822,3.9247135842880523,14.746509,15.43887,86.78339,474.5,80,maturity,0.0,False
2023-10-20,consortium0_sector3_ELMED_3276850_management1_1_1_43712822,5.467675941080197,16.167469,16.969772,91.779144,2099.9001,81,maturity,0.0,False
2023-10-21,consortium0_sector3_ELMED_3276850_management1_1_1_43712822,5.361111111111111,15.359672,15.743068,83.37499,608.2,82,maturity,0.0,False
2023-10-22,consortium0_sector3_ELMED_3276850_management1_1_1_43712822,5.402618657937807,14.71226,15.323024,78.24249,36.600002,83,maturity,0.0,False
2023-10-23,consortium0_sector3_ELMED_3276850_management1_1_1_43712822,5.3448426573426575,14.990985,15.133914,71.484985,0.0,84,maturity,0.0,False
2023-10-24,consortium0_sector3_ELMED_3276850_management1_1_1_43712822,5.731623931623931,14.7588825,15.101497,90.07799,1627.7001,85,maturity,0.0,False
2023-10-25,consortium0_sector3_ELMED_3276850_management1_1_1_43712822,5.657119476268412,14.751117,15.052695,85.2616,87.4,86,maturity,0.0,False
2023-10-26,consortium0_sector3_ELMED_3276850_management1_1_1_43712822,4.323233908948194,14.309356,14.68142,83.984985,354.9,87,maturity,0.0,False
2023-10-27,consortium0_sector3_ELMED_3276850_management1_1_1_43712822,4.140247252747253,15.261661,15.685682,79.78234,1008.5,88,maturity,0.0,False
2023-10-28,consortium0_sector3_ELMED_3276850_management1_1_1_43712822,3.960144927536232,12.680853,12.925076,76.97727,0.0,89,maturity,0.0,False
2023-10-29,consortium0_sector3_ELMED_3276850_management1_1_1_43712822,3.914994425863991,11.622835,12.222109,83.23185,108.200005,90,maturity,0.0,False
2023-10-30,consortium0_sector3_ELMED_3276850_management1_1_1_43712822,4.141298417894163,13.617279,14.849413,91.51501,3671.1,91,maturity,0.0,False
2023-10-31,consortium0_sector3_ELMED_3276850_management1_1_1_43712822,4.309171597633136,12.222582,12.897109,74.41685,1231.7,92,maturity,0.0,False
2023-11-01,consortium0_sector3_ELMED_3276850_management1_1_1_43712822,4.062637362637362,10.056736,10.372078,78.54761,56.899998,93,maturity,0.0,False
2023-11-02,consortium0_sector3_ELMED_3276850_management1_1_1_43712822,4.229662423907028,11.098277,11.181357,89.53332,2317.2,94,maturity,0.0,False
2023-11-03,consortium0_sector3_ELMED_3276850_management1_1_1_43712822,4.326104746317513,9.324728,8.41207,85.65028,739.2,95,maturity,0.0,False
2023-11-04,consortium0_sector3_ELMED_3276850_management1_1_1_43712822,4.114020731042007,7.72416,7.550865,82.87789,765.10004,96,maturity,0.0,False
2023-11-05,consortium0_sector3_ELMED_3276850_management1_1_1_43712822,4.2363217768147345,8.196731,7.4586616,88.932106,901.2,97,maturity,0.0,False
2023-11-06,consortium0_sector3_ELMED_3276850_management1_1_1_43712822,4.054532967032967,7.508031,8.067658,79.46058,0.0,98,maturity,0.0,False
2023-11-07,consortium0_sector3_ELMED_3276850_management1_1_1_43712822,4.035654126895003,8.077096,7.749792,90.40818,44.100002,99,maturity,0.0,False
2023-11-08,consortium0_sector3_ELMED_3276850_management1_1_1_43712822,4.059615384615384,6.196541,6.1178474,76.57745,0.0,100,maturity,0.0,False
2023-11-09,consortium0_sector3_ELMED_3276850_management1_1_1_43712822,4.004738015607581,6.64774,7.6791477,71.64765,405.69998,101,maturity,0.0,False
2023-11-10,consortium0_sector3_ELMED_3276850_management1_1_1_43712822,4.101785714285715,7.7866287,7.7043686,89.20799,162.0,102,maturity,0.0,False
2023-11-11,consortium0_sector3_ELMED_3276850_management1_1_1_43712822,4.044357102751263,6.594489,6.4181314,73.81185,0.0,103,maturity,0.0,False
2023-11-12,consortium0_sector3_ELMED_3276850_management1_1_1_43712822,3.97948717948718,5.66649,5.181831,69.38497,0.5,104,maturity,0.0,False
2023-11-13,consortium0_sector3_ELMED_3276850_management1_1_1_43712822,3.952205882352941,6.701149,8.335082,71.67879,0.0,105,maturity,0.0,False
2023-11-14,consortium0_sector3_ELMED_3276850_management1_1_1_43712822,3.9395406751521866,7.52113,9.993573,78.50023,105.09999,106,maturity,0.0,False
2023-11-15,consortium0_sector3_ELMED_3276850_management1_1_1_43712822,3.936036789297659,7.7103662,9.364407,71.78832,6.1,107,maturity,0.0,False
2023-11-16,consortium0_sector3_ELMED_3276850_management1_1_1_43712822,3.9035569693464427,6.172456,6.5919003,71.71719,0.0,108,maturity,0.0,False
2023-11-17,consortium0_sector3_ELMED_3276850_management1_1_1_43712822,3.8973891072431224,6.2293057,6.5771904,68.40206,0.0,109,maturity,0.0,False
2023-11-18,consortium0_sector3_ELMED_3276850_management1_1_1_43712822,3.8707417582417585,6.0772223,6.168384,63.805042,0.0,110,maturity,0.0,False
2023-11-19,consortium0_sector3_ELMED_3276850_management1_1_1_43712822,3.8542582417582416,6.4199305,8.570815,64.59151,0.0,111,maturity,0.0,False
2023-11-20,consortium0_sector3_ELMED_3276850_management1_1_1_43712822,3.837022689540675,5.4751387,9.819805,66.88346,0.0,112,maturity,0.0,False
2023-11-21,consortium0_sector3_ELMED_3276850_management1_1_1_43712822,3.8229344729344734,5.8919315,8.049791,65.86609,0.0,113,maturity,0.0,False
2023-11-22,consortium0_sector3_ELMED_3276850_management1_1_1_43712822,3.8187603763143336,6.2436366,6.6855874,68.20428,0.0,114,maturity,0.0,False
2023-11-23,consortium0_sector3_ELMED_3276850_management1_1_1_43712822,3.8095039018952064,5.268731,7.236345,61.72216,0.0,115,maturity,0.0,False
2023-11-24,consortium0_sector3_ELMED_3276850_management1_1_1_43712822,3.7970871040723977,6.2467613,8.857589,58.839844,0.0,116,maturity,0.0,False
2023-11-25,consortium0_sector3_ELMED_3276850_management1_1_1_43712822,3.809905921416713,4.4948673,3.1891856,53.46176,1.0,117,maturity,0.0,False
2023-11-26,consortium0_sector3_ELMED_3276850_management1_1_1_43712822,3.774179864253394,4.2470455,3.577096,56.02265,0.0,118,maturity,0.0,False
2023-11-27,consortium0_sector3_ELMED_3276850_management1_1_1_43712822,3.7006118881118883,3.3008966,3.9546847,57.317383,0.0,119,maturity,0.0,False
2023-11-28,consortium0_sector3_ELMED_3276850_management1_1_1_43712822,3.6996124031007755,3.7787373,4.5724564,64.65279,0.0,120,maturity,0.0,False
2023-11-29,consortium0_sector3_ELMED_3276850_management1_1_1_43712822,3.6998877035373394,4.4454355,3.6332512,61.843258,0.0,121,maturity,0.0,False
2023-11-30,consortium0_sector3_ELMED_3276850_management1_1_1_43712822,3.688096574957889,3.6810102,4.3501387,79.43873,308.80002,122,maturity,0.0,False
2023-12-01,consortium0_sector3_ELMED_3276850_management1_1_1_43712822,3.8480907581627006,2.8161428,6.730032,87.48093,2312.9001,123,maturity,0.0,False
2023-12-02,consortium0_sector3_ELMED_3276850_management1_1_1_43712822,4.260099612617599,5.607399,6.170688,69.722206,1359.1,124,maturity,0.0,False
2023-12-03,consortium0_sector3_ELMED_3276850_management1_1_1_43712822,4.025968556990454,3.3169003,1.9953094,50.738373,0.0,125,maturity,0.0,False
2023-12-04,consortium0_sector3_ELMED_3276850_management1_1_1_43712822,3.998885172798216,2.2158587,1.720846,66.90371,106.1,126,maturity,0.0,False
2023-12-05,consortium0_sector3_ELMED_3276850_management1_1_1_43712822,3.937956204379563,1.7528852,2.7472034,73.51763,15.200001,127,maturity,0.0,False
2023-12-06,consortium0_sector3_ELMED_3276850_management1_1_1_43712822,3.9310200668896327,3.793321,2.8934472,71.41454,0.0,128,maturity,0.0,False
2023-12-07,consortium0_sector3_ELMED_3276850_management1_1_1_43712822,3.932905982905983,3.9986553,2.4680367,65.91764,0.0,129,maturity,0.0,False
2023-12-08,consortium0_sector3_ELMED_3276850_management1_1_1_43712822,3.910902047592695,3.443005,2.701149,72.134384,92.40001,130,maturity,0.0,False
2023-12-09,consortium0_sector3_ELMED_3276850_management1_1_1_43712822,3.9008667388949076,2.8376706,5.242721,70.82651,39.100002,131,maturity,0.0,False
2023-12-10,consortium0_sector3_ELMED_3276850_management1_1_1_43712822,3.9082296380090495,3.5931947,4.7926893,76.16806,0.0,132,maturity,0.0,False
2023-12-11,consortium0_sector3_ELMED_3276850_management1_1_1_43712822,3.8875291375291376,4.157557,5.2566733,72.86343,8.1,133,maturity,0.0,False
2023-12-12,consortium0_sector3_ELMED_3276850_management1_1_1_43712822,3.8797731045932484,4.810051,7.0803156,78.30678,6.6,134,maturity,0.0,False
2023-12-13,consortium0_sector3_ELMED_3276850_management1_1_1_43712822,3.911813186813187,5.18524,6.1175632,92.08016,618.0,135,maturity,0.0,False
2023-12-14,consortium0_sector3_ELMED_3276850_management1_1_1_43712822,4.0259758897818605,3.976149,4.814912,81.12953,0.0,136,maturity,0.0,False
2023-12-15,consortium0_sector3_ELMED_3276850_management1_1_1_43712822,4.011705685618729,4.5717297,5.3201203,63.98487,0.0,137,maturity,0.0,False
2023-12-16,consortium0_sector3_ELMED_3276850_management1_1_1_43712822,3.9846153846153847,4.4530745,5.2423425,56.079224,0.0,138,maturity,0.0,False
2023-12-17,consortium0_sector3_ELMED_3276850_management1_1_1_43712822,3.960275126333521,2.679779,6.5584407,51.243706,0.0,139,maturity,0.0,False
2023-12-18,consortium0_sector3_ELMED_3276850_management1_1_1_43712822,3.9461255656108603,3.0942676,7.229716,54.672024,0.0,140,maturity,0.0,False
2023-12-19,consortium0_sector3_ELMED_3276850_management1_1_1_43712822,3.9300824175824176,4.3245077,6.9078727,60.263474,0.0,141,maturity,0.0,False
2023-12-20,consortium0_sector3_ELMED_3276850_management1_1_1_43712822,3.9045232936078,4.359072,6.3794947,61.24962,0.0,142,maturity,0.0,False
2023-12-21,consortium0_sector3_ELMED_3276850_management1_1_1_43712822,3.8897714604236344,4.6022224,5.340701,68.69109,36.0,143,maturity,0.0,False
2023-12-22,consortium0_sector3_ELMED_3276850_management1_1_1_43712822,3.892697881828317,5.6297793,5.092879,89.33495,197.90001,144,maturity,0.0,False
2023-12-23,consortium0_sector3_ELMED_3276850_management1_1_1_43712822,3.8892816742081453,5.7794003,5.062576,85.20018,0.0,145,maturity,0.0,False
2023-12-24,consortium0_sector3_ELMED_3276850_management1_1_1_43712822,3.872454751131222,5.7451515,8.626718,55.773663,0.0,146,maturity,0.0,False
2023-12-25,consortium0_sector3_ELMED_3276850_management1_1_1_43712822,3.851411178749309,5.6478977,9.889691,65.40803,0.0,147,maturity,0.0,False
2023-12-26,consortium0_sector3_ELMED_3276850_management1_1_1_43712822,3.84211259754738,4.9267807,7.743573,73.50054,0.0,148,maturity,0.0,False
2023-12-27,consortium0_sector3_ELMED_3276850_management1_1_1_43712822,3.830557238037553,3.4840722,6.910461,51.993927,0.0,149,maturity,0.0,False
2023-12-28,consortium0_sector3_ELMED_3276850_management1_1_1_43712822,3.8124589086127547,4.4202466,6.4570208,57.461292,0.0,150,maturity,0.0,False
2023-12-29,consortium0_sector3_ELMED_3276850_management1_1_1_43712822,3.8085994194484765,5.1688576,5.7666163,83.87174,0.0,151,maturity,0.0,False
2023-12-30,consortium0_sector3_ELMED_3276850_management1_1_1_43712822,3.8125,5.074981,5.9830303,79.21589,0.0,152,maturity,0.0,False
2023-12-31,consortium0_sector3_ELMED_3276850_management1_1_1_43712822,3.8381766381766385,5.015701,5.522267,88.82301,944.39996,153,maturity,0.0,False
2024-01-01,consortium0_sector3_ELMED_3276850_management1_1_1_43712822,4.164994425863991,4.056073,3.9580934,89.88806,271.19998,154,maturity,0.0,False
2024-01-02,consortium0_sector3_ELMED_3276850_management1_1_1_43712822,4.018363215731637,2.831389,3.230821,73.01472,0.0,155,maturity,0.0,False
2024-01-03,consortium0_sector3_ELMED_3276850_management1_1_1_43712822,3.985261089275688,3.8746023,4.4248867,84.00706,0.0,156,maturity,0.0,False
2024-01-04,consortium0_sector3_ELMED_3276850_management1_1_1_43712822,3.9724873666479508,3.927159,4.6127653,75.84063,6.6,157,maturity,0.0,False
2024-01-05,consortium0_sector3_ELMED_3276850_management1_1_1_43712822,4.003228523301516,4.121793,4.4092298,80.87472,678.3,158,maturity,0.0,False
2024-01-06,consortium0_sector3_ELMED_3276850_management1_1_1_43712822,4.319037078029884,4.5052214,5.1863766,92.02766,688.0,159,maturity,0.0,False
2024-01-07,consortium0_sector3_ELMED_3276850_management1_1_1_43712822,4.167502787068004,4.347614,5.7102084,72.21565,117.3,160,maturity,0.0,False
2024-01-08,consortium0_sector3_ELMED_3276850_management1_1_1_43712822,4.043818681318681,4.0182576,4.770341,63.077015,0.0,161,maturity,0.0,False
2024-01-09,consortium0_sector3_ELMED_3276850_management1_1_1_43712822,3.991007194244604,3.775139,4.7051263,72.747116,0.0,162,maturity,0.0,False
2024-01-10,consortium0_sector3_ELMED_3276850_management1_1_1_43712822,3.9592592592592593,4.0886173,3.8901958,80.73706,0.0,163,maturity,0.0,False
2024-01-11,consortium0_sector3_ELMED_3276850_management1_1_1_43712822,3.9397244546498276,2.9964142,3.2419004,65.28509,0.0,164,maturity,0.0,False
2024-01-12,consortium0_sector3_ELMED_3276850_management1_1_1_43712822,3.92727009832273,4.1021276,3.603264,58.663425,0.0,165,maturity,0.0,False
2024-01-13,consortium0_sector3_ELMED_3276850_management1_1_1_43712822,3.9240595171252104,3.9807262,2.8934155,54.269062,0.0,166,maturity,0.0,False
2024-01-14,consortium0_sector3_ELMED_3276850_management1_1_1_43712822,3.9157239819004523,3.4101768,3.1668055,50.982616,0.0,167,maturity,0.0,False
2024-01-15,consortium0_sector3_ELMED_3276850_management1_1_1_43712822,3.898312119535141,3.0562942,3.1077461,58.460922,0.0,168,maturity,0.0,False
2024-01-16,consortium0_sector3_ELMED_3276850_management1_1_1_43712822,3.8824300699300704,4.002222,3.062008,55.362106,0.0,169,maturity,0.0,False
2024-01-17,consortium0_sector3_ELMED_3276850_management1_1_1_43712822,3.8663530713890433,3.4190469,3.6172159,78.97888,491.0,170,maturity,0.0,False
2024-01-18,consortium0_sector3_ELMED_3276850_management1_1_1_43712822,3.890343698854337,3.1619446,5.7107134,87.147415,494.5,171,maturity,0.0,False
2024-01-19,consortium0_sector3_ELMED_3276850_management1_1_1_43712822,4.073975294778214,3.3871653,2.1636174,62.046413,208.2,172,maturity,0.0,False
2024-01-20,consortium0_sector3_ELMED_3276850_management1_1_1_43712822,4.04985754985755,2.1579356,-0.6682006,41.12848,0.0,173,maturity,0.0,False
2024-01-21,consortium0_sector3_ELMED_3276850_management1_1_1_43712822,3.9973713337022687,2.1695204,1.2889332,35.24871,0.0,174,maturity,0.0,False
2024-01-22,consortium0_sector3_ELMED_3276850_management1_1_1_43712822,3.9557277255118986,1.8139017,4.0906377,32.819775,0.0,175,maturity,0.0,False
2024-01-23,consortium0_sector3_ELMED_3276850_management1_1_1_43712822,3.9296235679214404,2.4917107,5.221225,52.468285,0.0,176,maturity,0.0,False
2024-01-24,consortium0_sector3_ELMED_3276850_management1_1_1_43712822,3.9258843346434587,5.021635,8.159041,60.922962,0.0,177,maturity,0.0,False
2024-01-25,consortium0_sector3_ELMED_3276850_management1_1_1_43712822,3.918725435148793,5.086976,8.444426,79.3501,1.0,178,maturity,0.0,False
2024-01-26,consortium0_sector3_ELMED_3276850_management1_1_1_43712822,3.9107636967349193,5.4234347,8.89149,70.75514,0.0,179,maturity,0.0,False
2024-01-27,consortium0_sector3_ELMED_3276850_management1_1_1_43712822,3.909460976979225,5.4979296,6.7936997,71.13025,0.0,180,maturity,0.0,False
2024-01-28,consortium0_sector3_ELMED_3276850_management1_1_1_43712822,3.891072431218417,4.888933,5.655095,58.040222,0.0,181,maturity,0.0,False
2024-01-29,consortium0_sector3_ELMED_3276850_management1_1_1_43712822,3.877508361204014,3.9105873,5.965669,55.528717,0.0,182,maturity,0.0,False
2024-01-30,consortium0_sector3_ELMED_3276850_management1_1_1_43712822,3.869853737811485,3.8649433,7.1085353,53.885735,0.0,183,maturity,0.0,False
2024-01-31,consortium0_sector3_ELMED_3276850_management1_1_1_43712822,3.8611263736263743,3.5609343,7.9126706,53.394226,0.0,184,maturity,0.0,False
2024-02-01,consortium0_sector3_ELMED_3276850_management1_1_1_43712822,3.845596432552955,3.4189205,4.710177,70.14836,0.0,185,maturity,0.0,False
2024-02-02,consortium0_sector3_ELMED_3276850_management1_1_1_43712822,3.84532967032967,3.3649116,6.8074937,63.888027,0.0,186,maturity,0.0,False
2024-02-03,consortium0_sector3_ELMED_3276850_management1_1_1_43712822,3.857142857142857,4.2057576,8.846193,65.70354,0.0,187,maturity,0.0,False
2024-02-04,consortium0_sector3_ELMED_3276850_management1_1_1_43712822,3.862362637362638,4.934356,9.043858,60.710472,0.0,188,maturity,0.0,False
2024-02-05,consortium0_sector3_ELMED_3276850_management1_1_1_43712822,3.859656301145663,6.2930994,10.305789,58.772938,0.0,189,maturity,0.0,False
2024-02-06,consortium0_sector3_ELMED_3276850_management1_1_1_43712822,3.849699945444627,5.5892487,8.17173,64.57232,0.0,190,maturity,0.0,False
2024-02-07,consortium0_sector3_ELMED_3276850_management1_1_1_43712822,3.846699399890889,6.3375444,7.268984,80.984024,0.0,191,maturity,0.0,False
2024-02-08,consortium0_sector3_ELMED_3276850_management1_1_1_43712822,3.85590465872156,7.71327,8.490227,84.31999,0.0,192,maturity,0.0,False
2024-02-09,consortium0_sector3_ELMED_3276850_management1_1_1_43712822,3.8926623022367703,8.624191,9.85137,88.04769,1104.6,193,maturity,0.0,False
2024-02-10,consortium0_sector3_ELMED_3276850_management1_1_1_43712822,4.085861321776815,8.21286,8.648719,93.10485,577.3,194,maturity,0.0,False
2024-02-11,consortium0_sector3_ELMED_3276850_management1_1_1_43712822,4.246817930271168,7.7448044,8.414502,90.15858,461.9,195,maturity,0.0,False
2024-02-12,consortium0_sector3_ELMED_3276850_management1_1_1_43712822,4.1521739130434785,6.5482764,8.889154,65.750946,0.0,196,maturity,0.0,False
2024-02-13,consortium0_sector3_ELMED_3276850_management1_1_1_43712822,4.089653304442036,6.5532637,7.389375,59.549137,0.0,197,maturity,0.0,False
2024-02-14,consortium0_sector3_ELMED_3276850_management1_1_1_43712822,4.047380156075809,6.2485604,7.4202466,55.64547,0.0,198,maturity,0.0,False
2024-02-15,consortium0_sector3_ELMED_3276850_management1_1_1_43712822,4.016895604395605,6.986692,10.166932,54.995384,0.0,199,maturity,0.0,False
2024-02-16,consortium0_sector3_ELMED_3276850_management1_1_1_43712822,4.003065774804905,7.257052,11.271068,58.22963,0.0,200,maturity,0.0,False
2024-02-17,consortium0_sector3_ELMED_3276850_management1_1_1_43712822,4.005552546045504,8.4236555,12.641617,63.780952,0.0,201,maturity,0.0,False
2024-02-18,consortium0_sector3_ELMED_3276850_management1_1_1_43712822,4.017293857221915,9.686471,12.296446,70.105156,0.0,202,maturity,0.0,False
2024-02-19,consortium0_sector3_ELMED_3276850_management1_1_1_43712822,4.028439869989166,9.570278,10.747803,68.20793,18.300001,203,maturity,0.0,False
2024-02-20,consortium0_sector3_ELMED_3276850_management1_1_1_43712822,4.033315276273022,8.459482,9.172456,58.518627,0.0,204,maturity,0.0,False
2024-02-21,consortium0_sector3_ELMED_3276850_management1_1_1_43712822,4.0125477359519905,7.1921844,8.056357,54.723198,0.0,205,maturity,0.0,False
2024-02-22,consortium0_sector3_ELMED_3276850_management1_1_1_43712822,3.9943438914027154,7.9911737,8.745877,82.16882,539.3,206,maturity,0.0,False
2024-02-23,consortium0_sector3_ELMED_3276850_management1_1_1_43712822,4.312875068194217,6.419236,5.5316415,96.35352,1856.7001,207,maturity,0.0,False
2024-02-24,consortium0_sector3_ELMED_3276850_management1_1_1_43712822,4.277452619843924,4.4949307,4.549129,84.50083,375.9,208,maturity,0.0,False
2024-02-25,consortium0_sector3_ELMED_3276850_management1_1_1_43712822,4.266647531572905,5.706799,6.257841,78.040535,382.0,209,maturity,0.0,False
2024-02-26,consortium0_sector3_ELMED_3276850_management1_1_1_43712822,4.17207233065442,5.6719193,5.9588194,88.62233,621.0,210,maturity,0.0,False
2024-02-27,consortium0_sector3_ELMED_3276850_management1_1_1_43712822,4.474583109198494,5.6466665,6.10238,94.39685,1881.8,211,maturity,0.0,False
2024-02-28,consortium0_sector3_ELMED_3276850_management1_1_1_43712822,4.314835164835165,7.5932574,9.4733715,82.39117,560.60004,212,maturity,0.0,False
2024-02-29,consortium0_sector3_ELMED_3276850_management1_1_1_43712822,4.187742114001107,8.670151,9.803169,79.05319,13.2,213,maturity,0.0,False
2024-03-01,consortium0_sector3_ELMED_3276850_management1_1_1_43712822,4.219701162147206,8.797266,9.815165,87.742546,629.39996,214,maturity,0.0,False
2024-03-02,consortium0_sector3_ELMED_3276850_management1_1_1_43712822,4.2185439560439555,9.025076,9.993983,82.46949,176.5,215,maturity,0.0,False
2024-03-03,consortium0_sector3_ELMED_3276850_management1_1_1_43712822,4.172655811341943,9.275044,9.908441,75.51209,22.300001,216,maturity,0.0,False
2024-03-04,consortium0_sector3_ELMED_3276850_management1_1_1_43712822,4.145329670329671,9.227254,10.559987,69.94262,0.0,217,maturity,0.0,False
2024-03-05,consortium0_sector3_ELMED_3276850_management1_1_1_43712822,4.157908992416035,9.197298,10.251623,75.51166,497.9,218,maturity,0.0,False
2024-03-06,consortium0_sector3_ELMED_3276850_management1_1_1_43712822,4.322790950520291,8.706894,8.785176,78.412476,843.89996,219,maturity,0.0,False
2024-03-07,consortium0_sector3_ELMED_3276850_management1_1_1_43712822,4.136159519025326,7.7513385,8.173308,68.9957,43.200005,220,maturity,0.0,False
2024-03-08,consortium0_sector3_ELMED_3276850_management1_1_1_43712822,4.09497905402788,8.17072,7.6448045,83.54096,240.8,221,maturity,0.0,False
2024-03-09,consortium0_sector3_ELMED_3276850_management1_1_1_43712822,4.068238964552392,8.847393,8.955001,80.55323,67.5,222,maturity,0.0,False
2024-03-10,consortium0_sector3_ELMED_3276850_management1_1_1_43712822,4.225633897733974,6.8878284,6.087166,95.05769,2153.2,223,maturity,0.0,False
2024-03-11,consortium0_sector3_ELMED_3276850_management1_1_1_43712822,4.212303539646949,5.551875,7.356073,75.43521,0.0,224,maturity,0.0,False
2024-03-12,consortium0_sector3_ELMED_3276850_management1_1_1_43712822,4.1323185511858105,6.4574623,8.575045,60.00459,0.0,225,maturity,0.0,False
2024-03-13,consortium0_sector3_ELMED_3276850_management1_1_1_43712822,4.090829564673386,7.907967,9.782683,62.242046,26.4,226,maturity,0.0,False
2024-03-14,consortium0_sector3_ELMED_3276850_management1_1_1_43712822,4.077993358177877,8.443447,10.451244,67.35986,0.0,227,maturity,0.0,False
2024-03-15,consortium0_sector3_ELMED_3276850_management1_1_1_43712822,4.061272313736302,9.649065,12.2329035,72.11478,0.0,228,maturity,0.0,False
2024-03-16,consortium0_sector3_ELMED_3276850_management1_1_1_43712822,4.0682971312235905,11.600013,12.405348,75.37223,25.4,229,maturity,0.0,False
2024-03-17,consortium0_sector3_ELMED_3276850_management1_1_1_43712822,4.071213093199447,10.491111,11.590007,67.42552,0.0,230,maturity,0.0,False
2024-03-18,consortium0_sector3_ELMED_3276850_management1_1_1_43712822,4.081551503841117,8.886313,10.166648,75.62568,194.5,231,maturity,0.0,False
2024-03-19,consortium0_sector3_ELMED_3276850_management1_1_1_43712822,4.094411045499685,9.6431,11.531011,68.26965,0.0,232,maturity,0.0,False
2024-03-20,consortium0_sector3_ELMED_3276850_management1_1_1_43712822,4.103354013390426,10.831831,11.313807,76.37536,0.0,233,maturity,0.0,False
2024-03-21,consortium0_sector3_ELMED_3276850_management1_1_1_43712822,4.102686627726937,11.151749,12.882714,67.55197,12.2,234,maturity,0.0,False
2024-03-22,consortium0_sector3_ELMED_3276850_management1_1_1_43712822,4.09764005613537,11.404716,12.627349,62.903484,0.0,235,maturity,0.0,False
2024-03-23,consortium0_sector3_ELMED_3276850_management1_1_1_43712822,4.109200501131848,10.387039,11.905663,68.07996,173.40001,236,maturity,0.0,False
2024-03-24,consortium0_sector3_ELMED_3276850_management1_1_1_43712822,4.079298260496137,8.490354,8.7750435,47.229088,153.0,237,maturity,0.0,False
2024-03-25,consortium0_sector3_ELMED_3276850_management1_1_1_43712822,4.046896999891692,8.112071,7.769299,50.13747,0.0,238,maturity,0.0,False
2024-03-26,consortium0_sector3_ELMED_3276850_management1_1_1_43712822,4.031503556853194,8.508315,8.269931,72.311066,83.3,239,maturity,0.0,False
2024-03-27,consortium0_sector3_ELMED_3276850_management1_1_1_43712822,4.26538965204621,7.877128,7.6684155,92.03532,1627.2001,240,maturity,0.0,False
2024-03-28,consortium0_sector3_ELMED_3276850_management1_1_1_43712822,4.401361397614282,7.4264646,8.200928,85.50384,282.80002,241,maturity,0.0,False
2024-03-29,consortium0_sector3_ELMED_3276850_management1_1_1_43712822,4.366734057787886,8.124223,8.511061,92.40909,272.19998,242,maturity,0.0,False
2024-03-30,consortium0_sector3_ELMED_3276850_management1_1_1_43712822,4.2905241765647375,11.912954,13.170372,78.39477,470.69998,243,maturity,0.0,False
2024-03-31,consortium0_sector3_ELMED_3276850_management1_1_1_43712822,4.504719751412188,11.233283,11.564849,87.945,1966.2999,244,maturity,0.0,False
2024-04-01,consortium0_sector3_ELMED_3276850_management1_1_1_43712822,4.600823286954479,11.389596,12.297109,78.77527,1919.2001,245,maturity,0.0,False
2024-04-02,consortium0_sector3_ELMED_3276850_management1_1_1_43712822,4.240631430737571,9.914784,10.505032,72.131996,6.1,246,maturity,0.0,False
2024-04-03,consortium0_sector3_ELMED_3276850_management1_1_1_43712822,3.987343873649027,9.58565,10.197488,71.35864,39.600002,247,maturity,0.0,False
2024-04-04,consortium0_sector3_ELMED_3276850_management1_1_1_43712822,3.966529076460843,11.410113,12.730947,72.53483,0.0,248,maturity,0.0,False
2024-04-05,consortium0_sector3_ELMED_3276850_management1_1_1_43712822,4.0103866346334724,13.35762,13.654621,79.111946,0.0,249,maturity,0.0,False
2024-04-06,consortium0_sector3_ELMED_3276850_management1_1_1_43712822,4.070923076923076,14.691932,16.174475,74.536766,0.0,250,maturity,0.0,False
2024-04-07,consortium0_sector3_ELMED_3276850_management1_1_1_43712822,4.093230769230769,15.74651,18.728485,64.1232,0.0,251,maturity,0.0,False
2024-04-08,consortium0_sector3_ELMED_3276850_management1_1_1_43712822,4.109384615384616,16.442122,18.171888,63.492004,0.0,252,maturity,0.0,False
2024-04-09,consortium0_sector3_ELMED_3276850_management1_1_1_43712822,4.098063284233496,16.905159,17.830095,70.37268,575.2,253,maturity,0.0,False
2024-04-10,consortium0_sector3_ELMED_3276850_management1_1_1_43712822,4.082296380090498,11.604558,10.116995,79.945786,1180.7001,254,maturity,0.0,False
2024-04-11,consortium0_sector3_ELMED_3276850_management1_1_1_43712822,4.119061085972851,13.657683,15.572645,64.689445,0.0,255,maturity,0.0,False
2024-04-12,consortium0_sector3_ELMED_3276850_management1_1_1_43712822,4.111429350791052,15.504653,18.391554,61.06807,0.0,256,maturity,0.0,False
2024-04-13,consortium0_sector3_ELMED_3276850_management1_1_1_43712822,4.139697802197802,16.66529,19.046856,60.842518,0.0,257,maturity,0.0,False
2024-04-14,consortium0_sector3_ELMED_3276850_management1_1_1_43712822,4.161675824175825,17.421066,19.574444,64.65082,0.0,258,maturity,0.0,False
2024-04-15,consortium0_sector3_ELMED_3276850_management1_1_1_43712822,4.146181716833891,17.437986,18.101843,74.011246,0.0,259,maturity,0.0,False
2024-04-16,consortium0_sector3_ELMED_3276850_management1_1_1_43712822,4.208947081287507,15.162986,14.262513,53.425343,0.0,260,maturity,0.0,False
2024-04-17,consortium0_sector3_ELMED_3276850_management1_1_1_43712822,4.289961811238407,11.990195,10.251591,49.8592,18.300001,261,maturity,0.0,False
2024-04-18,consortium0_sector3_ELMED_3276850_management1_1_1_43712822,4.23021978021978,9.834861,8.795973,54.49485,0.0,262,maturity,0.0,False
2024-04-19,consortium0_sector3_ELMED_3276850_management1_1_1_43712822,4.193910256410256,9.507178,9.019363,54.967484,6.6,263,maturity,0.0,False
2024-04-20,consortium0_sector3_ELMED_3276850_management1_1_1_43712822,4.1575816270060875,10.432273,9.51185,51.283066,6.1,264,maturity,0.0,False
2024-04-21,consortium0_sector3_ELMED_3276850_management1_1_1_43712822,4.084697217675941,9.5273485,8.011218,56.76085,39.600002,265,maturity,0.0,False
2024-04-22,consortium0_sector3_ELMED_3276850_management1_1_1_43712822,4.060630341880342,7.828295,6.5076203,84.906624,470.7,266,maturity,0.0,False
2024-04-23,consortium0_sector3_ELMED_3276850_management1_1_1_43712822,4.065217391304348,8.434324,8.477159,70.700745,204.0,267,maturity,0.0,False
2024-04-24,consortium0_sector3_ELMED_3276850_management1_1_1_43712822,4.058516483516484,9.539974,9.489754,57.479862,31.5,268,maturity,0.0,False
2024-04-25,consortium0_sector3_ELMED_3276850_management1_1_1_43712822,4.0554220085470085,9.012481,8.47615,62.37073,0.0,269,maturity,0.0,False
2024-04-26,consortium0_sector3_ELMED_3276850_management1_1_1_43712822,4.058783415166395,10.759293,9.829527,69.921974,12.2,270,maturity,0.0,False
2024-04-27,consortium0_sector3_ELMED_3276850_management1_1_1_43712822,4.06505728314239,12.213712,12.393478,69.93441,32.0,271,maturity,0.0,False
2024-04-28,consortium0_sector3_ELMED_3276850_management1_1_1_43712822,4.073717948717949,13.572298,14.154148,71.774284,7.1,272,maturity,0.0,False
2024-04-29,consortium0_sector3_ELMED_3276850_management1_1_1_43712822,4.094684829059829,14.691996,15.769425,66.787186,0.0,273,maturity,0.0,False
2024-04-30,consortium0_sector3_ELMED_3276850_management1_1_1_43712822,4.100216684723726,16.057747,18.01024,59.74789,38.600002,274,maturity,0.0,False
2024-05-01,consortium0_sector3_ELMED_3276850_management1_1_1_43712822,4.090872156013001,16.171446,16.808756,76.49828,431.5,275,maturity,0.0,False
2024-05-02,consortium0_sector3_ELMED_3276850_management1_1_1_43712822,4.073717948717949,14.018068,13.838586,83.39019,865.2,276,maturity,0.0,False
2024-05-03,consortium0_sector3_ELMED_3276850_management1_1_1_43712822,4.028846153846154,12.98704,13.143384,81.71435,169.09999,277,maturity,0.0,False
2024-05-04,consortium0_sector3_ELMED_3276850_management1_1_1_43712822,4.004469122426869,14.1386175,15.158599,72.680275,128.0,278,maturity,0.0,False
2024-05-05,consortium0_sector3_ELMED_3276850_management1_1_1_43712822,4.0065466448445175,15.553705,15.838775,72.3035,0.0,279,maturity,0.0,False
2024-05-06,consortium0_sector3_ELMED_3276850_management1_1_1_43712822,4.001075847229694,15.4804735,15.465922,75.51948,24.4,280,maturity,0.0,False
2024-05-07,consortium0_sector3_ELMED_3276850_management1_1_1_43712822,3.965412285556171,13.768227,14.2986555,81.377304,438.9,281,maturity,0.0,False
2024-05-08,consortium0_sector3_ELMED_3276850_management1_1_1_43712822,3.9525908119658126,14.45721,14.798434,83.9793,364.9,282,maturity,0.0,False
2024-05-09,consortium0_sector3_ELMED_3276850_management1_1_1_43712822,3.945938676707908,15.998276,16.739847,69.66079,0.0,283,maturity,0.0,False
2024-05-10,consortium0_sector3_ELMED_3276850_management1_1_1_43712822,3.6697382478632483,16.826496,17.092722,73.15861,0.0,284,maturity,0.0,False
2024-05-11,consortium0_sector3_ELMED_3276850_management1_1_1_43712822,3.5861321776814736,17.263584,17.594488,71.19605,13.2,285,maturity,0.0,False
2024-05-12,consortium0_sector3_ELMED_3276850_management1_1_1_43712822,3.5638297872340425,17.740416,17.810493,73.96869,37.100002,286,maturity,0.0,False
2024-05-13,consortium0_sector3_ELMED_3276850_management1_1_1_43712822,3.521785906401291,17.31065,16.828611,81.07258,680.5,287,maturity,0.0,False
2024-05-14,consortium0_sector3_ELMED_3276850_management1_1_1_43712822,3.4712220403709764,17.36204,16.704243,76.29193,18.800001,288,maturity,0.0,False
2024-05-15,consortium0_sector3_ELMED_3276850_management1_1_1_43712822,3.542467948717949,15.437355,15.163365,86.48668,1448.2001,289,maturity,0.0,False
2024-05-16,consortium0_sector3_ELMED_3276850_management1_1_1_43712822,4.015465303926843,15.755694,16.016521,77.523315,384.4,290,maturity,0.0,False
2024-05-17,consortium0_sector3_ELMED_3276850_management1_1_1_43712822,3.9311457772996237,15.829085,15.856516,73.73383,114.600006,291,maturity,0.0,False
2024-05-18,consortium0_sector3_ELMED_3276850_management1_1_1_43712822,3.8137362637362635,16.038397,15.955252,71.11792,6.1,292,maturity,0.0,False
2024-05-19,consortium0_sector3_ELMED_3276850_management1_1_1_43712822,3.7806067172264353,16.885113,17.26914,68.92466,14.2,293,maturity,0.0,False
2024-05-20,consortium0_sector3_ELMED_3276850_management1_1_1_43712822,3.74792473713337,17.654716,18.069458,71.84767,77.200005,294,maturity,0.0,False
2024-05-21,consortium0_sector3_ELMED_3276850_management1_1_1_43712822,4.049781778505182,15.804969,16.049824,90.01209,2438.9001,295,maturity,0.0,False
2024-05-22,consortium0_sector3_ELMED_3276850_management1_1_1_43712822,3.9026442307692313,15.969299,15.990069,79.20578,24.4,296,maturity,0.0,False
2024-05-23,consortium0_sector3_ELMED_3276850_management1_1_1_43712822,3.823943661971831,15.976781,15.406736,78.248825,149.80002,297,maturity,0.0,False
2024-05-24,consortium0_sector3_ELMED_3276850_management1_1_1_43712822,3.784054487179487,16.307684,16.301369,71.761765,8.1,298,maturity,0.0,False
2024-05-25,consortium0_sector3_ELMED_3276850_management1_1_1_43712822,3.764897074756229,15.827034,15.394457,76.70824,321.1,299,maturity,0.0,False
2024-05-26,consortium0_sector3_ELMED_3276850_management1_1_1_43712822,3.6979956663055256,16.655285,17.439787,69.33089,0.0,300,maturity,0.0,False
2024-05-27,consortium0_sector3_ELMED_3276850_management1_1_1_43712822,3.6768162393162394,18.282778,18.668417,73.906105,6.6,301,maturity,0.0,False
2024-05-28,consortium0_sector3_ELMED_3276850_management1_1_1_43712822,3.6947115384615383,18.022898,18.254337,68.985985,244.2,302,maturity,0.0,False
2024-05-29,consortium0_sector3_ELMED_3276850_management1_1_1_43712822,3.6557158119658117,17.98041,18.402569,64.118126,0.0,303,maturity,0.0,False
2024-05-30,consortium0_sector3_ELMED_3276850_management1_1_1_43712822,3.6347527472527474,17.834072,17.153358,87.072815,2291.0999,304,maturity,0.0,False
2024-05-31,consortium0_sector3_ELMED_3276850_management1_1_1_43712822,4.010489510489511,15.01286,14.1675,82.206696,1179.5,305,maturity,0.0,False
2024-06-01,consortium0_sector3_ELMED_3276850_management1_1_1_43712822,3.8340505648197962,15.197898,15.967437,73.98437,7.1,306,maturity,0.0,False
2024-06-02,consortium0_sector3_ELMED_3276850_management1_1_1_43712822,3.7849893162393156,17.18707,18.402443,69.87061,85.1,307,maturity,0.0,False
2024-06-03,consortium0_sector3_ELMED_3276850_management1_1_1_43712822,3.9513813651137593,17.644743,18.196604,75.29063,531.9,308,maturity,0.0,False
2024-06-04,consortium0_sector3_ELMED_3276850_management1_1_1_43712822,3.837714443829552,18.131483,18.518131,72.09506,33.0,309,maturity,0.0,False
2024-06-05,consortium0_sector3_ELMED_3276850_management1_1_1_43712822,3.7859241452991452,19.180094,19.207243,77.19946,0.0,310,maturity,0.0,False
2024-06-06,consortium0_sector3_ELMED_3276850_management1_1_1_43712822,3.743364030335861,20.542753,20.922678,76.64307,18.800001,311,maturity,0.0,False
2024-06-07,consortium0_sector3_ELMED_3276850_management1_1_1_43712822,3.6976495726495724,21.445215,22.082367,78.76556,0.0,312,maturity,0.0,False
2024-06-08,consortium0_sector3_ELMED_3276850_management1_1_1_43712822,3.639022435897436,21.857271,22.35175,80.74752,459.0,313,maturity,0.0,False
2024-06-09,consortium0_sector3_ELMED_3276850_management1_1_1_43712822,3.5972222222222223,21.553328,22.684357,75.99743,137.1,314,maturity,0.0,False
2024-06-10,consortium0_sector3_ELMED_3276850_management1_1_1_43712822,3.5912784398699893,21.332905,21.26747,77.17057,601.10004,315,maturity,0.0,False
2024-06-11,consortium0_sector3_ELMED_3276850_management1_1_1_43712822,3.558499193114578,19.003296,18.82356,80.491455,1903.2001,316,maturity,0.0,False
2024-06-12,consortium0_sector3_ELMED_3276850_management1_1_1_43712822,3.784369885433715,17.890259,17.124918,74.183136,516.3,317,maturity,0.0,False
2024-06-13,consortium0_sector3_ELMED_3276850_management1_1_1_43712822,3.894772481040087,17.908978,17.290321,65.93933,6.6,318,maturity,0.0,False
2024-06-14,consortium0_sector3_ELMED_3276850_management1_1_1_43712822,3.785211267605634,17.722328,17.533474,75.99364,58.4,319,maturity,0.0,False
2024-06-15,consortium0_sector3_ELMED_3276850_management1_1_1_43712822,3.7361484669176983,18.098467,18.161976,80.20968,93.9,320,maturity,0.0,False
2024-06-16,consortium0_sector3_ELMED_3276850_management1_1_1_43712822,3.7250812567713973,19.17293,19.85522,75.650894,38.600002,321,maturity,0.0,False
2024-06-17,consortium0_sector3_ELMED_3276850_management1_1_1_43712822,4.02965872156013,20.718067,21.04654,74.675545,8.1,322,maturity,0.0,False
2024-06-18,consortium0_sector3_ELMED_3276850_management1_1_1_43712822,4.181011296395912,21.555317,22.14714,72.079094,0.0,323,maturity,0.0,False
2024-06-19,consortium0_sector3_ELMED_3276850_management1_1_1_43712822,4.094540075309307,22.529337,24.974129,67.708466,0.0,324,maturity,0.0,False
2024-06-20,consortium0_sector3_ELMED_3276850_management1_1_1_43712822,4.021367521367521,23.42053,26.403643,64.15364,0.0,325,maturity,0.0,False
2024-06-21,consortium0_sector3_ELMED_3276850_management1_1_1_43712822,4.080419580419581,23.430473,24.709578,71.656006,875.60004,326,maturity,0.0,False
2024-06-22,consortium0_sector3_ELMED_3276850_management1_1_1_43712822,4.442441239316239,22.195467,22.345688,72.14257,538.39996,327,maturity,0.0,False
2024-06-23,consortium0_sector3_ELMED_3276850_management1_1_1_43712822,4.523504273504273,18.939974,18.654842,84.898796,1069.0,328,maturity,0.0,False
2024-06-24,consortium0_sector3_ELMED_3276850_management1_1_1_43712822,4.484534696073157,20.159702,20.779812,78.02938,125.799995,329,maturity,0.0,False
2024-06-25,consortium0_sector3_ELMED_3276850_management1_1_1_43712822,4.438407746100054,20.616776,20.667343,82.17576,948.7,330,maturity,0.0,False
2024-06-26,consortium0_sector3_ELMED_3276850_management1_1_1_43712822,4.561457772996235,20.90683,20.985619,77.0127,418.3,331,maturity,0.0,False
2024-06-27,consortium0_sector3_ELMED_3276850_management1_1_1_43712822,4.400940785832873,21.841646,23.26873,66.780174,0.0,332,maturity,0.0,False
2024-06-28,consortium0_sector3_ELMED_3276850_management1_1_1_43712822,4.285523504273504,23.283756,25.683977,62.94098,0.0,333,maturity,0.0,False
2024-06-29,consortium0_sector3_ELMED_3276850_management1_1_1_43712822,4.201655982905983,23.93483,25.053486,76.44241,244.3,334,maturity,0.0,False
2024-06-30,consortium0_sector3_ELMED_3276850_management1_1_1_43712822,4.107584722969339,23.982147,24.632147,71.64502,82.3,335,maturity,0.0,False
2024-07-01,consortium0_sector3_ELMED_3276850_management1_1_1_43712822,4.045051102743411,21.755,21.081894,83.97507,308.4,336,maturity,0.0,False
2024-07-02,consortium0_sector3_ELMED_3276850_management1_1_1_43712822,3.9658418504572355,20.96488,21.90923,60.28608,0.0,337,maturity,0.0,False
2024-07-03,consortium0_sector3_ELMED_3276850_management1_1_1_43712822,3.9119718309859155,19.599792,19.36324,77.711426,344.30002,338,maturity,0.0,False
2024-07-04,consortium0_sector3_ELMED_3276850_management1_1_1_43712822,3.863247863247863,19.795847,20.10279,70.602684,0.0,339,maturity,0.0,False
2024-07-05,consortium0_sector3_ELMED_3276850_management1_1_1_43712822,3.786309844002152,21.167248,21.517721,74.628586,0.0,340,maturity,0.0,False
2024-07-06,consortium0_sector3_ELMED_3276850_management1_1_1_43712822,3.736013986013986,22.734165,23.24812,73.664604,39.600002,341,maturity,0.0,False
2024-07-07,consortium0_sector3_ELMED_3276850_management1_1_1_43712822,3.7376277568585263,21.865387,21.911787,84.67836,2203.3,342,maturity,0.0,False
2024-07-08,consortium0_sector3_ELMED_3276850_management1_1_1_43712822,3.727138246369016,23.048214,23.78884,74.033516,80.200005,343,maturity,0.0,False
2024-07-09,consortium0_sector3_ELMED_3276850_management1_1_1_43712822,3.6858526089295323,23.766521,24.906105,72.08583,13.2,344,maturity,0.0,False
2024-07-10,consortium0_sector3_ELMED_3276850_management1_1_1_43712822,3.64550833781603,24.516302,26.226622,69.37083,0.0,345,maturity,0.0,False
2024-07-11,consortium0_sector3_ELMED_3276850_management1_1_1_43712822,3.5969607315761163,25.050644,26.731264,68.34603,130.1,346,maturity,0.0,False
2024-07-12,consortium0_sector3_ELMED_3276850_management1_1_1_43712822,4.277491874322861,23.95926,23.866901,82.27269,670.0,347,maturity,0.0,False
2024-07-13,consortium0_sector3_ELMED_3276850_management1_1_1_43712822,4.40357905982906,22.929022,23.488617,72.429085,107.200005,348,maturity,0.0,False
2024-07-14,consortium0_sector3_ELMED_3276850_management1_1_1_43712822,4.240655471289274,23.488018,24.136091,70.093285,0.0,349,maturity,0.0,False
2024-07-15,consortium0_sector3_ELMED_3276850_management1_1_1_43712822,4.122729700854701,23.982147,25.362198,68.20133,0.0,350,maturity,0.0,False
2024-07-16,consortium0_sector3_ELMED_3276850_management1_1_1_43712822,4.014155982905983,24.777885,26.166237,68.68406,2.5,351,maturity,0.0,False
2024-07-17,consortium0_sector3_ELMED_3276850_management1_1_1_43712822,3.9011565357719205,25.014406,25.595245,70.350815,55.699997,352,maturity,0.0,False
2024-07-18,consortium0_sector3_ELMED_3276850_management1_1_1_43712822,3.78617536309844,24.959988,25.77113,69.34606,0.5,353,maturity,0.0,False
2024-07-19,consortium0_sector3_ELMED_3276850_management1_1_1_43712822,3.692845615922539,25.211977,25.708597,73.25213,1.0,354,maturity,0.0,False
2024-07-20,consortium0_sector3_ELMED_3276850_management1_1_1_43712822,3.6243228602383533,24.518795,25.161407,66.12457,23.800001,355,maturity,0.0,False
2024-07-21,consortium0_sector3_ELMED_3276850_management1_1_1_43712822,3.5625336202259277,24.221004,24.903896,73.31729,28.900002,356,maturity,0.0,False
2024-07-22,consortium0_sector3_ELMED_3276850_management1_1_1_43712822,3.415149735760423,25.219458,26.094553,64.59581,0.0,357,maturity,0.0,False
2024-07-23,consortium0_sector3_ELMED_3276850_management1_1_1_43712822,3.3252262443438916,24.300993,24.347076,75.49493,324.19998,358,maturity,0.0,False
2024-07-24,consortium0_sector3_ELMED_3276850_management1_1_1_43712822,3.285502958579882,24.211912,25.094173,64.50419,30.5,359,maturity,0.0,False
2024-07-25,consortium0_sector3_ELMED_3276850_management1_1_1_43712822,3.2264957264957266,24.11914,24.35459,64.997826,12.2,360,maturity,0.0,False
2024-07-26,consortium0_sector3_ELMED_3276850_management1_1_1_43712822,3.1920024420024418,24.989248,24.890606,73.7215,7.6000004,361,maturity,0.0,False
2024-07-27,consortium0_sector3_ELMED_3276850_management1_1_1_43712822,3.15822963800905,25.980852,26.861944,67.76028,13.700001,362,maturity,0.0,False
2024-07-28,consortium0_sector3_ELMED_3276850_management1_1_1_43712822,3.1237637362637365,26.082747,26.381958,74.491806,253.40001,363,maturity,0.0,False
2024-07-29,consortium0_sector3_ELMED_3276850_management1_1_1_43712822,3.126754632229085,26.627886,26.449633,73.02014,8.6,364,maturity,0.0,False
2024-07-30,consortium0_sector3_ELMED_3276850_management1_1_1_43712822,3.140230207748456,26.799475,26.468067,72.55862,0.0,365,maturity,0.0,False
2024-07-31,consortium0_sector3_ELMED_3276850_management1_1_1_43712822,3.120918649695628,27.069963,27.730505,69.707664,42.7,366,maturity,0.0,False
2024-08-01,consortium0_sector3_ELMED_3276850_management1_1_1_43712822,3.1248564867967854,26.631168,26.631388,69.15944,45.7,367,maturity,0.0,False
2024-08-02,consortium0_sector3_ELMED_3276850_management1_1_1_43712822,3.1307415605976754,25.84613,25.360146,68.58861,18.300001,368,maturity,0.0,False
2024-08-03,consortium0_sector3_ELMED_3276850_management1_1_1_43712822,3.0991233031674206,25.341743,25.308537,58.355705,0.0,369,maturity,0.0,False
2024-08-04,consortium0_sector3_ELMED_3276850_management1_1_1_43712822,3.0919289044289044,25.42877,25.01349,64.67854,99.0,370,maturity,0.0,False
2024-08-05,consortium0_sector3_ELMED_3276850_management1_1_1_43712822,3.0811651583710407,25.828768,25.788239,66.07576,13.2,371,maturity,0.0,False
2024-08-06,consortium0_sector3_ELMED_3276850_management1_1_1_43712822,3.068803418803419,26.165922,26.043982,71.18727,0.0,372,maturity,0.0,False
2024-08-07,consortium0_sector3_ELMED_3276850_management1_1_1_43712822,3.080565268065268,25.345245,24.689438,76.264046,125.90001,373,maturity,0.0,False
2024-08-08,consortium0_sector3_ELMED_3276850_management1_1_1_43712822,3.0633903133903133,24.795277,25.899004,58.445656,0.0,374,maturity,0.0,False
2024-08-09,consortium0_sector3_ELMED_3276850_management1_1_1_43712822,3.047570850202429,26.279968,26.510147,65.322235,6.1,375,maturity,0.0,False
2024-08-10,consortium0_sector3_ELMED_3276850_management1_1_1_43712822,3.0365531415149736,27.366112,27.919205,65.378784,0.0,376,maturity,0.0,False
2024-08-11,consortium0_sector3_ELMED_3276850_management1_1_1_43712822,3.024436090225564,28.216238,27.57293,72.70823,0.0,377,maturity,0.0,False
2024-08-12,consortium0_sector3_ELMED_3276850_management1_1_1_43712822,3.0099823840281856,28.399477,27.8913,65.13759,0.0,378,maturity,0.0,False
2024-08-13,consortium0_sector3_ELMED_3276850_management1_1_1_43712822,2.9872295673076925,27.85301,27.530094,61.962494,15.200001,379,maturity,0.0,False
2024-08-14,consortium0_sector3_ELMED_3276850_management1_1_1_43712822,2.940692894891368,27.581673,27.658913,51.822086,0.0,380,maturity,0.0,False
2024-08-15,consortium0_sector3_ELMED_3276850_management1_1_1_43712822,2.8966175668303324,26.53786,26.880947,56.409874,0.0,381,maturity,0.0,False
2024-08-16,consortium0_sector3_ELMED_3276850_management1_1_1_43712822,2.8657908992416035,27.266996,27.7306,59.949314,0.0,382,maturity,0.0,False
2024-08-17,consortium0_sector3_ELMED_3276850_management1_1_1_43712822,2.839977540707468,26.843258,26.441774,61.212463,0.0,383,maturity,0.0,False
2024-08-18,consortium0_sector3_ELMED_3276850_management1_1_1_43712822,2.8087358378056053,23.073498,22.688808,78.7608,191.40001,384,maturity,0.0,False
2024-08-19,consortium0_sector3_ELMED_3276850_management1_1_1_43712822,2.7743589743589743,23.092405,23.253548,74.12653,94.0,385,maturity,0.0,False
2024-08-20,consortium0_sector3_ELMED_3276850_management1_1_1_43712822,2.755823401950163,24.013458,24.55541,66.747154,6.6,386,maturity,0.0,False
2024-08-21,consortium0_sector3_ELMED_3276850_management1_1_1_43712822,2.75242065626681,25.21406,25.402569,65.329575,112.299995,387,maturity,0.0,False
2024-08-22,consortium0_sector3_ELMED_3276850_management1_1_1_43712822,2.751625135427952,24.962103,24.480917,71.293915,126.5,388,maturity,0.0,False
2024-08-23,consortium0_sector3_ELMED_3276850_management1_1_1_43712822,2.740243212669683,25.599445,24.80219,73.547325,0.0,389,maturity,0.0,False
2024-08-24,consortium0_sector3_ELMED_3276850_management1_1_1_43712822,2.7371794871794872,26.591963,25.508062,70.691826,12.2,390,maturity,0.0,False
2024-08-25,consortium0_sector3_ELMED_3276850_management1_1_1_43712822,2.73208041958042,26.564342,26.342941,63.20527,20.800001,391,maturity,0.0,False
2024-08-26,consortium0_sector3_ELMED_3276850_management1_1_1_43712822,2.708569004524887,24.604652,24.301592,68.71915,14.2,392,maturity,0.0,False
2024-08-27,consortium0_sector3_ELMED_3276850_management1_1_1_43712822,2.66011396011396,23.778706,23.54048,68.63081,169.0,393,maturity,0.0,False
2024-08-28,consortium0_sector3_ELMED_3276850_management1_1_1_43712822,2.6494755244755246,24.142344,24.056578,69.03,6.1,394,maturity,0.0,False
2024-08-29,consortium0_sector3_ELMED_3276850_management1_1_1_43712822,2.649435426958363,25.130789,25.513556,59.88407,0.0,395,maturity,0.0,False
2024-08-30,consortium0_sector3_ELMED_3276850_management1_1_1_43712822,2.6455642897248737,25.654274,26.146004,57.203175,0.0,396,maturity,0.0,False
2024-08-31,consortium0_sector3_ELMED_3276850_management1_1_1_43712822,2.6386039886039887,26.246635,26.284073,65.57063,0.0,397,maturity,0.0,False
2024-09-01,consortium0_sector3_ELMED_3276850_management1_1_1_43712822,2.6387772675086105,25.313965,24.823782,67.643616,52.700005,398,maturity,0.0,False
2024-09-02,consortium0_sector3_ELMED_3276850_management1_1_1_43712822,2.6223133484162893,25.178295,24.609608,62.087173,0.0,399,maturity,0.0,False
2024-09-03,consortium0_sector3_ELMED_3276850_management1_1_1_43712822,2.6143648018648022,23.780315,23.605001,69.923836,265.8,400,maturity,0.0,False
2024-09-04,consortium0_sector3_ELMED_3276850_management1_1_1_43712822,2.6142011834319527,23.453611,23.239376,70.04647,37.2,401,maturity,0.0,False
2024-09-05,consortium0_sector3_ELMED_3276850_management1_1_1_43712822,2.600820135746606,20.399319,20.078768,88.39753,2416.9001,402,maturity,0.0,False
2024-09-06,consortium0_sector3_ELMED_3276850_management1_1_1_43712822,2.6437869822485207,21.279274,21.567783,74.77708,14.7,403,maturity,0.0,False
2024-09-07,consortium0_sector3_ELMED_3276850_management1_1_1_43712822,2.652302077484559,22.134893,20.83303,78.02276,0.0,404,maturity,0.0,False
2024-09-08,consortium0_sector3_ELMED_3276850_management1_1_1_43712822,2.664753157290471,20.791838,20.82839,87.91815,2607.5999,405,maturity,0.0,False
2024-09-09,consortium0_sector3_ELMED_3276850_management1_1_1_43712822,4.036834319526627,20.63745,20.865828,71.44342,1634.1,406,maturity,0.0,False
2024-09-10,consortium0_sector3_ELMED_3276850_management1_1_1_43712822,4.526026604973973,19.540985,20.719646,56.497482,0.0,407,maturity,0.0,False
2024-09-11,consortium0_sector3_ELMED_3276850_management1_1_1_43712822,4.423642533936651,19.474287,19.291838,74.75768,189.40001,408,maturity,0.0,False
2024-09-12,consortium0_sector3_ELMED_3276850_management1_1_1_43712822,4.685378959276018,15.208188,13.485492,79.54555,1238.9,409,maturity,0.0,False
2024-09-13,consortium0_sector3_ELMED_3276850_management1_1_1_43712822,4.656759906759907,13.702506,13.245846,54.691395,6.6,410,maturity,0.0,False
2024-09-14,consortium0_sector3_ELMED_3276850_management1_1_1_43712822,4.543484500574053,14.737291,13.442247,53.97663,0.0,411,maturity,0.0,False
2024-09-15,consortium0_sector3_ELMED_3276850_management1_1_1_43712822,4.470512820512821,15.449034,14.697551,47.427204,33.5,412,maturity,0.0,False
2024-09-16,consortium0_sector3_ELMED_3276850_management1_1_1_43712822,4.405555555555556,15.3962555,14.526497,58.488792,12.7,413,maturity,0.0,False
2024-09-17,consortium0_sector3_ELMED_3276850_management1_1_1_43712822,4.327063447501404,15.810303,15.409261,67.340096,12.2,414,maturity,0.0,False
2024-09-18,consortium0_sector3_ELMED_3276850_management1_1_1_43712822,4.2698179682912505,15.143005,16.086407,61.839893,0.0,415,maturity,0.0,False
2024-09-19,consortium0_sector3_ELMED_3276850_management1_1_1_43712822,4.209994385176867,16.086344,16.504274,70.18306,48.8,416,maturity,0.0,False
2024-09-20,consortium0_sector3_ELMED_3276850_management1_1_1_43712822,4.151644157369349,16.952127,17.13663,75.857956,50.300003,417,maturity,0.0,False
2024-09-21,consortium0_sector3_ELMED_3276850_management1_1_1_43712822,4.089213418160787,17.611376,17.708757,75.144135,0.0,418,maturity,0.0,False
2024-09-22,consortium0_sector3_ELMED_3276850_management1_1_1_43712822,4.023608505315822,17.501684,16.885872,77.119774,0.0,419,maturity,0.0,False
2024-09-23,consortium0_sector3_ELMED_3276850_management1_1_1_43712822,3.967566016073479,17.614122,17.076084,81.65946,1112.9,420,maturity,0.0,False
2024-09-24,consortium0_sector3_ELMED_3276850_management1_1_1_43712822,3.9866532721010333,17.395435,17.587229,76.91812,99.9,421,maturity,0.0,False
2024-09-25,consortium0_sector3_ELMED_3276850_management1_1_1_43712822,3.954742625795258,17.038712,16.045847,78.37753,0.0,422,maturity,0.0,False
2024-09-26,consortium0_sector3_ELMED_3276850_management1_1_1_43712822,4.139494833524685,17.376276,17.9633,85.71429,955.8,423,maturity,0.0,False
2024-09-27,consortium0_sector3_ELMED_3276850_management1_1_1_43712822,4.726252913752914,18.781546,19.322046,81.72925,148.7,424,maturity,0.0,False
2024-09-28,consortium0_sector3_ELMED_3276850_management1_1_1_43712822,4.572866586538462,16.816206,15.851338,65.404106,199.59999,425,maturity,0.0,False
2024-09-29,consortium0_sector3_ELMED_3276850_management1_1_1_43712822,4.488643246517262,14.826875,13.668478,67.06256,0.0,426,maturity,0.0,False
2024-09-30,consortium0_sector3_ELMED_3276850_management1_1_1_43712822,4.4229344729344735,15.67476,15.298907,76.79835,6.1,427,maturity,0.0,False
2024-10-01,consortium0_sector3_ELMED_3276850_management1_1_1_43712822,4.374282433983927,15.556578,15.303359,82.25524,102.1,428,maturity,0.0,False
2024-10-02,consortium0_sector3_ELMED_3276850_management1_1_1_43712822,4.406031468531468,16.12735,16.131136,84.28023,674.2,429,maturity,0.0,False
2024-10-03,consortium0_sector3_ELMED_3276850_management1_1_1_43712822,4.732648930017351,13.45702,12.9255495,82.36735,872.8,430,maturity,0.0,False
2024-10-04,consortium0_sector3_ELMED_3276850_management1_1_1_43712822,4.879344729344729,11.92454,11.498561,83.40938,761.7,431,maturity,0.0,False
2024-10-05,consortium0_sector3_ELMED_3276850_management1_1_1_43712822,4.697001817080558,12.595373,12.39916,74.73144,0.0,432,maturity,0.0,False
2024-10-06,consortium0_sector3_ELMED_3276850_management1_1_1_43712822,4.600851438637698,13.053265,12.488775,79.62731,0.0,433,maturity,0.0,False
2024-10-07,consortium0_sector3_ELMED_3276850_management1_1_1_43712822,4.53592725104353,14.735998,14.99168,83.43621,96.0,434,maturity,0.0,False
2024-10-08,consortium0_sector3_ELMED_3276850_management1_1_1_43712822,5.013736263736264,15.459578,16.355568,92.04376,3045.5999,435,maturity,0.0,False
2024-10-09,consortium0_sector3_ELMED_3276850_management1_1_1_43712822,4.870407577497129,15.6935425,17.229969,81.44311,244.8,436,maturity,0.0,False
2024-10-10,consortium0_sector3_ELMED_3276850_management1_1_1_43712822,5.029786003470214,15.14894,15.67435,87.275894,1797.7,437,maturity,0.0,False
2024-10-11,consortium0_sector3_ELMED_3276850_management1_1_1_43712822,4.773423944476576,12.606894,13.785651,66.78064,0.0,438,maturity,0.0,False
2024-10-12,consortium0_sector3_ELMED_3276850_management1_1_1_43712822,4.665140415140415,12.944331,13.946824,70.33216,18.300001,439,maturity,0.0,False
2024-10-13,consortium0_sector3_ELMED_3276850_management1_1_1_43712822,4.6054639804639805,14.114154,14.191743,84.17058,0.0,440,maturity,0.0,False
2024-10-14,consortium0_sector3_ELMED_3276850_management1_1_1_43712822,4.5584152689415856,13.22656,13.717879,84.369644,0.5,441,maturity,0.0,False
2024-10-15,consortium0_sector3_ELMED_3276850_management1_1_1_43712822,4.522581585081585,13.390322,14.589249,84.13942,17.2,442,maturity,0.0,False
2024-10-16,consortium0_sector3_ELMED_3276850_management1_1_1_43712822,4.4948224852071,13.477097,15.770593,84.47151,316.30002,443,maturity,0.0,False
2024-10-17,consortium0_sector3_ELMED_3276850_management1_1_1_43712822,4.500143513203215,15.78464,18.000298,82.01426,6.6,444,maturity,0.0,False
2024-10-18,consortium0_sector3_ELMED_3276850_management1_1_1_43712822,4.876807403123193,15.568131,16.623655,92.45203,1313.5,445,maturity,0.0,False
2024-10-19,consortium0_sector3_ELMED_3276850_management1_1_1_43712822,4.798925339366516,14.373055,15.7663,89.70237,986.3,446,maturity,0.0,False
2024-10-20,consortium0_sector3_ELMED_3276850_management1_1_1_43712822,4.8370522607163835,15.870341,17.591173,84.016396,45.7,447,maturity,0.0,False
2024-10-21,consortium0_sector3_ELMED_3276850_management1_1_1_43712822,4.758286429018136,15.933725,16.506325,86.18235,0.0,448,maturity,0.0,False
2024-10-22,consortium0_sector3_ELMED_3276850_management1_1_1_43712822,4.699596774193548,15.944521,15.954273,85.501656,0.0,449,maturity,0.0,False
2024-10-23,consortium0_sector3_ELMED_3276850_management1_1_1_43712822,4.664179104477612,15.296256,15.604368,89.70929,689.10004,450,maturity,0.0,False
2024-10-24,consortium0_sector3_ELMED_3276850_management1_1_1_43712822,4.670891608391608,15.7612505,16.647865,85.53306,272.7,451,maturity,0.0,False
2024-10-30,consortium0_sector3_ELMED_3276850_management1_1_1_43712822,4.6394230769230775,13.162292,14.391143,76.64891,0.0,457,maturity,0.0,False
2024-10-31,consortium0_sector3_ELMED_3276850_management1_1_1_43712822,4.6138059701492535,12.29007,14.652948,74.57619,0.0,458,maturity,0.0,False
2024-11-01,consortium0_sector3_ELMED_3276850_management1_1_1_43712822,4.582537900056148,11.606042,14.3056,75.298645,0.0,459,maturity,0.0,False
2024-11-02,consortium0_sector3_ELMED_3276850_management1_1_1_43712822,4.5584152689415856,11.341427,14.460525,70.28055,0.0,460,maturity,0.0,False
2024-11-03,consortium0_sector3_ELMED_3276850_management1_1_1_43712822,4.528490028490028,10.826276,13.679526,73.75923,0.0,461,maturity,0.0,False
2024-11-04,consortium0_sector3_ELMED_3276850_management1_1_1_43712822,4.504193175245806,10.049634,13.142626,72.557014,0.0,462,maturity,0.0,False
2024-11-05,consortium0_sector3_ELMED_3276850_management1_1_1_43712822,4.475778038755138,9.096067,12.146951,68.69692,0.0,463,maturity,0.0,False
2024-11-06,consortium0_sector3_ELMED_3276850_management1_1_1_43712822,4.448964497041421,8.735367,12.085145,62.886166,0.0,464,maturity,0.0,False
2024-11-07,consortium0_sector3_ELMED_3276850_management1_1_1_43712822,4.427334116265414,8.552632,11.525139,68.61496,0.0,465,maturity,0.0,False
2024-11-08,consortium0_sector3_ELMED_3276850_management1_1_1_43712822,4.405594405594406,8.243068,10.426244,75.42877,0.0,466,maturity,0.0,False
2024-11-09,consortium0_sector3_ELMED_3276850_management1_1_1_43712822,4.385211687537269,8.475928,10.817879,70.547935,0.0,467,maturity,0.0,False
2024-11-10,consortium0_sector3_ELMED_3276850_management1_1_1_43712822,4.36552920763447,7.1975503,10.88281,68.82051,0.0,468,maturity,0.0,False
2024-11-11,consortium0_sector3_ELMED_3276850_management1_1_1_43712822,4.345430884904569,4.277759,8.981735,68.36866,0.0,469,maturity,0.0,False
2024-11-12,consortium0_sector3_ELMED_3276850_management1_1_1_43712822,4.323909299655568,3.989754,7.4942994,64.57565,3.0,470,maturity,0.0,False
2024-11-13,consortium0_sector3_ELMED_3276850_management1_1_1_43712822,4.300834824090638,2.6769698,6.6627336,62.67203,27.400002,471,maturity,0.0,False
2024-11-14,consortium0_sector3_ELMED_3276850_management1_1_1_43712822,4.286726431463274,2.898624,6.0836616,65.53379,13.2,472,maturity,0.0,False
2024-11-15,consortium0_sector3_ELMED_3276850_management1_1_1_43712822,4.263089851325145,2.333188,6.061629,57.094902,0.0,473,maturity,0.0,False
2024-11-16,consortium0_sector3_ELMED_3276850_management1_1_1_43712822,4.2411358173076925,2.228327,6.8305683,55.28406,0.0,474,maturity,0.0,False
2024-11-17,consortium0_sector3_ELMED_3276850_management1_1_1_43712822,4.225317989097517,2.2895646,6.5088825,57.865086,0.0,475,maturity,0.0,False
2024-11-18,consortium0_sector3_ELMED_3276850_management1_1_1_43712822,4.210584869675778,4.196004,8.129684,63.296844,0.0,476,maturity,0.0,False
2024-11-19,consortium0_sector3_ELMED_3276850_management1_1_1_43712822,4.192612942612943,3.9844193,7.3548107,71.861565,0.0,477,maturity,0.0,False
2024-11-20,consortium0_sector3_ELMED_3276850_management1_1_1_43712822,4.202973497091144,5.3152905,6.6660166,63.42486,271.6,478,maturity,0.0,False
2024-11-21,consortium0_sector3_ELMED_3276850_management1_1_1_43712822,4.169732441471573,4.1095457,2.5839458,65.05896,144.1,479,maturity,0.0,False
2024-11-22,consortium0_sector3_ELMED_3276850_management1_1_1_43712822,4.1677611006879305,3.6480556,1.1081567,58.90435,106.2,480,maturity,0.0,False
2024-11-23,consortium0_sector3_ELMED_3276850_management1_1_1_43712822,4.136321339950372,1.7833145,-1.0288382,62.4776,0.0,481,maturity,0.0,False
2024-11-24,consortium0_sector3_ELMED_3276850_management1_1_1_43712822,4.11602034329307,2.8058524,2.7774432,63.111446,0.0,482,maturity,0.0,False
2024-11-25,consortium0_sector3_ELMED_3276850_management1_1_1_43712822,4.115384615384615,3.435019,5.415259,77.596245,0.0,483,maturity,0.0,False
2024-11-26,consortium0_sector3_ELMED_3276850_management1_1_1_43712822,4.115384615384615,3.9843879,6.940764,89.326935,19.300001,484,maturity,0.0,False
2024-11-27,consortium0_sector3_ELMED_3276850_management1_1_1_43712822,4.118076923076923,4.663144,7.280726,89.945335,34.0,485,maturity,0.0,False
2024-11-28,consortium0_sector3_ELMED_3276850_management1_1_1_43712822,4.116192630898513,4.6351767,6.0109024,93.18319,3.0,486,maturity,0.0,False
2024-11-29,consortium0_sector3_ELMED_3276850_management1_1_1_43712822,4.111599030890369,4.4676895,5.23565,64.0989,0.0,487,maturity,0.0,False
2024-11-30,consortium0_sector3_ELMED_3276850_management1_1_1_43712822,4.0903215636822186,3.7190151,4.532904,59.18845,0.0,488,maturity,0.0,False
2024-12-01,consortium0_sector3_ELMED_3276850_management1_1_1_43712822,4.072545340838023,2.9521594,4.620909,54.5375,0.0,489,maturity,0.0,False
2024-12-02,consortium0_sector3_ELMED_3276850_management1_1_1_43712822,4.058146577831618,1.9885542,5.5226455,52.50293,0.0,490,maturity,0.0,False
2024-12-03,consortium0_sector3_ELMED_3276850_management1_1_1_43712822,4.047733516483516,2.6219509,6.030063,64.34166,0.0,491,maturity,0.0,False
2023-07-31,consortium0_sector3_ELMED_3276850_management1_1_1_44499257,6.872679045092838,25.133535,24.483978,62.523438,14.7,0,establishment,0.0,False
2023-08-01,consortium0_sector3_ELMED_3276850_management1_1_1_44499257,6.865384615384615,24.396982,22.458946,81.48601,176.59999,1,establishment,0.0,False
2023-08-02,consortium0_sector3_ELMED_3276850_management1_1_1_44499257,6.828799249530957,24.25197,23.82012,70.16911,38.100002,2,establishment,0.0,False
2023-08-03,consortium0_sector3_ELMED_3276850_management1_1_1_44499257,6.790646853146853,26.036566,24.714565,70.874596,87.1,3,establishment,0.0,False
2023-08-04,consortium0_sector3_ELMED_3276850_management1_1_1_44499257,6.7441471571906355,23.125172,21.252096,73.73862,249.80002,4,establishment,0.0,False
2023-08-05,consortium0_sector3_ELMED_3276850_management1_1_1_44499257,6.690122377622378,20.820782,20.516268,69.13036,575.3,5,establishment,0.0,False
2023-08-06,consortium0_sector3_ELMED_3276850_management1_1_1_44499257,6.623688811188811,21.770878,20.685493,55.34685,110.299995,6,establishment,0.0,False
2023-08-07,consortium0_sector3_ELMED_3276850_management1_1_1_44499257,6.554828150572832,20.75077,18.840006,48.997375,0.0,7,establishment,0.0,False
2023-08-08,consortium0_sector3_ELMED_3276850_management1_1_1_44499257,6.4899475524475525,20.763048,19.717312,53.98198,0.0,8,establishment,0.0,False
2023-08-09,consortium0_sector3_ELMED_3276850_management1_1_1_44499257,6.411789297658863,22.17577,21.224823,65.20097,0.0,9,establishment,0.0,False
2023-08-10,consortium0_sector3_ELMED_3276850_management1_1_1_44499257,6.343864468864469,23.641964,23.364185,61.566513,0.0,10,establishment,0.0,False
2023-08-11,consortium0_sector3_ELMED_3276850_management1_1_1_44499257,6.328177257525084,25.456167,24.084545,69.63494,0.0,11,establishment,0.0,False
2023-08-12,consortium0_sector3_ELMED_3276850_management1_1_1_44499257,6.415384615384615,26.332115,24.942627,71.15183,0.0,12,establishment,0.0,False
2023-08-13,consortium0_sector3_ELMED_3276850_management1_1_1_44499257,6.742056856187291,27.205095,25.836693,69.62854,12.1,13,establishment,0.0,False
2023-08-14,consortium0_sector3_ELMED_3276850_management1_1_1_44499257,6.941880341880343,27.373308,26.416174,64.23724,0.5,14,establishment,0.0,False
2023-08-15,consortium0_sector3_ELMED_3276850_management1_1_1_44499257,6.85556464811784,27.433126,25.947046,69.06083,68.6,15,vegetative,0.0,False
2023-08-16,consortium0_sector3_ELMED_3276850_management1_1_1_44499257,6.784698996655519,26.234861,25.58199,70.88707,0.0,16,vegetative,0.0,False
2023-08-17,consortium0_sector3_ELMED_3276850_management1_1_1_44499257,6.804765886287625,25.730726,24.479715,74.734375,50.3,17,vegetative,0.0,False
2023-08-18,consortium0_sector3_ELMED_3276850_management1_1_1_44499257,6.958612040133779,25.67779,25.939564,62.493713,0.0,18,vegetative,0.0,False
2023-08-19,consortium0_sector3_ELMED_3276850_management1_1_1_44499257,6.8940170940170935,27.105032,26.906546,62.480312,0.0,19,vegetative,0.0,False
2023-08-20,consortium0_sector3_ELMED_3276850_management1_1_1_44499257,6.842391304347826,28.146288,28.24228,64.174576,0.0,20,vegetative,0.0,False
2023-08-21,consortium0_sector3_ELMED_3276850_management1_1_1_44499257,6.824832775919732,28.657934,28.520752,62.889923,0.0,21,vegetative,0.0,False
2023-08-22,consortium0_sector3_ELMED_3276850_management1_1_1_44499257,7.291459884201819,29.282526,28.99553,58.725437,0.0,22,vegetative,0.0,False
2023-08-23,consortium0_sector3_ELMED_3276850_management1_1_1_44499257,7.267765567765568,29.403673,29.453138,57.515465,6.1,23,vegetative,0.0,False
2023-08-24,consortium0_sector3_ELMED_3276850_management1_1_1_44499257,7.186174372006647,28.965511,29.255442,58.179173,75.700005,24,vegetative,0.0,False
2023-08-25,consortium0_sector3_ELMED_3276850_management1_1_1_44499257,7.149822695035461,29.22536,28.476624,61.99032,0.0,25,vegetative,0.0,False
2023-08-26,consortium0_sector3_ELMED_3276850_management1_1_1_44499257,7.061830031729697,28.457682,26.874603,62.612106,90.90001,26,vegetative,0.0,False
2023-08-27,consortium0_sector3_ELMED_3276850_management1_1_1_44499257,7.024306202272304,23.912575,22.317469,87.765976,863.7,27,vegetative,0.0,False
2023-08-28,consortium0_sector3_ELMED_3276850_management1_1_1_44499257,9.283714447317388,21.552444,19.959293,85.598206,2504.5,28,vegetative,0.0,False
2023-08-29,consortium0_sector3_ELMED_3276850_management1_1_1_44499257,8.030068514481469,18.506105,18.339533,70.09204,173.09999,29,vegetative,0.0,False
2023-08-30,consortium0_sector3_ELMED_3276850_management1_1_1_44499257,7.6141826923076925,19.017183,18.965195,63.561966,31.5,30,vegetative,0.0,False
2023-08-31,consortium0_sector3_ELMED_3276850_management1_1_1_44499257,7.401556776556777,20.076717,18.787323,71.3256,37.600002,31,vegetative,0.0,False
2023-09-01,consortium0_sector3_ELMED_3276850_management1_1_1_44499257,7.363110008271298,21.077791,19.913996,78.24689,0.0,32,vegetative,0.0,False
2023-09-02,consortium0_sector3_ELMED_3276850_management1_1_1_44499257,7.316053511705686,22.87195,21.80601,74.92957,0.0,33,vegetative,0.0,False
2023-09-03,consortium0_sector3_ELMED_3276850_management1_1_1_44499257,7.288052373158757,23.518827,24.035934,61.506832,0.0,34,vegetative,0.0,False
2023-09-04,consortium0_sector3_ELMED_3276850_management1_1_1_44499257,7.255016722408027,23.991995,24.60377,59.63582,0.0,35,vegetative,0.0,False
2023-09-05,consortium0_sector3_ELMED_3276850_management1_1_1_44499257,7.229096989966555,23.810083,21.98745,73.404594,0.0,36,vegetative,0.0,False
2023-09-06,consortium0_sector3_ELMED_3276850_management1_1_1_44499257,7.18657937806874,23.843763,22.592152,72.14051,0.0,37,vegetative,0.0,False
2023-09-07,consortium0_sector3_ELMED_3276850_management1_1_1_44499257,7.131342062193125,23.226938,22.205252,73.27995,0.0,38,vegetative,0.0,False
2023-09-08,consortium0_sector3_ELMED_3276850_management1_1_1_44499257,7.065635451505017,23.873024,22.946571,71.49528,0.0,39,vegetative,0.0,False
2023-09-09,consortium0_sector3_ELMED_3276850_management1_1_1_44499257,6.997909698996655,24.055126,22.951054,74.32956,0.0,40,vegetative,0.0,False
2023-09-10,consortium0_sector3_ELMED_3276850_management1_1_1_44499257,6.945171849427168,24.78104,23.64916,74.511604,0.0,41,vegetative,0.0,False
2023-09-11,consortium0_sector3_ELMED_3276850_management1_1_1_44499257,6.885451505016722,24.772076,24.506641,65.86429,0.0,42,vegetative,0.0,False
2023-09-12,consortium0_sector3_ELMED_3276850_management1_1_1_44499257,6.818803418803418,24.157934,24.381641,66.65323,0.0,43,vegetative,0.0,False
2023-09-13,consortium0_sector3_ELMED_3276850_management1_1_1_44499257,6.765734265734266,22.721666,21.366302,81.673225,484.6,44,vegetative,0.0,False
2023-09-14,consortium0_sector3_ELMED_3276850_management1_1_1_44499257,6.709448160535118,22.164818,21.798813,71.86208,0.0,45,flowering,0.0,False
2023-09-15,consortium0_sector3_ELMED_3276850_management1_1_1_44499257,6.650501672240802,21.248436,20.467154,77.878914,32.5,46,flowering,0.0,False
2023-09-16,consortium0_sector3_ELMED_3276850_management1_1_1_44499257,6.5953177257525075,21.388618,20.042658,77.92769,0.5,47,flowering,0.0,False
2023-09-17,consortium0_sector3_ELMED_3276850_management1_1_1_44499257,6.540551839464883,22.212513,21.030537,79.106674,0.0,48,flowering,0.0,False
2023-09-18,consortium0_sector3_ELMED_3276850_management1_1_1_44499257,6.5,21.724508,20.685114,86.17004,547.60004,49,flowering,0.0,False
2023-09-19,consortium0_sector3_ELMED_3276850_management1_1_1_44499257,6.4542735042735035,21.877853,21.427727,75.07078,142.8,50,flowering,0.0,False
2023-09-20,consortium0_sector3_ELMED_3276850_management1_1_1_44499257,6.429086538461539,21.22394,20.129717,78.058014,49.8,51,flowering,0.0,False
2023-09-21,consortium0_sector3_ELMED_3276850_management1_1_1_44499257,6.40834697217676,21.097708,20.78644,73.674675,78.200005,52,flowering,0.0,False
2023-09-22,consortium0_sector3_ELMED_3276850_management1_1_1_44499257,6.353109656301146,19.353518,18.81204,89.14688,1211.6,53,flowering,0.0,False
2023-09-23,consortium0_sector3_ELMED_3276850_management1_1_1_44499257,6.404264214046823,18.608377,17.585808,66.392265,63.300003,54,flowering,0.0,False
2023-09-24,consortium0_sector3_ELMED_3276850_management1_1_1_44499257,6.419394435351882,17.389534,16.242847,59.529198,0.0,55,flowering,0.0,False
2023-09-25,consortium0_sector3_ELMED_3276850_management1_1_1_44499257,6.408253205128205,17.091995,17.558662,59.196888,0.0,56,flowering,0.0,False
2023-09-26,consortium0_sector3_ELMED_3276850_management1_1_1_44499257,6.4021739130434785,18.0645,19.189533,69.92852,0.0,57,flowering,0.0,False
2023-09-27,consortium0_sector3_ELMED_3276850_management1_1_1_44499257,6.365802675585285,18.968447,18.926844,73.53084,0.0,58,flowering,0.0,False
2023-09-28,consortium0_sector3_ELMED_3276850_management1_1_1_44499257,6.35994983277592,18.693857,18.982841,72.15058,0.0,59,flowering,0.0,False
2023-09-29,consortium0_sector3_ELMED_3276850_management1_1_1_44499257,6.35994983277592,19.084892,19.393478,75.0403,0.0,60,flowering,0.0,False
2023-09-30,consortium0_sector3_ELMED_3276850_management1_1_1_44499257,6.352136752136752,19.885965,21.290575,68.83659,0.0,61,flowering,0.0,False
2023-10-01,consortium0_sector3_ELMED_3276850_management1_1_1_44499257,6.339882943143812,19.71687,20.188429,65.84731,0.0,62,flowering,0.0,False
2023-10-02,consortium0_sector3_ELMED_3276850_management1_1_1_44499257,6.327300150829562,19.185524,21.31204,60.440758,0.0,63,flowering,0.0,False
2023-10-03,consortium0_sector3_ELMED_3276850_management1_1_1_44499257,6.308528428093647,19.506042,20.787102,72.6725,0.0,64,flowering,0.0,False
2023-10-04,consortium0_sector3_ELMED_3276850_management1_1_1_44499257,6.294314381270903,19.945215,20.055347,72.583626,18.800001,65,flowering,0.0,False
2023-10-05,consortium0_sector3_ELMED_3276850_management1_1_1_44499257,6.283551554828151,20.394962,19.858315,76.930916,0.0,66,flowering,0.0,False
2023-10-06,consortium0_sector3_ELMED_3276850_management1_1_1_44499257,6.27291325695581,19.331703,19.803738,68.68812,0.0,67,flowering,0.0,False
2023-10-07,consortium0_sector3_ELMED_3276850_management1_1_1_44499257,6.246394230769231,18.762356,19.721983,57.005974,0.0,68,flowering,0.0,False
2023-10-08,consortium0_sector3_ELMED_3276850_management1_1_1_44499257,6.222408026755852,19.171446,20.439533,54.11914,0.0,69,flowering,0.0,False
2023-10-09,consortium0_sector3_ELMED_3276850_management1_1_1_44499257,6.193589743589744,19.455223,21.265701,50.903347,0.0,70,maturity,0.0,False
2023-10-10,consortium0_sector3_ELMED_3276850_management1_1_1_44499257,6.167348608837971,19.316078,21.40323,45.470448,0.0,71,maturity,0.0,False
2023-10-11,consortium0_sector3_ELMED_3276850_management1_1_1_44499257,6.14423076923077,18.340448,19.862291,56.437023,0.0,72,maturity,0.0,False
2023-10-12,consortium0_sector3_ELMED_3276850_management1_1_1_44499257,6.1133387888707045,18.648972,18.772203,77.3763,0.0,73,maturity,0.0,False
2023-10-13,consortium0_sector3_ELMED_3276850_management1_1_1_44499257,6.089464882943143,18.793573,17.979685,80.80756,0.0,74,maturity,0.0,False
2023-10-14,consortium0_sector3_ELMED_3276850_management1_1_1_44499257,6.0855155482815055,18.723467,17.866459,80.673744,164.0,75,maturity,0.0,False
2023-10-15,consortium0_sector3_ELMED_3276850_management1_1_1_44499257,6.0547008547008545,16.94108,15.47738,65.650566,0.0,76,maturity,0.0,False
2023-10-16,consortium0_sector3_ELMED_3276850_management1_1_1_44499257,6.00982905982906,13.611061,11.993952,63.932167,0.0,77,maturity,0.0,False
2023-10-17,consortium0_sector3_ELMED_3276850_management1_1_1_44499257,5.973504273504274,12.80983,10.790291,78.55943,0.0,78,maturity,0.0,False
2023-10-18,consortium0_sector3_ELMED_3276850_management1_1_1_44499257,5.944444444444445,13.228201,12.612513,78.96795,14.2,79,maturity,0.0,False
2023-10-19,consortium0_sector3_ELMED_3276850_management1_1_1_44499257,5.908756137479542,14.746509,15.43887,86.78339,474.5,80,maturity,0.0,False
2023-10-20,consortium0_sector3_ELMED_3276850_management1_1_1_44499257,11.201718494271686,16.167469,16.969772,91.779144,2099.9001,81,maturity,0.0,False
2023-10-21,consortium0_sector3_ELMED_3276850_management1_1_1_44499257,8.175213675213675,15.359672,15.743068,83.37499,608.2,82,maturity,0.0,False
2023-10-22,consortium0_sector3_ELMED_3276850_management1_1_1_44499257,8.062193126022914,14.71226,15.323024,78.24249,36.600002,83,maturity,0.0,False
2023-10-23,consortium0_sector3_ELMED_3276850_management1_1_1_44499257,8.089597902097902,14.990985,15.133914,71.484985,0.0,84,maturity,0.0,False
2023-10-24,consortium0_sector3_ELMED_3276850_management1_1_1_44499257,17.627777777777776,14.7588825,15.101497,90.07799,1627.7001,85,maturity,0.0,False
2023-10-25,consortium0_sector3_ELMED_3276850_management1_1_1_44499257,11.216039279869069,14.751117,15.052695,85.2616,87.4,86,maturity,0.0,False
2023-10-26,consortium0_sector3_ELMED_3276850_management1_1_1_44499257,7.942700156985872,14.309356,14.68142,83.984985,354.9,87,maturity,0.0,False
2023-10-27,consortium0_sector3_ELMED_3276850_management1_1_1_44499257,16.8896978021978,15.261661,15.685682,79.78234,1008.5,88,maturity,0.0,False
2023-10-28,consortium0_sector3_ELMED_3276850_management1_1_1_44499257,8.956661092530657,12.680853,12.925076,76.97727,0.0,89,maturity,0.0,False
2023-10-29,consortium0_sector3_ELMED_3276850_management1_1_1_44499257,8.740384615384615,11.622835,12.222109,83.23185,108.200005,90,maturity,0.0,False
2023-10-30,consortium0_sector3_ELMED_3276850_management1_1_1_44499257,29.438761593016913,13.617279,14.849413,91.51501,3671.1,91,maturity,0.0,False
2023-10-31,consortium0_sector3_ELMED_3276850_management1_1_1_44499257,13.095346960731577,12.222582,12.897109,74.41685,1231.7,92,maturity,0.0,False
2023-11-01,consortium0_sector3_ELMED_3276850_management1_1_1_44499257,9.177472527472528,10.056736,10.372078,78.54761,56.899998,93,maturity,0.0,False
2023-11-02,consortium0_sector3_ELMED_3276850_management1_1_1_44499257,34.06433314886552,11.098277,11.181357,89.53332,2317.2,94,maturity,0.0,False
2023-11-03,consortium0_sector3_ELMED_3276850_management1_1_1_44499257,23.597926895799237,9.324728,8.41207,85.65028,739.2,95,maturity,0.0,False
2023-11-04,consortium0_sector3_ELMED_3276850_management1_1_1_44499257,9.341243862520457,7.72416,7.550865,82.87789,765.10004,96,maturity,0.0,False
2023-11-05,consortium0_sector3_ELMED_3276850_management1_1_1_44499257,19.574620801733477,8.196731,7.4586616,88.932106,901.2,97,maturity,0.0,False
2023-11-06,consortium0_sector3_ELMED_3276850_management1_1_1_44499257,9.322527472527472,7.508031,8.067658,79.46058,0.0,98,maturity,0.0,False
2023-11-07,consortium0_sector3_ELMED_3276850_management1_1_1_44499257,9.15047725996631,8.077096,7.749792,90.40818,44.100002,99,maturity,0.0,False
2023-11-08,consortium0_sector3_ELMED_3276850_management1_1_1_44499257,9.186950549450549,6.196541,6.1178474,76.57745,0.0,100,maturity,0.0,False
2023-11-09,consortium0_sector3_ELMED_3276850_management1_1_1_44499257,9.128901895206242,6.64774,7.6791477,71.64765,405.69998,101,maturity,0.0,False
2023-11-10,consortium0_sector3_ELMED_3276850_management1_1_1_44499257,9.209615384615386,7.7866287,7.7043686,89.20799,162.0,102,maturity,0.0,False
2023-11-11,consortium0_sector3_ELMED_3276850_management1_1_1_44499257,9.295058955642897,6.594489,6.4181314,73.81185,0.0,103,maturity,0.0,False
2023-11-12,consortium0_sector3_ELMED_3276850_management1_1_1_44499257,9.107407407407408,5.66649,5.181831,69.38497,0.5,104,maturity,0.0,False
2023-11-13,consortium0_sector3_ELMED_3276850_management1_1_1_44499257,9.050904977375566,6.701149,8.335082,71.67879,0.0,105,maturity,0.0,False
2023-11-14,consortium0_sector3_ELMED_3276850_management1_1_1_44499257,9.067238516878804,7.52113,9.993573,78.50023,105.09999,106,maturity,0.0,False
2023-11-15,consortium0_sector3_ELMED_3276850_management1_1_1_44499257,8.929347826086957,7.7103662,9.364407,71.78832,6.1,107,maturity,0.0,False
2023-11-16,consortium0_sector3_ELMED_3276850_management1_1_1_44499257,8.85670908039329,6.172456,6.5919003,71.71719,0.0,108,maturity,0.0,False
2023-11-17,consortium0_sector3_ELMED_3276850_management1_1_1_44499257,9.064289724873667,6.2293057,6.5771904,68.40206,0.0,109,maturity,0.0,False
2023-11-18,consortium0_sector3_ELMED_3276850_management1_1_1_44499257,8.78598901098901,6.0772223,6.168384,63.805042,0.0,110,maturity,0.0,False
2023-11-19,consortium0_sector3_ELMED_3276850_management1_1_1_44499257,9.13543956043956,6.4199305,8.570815,64.59151,0.0,111,maturity,0.0,False
2023-11-20,consortium0_sector3_ELMED_3276850_management1_1_1_44499257,8.836192584394023,5.4751387,9.819805,66.88346,0.0,112,maturity,0.0,False
2023-11-21,consortium0_sector3_ELMED_3276850_management1_1_1_44499257,8.641310541310542,5.8919315,8.049791,65.86609,0.0,113,maturity,0.0,False
2023-11-22,consortium0_sector3_ELMED_3276850_management1_1_1_44499257,8.62174875484228,6.2436366,6.6855874,68.20428,0.0,114,maturity,0.0,False
2023-11-23,consortium0_sector3_ELMED_3276850_management1_1_1_44499257,8.840858416945375,5.268731,7.236345,61.72216,0.0,115,maturity,0.0,False
2023-11-24,consortium0_sector3_ELMED_3276850_management1_1_1_44499257,8.788178733031673,6.2467613,8.857589,58.839844,0.0,116,maturity,0.0,False
2023-11-25,consortium0_sector3_ELMED_3276850_management1_1_1_44499257,8.877836192584393,4.4948673,3.1891856,53.46176,1.0,117,maturity,0.0,False
2023-11-26,consortium0_sector3_ELMED_3276850_management1_1_1_44499257,8.495050904977376,4.2470455,3.577096,56.02265,0.0,118,maturity,0.0,False
2023-11-27,consortium0_sector3_ELMED_3276850_management1_1_1_44499257,7.778263403263404,3.3008966,3.9546847,57.317383,0.0,119,maturity,0.0,False
2023-11-28,consortium0_sector3_ELMED_3276850_management1_1_1_44499257,7.659212880143113,3.7787373,4.5724564,64.65279,0.0,120,maturity,0.0,False
2023-11-29,consortium0_sector3_ELMED_3276850_management1_1_1_44499257,7.656092083099383,4.4454355,3.6332512,61.843258,0.0,121,maturity,0.0,False
2023-11-30,consortium0_sector3_ELMED_3276850_management1_1_1_44499257,7.604295339696799,3.6810102,4.3501387,79.43873,308.80002,122,maturity,0.0,False
2023-12-01,consortium0_sector3_ELMED_3276850_management1_1_1_44499257,12.85846707249585,2.8161428,6.730032,87.48093,2312.9001,123,maturity,0.0,False
2023-12-02,consortium0_sector3_ELMED_3276850_management1_1_1_44499257,24.087576092971776,5.607399,6.170688,69.722206,1359.1,124,maturity,0.0,False
2023-12-03,consortium0_sector3_ELMED_3276850_management1_1_1_44499257,9.011650758001123,3.3169003,1.9953094,50.738373,0.0,125,maturity,0.0,False
2023-12-04,consortium0_sector3_ELMED_3276850_management1_1_1_44499257,8.675585284280936,2.2158587,1.720846,66.90371,106.1,126,maturity,0.0,False
2023-12-05,consortium0_sector3_ELMED_3276850_management1_1_1_44499257,8.566676024705222,1.7528852,2.7472034,73.51763,15.200001,127,maturity,0.0,False
2023-12-06,consortium0_sector3_ELMED_3276850_management1_1_1_44499257,8.525222965440356,3.793321,2.8934472,71.41454,0.0,128,maturity,0.0,False
2023-12-07,consortium0_sector3_ELMED_3276850_management1_1_1_44499257,8.491880341880343,3.9986553,2.4680367,65.91764,0.0,129,maturity,0.0,False
2023-12-08,consortium0_sector3_ELMED_3276850_management1_1_1_44499257,8.40011068068622,3.443005,2.701149,72.134384,92.40001,130,maturity,0.0,False
2023-12-09,consortium0_sector3_ELMED_3276850_management1_1_1_44499257,8.479821235102927,2.8376706,5.242721,70.82651,39.100002,131,maturity,0.0,False
2023-12-10,consortium0_sector3_ELMED_3276850_management1_1_1_44499257,8.390554298642535,3.5931947,4.7926893,76.16806,0.0,132,maturity,0.0,False
2023-12-11,consortium0_sector3_ELMED_3276850_management1_1_1_44499257,8.332750582750583,4.157557,5.2566733,72.86343,8.1,133,maturity,0.0,False
2023-12-12,consortium0_sector3_ELMED_3276850_management1_1_1_44499257,8.32858328721638,4.810051,7.0803156,78.30678,6.6,134,maturity,0.0,False
2023-12-13,consortium0_sector3_ELMED_3276850_management1_1_1_44499257,8.28695054945055,5.18524,6.1175632,92.08016,618.0,135,maturity,0.0,False
2023-12-14,consortium0_sector3_ELMED_3276850_management1_1_1_44499257,8.301951779563721,3.976149,4.814912,81.12953,0.0,136,maturity,0.0,False
2023-12-15,consortium0_sector3_ELMED_3276850_management1_1_1_44499257,8.37973801560758,4.5717297,5.3201203,63.98487,0.0,137,maturity,0.0,False
2023-12-16,consortium0_sector3_ELMED_3276850_management1_1_1_44499257,8.487321937321937,4.4530745,5.2423425,56.079224,0.0,138,maturity,0.0,False
2023-12-17,consortium0_sector3_ELMED_3276850_management1_1_1_44499257,8.481611454239191,2.679779,6.5584407,51.243706,0.0,139,maturity,0.0,False
2023-12-18,consortium0_sector3_ELMED_3276850_management1_1_1_44499257,8.455316742081449,3.0942676,7.229716,54.672024,0.0,140,maturity,0.0,False
2023-12-19,consortium0_sector3_ELMED_3276850_management1_1_1_44499257,8.419917582417582,4.3245077,6.9078727,60.263474,0.0,141,maturity,0.0,False
2023-12-20,consortium0_sector3_ELMED_3276850_management1_1_1_44499257,8.361863488624053,4.359072,6.3794947,61.24962,0.0,142,maturity,0.0,False
2023-12-21,consortium0_sector3_ELMED_3276850_management1_1_1_44499257,8.343784838350055,4.6022224,5.340701,68.69109,36.0,143,maturity,0.0,False
2023-12-22,consortium0_sector3_ELMED_3276850_management1_1_1_44499257,8.401895206243033,5.6297793,5.092879,89.33495,197.90001,144,maturity,0.0,False
2023-12-23,consortium0_sector3_ELMED_3276850_management1_1_1_44499257,8.324236425339366,5.7794003,5.062576,85.20018,0.0,145,maturity,0.0,False
2023-12-24,consortium0_sector3_ELMED_3276850_management1_1_1_44499257,8.308399321266968,5.7451515,8.626718,55.773663,0.0,146,maturity,0.0,False
2023-12-25,consortium0_sector3_ELMED_3276850_management1_1_1_44499257,8.28431101272828,5.6478977,9.889691,65.40803,0.0,147,maturity,0.0,False
2023-12-26,consortium0_sector3_ELMED_3276850_management1_1_1_44499257,8.259476031215161,4.9267807,7.743573,73.50054,0.0,148,maturity,0.0,False
2023-12-27,consortium0_sector3_ELMED_3276850_management1_1_1_44499257,8.25908540278619,3.4840722,6.910461,51.993927,0.0,149,maturity,0.0,False
2023-12-28,consortium0_sector3_ELMED_3276850_management1_1_1_44499257,8.223865877712031,4.4202466,6.4570208,57.461292,0.0,150,maturity,0.0,False
2023-12-29,consortium0_sector3_ELMED_3276850_management1_1_1_44499257,8.211175616835995,5.1688576,5.7666163,83.87174,0.0,151,maturity,0.0,False
2023-12-30,consortium0_sector3_ELMED_3276850_management1_1_1_44499257,8.232324660633484,5.074981,5.9830303,79.21589,0.0,152,maturity,0.0,False
2023-12-31,consortium0_sector3_ELMED_3276850_management1_1_1_44499257,8.189886039886039,5.015701,5.522267,88.82301,944.39996,153,maturity,0.0,False
2024-01-01,consortium0_sector3_ELMED_3276850_management1_1_1_44499257,9.211817168338907,4.056073,3.9580934,89.88806,271.19998,154,maturity,0.0,False
2024-01-02,consortium0_sector3_ELMED_3276850_management1_1_1_44499257,8.742625795257373,2.831389,3.230821,73.01472,0.0,155,maturity,0.0,False
2024-01-03,consortium0_sector3_ELMED_3276850_management1_1_1_44499257,8.596574957888826,3.8746023,4.4248867,84.00706,0.0,156,maturity,0.0,False
2024-01-04,consortium0_sector3_ELMED_3276850_management1_1_1_44499257,8.546181920269511,3.927159,4.6127653,75.84063,6.6,157,maturity,0.0,False
2024-01-05,consortium0_sector3_ELMED_3276850_management1_1_1_44499257,8.458450308815273,4.121793,4.4092298,80.87472,678.3,158,maturity,0.0,False
2024-01-06,consortium0_sector3_ELMED_3276850_management1_1_1_44499257,10.066685113447702,4.5052214,5.1863766,92.02766,688.0,159,maturity,0.0,False
2024-01-07,consortium0_sector3_ELMED_3276850_management1_1_1_44499257,9.332915273132665,4.347614,5.7102084,72.21565,117.3,160,maturity,0.0,False
2024-01-08,consortium0_sector3_ELMED_3276850_management1_1_1_44499257,8.730906593406594,4.0182576,4.770341,63.077015,0.0,161,maturity,0.0,False
2024-01-09,consortium0_sector3_ELMED_3276850_management1_1_1_44499257,8.601411178749307,3.775139,4.7051263,72.747116,0.0,162,maturity,0.0,False
2024-01-10,consortium0_sector3_ELMED_3276850_management1_1_1_44499257,8.528917378917379,4.0886173,3.8901958,80.73706,0.0,163,maturity,0.0,False
2024-01-11,consortium0_sector3_ELMED_3276850_management1_1_1_44499257,8.621842709529277,2.9964142,3.2419004,65.28509,0.0,164,maturity,0.0,False
2024-01-12,consortium0_sector3_ELMED_3276850_management1_1_1_44499257,8.499855407750145,4.1021276,3.603264,58.663425,0.0,165,maturity,0.0,False
2024-01-13,consortium0_sector3_ELMED_3276850_management1_1_1_44499257,8.513194834362718,3.9807262,2.8934155,54.269062,0.0,166,maturity,0.0,False
2024-01-14,consortium0_sector3_ELMED_3276850_management1_1_1_44499257,8.361425339366516,3.4101768,3.1668055,50.982616,0.0,167,maturity,0.0,False
2024-01-15,consortium0_sector3_ELMED_3276850_management1_1_1_44499257,8.525179856115107,3.0562942,3.1077461,58.460922,0.0,168,maturity,0.0,False
2024-01-16,consortium0_sector3_ELMED_3276850_management1_1_1_44499257,8.385780885780886,4.002222,3.062008,55.362106,0.0,169,maturity,0.0,False
2024-01-17,consortium0_sector3_ELMED_3276850_management1_1_1_44499257,8.203929164360819,3.4190469,3.6172159,78.97888,491.0,170,maturity,0.0,False
2024-01-18,consortium0_sector3_ELMED_3276850_management1_1_1_44499257,8.338652482269504,3.1619446,5.7107134,87.147415,494.5,171,maturity,0.0,False
2024-01-19,consortium0_sector3_ELMED_3276850_management1_1_1_44499257,8.385036496350365,3.3871653,2.1636174,62.046413,208.2,172,maturity,0.0,False
2024-01-20,consortium0_sector3_ELMED_3276850_management1_1_1_44499257,8.711396011396012,2.1579356,-0.6682006,41.12848,0.0,173,maturity,0.0,False
2024-01-21,consortium0_sector3_ELMED_3276850_management1_1_1_44499257,8.442861095738794,2.1695204,1.2889332,35.24871,0.0,174,maturity,0.0,False
2024-01-22,consortium0_sector3_ELMED_3276850_management1_1_1_44499257,8.279745434421693,1.8139017,4.0906377,32.819775,0.0,175,maturity,0.0,False
2024-01-23,consortium0_sector3_ELMED_3276850_management1_1_1_44499257,8.117430441898527,2.4917107,5.221225,52.468285,0.0,176,maturity,0.0,False
2024-01-24,consortium0_sector3_ELMED_3276850_management1_1_1_44499257,8.076080853453115,5.021635,8.159041,60.922962,0.0,177,maturity,0.0,False
2024-01-25,consortium0_sector3_ELMED_3276850_management1_1_1_44499257,8.044778214486245,5.086976,8.444426,79.3501,1.0,178,maturity,0.0,False
2024-01-26,consortium0_sector3_ELMED_3276850_management1_1_1_44499257,8.036247924737134,5.4234347,8.89149,70.75514,0.0,179,maturity,0.0,False
2024-01-27,consortium0_sector3_ELMED_3276850_management1_1_1_44499257,8.030179674340259,5.4979296,6.7936997,71.13025,0.0,180,maturity,0.0,False
2024-01-28,consortium0_sector3_ELMED_3276850_management1_1_1_44499257,8.01698483997754,4.888933,5.655095,58.040222,0.0,181,maturity,0.0,False
2024-01-29,consortium0_sector3_ELMED_3276850_management1_1_1_44499257,8.006967670011148,3.9105873,5.965669,55.528717,0.0,182,maturity,0.0,False
2024-01-30,consortium0_sector3_ELMED_3276850_management1_1_1_44499257,7.9845612134344535,3.8649433,7.1085353,53.885735,0.0,183,maturity,0.0,False
2024-01-31,consortium0_sector3_ELMED_3276850_management1_1_1_44499257,7.960164835164835,3.5609343,7.9126706,53.394226,0.0,184,maturity,0.0,False
2024-02-01,consortium0_sector3_ELMED_3276850_management1_1_1_44499257,7.93185618729097,3.4189205,4.710177,70.14836,0.0,185,maturity,0.0,False
2024-02-02,consortium0_sector3_ELMED_3276850_management1_1_1_44499257,7.939972527472527,3.3649116,6.8074937,63.888027,0.0,186,maturity,0.0,False
2024-02-03,consortium0_sector3_ELMED_3276850_management1_1_1_44499257,7.934203296703298,4.2057576,8.846193,65.70354,0.0,187,maturity,0.0,False
2024-02-04,consortium0_sector3_ELMED_3276850_management1_1_1_44499257,7.947527472527473,4.934356,9.043858,60.710472,0.0,188,maturity,0.0,False
2024-02-05,consortium0_sector3_ELMED_3276850_management1_1_1_44499257,7.952127659574468,6.2930994,10.305789,58.772938,0.0,189,maturity,0.0,False
2024-02-06,consortium0_sector3_ELMED_3276850_management1_1_1_44499257,7.938625204582651,5.5892487,8.17173,64.57232,0.0,190,maturity,0.0,False
2024-02-07,consortium0_sector3_ELMED_3276850_management1_1_1_44499257,7.946808510638298,6.3375444,7.268984,80.984024,0.0,191,maturity,0.0,False
2024-02-08,consortium0_sector3_ELMED_3276850_management1_1_1_44499257,7.9563921993499465,7.71327,8.490227,84.31999,0.0,192,maturity,0.0,False
2024-02-09,consortium0_sector3_ELMED_3276850_management1_1_1_44499257,7.969039825422805,8.624191,9.85137,88.04769,1104.6,193,maturity,0.0,False
2024-02-10,consortium0_sector3_ELMED_3276850_management1_1_1_44499257,8.015574214517878,8.21286,8.648719,93.10485,577.3,194,maturity,0.0,False
2024-02-11,consortium0_sector3_ELMED_3276850_management1_1_1_44499257,8.6524626452684,7.7448044,8.414502,90.15858,461.9,195,maturity,0.0,False
2024-02-12,consortium0_sector3_ELMED_3276850_management1_1_1_44499257,8.704570791527313,6.5482764,8.889154,65.750946,0.0,196,maturity,0.0,False
2024-02-13,consortium0_sector3_ELMED_3276850_management1_1_1_44499257,8.484832069339111,6.5532637,7.389375,59.549137,0.0,197,maturity,0.0,False
2024-02-14,consortium0_sector3_ELMED_3276850_management1_1_1_44499257,8.392279821627648,6.2485604,7.4202466,55.64547,0.0,198,maturity,0.0,False
2024-02-15,consortium0_sector3_ELMED_3276850_management1_1_1_44499257,8.324725274725276,6.986692,10.166932,54.995384,0.0,199,maturity,0.0,False
2024-02-16,consortium0_sector3_ELMED_3276850_management1_1_1_44499257,8.286371237458194,7.257052,11.271068,58.22963,0.0,200,maturity,0.0,False
2024-02-17,consortium0_sector3_ELMED_3276850_management1_1_1_44499257,8.269366197183098,8.4236555,12.641617,63.780952,0.0,201,maturity,0.0,False
2024-02-18,consortium0_sector3_ELMED_3276850_management1_1_1_44499257,8.272412838959603,9.686471,12.296446,70.105156,0.0,202,maturity,0.0,False
2024-02-19,consortium0_sector3_ELMED_3276850_management1_1_1_44499257,8.284127843987,9.570278,10.747803,68.20793,18.300001,203,maturity,0.0,False
2024-02-20,consortium0_sector3_ELMED_3276850_management1_1_1_44499257,8.28995124593716,8.459482,9.172456,58.518627,0.0,204,maturity,0.0,False
2024-02-21,consortium0_sector3_ELMED_3276850_management1_1_1_44499257,8.268412438625205,7.1921844,8.056357,54.723198,0.0,205,maturity,0.0,False
2024-02-22,consortium0_sector3_ELMED_3276850_management1_1_1_44499257,8.237556561085972,7.9911737,8.745877,82.16882,539.3,206,maturity,0.0,False
2024-02-23,consortium0_sector3_ELMED_3276850_management1_1_1_44499257,9.176213857064921,6.419236,5.5316415,96.35352,1856.7001,207,maturity,0.0,False
2024-02-24,consortium0_sector3_ELMED_3276850_management1_1_1_44499257,9.017140468227424,4.4949307,4.549129,84.50083,375.9,208,maturity,0.0,False
2024-02-25,consortium0_sector3_ELMED_3276850_management1_1_1_44499257,9.157003444316876,5.706799,6.257841,78.040535,382.0,209,maturity,0.0,False
2024-02-26,consortium0_sector3_ELMED_3276850_management1_1_1_44499257,8.601894374282434,5.6719193,5.9588194,88.62233,621.0,210,maturity,0.0,False
2024-02-27,consortium0_sector3_ELMED_3276850_management1_1_1_44499257,17.496369015599782,5.6466665,6.10238,94.39685,1881.8,211,maturity,0.0,False
2024-02-28,consortium0_sector3_ELMED_3276850_management1_1_1_44499257,9.312087912087911,7.5932574,9.4733715,82.39117,560.60004,212,maturity,0.0,False
2024-02-29,consortium0_sector3_ELMED_3276850_management1_1_1_44499257,8.800636413945766,8.670151,9.803169,79.05319,13.2,213,maturity,0.0,False
2024-03-01,consortium0_sector3_ELMED_3276850_management1_1_1_44499257,8.678610957387935,8.797266,9.815165,87.742546,629.39996,214,maturity,0.0,False
2024-03-02,consortium0_sector3_ELMED_3276850_management1_1_1_44499257,8.830631868131869,9.025076,9.993983,82.46949,176.5,215,maturity,0.0,False
2024-03-03,consortium0_sector3_ELMED_3276850_management1_1_1_44499257,8.760387422796182,9.275044,9.908441,75.51209,22.300001,216,maturity,0.0,False
2024-03-04,consortium0_sector3_ELMED_3276850_management1_1_1_44499257,8.665934065934067,9.227254,10.559987,69.94262,0.0,217,maturity,0.0,False
2024-03-05,consortium0_sector3_ELMED_3276850_management1_1_1_44499257,8.629469122426869,9.197298,10.251623,75.51166,497.9,218,maturity,0.0,False
2024-03-06,consortium0_sector3_ELMED_3276850_management1_1_1_44499257,9.557277616242741,8.706894,8.785176,78.412476,843.89996,219,maturity,0.0,False
2024-03-07,consortium0_sector3_ELMED_3276850_management1_1_1_44499257,8.690494494133615,7.7513385,8.173308,68.9957,43.200005,220,maturity,0.0,False
2024-03-08,consortium0_sector3_ELMED_3276850_management1_1_1_44499257,8.558795371410547,8.17072,7.6448045,83.54096,240.8,221,maturity,0.0,False
2024-03-09,consortium0_sector3_ELMED_3276850_management1_1_1_44499257,8.492917568901664,8.847393,8.955001,80.55323,67.5,222,maturity,0.0,False
2024-03-10,consortium0_sector3_ELMED_3276850_management1_1_1_44499257,9.181908642911296,6.8878284,6.087166,95.05769,2153.2,223,maturity,0.0,False
2024-03-11,consortium0_sector3_ELMED_3276850_management1_1_1_44499257,8.914044058737815,5.551875,7.356073,75.43521,0.0,224,maturity,0.0,False
2024-03-12,consortium0_sector3_ELMED_3276850_management1_1_1_44499257,8.651186878663948,6.4574623,8.575045,60.00459,0.0,225,maturity,0.0,False
2024-03-13,consortium0_sector3_ELMED_3276850_management1_1_1_44499257,8.552649018911339,7.907967,9.782683,62.242046,26.4,226,maturity,0.0,False
2024-03-14,consortium0_sector3_ELMED_3276850_management1_1_1_44499257,8.513972386250787,8.443447,10.451244,67.35986,0.0,227,maturity,0.0,False
2024-03-15,consortium0_sector3_ELMED_3276850_management1_1_1_44499257,8.47868961970554,9.649065,12.2329035,72.11478,0.0,228,maturity,0.0,False
2024-03-16,consortium0_sector3_ELMED_3276850_management1_1_1_44499257,8.462386741385982,11.600013,12.405348,75.37223,25.4,229,maturity,0.0,False
2024-03-17,consortium0_sector3_ELMED_3276850_management1_1_1_44499257,8.472857695753829,10.491111,11.590007,67.42552,0.0,230,maturity,0.0,False
2024-03-18,consortium0_sector3_ELMED_3276850_management1_1_1_44499257,8.357279566528998,8.886313,10.166648,75.62568,194.5,231,maturity,0.0,False
2024-03-19,consortium0_sector3_ELMED_3276850_management1_1_1_44499257,8.174406560668027,9.6431,11.531011,68.26965,0.0,232,maturity,0.0,False
2024-03-20,consortium0_sector3_ELMED_3276850_management1_1_1_44499257,8.177610011852769,10.831831,11.313807,76.37536,0.0,233,maturity,0.0,False
2024-03-21,consortium0_sector3_ELMED_3276850_management1_1_1_44499257,8.180546508772117,11.151749,12.882714,67.55197,12.2,234,maturity,0.0,False
2024-03-22,consortium0_sector3_ELMED_3276850_management1_1_1_44499257,8.18371966727426,11.404716,12.627349,62.903484,0.0,235,maturity,0.0,False
2024-03-23,consortium0_sector3_ELMED_3276850_management1_1_1_44499257,8.175654240532534,10.387039,11.905663,68.07996,173.40001,236,maturity,0.0,False
2024-03-24,consortium0_sector3_ELMED_3276850_management1_1_1_44499257,8.149716091338533,8.490354,8.7750435,47.229088,153.0,237,maturity,0.0,False
2024-03-25,consortium0_sector3_ELMED_3276850_management1_1_1_44499257,8.100833965125096,8.112071,7.769299,50.13747,0.0,238,maturity,0.0,False
2024-03-26,consortium0_sector3_ELMED_3276850_management1_1_1_44499257,8.063544808822503,8.508315,8.269931,72.311066,83.3,239,maturity,0.0,False
2024-03-27,consortium0_sector3_ELMED_3276850_management1_1_1_44499257,8.721377182332452,7.877128,7.6684155,92.03532,1627.2001,240,maturity,0.0,False
2024-03-28,consortium0_sector3_ELMED_3276850_management1_1_1_44499257,9.063166449403024,7.4264646,8.200928,85.50384,282.80002,241,maturity,0.0,False
2024-03-29,consortium0_sector3_ELMED_3276850_management1_1_1_44499257,8.860747830848286,8.124223,8.511061,92.40909,272.19998,242,maturity,0.0,False
2024-03-30,consortium0_sector3_ELMED_3276850_management1_1_1_44499257,8.672789781821244,11.912954,13.170372,78.39477,470.69998,243,maturity,0.0,False
2024-03-31,consortium0_sector3_ELMED_3276850_management1_1_1_44499257,9.323644673194588,11.233283,11.564849,87.945,1966.2999,244,maturity,0.0,False
2024-04-01,consortium0_sector3_ELMED_3276850_management1_1_1_44499257,34.03426624950613,11.389596,12.297109,78.77527,1919.2001,245,maturity,0.0,False
2024-04-02,consortium0_sector3_ELMED_3276850_management1_1_1_44499257,8.670258854110257,9.914784,10.505032,72.131996,6.1,246,maturity,0.0,False
2024-04-03,consortium0_sector3_ELMED_3276850_management1_1_1_44499257,8.079971002141635,9.58565,10.197488,71.35864,39.600002,247,maturity,0.0,False
2024-04-04,consortium0_sector3_ELMED_3276850_management1_1_1_44499257,8.016735461769578,11.410113,12.730947,72.53483,0.0,248,maturity,0.0,False
2024-04-05,consortium0_sector3_ELMED_3276850_management1_1_1_44499257,8.067109987893277,13.35762,13.654621,79.111946,0.0,249,maturity,0.0,False
2024-04-06,consortium0_sector3_ELMED_3276850_management1_1_1_44499257,8.142307692307693,14.691932,16.174475,74.536766,0.0,250,maturity,0.0,False
2024-04-07,consortium0_sector3_ELMED_3276850_management1_1_1_44499257,8.168461538461537,15.74651,18.728485,64.1232,0.0,251,maturity,0.0,False
2024-04-08,consortium0_sector3_ELMED_3276850_management1_1_1_44499257,8.195384615384615,16.442122,18.171888,63.492004,0.0,252,maturity,0.0,False
2024-04-09,consortium0_sector3_ELMED_3276850_management1_1_1_44499257,8.206628477905072,16.905159,17.830095,70.37268,575.2,253,maturity,0.0,False
2024-04-10,consortium0_sector3_ELMED_3276850_management1_1_1_44499257,8.184106334841628,11.604558,10.116995,79.945786,1180.7001,254,maturity,0.0,False
2024-04-11,consortium0_sector3_ELMED_3276850_management1_1_1_44499257,8.193580316742082,13.657683,15.572645,64.689445,0.0,255,maturity,0.0,False
2024-04-12,consortium0_sector3_ELMED_3276850_management1_1_1_44499257,8.275231860338243,15.504653,18.391554,61.06807,0.0,256,maturity,0.0,False
2024-04-13,consortium0_sector3_ELMED_3276850_management1_1_1_44499257,8.324175824175825,16.66529,19.046856,60.842518,0.0,257,maturity,0.0,False
2024-04-14,consortium0_sector3_ELMED_3276850_management1_1_1_44499257,8.363324175824175,17.421066,19.574444,64.65082,0.0,258,maturity,0.0,False
2024-04-15,consortium0_sector3_ELMED_3276850_management1_1_1_44499257,8.3853121516165,17.437986,18.101843,74.011246,0.0,259,maturity,0.0,False
2024-04-16,consortium0_sector3_ELMED_3276850_management1_1_1_44499257,8.410938352427713,15.162986,14.262513,53.425343,0.0,260,maturity,0.0,False
2024-04-17,consortium0_sector3_ELMED_3276850_management1_1_1_44499257,8.405755591925805,11.990195,10.251591,49.8592,18.300001,261,maturity,0.0,False
2024-04-18,consortium0_sector3_ELMED_3276850_management1_1_1_44499257,8.325274725274726,9.834861,8.795973,54.49485,0.0,262,maturity,0.0,False
2024-04-19,consortium0_sector3_ELMED_3276850_management1_1_1_44499257,8.2522702991453,9.507178,9.019363,54.967484,6.6,263,maturity,0.0,False
2024-04-20,consortium0_sector3_ELMED_3276850_management1_1_1_44499257,8.196319867183176,10.432273,9.51185,51.283066,6.1,264,maturity,0.0,False
2024-04-21,consortium0_sector3_ELMED_3276850_management1_1_1_44499257,8.124795417348608,9.5273485,8.011218,56.76085,39.600002,265,maturity,0.0,False
2024-04-22,consortium0_sector3_ELMED_3276850_management1_1_1_44499257,8.070245726495726,7.828295,6.5076203,84.906624,470.7,266,maturity,0.0,False
2024-04-23,consortium0_sector3_ELMED_3276850_management1_1_1_44499257,8.027034559643255,8.434324,8.477159,70.700745,204.0,267,maturity,0.0,False
2024-04-24,consortium0_sector3_ELMED_3276850_management1_1_1_44499257,8.004532967032967,9.539974,9.489754,57.479862,31.5,268,maturity,0.0,False
2024-04-25,consortium0_sector3_ELMED_3276850_management1_1_1_44499257,7.985576923076923,9.012481,8.47615,62.37073,0.0,269,maturity,0.0,False
2024-04-26,consortium0_sector3_ELMED_3276850_management1_1_1_44499257,7.98417894162575,10.759293,9.829527,69.921974,12.2,270,maturity,0.0,False
2024-04-27,consortium0_sector3_ELMED_3276850_management1_1_1_44499257,7.99290780141844,12.213712,12.393478,69.93441,32.0,271,maturity,0.0,False
2024-04-28,consortium0_sector3_ELMED_3276850_management1_1_1_44499257,8.003071581196581,13.572298,14.154148,71.774284,7.1,272,maturity,0.0,False
2024-04-29,consortium0_sector3_ELMED_3276850_management1_1_1_44499257,8.030715811965813,14.691996,15.769425,66.787186,0.0,273,maturity,0.0,False
2024-04-30,consortium0_sector3_ELMED_3276850_management1_1_1_44499257,8.049837486457205,16.057747,18.01024,59.74789,38.600002,274,maturity,0.0,False
2024-05-01,consortium0_sector3_ELMED_3276850_management1_1_1_44499257,8.072860238353195,16.171446,16.808756,76.49828,431.5,275,maturity,0.0,False
2024-05-02,consortium0_sector3_ELMED_3276850_management1_1_1_44499257,8.038327991452991,14.018068,13.838586,83.39019,865.2,276,maturity,0.0,False
2024-05-03,consortium0_sector3_ELMED_3276850_management1_1_1_44499257,8.0,12.98704,13.143384,81.71435,169.09999,277,maturity,0.0,False
2024-05-04,consortium0_sector3_ELMED_3276850_management1_1_1_44499257,7.959236186348863,14.1386175,15.158599,72.680275,128.0,278,maturity,0.0,False
2024-05-05,consortium0_sector3_ELMED_3276850_management1_1_1_44499257,7.941625750136388,15.553705,15.838775,72.3035,0.0,279,maturity,0.0,False
2024-05-06,consortium0_sector3_ELMED_3276850_management1_1_1_44499257,7.9416352877891345,15.4804735,15.465922,75.51948,24.4,280,maturity,0.0,False
2024-05-07,consortium0_sector3_ELMED_3276850_management1_1_1_44499257,7.912008854454897,13.768227,14.2986555,81.377304,438.9,281,maturity,0.0,False
2024-05-08,consortium0_sector3_ELMED_3276850_management1_1_1_44499257,7.877003205128206,14.45721,14.798434,83.9793,364.9,282,maturity,0.0,False
2024-05-09,consortium0_sector3_ELMED_3276850_management1_1_1_44499257,7.851129639591178,15.998276,16.739847,69.66079,0.0,283,maturity,0.0,False
2024-05-10,consortium0_sector3_ELMED_3276850_management1_1_1_44499257,7.672409188034188,16.826496,17.092722,73.15861,0.0,284,maturity,0.0,False
2024-05-11,consortium0_sector3_ELMED_3276850_management1_1_1_44499257,7.63150054171181,17.263584,17.594488,71.19605,13.2,285,maturity,0.0,False
2024-05-12,consortium0_sector3_ELMED_3276850_management1_1_1_44499257,7.6280687397708675,17.740416,17.810493,73.96869,37.100002,286,maturity,0.0,False
2024-05-13,consortium0_sector3_ELMED_3276850_management1_1_1_44499257,7.623184507799892,17.31065,16.828611,81.07258,680.5,287,maturity,0.0,False
2024-05-14,consortium0_sector3_ELMED_3276850_management1_1_1_44499257,7.581560283687943,17.36204,16.704243,76.29193,18.800001,288,maturity,0.0,False
2024-05-15,consortium0_sector3_ELMED_3276850_management1_1_1_44499257,7.5397970085470085,15.437355,15.163365,86.48668,1448.2001,289,maturity,0.0,False
2024-05-16,consortium0_sector3_ELMED_3276850_management1_1_1_44499257,8.893356643356643,15.755694,16.016521,77.523315,384.4,290,maturity,0.0,False
2024-05-17,consortium0_sector3_ELMED_3276850_management1_1_1_44499257,8.526223776223777,15.829085,15.856516,73.73383,114.600006,291,maturity,0.0,False
2024-05-18,consortium0_sector3_ELMED_3276850_management1_1_1_44499257,8.160439560439562,16.038397,15.955252,71.11792,6.1,292,maturity,0.0,False
2024-05-19,consortium0_sector3_ELMED_3276850_management1_1_1_44499257,8.074756229685807,16.885113,17.26914,68.92466,14.2,293,maturity,0.0,False
2024-05-20,consortium0_sector3_ELMED_3276850_management1_1_1_44499257,8.029053680132817,17.654716,18.069458,71.84767,77.200005,294,maturity,0.0,False
2024-05-21,consortium0_sector3_ELMED_3276850_management1_1_1_44499257,16.330469176213857,15.804969,16.049824,90.01209,2438.9001,295,maturity,0.0,False
2024-05-22,consortium0_sector3_ELMED_3276850_management1_1_1_44499257,8.726495726495726,15.969299,15.990069,79.20578,24.4,296,maturity,0.0,False
2024-05-23,consortium0_sector3_ELMED_3276850_management1_1_1_44499257,8.483613217768147,15.976781,15.406736,78.248825,149.80002,297,maturity,0.0,False
2024-05-24,consortium0_sector3_ELMED_3276850_management1_1_1_44499257,8.373130341880342,16.307684,16.301369,71.761765,8.1,298,maturity,0.0,False
2024-05-25,consortium0_sector3_ELMED_3276850_management1_1_1_44499257,8.300650054171182,15.827034,15.394457,76.70824,321.1,299,maturity,0.0,False
2024-05-26,consortium0_sector3_ELMED_3276850_management1_1_1_44499257,8.205715059588298,16.655285,17.439787,69.33089,0.0,300,maturity,0.0,False
2024-05-27,consortium0_sector3_ELMED_3276850_management1_1_1_44499257,8.164930555555555,18.282778,18.668417,73.906105,6.6,301,maturity,0.0,False
2024-05-28,consortium0_sector3_ELMED_3276850_management1_1_1_44499257,8.1428952991453,18.022898,18.254337,68.985985,244.2,302,maturity,0.0,False
2024-05-29,consortium0_sector3_ELMED_3276850_management1_1_1_44499257,8.109241452991453,17.98041,18.402569,64.118126,0.0,303,maturity,0.0,False
2024-05-30,consortium0_sector3_ELMED_3276850_management1_1_1_44499257,8.077884615384615,17.834072,17.153358,87.072815,2291.0999,304,maturity,0.0,False
2024-05-31,consortium0_sector3_ELMED_3276850_management1_1_1_44499257,11.567105970952124,15.01286,14.1675,82.206696,1179.5,305,maturity,0.0,False
2024-06-01,consortium0_sector3_ELMED_3276850_management1_1_1_44499257,8.568988703604088,15.197898,15.967437,73.98437,7.1,306,maturity,0.0,False
2024-06-02,consortium0_sector3_ELMED_3276850_management1_1_1_44499257,8.36471688034188,17.18707,18.402443,69.87061,85.1,307,maturity,0.0,False
2024-06-03,consortium0_sector3_ELMED_3276850_management1_1_1_44499257,8.884750812567715,17.644743,18.196604,75.29063,531.9,308,maturity,0.0,False
2024-06-04,consortium0_sector3_ELMED_3276850_management1_1_1_44499257,8.511068068622025,18.131483,18.518131,72.09506,33.0,309,maturity,0.0,False
2024-06-05,consortium0_sector3_ELMED_3276850_management1_1_1_44499257,8.398771367521368,19.180094,19.207243,77.19946,0.0,310,maturity,0.0,False
2024-06-06,consortium0_sector3_ELMED_3276850_management1_1_1_44499257,8.3431744312026,20.542753,20.922678,76.64307,18.800001,311,maturity,0.0,False
2024-06-07,consortium0_sector3_ELMED_3276850_management1_1_1_44499257,8.3102297008547,21.445215,22.082367,78.76556,0.0,312,maturity,0.0,False
2024-06-08,consortium0_sector3_ELMED_3276850_management1_1_1_44499257,8.274038461538462,21.857271,22.35175,80.74752,459.0,313,maturity,0.0,False
2024-06-09,consortium0_sector3_ELMED_3276850_management1_1_1_44499257,8.252136752136753,21.553328,22.684357,75.99743,137.1,314,maturity,0.0,False
2024-06-10,consortium0_sector3_ELMED_3276850_management1_1_1_44499257,8.212080173347779,21.332905,21.26747,77.17057,601.10004,315,maturity,0.0,False
2024-06-11,consortium0_sector3_ELMED_3276850_management1_1_1_44499257,8.149811726734804,19.003296,18.82356,80.491455,1903.2001,316,maturity,0.0,False
2024-06-12,consortium0_sector3_ELMED_3276850_management1_1_1_44499257,8.182624113475176,17.890259,17.124918,74.183136,516.3,317,maturity,0.0,False
2024-06-13,consortium0_sector3_ELMED_3276850_management1_1_1_44499257,8.50853196099675,17.908978,17.290321,65.93933,6.6,318,maturity,0.0,False
2024-06-14,consortium0_sector3_ELMED_3276850_management1_1_1_44499257,8.432556879739979,17.722328,17.533474,75.99364,58.4,319,maturity,0.0,False
2024-06-15,consortium0_sector3_ELMED_3276850_management1_1_1_44499257,8.32477138246369,18.098467,18.161976,80.20968,93.9,320,maturity,0.0,False
2024-06-16,consortium0_sector3_ELMED_3276850_management1_1_1_44499257,8.257854821235103,19.17293,19.85522,75.650894,38.600002,321,maturity,0.0,False
2024-06-17,consortium0_sector3_ELMED_3276850_management1_1_1_44499257,8.330715059588298,20.718067,21.04654,74.675545,8.1,322,maturity,0.0,False
2024-06-18,consortium0_sector3_ELMED_3276850_management1_1_1_44499257,8.367805271651426,21.555317,22.14714,72.079094,0.0,323,maturity,0.0,False
2024-06-19,consortium0_sector3_ELMED_3276850_management1_1_1_44499257,8.32638515330823,22.529337,24.974129,67.708466,0.0,324,maturity,0.0,False
2024-06-20,consortium0_sector3_ELMED_3276850_management1_1_1_44499257,8.307825854700855,23.42053,26.403643,64.15364,0.0,325,maturity,0.0,False
2024-06-21,consortium0_sector3_ELMED_3276850_management1_1_1_44499257,8.519768692845616,23.430473,24.709578,71.656006,875.60004,326,maturity,0.0,False
2024-06-22,consortium0_sector3_ELMED_3276850_management1_1_1_44499257,8.75093482905983,22.195467,22.345688,72.14257,538.39996,327,maturity,0.0,False
2024-06-23,consortium0_sector3_ELMED_3276850_management1_1_1_44499257,8.72769764957265,18.939974,18.654842,84.898796,1069.0,328,maturity,0.0,False
2024-06-24,consortium0_sector3_ELMED_3276850_management1_1_1_44499257,8.864039806347499,20.159702,20.779812,78.02938,125.799995,329,maturity,0.0,False
2024-06-25,consortium0_sector3_ELMED_3276850_management1_1_1_44499257,8.80944055944056,20.616776,20.667343,82.17576,948.7,330,maturity,0.0,False
2024-06-26,consortium0_sector3_ELMED_3276850_management1_1_1_44499257,9.155728886498117,20.90683,20.985619,77.0127,418.3,331,maturity,0.0,False
2024-06-27,consortium0_sector3_ELMED_3276850_management1_1_1_44499257,8.990315439955728,21.841646,23.26873,66.780174,0.0,332,maturity,0.0,False
2024-06-28,consortium0_sector3_ELMED_3276850_management1_1_1_44499257,8.850160256410255,23.283756,25.683977,62.94098,0.0,333,maturity,0.0,False
2024-06-29,consortium0_sector3_ELMED_3276850_management1_1_1_44499257,8.804754273504274,23.93483,25.053486,76.44241,244.3,334,maturity,0.0,False
2024-06-30,consortium0_sector3_ELMED_3276850_management1_1_1_44499257,8.80715438407746,23.982147,24.632147,71.64502,82.3,335,maturity,0.0,False
2024-07-01,consortium0_sector3_ELMED_3276850_management1_1_1_44499257,8.800430338891879,21.755,21.081894,83.97507,308.4,336,maturity,0.0,False
2024-07-02,consortium0_sector3_ELMED_3276850_management1_1_1_44499257,8.841581495427649,20.96488,21.90923,60.28608,0.0,337,maturity,0.0,False
2024-07-03,consortium0_sector3_ELMED_3276850_management1_1_1_44499257,8.847778981581799,19.599792,19.36324,77.711426,344.30002,338,maturity,0.0,False
2024-07-04,consortium0_sector3_ELMED_3276850_management1_1_1_44499257,8.819043803418804,19.795847,20.10279,70.602684,0.0,339,maturity,0.0,False
2024-07-05,consortium0_sector3_ELMED_3276850_management1_1_1_44499257,8.757530930607853,21.167248,21.517721,74.628586,0.0,340,maturity,0.0,False
2024-07-06,consortium0_sector3_ELMED_3276850_management1_1_1_44499257,8.748655190962884,22.734165,23.24812,73.664604,39.600002,341,maturity,0.0,False
2024-07-07,consortium0_sector3_ELMED_3276850_management1_1_1_44499257,8.769768692845616,21.865387,21.911787,84.67836,2203.3,342,maturity,0.0,False
2024-07-08,consortium0_sector3_ELMED_3276850_management1_1_1_44499257,8.75968262506724,23.048214,23.78884,74.033516,80.200005,343,maturity,0.0,False
2024-07-09,consortium0_sector3_ELMED_3276850_management1_1_1_44499257,8.714228079612695,23.766521,24.906105,72.08583,13.2,344,maturity,0.0,False
2024-07-10,consortium0_sector3_ELMED_3276850_management1_1_1_44499257,8.666352877891338,24.516302,26.226622,69.37083,0.0,345,maturity,0.0,False
2024-07-11,consortium0_sector3_ELMED_3276850_management1_1_1_44499257,8.6036847767617,25.050644,26.731264,68.34603,130.1,346,maturity,0.0,False
2024-07-12,consortium0_sector3_ELMED_3276850_management1_1_1_44499257,12.263136511375949,23.95926,23.866901,82.27269,670.0,347,maturity,0.0,False
2024-07-13,consortium0_sector3_ELMED_3276850_management1_1_1_44499257,10.161458333333334,22.929022,23.488617,72.429085,107.200005,348,maturity,0.0,False
2024-07-14,consortium0_sector3_ELMED_3276850_management1_1_1_44499257,9.850758396533045,23.488018,24.136091,70.093285,0.0,349,maturity,0.0,False
2024-07-15,consortium0_sector3_ELMED_3276850_management1_1_1_44499257,9.684695512820513,23.982147,25.362198,68.20133,0.0,350,maturity,0.0,False
2024-07-16,consortium0_sector3_ELMED_3276850_management1_1_1_44499257,9.577857905982905,24.777885,26.166237,68.68406,2.5,351,maturity,0.0,False
2024-07-17,consortium0_sector3_ELMED_3276850_management1_1_1_44499257,9.642415277030661,25.014406,25.595245,70.350815,55.699997,352,maturity,0.0,False
2024-07-18,consortium0_sector3_ELMED_3276850_management1_1_1_44499257,9.421597633136095,24.959988,25.77113,69.34606,0.5,353,maturity,0.0,False
2024-07-19,consortium0_sector3_ELMED_3276850_management1_1_1_44499257,9.324502420656268,25.211977,25.708597,73.25213,1.0,354,maturity,0.0,False
2024-07-20,consortium0_sector3_ELMED_3276850_management1_1_1_44499257,9.304577464788732,24.518795,25.161407,66.12457,23.800001,355,maturity,0.0,False
2024-07-21,consortium0_sector3_ELMED_3276850_management1_1_1_44499257,9.196342119419043,24.221004,24.903896,73.31729,28.900002,356,maturity,0.0,False
2024-07-22,consortium0_sector3_ELMED_3276850_management1_1_1_44499257,8.601879036993541,25.219458,26.094553,64.59581,0.0,357,maturity,0.0,False
2024-07-23,consortium0_sector3_ELMED_3276850_management1_1_1_44499257,8.324095022624434,24.300993,24.347076,75.49493,324.19998,358,maturity,0.0,False
2024-07-24,consortium0_sector3_ELMED_3276850_management1_1_1_44499257,8.215707369553524,24.211912,25.094173,64.50419,30.5,359,maturity,0.0,False
2024-07-25,consortium0_sector3_ELMED_3276850_management1_1_1_44499257,8.031481481481482,24.11914,24.35459,64.997826,12.2,360,maturity,0.0,False
2024-07-26,consortium0_sector3_ELMED_3276850_management1_1_1_44499257,7.899877899877899,24.989248,24.890606,73.7215,7.6000004,361,maturity,0.0,False
2024-07-27,consortium0_sector3_ELMED_3276850_management1_1_1_44499257,7.815893665158372,25.980852,26.861944,67.76028,13.700001,362,maturity,0.0,False
2024-07-28,consortium0_sector3_ELMED_3276850_management1_1_1_44499257,7.779532967032968,26.082747,26.381958,74.491806,253.40001,363,maturity,0.0,False
2024-07-29,consortium0_sector3_ELMED_3276850_management1_1_1_44499257,7.905670971364402,26.627886,26.449633,73.02014,8.6,364,maturity,0.0,False
2024-07-30,consortium0_sector3_ELMED_3276850_management1_1_1_44499257,7.946518809657496,26.799475,26.468067,72.55862,0.0,365,maturity,0.0,False
2024-07-31,consortium0_sector3_ELMED_3276850_management1_1_1_44499257,7.815439955727725,27.069963,27.730505,69.707664,42.7,366,maturity,0.0,False
2024-08-01,consortium0_sector3_ELMED_3276850_management1_1_1_44499257,7.7174225028702645,26.631168,26.631388,69.15944,45.7,367,maturity,0.0,False
2024-08-02,consortium0_sector3_ELMED_3276850_management1_1_1_44499257,7.692446043165468,25.84613,25.360146,68.58861,18.300001,368,maturity,0.0,False
2024-08-03,consortium0_sector3_ELMED_3276850_management1_1_1_44499257,7.545955882352941,25.341743,25.308537,58.355705,0.0,369,maturity,0.0,False
2024-08-04,consortium0_sector3_ELMED_3276850_management1_1_1_44499257,7.441287878787879,25.42877,25.01349,64.67854,99.0,370,maturity,0.0,False
2024-08-05,consortium0_sector3_ELMED_3276850_management1_1_1_44499257,7.3662330316742075,25.828768,25.788239,66.07576,13.2,371,maturity,0.0,False
2024-08-06,consortium0_sector3_ELMED_3276850_management1_1_1_44499257,7.235327635327635,26.165922,26.043982,71.18727,0.0,372,maturity,0.0,False
2024-08-07,consortium0_sector3_ELMED_3276850_management1_1_1_44499257,7.1960955710955705,25.345245,24.689438,76.264046,125.90001,373,maturity,0.0,False
2024-08-08,consortium0_sector3_ELMED_3276850_management1_1_1_44499257,7.183760683760684,24.795277,25.899004,58.445656,0.0,374,maturity,0.0,False
2024-08-09,consortium0_sector3_ELMED_3276850_management1_1_1_44499257,7.130133024869867,26.279968,26.510147,65.322235,6.1,375,maturity,0.0,False
2024-08-10,consortium0_sector3_ELMED_3276850_management1_1_1_44499257,7.060921902524956,27.366112,27.919205,65.378784,0.0,376,maturity,0.0,False
2024-08-11,consortium0_sector3_ELMED_3276850_management1_1_1_44499257,6.982793522267206,28.216238,27.57293,72.70823,0.0,377,maturity,0.0,False
2024-08-12,consortium0_sector3_ELMED_3276850_management1_1_1_44499257,6.888725778038755,28.399477,27.8913,65.13759,0.0,378,maturity,0.0,False
2024-08-13,consortium0_sector3_ELMED_3276850_management1_1_1_44499257,6.7998798076923075,27.85301,27.530094,61.962494,15.200001,379,maturity,0.0,False
2024-08-14,consortium0_sector3_ELMED_3276850_management1_1_1_44499257,6.706694069289489,27.581673,27.658913,51.822086,0.0,380,maturity,0.0,False
2024-08-15,consortium0_sector3_ELMED_3276850_management1_1_1_44499257,6.599836333878887,26.53786,26.880947,56.409874,0.0,381,maturity,0.0,False
2024-08-16,consortium0_sector3_ELMED_3276850_management1_1_1_44499257,6.505010834236186,27.266996,27.7306,59.949314,0.0,382,maturity,0.0,False
2024-08-17,consortium0_sector3_ELMED_3276850_management1_1_1_44499257,6.419286917462101,26.843258,26.441774,61.212463,0.0,383,maturity,0.0,False
2024-08-18,consortium0_sector3_ELMED_3276850_management1_1_1_44499257,6.394454382826477,23.073498,22.688808,78.7608,191.40001,384,maturity,0.0,False
2024-08-19,consortium0_sector3_ELMED_3276850_management1_1_1_44499257,6.36980056980057,23.092405,23.253548,74.12653,94.0,385,maturity,0.0,False
2024-08-20,consortium0_sector3_ELMED_3276850_management1_1_1_44499257,6.310807150595883,24.013458,24.55541,66.747154,6.6,386,maturity,0.0,False
2024-08-21,consortium0_sector3_ELMED_3276850_management1_1_1_44499257,6.245831091984939,25.21406,25.402569,65.329575,112.299995,387,maturity,0.0,False
2024-08-22,consortium0_sector3_ELMED_3276850_management1_1_1_44499257,6.190276273022753,24.962103,24.480917,71.293915,126.5,388,maturity,0.0,False
2024-08-23,consortium0_sector3_ELMED_3276850_management1_1_1_44499257,6.144796380090498,25.599445,24.80219,73.547325,0.0,389,maturity,0.0,False
2024-08-24,consortium0_sector3_ELMED_3276850_management1_1_1_44499257,6.102136752136752,26.591963,25.508062,70.691826,12.2,390,maturity,0.0,False
2024-08-25,consortium0_sector3_ELMED_3276850_management1_1_1_44499257,6.06934731934732,26.564342,26.342941,63.20527,20.800001,391,maturity,0.0,False
2024-08-26,consortium0_sector3_ELMED_3276850_management1_1_1_44499257,6.064055429864254,24.604652,24.301592,68.71915,14.2,392,maturity,0.0,False
2024-08-27,consortium0_sector3_ELMED_3276850_management1_1_1_44499257,6.041025641025641,23.778706,23.54048,68.63081,169.0,393,maturity,0.0,False
2024-08-28,consortium0_sector3_ELMED_3276850_management1_1_1_44499257,5.974213286713287,24.142344,24.056578,69.03,6.1,394,maturity,0.0,False
2024-08-29,consortium0_sector3_ELMED_3276850_management1_1_1_44499257,5.9229004940014125,25.130789,25.513556,59.88407,0.0,395,maturity,0.0,False
2024-08-30,consortium0_sector3_ELMED_3276850_management1_1_1_44499257,5.908338012352611,25.654274,26.146004,57.203175,0.0,396,maturity,0.0,False
2024-08-31,consortium0_sector3_ELMED_3276850_management1_1_1_44499257,5.890740740740741,26.246635,26.284073,65.57063,0.0,397,maturity,0.0,False
2024-09-01,consortium0_sector3_ELMED_3276850_management1_1_1_44499257,5.881601607347876,25.313965,24.823782,67.643616,52.700005,398,maturity,0.0,False
2024-09-02,consortium0_sector3_ELMED_3276850_management1_1_1_44499257,5.853648190045249,25.178295,24.609608,62.087173,0.0,399,maturity,0.0,False
2024-09-03,consortium0_sector3_ELMED_3276850_management1_1_1_44499257,5.818910256410256,23.780315,23.605001,69.923836,265.8,400,maturity,0.0,False
2024-09-04,consortium0_sector3_ELMED_3276850_management1_1_1_44499257,5.806952662721894,23.453611,23.239376,70.04647,37.2,401,maturity,0.0,False
2024-09-05,consortium0_sector3_ELMED_3276850_management1_1_1_44499257,5.767816742081448,20.399319,20.078768,88.39753,2416.9001,402,maturity,0.0,False
2024-09-06,consortium0_sector3_ELMED_3276850_management1_1_1_44499257,5.754585798816568,21.279274,21.567783,74.77708,14.7,403,maturity,0.0,False
2024-09-07,consortium0_sector3_ELMED_3276850_management1_1_1_44499257,5.733015160022459,22.134893,20.83303,78.02276,0.0,404,maturity,0.0,False
2024-09-08,consortium0_sector3_ELMED_3276850_management1_1_1_44499257,5.727898966704937,20.791838,20.82839,87.91815,2607.5999,405,maturity,0.0,False
2024-09-09,consortium0_sector3_ELMED_3276850_management1_1_1_44499257,6.355769230769231,20.63745,20.865828,71.44342,1634.1,406,maturity,0.0,False
2024-09-10,consortium0_sector3_ELMED_3276850_management1_1_1_44499257,8.091093117408906,19.540985,20.719646,56.497482,0.0,407,maturity,0.0,False
2024-09-11,consortium0_sector3_ELMED_3276850_management1_1_1_44499257,8.435378959276017,19.474287,19.291838,74.75768,189.40001,408,maturity,0.0,False
2024-09-12,consortium0_sector3_ELMED_3276850_management1_1_1_44499257,8.84375,15.208188,13.485492,79.54555,1238.9,409,maturity,0.0,False
2024-09-13,consortium0_sector3_ELMED_3276850_management1_1_1_44499257,9.050116550116549,13.702506,13.245846,54.691395,6.6,410,maturity,0.0,False
2024-09-14,consortium0_sector3_ELMED_3276850_management1_1_1_44499257,8.841130884041332,14.737291,13.442247,53.97663,0.0,411,maturity,0.0,False
2024-09-15,consortium0_sector3_ELMED_3276850_management1_1_1_44499257,8.726353276353278,15.449034,14.697551,47.427204,33.5,412,maturity,0.0,False
2024-09-16,consortium0_sector3_ELMED_3276850_management1_1_1_44499257,8.639173789173789,15.3962555,14.526497,58.488792,12.7,413,maturity,0.0,False
2024-09-17,consortium0_sector3_ELMED_3276850_management1_1_1_44499257,8.564430095451993,15.810303,15.409261,67.340096,12.2,414,maturity,0.0,False
2024-09-18,consortium0_sector3_ELMED_3276850_management1_1_1_44499257,8.502789195537286,15.143005,16.086407,61.839893,0.0,415,maturity,0.0,False
2024-09-19,consortium0_sector3_ELMED_3276850_management1_1_1_44499257,8.447080291970803,16.086344,16.504274,70.18306,48.8,416,maturity,0.0,False
2024-09-20,consortium0_sector3_ELMED_3276850_management1_1_1_44499257,8.387698179682912,16.952127,17.13663,75.857956,50.300003,417,maturity,0.0,False
2024-09-21,consortium0_sector3_ELMED_3276850_management1_1_1_44499257,8.315934065934066,17.611376,17.708757,75.144135,0.0,418,maturity,0.0,False
2024-09-22,consortium0_sector3_ELMED_3276850_management1_1_1_44499257,8.248905565978736,17.501684,16.885872,77.119774,0.0,419,maturity,0.0,False
2024-09-23,consortium0_sector3_ELMED_3276850_management1_1_1_44499257,8.175086107921928,17.614122,17.076084,81.65946,1112.9,420,maturity,0.0,False
2024-09-24,consortium0_sector3_ELMED_3276850_management1_1_1_44499257,8.081084959816303,17.395435,17.587229,76.91812,99.9,421,maturity,0.0,False
2024-09-25,consortium0_sector3_ELMED_3276850_management1_1_1_44499257,8.023857721226141,17.038712,16.045847,78.37753,0.0,422,maturity,0.0,False
2024-09-26,consortium0_sector3_ELMED_3276850_management1_1_1_44499257,8.217422502870265,17.376276,17.9633,85.71429,955.8,423,maturity,0.0,False
2024-09-27,consortium0_sector3_ELMED_3276850_management1_1_1_44499257,9.466346153846155,18.781546,19.322046,81.72925,148.7,424,maturity,0.0,False
2024-09-28,consortium0_sector3_ELMED_3276850_management1_1_1_44499257,9.079927884615385,16.816206,15.851338,65.404106,199.59999,425,maturity,0.0,False
2024-09-29,consortium0_sector3_ELMED_3276850_management1_1_1_44499257,8.965172622652938,14.826875,13.668478,67.06256,0.0,426,maturity,0.0,False
2024-09-30,consortium0_sector3_ELMED_3276850_management1_1_1_44499257,8.92891737891738,15.67476,15.298907,76.79835,6.1,427,maturity,0.0,False
2024-10-01,consortium0_sector3_ELMED_3276850_management1_1_1_44499257,8.866389207807117,15.556578,15.303359,82.25524,102.1,428,maturity,0.0,False
2024-10-02,consortium0_sector3_ELMED_3276850_management1_1_1_44499257,8.801864801864802,16.12735,16.131136,84.28023,674.2,429,maturity,0.0,False
2024-10-03,consortium0_sector3_ELMED_3276850_management1_1_1_44499257,9.242914979757085,13.45702,12.9255495,82.36735,872.8,430,maturity,0.0,False
2024-10-04,consortium0_sector3_ELMED_3276850_management1_1_1_44499257,9.826068376068376,11.92454,11.498561,83.40938,761.7,431,maturity,0.0,False
2024-10-05,consortium0_sector3_ELMED_3276850_management1_1_1_44499257,9.313749242883102,12.595373,12.39916,74.73144,0.0,432,maturity,0.0,False
2024-10-06,consortium0_sector3_ELMED_3276850_management1_1_1_44499257,9.12081620669407,13.053265,12.488775,79.62731,0.0,433,maturity,0.0,False
2024-10-07,consortium0_sector3_ELMED_3276850_management1_1_1_44499257,9.005963029218842,14.735998,14.99168,83.43621,96.0,434,maturity,0.0,False
2024-10-08,consortium0_sector3_ELMED_3276850_management1_1_1_44499257,18.664545980335454,15.459578,16.355568,92.04376,3045.5999,435,maturity,0.0,False
2024-10-09,consortium0_sector3_ELMED_3276850_management1_1_1_44499257,9.99756027554535,15.6935425,17.229969,81.44311,244.8,436,maturity,0.0,False
2024-10-10,consortium0_sector3_ELMED_3276850_management1_1_1_44499257,19.393724696356276,15.14894,15.67435,87.275894,1797.7,437,maturity,0.0,False
2024-10-11,consortium0_sector3_ELMED_3276850_management1_1_1_44499257,9.660352805089648,12.606894,13.785651,66.78064,0.0,438,maturity,0.0,False
2024-10-12,consortium0_sector3_ELMED_3276850_management1_1_1_44499257,9.368284493284493,12.944331,13.946824,70.33216,18.300001,439,maturity,0.0,False
2024-10-13,consortium0_sector3_ELMED_3276850_management1_1_1_44499257,9.248168498168498,14.114154,14.191743,84.17058,0.0,440,maturity,0.0,False
2024-10-14,consortium0_sector3_ELMED_3276850_management1_1_1_44499257,9.159196067090804,13.22656,13.717879,84.369644,0.5,441,maturity,0.0,False
2024-10-15,consortium0_sector3_ELMED_3276850_management1_1_1_44499257,9.084935897435898,13.390322,14.589249,84.13942,17.2,442,maturity,0.0,False
2024-10-16,consortium0_sector3_ELMED_3276850_management1_1_1_44499257,9.030029585798816,13.477097,15.770593,84.47151,316.30002,443,maturity,0.0,False
2024-10-17,consortium0_sector3_ELMED_3276850_management1_1_1_44499257,8.991245694603904,15.78464,18.000298,82.01426,6.6,444,maturity,0.0,False
2024-10-18,consortium0_sector3_ELMED_3276850_management1_1_1_44499257,10.411220358588778,15.568131,16.623655,92.45203,1313.5,445,maturity,0.0,False
2024-10-19,consortium0_sector3_ELMED_3276850_management1_1_1_44499257,9.69555995475113,14.373055,15.7663,89.70237,986.3,446,maturity,0.0,False
2024-10-20,consortium0_sector3_ELMED_3276850_management1_1_1_44499257,9.647680563711099,15.870341,17.591173,84.016396,45.7,447,maturity,0.0,False
2024-10-21,consortium0_sector3_ELMED_3276850_management1_1_1_44499257,9.568480300187618,15.933725,16.506325,86.18235,0.0,448,maturity,0.0,False
2024-10-22,consortium0_sector3_ELMED_3276850_management1_1_1_44499257,9.424937965260545,15.944521,15.954273,85.501656,0.0,449,maturity,0.0,False
2024-10-23,consortium0_sector3_ELMED_3276850_management1_1_1_44499257,9.334098737083814,15.296256,15.604368,89.70929,689.10004,450,maturity,0.0,False
2024-10-24,consortium0_sector3_ELMED_3276850_management1_1_1_44499257,9.277753496503497,15.7612505,16.647865,85.53306,272.7,451,maturity,0.0,False
2024-10-30,consortium0_sector3_ELMED_3276850_management1_1_1_44499257,9.192590497737555,13.162292,14.391143,76.64891,0.0,457,maturity,0.0,False
2024-10-31,consortium0_sector3_ELMED_3276850_management1_1_1_44499257,9.150688863375429,12.29007,14.652948,74.57619,0.0,458,maturity,0.0,False
2024-11-01,consortium0_sector3_ELMED_3276850_management1_1_1_44499257,9.103312745648514,11.606042,14.3056,75.298645,0.0,459,maturity,0.0,False
2024-11-02,consortium0_sector3_ELMED_3276850_management1_1_1_44499257,9.054655870445345,11.341427,14.460525,70.28055,0.0,460,maturity,0.0,False
2024-11-03,consortium0_sector3_ELMED_3276850_management1_1_1_44499257,9.00997150997151,10.826276,13.679526,73.75923,0.0,461,maturity,0.0,False
2024-11-04,consortium0_sector3_ELMED_3276850_management1_1_1_44499257,8.960526315789474,10.049634,13.142626,72.557014,0.0,462,maturity,0.0,False
2024-11-05,consortium0_sector3_ELMED_3276850_management1_1_1_44499257,8.911920140927775,9.096067,12.146951,68.69692,0.0,463,maturity,0.0,False
2024-11-06,consortium0_sector3_ELMED_3276850_management1_1_1_44499257,8.8646449704142,8.735367,12.085145,62.886166,0.0,464,maturity,0.0,False
2024-11-07,consortium0_sector3_ELMED_3276850_management1_1_1_44499257,8.818702290076336,8.552632,11.525139,68.61496,0.0,465,maturity,0.0,False
2024-11-08,consortium0_sector3_ELMED_3276850_management1_1_1_44499257,8.7736013986014,8.243068,10.426244,75.42877,0.0,466,maturity,0.0,False
2024-11-09,consortium0_sector3_ELMED_3276850_management1_1_1_44499257,8.736732259988074,8.475928,10.817879,70.547935,0.0,467,maturity,0.0,False
2024-11-10,consortium0_sector3_ELMED_3276850_management1_1_1_44499257,8.698091382301909,7.1975503,10.88281,68.82051,0.0,468,maturity,0.0,False
2024-11-11,consortium0_sector3_ELMED_3276850_management1_1_1_44499257,8.656737998843262,4.277759,8.981735,68.36866,0.0,469,maturity,0.0,False
2024-11-12,consortium0_sector3_ELMED_3276850_management1_1_1_44499257,8.615097588978186,3.989754,7.4942994,64.57565,3.0,470,maturity,0.0,False
2024-11-13,consortium0_sector3_ELMED_3276850_management1_1_1_44499257,8.57453786523554,2.6769698,6.6627336,62.67203,27.400002,471,maturity,0.0,False
2024-11-14,consortium0_sector3_ELMED_3276850_management1_1_1_44499257,8.540775014459225,2.898624,6.0836616,65.53379,13.2,472,maturity,0.0,False
2024-11-15,consortium0_sector3_ELMED_3276850_management1_1_1_44499257,8.50404007756949,2.333188,6.061629,57.094902,0.0,473,maturity,0.0,False
2024-11-16,consortium0_sector3_ELMED_3276850_management1_1_1_44499257,8.466045673076923,2.228327,6.8305683,55.28406,0.0,474,maturity,0.0,False
2024-11-17,consortium0_sector3_ELMED_3276850_management1_1_1_44499257,8.428528164748638,2.2895646,6.5088825,57.865086,0.0,475,maturity,0.0,False
2024-11-18,consortium0_sector3_ELMED_3276850_management1_1_1_44499257,8.39526382708201,4.196004,8.129684,63.296844,0.0,476,maturity,0.0,False
2024-11-19,consortium0_sector3_ELMED_3276850_management1_1_1_44499257,8.36584249084249,3.9844193,7.3548107,71.861565,0.0,477,maturity,0.0,False
2024-11-20,consortium0_sector3_ELMED_3276850_management1_1_1_44499257,8.347123464770524,5.3152905,6.6660166,63.42486,271.6,478,maturity,0.0,False
2024-11-21,consortium0_sector3_ELMED_3276850_management1_1_1_44499257,8.308695652173913,4.1095457,2.5839458,65.05896,144.1,479,maturity,0.0,False
2024-11-22,consortium0_sector3_ELMED_3276850_management1_1_1_44499257,8.272357723577235,3.6480556,1.1081567,58.90435,106.2,480,maturity,0.0,False
2024-11-23,consortium0_sector3_ELMED_3276850_management1_1_1_44499257,8.230924317617866,1.7833145,-1.0288382,62.4776,0.0,481,maturity,0.0,False
2024-11-24,consortium0_sector3_ELMED_3276850_management1_1_1_44499257,8.203273998728545,2.8058524,2.7774432,63.111446,0.0,482,maturity,0.0,False
2024-11-25,consortium0_sector3_ELMED_3276850_management1_1_1_44499257,8.181146978021978,3.435019,5.415259,77.596245,0.0,483,maturity,0.0,False
2024-11-26,consortium0_sector3_ELMED_3276850_management1_1_1_44499257,8.172075320512821,3.9843879,6.940764,89.326935,19.300001,484,maturity,0.0,False
2024-11-27,consortium0_sector3_ELMED_3276850_management1_1_1_44499257,8.1725,4.663144,7.280726,89.945335,34.0,485,maturity,0.0,False
2024-11-28,consortium0_sector3_ELMED_3276850_management1_1_1_44499257,8.172268907563025,4.6351767,6.0109024,93.18319,3.0,486,maturity,0.0,False
2024-11-29,consortium0_sector3_ELMED_3276850_management1_1_1_44499257,8.16777710478498,4.4676895,5.23565,64.0989,0.0,487,maturity,0.0,False
2024-11-30,consortium0_sector3_ELMED_3276850_management1_1_1_44499257,8.14281210592686,3.7190151,4.532904,59.18845,0.0,488,maturity,0.0,False
2024-12-01,consortium0_sector3_ELMED_3276850_management1_1_1_44499257,8.111788617886178,2.9521594,4.620909,54.5375,0.0,489,maturity,0.0,False
2024-12-02,consortium0_sector3_ELMED_3276850_management1_1_1_44499257,8.080557238037553,1.9885542,5.5226455,52.50293,0.0,490,maturity,0.0,False
2024-12-03,consortium0_sector3_ELMED_3276850_management1_1_1_44499257,8.058722527472527,2.6219509,6.030063,64.34166,0.0,491,maturity,0.0,False
2024-04-10,consortium2_ELMED_10223718_management0_32768201,5.512941176470588,11.895249,10.511917,75.46327,327.6,0,establishment,0.0,False
2024-04-11,consortium2_ELMED_10223718_management0_32768201,5.508260869565217,13.430666,15.409832,67.81529,0.0,1,establishment,0.0,False
2024-04-12,consortium2_ELMED_10223718_management0_32768201,5.513684210526315,14.984834,17.999416,72.13256,0.0,2,establishment,0.0,False
2024-04-13,consortium2_ELMED_10223718_management0_32768201,5.514947368421052,16.289,19.30775,69.74604,0.0,3,establishment,0.0,False
2024-04-14,consortium2_ELMED_10223718_management0_32768201,5.519791666666666,17.166084,19.924417,73.11006,0.0,4,establishment,0.0,False
2024-04-15,consortium2_ELMED_10223718_management0_32768201,5.538541666666666,17.0265,17.943167,74.252556,0.0,5,establishment,0.0,False
2024-04-16,consortium2_ELMED_10223718_management0_32768201,5.541875,15.138999,14.709834,53.01589,10.400001,6,establishment,0.0,False
2024-04-17,consortium2_ELMED_10223718_management0_32768201,5.553020833333334,11.7515,10.043167,56.721645,10.400001,7,establishment,0.0,False
2024-04-18,consortium2_ELMED_10223718_management0_32768201,16.209736842105265,10.328584,9.049417,53.65129,0.0,8,establishment,0.0,False
2024-04-19,consortium2_ELMED_10223718_management0_32768201,23.796,9.516084,9.439,49.192142,0.0,9,establishment,0.0,False
2024-04-20,consortium2_ELMED_10223718_management0_32768201,23.601052631578945,10.395249,9.861917,46.88953,0.0,10,establishment,0.0,False
2024-04-21,consortium2_ELMED_10223718_management0_32768201,23.598958333333332,9.716084,8.328584,53.531967,31.2,11,establishment,0.0,False
2024-04-22,consortium2_ELMED_10223718_management0_32768201,23.600000000000005,7.2139997,5.403583,90.4664,275.6,12,establishment,0.0,False
2024-04-23,consortium2_ELMED_10223718_management0_32768201,23.577083333333334,7.72025,7.0389996,81.686775,309.4,13,establishment,0.0,False
2024-04-24,consortium2_ELMED_10223718_management0_32768201,23.58,8.253583,8.366083,70.74739,52.0,14,establishment,0.0,False
2024-04-25,consortium2_ELMED_10223718_management0_32768201,23.592708333333334,8.795251,7.9119167,69.542305,0.0,15,vegetative,0.0,False
2024-04-26,consortium2_ELMED_10223718_management0_32768201,23.597916666666666,10.201501,9.670249,68.867516,0.0,16,vegetative,0.0,False
2024-04-27,consortium2_ELMED_10223718_management0_32768201,23.6,11.955667,11.955667,71.15626,10.400001,17,vegetative,0.0,False
2024-04-28,consortium2_ELMED_10223718_management0_32768201,23.598924731182798,13.343166,14.055666,73.27902,0.0,18,vegetative,0.0,False
2024-04-29,consortium2_ELMED_10223718_management0_32768201,23.6968085106383,14.593165,16.886917,63.26801,0.0,19,vegetative,0.0,False
2024-04-30,consortium2_ELMED_10223718_management0_32768201,24.710638297872343,16.18275,19.068167,56.01221,0.0,20,vegetative,0.0,False
2024-05-01,consortium2_ELMED_10223718_management0_32768201,26.322580645161292,16.339,17.014,69.56792,153.40001,21,vegetative,0.0,False
2024-05-02,consortium2_ELMED_10223718_management0_32768201,26.280208333333334,13.689,13.543167,85.2129,598.0,22,vegetative,0.0,False
2024-05-03,consortium2_ELMED_10223718_management0_32768201,26.90421052631579,12.839001,12.541083,80.79367,59.800003,23,vegetative,0.0,False
2024-05-04,consortium2_ELMED_10223718_management0_32768201,31.180851063829788,14.176499,15.259833,70.45568,33.800003,24,vegetative,0.0,False
2024-05-05,consortium2_ELMED_10223718_management0_32768201,31.592708333333334,14.943167,16.4015,67.49838,0.0,25,vegetative,0.0,False
2024-05-06,consortium2_ELMED_10223718_management0_32768201,33.322105263157894,14.90775,15.155666,73.87745,18.199999,26,vegetative,0.0,False
2024-05-07,consortium2_ELMED_10223718_management0_32768201,33.8378947368421,14.0390005,14.253582,81.80956,122.2,27,vegetative,0.0,False
2024-05-08,consortium2_ELMED_10223718_management0_32768201,33.79255319148936,14.899416,15.4452505,77.52031,23.4,28,vegetative,0.0,False
2024-05-09,consortium2_ELMED_10223718_management0_32768201,33.74,15.959834,17.372334,67.06972,0.0,29,vegetative,0.0,False
2024-05-10,consortium2_ELMED_10223718_management0_32768201,34.346875000000004,16.791082,17.543167,70.13765,39.0,30,vegetative,0.0,False
2024-05-11,consortium2_ELMED_10223718_management0_32768201,36.3,16.993166,17.955667,68.74517,2.6000001,31,vegetative,0.0,False
2024-05-12,consortium2_ELMED_10223718_management0_32768201,36.261702127659575,17.236917,18.234835,70.2493,10.400001,32,vegetative,0.0,False
2024-05-13,consortium2_ELMED_10223718_management0_32768201,36.16105263157895,17.153584,17.032751,76.14508,153.40001,33,vegetative,0.0,False
2024-05-14,consortium2_ELMED_10223718_management0_32768201,36.083695652173915,17.103584,16.889,72.13201,10.400001,34,vegetative,0.0,False
2024-05-15,consortium2_ELMED_10223718_management0_32768201,36.322105263157894,15.418167,15.08275,87.55915,933.4,35,vegetative,0.0,False
2024-05-16,consortium2_ELMED_10223718_management0_32768201,37.05894736842105,15.6265,15.53275,77.62039,369.19998,36,vegetative,0.0,False
2024-05-17,consortium2_ELMED_10223718_management0_32768201,38.459782608695654,15.724417,15.739,72.49202,62.4,37,vegetative,0.0,False
2024-05-18,consortium2_ELMED_10223718_management0_32768201,38.384946236559145,15.899416,16.418167,67.767265,0.0,38,vegetative,0.0,False
2024-05-19,consortium2_ELMED_10223718_management0_32768201,37.31935483870968,16.697334,17.516085,67.01942,5.2000003,39,vegetative,0.0,False
2024-05-20,consortium2_ELMED_10223718_management0_32768201,36.34021739130434,17.64525,17.845251,76.75508,109.2,40,vegetative,0.0,False
2024-05-21,consortium2_ELMED_10223718_management0_32768201,44.428888888888885,15.7890005,15.439,88.20541,1632.7999,41,vegetative,0.0,False
2024-05-22,consortium2_ELMED_10223718_management0_32768201,46.784946236559136,16.782751,16.64525,77.98248,20.800001,42,vegetative,0.0,False
2024-05-23,consortium2_ELMED_10223718_management0_32768201,41.96304347826087,16.211916,16.186916,75.993866,200.20001,43,vegetative,0.0,False
2024-05-24,consortium2_ELMED_10223718_management0_32768201,39.63473684210526,16.249418,16.218168,71.342,15.6,44,vegetative,0.0,False
2024-05-25,consortium2_ELMED_10223718_management0_32768201,39.276041666666664,16.6015,16.003582,73.70208,218.4,45,flowering,0.0,False
2024-05-26,consortium2_ELMED_10223718_management0_32768201,38.88191489361702,16.909834,17.809834,69.42464,0.0,46,flowering,0.0,False
2024-05-27,consortium2_ELMED_10223718_management0_32768201,37.417391304347824,18.430666,19.847334,63.29588,2.6000001,47,flowering,0.0,False
2024-05-28,consortium2_ELMED_10223718_management0_32768201,37.30967741935484,18.157751,18.647333,69.46917,13.0,48,flowering,0.0,False
2024-05-29,consortium2_ELMED_10223718_management0_32768201,37.252747252747255,18.155668,18.141085,71.15569,20.800001,49,flowering,0.0,False
2024-05-30,consortium2_ELMED_10223718_management0_32768201,37.266666666666666,17.657751,17.222334,83.42728,215.8,50,flowering,0.0,False
2024-05-31,consortium2_ELMED_10223718_management0_32768201,37.67052631578947,15.547334,14.872334,75.189285,501.8,51,flowering,0.0,False
2024-06-01,consortium2_ELMED_10223718_management0_32768201,37.58387096774194,15.716084,16.20775,73.337105,26.0,52,flowering,0.0,False
2024-06-02,consortium2_ELMED_10223718_management0_32768201,37.33548387096774,17.67025,18.37025,72.62232,7.8,53,flowering,0.0,False
2024-06-03,consortium2_ELMED_10223718_management0_32768201,37.3,17.424417,17.968168,72.227715,26.0,54,flowering,0.0,False
2024-06-04,consortium2_ELMED_10223718_management0_32768201,37.2621052631579,18.161917,19.064001,71.25424,15.6,55,flowering,0.0,False
2024-06-05,consortium2_ELMED_10223718_management0_32768201,37.14895833333333,19.030668,19.549417,77.02461,18.2,56,flowering,0.0,False
2024-06-06,consortium2_ELMED_10223718_management0_32768201,37.0,20.497334,20.743166,77.928055,5.2000003,57,flowering,0.0,False
2024-06-07,consortium2_ELMED_10223718_management0_32768201,36.84893617021276,21.272331,21.705667,80.18017,0.0,58,flowering,0.0,False
2024-06-08,consortium2_ELMED_10223718_management0_32768201,36.744680851063826,21.759834,22.403585,79.78099,39.0,59,flowering,0.0,False
2024-06-09,consortium2_ELMED_10223718_management0_32768201,36.64148936170213,21.628584,22.230665,77.0667,91.0,60,flowering,0.0,False
2024-06-10,consortium2_ELMED_10223718_management0_32768201,36.58387096774194,21.247334,20.649416,79.09361,358.80002,61,flowering,0.0,False
2024-06-11,consortium2_ELMED_10223718_management0_32768201,36.43978494623656,19.58275,18.766085,82.25438,475.8,62,flowering,0.0,False
2024-06-12,consortium2_ELMED_10223718_management0_32768201,37.171910112359555,18.568167,17.397333,72.48761,91.0,63,flowering,0.0,False
2024-06-13,consortium2_ELMED_10223718_management0_32768201,37.38241758241758,17.859835,17.039,68.07742,23.4,64,flowering,0.0,False
2024-06-14,consortium2_ELMED_10223718_management0_32768201,37.12967032967033,18.157751,17.75775,73.66151,0.0,65,flowering,0.0,False
2024-06-15,consortium2_ELMED_10223718_management0_32768201,36.988172043010756,17.984835,18.001501,77.45243,5.2000003,66,flowering,0.0,False
2024-06-16,consortium2_ELMED_10223718_management0_32768201,37.21098901098901,19.2265,19.993166,74.24892,39.0,67,flowering,0.0,False
2024-06-17,consortium2_ELMED_10223718_management0_32768201,37.05326086956522,20.368166,21.053581,74.71422,0.0,68,flowering,0.0,False
2024-06-18,consortium2_ELMED_10223718_management0_32768201,36.920212765957444,21.359835,23.036917,67.8474,0.0,69,flowering,0.0,False
2024-06-19,consortium2_ELMED_10223718_management0_32768201,36.78404255319149,22.659834,24.224417,68.561745,0.0,70,maturity,0.0,False
2024-06-20,consortium2_ELMED_10223718_management0_32768201,36.667368421052636,23.382751,25.789001,67.07863,2.6000001,71,maturity,0.0,False
2024-06-21,consortium2_ELMED_10223718_management0_32768201,36.7904255319149,23.514,23.934832,75.13976,309.40002,72,maturity,0.0,False
2024-06-22,consortium2_ELMED_10223718_management0_32768201,38.304255319148936,22.084831,22.416084,71.78316,106.6,73,maturity,0.0,False
2024-06-23,consortium2_ELMED_10223718_management0_32768201,47.67096774193548,19.141085,18.13275,84.27135,764.39996,74,maturity,0.0,False
2024-06-24,consortium2_ELMED_10223718_management0_32768201,39.80105263157895,20.309834,21.2515,73.86085,145.59999,75,maturity,0.0,False
2024-06-25,consortium2_ELMED_10223718_management0_32768201,39.16923076923077,20.816084,20.561916,82.042725,283.4,76,maturity,0.0,False
2024-06-26,consortium2_ELMED_10223718_management0_32768201,40.17142857142857,21.041084,21.084831,75.05827,182.0,77,maturity,0.0,False
2024-06-27,consortium2_ELMED_10223718_management0_32768201,39.255913978494625,21.739,23.193167,70.98959,0.0,78,maturity,0.0,False
2024-06-28,consortium2_ELMED_10223718_management0_32768201,37.90215053763441,23.484833,24.649416,75.13536,0.0,79,maturity,0.0,False
2024-06-29,consortium2_ELMED_10223718_management0_32768201,37.25268817204301,23.930666,24.580667,80.47352,166.40001,80,maturity,0.0,False
2024-06-30,consortium2_ELMED_10223718_management0_32768201,37.10526315789474,24.086916,23.855665,71.53737,31.2,81,maturity,0.0,False
2024-07-01,consortium2_ELMED_10223718_management0_32768201,36.9936170212766,22.164001,21.311916,78.87017,80.600006,82,maturity,0.0,False
2024-07-02,consortium2_ELMED_10223718_management0_32768201,36.89032258064516,21.359835,21.153584,69.35841,96.200005,83,maturity,0.0,False
2024-07-03,consortium2_ELMED_10223718_management0_32768201,36.783157894736846,19.4765,19.022333,77.337234,169.0,84,maturity,0.0,False
2024-07-04,consortium2_ELMED_10223718_management0_32768201,36.636842105263156,19.83275,19.603582,74.163414,0.0,85,maturity,0.0,False
2024-07-05,consortium2_ELMED_10223718_management0_32768201,36.41276595744681,21.024416,21.391083,74.712456,0.0,86,maturity,0.0,False
2024-07-06,consortium2_ELMED_10223718_management0_32768201,36.17916666666667,22.664001,23.064,71.07277,23.400002,87,maturity,0.0,False
2024-07-07,consortium2_ELMED_10223718_management0_32768201,35.95164835164835,21.949415,22.105665,79.63127,829.39996,88,maturity,0.0,False
2024-07-08,consortium2_ELMED_10223718_management0_32768201,36.90978260869565,23.055666,23.584831,73.35066,10.400001,89,maturity,0.0,False
2024-07-09,consortium2_ELMED_10223718_management0_32768201,36.956043956043956,23.8265,25.44525,69.58119,10.400001,90,maturity,0.0,False
2024-07-10,consortium2_ELMED_10223718_management0_32768201,36.68191489361702,24.5015,26.493166,66.012726,0.0,91,maturity,0.0,False
2024-07-11,consortium2_ELMED_10223718_management0_32768201,36.41505376344086,25.143167,26.974417,65.50013,0.0,92,maturity,0.0,False
2024-07-12,consortium2_ELMED_10223718_management0_32768201,36.27065217391304,24.186918,24.0515,79.02185,163.8,93,maturity,0.0,False
2024-07-13,consortium2_ELMED_10223718_management0_32768201,36.07604166666667,23.3265,24.159834,67.34814,0.0,94,maturity,0.0,False
2024-07-14,consortium2_ELMED_10223718_management0_32768201,35.65268817204301,23.664001,24.639,65.721245,0.0,95,maturity,0.0,False
2024-07-15,consortium2_ELMED_10223718_management0_32768201,35.01304347826087,24.143166,25.514,66.60703,0.0,96,maturity,0.0,False
2024-07-16,consortium2_ELMED_10223718_management0_32768201,34.09375,24.95775,26.441084,66.02828,0.0,97,maturity,0.0,False
2024-07-17,consortium2_ELMED_10223718_management0_32768201,33.145054945054945,25.228584,26.389,68.87684,44.2,98,maturity,0.0,False
2024-07-18,consortium2_ELMED_10223718_management0_32768201,32.24574468085106,25.153585,26.584831,67.256905,49.399998,99,maturity,0.0,False
2024-07-19,consortium2_ELMED_10223718_management0_32768201,31.465957446808513,25.47025,26.230665,72.44958,124.8,100,maturity,0.0,False
2024-07-20,consortium2_ELMED_10223718_management0_32768201,31.056842105263158,24.605665,24.564,64.61176,0.0,101,maturity,0.0,False
2024-07-21,consortium2_ELMED_10223718_management0_32768201,30.623655913978496,24.564,24.7265,73.66808,65.0,102,maturity,0.0,False
2024-07-22,consortium2_ELMED_10223718_management0_32768201,30.1247311827957,25.73275,26.34525,62.77625,7.8,103,maturity,0.0,False
2024-07-23,consortium2_ELMED_10223718_management0_32768201,29.774736842105263,24.441084,24.878584,71.13516,109.2,104,maturity,0.0,False
2024-07-24,consortium2_ELMED_10223718_management0_32768201,29.49157894736842,24.651499,24.695251,69.97806,0.0,105,maturity,0.0,False
2024-07-25,consortium2_ELMED_10223718_management0_32768201,29.13936170212766,24.053581,24.184835,69.2603,36.399998,106,maturity,0.0,False
2024-07-26,consortium2_ELMED_10223718_management0_32768201,28.746875,25.203583,25.60775,67.67721,0.0,107,maturity,0.0,False
2024-07-27,consortium2_ELMED_10223718_management0_32768201,28.379787234042553,25.922333,26.441084,65.67684,5.2000003,108,maturity,0.0,False
2024-07-28,consortium2_ELMED_10223718_management0_32768201,28.05161290322581,26.455667,26.682749,70.4308,0.0,109,maturity,0.0,False
2024-07-29,consortium2_ELMED_10223718_management0_32768201,27.820212765957447,25.9515,26.074415,74.92806,49.4,110,maturity,0.0,False
2024-07-30,consortium2_ELMED_10223718_management0_32768201,27.62736842105263,25.980665,26.32025,73.08953,0.0,111,maturity,0.0,False
2024-07-31,consortium2_ELMED_10223718_management0_32768201,27.488541666666666,26.503584,26.976501,73.71618,2.6000001,112,maturity,0.0,False
2024-08-01,consortium2_ELMED_10223718_management0_32768201,27.352747252747253,26.861917,26.068167,75.65312,20.800001,113,maturity,0.0,False
2024-08-02,consortium2_ELMED_10223718_management0_32768201,27.852083333333336,25.35775,25.03275,70.748116,0.0,114,maturity,0.0,False
2024-08-03,consortium2_ELMED_10223718_management0_32768201,28.73913043478261,25.184835,25.597334,62.072876,10.400001,115,maturity,0.0,False
2024-08-04,consortium2_ELMED_10223718_management0_32768201,29.81382978723404,24.834835,24.266083,68.93048,109.2,116,maturity,0.0,False
2024-08-05,consortium2_ELMED_10223718_management0_32768201,30.477659574468085,25.474417,25.605665,67.18161,31.2,117,maturity,0.0,False
2024-08-06,consortium2_ELMED_10223718_management0_32768201,30.798924731182797,25.211916,24.972334,76.3618,59.8,118,maturity,0.0,False
2024-08-07,consortium2_ELMED_10223718_management0_32768201,31.10989010989011,24.976501,24.474417,74.7009,135.2,119,maturity,0.0,False
2024-08-08,consortium2_ELMED_10223718_management0_32768201,31.881052631578946,24.561918,25.449415,61.075493,0.0,120,maturity,0.0,False
2024-08-09,consortium2_ELMED_10223718_management0_32768201,31.610416666666666,25.757751,26.3265,67.93427,7.8,121,maturity,0.0,False
2024-08-10,consortium2_ELMED_10223718_management0_32768201,31.06736842105263,26.843168,27.570251,68.23882,10.400001,122,maturity,0.0,False
2024-08-11,consortium2_ELMED_10223718_management0_32768201,30.450000000000003,27.822334,28.074415,69.45987,5.2000003,123,maturity,0.0,False
2024-08-12,consortium2_ELMED_10223718_management0_32768201,29.73894736842105,27.8765,28.54525,62.44385,0.0,124,maturity,0.0,False
2024-08-13,consortium2_ELMED_10223718_management0_32768201,29.012903225806454,27.499418,27.568167,62.892258,0.0,125,maturity,0.0,False
2024-08-14,consortium2_ELMED_10223718_management0_32768201,28.50957446808511,27.586916,27.95775,53.69315,0.0,126,maturity,0.0,False
2024-08-15,consortium2_ELMED_10223718_management0_32768201,28.76195652173913,26.222334,26.6765,59.716854,0.0,127,maturity,0.0,False
2024-08-16,consortium2_ELMED_10223718_management0_32768201,29.846739130434784,26.7515,27.08275,59.273308,2.6000001,128,maturity,0.0,False
2024-08-17,consortium2_ELMED_10223718_management0_32768201,29.74105263157895,26.699415,26.343168,59.298016,26.0,129,maturity,0.0,False
2024-08-18,consortium2_ELMED_10223718_management0_32768201,29.751063829787235,23.443167,22.818167,75.13771,104.0,130,maturity,0.0,False
2024-08-19,consortium2_ELMED_10223718_management0_32768201,29.883333333333336,22.841082,23.120249,72.800545,98.799995,131,maturity,0.0,False
2024-08-20,consortium2_ELMED_10223718_management0_32768201,30.56,23.630667,24.818167,68.97525,70.2,132,maturity,0.0,False
2024-08-21,consortium2_ELMED_10223718_management0_32768201,31.150526315789474,24.934835,25.984833,62.952152,15.6,133,maturity,0.0,False
2024-08-22,consortium2_ELMED_10223718_management0_32768201,31.064893617021276,24.641083,24.609833,68.339424,33.800003,134,maturity,0.0,False
2024-08-23,consortium2_ELMED_10223718_management0_32768201,30.90108695652174,24.993166,25.543165,69.39071,28.6,135,maturity,0.0,False
2024-08-24,consortium2_ELMED_10223718_management0_32768201,30.331914893617018,25.866081,26.384834,64.86549,5.2000003,136,maturity,0.0,False
2024-08-25,consortium2_ELMED_10223718_management0_32768201,29.739784946236558,26.053581,26.605665,61.70794,7.8,137,maturity,0.0,False
2024-08-26,consortium2_ELMED_10223718_management0_32768201,29.357894736842105,25.218168,25.647331,58.355778,5.2000003,138,maturity,0.0,False
2024-08-27,consortium2_ELMED_10223718_management0_32768201,29.232608695652175,24.105665,24.2515,63.31051,5.2000003,139,maturity,0.0,False
2024-08-28,consortium2_ELMED_10223718_management0_32768201,29.094565217391303,24.29525,24.764,65.86165,0.0,140,maturity,0.0,False
2024-08-29,consortium2_ELMED_10223718_management0_32768201,28.845,25.168165,26.58275,55.856804,0.0,141,maturity,0.0,False
2024-08-30,consortium2_ELMED_10223718_management0_32768201,28.517021276595745,25.432749,26.83275,55.186928,0.0,142,maturity,0.0,False
2024-08-31,consortium2_ELMED_10223718_management0_32768201,28.12688172043011,25.514,26.774416,61.56284,15.6,143,maturity,0.0,False
2024-09-01,consortium2_ELMED_10223718_management0_32768201,27.88586956521739,25.022331,25.405668,62.80173,0.0,144,maturity,0.0,False
2024-09-02,consortium2_ELMED_10223718_management0_32768201,27.8,24.572334,25.468168,53.85308,2.6000001,145,maturity,0.0,False
2024-09-03,consortium2_ELMED_10223718_management0_32768201,27.800000000000004,23.972334,23.780668,70.17066,7.8,146,maturity,0.0,False
2024-09-04,consortium2_ELMED_10223718_management0_32768201,27.815625,23.755667,24.311918,62.63995,0.0,147,maturity,0.0,False
2024-09-05,consortium2_ELMED_10223718_management0_32768201,27.998924731182797,20.122334,20.29525,82.16009,1318.2001,148,maturity,0.0,False
2024-09-06,consortium2_ELMED_10223718_management0_32768201,29.493750000000002,20.80775,20.784834,76.08647,18.2,149,maturity,0.0,False
2024-09-07,consortium2_ELMED_10223718_management0_32768201,30.026041666666668,21.636915,20.62025,79.43184,0.0,150,maturity,0.0,False
2024-09-08,consortium2_ELMED_10223718_management0_32768201,29.84787234042553,20.566084,20.684834,86.73955,798.2,151,maturity,0.0,False
2024-09-09,consortium2_ELMED_10223718_management0_32768201,31.457894736842107,20.65775,20.724417,70.60912,943.80005,152,maturity,0.0,False
2024-09-10,consortium2_ELMED_10223718_management0_32768201,32.88260869565217,19.682749,21.147331,57.667095,0.0,153,maturity,0.0,False
2024-09-11,consortium2_ELMED_10223718_management0_32768201,32.76043956043956,19.614,19.472334,77.257576,104.0,154,maturity,0.0,False
2024-09-12,consortium2_ELMED_10223718_management0_32768201,33.53473684210527,15.9452505,14.255667,76.76527,338.0,155,maturity,0.0,False
2024-09-13,consortium2_ELMED_10223718_management0_32768201,34.41157894736842,14.080667,12.991084,57.896267,5.2000003,156,maturity,0.0,False
2024-09-14,consortium2_ELMED_10223718_management0_32768201,34.10425531914894,14.572332,13.52025,52.241234,0.0,157,maturity,0.0,False
2024-09-15,consortium2_ELMED_10223718_management0_32768201,33.896808510638294,16.249418,15.453584,47.02787,0.0,158,maturity,0.0,False
2024-09-16,consortium2_ELMED_10223718_management0_32768201,33.745652173913044,15.980667,14.786917,59.373344,49.399998,159,maturity,0.0,False
2024-09-17,consortium2_ELMED_10223718_management0_32768201,33.63666666666667,15.861917,15.478583,64.699776,163.79999,160,maturity,0.0,False
2024-09-18,consortium2_ELMED_10223718_management0_32768201,33.54130434782609,15.178584,16.428583,66.20114,0.0,161,maturity,0.0,False
2024-09-19,consortium2_ELMED_10223718_management0_32768201,33.438043478260866,16.464,17.911917,60.69147,2.6000001,162,maturity,0.0,False
2024-09-20,consortium2_ELMED_10223718_management0_32768201,33.34891304347826,16.8515,17.9015,69.86715,18.199999,163,maturity,0.0,False
2024-09-21,consortium2_ELMED_10223718_management0_32768201,33.2505376344086,17.24525,18.016085,72.78811,31.199999,164,maturity,0.0,False
2024-09-22,consortium2_ELMED_10223718_management0_32768201,33.13478260869565,16.674417,17.668167,73.05492,0.0,165,maturity,0.0,False
2024-09-23,consortium2_ELMED_10223718_management0_32768201,33.069148936170215,16.897333,17.459833,77.748795,790.39996,166,maturity,0.0,False
2024-09-24,consortium2_ELMED_10223718_management0_32768201,33.14255319148936,16.978584,17.20775,76.314445,26.0,167,maturity,0.0,False
2024-09-25,consortium2_ELMED_10223718_management0_32768201,33.503191489361704,16.674417,15.761917,78.79125,0.0,168,maturity,0.0,False
2024-09-26,consortium2_ELMED_10223718_management0_32768201,33.719148936170214,16.903584,17.336916,84.07514,530.39996,169,maturity,0.0,False
2024-09-27,consortium2_ELMED_10223718_management0_32768201,34.82421052631579,18.259832,19.07025,82.169624,78.0,170,maturity,0.0,False
2024-09-28,consortium2_ELMED_10223718_management0_32768201,35.07741935483871,16.830667,15.9765005,69.93533,93.6,171,maturity,0.0,False
2024-09-29,consortium2_ELMED_10223718_management0_32768201,34.828421052631576,14.999416,14.793167,60.531773,0.0,172,maturity,0.0,False
2024-09-30,consortium2_ELMED_10223718_management0_32768201,34.660869565217396,15.418167,14.103582,79.6399,2.6000001,173,maturity,0.0,False
2024-10-01,consortium2_ELMED_10223718_management0_32768201,34.56021505376344,15.3015,14.6952505,84.62782,26.0,174,maturity,0.0,False
2024-10-02,consortium2_ELMED_10223718_management0_32768201,34.752631578947366,15.628582,16.003582,85.09973,561.60004,175,maturity,0.0,False
2024-10-03,consortium2_ELMED_10223718_management0_32768201,35.275,13.768167,13.111917,87.10962,436.8,176,maturity,0.0,False
2024-10-04,consortium2_ELMED_10223718_management0_32768201,36.85208333333333,12.641084,12.072332,76.9064,135.20001,177,maturity,0.0,False
2024-10-05,consortium2_ELMED_10223718_management0_32768201,36.80210526315789,12.488999,12.4140005,75.02193,5.2000003,178,maturity,0.0,False
2024-10-06,consortium2_ELMED_10223718_management0_32768201,36.32340425531915,13.343166,12.284832,83.29762,0.0,179,maturity,0.0,False
2024-10-07,consortium2_ELMED_10223718_management0_32768201,35.579787234042556,13.934834,13.366084,87.199326,39.0,180,maturity,0.0,False
2024-10-08,consortium2_ELMED_10223718_management0_32768201,39.340425531914896,15.026501,15.734834,90.96414,1450.7999,181,maturity,0.0,False
2024-10-09,consortium2_ELMED_10223718_management0_32768201,38.248936170212765,15.4765005,16.516085,81.79312,67.6,182,maturity,0.0,False
2024-10-10,consortium2_ELMED_10223718_management0_32768201,49.04408602150538,15.293167,16.822332,79.84753,517.39996,183,maturity,0.0,False
2024-10-11,consortium2_ELMED_10223718_management0_32768201,39.090425531914896,13.116084,14.999415,62.27207,2.6000001,184,maturity,0.0,False
2024-10-12,consortium2_ELMED_10223718_management0_32768201,37.2,12.932751,13.780666,75.066216,7.8,185,maturity,0.0,False
2024-10-13,consortium2_ELMED_10223718_management0_32768201,36.46021505376344,13.511917,12.816082,86.06738,0.0,186,maturity,0.0,False
2024-10-14,consortium2_ELMED_10223718_management0_32768201,35.797872340425535,13.661917,13.401501,88.63496,0.0,187,maturity,0.0,False
2024-10-15,consortium2_ELMED_10223718_management0_32768201,35.460215053763434,14.826499,15.120251,79.03198,0.0,188,maturity,0.0,False
2024-10-16,consortium2_ELMED_10223718_management0_32768201,35.221739130434784,14.72025,15.645249,88.37109,158.59999,189,maturity,0.0,False
2024-10-17,consortium2_ELMED_10223718_management0_32768201,35.17741935483871,16.10775,17.609835,81.86833,54.6,190,maturity,0.0,False
2024-10-18,consortium2_ELMED_10223718_management0_32768201,37.176086956521736,15.839001,16.305666,89.209785,826.8,191,maturity,0.0,False
2024-10-19,consortium2_ELMED_10223718_management0_32768201,38.9,14.65775,15.0702505,91.559814,491.4,192,maturity,0.0,False
2024-10-20,consortium2_ELMED_10223718_management0_32768201,45.85957446808511,16.143167,17.968166,81.40095,15.6,193,maturity,0.0,False
2024-10-21,consortium2_ELMED_10223718_management0_32768201,37.391578947368416,15.263999,15.722335,87.924126,0.0,194,maturity,0.0,False
2024-10-22,consortium2_ELMED_10223718_management0_32768201,36.64623655913979,15.572332,16.461916,84.77098,2.6000001,195,maturity,0.0,False
2024-10-23,consortium2_ELMED_10223718_management0_32768201,35.83404255319149,15.307751,16.016085,91.90811,470.6,196,maturity,0.0,False
2024-10-24,consortium2_ELMED_10223718_management0_32768201,35.82947368421053,15.84525,16.57025,83.49333,65.0,197,maturity,0.0,False
2024-10-25,consortium2_ELMED_10223718_management0_32768201,35.67765957446809,15.022334,15.430666,82.49207,10.400001,198,maturity,0.0,False
2024-10-26,consortium2_ELMED_10223718_management0_32768201,35.50869565217391,16.214,17.518167,80.60242,205.40001,199,maturity,0.0,False
2024-10-27,consortium2_ELMED_10223718_management0_32768201,35.50303030303031,15.013999,16.161917,82.539566,5.2000003,200,maturity,0.0,False
2024-10-28,consortium2_ELMED_10223718_management0_32768201,35.445744680851064,14.799417,15.180666,84.566536,0.0,201,maturity,0.0,False
2024-10-29,consortium2_ELMED_10223718_management0_32768201,35.34505494505494,13.920249,14.9765005,80.21477,0.0,202,maturity,0.0,False
2024-10-30,consortium2_ELMED_10223718_management0_32768201,35.25978260869565,13.520249,14.478582,81.86419,0.0,203,maturity,0.0,False
2024-10-31,consortium2_ELMED_10223718_management0_32768201,35.16304347826087,12.641084,14.822333,76.09216,0.0,204,maturity,0.0,False
2024-11-01,consortium2_ELMED_10223718_management0_32768201,35.06774193548387,12.024416,13.222332,78.659195,0.0,205,maturity,0.0,False
2024-11-02,consortium2_ELMED_10223718_management0_32768201,34.98681318681319,11.513999,13.34525,75.196884,0.0,206,maturity,0.0,False
2024-11-03,consortium2_ELMED_10223718_management0_32768201,34.9,11.120251,11.749416,81.76452,0.0,207,maturity,0.0,False
2024-11-04,consortium2_ELMED_10223718_management0_32768201,34.829787234042556,11.018167,11.741084,81.68942,0.0,208,maturity,0.0,False
2024-11-05,consortium2_ELMED_10223718_management0_32768201,34.75806451612903,9.384833,10.909832,71.58399,0.0,209,maturity,0.0,False
2024-11-06,consortium2_ELMED_10223718_management0_32768201,34.695744680851064,8.6265,10.886917,66.32506,0.0,210,maturity,0.0,False
2024-11-07,consortium2_ELMED_10223718_management0_32768201,34.60217391304348,8.543167,11.299417,66.26952,0.0,211,maturity,0.0,False
2024-11-08,consortium2_ELMED_10223718_management0_32768201,34.543010752688176,8.536918,10.886917,73.27928,0.0,212,maturity,0.0,False
2024-11-09,consortium2_ELMED_10223718_management0_32768201,34.46086956521739,8.463999,10.451501,75.42482,0.0,213,maturity,0.0,False
2024-11-10,consortium2_ELMED_10223718_management0_32768201,34.4,7.6785836,9.768167,73.59571,0.0,214,maturity,0.0,False
2024-11-11,consortium2_ELMED_10223718_management0_32768201,34.339784946236556,6.891083,8.745249,67.182945,0.0,215,maturity,0.0,False
2024-11-12,consortium2_ELMED_10223718_management0_32768201,34.3,4.4577503,6.697334,69.80363,0.0,216,maturity,0.0,False
2024-11-13,consortium2_ELMED_10223718_management0_32768201,34.22659574468085,2.5619166,6.0535836,67.55111,20.800001,217,maturity,0.0,False
2024-11-14,consortium2_ELMED_10223718_management0_32768201,34.196808510638306,3.2306669,6.055667,69.178444,5.2000003,218,maturity,0.0,False
2024-11-15,consortium2_ELMED_10223718_management0_32768201,34.113684210526316,1.5848333,4.5494165,57.374676,0.0,219,maturity,0.0,False
2024-11-16,consortium2_ELMED_10223718_management0_32768201,34.06559139784946,1.164,4.7577496,60.76603,0.0,220,maturity,0.0,False
2024-11-17,consortium2_ELMED_10223718_management0_32768201,34.0,1.1181667,4.741083,58.845398,0.0,221,maturity,0.0,False
2024-11-18,consortium2_ELMED_10223718_management0_32768201,33.95263157894737,3.4306667,5.9327497,68.46608,0.0,222,maturity,0.0,False
2024-11-19,consortium2_ELMED_10223718_management0_32768201,33.9,4.1765003,6.055667,76.880135,0.0,223,maturity,0.0,False
2024-11-20,consortium2_ELMED_10223718_management0_32768201,33.87659574468085,5.6140003,6.655667,61.532005,85.8,224,maturity,0.0,False
2024-11-21,consortium2_ELMED_10223718_management0_32768201,33.80212765957447,3.1681669,1.7035834,53.581806,106.6,225,maturity,0.0,False
2024-11-22,consortium2_ELMED_10223718_management0_32768201,33.8,2.5806668,-0.31308332,66.91511,5.2000003,226,maturity,0.0,False
2024-11-23,consortium2_ELMED_10223718_management0_32768201,33.76354166666666,1.7702501,-0.5401667,60.32768,0.0,227,maturity,0.0,False
2024-11-24,consortium2_ELMED_10223718_management0_32768201,33.7,1.4556668,2.08275,72.91058,0.0,228,maturity,0.0,False
2024-11-25,consortium2_ELMED_10223718_management0_32768201,33.671578947368424,2.0535834,4.222333,85.34017,0.0,229,maturity,0.0,False
2024-11-26,consortium2_ELMED_10223718_management0_32768201,33.60208333333333,2.2973332,4.65775,93.91483,36.399998,230,maturity,0.0,False
2024-11-27,consortium2_ELMED_10223718_management0_32768201,33.6,2.8473334,6.061917,90.4412,0.0,231,maturity,0.0,False
2024-11-28,consortium2_ELMED_10223718_management0_32768201,33.6,4.064,5.399417,95.48943,10.400001,232,maturity,0.0,False
2024-11-29,consortium2_ELMED_10223718_management0_32768201,33.6,3.64525,3.89525,71.18706,0.0,233,maturity,0.0,False
2024-11-30,consortium2_ELMED_10223718_management0_32768201,33.537894736842105,2.5744166,2.8848333,65.405785,0.0,234,maturity,0.0,False
2024-12-01,consortium2_ELMED_10223718_management0_32768201,33.5,2.1910834,2.70775,63.073086,0.0,235,maturity,0.0,False
2024-12-02,consortium2_ELMED_10223718_management0_32768201,33.47083333333333,1.0348334,2.7931669,59.0835,0.0,236,maturity,0.0,False
2024-12-03,consortium2_ELMED_10223718_management0_32768201,33.4,2.3285832,3.3306665,78.513336,0.0,237,maturity,0.0,False
2024-12-04,consortium2_ELMED_10223718_management0_32768201,33.4,3.4390001,5.3035836,77.03109,0.0,238,maturity,0.0,False
2024-12-05,consortium2_ELMED_10223718_management0_32768201,33.4,3.2494166,2.4556668,62.58608,0.0,239,maturity,0.0,False
2024-12-06,consortium2_ELMED_10223718_management0_32768201,33.33958333333333,2.2973332,3.19525,64.16619,18.199999,240,maturity,0.0,False
2024-12-07,consortium2_ELMED_10223718_management0_32768201,33.3,3.2056665,2.9765,57.542088,31.2,241,maturity,0.0,False
2024-12-08,consortium2_ELMED_10223718_management0_32768201,33.3,3.20775,3.2765002,89.43254,561.60004,242,maturity,0.0,False
2024-12-09,consortium2_ELMED_10223718_management0_32768201,33.3,3.4848332,4.0098333,78.4288,2.6000001,243,maturity,0.0,False
2024-12-10,consortium2_ELMED_10223718_management0_32768201,33.3,2.8681667,3.8723333,76.17156,0.0,244,maturity,0.0,False
2024-12-11,consortium2_ELMED_10223718_management0_32768201,33.3,2.4702501,1.1598334,79.94115,0.0,245,maturity,0.0,False
2024-12-12,consortium2_ELMED_10223718_management0_32768201,33.3,1.9119167,0.055666666,75.66791,0.0,246,maturity,0.0,False
2024-12-13,consortium2_ELMED_10223718_management0_32768201,33.3,0.8119167,0.2931667,70.5524,0.0,247,maturity,0.0,False
2024-12-14,consortium2_ELMED_10223718_management0_32768201,33.3,1.9306667,1.5931666,84.6798,20.800001,248,maturity,0.0,False
2024-12-15,consortium2_ELMED_10223718_management0_32768201,33.3,1.0765,0.76400006,73.964264,0.0,249,maturity,0.0,False
2024-12-16,consortium2_ELMED_10223718_management0_32768201,33.30105263157895,1.2244166,3.1202502,70.622955,0.0,250,maturity,0.0,False
2024-12-17,consortium2_ELMED_10223718_management0_32768201,33.32736842105263,1.6889999,2.7119167,78.440674,0.0,251,maturity,0.0,False
2024-12-18,consortium2_ELMED_10223718_management0_32768201,33.391666666666666,1.7431667,2.399417,71.75696,0.0,252,maturity,0.0,False
2024-12-19,consortium2_ELMED_10223718_management0_32768201,33.4,1.4410833,2.1223335,87.708405,291.19998,253,maturity,0.0,False
2024-12-20,consortium2_ELMED_10223718_management0_32768201,33.4,1.7931666,2.7494166,61.782715,70.200005,254,maturity,0.0,False
2024-12-21,consortium2_ELMED_10223718_management0_32768201,33.421505376344086,-0.4964167,-2.2630832,65.89232,0.0,255,maturity,0.0,False
2024-12-22,consortium2_ELMED_10223718_management0_32768201,33.5,0.62025005,-0.7776666,80.13262,67.6,256,maturity,0.0,False
2024-12-23,consortium2_ELMED_10223718_management0_32768201,33.57684210526316,0.45983335,-0.54225,64.92712,0.0,257,maturity,0.0,False
2024-12-24,consortium2_ELMED_10223718_management0_32768201,33.6,-0.38183334,-0.80266666,57.76854,0.0,258,maturity,0.0,False
2024-12-25,consortium2_ELMED_10223718_management0_32768201,33.6,0.689,-1.5130832,61.740116,0.0,259,maturity,0.0,False
2024-12-26,consortium2_ELMED_10223718_management0_32768201,33.6,0.31191668,-0.7276666,55.754475,0.0,260,maturity,0.0,False
2024-12-27,consortium2_ELMED_10223718_management0_32768201,33.6,0.059833325,0.38275,55.852676,0.0,261,maturity,0.0,False
2024-12-28,consortium2_ELMED_10223718_management0_32768201,33.6,1.8244166,3.2765002,60.551674,0.0,262,maturity,0.0,False
2024-12-29,consortium2_ELMED_10223718_management0_32768201,33.6,0.87025,3.7619169,61.49119,0.0,263,maturity,0.0,False
2024-12-30,consortium2_ELMED_10223718_management0_32768201,33.6,0.43900007,3.3431666,58.105225,0.0,264,maturity,0.0,False
2024-12-31,consortium2_ELMED_10223718_management0_32768201,33.6,0.43900007,3.2369165,55.62591,0.0,265,maturity,0.0,False
2025-01-01,consortium2_ELMED_10223718_management0_32768201,33.567708333333336,0.27233335,1.6994166,61.666996,0.0,266,maturity,0.0,False
2025-01-02,consortium2_ELMED_10223718_management0_32768201,33.51318681318681,1.189,2.4285834,89.3757,0.0,267,maturity,0.0,False
2025-01-03,consortium2_ELMED_10223718_management0_32768201,33.5,2.4806666,2.664,73.9053,10.400001,268,maturity,0.0,False
2025-01-04,consortium2_ELMED_10223718_management0_32768201,33.5,2.5577502,0.9140001,69.52392,0.0,269,maturity,0.0,False
2025-01-05,consortium2_ELMED_10223718_management0_32768201,33.5,2.2973332,1.1556666,89.13497,0.0,270,maturity,0.0,False
2025-01-06,consortium2_ELMED_10223718_management0_32768201,33.5,1.5556667,4.5994167,90.567,145.59999,271,maturity,0.0,False
2025-01-07,consortium2_ELMED_10223718_management0_32768201,33.50729166666667,2.77025,4.7869167,93.26507,288.6,272,maturity,0.0,False
2025-01-08,consortium2_ELMED_10223718_management0_32768201,33.78125,3.1785836,4.3327503,83.76245,13.0,273,maturity,0.0,False
2025-01-09,consortium2_ELMED_10223718_management0_32768201,34.14479166666667,2.514,5.2723336,92.72497,163.8,274,maturity,0.0,False
2025-01-10,consortium2_ELMED_10223718_management0_32768201,34.497894736842106,3.2265,3.6535833,70.44168,10.400001,275,maturity,0.0,False
2025-01-11,consortium2_ELMED_10223718_management0_32768201,34.4063829787234,1.9723333,1.7140001,65.42486,0.0,276,maturity,0.0,False
2025-01-12,consortium2_ELMED_10223718_management0_32768201,34.318279569892475,2.8869169,0.6848334,48.33378,0.0,277,maturity,0.0,False
2025-01-13,consortium2_ELMED_10223718_management0_32768201,34.275,2.9848332,0.6306667,48.896805,0.0,278,maturity,0.0,False
2025-01-14,consortium2_ELMED_10223718_management0_32768201,34.2,1.2514999,0.98483336,48.752625,0.0,279,maturity,0.0,False
2025-01-15,consortium2_ELMED_10223718_management0_32768201,34.11720430107527,0.66608334,2.5848334,44.592327,0.0,280,maturity,0.0,False
2025-01-16,consortium2_ELMED_10223718_management0_32768201,34.1,3.1056669,3.6598334,64.61403,0.0,281,maturity,0.0,False
2025-01-17,consortium2_ELMED_10223718_management0_32768201,34.045833333333334,2.2973332,2.8265,69.800606,0.0,282,maturity,0.0,False
2025-01-18,consortium2_ELMED_10223718_management0_32768201,34.0,3.1869166,4.1119165,51.510933,0.0,283,maturity,0.0,False
2025-01-19,consortium2_ELMED_10223718_management0_32768201,34.0,3.6806667,6.2952495,73.48241,62.4,284,maturity,0.0,False
2025-01-20,consortium2_ELMED_10223718_management0_32768201,33.95531914893617,2.8452501,5.1014996,88.44411,7.8,285,maturity,0.0,False
2025-01-21,consortium2_ELMED_10223718_management0_32768201,33.901041666666664,2.85775,5.4598336,83.48645,7.8,286,maturity,0.0,False
2025-01-22,consortium2_ELMED_10223718_management0_32768201,33.9,2.4327502,4.0681667,88.16255,18.199999,287,maturity,0.0,False
2025-01-23,consortium2_ELMED_10223718_management0_32768201,33.9,2.7515001,4.2390003,96.645256,132.59999,288,maturity,0.0,False
2025-01-24,consortium2_ELMED_10223718_management0_32768201,33.9,2.4994166,4.6035833,82.01359,0.0,289,maturity,0.0,False
2025-01-25,consortium2_ELMED_10223718_management0_32768201,33.9,2.2098334,5.2390003,86.75532,0.0,290,maturity,0.0,False
2025-01-26,consortium2_ELMED_10223718_management0_32768201,33.9,3.1848333,5.3327503,94.6101,387.4,291,maturity,0.0,False
2025-01-27,consortium2_ELMED_10223718_management0_32768201,34.05625,4.04525,5.280667,94.53796,400.4,292,maturity,0.0,False
2025-01-28,consortium2_ELMED_10223718_management0_32768201,49.4,4.774417,6.509834,89.88948,798.19995,293,maturity,0.0,False
2025-01-29,consortium2_ELMED_10223718_management0_32768201,37.87708333333333,4.3514996,4.9556665,83.75038,0.0,294,maturity,0.0,False
2025-01-30,consortium2_ELMED_10223718_management0_32768201,37.00736842105263,4.53275,5.3619165,79.65944,0.0,295,maturity,0.0,False
2025-01-31,consortium2_ELMED_10223718_management0_32768201,36.60208333333333,3.9973333,5.3306665,78.28938,23.400002,296,maturity,0.0,False
2025-02-01,consortium2_ELMED_10223718_management0_32768201,35.90736842105263,4.872333,6.2577496,86.99447,119.6,297,maturity,0.0,False
2025-02-02,consortium2_ELMED_10223718_management0_32768201,35.212631578947374,4.334833,4.9890003,80.939926,0.0,298,maturity,0.0,False
2025-02-03,consortium2_ELMED_10223718_management0_32768201,34.994791666666664,4.1119165,5.249417,70.371284,0.0,299,maturity,0.0,False
2025-02-04,consortium2_ELMED_10223718_management0_32768201,34.68421052631579,4.184833,4.5369167,70.52411,0.0,300,maturity,0.0,False
2025-02-05,consortium2_ELMED_10223718_management0_32768201,34.545744680851065,4.124417,5.53275,59.474205,0.0,301,maturity,0.0,False
2025-02-06,consortium2_ELMED_10223718_management0_32768201,34.449462365591394,3.8015,5.434833,56.998,0.0,302,maturity,0.0,False
2025-02-07,consortium2_ELMED_10223718_management0_32768201,34.38125,3.8140001,3.3265,72.392815,0.0,303,maturity,0.0,False
2025-02-08,consortium2_ELMED_10223718_management0_32768201,34.3,3.6556666,3.6910834,82.773674,39.0,304,maturity,0.0,False
2025-02-09,consortium2_ELMED_10223718_management0_32768201,34.32604166666666,4.1994166,4.999417,94.01942,392.6,305,maturity,0.0,False
2025-02-10,consortium2_ELMED_10223718_management0_32768201,34.77395833333333,6.1140003,7.7577496,83.28382,20.800001,306,maturity,0.0,False
2025-02-11,consortium2_ELMED_10223718_management0_32768201,34.86021505376344,6.9014997,7.759834,90.43436,49.399998,307,maturity,0.0,False
2025-02-12,consortium2_ELMED_10223718_management0_32768201,34.746808510638296,7.189,8.316084,85.32096,13.0,308,maturity,0.0,False
2025-02-13,consortium2_ELMED_10223718_management0_32768201,34.65714285714286,7.2556667,7.7639995,86.35512,2.6000001,309,maturity,0.0,False
2025-02-14,consortium2_ELMED_10223718_management0_32768201,34.598958333333336,5.641083,5.0494165,69.69105,270.4,310,maturity,0.0,False
2025-02-15,consortium2_ELMED_10223718_management0_32768201,34.511702127659575,3.4306667,2.6660833,57.731113,0.0,311,maturity,0.0,False
2025-02-16,consortium2_ELMED_10223718_management0_32768201,34.432978723404254,3.5473332,3.0181665,79.79317,0.0,312,maturity,0.0,False
2025-02-17,consortium2_ELMED_10223718_management0_32768201,34.386170212765954,3.7202501,2.5473332,76.8135,0.0,313,maturity,0.0,False
2025-02-18,consortium2_ELMED_10223718_management0_32768201,34.3,4.0119166,2.5952501,74.21932,0.0,314,maturity,0.0,False
2025-02-19,consortium2_ELMED_10223718_management0_32768201,34.29894736842105,3.4306667,1.8931668,73.26969,0.0,315,maturity,0.0,False
2025-02-20,consortium2_ELMED_10223718_management0_32768201,34.21157894736842,2.4473333,3.5952501,72.072556,0.0,316,maturity,0.0,False
2025-02-21,consortium2_ELMED_10223718_management0_32768201,34.192708333333336,1.8848335,6.2452497,64.90872,0.0,317,maturity,0.0,False
2025-02-22,consortium2_ELMED_10223718_management0_32768201,34.104166666666664,3.1556666,5.668167,81.69953,0.0,318,maturity,0.0,False
2025-02-23,consortium2_ELMED_10223718_management0_32768201,34.1,5.3598332,7.3931665,81.554085,0.0,319,maturity,0.0,False
2025-02-24,consortium2_ELMED_10223718_management0_32768201,34.07368421052632,6.9535837,8.649416,79.56839,5.2000003,320,maturity,0.0,False
2025-02-25,consortium2_ELMED_10223718_management0_32768201,34.056382978723406,8.318167,9.743166,88.09532,72.799995,321,maturity,0.0,False
2025-02-26,consortium2_ELMED_10223718_management0_32768201,34.063541666666666,7.6910834,8.934834,87.137054,114.4,322,maturity,0.0,False
2025-02-27,consortium2_ELMED_10223718_management0_32768201,34.001041666666666,7.091083,8.297334,68.603134,0.0,323,maturity,0.0,False
2025-02-28,consortium2_ELMED_10223718_management0_32768201,34.0,7.014,7.28275,73.43726,41.600002,324,maturity,0.0,False
2025-03-01,consortium2_ELMED_10223718_management0_32768201,34.003125000000004,6.7848334,6.92025,66.21844,5.2000003,325,maturity,0.0,False
2025-03-02,consortium2_ELMED_10223718_management0_32768201,34.052083333333336,5.868167,6.92025,61.65694,0.0,326,maturity,0.0,False
2025-03-03,consortium2_ELMED_10223718_management0_32768201,34.0063829787234,6.03275,7.09525,68.05231,0.0,327,maturity,0.0,False
2025-03-04,consortium2_ELMED_10223718_management0_32768201,34.0,6.6285834,8.022333,63.83048,0.0,328,maturity,0.0,False
2025-03-05,consortium2_ELMED_10223718_management0_32768201,34.0,7.10775,9.6265,53.762016,0.0,329,maturity,0.0,False
2025-03-06,consortium2_ELMED_10223718_management0_32768201,34.0,7.386917,9.65775,54.94763,0.0,330,maturity,0.0,False
2025-03-07,consortium2_ELMED_10223718_management0_32768201,34.0,7.3181663,9.239,56.57866,0.0,331,maturity,0.0,False
2025-03-08,consortium2_ELMED_10223718_management0_32768201,33.984375,7.3973336,9.497334,54.814857,0.0,332,maturity,0.0,False
2025-03-09,consortium2_ELMED_10223718_management0_32768201,33.9531914893617,8.318167,11.02025,55.752487,0.0,333,maturity,0.0,False
2025-03-10,consortium2_ELMED_10223718_management0_32768201,33.99791666666667,8.747334,9.716084,75.722015,455.0,334,maturity,0.0,False
2025-03-11,consortium2_ELMED_10223718_management0_32768201,34.0,9.255667,10.724417,72.99798,13.0,335,maturity,0.0,False
2025-03-12,consortium2_ELMED_10223718_management0_32768201,34.00833333333333,9.447333,10.551499,81.01232,322.4,336,maturity,0.0,False
2025-03-13,consortium2_ELMED_10223718_management0_32768201,34.65894736842105,9.186917,9.605667,78.52266,127.4,337,maturity,0.0,False
2025-03-14,consortium2_ELMED_10223718_management0_32768201,35.12105263157895,8.455667,9.134833,81.92681,176.8,338,maturity,0.0,False
2025-03-15,consortium2_ELMED_10223718_management0_32768201,35.4625,8.826501,10.1952505,80.79867,275.6,339,maturity,0.0,False
2025-03-16,consortium2_ELMED_10223718_management0_32768201,45.59791666666666,8.814,9.509833,74.3155,192.40001,340,maturity,0.0,False
2025-03-17,consortium2_ELMED_10223718_management0_32768201,37.778124999999996,8.061917,8.647333,66.38569,5.2000003,341,maturity,0.0,False
2025-03-18,consortium2_ELMED_10223718_management0_32768201,37.078125,6.559833,5.591083,68.45861,0.0,342,maturity,0.0,False
2025-03-19,consortium2_ELMED_10223718_management0_32768201,36.18736842105263,6.0702496,6.314,66.048996,0.0,343,maturity,0.0,False
2025-03-20,consortium2_ELMED_10223718_management0_32768201,35.4778947368421,6.7452497,6.947334,69.52764,0.0,344,maturity,0.0,False
2025-03-21,consortium2_ELMED_10223718_management0_32768201,35.12842105263158,7.6452503,8.005667,72.892815,0.0,345,maturity,0.0,False
2025-03-22,consortium2_ELMED_10223718_management0_32768201,34.94736842105263,8.884833,10.272334,80.52007,205.40001,346,maturity,0.0,False
2025-03-23,consortium2_ELMED_10223718_management0_32768201,34.87263157894736,8.966084,9.797334,83.296684,249.6,347,maturity,0.0,False
2025-03-24,consortium2_ELMED_10223718_management0_32768201,34.9,9.353583,10.922334,69.495895,0.0,348,maturity,0.0,False
2025-03-25,consortium2_ELMED_10223718_management0_32768201,34.9,9.397333,10.972332,70.36339,7.8,349,maturity,0.0,False
2025-03-26,consortium2_ELMED_10223718_management0_32768201,34.89468085106383,9.384833,11.153584,64.4967,0.0,350,maturity,0.0,False
2025-03-27,consortium2_ELMED_10223718_management0_32768201,34.809374999999996,9.9765005,12.005667,56.940567,0.0,351,maturity,0.0,False
2025-03-28,consortium2_ELMED_10223718_management0_32768201,34.8,10.324417,12.116084,59.505436,20.800001,352,maturity,0.0,False
2025-03-29,consortium2_ELMED_10223718_management0_32768201,34.741052631578945,10.366084,11.730667,74.435776,93.600006,353,maturity,0.0,False
2025-03-30,consortium2_ELMED_10223718_management0_32768201,34.7,11.918167,13.432751,59.725418,5.2000003,354,maturity,0.0,False
2025-03-31,consortium2_ELMED_10223718_management0_32768201,34.64791666666667,10.630667,10.830667,46.758385,0.0,355,maturity,0.0,False
2025-04-01,consortium2_ELMED_10223718_management0_32768201,34.60631578947368,8.949417,8.8015,49.396996,2.6000001,356,maturity,0.0,False
2025-04-02,consortium2_ELMED_10223718_management0_32768201,34.550000000000004,10.903584,12.343166,60.39595,98.8,357,maturity,0.0,False
2025-04-03,consortium2_ELMED_10223718_management0_32768201,34.503191489361704,11.061916,12.653584,68.86156,0.0,358,maturity,0.0,False
2025-04-04,consortium2_ELMED_10223718_management0_32768201,34.45263157894737,11.614,13.628582,63.70068,0.0,359,maturity,0.0,False
2025-04-05,consortium2_ELMED_10223718_management0_32768201,34.4,12.870251,14.295249,67.912605,0.0,360,maturity,0.0,False
2025-04-06,consortium2_ELMED_10223718_management0_32768201,34.4,12.568167,13.051499,58.885803,0.0,361,maturity,0.0,False
2025-04-07,consortium2_ELMED_10223718_management0_32768201,34.36105263157894,10.011917,8.599417,63.755714,0.0,362,maturity,0.0,False
2025-04-08,consortium2_ELMED_10223718_management0_32768201,34.3375,9.141084,8.418167,66.90424,0.0,363,maturity,0.0,False
2025-04-09,consortium2_ELMED_10223718_management0_32768201,34.26373626373626,9.239,9.672334,66.31294,2.6000001,364,maturity,0.0,False
2025-04-10,consortium2_ELMED_10223718_management0_32768201,34.2,10.680666,11.58275,64.74633,0.0,365,maturity,0.0,False
2025-04-11,consortium2_ELMED_10223718_management0_32768201,34.17395833333334,11.795249,14.120251,60.14352,0.0,366,maturity,0.0,False
2025-04-12,consortium2_ELMED_10223718_management0_32768201,34.1,13.247334,15.543167,68.33112,0.0,367,maturity,0.0,False
2025-04-13,consortium2_ELMED_10223718_management0_32768201,34.092553191489365,12.89525,13.811916,79.75591,117.0,368,maturity,0.0,False
2025-04-14,consortium2_ELMED_10223718_management0_32768201,34.032978723404256,13.278584,14.218165,81.252594,148.20001,369,maturity,0.0,False
2025-04-15,consortium2_ELMED_10223718_management0_32768201,34.092708333333334,13.099417,14.436916,82.69848,231.40001,370,maturity,0.0,False
2025-04-16,consortium2_ELMED_10223718_management0_32768201,34.0,13.653584,14.434834,83.98966,241.79999,371,maturity,0.0,False
2025-04-17,consortium2_ELMED_10223718_management0_32768201,36.969791666666666,12.857749,12.980667,89.15416,962.0,372,maturity,0.0,False
2025-04-18,consortium2_ELMED_10223718_management0_32768201,49.72105263157895,12.466084,13.159832,75.56534,10.400001,373,maturity,0.0,False
2025-04-19,consortium2_ELMED_10223718_management0_32768201,38.020430107526884,13.155666,13.828584,73.75769,2.6000001,374,maturity,0.0,False
2025-04-20,consortium2_ELMED_10223718_management0_32768201,37.38854166666667,13.6265,14.341084,76.31949,18.199999,375,maturity,0.0,False
2025-04-21,consortium2_ELMED_10223718_management0_32768201,36.61578947368421,12.422334,13.155666,78.89673,88.4,376,maturity,0.0,False
2025-04-22,consortium2_ELMED_10223718_management0_32768201,35.83829787234042,13.464,15.4765005,68.41225,109.2,377,maturity,0.0,False
2025-04-23,consortium2_ELMED_10223718_management0_32768201,35.54,14.207749,15.303584,76.75306,143.0,378,maturity,0.0,False
2025-04-24,consortium2_ELMED_10223718_management0_32768201,35.31999999999999,14.553584,15.061916,74.83383,101.4,379,maturity,0.0,False
2025-04-25,consortium2_ELMED_10223718_management0_32768201,35.49677419354838,13.97025,14.409832,61.764763,7.8,380,maturity,0.0,False
2025-04-26,consortium2_ELMED_10223718_management0_32768201,35.411458333333336,13.468165,14.497334,67.44578,338.0,381,maturity,0.0,False
2025-04-27,consortium2_ELMED_10223718_management0_32768201,35.30210526315789,14.641084,15.5077505,71.028366,210.6,382,maturity,0.0,False
2025-04-28,consortium2_ELMED_10223718_management0_32768201,35.18,14.401501,15.420249,77.53156,70.200005,383,maturity,0.0,False
2025-04-29,consortium2_ELMED_10223718_management0_32768201,34.94842105263158,15.114,16.68275,69.70643,0.0,384,maturity,0.0,False
2025-04-30,consortium2_ELMED_10223718_management0_32768201,34.890625,15.772334,17.961916,63.73552,0.0,385,maturity,0.0,False
2025-05-01,consortium2_ELMED_10223718_management0_32768201,34.844791666666666,16.541082,18.843166,67.03079,2.6000001,386,maturity,0.0,False
2025-05-02,consortium2_ELMED_10223718_management0_32768201,34.8,17.105667,19.409834,68.4575,0.0,387,maturity,0.0,False
2025-05-03,consortium2_ELMED_10223718_management0_32768201,34.758947368421055,17.0765,19.249416,59.477375,0.0,388,maturity,0.0,False
2025-05-04,consortium2_ELMED_10223718_management0_32768201,34.72526315789474,15.947333,17.251501,72.466,221.0,389,maturity,0.0,False
2025-05-05,consortium2_ELMED_10223718_management0_32768201,34.68750000000001,15.528584,15.518167,84.62879,358.80002,390,maturity,0.0,False
2025-05-06,consortium2_ELMED_10223718_management0_32768201,34.64105263157895,14.418167,14.393167,84.0703,535.60004,391,maturity,0.0,False
2025-05-07,consortium2_ELMED_10223718_management0_32768201,34.590526315789475,13.622334,13.309834,89.7977,647.39996,392,maturity,0.0,False
2025-05-08,consortium2_ELMED_10223718_management0_32768201,34.72210526315789,13.026501,12.580667,85.41549,296.40002,393,maturity,0.0,False
2025-05-09,consortium2_ELMED_10223718_management0_32768201,34.96421052631579,13.9452505,13.526501,79.57996,210.59999,394,maturity,0.0,False
2025-05-10,consortium2_ELMED_10223718_management0_32768201,34.93125,14.036917,14.003582,78.07624,5.2000003,395,maturity,0.0,False
2025-05-11,consortium2_ELMED_10223718_management0_32768201,34.85263157894737,14.766084,15.453584,71.877914,0.0,396,maturity,0.0,False
2025-05-12,consortium2_ELMED_10223718_management0_32768201,34.80210526315789,15.493166,15.909832,73.680305,0.0,397,maturity,0.0,False
2025-05-13,consortium2_ELMED_10223718_management0_32768201,34.79684210526315,14.870251,14.847332,84.52101,257.4,398,maturity,0.0,False
2025-05-14,consortium2_ELMED_10223718_management0_32768201,34.719148936170214,14.855667,15.534832,77.38813,5.2000003,399,maturity,0.0,False
2025-05-15,consortium2_ELMED_10223718_management0_32768201,34.64270833333334,15.655665,16.603582,67.951996,0.0,400,maturity,0.0,False
2025-05-16,consortium2_ELMED_10223718_management0_32768201,34.550526315789476,14.516084,13.961916,57.57806,0.0,401,maturity,0.0,False
2025-05-17,consortium2_ELMED_10223718_management0_32768201,34.453763440860214,13.897334,13.949417,63.848206,2.6000001,402,maturity,0.0,False
2025-05-18,consortium2_ELMED_10223718_management0_32768201,34.35157894736842,14.093166,14.90775,70.1301,5.2000003,403,maturity,0.0,False
2025-05-19,consortium2_ELMED_10223718_management0_32768201,34.25052631578948,15.888999,17.030666,73.00825,20.800001,404,maturity,0.0,False
2025-05-20,consortium2_ELMED_10223718_management0_32768201,34.196808510638306,17.274416,17.04525,76.67926,7.8,405,maturity,0.0,False
2025-05-21,consortium2_ELMED_10223718_management0_32768201,34.1375,16.82025,16.572332,78.36235,46.800003,406,maturity,0.0,False
2025-05-22,consortium2_ELMED_10223718_management0_32768201,34.50851063829787,14.107749,14.03275,90.69967,629.19995,407,maturity,0.0,False
2025-05-23,consortium2_ELMED_10223718_management0_32768201,35.306315789473686,14.405665,14.364,69.30134,2.6000001,408,maturity,0.0,False
2025-05-24,consortium2_ELMED_10223718_management0_32768201,35.12291666666667,14.40775,13.780666,76.330185,36.4,409,maturity,0.0,False
2025-05-25,consortium2_ELMED_10223718_management0_32768201,34.956842105263156,15.013999,15.239,75.291275,0.0,410,maturity,0.0,False
2025-05-26,consortium2_ELMED_10223718_management0_32768201,34.8468085106383,16.172335,17.168167,75.03072,31.2,411,maturity,0.0,False
2025-05-27,consortium2_ELMED_10223718_management0_32768201,34.8,15.2515,15.899416,81.21834,122.2,412,maturity,0.0,False
2025-05-27,consortium2_ELMED_10223718_management0_32833738,34.79,15.2515,15.899416,81.21834,122.2,0,establishment,0.0,False
2025-05-28,consortium2_ELMED_10223718_management0_32833738,34.83894736842105,16.218168,17.45775,76.18318,0.0,1,establishment,0.0,False
2025-05-29,consortium2_ELMED_10223718_management0_32833738,34.83020833333333,17.286917,17.930666,65.92857,0.0,2,establishment,0.0,False
2025-05-30,consortium2_ELMED_10223718_management0_32833738,34.738297872340425,18.216084,19.88483,64.55572,0.0,3,establishment,0.0,False
2025-05-31,consortium2_ELMED_10223718_management0_32833738,34.612500000000004,19.503584,20.62025,73.809135,0.0,4,establishment,0.0,False
2025-06-01,consortium2_ELMED_10223718_management0_32833738,34.483333333333334,20.103584,21.38483,75.96186,54.6,5,establishment,0.0,False
2025-06-02,consortium2_ELMED_10223718_management0_32833738,34.34583333333333,20.289,20.486917,79.75924,23.400002,6,establishment,0.0,False
2025-06-03,consortium2_ELMED_10223718_management0_32833738,34.2378947368421,19.92025,20.599417,76.78479,44.2,7,establishment,0.0,False
2025-06-04,consortium2_ELMED_10223718_management0_32833738,34.135416666666664,19.35775,19.934834,78.57434,88.4,8,establishment,0.0,False
2025-06-05,consortium2_ELMED_10223718_management0_32833738,34.07157894736842,19.147333,19.318167,80.21052,127.4,9,establishment,0.0,False
2025-06-06,consortium2_ELMED_10223718_management0_32833738,33.95368421052631,19.828585,20.455667,78.00461,2.6000001,10,establishment,0.0,False
2025-06-07,consortium2_ELMED_10223718_management0_32833738,33.760416666666664,20.230665,21.28275,74.883514,15.6,11,establishment,0.0,False
2025-06-08,consortium2_ELMED_10223718_management0_32833738,33.46947368421053,21.043165,21.518167,77.73103,28.6,12,establishment,0.0,False
2025-06-09,consortium2_ELMED_10223718_management0_32833738,33.166666666666664,20.986917,21.584831,57.960022,0.0,13,establishment,0.0,False
2025-06-10,consortium2_ELMED_10223718_management0_32833738,32.82526315789474,21.549417,21.828583,68.26961,0.0,14,establishment,0.0,False
2025-06-11,consortium2_ELMED_10223718_management0_32833738,32.44947368421053,22.83275,24.1765,62.602016,7.8,15,vegetative,0.0,False
2025-06-12,consortium2_ELMED_10223718_management0_32833738,32.01894736842105,24.249418,25.15775,59.18206,0.0,16,vegetative,0.0,False
2025-06-13,consortium2_ELMED_10223718_management0_32833738,31.57604166666667,25.141083,26.328583,59.50858,0.0,17,vegetative,0.0,False
2025-06-14,consortium2_ELMED_10223718_management0_32833738,31.153684210526315,25.764,26.691084,63.803326,20.800001,18,vegetative,0.0,False
2025-06-15,consortium2_ELMED_10223718_management0_32833738,30.828421052631576,25.943167,26.659834,56.396423,15.6,19,vegetative,0.0,False
2025-06-16,consortium2_ELMED_10223718_management0_32833738,30.607446808510637,23.859833,22.7015,66.68965,13.0,20,vegetative,0.0,False
2025-06-17,consortium2_ELMED_10223718_management0_32833738,30.786315789473683,23.647331,23.007751,51.450768,23.400002,21,vegetative,0.0,False
2025-06-18,consortium2_ELMED_10223718_management0_32833738,30.84526315789474,24.749418,24.830667,53.697247,0.0,22,vegetative,0.0,False
2025-06-19,consortium2_ELMED_10223718_management0_32833738,31.253125,25.678581,26.1265,58.871883,15.6,23,vegetative,0.0,False
2025-06-20,consortium2_ELMED_10223718_management0_32833738,31.170833333333334,25.993166,26.0765,58.466537,52.0,24,vegetative,0.0,False
2025-06-21,consortium2_ELMED_10223718_management0_32833738,31.208333333333332,25.364,24.9515,60.432247,26.0,25,vegetative,0.0,False
2025-06-22,consortium2_ELMED_10223718_management0_32833738,31.084374999999998,25.60775,25.324415,60.915096,0.0,26,vegetative,0.0,False
2025-06-23,consortium2_ELMED_10223718_management0_32833738,30.849999999999998,26.272331,26.861917,52.623653,0.0,27,vegetative,0.0,False
2025-06-24,consortium2_ELMED_10223718_management0_32833738,30.74736842105263,26.653582,26.9515,56.959183,0.0,28,vegetative,0.0,False
2025-06-25,consortium2_ELMED_10223718_management0_32833738,30.50421052631579,27.39525,27.724417,61.72908,28.6,29,vegetative,0.0,False
2025-06-26,consortium2_ELMED_10223718_management0_32833738,30.142553191489363,27.255667,26.484833,67.837105,62.4,30,vegetative,0.0,False
2025-06-27,consortium2_ELMED_10223718_management0_32833738,29.845744680851062,27.059832,26.655668,53.911026,0.0,31,vegetative,0.0,False
2025-06-28,consortium2_ELMED_10223718_management0_32833738,29.5625,28.272331,28.807749,47.96421,0.0,32,vegetative,0.0,False
2025-06-29,consortium2_ELMED_10223718_management0_32833738,29.278947368421054,28.614,29.097334,52.452713,0.0,33,vegetative,0.0,False
2025-06-30,consortium2_ELMED_10223718_management0_32833738,29.113978494623655,28.189,28.143166,56.542564,49.399998,34,vegetative,0.0,False
2025-07-01,consortium2_ELMED_10223718_management0_32833738,29.09263157894737,27.838999,27.503584,52.2856,2.6000001,35,vegetative,0.0,False
2025-07-02,consortium2_ELMED_10223718_management0_32833738,29.173684210526314,26.03275,26.709831,57.544086,2.6000001,36,vegetative,0.0,False
2025-07-03,consortium2_ELMED_10223718_management0_32833738,29.194680851063833,25.364,26.870249,58.31134,0.0,37,vegetative,0.0,False
2025-07-04,consortium2_ELMED_10223718_management0_32833738,29.241666666666664,25.536917,26.999418,57.569588,2.6000001,38,vegetative,0.0,False
2025-07-05,consortium2_ELMED_10223718_management0_32833738,31.504166666666666,25.222334,24.968168,65.98424,7.8,39,vegetative,0.0,False
2025-07-06,consortium2_ELMED_10223718_management0_32833738,31.936559139784944,23.016083,22.164001,77.13195,169.0,40,vegetative,0.0,False
2025-07-07,consortium2_ELMED_10223718_management0_32833738,33.438541666666666,22.543165,21.799417,76.00555,390.0,41,vegetative,0.0,False
2025-07-08,consortium2_ELMED_10223718_management0_32833738,33.48947368421052,18.891085,16.95775,76.38483,208.0,42,vegetative,0.0,False
2025-07-09,consortium2_ELMED_10223718_management0_32833738,33.51063829787234,18.491083,18.472334,55.227455,0.0,43,vegetative,0.0,False
2025-07-10,consortium2_ELMED_10223718_management0_32833738,33.297916666666666,20.124418,20.47025,48.523357,0.0,44,vegetative,0.0,False
2025-07-11,consortium2_ELMED_10223718_management0_32833738,32.83958333333333,20.930666,20.59525,61.519405,54.6,45,flowering,0.0,False
2025-07-12,consortium2_ELMED_10223718_management0_32833738,32.42526315789474,21.203585,20.972334,67.294716,114.4,46,flowering,0.0,False
2025-07-13,consortium2_ELMED_10223718_management0_32833738,32.08526315789474,22.424417,21.872335,72.09059,83.200005,47,flowering,0.0,False
2025-07-14,consortium2_ELMED_10223718_management0_32833738,31.757894736842104,23.243166,22.843168,70.11319,26.0,48,flowering,0.0,False
2025-07-15,consortium2_ELMED_10223718_management0_32833738,31.335416666666664,24.28275,24.599417,65.16203,0.0,49,flowering,0.0,False
2025-07-16,consortium2_ELMED_10223718_management0_32833738,30.871875,24.093168,23.253584,70.69296,52.0,50,flowering,0.0,False
2025-07-17,consortium2_ELMED_10223718_management0_32833738,30.482105263157898,24.378584,23.2515,57.56984,0.0,51,flowering,0.0,False
2025-07-18,consortium2_ELMED_10223718_management0_32833738,29.990624999999998,24.603584,24.178581,56.252357,0.0,52,flowering,0.0,False
2025-07-19,consortium2_ELMED_10223718_management0_32833738,29.723958333333332,24.830667,24.666084,61.79949,13.0,53,flowering,0.0,False
2025-07-20,consortium2_ELMED_10223718_management0_32833738,29.610526315789475,25.686918,25.32025,63.274246,36.399998,54,flowering,0.0,False
2025-07-21,consortium2_ELMED_10223718_management0_32833738,29.55263157894737,23.59525,22.897331,76.12629,546.0,55,flowering,0.0,False
2025-07-22,consortium2_ELMED_10223718_management0_32833738,32.012631578947364,23.561918,23.8765,61.315514,5.2000003,56,flowering,0.0,False
2025-07-23,consortium2_ELMED_10223718_management0_32833738,32.29569892473118,24.484833,23.976501,66.38381,93.6,57,flowering,0.0,False
2025-07-24,consortium2_ELMED_10223718_management0_32833738,32.71808510638298,23.166084,22.709831,68.85121,75.4,58,flowering,0.0,False
2025-07-25,consortium2_ELMED_10223718_management0_32833738,34.22105263157895,20.797335,20.505667,73.35492,143.0,59,flowering,0.0,False
2025-07-26,consortium2_ELMED_10223718_management0_32833738,34.22315789473684,20.4015,19.7515,78.0396,114.4,60,flowering,0.0,False
2025-07-27,consortium2_ELMED_10223718_management0_32833738,34.014736842105265,21.28275,21.709831,62.457825,0.0,61,flowering,0.0,False
2025-07-28,consortium2_ELMED_10223718_management0_32833738,33.86774193548387,19.91608,19.316084,74.76586,59.8,62,flowering,0.0,False
2025-07-29,consortium2_ELMED_10223718_management0_32833738,33.6752688172043,22.09525,21.593168,49.171597,0.0,63,flowering,0.0,False
2025-07-30,consortium2_ELMED_10223718_management0_32833738,33.41086956521739,20.843166,19.914,66.626434,26.0,64,flowering,0.0,False
2025-07-31,consortium2_ELMED_10223718_management0_32833738,33.161702127659574,21.891083,20.90775,67.27571,2.6000001,65,flowering,0.0,False
2025-08-01,consortium2_ELMED_10223718_management0_32833738,33.0,21.5765,20.430666,75.69997,59.8,66,flowering,0.0,False
2025-08-02,consortium2_ELMED_10223718_management0_32833738,33.934375,18.668167,18.20775,84.457,327.6,67,flowering,0.0,False
2025-08-03,consortium2_ELMED_10223718_management0_32833738,35.1,18.868166,19.536917,63.366783,7.8,68,flowering,0.0,False
2025-08-04,consortium2_ELMED_10223718_management0_32833738,34.71551724137931,19.539,20.32025,66.05547,0.0,69,flowering,0.0,False
2025-08-05,consortium2_ELMED_10223718_management0_32833738,34.58617021276596,21.203585,22.647331,69.09941,0.0,70,maturity,0.0,False
2025-08-06,consortium2_ELMED_10223718_management0_32833738,34.43578947368421,22.111916,22.366081,74.89145,80.600006,71,maturity,0.0,False
2025-08-07,consortium2_ELMED_10223718_management0_32833738,34.276595744680854,22.6765,22.64525,73.936066,0.0,72,maturity,0.0,False
2025-08-08,consortium2_ELMED_10223718_management0_32833738,34.05531914893617,24.611916,25.218168,67.14283,0.0,73,maturity,0.0,False
2025-08-09,consortium2_ELMED_10223718_management0_32833738,33.769892473118276,26.424417,27.73275,59.67108,0.0,74,maturity,0.0,False
2025-08-10,consortium2_ELMED_10223718_management0_32833738,33.437894736842104,27.484833,29.33275,52.171814,0.0,75,maturity,0.0,False
2025-08-11,consortium2_ELMED_10223718_management0_32833738,33.02065217391304,27.418165,28.84525,52.380672,36.399998,76,maturity,0.0,False
2025-08-12,consortium2_ELMED_10223718_management0_32833738,32.586666666666666,27.441084,28.39525,57.26894,7.8,77,maturity,0.0,False
2025-08-13,consortium2_ELMED_10223718_management0_32833738,32.169892473118274,27.441084,28.624418,58.069805,0.0,78,maturity,0.0,False
2025-08-14,consortium2_ELMED_10223718_management0_32833738,31.798936170212766,27.10775,27.747335,56.36188,0.0,79,maturity,0.0,False
2025-08-15,consortium2_ELMED_10223718_management0_32833738,31.34731182795699,26.936918,27.29525,51.525597,0.0,80,maturity,0.0,False
2025-08-16,consortium2_ELMED_10223718_management0_32833738,31.16105263157895,26.382751,26.811918,49.489395,0.0,81,maturity,0.0,False
2025-08-17,consortium2_ELMED_10223718_management0_32833738,35.35913978494624,25.351501,25.90775,48.075317,0.0,82,maturity,0.0,False
2025-08-18,consortium2_ELMED_10223718_management0_32833738,34.37872340425532,24.314,24.261915,61.4866,41.600002,83,maturity,0.0,False
2025-08-19,consortium2_ELMED_10223718_management0_32833738,33.740425531914894,24.786917,24.049417,66.55403,176.79999,84,maturity,0.0,False
2025-08-20,consortium2_ELMED_10223718_management0_32833738,33.21145833333333,22.424417,21.491081,79.83866,119.6,85,maturity,0.0,False
2025-08-21,consortium2_ELMED_10223718_management0_32833738,32.938541666666666,20.753584,19.74525,83.375626,145.59999,86,maturity,0.0,False
2025-08-22,consortium2_ELMED_10223718_management0_32833738,32.61808510638298,21.47025,21.305666,72.5888,96.2,87,maturity,0.0,False
2025-08-23,consortium2_ELMED_10223718_management0_32833738,32.19787234042553,20.391085,19.589,79.2553,65.0,88,maturity,0.0,False
2025-08-24,consortium2_ELMED_10223718_management0_32833738,31.77127659574468,20.034834,19.82025,69.19201,15.6,89,maturity,0.0,False
2025-08-25,consortium2_ELMED_10223718_management0_32833738,31.529729729729727,20.584831,20.772331,68.65785,0.0,90,maturity,0.0,False
2024-04-10,consortium2_ELMED_10223718_management2_32768201,0.0,11.895249,10.511917,75.46327,327.6,0,establishment,0.0,False
2024-04-11,consortium2_ELMED_10223718_management2_32768201,0.0,13.430666,15.409832,67.81529,0.0,1,establishment,0.0,False
2024-04-12,consortium2_ELMED_10223718_management2_32768201,0.0,14.984834,17.999416,72.13256,0.0,2,establishment,0.0,False
2024-04-13,consortium2_ELMED_10223718_management2_32768201,0.0,16.289,19.30775,69.74604,0.0,3,establishment,0.0,False
2024-04-14,consortium2_ELMED_10223718_management2_32768201,0.0,17.166084,19.924417,73.11006,0.0,4,establishment,0.0,False
2024-04-15,consortium2_ELMED_10223718_management2_32768201,0.0,17.0265,17.943167,74.252556,0.0,5,establishment,0.0,False
2024-04-16,consortium2_ELMED_10223718_management2_32768201,0.0,15.138999,14.709834,53.01589,10.400001,6,establishment,0.0,False
2024-04-17,consortium2_ELMED_10223718_management2_32768201,0.0,11.7515,10.043167,56.721645,10.400001,7,establishment,0.0,False
2024-04-18,consortium2_ELMED_10223718_management2_32768201,0.0,10.328584,9.049417,53.65129,0.0,8,establishment,0.0,False
2024-04-19,consortium2_ELMED_10223718_management2_32768201,10.038387096774194,9.516084,9.439,49.192142,0.0,9,establishment,0.0,False
2024-04-20,consortium2_ELMED_10223718_management2_32768201,9.536736842105263,10.395249,9.861917,46.88953,0.0,10,establishment,0.0,False
2024-04-21,consortium2_ELMED_10223718_management2_32768201,9.603052631578947,9.716084,8.328584,53.531967,31.2,11,establishment,0.0,False
2024-04-22,consortium2_ELMED_10223718_management2_32768201,9.514105263157894,7.2139997,5.403583,90.4664,275.6,12,establishment,0.0,False
2024-04-23,consortium2_ELMED_10223718_management2_32768201,9.76336842105263,7.72025,7.0389996,81.686775,309.4,13,establishment,0.0,False
2024-04-24,consortium2_ELMED_10223718_management2_32768201,9.6384375,8.253583,8.366083,70.74739,52.0,14,establishment,0.0,False
2024-04-25,consortium2_ELMED_10223718_management2_32768201,9.382526315789473,8.795251,7.9119167,69.542305,0.0,15,vegetative,0.0,False
2024-04-26,consortium2_ELMED_10223718_management2_32768201,9.315425531914894,10.201501,9.670249,68.867516,0.0,16,vegetative,0.0,False
2024-04-27,consortium2_ELMED_10223718_management2_32768201,9.296382978723404,11.955667,11.955667,71.15626,10.400001,17,vegetative,0.0,False
2024-04-28,consortium2_ELMED_10223718_management2_32768201,9.291894736842105,13.343166,14.055666,73.27902,0.0,18,vegetative,0.0,False
2024-04-29,consortium2_ELMED_10223718_management2_32768201,9.265578947368422,14.593165,16.886917,63.26801,0.0,19,vegetative,0.0,False
2024-04-30,consortium2_ELMED_10223718_management2_32768201,9.246041666666667,16.18275,19.068167,56.01221,0.0,20,vegetative,0.0,False
2024-05-01,consortium2_ELMED_10223718_management2_32768201,9.259263157894736,16.339,17.014,69.56792,153.40001,21,vegetative,0.0,False
2024-05-02,consortium2_ELMED_10223718_management2_32768201,9.362315789473683,13.689,13.543167,85.2129,598.0,22,vegetative,0.0,False
2024-05-03,consortium2_ELMED_10223718_management2_32768201,10.617894736842105,12.839001,12.541083,80.79367,59.800003,23,vegetative,0.0,False
2024-05-04,consortium2_ELMED_10223718_management2_32768201,10.88404255319149,14.176499,15.259833,70.45568,33.800003,24,vegetative,0.0,False
2024-05-05,consortium2_ELMED_10223718_management2_32768201,10.945744680851066,14.943167,16.4015,67.49838,0.0,25,vegetative,0.0,False
2024-05-06,consortium2_ELMED_10223718_management2_32768201,10.848421052631581,14.90775,15.155666,73.87745,18.199999,26,vegetative,0.0,False
2024-05-07,consortium2_ELMED_10223718_management2_32768201,10.795652173913044,14.0390005,14.253582,81.80956,122.2,27,vegetative,0.0,False
2024-05-08,consortium2_ELMED_10223718_management2_32768201,10.739784946236558,14.899416,15.4452505,77.52031,23.4,28,vegetative,0.0,False
2024-05-09,consortium2_ELMED_10223718_management2_32768201,10.663440860215053,15.959834,17.372334,67.06972,0.0,29,vegetative,0.0,False
2024-05-10,consortium2_ELMED_10223718_management2_32768201,10.620212765957445,16.791082,17.543167,70.13765,39.0,30,vegetative,0.0,False
2024-05-11,consortium2_ELMED_10223718_management2_32768201,10.596666666666666,16.993166,17.955667,68.74517,2.6000001,31,vegetative,0.0,False
2024-05-12,consortium2_ELMED_10223718_management2_32768201,10.52872340425532,17.236917,18.234835,70.2493,10.400001,32,vegetative,0.0,False
2024-05-13,consortium2_ELMED_10223718_management2_32768201,10.457777777777778,17.153584,17.032751,76.14508,153.40001,33,vegetative,0.0,False
2024-05-14,consortium2_ELMED_10223718_management2_32768201,10.382222222222223,17.103584,16.889,72.13201,10.400001,34,vegetative,0.0,False
2024-05-15,consortium2_ELMED_10223718_management2_32768201,10.456666666666667,15.418167,15.08275,87.55915,933.4,35,vegetative,0.0,False
2024-05-16,consortium2_ELMED_10223718_management2_32768201,14.702127659574469,15.6265,15.53275,77.62039,369.19998,36,vegetative,0.0,False
2024-05-17,consortium2_ELMED_10223718_management2_32768201,14.776041666666666,15.724417,15.739,72.49202,62.4,37,vegetative,0.0,False
2024-05-18,consortium2_ELMED_10223718_management2_32768201,13.470526315789474,15.899416,16.418167,67.767265,0.0,38,vegetative,0.0,False
2024-05-19,consortium2_ELMED_10223718_management2_32768201,12.053932584269662,16.697334,17.516085,67.01942,5.2000003,39,vegetative,0.0,False
2024-05-20,consortium2_ELMED_10223718_management2_32768201,11.708421052631579,17.64525,17.845251,76.75508,109.2,40,vegetative,0.0,False
2024-05-21,consortium2_ELMED_10223718_management2_32768201,13.394680851063828,15.7890005,15.439,88.20541,1632.7999,41,vegetative,0.0,False
2024-05-22,consortium2_ELMED_10223718_management2_32768201,14.290425531914893,16.782751,16.64525,77.98248,20.800001,42,vegetative,0.0,False
2024-05-23,consortium2_ELMED_10223718_management2_32768201,14.347368421052632,16.211916,16.186916,75.993866,200.20001,43,vegetative,0.0,False
2024-05-24,consortium2_ELMED_10223718_management2_32768201,14.011827956989247,16.249418,16.218168,71.342,15.6,44,vegetative,0.0,False
2024-05-25,consortium2_ELMED_10223718_management2_32768201,13.440860215053764,16.6015,16.003582,73.70208,218.4,45,flowering,0.0,False
2024-05-26,consortium2_ELMED_10223718_management2_32768201,13.490425531914893,16.909834,17.809834,69.42464,0.0,46,flowering,0.0,False
2024-05-27,consortium2_ELMED_10223718_management2_32768201,12.620000000000001,18.430666,19.847334,63.29588,2.6000001,47,flowering,0.0,False
2024-05-28,consortium2_ELMED_10223718_management2_32768201,12.824468085106384,18.157751,18.647333,69.46917,13.0,48,flowering,0.0,False
2024-05-29,consortium2_ELMED_10223718_management2_32768201,12.706249999999999,18.155668,18.141085,71.15569,20.800001,49,flowering,0.0,False
2024-05-30,consortium2_ELMED_10223718_management2_32768201,12.45268817204301,17.657751,17.222334,83.42728,215.8,50,flowering,0.0,False
2024-05-31,consortium2_ELMED_10223718_management2_32768201,13.86413043478261,15.547334,14.872334,75.189285,501.8,51,flowering,0.0,False
2024-06-01,consortium2_ELMED_10223718_management2_32768201,13.956382978723406,15.716084,16.20775,73.337105,26.0,52,flowering,0.0,False
2024-06-02,consortium2_ELMED_10223718_management2_32768201,12.875824175824176,17.67025,18.37025,72.62232,7.8,53,flowering,0.0,False
2024-06-03,consortium2_ELMED_10223718_management2_32768201,12.605376344086022,17.424417,17.968168,72.227715,26.0,54,flowering,0.0,False
2024-06-04,consortium2_ELMED_10223718_management2_32768201,12.491489361702127,18.161917,19.064001,71.25424,15.6,55,flowering,0.0,False
2024-06-05,consortium2_ELMED_10223718_management2_32768201,12.340860215053764,19.030668,19.549417,77.02461,18.2,56,flowering,0.0,False
2024-06-06,consortium2_ELMED_10223718_management2_32768201,12.173913043478262,20.497334,20.743166,77.928055,5.2000003,57,flowering,0.0,False
2024-06-07,consortium2_ELMED_10223718_management2_32768201,11.946153846153845,21.272331,21.705667,80.18017,0.0,58,flowering,0.0,False
2024-06-08,consortium2_ELMED_10223718_management2_32768201,11.843010752688173,21.759834,22.403585,79.78099,39.0,59,flowering,0.0,False
2024-06-09,consortium2_ELMED_10223718_management2_32768201,11.804301075268818,21.628584,22.230665,77.0667,91.0,60,flowering,0.0,False
2024-06-10,consortium2_ELMED_10223718_management2_32768201,11.880219780219782,21.247334,20.649416,79.09361,358.80002,61,flowering,0.0,False
2024-06-11,consortium2_ELMED_10223718_management2_32768201,11.95531914893617,19.58275,18.766085,82.25438,475.8,62,flowering,0.0,False
2024-06-12,consortium2_ELMED_10223718_management2_32768201,14.657142857142857,18.568167,17.397333,72.48761,91.0,63,flowering,0.0,False
2024-06-13,consortium2_ELMED_10223718_management2_32768201,14.35632183908046,17.859835,17.039,68.07742,23.4,64,flowering,0.0,False
2024-06-14,consortium2_ELMED_10223718_management2_32768201,13.420879120879121,18.157751,17.75775,73.66151,0.0,65,flowering,0.0,False
2024-06-15,consortium2_ELMED_10223718_management2_32768201,13.169230769230767,17.984835,18.001501,77.45243,5.2000003,66,flowering,0.0,False
2024-06-16,consortium2_ELMED_10223718_management2_32768201,14.455681818181818,19.2265,19.993166,74.24892,39.0,67,flowering,0.0,False
2024-06-17,consortium2_ELMED_10223718_management2_32768201,13.434831460674157,20.368166,21.053581,74.71422,0.0,68,flowering,0.0,False
2024-06-18,consortium2_ELMED_10223718_management2_32768201,13.174999999999999,21.359835,23.036917,67.8474,0.0,69,flowering,0.0,False
2024-06-19,consortium2_ELMED_10223718_management2_32768201,12.957954545454545,22.659834,24.224417,68.561745,0.0,70,maturity,0.0,False
2024-06-20,consortium2_ELMED_10223718_management2_32768201,12.83932584269663,23.382751,25.789001,67.07863,2.6000001,71,maturity,0.0,False
2024-06-21,consortium2_ELMED_10223718_management2_32768201,13.441975308641975,23.514,23.934832,75.13976,309.40002,72,maturity,0.0,False
2024-06-22,consortium2_ELMED_10223718_management2_32768201,16.64390243902439,22.084831,22.416084,71.78316,106.6,73,maturity,0.0,False
2024-06-23,consortium2_ELMED_10223718_management2_32768201,20.73855421686747,19.141085,18.13275,84.27135,764.39996,74,maturity,0.0,False
2024-06-24,consortium2_ELMED_10223718_management2_32768201,20.36904761904762,20.309834,21.2515,73.86085,145.59999,75,maturity,0.0,False
2024-06-25,consortium2_ELMED_10223718_management2_32768201,18.267441860465116,20.816084,20.561916,82.042725,283.4,76,maturity,0.0,False
2024-06-26,consortium2_ELMED_10223718_management2_32768201,20.32696629213483,21.041084,21.084831,75.05827,182.0,77,maturity,0.0,False
2024-06-27,consortium2_ELMED_10223718_management2_32768201,18.625,21.739,23.193167,70.98959,0.0,78,maturity,0.0,False
2024-06-28,consortium2_ELMED_10223718_management2_32768201,17.232967032967032,23.484833,24.649416,75.13536,0.0,79,maturity,0.0,False
2024-06-29,consortium2_ELMED_10223718_management2_32768201,16.8875,23.930666,24.580667,80.47352,166.40001,80,maturity,0.0,False
2024-06-30,consortium2_ELMED_10223718_management2_32768201,16.615384615384617,24.086916,23.855665,71.53737,31.2,81,maturity,0.0,False
2024-07-01,consortium2_ELMED_10223718_management2_32768201,16.356410256410257,22.164001,21.311916,78.87017,80.600006,82,maturity,0.0,False
2024-07-02,consortium2_ELMED_10223718_management2_32768201,16.22716049382716,21.359835,21.153584,69.35841,96.200005,83,maturity,0.0,False
2024-07-03,consortium2_ELMED_10223718_management2_32768201,16.05,19.4765,19.022333,77.337234,169.0,84,maturity,0.0,False
2024-07-04,consortium2_ELMED_10223718_management2_32768201,16.08021978021978,19.83275,19.603582,74.163414,0.0,85,maturity,0.0,False
2024-07-05,consortium2_ELMED_10223718_management2_32768201,16.20449438202247,21.024416,21.391083,74.712456,0.0,86,maturity,0.0,False
2024-07-06,consortium2_ELMED_10223718_management2_32768201,16.2,22.664001,23.064,71.07277,23.400002,87,maturity,0.0,False
2024-07-07,consortium2_ELMED_10223718_management2_32768201,16.27857142857143,21.949415,22.105665,79.63127,829.39996,88,maturity,0.0,False
2024-07-08,consortium2_ELMED_10223718_management2_32768201,20.354945054945055,23.055666,23.584831,73.35066,10.400001,89,maturity,0.0,False
2024-07-09,consortium2_ELMED_10223718_management2_32768201,18.632978723404257,23.8265,25.44525,69.58119,10.400001,90,maturity,0.0,False
2024-07-10,consortium2_ELMED_10223718_management2_32768201,18.154444444444444,24.5015,26.493166,66.012726,0.0,91,maturity,0.0,False
2024-07-11,consortium2_ELMED_10223718_management2_32768201,17.27204301075269,25.143167,26.974417,65.50013,0.0,92,maturity,0.0,False
2024-07-12,consortium2_ELMED_10223718_management2_32768201,16.747311827956988,24.186918,24.0515,79.02185,163.8,93,maturity,0.0,False
2024-07-13,consortium2_ELMED_10223718_management2_32768201,16.559782608695652,23.3265,24.159834,67.34814,0.0,94,maturity,0.0,False
2024-07-14,consortium2_ELMED_10223718_management2_32768201,16.346153846153847,23.664001,24.639,65.721245,0.0,95,maturity,0.0,False
2024-07-15,consortium2_ELMED_10223718_management2_32768201,16.123655913978496,24.143166,25.514,66.60703,0.0,96,maturity,0.0,False
2024-07-16,consortium2_ELMED_10223718_management2_32768201,15.869230769230768,24.95775,26.441084,66.02828,0.0,97,maturity,0.0,False
2024-07-17,consortium2_ELMED_10223718_management2_32768201,15.588172043010752,25.228584,26.389,68.87684,44.2,98,maturity,0.0,False
2024-07-18,consortium2_ELMED_10223718_management2_32768201,15.26153846153846,25.153585,26.584831,67.256905,49.399998,99,maturity,0.0,False
2024-07-19,consortium2_ELMED_10223718_management2_32768201,15.22340425531915,25.47025,26.230665,72.44958,124.8,100,maturity,0.0,False
2024-07-20,consortium2_ELMED_10223718_management2_32768201,16.15157894736842,24.605665,24.564,64.61176,0.0,101,maturity,0.0,False
2024-07-21,consortium2_ELMED_10223718_management2_32768201,16.217582417582417,24.564,24.7265,73.66808,65.0,102,maturity,0.0,False
2024-07-22,consortium2_ELMED_10223718_management2_32768201,16.02173913043478,25.73275,26.34525,62.77625,7.8,103,maturity,0.0,False
2024-07-23,consortium2_ELMED_10223718_management2_32768201,15.894680851063832,24.441084,24.878584,71.13516,109.2,104,maturity,0.0,False
2024-07-24,consortium2_ELMED_10223718_management2_32768201,15.955813953488372,24.651499,24.695251,69.97806,0.0,105,maturity,0.0,False
2024-07-25,consortium2_ELMED_10223718_management2_32768201,15.858241758241757,24.053581,24.184835,69.2603,36.399998,106,maturity,0.0,False
2024-07-26,consortium2_ELMED_10223718_management2_32768201,15.48,25.203583,25.60775,67.67721,0.0,107,maturity,0.0,False
2024-07-27,consortium2_ELMED_10223718_management2_32768201,14.996666666666668,25.922333,26.441084,65.67684,5.2000003,108,maturity,0.0,False
2024-07-28,consortium2_ELMED_10223718_management2_32768201,14.468478260869563,26.455667,26.682749,70.4308,0.0,109,maturity,0.0,False
2024-07-29,consortium2_ELMED_10223718_management2_32768201,14.315294117647058,25.9515,26.074415,74.92806,49.4,110,maturity,0.0,False
2024-07-30,consortium2_ELMED_10223718_management2_32768201,14.218181818181819,25.980665,26.32025,73.08953,0.0,111,maturity,0.0,False
2024-07-31,consortium2_ELMED_10223718_management2_32768201,14.028735632183908,26.503584,26.976501,73.71618,2.6000001,112,maturity,0.0,False
2024-08-01,consortium2_ELMED_10223718_management2_32768201,13.913095238095238,26.861917,26.068167,75.65312,20.800001,113,maturity,0.0,False
2024-08-02,consortium2_ELMED_10223718_management2_32768201,14.06195652173913,25.35775,25.03275,70.748116,0.0,114,maturity,0.0,False
2024-08-03,consortium2_ELMED_10223718_management2_32768201,14.197727272727274,25.184835,25.597334,62.072876,10.400001,115,maturity,0.0,False
2024-08-04,consortium2_ELMED_10223718_management2_32768201,14.39404761904762,24.834835,24.266083,68.93048,109.2,116,maturity,0.0,False
2024-08-05,consortium2_ELMED_10223718_management2_32768201,14.77816091954023,25.474417,25.605665,67.18161,31.2,117,maturity,0.0,False
2024-08-06,consortium2_ELMED_10223718_management2_32768201,15.07710843373494,25.211916,24.972334,76.3618,59.8,118,maturity,0.0,False
2024-08-07,consortium2_ELMED_10223718_management2_32768201,15.335802469135803,24.976501,24.474417,74.7009,135.2,119,maturity,0.0,False
2024-08-08,consortium2_ELMED_10223718_management2_32768201,15.804878048780488,24.561918,25.449415,61.075493,0.0,120,maturity,0.0,False
2024-08-09,consortium2_ELMED_10223718_management2_32768201,15.967441860465117,25.757751,26.3265,67.93427,7.8,121,maturity,0.0,False
2024-08-10,consortium2_ELMED_10223718_management2_32768201,15.849425287356324,26.843168,27.570251,68.23882,10.400001,122,maturity,0.0,False
2024-08-11,consortium2_ELMED_10223718_management2_32768201,15.523170731707317,27.822334,28.074415,69.45987,5.2000003,123,maturity,0.0,False
2024-08-12,consortium2_ELMED_10223718_management2_32768201,15.236470588235292,27.8765,28.54525,62.44385,0.0,124,maturity,0.0,False
2024-08-13,consortium2_ELMED_10223718_management2_32768201,14.856097560975611,27.499418,27.568167,62.892258,0.0,125,maturity,0.0,False
2024-08-14,consortium2_ELMED_10223718_management2_32768201,14.779310344827586,27.586916,27.95775,53.69315,0.0,126,maturity,0.0,False
2024-08-15,consortium2_ELMED_10223718_management2_32768201,14.918888888888889,26.222334,26.6765,59.716854,0.0,127,maturity,0.0,False
2024-08-16,consortium2_ELMED_10223718_management2_32768201,15.243956043956045,26.7515,27.08275,59.273308,2.6000001,128,maturity,0.0,False
2024-08-17,consortium2_ELMED_10223718_management2_32768201,15.419767441860465,26.699415,26.343168,59.298016,26.0,129,maturity,0.0,False
2024-08-18,consortium2_ELMED_10223718_management2_32768201,15.673913043478262,23.443167,22.818167,75.13771,104.0,130,maturity,0.0,False
2024-08-19,consortium2_ELMED_10223718_management2_32768201,15.911494252873563,22.841082,23.120249,72.800545,98.799995,131,maturity,0.0,False
2024-08-20,consortium2_ELMED_10223718_management2_32768201,16.507865168539325,23.630667,24.818167,68.97525,70.2,132,maturity,0.0,False
2024-08-21,consortium2_ELMED_10223718_management2_32768201,17.11190476190476,24.934835,25.984833,62.952152,15.6,133,maturity,0.0,False
2024-08-22,consortium2_ELMED_10223718_management2_32768201,17.096551724137928,24.641083,24.609833,68.339424,33.800003,134,maturity,0.0,False
2024-08-23,consortium2_ELMED_10223718_management2_32768201,16.934444444444445,24.993166,25.543165,69.39071,28.6,135,maturity,0.0,False
2024-08-24,consortium2_ELMED_10223718_management2_32768201,16.584269662921347,25.866081,26.384834,64.86549,5.2000003,136,maturity,0.0,False
2024-08-25,consortium2_ELMED_10223718_management2_32768201,16.19887640449438,26.053581,26.605665,61.70794,7.8,137,maturity,0.0,False
2024-08-26,consortium2_ELMED_10223718_management2_32768201,15.875581395348837,25.218168,25.647331,58.355778,5.2000003,138,maturity,0.0,False
2024-08-27,consortium2_ELMED_10223718_management2_32768201,15.608988764044945,24.105665,24.2515,63.31051,5.2000003,139,maturity,0.0,False
2024-08-28,consortium2_ELMED_10223718_management2_32768201,15.382352941176471,24.29525,24.764,65.86165,0.0,140,maturity,0.0,False
2024-08-29,consortium2_ELMED_10223718_management2_32768201,15.124637681159422,25.168165,26.58275,55.856804,0.0,141,maturity,0.0,False
2024-08-30,consortium2_ELMED_10223718_management2_32768201,14.864367816091955,25.432749,26.83275,55.186928,0.0,142,maturity,0.0,False
2024-08-31,consortium2_ELMED_10223718_management2_32768201,14.608695652173912,25.514,26.774416,61.56284,15.6,143,maturity,0.0,False
2024-09-01,consortium2_ELMED_10223718_management2_32768201,14.398913043478261,25.022331,25.405668,62.80173,0.0,144,maturity,0.0,False
2024-09-02,consortium2_ELMED_10223718_management2_32768201,14.26304347826087,24.572334,25.468168,53.85308,2.6000001,145,maturity,0.0,False
2024-09-03,consortium2_ELMED_10223718_management2_32768201,14.193617021276596,23.972334,23.780668,70.17066,7.8,146,maturity,0.0,False
2024-09-04,consortium2_ELMED_10223718_management2_32768201,14.091397849462366,23.755667,24.311918,62.63995,0.0,147,maturity,0.0,False
2024-09-05,consortium2_ELMED_10223718_management2_32768201,14.1,20.122334,20.29525,82.16009,1318.2001,148,maturity,0.0,False
2024-09-06,consortium2_ELMED_10223718_management2_32768201,14.115625,20.80775,20.784834,76.08647,18.2,149,maturity,0.0,False
2024-09-07,consortium2_ELMED_10223718_management2_32768201,14.263157894736842,21.636915,20.62025,79.43184,0.0,150,maturity,0.0,False
2024-09-08,consortium2_ELMED_10223718_management2_32768201,14.469473684210525,20.566084,20.684834,86.73955,798.2,151,maturity,0.0,False
2024-09-09,consortium2_ELMED_10223718_management2_32768201,16.04574468085106,20.65775,20.724417,70.60912,943.80005,152,maturity,0.0,False
2024-09-10,consortium2_ELMED_10223718_management2_32768201,18.59565217391304,19.682749,21.147331,57.667095,0.0,153,maturity,0.0,False
2024-09-11,consortium2_ELMED_10223718_management2_32768201,18.722826086956523,19.614,19.472334,77.257576,104.0,154,maturity,0.0,False
2024-09-12,consortium2_ELMED_10223718_management2_32768201,21.563440860215056,15.9452505,14.255667,76.76527,338.0,155,maturity,0.0,False
2024-09-13,consortium2_ELMED_10223718_management2_32768201,23.227659574468085,14.080667,12.991084,57.896267,5.2000003,156,maturity,0.0,False
2024-09-14,consortium2_ELMED_10223718_management2_32768201,21.98901098901099,14.572332,13.52025,52.241234,0.0,157,maturity,0.0,False
2024-09-15,consortium2_ELMED_10223718_management2_32768201,21.46595744680851,16.249418,15.453584,47.02787,0.0,158,maturity,0.0,False
2024-09-16,consortium2_ELMED_10223718_management2_32768201,21.03723404255319,15.980667,14.786917,59.373344,49.399998,159,maturity,0.0,False
2024-09-17,consortium2_ELMED_10223718_management2_32768201,20.742105263157896,15.861917,15.478583,64.699776,163.79999,160,maturity,0.0,False
2024-09-18,consortium2_ELMED_10223718_management2_32768201,20.50752688172043,15.178584,16.428583,66.20114,0.0,161,maturity,0.0,False
2024-09-19,consortium2_ELMED_10223718_management2_32768201,20.298936170212766,16.464,17.911917,60.69147,2.6000001,162,maturity,0.0,False
2024-09-20,consortium2_ELMED_10223718_management2_32768201,20.087500000000002,16.8515,17.9015,69.86715,18.199999,163,maturity,0.0,False
2024-09-21,consortium2_ELMED_10223718_management2_32768201,19.813978494623658,17.24525,18.016085,72.78811,31.199999,164,maturity,0.0,False
2024-09-22,consortium2_ELMED_10223718_management2_32768201,19.605555555555554,16.674417,17.668167,73.05492,0.0,165,maturity,0.0,False
2024-09-23,consortium2_ELMED_10223718_management2_32768201,19.43586956521739,16.897333,17.459833,77.748795,790.39996,166,maturity,0.0,False
2024-09-24,consortium2_ELMED_10223718_management2_32768201,19.43894736842105,16.978584,17.20775,76.314445,26.0,167,maturity,0.0,False
2024-09-25,consortium2_ELMED_10223718_management2_32768201,20.00957446808511,16.674417,15.761917,78.79125,0.0,168,maturity,0.0,False
2024-09-26,consortium2_ELMED_10223718_management2_32768201,20.439999999999998,16.903584,17.336916,84.07514,530.39996,169,maturity,0.0,False
2024-09-27,consortium2_ELMED_10223718_management2_32768201,24.07684210526316,18.259832,19.07025,82.169624,78.0,170,maturity,0.0,False
2024-09-28,consortium2_ELMED_10223718_management2_32768201,23.232978723404255,16.830667,15.9765005,69.93533,93.6,171,maturity,0.0,False
2024-09-29,consortium2_ELMED_10223718_management2_32768201,22.510752688172044,14.999416,14.793167,60.531773,0.0,172,maturity,0.0,False
2024-09-30,consortium2_ELMED_10223718_management2_32768201,22.171578947368424,15.418167,14.103582,79.6399,2.6000001,173,maturity,0.0,False
2024-10-01,consortium2_ELMED_10223718_management2_32768201,21.900000000000002,15.3015,14.6952505,84.62782,26.0,174,maturity,0.0,False
2024-10-02,consortium2_ELMED_10223718_management2_32768201,22.29222222222222,15.628582,16.003582,85.09973,561.60004,175,maturity,0.0,False
2024-10-03,consortium2_ELMED_10223718_management2_32768201,24.563043478260873,13.768167,13.111917,87.10962,436.8,176,maturity,0.0,False
2024-10-04,consortium2_ELMED_10223718_management2_32768201,26.7021978021978,12.641084,12.072332,76.9064,135.20001,177,maturity,0.0,False
2024-10-05,consortium2_ELMED_10223718_management2_32768201,25.908510638297873,12.488999,12.4140005,75.02193,5.2000003,178,maturity,0.0,False
2024-10-06,consortium2_ELMED_10223718_management2_32768201,23.701052631578946,13.343166,12.284832,83.29762,0.0,179,maturity,0.0,False
2024-10-07,consortium2_ELMED_10223718_management2_32768201,22.97204301075269,13.934834,13.366084,87.199326,39.0,180,maturity,0.0,False
2024-10-08,consortium2_ELMED_10223718_management2_32768201,24.45054945054945,15.026501,15.734834,90.96414,1450.7999,181,maturity,0.0,False
2024-10-09,consortium2_ELMED_10223718_management2_32768201,27.09468085106383,15.4765005,16.516085,81.79312,67.6,182,maturity,0.0,False
2024-10-10,consortium2_ELMED_10223718_management2_32768201,27.481052631578944,15.293167,16.822332,79.84753,517.39996,183,maturity,0.0,False
2024-10-11,consortium2_ELMED_10223718_management2_32768201,27.152083333333334,13.116084,14.999415,62.27207,2.6000001,184,maturity,0.0,False
2024-10-12,consortium2_ELMED_10223718_management2_32768201,25.395698924731185,12.932751,13.780666,75.066216,7.8,185,maturity,0.0,False
2024-10-13,consortium2_ELMED_10223718_management2_32768201,23.553763440860216,13.511917,12.816082,86.06738,0.0,186,maturity,0.0,False
2024-10-14,consortium2_ELMED_10223718_management2_32768201,23.011827956989247,13.661917,13.401501,88.63496,0.0,187,maturity,0.0,False
2024-10-15,consortium2_ELMED_10223718_management2_32768201,22.68191489361702,14.826499,15.120251,79.03198,0.0,188,maturity,0.0,False
2024-10-16,consortium2_ELMED_10223718_management2_32768201,22.446739130434782,14.72025,15.645249,88.37109,158.59999,189,maturity,0.0,False
2024-10-17,consortium2_ELMED_10223718_management2_32768201,22.452173913043477,16.10775,17.609835,81.86833,54.6,190,maturity,0.0,False
2024-10-18,consortium2_ELMED_10223718_management2_32768201,25.79148936170213,15.839001,16.305666,89.209785,826.8,191,maturity,0.0,False
2024-10-19,consortium2_ELMED_10223718_management2_32768201,27.09021739130435,14.65775,15.0702505,91.559814,491.4,192,maturity,0.0,False
2024-10-20,consortium2_ELMED_10223718_management2_32768201,27.426086956521736,16.143167,17.968166,81.40095,15.6,193,maturity,0.0,False
2024-10-21,consortium2_ELMED_10223718_management2_32768201,26.212631578947367,15.263999,15.722335,87.924126,0.0,194,maturity,0.0,False
2024-10-22,consortium2_ELMED_10223718_management2_32768201,23.957608695652173,15.572332,16.461916,84.77098,2.6000001,195,maturity,0.0,False
2024-10-23,consortium2_ELMED_10223718_management2_32768201,23.382105263157897,15.307751,16.016085,91.90811,470.6,196,maturity,0.0,False
2024-10-24,consortium2_ELMED_10223718_management2_32768201,23.5247311827957,15.84525,16.57025,83.49333,65.0,197,maturity,0.0,False
2024-10-25,consortium2_ELMED_10223718_management2_32768201,23.71758241758242,15.022334,15.430666,82.49207,10.400001,198,maturity,0.0,False
2024-10-26,consortium2_ELMED_10223718_management2_32768201,23.602197802197804,16.214,17.518167,80.60242,205.40001,199,maturity,0.0,False
2024-10-27,consortium2_ELMED_10223718_management2_32768201,23.609278350515464,15.013999,16.161917,82.539566,5.2000003,200,maturity,0.0,False
2024-10-28,consortium2_ELMED_10223718_management2_32768201,23.4752688172043,14.799417,15.180666,84.566536,0.0,201,maturity,0.0,False
2024-10-29,consortium2_ELMED_10223718_management2_32768201,23.25326086956522,13.920249,14.9765005,80.21477,0.0,202,maturity,0.0,False
2024-10-30,consortium2_ELMED_10223718_management2_32768201,23.0,13.520249,14.478582,81.86419,0.0,203,maturity,0.0,False
2024-10-31,consortium2_ELMED_10223718_management2_32768201,22.77956989247312,12.641084,14.822333,76.09216,0.0,204,maturity,0.0,False
2024-11-01,consortium2_ELMED_10223718_management2_32768201,22.583870967741937,12.024416,13.222332,78.659195,0.0,205,maturity,0.0,False
2024-11-02,consortium2_ELMED_10223718_management2_32768201,22.390526315789472,11.513999,13.34525,75.196884,0.0,206,maturity,0.0,False
2024-11-03,consortium2_ELMED_10223718_management2_32768201,22.214736842105264,11.120251,11.749416,81.76452,0.0,207,maturity,0.0,False
2024-11-04,consortium2_ELMED_10223718_management2_32768201,22.05698924731183,11.018167,11.741084,81.68942,0.0,208,maturity,0.0,False
2024-11-05,consortium2_ELMED_10223718_management2_32768201,21.885263157894737,9.384833,10.909832,71.58399,0.0,209,maturity,0.0,False
2024-11-06,consortium2_ELMED_10223718_management2_32768201,21.751041666666666,8.6265,10.886917,66.32506,0.0,210,maturity,0.0,False
2024-11-07,consortium2_ELMED_10223718_management2_32768201,21.570212765957447,8.543167,11.299417,66.26952,0.0,211,maturity,0.0,False
2024-11-08,consortium2_ELMED_10223718_management2_32768201,21.436559139784944,8.536918,10.886917,73.27928,0.0,212,maturity,0.0,False
2024-11-09,consortium2_ELMED_10223718_management2_32768201,21.306451612903224,8.463999,10.451501,75.42482,0.0,213,maturity,0.0,False
2024-11-10,consortium2_ELMED_10223718_management2_32768201,21.167391304347827,7.6785836,9.768167,73.59571,0.0,214,maturity,0.0,False
2024-11-11,consortium2_ELMED_10223718_management2_32768201,21.048421052631582,6.891083,8.745249,67.182945,0.0,215,maturity,0.0,False
2024-11-12,consortium2_ELMED_10223718_management2_32768201,20.92395833333333,4.4577503,6.697334,69.80363,0.0,216,maturity,0.0,False
2024-11-13,consortium2_ELMED_10223718_management2_32768201,20.802083333333332,2.5619166,6.0535836,67.55111,20.800001,217,maturity,0.0,False
2024-11-14,consortium2_ELMED_10223718_management2_32768201,20.719791666666666,3.2306669,6.055667,69.178444,5.2000003,218,maturity,0.0,False
2024-11-15,consortium2_ELMED_10223718_management2_32768201,20.645833333333332,1.5848333,4.5494165,57.374676,0.0,219,maturity,0.0,False
2024-11-16,consortium2_ELMED_10223718_management2_32768201,20.557608695652174,1.164,4.7577496,60.76603,0.0,220,maturity,0.0,False
2024-11-17,consortium2_ELMED_10223718_management2_32768201,20.44736842105263,1.1181667,4.741083,58.845398,0.0,221,maturity,0.0,False
2024-11-18,consortium2_ELMED_10223718_management2_32768201,20.376041666666666,3.4306667,5.9327497,68.46608,0.0,222,maturity,0.0,False
2024-11-19,consortium2_ELMED_10223718_management2_32768201,20.3,4.1765003,6.055667,76.880135,0.0,223,maturity,0.0,False
2024-11-20,consortium2_ELMED_10223718_management2_32768201,20.23085106382979,5.6140003,6.655667,61.532005,85.8,224,maturity,0.0,False
2024-11-21,consortium2_ELMED_10223718_management2_32768201,20.132291666666667,3.1681669,1.7035834,53.581806,106.6,225,maturity,0.0,False
2024-11-22,consortium2_ELMED_10223718_management2_32768201,20.08421052631579,2.5806668,-0.31308332,66.91511,5.2000003,226,maturity,0.0,False
2024-11-23,consortium2_ELMED_10223718_management2_32768201,19.986021505376346,1.7702501,-0.5401667,60.32768,0.0,227,maturity,0.0,False
2024-11-24,consortium2_ELMED_10223718_management2_32768201,19.896874999999998,1.4556668,2.08275,72.91058,0.0,228,maturity,0.0,False
2024-11-25,consortium2_ELMED_10223718_management2_32768201,19.808695652173913,2.0535834,4.222333,85.34017,0.0,229,maturity,0.0,False
2024-11-26,consortium2_ELMED_10223718_management2_32768201,19.786315789473683,2.2973332,4.65775,93.91483,36.399998,230,maturity,0.0,False
2024-11-27,consortium2_ELMED_10223718_management2_32768201,19.70212765957447,2.8473334,6.061917,90.4412,0.0,231,maturity,0.0,False
2024-11-28,consortium2_ELMED_10223718_management2_32768201,19.6968085106383,4.064,5.399417,95.48943,10.400001,232,maturity,0.0,False
2024-11-29,consortium2_ELMED_10223718_management2_32768201,19.606315789473687,3.64525,3.89525,71.18706,0.0,233,maturity,0.0,False
2024-11-30,consortium2_ELMED_10223718_management2_32768201,19.570833333333336,2.5744166,2.8848333,65.405785,0.0,234,maturity,0.0,False
2024-12-01,consortium2_ELMED_10223718_management2_32768201,19.5,2.1910834,2.70775,63.073086,0.0,235,maturity,0.0,False
2024-12-02,consortium2_ELMED_10223718_management2_32768201,19.43263157894737,1.0348334,2.7931669,59.0835,0.0,236,maturity,0.0,False
2024-12-03,consortium2_ELMED_10223718_management2_32768201,19.4,2.3285832,3.3306665,78.513336,0.0,237,maturity,0.0,False
2024-12-04,consortium2_ELMED_10223718_management2_32768201,19.314736842105265,3.4390001,5.3035836,77.03109,0.0,238,maturity,0.0,False
2024-12-05,consortium2_ELMED_10223718_management2_32768201,19.3,3.2494166,2.4556668,62.58608,0.0,239,maturity,0.0,False
2024-12-06,consortium2_ELMED_10223718_management2_32768201,19.235416666666666,2.2973332,3.19525,64.16619,18.199999,240,maturity,0.0,False
2024-12-07,consortium2_ELMED_10223718_management2_32768201,19.2,3.2056665,2.9765,57.542088,31.2,241,maturity,0.0,False
2024-12-08,consortium2_ELMED_10223718_management2_32768201,19.2,3.20775,3.2765002,89.43254,561.60004,242,maturity,0.0,False
2024-12-09,consortium2_ELMED_10223718_management2_32768201,19.158333333333335,3.4848332,4.0098333,78.4288,2.6000001,243,maturity,0.0,False
2024-12-10,consortium2_ELMED_10223718_management2_32768201,19.11041666666667,2.8681667,3.8723333,76.17156,0.0,244,maturity,0.0,False
2024-12-11,consortium2_ELMED_10223718_management2_32768201,19.16875,2.4702501,1.1598334,79.94115,0.0,245,maturity,0.0,False
2024-12-12,consortium2_ELMED_10223718_management2_32768201,19.2,1.9119167,0.055666666,75.66791,0.0,246,maturity,0.0,False
2024-12-13,consortium2_ELMED_10223718_management2_32768201,19.2,0.8119167,0.2931667,70.5524,0.0,247,maturity,0.0,False
2024-12-14,consortium2_ELMED_10223718_management2_32768201,19.28421052631579,1.9306667,1.5931666,84.6798,20.800001,248,maturity,0.0,False
2024-12-15,consortium2_ELMED_10223718_management2_32768201,19.3,1.0765,0.76400006,73.964264,0.0,249,maturity,0.0,False
2024-12-16,consortium2_ELMED_10223718_management2_32768201,19.3,1.2244166,3.1202502,70.622955,0.0,250,maturity,0.0,False
2024-12-17,consortium2_ELMED_10223718_management2_32768201,19.309375,1.6889999,2.7119167,78.440674,0.0,251,maturity,0.0,False
2024-12-18,consortium2_ELMED_10223718_management2_32768201,19.395833333333332,1.7431667,2.399417,71.75696,0.0,252,maturity,0.0,False
2024-12-19,consortium2_ELMED_10223718_management2_32768201,19.4,1.4410833,2.1223335,87.708405,291.19998,253,maturity,0.0,False
2024-12-20,consortium2_ELMED_10223718_management2_32768201,19.45108695652174,1.7931666,2.7494166,61.782715,70.200005,254,maturity,0.0,False
2024-12-21,consortium2_ELMED_10223718_management2_32768201,19.440860215053764,-0.4964167,-2.2630832,65.89232,0.0,255,maturity,0.0,False
2024-12-22,consortium2_ELMED_10223718_management2_32768201,19.54375,0.62025005,-0.7776666,80.13262,67.6,256,maturity,0.0,False
2024-12-23,consortium2_ELMED_10223718_management2_32768201,19.679787234042553,0.45983335,-0.54225,64.92712,0.0,257,maturity,0.0,False
2024-12-24,consortium2_ELMED_10223718_management2_32768201,19.79255319148936,-0.38183334,-0.80266666,57.76854,0.0,258,maturity,0.0,False
2024-12-25,consortium2_ELMED_10223718_management2_32768201,19.851041666666667,0.689,-1.5130832,61.740116,0.0,259,maturity,0.0,False
2024-12-26,consortium2_ELMED_10223718_management2_32768201,19.909375,0.31191668,-0.7276666,55.754475,0.0,260,maturity,0.0,False
2024-12-27,consortium2_ELMED_10223718_management2_32768201,19.9,0.059833325,0.38275,55.852676,0.0,261,maturity,0.0,False
2024-12-28,consortium2_ELMED_10223718_management2_32768201,19.9,1.8244166,3.2765002,60.551674,0.0,262,maturity,0.0,False
2024-12-29,consortium2_ELMED_10223718_management2_32768201,19.9,0.87025,3.7619169,61.49119,0.0,263,maturity,0.0,False
2024-12-30,consortium2_ELMED_10223718_management2_32768201,19.9,0.43900007,3.3431666,58.105225,0.0,264,maturity,0.0,False
2024-12-31,consortium2_ELMED_10223718_management2_32768201,19.898924731182795,0.43900007,3.2369165,55.62591,0.0,265,maturity,0.0,False
2025-01-01,consortium2_ELMED_10223718_management2_32768201,19.814736842105265,0.27233335,1.6994166,61.666996,0.0,266,maturity,0.0,False
2025-01-02,consortium2_ELMED_10223718_management2_32768201,19.8,1.189,2.4285834,89.3757,0.0,267,maturity,0.0,False
2025-01-03,consortium2_ELMED_10223718_management2_32768201,19.8,2.4806666,2.664,73.9053,10.400001,268,maturity,0.0,False
2025-01-04,consortium2_ELMED_10223718_management2_32768201,19.78936170212766,2.5577502,0.9140001,69.52392,0.0,269,maturity,0.0,False
2025-01-05,consortium2_ELMED_10223718_management2_32768201,19.70842105263158,2.2973332,1.1556666,89.13497,0.0,270,maturity,0.0,False
2025-01-06,consortium2_ELMED_10223718_management2_32768201,19.7,1.5556667,4.5994167,90.567,145.59999,271,maturity,0.0,False
2025-01-07,consortium2_ELMED_10223718_management2_32768201,19.783157894736842,2.77025,4.7869167,93.26507,288.6,272,maturity,0.0,False
2025-01-08,consortium2_ELMED_10223718_management2_32768201,19.91875,3.1785836,4.3327503,83.76245,13.0,273,maturity,0.0,False
2025-01-09,consortium2_ELMED_10223718_management2_32768201,20.7,2.514,5.2723336,92.72497,163.8,274,maturity,0.0,False
2025-01-10,consortium2_ELMED_10223718_management2_32768201,21.967368421052633,3.2265,3.6535833,70.44168,10.400001,275,maturity,0.0,False
2025-01-11,consortium2_ELMED_10223718_management2_32768201,21.825531914893617,1.9723333,1.7140001,65.42486,0.0,276,maturity,0.0,False
2025-01-12,consortium2_ELMED_10223718_management2_32768201,21.597872340425532,2.8869169,0.6848334,48.33378,0.0,277,maturity,0.0,False
2025-01-13,consortium2_ELMED_10223718_management2_32768201,21.40111111111111,2.9848332,0.6306667,48.896805,0.0,278,maturity,0.0,False
2025-01-14,consortium2_ELMED_10223718_management2_32768201,21.23578947368421,1.2514999,0.98483336,48.752625,0.0,279,maturity,0.0,False
2025-01-15,consortium2_ELMED_10223718_management2_32768201,21.094736842105263,0.66608334,2.5848334,44.592327,0.0,280,maturity,0.0,False
2025-01-16,consortium2_ELMED_10223718_management2_32768201,20.979347826086954,3.1056669,3.6598334,64.61403,0.0,281,maturity,0.0,False
2025-01-17,consortium2_ELMED_10223718_management2_32768201,20.860416666666666,2.2973332,2.8265,69.800606,0.0,282,maturity,0.0,False
2025-01-18,consortium2_ELMED_10223718_management2_32768201,20.78510638297872,3.1869166,4.1119165,51.510933,0.0,283,maturity,0.0,False
2025-01-19,consortium2_ELMED_10223718_management2_32768201,20.7,3.6806667,6.2952495,73.48241,62.4,284,maturity,0.0,False
2025-01-20,consortium2_ELMED_10223718_management2_32768201,20.61276595744681,2.8452501,5.1014996,88.44411,7.8,285,maturity,0.0,False
2025-01-21,consortium2_ELMED_10223718_management2_32768201,20.590425531914896,2.85775,5.4598336,83.48645,7.8,286,maturity,0.0,False
2025-01-22,consortium2_ELMED_10223718_management2_32768201,20.502083333333335,2.4327502,4.0681667,88.16255,18.199999,287,maturity,0.0,False
2025-01-23,consortium2_ELMED_10223718_management2_32768201,20.5,2.7515001,4.2390003,96.645256,132.59999,288,maturity,0.0,False
2025-01-24,consortium2_ELMED_10223718_management2_32768201,20.4531914893617,2.4994166,4.6035833,82.01359,0.0,289,maturity,0.0,False
2025-01-25,consortium2_ELMED_10223718_management2_32768201,20.40833333333333,2.2098334,5.2390003,86.75532,0.0,290,maturity,0.0,False
2025-01-26,consortium2_ELMED_10223718_management2_32768201,20.480434782608697,3.1848333,5.3327503,94.6101,387.4,291,maturity,0.0,False
2025-01-27,consortium2_ELMED_10223718_management2_32768201,20.882105263157893,4.04525,5.280667,94.53796,400.4,292,maturity,0.0,False
2025-01-28,consortium2_ELMED_10223718_management2_32768201,27.710638297872343,4.774417,6.509834,89.88948,798.19995,293,maturity,0.0,False
2025-01-29,consortium2_ELMED_10223718_management2_32768201,26.842105263157894,4.3514996,4.9556665,83.75038,0.0,294,maturity,0.0,False
2025-01-30,consortium2_ELMED_10223718_management2_32768201,26.006249999999998,4.53275,5.3619165,79.65944,0.0,295,maturity,0.0,False
2025-01-31,consortium2_ELMED_10223718_management2_32768201,23.8625,3.9973333,5.3306665,78.28938,23.400002,296,maturity,0.0,False
2025-02-01,consortium2_ELMED_10223718_management2_32768201,22.883157894736843,4.872333,6.2577496,86.99447,119.6,297,maturity,0.0,False
2025-02-02,consortium2_ELMED_10223718_management2_32768201,22.597826086956523,4.334833,4.9890003,80.939926,0.0,298,maturity,0.0,False
2025-02-03,consortium2_ELMED_10223718_management2_32768201,22.36315789473684,4.1119165,5.249417,70.371284,0.0,299,maturity,0.0,False
2025-02-04,consortium2_ELMED_10223718_management2_32768201,22.16842105263158,4.184833,4.5369167,70.52411,0.0,300,maturity,0.0,False
2025-02-05,consortium2_ELMED_10223718_management2_32768201,21.971578947368425,4.124417,5.53275,59.474205,0.0,301,maturity,0.0,False
2025-02-06,consortium2_ELMED_10223718_management2_32768201,21.811458333333334,3.8015,5.434833,56.998,0.0,302,maturity,0.0,False
2025-02-07,consortium2_ELMED_10223718_management2_32768201,21.66105263157895,3.8140001,3.3265,72.392815,0.0,303,maturity,0.0,False
2025-02-08,consortium2_ELMED_10223718_management2_32768201,21.539583333333336,3.6556666,3.6910834,82.773674,39.0,304,maturity,0.0,False
2025-02-09,consortium2_ELMED_10223718_management2_32768201,21.510416666666668,4.1994166,4.999417,94.01942,392.6,305,maturity,0.0,False
2025-02-10,consortium2_ELMED_10223718_management2_32768201,22.34375,6.1140003,7.7577496,83.28382,20.800001,306,maturity,0.0,False
2025-02-11,consortium2_ELMED_10223718_management2_32768201,22.875531914893617,6.9014997,7.759834,90.43436,49.399998,307,maturity,0.0,False
2025-02-12,consortium2_ELMED_10223718_management2_32768201,22.608333333333334,7.189,8.316084,85.32096,13.0,308,maturity,0.0,False
2025-02-13,consortium2_ELMED_10223718_management2_32768201,22.41595744680851,7.2556667,7.7639995,86.35512,2.6000001,309,maturity,0.0,False
2025-02-14,consortium2_ELMED_10223718_management2_32768201,22.256842105263157,5.641083,5.0494165,69.69105,270.4,310,maturity,0.0,False
2025-02-15,consortium2_ELMED_10223718_management2_32768201,22.056382978723406,3.4306667,2.6660833,57.731113,0.0,311,maturity,0.0,False
2025-02-16,consortium2_ELMED_10223718_management2_32768201,21.876842105263155,3.5473332,3.0181665,79.79317,0.0,312,maturity,0.0,False
2025-02-17,consortium2_ELMED_10223718_management2_32768201,21.73229166666667,3.7202501,2.5473332,76.8135,0.0,313,maturity,0.0,False
2025-02-18,consortium2_ELMED_10223718_management2_32768201,21.598947368421054,4.0119166,2.5952501,74.21932,0.0,314,maturity,0.0,False
2025-02-19,consortium2_ELMED_10223718_management2_32768201,21.45108695652174,3.4306667,1.8931668,73.26969,0.0,315,maturity,0.0,False
2025-02-20,consortium2_ELMED_10223718_management2_32768201,21.337894736842106,2.4473333,3.5952501,72.072556,0.0,316,maturity,0.0,False
2025-02-21,consortium2_ELMED_10223718_management2_32768201,21.24787234042553,1.8848335,6.2452497,64.90872,0.0,317,maturity,0.0,False
2025-02-22,consortium2_ELMED_10223718_management2_32768201,21.158947368421053,3.1556666,5.668167,81.69953,0.0,318,maturity,0.0,False
2025-02-23,consortium2_ELMED_10223718_management2_32768201,21.098924731182795,5.3598332,7.3931665,81.554085,0.0,319,maturity,0.0,False
2025-02-24,consortium2_ELMED_10223718_management2_32768201,21.01086956521739,6.9535837,8.649416,79.56839,5.2000003,320,maturity,0.0,False
2025-02-25,consortium2_ELMED_10223718_management2_32768201,20.998936170212765,8.318167,9.743166,88.09532,72.799995,321,maturity,0.0,False
2025-02-26,consortium2_ELMED_10223718_management2_32768201,20.976842105263156,7.6910834,8.934834,87.137054,114.4,322,maturity,0.0,False
2025-02-27,consortium2_ELMED_10223718_management2_32768201,20.901052631578946,7.091083,8.297334,68.603134,0.0,323,maturity,0.0,False
2025-02-28,consortium2_ELMED_10223718_management2_32768201,20.9,7.014,7.28275,73.43726,41.600002,324,maturity,0.0,False
2025-03-01,consortium2_ELMED_10223718_management2_32768201,20.9,6.7848334,6.92025,66.21844,5.2000003,325,maturity,0.0,False
2025-03-02,consortium2_ELMED_10223718_management2_32768201,20.827659574468086,5.868167,6.92025,61.65694,0.0,326,maturity,0.0,False
2025-03-03,consortium2_ELMED_10223718_management2_32768201,20.8,6.03275,7.09525,68.05231,0.0,327,maturity,0.0,False
2025-03-04,consortium2_ELMED_10223718_management2_32768201,20.77204301075269,6.6285834,8.022333,63.83048,0.0,328,maturity,0.0,False
2025-03-05,consortium2_ELMED_10223718_management2_32768201,20.7,7.10775,9.6265,53.762016,0.0,329,maturity,0.0,False
2025-03-06,consortium2_ELMED_10223718_management2_32768201,20.670967741935485,7.386917,9.65775,54.94763,0.0,330,maturity,0.0,False
2025-03-07,consortium2_ELMED_10223718_management2_32768201,20.603296703296703,7.3181663,9.239,56.57866,0.0,331,maturity,0.0,False
2025-03-08,consortium2_ELMED_10223718_management2_32768201,20.59032258064516,7.3973336,9.497334,54.814857,0.0,332,maturity,0.0,False
2025-03-09,consortium2_ELMED_10223718_management2_32768201,20.511702127659575,8.318167,11.02025,55.752487,0.0,333,maturity,0.0,False
2025-03-10,consortium2_ELMED_10223718_management2_32768201,20.523958333333333,8.747334,9.716084,75.722015,455.0,334,maturity,0.0,False
2025-03-11,consortium2_ELMED_10223718_management2_32768201,20.521875,9.255667,10.724417,72.99798,13.0,335,maturity,0.0,False
2025-03-12,consortium2_ELMED_10223718_management2_32768201,20.676595744680853,9.447333,10.551499,81.01232,322.4,336,maturity,0.0,False
2025-03-13,consortium2_ELMED_10223718_management2_32768201,21.28723404255319,9.186917,9.605667,78.52266,127.4,337,maturity,0.0,False
2025-03-14,consortium2_ELMED_10223718_management2_32768201,23.659999999999997,8.455667,9.134833,81.92681,176.8,338,maturity,0.0,False
2025-03-15,consortium2_ELMED_10223718_management2_32768201,26.33684210526316,8.826501,10.1952505,80.79867,275.6,339,maturity,0.0,False
2025-03-16,consortium2_ELMED_10223718_management2_32768201,27.260416666666668,8.814,9.509833,74.3155,192.40001,340,maturity,0.0,False
2025-03-17,consortium2_ELMED_10223718_management2_32768201,26.55212765957447,8.061917,8.647333,66.38569,5.2000003,341,maturity,0.0,False
2025-03-18,consortium2_ELMED_10223718_management2_32768201,24.505208333333332,6.559833,5.591083,68.45861,0.0,342,maturity,0.0,False
2025-03-19,consortium2_ELMED_10223718_management2_32768201,23.26875,6.0702496,6.314,66.048996,0.0,343,maturity,0.0,False
2025-03-20,consortium2_ELMED_10223718_management2_32768201,22.809473684210527,6.7452497,6.947334,69.52764,0.0,344,maturity,0.0,False
2025-03-21,consortium2_ELMED_10223718_management2_32768201,22.446315789473687,7.6452503,8.005667,72.892815,0.0,345,maturity,0.0,False
2025-03-22,consortium2_ELMED_10223718_management2_32768201,22.14375,8.884833,10.272334,80.52007,205.40001,346,maturity,0.0,False
2025-03-23,consortium2_ELMED_10223718_management2_32768201,22.15531914893617,8.966084,9.797334,83.296684,249.6,347,maturity,0.0,False
2025-03-24,consortium2_ELMED_10223718_management2_32768201,22.240624999999998,9.353583,10.922334,69.495895,0.0,348,maturity,0.0,False
2025-03-25,consortium2_ELMED_10223718_management2_32768201,22.3,9.397333,10.972332,70.36339,7.8,349,maturity,0.0,False
2025-03-26,consortium2_ELMED_10223718_management2_32768201,22.300000000000004,9.384833,11.153584,64.4967,0.0,350,maturity,0.0,False
2025-03-27,consortium2_ELMED_10223718_management2_32768201,22.22315789473684,9.9765005,12.005667,56.940567,0.0,351,maturity,0.0,False
2025-03-28,consortium2_ELMED_10223718_management2_32768201,22.102127659574467,10.324417,12.116084,59.505436,20.800001,352,maturity,0.0,False
2025-03-29,consortium2_ELMED_10223718_management2_32768201,22.093617021276597,10.366084,11.730667,74.435776,93.600006,353,maturity,0.0,False
2025-03-30,consortium2_ELMED_10223718_management2_32768201,22.0,11.918167,13.432751,59.725418,5.2000003,354,maturity,0.0,False
2025-03-31,consortium2_ELMED_10223718_management2_32768201,21.945263157894733,10.630667,10.830667,46.758385,0.0,355,maturity,0.0,False
2025-04-01,consortium2_ELMED_10223718_management2_32768201,21.83157894736842,8.949417,8.8015,49.396996,2.6000001,356,maturity,0.0,False
2025-04-02,consortium2_ELMED_10223718_management2_32768201,21.729166666666668,10.903584,12.343166,60.39595,98.8,357,maturity,0.0,False
2025-04-03,consortium2_ELMED_10223718_management2_32768201,21.63404255319149,11.061916,12.653584,68.86156,0.0,358,maturity,0.0,False
2025-04-04,consortium2_ELMED_10223718_management2_32768201,21.577894736842108,11.614,13.628582,63.70068,0.0,359,maturity,0.0,False
2025-04-05,consortium2_ELMED_10223718_management2_32768201,21.472340425531915,12.870251,14.295249,67.912605,0.0,360,maturity,0.0,False
2025-04-06,consortium2_ELMED_10223718_management2_32768201,21.358510638297872,12.568167,13.051499,58.885803,0.0,361,maturity,0.0,False
2025-04-07,consortium2_ELMED_10223718_management2_32768201,21.233684210526317,10.011917,8.599417,63.755714,0.0,362,maturity,0.0,False
2025-04-08,consortium2_ELMED_10223718_management2_32768201,21.04408602150538,9.141084,8.418167,66.90424,0.0,363,maturity,0.0,False
2025-04-09,consortium2_ELMED_10223718_management2_32768201,20.86413043478261,9.239,9.672334,66.31294,2.6000001,364,maturity,0.0,False
2025-04-10,consortium2_ELMED_10223718_management2_32768201,20.722916666666666,10.680666,11.58275,64.74633,0.0,365,maturity,0.0,False
2025-04-11,consortium2_ELMED_10223718_management2_32768201,20.535416666666666,11.795249,14.120251,60.14352,0.0,366,maturity,0.0,False
2025-04-12,consortium2_ELMED_10223718_management2_32768201,20.367368421052632,13.247334,15.543167,68.33112,0.0,367,maturity,0.0,False
2025-04-13,consortium2_ELMED_10223718_management2_32768201,20.283333333333335,12.89525,13.811916,79.75591,117.0,368,maturity,0.0,False
2025-04-14,consortium2_ELMED_10223718_management2_32768201,20.16526315789474,13.278584,14.218165,81.252594,148.20001,369,maturity,0.0,False
2025-04-15,consortium2_ELMED_10223718_management2_32768201,20.11368421052632,13.099417,14.436916,82.69848,231.40001,370,maturity,0.0,False
2025-04-16,consortium2_ELMED_10223718_management2_32768201,20.04375,13.653584,14.434834,83.98966,241.79999,371,maturity,0.0,False
2025-04-17,consortium2_ELMED_10223718_management2_32768201,21.264130434782608,12.857749,12.980667,89.15416,962.0,372,maturity,0.0,False
2025-04-18,consortium2_ELMED_10223718_management2_32768201,27.486315789473682,12.466084,13.159832,75.56534,10.400001,373,maturity,0.0,False
2025-04-19,consortium2_ELMED_10223718_management2_32768201,26.877894736842105,13.155666,13.828584,73.75769,2.6000001,374,maturity,0.0,False
2025-04-20,consortium2_ELMED_10223718_management2_32768201,24.848958333333332,13.6265,14.341084,76.31949,18.199999,375,maturity,0.0,False
2025-04-21,consortium2_ELMED_10223718_management2_32768201,23.61063829787234,12.422334,13.155666,78.89673,88.4,376,maturity,0.0,False
2025-04-22,consortium2_ELMED_10223718_management2_32768201,23.148958333333336,13.464,15.4765005,68.41225,109.2,377,maturity,0.0,False
2025-04-23,consortium2_ELMED_10223718_management2_32768201,22.832291666666666,14.207749,15.303584,76.75306,143.0,378,maturity,0.0,False
2025-04-24,consortium2_ELMED_10223718_management2_32768201,22.67263157894737,14.553584,15.061916,74.83383,101.4,379,maturity,0.0,False
2025-04-25,consortium2_ELMED_10223718_management2_32768201,22.59263157894737,13.97025,14.409832,61.764763,7.8,380,maturity,0.0,False
2025-04-26,consortium2_ELMED_10223718_management2_32768201,22.67263157894737,13.468165,14.497334,67.44578,338.0,381,maturity,0.0,False
2025-04-27,consortium2_ELMED_10223718_management2_32768201,22.64526315789474,14.641084,15.5077505,71.028366,210.6,382,maturity,0.0,False
2025-04-28,consortium2_ELMED_10223718_management2_32768201,22.507291666666664,14.401501,15.420249,77.53156,70.200005,383,maturity,0.0,False
2025-04-29,consortium2_ELMED_10223718_management2_32768201,22.264583333333334,15.114,16.68275,69.70643,0.0,384,maturity,0.0,False
2025-04-30,consortium2_ELMED_10223718_management2_32768201,22.114583333333332,15.772334,17.961916,63.73552,0.0,385,maturity,0.0,False
2025-05-01,consortium2_ELMED_10223718_management2_32768201,21.958333333333332,16.541082,18.843166,67.03079,2.6000001,386,maturity,0.0,False
2025-05-02,consortium2_ELMED_10223718_management2_32768201,21.85473684210526,17.105667,19.409834,68.4575,0.0,387,maturity,0.0,False
2025-05-03,consortium2_ELMED_10223718_management2_32768201,21.754166666666666,17.0765,19.249416,59.477375,0.0,388,maturity,0.0,False
2025-05-04,consortium2_ELMED_10223718_management2_32768201,21.644791666666666,15.947333,17.251501,72.466,221.0,389,maturity,0.0,False
2025-05-05,consortium2_ELMED_10223718_management2_32768201,21.54105263157895,15.528584,15.518167,84.62879,358.80002,390,maturity,0.0,False
2025-05-06,consortium2_ELMED_10223718_management2_32768201,21.441666666666666,14.418167,14.393167,84.0703,535.60004,391,maturity,0.0,False
2025-05-07,consortium2_ELMED_10223718_management2_32768201,21.399999999999995,13.622334,13.309834,89.7977,647.39996,392,maturity,0.0,False
2025-05-08,consortium2_ELMED_10223718_management2_32768201,21.431250000000002,13.026501,12.580667,85.41549,296.40002,393,maturity,0.0,False
2025-05-09,consortium2_ELMED_10223718_management2_32768201,21.840625,13.9452505,13.526501,79.57996,210.59999,394,maturity,0.0,False
2025-05-10,consortium2_ELMED_10223718_management2_32768201,22.073958333333334,14.036917,14.003582,78.07624,5.2000003,395,maturity,0.0,False
2025-05-11,consortium2_ELMED_10223718_management2_32768201,22.023958333333336,14.766084,15.453584,71.877914,0.0,396,maturity,0.0,False
2025-05-12,consortium2_ELMED_10223718_management2_32768201,21.86105263157895,15.493166,15.909832,73.680305,0.0,397,maturity,0.0,False
2025-05-13,consortium2_ELMED_10223718_management2_32768201,21.771874999999998,14.870251,14.847332,84.52101,257.4,398,maturity,0.0,False
2025-05-14,consortium2_ELMED_10223718_management2_32768201,21.63684210526316,14.855667,15.534832,77.38813,5.2000003,399,maturity,0.0,False
2025-05-15,consortium2_ELMED_10223718_management2_32768201,21.49791666666667,15.655665,16.603582,67.951996,0.0,400,maturity,0.0,False
2025-05-16,consortium2_ELMED_10223718_management2_32768201,21.328723404255317,14.516084,13.961916,57.57806,0.0,401,maturity,0.0,False
2025-05-17,consortium2_ELMED_10223718_management2_32768201,21.174468085106383,13.897334,13.949417,63.848206,2.6000001,402,maturity,0.0,False
2025-05-18,consortium2_ELMED_10223718_management2_32768201,20.983870967741936,14.093166,14.90775,70.1301,5.2000003,403,maturity,0.0,False
2025-05-19,consortium2_ELMED_10223718_management2_32768201,20.767021276595745,15.888999,17.030666,73.00825,20.800001,404,maturity,0.0,False
2025-05-20,consortium2_ELMED_10223718_management2_32768201,20.648936170212767,17.274416,17.04525,76.67926,7.8,405,maturity,0.0,False
2025-05-21,consortium2_ELMED_10223718_management2_32768201,20.550537634408602,16.82025,16.572332,78.36235,46.800003,406,maturity,0.0,False
2025-05-22,consortium2_ELMED_10223718_management2_32768201,22.637634408602153,14.107749,14.03275,90.69967,629.19995,407,maturity,0.0,False
2025-05-23,consortium2_ELMED_10223718_management2_32768201,23.614736842105263,14.405665,14.364,69.30134,2.6000001,408,maturity,0.0,False
2025-05-24,consortium2_ELMED_10223718_management2_32768201,22.886021505376345,14.40775,13.780666,76.330185,36.4,409,maturity,0.0,False
2025-05-25,consortium2_ELMED_10223718_management2_32768201,22.4752688172043,15.013999,15.239,75.291275,0.0,410,maturity,0.0,False
2025-05-26,consortium2_ELMED_10223718_management2_32768201,22.143956043956045,16.172335,17.168167,75.03072,31.2,411,maturity,0.0,False
2025-05-27,consortium2_ELMED_10223718_management2_32768201,22.0,15.2515,15.899416,81.21834,122.2,412,maturity,0.0,False
2025-05-27,consortium2_ELMED_10223718_management2_32833738,21.84102564102564,15.2515,15.899416,81.21834,122.2,0,establishment,0.0,False
2025-05-28,consortium2_ELMED_10223718_management2_32833738,21.837894736842106,16.218168,17.45775,76.18318,0.0,1,establishment,0.0,False
2025-05-29,consortium2_ELMED_10223718_management2_32833738,21.689473684210526,17.286917,17.930666,65.92857,0.0,2,establishment,0.0,False
2025-05-30,consortium2_ELMED_10223718_management2_32833738,21.46842105263158,18.216084,19.88483,64.55572,0.0,3,establishment,0.0,False
2025-05-31,consortium2_ELMED_10223718_management2_32833738,21.235416666666666,19.503584,20.62025,73.809135,0.0,4,establishment,0.0,False
2025-06-01,consortium2_ELMED_10223718_management2_32833738,21.0,20.103584,21.38483,75.96186,54.6,5,establishment,0.0,False
2025-06-02,consortium2_ELMED_10223718_management2_32833738,20.814736842105262,20.289,20.486917,79.75924,23.400002,6,establishment,0.0,False
2025-06-03,consortium2_ELMED_10223718_management2_32833738,20.627083333333335,19.92025,20.599417,76.78479,44.2,7,establishment,0.0,False
2025-06-04,consortium2_ELMED_10223718_management2_32833738,20.412499999999998,19.35775,19.934834,78.57434,88.4,8,establishment,0.0,False
2025-06-05,consortium2_ELMED_10223718_management2_32833738,20.326041666666665,19.147333,19.318167,80.21052,127.4,9,establishment,0.0,False
2025-06-06,consortium2_ELMED_10223718_management2_32833738,20.128723404255318,19.828585,20.455667,78.00461,2.6000001,10,establishment,0.0,False
2025-06-07,consortium2_ELMED_10223718_management2_32833738,19.84421052631579,20.230665,21.28275,74.883514,15.6,11,establishment,0.0,False
2025-06-08,consortium2_ELMED_10223718_management2_32833738,19.582291666666666,21.043165,21.518167,77.73103,28.6,12,establishment,0.0,False
2025-06-09,consortium2_ELMED_10223718_management2_32833738,19.281052631578948,20.986917,21.584831,57.960022,0.0,13,establishment,0.0,False
2025-06-10,consortium2_ELMED_10223718_management2_32833738,18.973684210526315,21.549417,21.828583,68.26961,0.0,14,establishment,0.0,False
2025-06-11,consortium2_ELMED_10223718_management2_32833738,18.623157894736842,22.83275,24.1765,62.602016,7.8,15,vegetative,0.0,False
2025-06-12,consortium2_ELMED_10223718_management2_32833738,18.20625,24.249418,25.15775,59.18206,0.0,16,vegetative,0.0,False
2025-06-13,consortium2_ELMED_10223718_management2_32833738,17.769791666666666,25.141083,26.328583,59.50858,0.0,17,vegetative,0.0,False
2025-06-14,consortium2_ELMED_10223718_management2_32833738,17.383157894736843,25.764,26.691084,63.803326,20.800001,18,vegetative,0.0,False
2025-06-15,consortium2_ELMED_10223718_management2_32833738,17.04736842105263,25.943167,26.659834,56.396423,15.6,19,vegetative,0.0,False
2025-06-16,consortium2_ELMED_10223718_management2_32833738,16.925531914893618,23.859833,22.7015,66.68965,13.0,20,vegetative,0.0,False
2025-06-17,consortium2_ELMED_10223718_management2_32833738,16.875531914893617,23.647331,23.007751,51.450768,23.400002,21,vegetative,0.0,False
2025-06-18,consortium2_ELMED_10223718_management2_32833738,16.751578947368422,24.749418,24.830667,53.697247,0.0,22,vegetative,0.0,False
2025-06-19,consortium2_ELMED_10223718_management2_32833738,16.694736842105264,25.678581,26.1265,58.871883,15.6,23,vegetative,0.0,False
2025-06-20,consortium2_ELMED_10223718_management2_32833738,16.763440860215052,25.993166,26.0765,58.466537,52.0,24,vegetative,0.0,False
2025-06-21,consortium2_ELMED_10223718_management2_32833738,16.81827956989247,25.364,24.9515,60.432247,26.0,25,vegetative,0.0,False
2025-06-22,consortium2_ELMED_10223718_management2_32833738,16.852631578947367,25.60775,25.324415,60.915096,0.0,26,vegetative,0.0,False
2025-06-23,consortium2_ELMED_10223718_management2_32833738,16.767708333333335,26.272331,26.861917,52.623653,0.0,27,vegetative,0.0,False
2025-06-24,consortium2_ELMED_10223718_management2_32833738,17.472631578947368,26.653582,26.9515,56.959183,0.0,28,vegetative,0.0,False
2025-06-25,consortium2_ELMED_10223718_management2_32833738,17.514736842105265,27.39525,27.724417,61.72908,28.6,29,vegetative,0.0,False
2025-06-26,consortium2_ELMED_10223718_management2_32833738,17.134408602150536,27.255667,26.484833,67.837105,62.4,30,vegetative,0.0,False
2025-06-27,consortium2_ELMED_10223718_management2_32833738,16.79684210526316,27.059832,26.655668,53.911026,0.0,31,vegetative,0.0,False
2025-06-28,consortium2_ELMED_10223718_management2_32833738,16.382105263157893,28.272331,28.807749,47.96421,0.0,32,vegetative,0.0,False
2025-06-29,consortium2_ELMED_10223718_management2_32833738,15.913684210526315,28.614,29.097334,52.452713,0.0,33,vegetative,0.0,False
2025-06-30,consortium2_ELMED_10223718_management2_32833738,15.536956521739132,28.189,28.143166,56.542564,49.399998,34,vegetative,0.0,False
2025-07-01,consortium2_ELMED_10223718_management2_32833738,15.472340425531916,27.838999,27.503584,52.2856,2.6000001,35,vegetative,0.0,False
2025-07-02,consortium2_ELMED_10223718_management2_32833738,15.530434782608696,26.03275,26.709831,57.544086,2.6000001,36,vegetative,0.0,False
2025-07-03,consortium2_ELMED_10223718_management2_32833738,15.601063829787234,25.364,26.870249,58.31134,0.0,37,vegetative,0.0,False
2025-07-04,consortium2_ELMED_10223718_management2_32833738,15.75,25.536917,26.999418,57.569588,2.6000001,38,vegetative,0.0,False
2025-07-05,consortium2_ELMED_10223718_management2_32833738,15.834736842105263,25.222334,24.968168,65.98424,7.8,39,vegetative,0.0,False
2025-07-06,consortium2_ELMED_10223718_management2_32833738,16.306593406593407,23.016083,22.164001,77.13195,169.0,40,vegetative,0.0,False
2025-07-07,consortium2_ELMED_10223718_management2_32833738,21.48936170212766,22.543165,21.799417,76.00555,390.0,41,vegetative,0.0,False
2025-07-08,consortium2_ELMED_10223718_management2_32833738,21.411827956989246,18.891085,16.95775,76.38483,208.0,42,vegetative,0.0,False
2025-07-09,consortium2_ELMED_10223718_management2_32833738,21.284782608695654,18.491083,18.472334,55.227455,0.0,43,vegetative,0.0,False
2025-07-10,consortium2_ELMED_10223718_management2_32833738,20.876842105263158,20.124418,20.47025,48.523357,0.0,44,vegetative,0.0,False
2025-07-11,consortium2_ELMED_10223718_management2_32833738,20.406382978723403,20.930666,20.59525,61.519405,54.6,45,flowering,0.0,False
2025-07-12,consortium2_ELMED_10223718_management2_32833738,19.96489361702128,21.203585,20.972334,67.294716,114.4,46,flowering,0.0,False
2025-07-13,consortium2_ELMED_10223718_management2_32833738,19.63978494623656,22.424417,21.872335,72.09059,83.200005,47,flowering,0.0,False
2025-07-14,consortium2_ELMED_10223718_management2_32833738,19.30315789473684,23.243166,22.843168,70.11319,26.0,48,flowering,0.0,False
2025-07-15,consortium2_ELMED_10223718_management2_32833738,18.77608695652174,24.28275,24.599417,65.16203,0.0,49,flowering,0.0,False
2025-07-16,consortium2_ELMED_10223718_management2_32833738,18.21473684210526,24.093168,23.253584,70.69296,52.0,50,flowering,0.0,False
2025-07-17,consortium2_ELMED_10223718_management2_32833738,17.593684210526316,24.378584,23.2515,57.56984,0.0,51,flowering,0.0,False
2025-07-18,consortium2_ELMED_10223718_management2_32833738,16.839361702127658,24.603584,24.178581,56.252357,0.0,52,flowering,0.0,False
2025-07-19,consortium2_ELMED_10223718_management2_32833738,16.403191489361703,24.830667,24.666084,61.79949,13.0,53,flowering,0.0,False
2025-07-20,consortium2_ELMED_10223718_management2_32833738,16.18404255319149,25.686918,25.32025,63.274246,36.399998,54,flowering,0.0,False
2025-07-21,consortium2_ELMED_10223718_management2_32833738,17.5,23.59525,22.897331,76.12629,546.0,55,flowering,0.0,False
2025-07-22,consortium2_ELMED_10223718_management2_32833738,20.765591397849462,23.561918,23.8765,61.315514,5.2000003,56,flowering,0.0,False
2025-07-23,consortium2_ELMED_10223718_management2_32833738,20.159139784946237,24.484833,23.976501,66.38381,93.6,57,flowering,0.0,False
2025-07-24,consortium2_ELMED_10223718_management2_32833738,23.479347826086954,23.166084,22.709831,68.85121,75.4,58,flowering,0.0,False
2025-07-25,consortium2_ELMED_10223718_management2_32833738,24.289473684210527,20.797335,20.505667,73.35492,143.0,59,flowering,0.0,False
2025-07-26,consortium2_ELMED_10223718_management2_32833738,23.104347826086954,20.4015,19.7515,78.0396,114.4,60,flowering,0.0,False
2025-07-27,consortium2_ELMED_10223718_management2_32833738,22.43723404255319,21.28275,21.709831,62.457825,0.0,61,flowering,0.0,False
2025-07-28,consortium2_ELMED_10223718_management2_32833738,22.02553191489362,19.91608,19.316084,74.76586,59.8,62,flowering,0.0,False
2025-07-29,consortium2_ELMED_10223718_management2_32833738,21.573118279569893,22.09525,21.593168,49.171597,0.0,63,flowering,0.0,False
2025-07-30,consortium2_ELMED_10223718_management2_32833738,21.130337078651685,20.843166,19.914,66.626434,26.0,64,flowering,0.0,False
2025-07-31,consortium2_ELMED_10223718_management2_32833738,20.78510638297872,21.891083,20.90775,67.27571,2.6000001,65,flowering,0.0,False
2025-08-01,consortium2_ELMED_10223718_management2_32833738,20.631914893617022,21.5765,20.430666,75.69997,59.8,66,flowering,0.0,False
2025-08-03,consortium2_ELMED_10223718_management2_32833738,23.68064516129032,18.868166,19.536917,63.366783,7.8,68,flowering,0.0,False
2025-08-04,consortium2_ELMED_10223718_management2_32833738,23.26590909090909,19.539,20.32025,66.05547,0.0,69,flowering,0.0,False
2025-08-05,consortium2_ELMED_10223718_management2_32833738,22.636263736263736,21.203585,22.647331,69.09941,0.0,70,maturity,0.0,False
2025-08-06,consortium2_ELMED_10223718_management2_32833738,22.191011235955056,22.111916,22.366081,74.89145,80.600006,71,maturity,0.0,False
2025-08-07,consortium2_ELMED_10223718_management2_32833738,21.78404255319149,22.6765,22.64525,73.936066,0.0,72,maturity,0.0,False
2025-08-08,consortium2_ELMED_10223718_management2_32833738,21.320689655172416,24.611916,25.218168,67.14283,0.0,73,maturity,0.0,False
2025-08-09,consortium2_ELMED_10223718_management2_32833738,20.87191011235955,26.424417,27.73275,59.67108,0.0,74,maturity,0.0,False
2025-08-10,consortium2_ELMED_10223718_management2_32833738,20.383695652173913,27.484833,29.33275,52.171814,0.0,75,maturity,0.0,False
2025-08-11,consortium2_ELMED_10223718_management2_32833738,19.820930232558137,27.418165,28.84525,52.380672,36.399998,76,maturity,0.0,False
2025-08-12,consortium2_ELMED_10223718_management2_32833738,19.26067415730337,27.441084,28.39525,57.26894,7.8,77,maturity,0.0,False
2025-08-13,consortium2_ELMED_10223718_management2_32833738,18.76236559139785,27.441084,28.624418,58.069805,0.0,78,maturity,0.0,False
2025-08-14,consortium2_ELMED_10223718_management2_32833738,18.231182795698924,27.10775,27.747335,56.36188,0.0,79,maturity,0.0,False
2025-08-15,consortium2_ELMED_10223718_management2_32833738,17.645054945054945,26.936918,27.29525,51.525597,0.0,80,maturity,0.0,False
2025-08-16,consortium2_ELMED_10223718_management2_32833738,18.18876404494382,26.382751,26.811918,49.489395,0.0,81,maturity,0.0,False
2025-08-17,consortium2_ELMED_10223718_management2_32833738,22.771428571428572,25.351501,25.90775,48.075317,0.0,82,maturity,0.0,False
2025-08-18,consortium2_ELMED_10223718_management2_32833738,21.308988764044944,24.314,24.261915,61.4866,41.600002,83,maturity,0.0,False
2025-08-19,consortium2_ELMED_10223718_management2_32833738,22.318823529411763,24.786917,24.049417,66.55403,176.79999,84,maturity,0.0,False
2025-08-20,consortium2_ELMED_10223718_management2_32833738,21.895294117647058,22.424417,21.491081,79.83866,119.6,85,maturity,0.0,False
2025-08-21,consortium2_ELMED_10223718_management2_32833738,21.59390243902439,20.753584,19.74525,83.375626,145.59999,86,maturity,0.0,False
2025-08-22,consortium2_ELMED_10223718_management2_32833738,20.903614457831324,21.47025,21.305666,72.5888,96.2,87,maturity,0.0,False
2025-08-23,consortium2_ELMED_10223718_management2_32833738,20.250574712643676,20.391085,19.589,79.2553,65.0,88,maturity,0.0,False
2025-08-24,consortium2_ELMED_10223718_management2_32833738,19.65274725274725,20.034834,19.82025,69.19201,15.6,89,maturity,0.0,False
2025-08-25,consortium2_ELMED_10223718_management2_32833738,19.4,20.584831,20.772331,68.65785,0.0,90,maturity,0.0,False
2024-04-10,consortium2_ELMED_10616937_management0_32768201,4.91,11.895249,10.511917,75.46327,327.6,0,establishment,0.0,False
2024-04-11,consortium2_ELMED_10616937_management0_32768201,4.90804347826087,13.430666,15.409832,67.81529,0.0,1,establishment,0.0,False
2024-04-12,consortium2_ELMED_10616937_management0_32768201,4.9126315789473685,14.984834,17.999416,72.13256,0.0,2,establishment,0.0,False
2024-04-13,consortium2_ELMED_10616937_management0_32768201,4.913684210526316,16.289,19.30775,69.74604,0.0,3,establishment,0.0,False
2024-04-14,consortium2_ELMED_10616937_management0_32768201,4.917916666666667,17.166084,19.924417,73.11006,0.0,4,establishment,0.0,False
2024-04-15,consortium2_ELMED_10616937_management0_32768201,4.985104166666667,17.0265,17.943167,74.252556,0.0,5,establishment,0.0,False
2024-04-16,consortium2_ELMED_10616937_management0_32768201,4.992083333333333,15.138999,14.709834,53.01589,10.400001,6,establishment,0.0,False
2024-04-17,consortium2_ELMED_10616937_management0_32768201,5.181770833333333,11.7515,10.043167,56.721645,10.400001,7,establishment,0.0,False
2024-04-18,consortium2_ELMED_10616937_management0_32768201,17.822894736842105,10.328584,9.049417,53.65129,0.0,8,establishment,0.0,False
2024-04-19,consortium2_ELMED_10616937_management0_32768201,27.055,9.516084,9.439,49.192142,0.0,9,establishment,0.0,False
2024-04-20,consortium2_ELMED_10616937_management0_32768201,27.1,10.395249,9.861917,46.88953,0.0,10,establishment,0.0,False
2024-04-21,consortium2_ELMED_10616937_management0_32768201,27.104166666666668,9.716084,8.328584,53.531967,31.2,11,establishment,0.0,False
2024-04-22,consortium2_ELMED_10616937_management0_32768201,27.10104166666667,7.2139997,5.403583,90.4664,275.6,12,establishment,0.0,False
2024-04-23,consortium2_ELMED_10616937_management0_32768201,27.100000000000005,7.72025,7.0389996,81.686775,309.4,13,establishment,0.0,False
2024-04-24,consortium2_ELMED_10616937_management0_32768201,27.097894736842107,8.253583,8.366083,70.74739,52.0,14,establishment,0.0,False
2024-04-25,consortium2_ELMED_10616937_management0_32768201,27.078125,8.795251,7.9119167,69.542305,0.0,15,vegetative,0.0,False
2024-04-26,consortium2_ELMED_10616937_management0_32768201,27.046875,10.201501,9.670249,68.867516,0.0,16,vegetative,0.0,False
2024-04-27,consortium2_ELMED_10616937_management0_32768201,27.065957446808515,11.955667,11.955667,71.15626,10.400001,17,vegetative,0.0,False
2024-04-28,consortium2_ELMED_10616937_management0_32768201,27.096774193548388,13.343166,14.055666,73.27902,0.0,18,vegetative,0.0,False
2024-04-29,consortium2_ELMED_10616937_management0_32768201,27.095744680851062,14.593165,16.886917,63.26801,0.0,19,vegetative,0.0,False
2024-04-30,consortium2_ELMED_10616937_management0_32768201,27.1,16.18275,19.068167,56.01221,0.0,20,vegetative,0.0,False
2024-05-01,consortium2_ELMED_10616937_management0_32768201,27.211827956989247,16.339,17.014,69.56792,153.40001,21,vegetative,0.0,False
2024-05-02,consortium2_ELMED_10616937_management0_32768201,27.272916666666664,13.689,13.543167,85.2129,598.0,22,vegetative,0.0,False
2024-05-03,consortium2_ELMED_10616937_management0_32768201,27.846315789473685,12.839001,12.541083,80.79367,59.800003,23,vegetative,0.0,False
2024-05-04,consortium2_ELMED_10616937_management0_32768201,28.690425531914894,14.176499,15.259833,70.45568,33.800003,24,vegetative,0.0,False
2024-05-05,consortium2_ELMED_10616937_management0_32768201,28.808333333333334,14.943167,16.4015,67.49838,0.0,25,vegetative,0.0,False
2024-05-06,consortium2_ELMED_10616937_management0_32768201,29.06526315789474,14.90775,15.155666,73.87745,18.199999,26,vegetative,0.0,False
2024-05-07,consortium2_ELMED_10616937_management0_32768201,29.1,14.0390005,14.253582,81.80956,122.2,27,vegetative,0.0,False
2024-05-08,consortium2_ELMED_10616937_management0_32768201,29.06382978723404,14.899416,15.4452505,77.52031,23.4,28,vegetative,0.0,False
2024-05-09,consortium2_ELMED_10616937_management0_32768201,29.0,15.959834,17.372334,67.06972,0.0,29,vegetative,0.0,False
2024-05-10,consortium2_ELMED_10616937_management0_32768201,29.04895833333333,16.791082,17.543167,70.13765,39.0,30,vegetative,0.0,False
2024-05-11,consortium2_ELMED_10616937_management0_32768201,29.150537634408604,16.993166,17.955667,68.74517,2.6000001,31,vegetative,0.0,False
2024-05-12,consortium2_ELMED_10616937_management0_32768201,29.104255319148937,17.236917,18.234835,70.2493,10.400001,32,vegetative,0.0,False
2024-05-13,consortium2_ELMED_10616937_management0_32768201,29.1,17.153584,17.032751,76.14508,153.40001,33,vegetative,0.0,False
2024-05-14,consortium2_ELMED_10616937_management0_32768201,29.066304347826087,17.103584,16.889,72.13201,10.400001,34,vegetative,0.0,False
2024-05-15,consortium2_ELMED_10616937_management0_32768201,29.046315789473685,15.418167,15.08275,87.55915,933.4,35,vegetative,0.0,False
2024-05-16,consortium2_ELMED_10616937_management0_32768201,31.243157894736843,15.6265,15.53275,77.62039,369.19998,36,vegetative,0.0,False
2024-05-17,consortium2_ELMED_10616937_management0_32768201,46.948913043478264,15.724417,15.739,72.49202,62.4,37,vegetative,0.0,False
2024-05-18,consortium2_ELMED_10616937_management0_32768201,49.9741935483871,15.899416,16.418167,67.767265,0.0,38,vegetative,0.0,False
2024-05-19,consortium2_ELMED_10616937_management0_32768201,43.6247311827957,16.697334,17.516085,67.01942,5.2000003,39,vegetative,0.0,False
2024-05-20,consortium2_ELMED_10616937_management0_32768201,34.0,17.64525,17.845251,76.75508,109.2,40,vegetative,0.0,False
2024-05-21,consortium2_ELMED_10616937_management0_32768201,41.27444444444444,15.7890005,15.439,88.20541,1632.7999,41,vegetative,0.0,False
2024-05-22,consortium2_ELMED_10616937_management0_32768201,49.3989247311828,16.782751,16.64525,77.98248,20.800001,42,vegetative,0.0,False
2024-05-23,consortium2_ELMED_10616937_management0_32768201,49.1695652173913,16.211916,16.186916,75.993866,200.20001,43,vegetative,0.0,False
2024-05-24,consortium2_ELMED_10616937_management0_32768201,49.35473684210526,16.249418,16.218168,71.342,15.6,44,vegetative,0.0,False
2024-05-25,consortium2_ELMED_10616937_management0_32768201,49.32916666666666,16.6015,16.003582,73.70208,218.4,45,flowering,0.0,False
2024-05-26,consortium2_ELMED_10616937_management0_32768201,48.42765957446808,16.909834,17.809834,69.42464,0.0,46,flowering,0.0,False
2024-05-27,consortium2_ELMED_10616937_management0_32768201,37.542391304347824,18.430666,19.847334,63.29588,2.6000001,47,flowering,0.0,False
2024-05-28,consortium2_ELMED_10616937_management0_32768201,34.48172043010753,18.157751,18.647333,69.46917,13.0,48,flowering,0.0,False
2024-05-29,consortium2_ELMED_10616937_management0_32768201,34.14725274725275,18.155668,18.141085,71.15569,20.800001,49,flowering,0.0,False
2024-05-30,consortium2_ELMED_10616937_management0_32768201,32.86770833333333,17.657751,17.222334,83.42728,215.8,50,flowering,0.0,False
2024-05-31,consortium2_ELMED_10616937_management0_32768201,33.48947368421052,15.547334,14.872334,75.189285,501.8,51,flowering,0.0,False
2024-06-01,consortium2_ELMED_10616937_management0_32768201,33.98602150537634,15.716084,16.20775,73.337105,26.0,52,flowering,0.0,False
2024-06-02,consortium2_ELMED_10616937_management0_32768201,33.593548387096774,17.67025,18.37025,72.62232,7.8,53,flowering,0.0,False
2024-06-03,consortium2_ELMED_10616937_management0_32768201,32.90549450549451,17.424417,17.968168,72.227715,26.0,54,flowering,0.0,False
2024-06-04,consortium2_ELMED_10616937_management0_32768201,32.461052631578944,18.161917,19.064001,71.25424,15.6,55,flowering,0.0,False
2024-06-05,consortium2_ELMED_10616937_management0_32768201,32.309374999999996,19.030668,19.549417,77.02461,18.2,56,flowering,0.0,False
2024-06-06,consortium2_ELMED_10616937_management0_32768201,32.13225806451613,20.497334,20.743166,77.928055,5.2000003,57,flowering,0.0,False
2024-06-07,consortium2_ELMED_10616937_management0_32768201,31.956382978723404,21.272331,21.705667,80.18017,0.0,58,flowering,0.0,False
2024-06-08,consortium2_ELMED_10616937_management0_32768201,31.78723404255319,21.759834,22.403585,79.78099,39.0,59,flowering,0.0,False
2024-06-09,consortium2_ELMED_10616937_management0_32768201,31.66063829787234,21.628584,22.230665,77.0667,91.0,60,flowering,0.0,False
2024-06-10,consortium2_ELMED_10616937_management0_32768201,31.555913978494626,21.247334,20.649416,79.09361,358.80002,61,flowering,0.0,False
2024-06-11,consortium2_ELMED_10616937_management0_32768201,31.43978494623656,19.58275,18.766085,82.25438,475.8,62,flowering,0.0,False
2024-06-12,consortium2_ELMED_10616937_management0_32768201,31.858426966292136,18.568167,17.397333,72.48761,91.0,63,flowering,0.0,False
2024-06-13,consortium2_ELMED_10616937_management0_32768201,32.42967032967033,17.859835,17.039,68.07742,23.4,64,flowering,0.0,False
2024-06-14,consortium2_ELMED_10616937_management0_32768201,32.25604395604396,18.157751,17.75775,73.66151,0.0,65,flowering,0.0,False
2024-06-15,consortium2_ELMED_10616937_management0_32768201,32.090322580645164,17.984835,18.001501,77.45243,5.2000003,66,flowering,0.0,False
2024-06-16,consortium2_ELMED_10616937_management0_32768201,32.247252747252745,19.2265,19.993166,74.24892,39.0,67,flowering,0.0,False
2024-06-17,consortium2_ELMED_10616937_management0_32768201,32.18913043478261,20.368166,21.053581,74.71422,0.0,68,flowering,0.0,False
2024-06-18,consortium2_ELMED_10616937_management0_32768201,32.035106382978725,21.359835,23.036917,67.8474,0.0,69,flowering,0.0,False
2024-06-19,consortium2_ELMED_10616937_management0_32768201,31.865957446808512,22.659834,24.224417,68.561745,0.0,70,maturity,0.0,False
2024-06-20,consortium2_ELMED_10616937_management0_32768201,31.765263157894736,23.382751,25.789001,67.07863,2.6000001,71,maturity,0.0,False
2024-06-21,consortium2_ELMED_10616937_management0_32768201,33.2031914893617,23.514,23.934832,75.13976,309.40002,72,maturity,0.0,False
2024-06-22,consortium2_ELMED_10616937_management0_32768201,47.51063829787234,22.084831,22.416084,71.78316,106.6,73,maturity,0.0,False
2024-06-23,consortium2_ELMED_10616937_management0_32768201,44.888172043010755,19.141085,18.13275,84.27135,764.39996,74,maturity,0.0,False
2024-06-24,consortium2_ELMED_10616937_management0_32768201,48.56105263157895,20.309834,21.2515,73.86085,145.59999,75,maturity,0.0,False
2024-06-25,consortium2_ELMED_10616937_management0_32768201,48.52417582417582,20.816084,20.561916,82.042725,283.4,76,maturity,0.0,False
2024-06-26,consortium2_ELMED_10616937_management0_32768201,48.53956043956045,21.041084,21.084831,75.05827,182.0,77,maturity,0.0,False
2024-06-27,consortium2_ELMED_10616937_management0_32768201,48.523655913978494,21.739,23.193167,70.98959,0.0,78,maturity,0.0,False
2024-06-28,consortium2_ELMED_10616937_management0_32768201,41.22258064516129,23.484833,24.649416,75.13536,0.0,79,maturity,0.0,False
2024-06-29,consortium2_ELMED_10616937_management0_32768201,35.26236559139785,23.930666,24.580667,80.47352,166.40001,80,maturity,0.0,False
2024-06-30,consortium2_ELMED_10616937_management0_32768201,34.27473684210526,24.086916,23.855665,71.53737,31.2,81,maturity,0.0,False
2024-07-01,consortium2_ELMED_10616937_management0_32768201,33.1468085106383,22.164001,21.311916,78.87017,80.600006,82,maturity,0.0,False
2024-07-02,consortium2_ELMED_10616937_management0_32768201,32.93333333333333,21.359835,21.153584,69.35841,96.200005,83,maturity,0.0,False
2024-07-03,consortium2_ELMED_10616937_management0_32768201,32.77368421052632,19.4765,19.022333,77.337234,169.0,84,maturity,0.0,False
2024-07-04,consortium2_ELMED_10616937_management0_32768201,32.654736842105265,19.83275,19.603582,74.163414,0.0,85,maturity,0.0,False
2024-07-05,consortium2_ELMED_10616937_management0_32768201,32.49574468085106,21.024416,21.391083,74.712456,0.0,86,maturity,0.0,False
2024-07-06,consortium2_ELMED_10616937_management0_32768201,32.34166666666666,22.664001,23.064,71.07277,23.400002,87,maturity,0.0,False
2024-07-07,consortium2_ELMED_10616937_management0_32768201,32.22417582417582,21.949415,22.105665,79.63127,829.39996,88,maturity,0.0,False
2024-07-08,consortium2_ELMED_10616937_management0_32768201,32.68152173913044,23.055666,23.584831,73.35066,10.400001,89,maturity,0.0,False
2024-07-09,consortium2_ELMED_10616937_management0_32768201,32.92857142857143,23.8265,25.44525,69.58119,10.400001,90,maturity,0.0,False
2024-07-10,consortium2_ELMED_10616937_management0_32768201,32.73510638297872,24.5015,26.493166,66.012726,0.0,91,maturity,0.0,False
2024-07-11,consortium2_ELMED_10616937_management0_32768201,32.55698924731183,25.143167,26.974417,65.50013,0.0,92,maturity,0.0,False
2024-07-12,consortium2_ELMED_10616937_management0_32768201,32.44021739130435,24.186918,24.0515,79.02185,163.8,93,maturity,0.0,False
2024-07-13,consortium2_ELMED_10616937_management0_32768201,32.346875,23.3265,24.159834,67.34814,0.0,94,maturity,0.0,False
2024-07-14,consortium2_ELMED_10616937_management0_32768201,32.15161290322581,23.664001,24.639,65.721245,0.0,95,maturity,0.0,False
2024-07-15,consortium2_ELMED_10616937_management0_32768201,31.92391304347826,24.143166,25.514,66.60703,0.0,96,maturity,0.0,False
2024-07-16,consortium2_ELMED_10616937_management0_32768201,31.620833333333334,24.95775,26.441084,66.02828,0.0,97,maturity,0.0,False
2024-07-17,consortium2_ELMED_10616937_management0_32768201,31.291208791208792,25.228584,26.389,68.87684,44.2,98,maturity,0.0,False
2024-07-18,consortium2_ELMED_10616937_management0_32768201,30.961702127659574,25.153585,26.584831,67.256905,49.399998,99,maturity,0.0,False
2024-07-19,consortium2_ELMED_10616937_management0_32768201,30.66595744680851,25.47025,26.230665,72.44958,124.8,100,maturity,0.0,False
2024-07-20,consortium2_ELMED_10616937_management0_32768201,30.47578947368421,24.605665,24.564,64.61176,0.0,101,maturity,0.0,False
2024-07-21,consortium2_ELMED_10616937_management0_32768201,30.287096774193547,24.564,24.7265,73.66808,65.0,102,maturity,0.0,False
2024-07-22,consortium2_ELMED_10616937_management0_32768201,30.072043010752687,25.73275,26.34525,62.77625,7.8,103,maturity,0.0,False
2024-07-23,consortium2_ELMED_10616937_management0_32768201,29.861052631578943,24.441084,24.878584,71.13516,109.2,104,maturity,0.0,False
2024-07-24,consortium2_ELMED_10616937_management0_32768201,29.734736842105264,24.651499,24.695251,69.97806,0.0,105,maturity,0.0,False
2024-07-25,consortium2_ELMED_10616937_management0_32768201,29.560638297872345,24.053581,24.184835,69.2603,36.399998,106,maturity,0.0,False
2024-07-26,consortium2_ELMED_10616937_management0_32768201,29.370833333333334,25.203583,25.60775,67.67721,0.0,107,maturity,0.0,False
2024-07-27,consortium2_ELMED_10616937_management0_32768201,29.211702127659574,25.922333,26.441084,65.67684,5.2000003,108,maturity,0.0,False
2024-07-28,consortium2_ELMED_10616937_management0_32768201,29.025806451612905,26.455667,26.682749,70.4308,0.0,109,maturity,0.0,False
2024-07-29,consortium2_ELMED_10616937_management0_32768201,28.862765957446808,25.9515,26.074415,74.92806,49.4,110,maturity,0.0,False
2024-07-30,consortium2_ELMED_10616937_management0_32768201,28.771578947368422,25.980665,26.32025,73.08953,0.0,111,maturity,0.0,False
2024-07-31,consortium2_ELMED_10616937_management0_32768201,28.664583333333336,26.503584,26.976501,73.71618,2.6000001,112,maturity,0.0,False
2024-08-01,consortium2_ELMED_10616937_management0_32768201,28.594505494505494,26.861917,26.068167,75.65312,20.800001,113,maturity,0.0,False
2024-08-02,consortium2_ELMED_10616937_management0_32768201,28.693749999999998,25.35775,25.03275,70.748116,0.0,114,maturity,0.0,False
2024-08-03,consortium2_ELMED_10616937_management0_32768201,28.78804347826087,25.184835,25.597334,62.072876,10.400001,115,maturity,0.0,False
2024-08-04,consortium2_ELMED_10616937_management0_32768201,28.804255319148936,24.834835,24.266083,68.93048,109.2,116,maturity,0.0,False
2024-08-05,consortium2_ELMED_10616937_management0_32768201,28.9,25.474417,25.605665,67.18161,31.2,117,maturity,0.0,False
2024-08-06,consortium2_ELMED_10616937_management0_32768201,28.962365591397848,25.211916,24.972334,76.3618,59.8,118,maturity,0.0,False
2024-08-07,consortium2_ELMED_10616937_management0_32768201,29.018681318681317,24.976501,24.474417,74.7009,135.2,119,maturity,0.0,False
2024-08-08,consortium2_ELMED_10616937_management0_32768201,29.173684210526314,24.561918,25.449415,61.075493,0.0,120,maturity,0.0,False
2024-08-09,consortium2_ELMED_10616937_management0_32768201,29.159375,25.757751,26.3265,67.93427,7.8,121,maturity,0.0,False
2024-08-10,consortium2_ELMED_10616937_management0_32768201,29.06736842105263,26.843168,27.570251,68.23882,10.400001,122,maturity,0.0,False
2024-08-11,consortium2_ELMED_10616937_management0_32768201,28.977659574468085,27.822334,28.074415,69.45987,5.2000003,123,maturity,0.0,False
2024-08-12,consortium2_ELMED_10616937_management0_32768201,28.873684210526317,27.8765,28.54525,62.44385,0.0,124,maturity,0.0,False
2024-08-13,consortium2_ELMED_10616937_management0_32768201,28.81827956989247,27.499418,27.568167,62.892258,0.0,125,maturity,0.0,False
2024-08-14,consortium2_ELMED_10616937_management0_32768201,28.795744680851065,27.586916,27.95775,53.69315,0.0,126,maturity,0.0,False
2024-08-15,consortium2_ELMED_10616937_management0_32768201,28.856521739130436,26.222334,26.6765,59.716854,0.0,127,maturity,0.0,False
2024-08-16,consortium2_ELMED_10616937_management0_32768201,29.016304347826086,26.7515,27.08275,59.273308,2.6000001,128,maturity,0.0,False
2024-08-17,consortium2_ELMED_10616937_management0_32768201,29.062105263157896,26.699415,26.343168,59.298016,26.0,129,maturity,0.0,False
2024-08-18,consortium2_ELMED_10616937_management0_32768201,29.08936170212766,23.443167,22.818167,75.13771,104.0,130,maturity,0.0,False
2024-08-19,consortium2_ELMED_10616937_management0_32768201,29.144791666666666,22.841082,23.120249,72.800545,98.799995,131,maturity,0.0,False
2024-08-20,consortium2_ELMED_10616937_management0_32768201,29.273684210526316,23.630667,24.818167,68.97525,70.2,132,maturity,0.0,False
2024-08-21,consortium2_ELMED_10616937_management0_32768201,29.398947368421055,24.934835,25.984833,62.952152,15.6,133,maturity,0.0,False
2024-08-22,consortium2_ELMED_10616937_management0_32768201,29.502127659574466,24.641083,24.609833,68.339424,33.800003,134,maturity,0.0,False
2024-08-23,consortium2_ELMED_10616937_management0_32768201,29.59891304347826,24.993166,25.543165,69.39071,28.6,135,maturity,0.0,False
2024-08-24,consortium2_ELMED_10616937_management0_32768201,29.632978723404257,25.866081,26.384834,64.86549,5.2000003,136,maturity,0.0,False
2024-08-25,consortium2_ELMED_10616937_management0_32768201,29.6494623655914,26.053581,26.605665,61.70794,7.8,137,maturity,0.0,False
2024-08-26,consortium2_ELMED_10616937_management0_32768201,29.72947368421053,25.218168,25.647331,58.355778,5.2000003,138,maturity,0.0,False
2024-08-27,consortium2_ELMED_10616937_management0_32768201,29.879347826086956,24.105665,24.2515,63.31051,5.2000003,139,maturity,0.0,False
2024-08-28,consortium2_ELMED_10616937_management0_32768201,30.035869565217393,24.29525,24.764,65.86165,0.0,140,maturity,0.0,False
2024-08-29,consortium2_ELMED_10616937_management0_32768201,30.10625,25.168165,26.58275,55.856804,0.0,141,maturity,0.0,False
2024-08-30,consortium2_ELMED_10616937_management0_32768201,30.081914893617018,25.432749,26.83275,55.186928,0.0,142,maturity,0.0,False
2024-08-31,consortium2_ELMED_10616937_management0_32768201,30.02258064516129,25.514,26.774416,61.56284,15.6,143,maturity,0.0,False
2024-09-01,consortium2_ELMED_10616937_management0_32768201,30.025000000000002,25.022331,25.405668,62.80173,0.0,144,maturity,0.0,False
2024-09-02,consortium2_ELMED_10616937_management0_32768201,30.16105263157895,24.572334,25.468168,53.85308,2.6000001,145,maturity,0.0,False
2024-09-03,consortium2_ELMED_10616937_management0_32768201,30.311702127659576,23.972334,23.780668,70.17066,7.8,146,maturity,0.0,False
2024-09-04,consortium2_ELMED_10616937_management0_32768201,30.508333333333336,23.755667,24.311918,62.63995,0.0,147,maturity,0.0,False
2024-09-05,consortium2_ELMED_10616937_management0_32768201,30.80537634408602,20.122334,20.29525,82.16009,1318.2001,148,maturity,0.0,False
2024-09-06,consortium2_ELMED_10616937_management0_32768201,31.055208333333336,20.80775,20.784834,76.08647,18.2,149,maturity,0.0,False
2024-09-07,consortium2_ELMED_10616937_management0_32768201,31.24791666666667,21.636915,20.62025,79.43184,0.0,150,maturity,0.0,False
2024-09-08,consortium2_ELMED_10616937_management0_32768201,31.43617021276596,20.566084,20.684834,86.73955,798.2,151,maturity,0.0,False
2024-09-09,consortium2_ELMED_10616937_management0_32768201,31.718947368421055,20.65775,20.724417,70.60912,943.80005,152,maturity,0.0,False
2024-09-10,consortium2_ELMED_10616937_management0_32768201,31.955434782608698,19.682749,21.147331,57.667095,0.0,153,maturity,0.0,False
2024-09-11,consortium2_ELMED_10616937_management0_32768201,32.18681318681319,19.614,19.472334,77.257576,104.0,154,maturity,0.0,False
2024-09-12,consortium2_ELMED_10616937_management0_32768201,32.56842105263158,15.9452505,14.255667,76.76527,338.0,155,maturity,0.0,False
2024-09-13,consortium2_ELMED_10616937_management0_32768201,33.89368421052632,14.080667,12.991084,57.896267,5.2000003,156,maturity,0.0,False
2024-09-14,consortium2_ELMED_10616937_management0_32768201,34.159574468085104,14.572332,13.52025,52.241234,0.0,157,maturity,0.0,False
2024-09-15,consortium2_ELMED_10616937_management0_32768201,34.1436170212766,16.249418,15.453584,47.02787,0.0,158,maturity,0.0,False
2024-09-16,consortium2_ELMED_10616937_management0_32768201,34.22826086956522,15.980667,14.786917,59.373344,49.399998,159,maturity,0.0,False
2024-09-17,consortium2_ELMED_10616937_management0_32768201,34.32333333333333,15.861917,15.478583,64.699776,163.79999,160,maturity,0.0,False
2024-09-18,consortium2_ELMED_10616937_management0_32768201,34.45108695652174,15.178584,16.428583,66.20114,0.0,161,maturity,0.0,False
2024-09-19,consortium2_ELMED_10616937_management0_32768201,34.51304347826087,16.464,17.911917,60.69147,2.6000001,162,maturity,0.0,False
2024-09-20,consortium2_ELMED_10616937_management0_32768201,34.62391304347826,16.8515,17.9015,69.86715,18.199999,163,maturity,0.0,False
2024-09-21,consortium2_ELMED_10616937_management0_32768201,34.66881720430108,17.24525,18.016085,72.78811,31.199999,164,maturity,0.0,False
2024-09-22,consortium2_ELMED_10616937_management0_32768201,34.75326086956522,16.674417,17.668167,73.05492,0.0,165,maturity,0.0,False
2024-09-23,consortium2_ELMED_10616937_management0_32768201,34.87446808510638,16.897333,17.459833,77.748795,790.39996,166,maturity,0.0,False
2024-09-24,consortium2_ELMED_10616937_management0_32768201,35.07659574468085,16.978584,17.20775,76.314445,26.0,167,maturity,0.0,False
2024-09-25,consortium2_ELMED_10616937_management0_32768201,35.27872340425532,16.674417,15.761917,78.79125,0.0,168,maturity,0.0,False
2024-09-26,consortium2_ELMED_10616937_management0_32768201,35.57021276595744,16.903584,17.336916,84.07514,530.39996,169,maturity,0.0,False
2024-09-27,consortium2_ELMED_10616937_management0_32768201,37.2378947368421,18.259832,19.07025,82.169624,78.0,170,maturity,0.0,False
2024-09-28,consortium2_ELMED_10616937_management0_32768201,38.39354838709677,16.830667,15.9765005,69.93533,93.6,171,maturity,0.0,False
2024-09-29,consortium2_ELMED_10616937_management0_32768201,37.79789473684211,14.999416,14.793167,60.531773,0.0,172,maturity,0.0,False
2024-09-30,consortium2_ELMED_10616937_management0_32768201,37.547826086956526,15.418167,14.103582,79.6399,2.6000001,173,maturity,0.0,False
2024-10-01,consortium2_ELMED_10616937_management0_32768201,37.46344086021505,15.3015,14.6952505,84.62782,26.0,174,maturity,0.0,False
2024-10-02,consortium2_ELMED_10616937_management0_32768201,37.71157894736842,15.628582,16.003582,85.09973,561.60004,175,maturity,0.0,False
2024-10-03,consortium2_ELMED_10616937_management0_32768201,38.920833333333334,13.768167,13.111917,87.10962,436.8,176,maturity,0.0,False
2024-10-04,consortium2_ELMED_10616937_management0_32768201,49.54479166666667,12.641084,12.072332,76.9064,135.20001,177,maturity,0.0,False
2024-10-05,consortium2_ELMED_10616937_management0_32768201,51.42315789473684,12.488999,12.4140005,75.02193,5.2000003,178,maturity,0.0,False
2024-10-06,consortium2_ELMED_10616937_management0_32768201,49.23085106382978,13.343166,12.284832,83.29762,0.0,179,maturity,0.0,False
2024-10-07,consortium2_ELMED_10616937_management0_32768201,42.88404255319149,13.934834,13.366084,87.199326,39.0,180,maturity,0.0,False
2024-10-08,consortium2_ELMED_10616937_management0_32768201,43.7,15.026501,15.734834,90.96414,1450.7999,181,maturity,0.0,False
2024-10-09,consortium2_ELMED_10616937_management0_32768201,47.97446808510639,15.4765005,16.516085,81.79312,67.6,182,maturity,0.0,False
2024-10-10,consortium2_ELMED_10616937_management0_32768201,47.946236559139784,15.293167,16.822332,79.84753,517.39996,183,maturity,0.0,False
2024-10-11,consortium2_ELMED_10616937_management0_32768201,47.58723404255319,13.116084,14.999415,62.27207,2.6000001,184,maturity,0.0,False
2024-10-12,consortium2_ELMED_10616937_management0_32768201,47.844210526315784,12.932751,13.780666,75.066216,7.8,185,maturity,0.0,False
2024-10-13,consortium2_ELMED_10616937_management0_32768201,45.75698924731182,13.511917,12.816082,86.06738,0.0,186,maturity,0.0,False
2024-10-14,consortium2_ELMED_10616937_management0_32768201,42.26914893617021,13.661917,13.401501,88.63496,0.0,187,maturity,0.0,False
2024-10-15,consortium2_ELMED_10616937_management0_32768201,40.65806451612903,14.826499,15.120251,79.03198,0.0,188,maturity,0.0,False
2024-10-16,consortium2_ELMED_10616937_management0_32768201,39.04347826086956,14.72025,15.645249,88.37109,158.59999,189,maturity,0.0,False
2024-10-17,consortium2_ELMED_10616937_management0_32768201,38.86021505376344,16.10775,17.609835,81.86833,54.6,190,maturity,0.0,False
2024-10-18,consortium2_ELMED_10616937_management0_32768201,44.582608695652176,15.839001,16.305666,89.209785,826.8,191,maturity,0.0,False
2024-10-19,consortium2_ELMED_10616937_management0_32768201,49.51075268817204,14.65775,15.0702505,91.559814,491.4,192,maturity,0.0,False
2024-10-20,consortium2_ELMED_10616937_management0_32768201,49.338297872340426,16.143167,17.968166,81.40095,15.6,193,maturity,0.0,False
2024-10-21,consortium2_ELMED_10616937_management0_32768201,49.55789473684211,15.263999,15.722335,87.924126,0.0,194,maturity,0.0,False
2024-10-22,consortium2_ELMED_10616937_management0_32768201,47.868817204301074,15.572332,16.461916,84.77098,2.6000001,195,maturity,0.0,False
2024-10-23,consortium2_ELMED_10616937_management0_32768201,41.787234042553195,15.307751,16.016085,91.90811,470.6,196,maturity,0.0,False
2024-10-24,consortium2_ELMED_10616937_management0_32768201,41.24842105263158,15.84525,16.57025,83.49333,65.0,197,maturity,0.0,False
2024-10-25,consortium2_ELMED_10616937_management0_32768201,39.92978723404256,15.022334,15.430666,82.49207,10.400001,198,maturity,0.0,False
2024-10-26,consortium2_ELMED_10616937_management0_32768201,39.25869565217391,16.214,17.518167,80.60242,205.40001,199,maturity,0.0,False
2024-10-27,consortium2_ELMED_10616937_management0_32768201,39.16868686868687,15.013999,16.161917,82.539566,5.2000003,200,maturity,0.0,False
2024-10-28,consortium2_ELMED_10616937_management0_32768201,39.0531914893617,14.799417,15.180666,84.566536,0.0,201,maturity,0.0,False
2024-10-29,consortium2_ELMED_10616937_management0_32768201,38.879120879120876,13.920249,14.9765005,80.21477,0.0,202,maturity,0.0,False
2024-10-30,consortium2_ELMED_10616937_management0_32768201,38.743478260869566,13.520249,14.478582,81.86419,0.0,203,maturity,0.0,False
2024-10-31,consortium2_ELMED_10616937_management0_32768201,38.56739130434783,12.641084,14.822333,76.09216,0.0,204,maturity,0.0,False
2024-11-01,consortium2_ELMED_10616937_management0_32768201,38.40860215053763,12.024416,13.222332,78.659195,0.0,205,maturity,0.0,False
2024-11-02,consortium2_ELMED_10616937_management0_32768201,38.27142857142857,11.513999,13.34525,75.196884,0.0,206,maturity,0.0,False
2024-11-03,consortium2_ELMED_10616937_management0_32768201,38.14895833333333,11.120251,11.749416,81.76452,0.0,207,maturity,0.0,False
2024-11-04,consortium2_ELMED_10616937_management0_32768201,38.003191489361704,11.018167,11.741084,81.68942,0.0,208,maturity,0.0,False
2024-11-05,consortium2_ELMED_10616937_management0_32768201,37.876344086021504,9.384833,10.909832,71.58399,0.0,209,maturity,0.0,False
2024-11-06,consortium2_ELMED_10616937_management0_32768201,37.77127659574468,8.6265,10.886917,66.32506,0.0,210,maturity,0.0,False
2024-11-07,consortium2_ELMED_10616937_management0_32768201,37.667391304347824,8.543167,11.299417,66.26952,0.0,211,maturity,0.0,False
2024-11-08,consortium2_ELMED_10616937_management0_32768201,37.558064516129036,8.536918,10.886917,73.27928,0.0,212,maturity,0.0,False
2024-11-09,consortium2_ELMED_10616937_management0_32768201,37.4554347826087,8.463999,10.451501,75.42482,0.0,213,maturity,0.0,False
2024-11-10,consortium2_ELMED_10616937_management0_32768201,37.36086956521739,7.6785836,9.768167,73.59571,0.0,214,maturity,0.0,False
2024-11-11,consortium2_ELMED_10616937_management0_32768201,37.2763440860215,6.891083,8.745249,67.182945,0.0,215,maturity,0.0,False
2024-11-12,consortium2_ELMED_10616937_management0_32768201,37.18526315789474,4.4577503,6.697334,69.80363,0.0,216,maturity,0.0,False
2024-11-13,consortium2_ELMED_10616937_management0_32768201,37.101063829787236,2.5619166,6.0535836,67.55111,20.800001,217,maturity,0.0,False
2024-11-14,consortium2_ELMED_10616937_management0_32768201,37.007446808510636,3.2306669,6.055667,69.178444,5.2000003,218,maturity,0.0,False
2024-11-15,consortium2_ELMED_10616937_management0_32768201,36.95368421052631,1.5848333,4.5494165,57.374676,0.0,219,maturity,0.0,False
2024-11-16,consortium2_ELMED_10616937_management0_32768201,36.86774193548387,1.164,4.7577496,60.76603,0.0,220,maturity,0.0,False
2024-11-17,consortium2_ELMED_10616937_management0_32768201,36.8,1.1181667,4.741083,58.845398,0.0,221,maturity,0.0,False
2024-11-18,consortium2_ELMED_10616937_management0_32768201,36.74526315789474,3.4306667,5.9327497,68.46608,0.0,222,maturity,0.0,False
2024-11-19,consortium2_ELMED_10616937_management0_32768201,36.69247311827957,4.1765003,6.055667,76.880135,0.0,223,maturity,0.0,False
2024-11-20,consortium2_ELMED_10616937_management0_32768201,36.61595744680851,5.6140003,6.655667,61.532005,85.8,224,maturity,0.0,False
2024-11-21,consortium2_ELMED_10616937_management0_32768201,36.58936170212766,3.1681669,1.7035834,53.581806,106.6,225,maturity,0.0,False
2024-11-22,consortium2_ELMED_10616937_management0_32768201,36.5,2.5806668,-0.31308332,66.91511,5.2000003,226,maturity,0.0,False
2024-11-23,consortium2_ELMED_10616937_management0_32768201,36.46875,1.7702501,-0.5401667,60.32768,0.0,227,maturity,0.0,False
2024-11-24,consortium2_ELMED_10616937_management0_32768201,36.4,1.4556668,2.08275,72.91058,0.0,228,maturity,0.0,False
2024-11-25,consortium2_ELMED_10616937_management0_32768201,36.35263157894737,2.0535834,4.222333,85.34017,0.0,229,maturity,0.0,False
2024-11-26,consortium2_ELMED_10616937_management0_32768201,36.3,2.2973332,4.65775,93.91483,36.399998,230,maturity,0.0,False
2024-11-27,consortium2_ELMED_10616937_management0_32768201,36.3,2.8473334,6.061917,90.4412,0.0,231,maturity,0.0,False
2024-11-28,consortium2_ELMED_10616937_management0_32768201,36.3,4.064,5.399417,95.48943,10.400001,232,maturity,0.0,False
2024-11-29,consortium2_ELMED_10616937_management0_32768201,36.271875,3.64525,3.89525,71.18706,0.0,233,maturity,0.0,False
2024-11-30,consortium2_ELMED_10616937_management0_32768201,36.2021052631579,2.5744166,2.8848333,65.405785,0.0,234,maturity,0.0,False
2024-12-01,consortium2_ELMED_10616937_management0_32768201,36.18958333333334,2.1910834,2.70775,63.073086,0.0,235,maturity,0.0,False
2024-12-02,consortium2_ELMED_10616937_management0_32768201,36.104166666666664,1.0348334,2.7931669,59.0835,0.0,236,maturity,0.0,False
2024-12-03,consortium2_ELMED_10616937_management0_32768201,36.1,2.3285832,3.3306665,78.513336,0.0,237,maturity,0.0,False
2024-12-04,consortium2_ELMED_10616937_management0_32768201,36.061458333333334,3.4390001,5.3035836,77.03109,0.0,238,maturity,0.0,False
2024-12-05,consortium2_ELMED_10616937_management0_32768201,36.00126582278481,3.2494166,2.4556668,62.58608,0.0,239,maturity,0.0,False
2024-12-06,consortium2_ELMED_10616937_management0_32768201,36.0,2.2973332,3.19525,64.16619,18.199999,240,maturity,0.0,False
2024-12-07,consortium2_ELMED_10616937_management0_32768201,35.96631578947368,3.2056665,2.9765,57.542088,31.2,241,maturity,0.0,False
2024-12-08,consortium2_ELMED_10616937_management0_32768201,35.9595744680851,3.20775,3.2765002,89.43254,561.60004,242,maturity,0.0,False
2024-12-09,consortium2_ELMED_10616937_management0_32768201,35.92978723404256,3.4848332,4.0098333,78.4288,2.6000001,243,maturity,0.0,False
2024-12-10,consortium2_ELMED_10616937_management0_32768201,35.921875,2.8681667,3.8723333,76.17156,0.0,244,maturity,0.0,False
2024-12-11,consortium2_ELMED_10616937_management0_32768201,35.905208333333334,2.4702501,1.1598334,79.94115,0.0,245,maturity,0.0,False
2024-12-12,consortium2_ELMED_10616937_management0_32768201,35.901041666666664,1.9119167,0.055666666,75.66791,0.0,246,maturity,0.0,False
2024-12-13,consortium2_ELMED_10616937_management0_32768201,35.9,0.8119167,0.2931667,70.5524,0.0,247,maturity,0.0,False
2024-12-14,consortium2_ELMED_10616937_management0_32768201,35.9,1.9306667,1.5931666,84.6798,20.800001,248,maturity,0.0,False
2024-12-15,consortium2_ELMED_10616937_management0_32768201,35.9,1.0765,0.76400006,73.964264,0.0,249,maturity,0.0,False
2024-12-16,consortium2_ELMED_10616937_management0_32768201,35.9,1.2244166,3.1202502,70.622955,0.0,250,maturity,0.0,False
2024-12-17,consortium2_ELMED_10616937_management0_32768201,35.9,1.6889999,2.7119167,78.440674,0.0,251,maturity,0.0,False
2024-12-18,consortium2_ELMED_10616937_management0_32768201,35.895833333333336,1.7431667,2.399417,71.75696,0.0,252,maturity,0.0,False
2024-12-19,consortium2_ELMED_10616937_management0_32768201,35.86808510638298,1.4410833,2.1223335,87.708405,291.19998,253,maturity,0.0,False
2024-12-20,consortium2_ELMED_10616937_management0_32768201,35.9,1.7931666,2.7494166,61.782715,70.200005,254,maturity,0.0,False
2024-12-21,consortium2_ELMED_10616937_management0_32768201,35.9,-0.4964167,-2.2630832,65.89232,0.0,255,maturity,0.0,False
2024-12-22,consortium2_ELMED_10616937_management0_32768201,35.9,0.62025005,-0.7776666,80.13262,67.6,256,maturity,0.0,False
2024-12-23,consortium2_ELMED_10616937_management0_32768201,35.9,0.45983335,-0.54225,64.92712,0.0,257,maturity,0.0,False
2024-12-24,consortium2_ELMED_10616937_management0_32768201,35.9,-0.38183334,-0.80266666,57.76854,0.0,258,maturity,0.0,False
2024-12-25,consortium2_ELMED_10616937_management0_32768201,35.9,0.689,-1.5130832,61.740116,0.0,259,maturity,0.0,False
2024-12-26,consortium2_ELMED_10616937_management0_32768201,35.9,0.31191668,-0.7276666,55.754475,0.0,260,maturity,0.0,False
2024-12-27,consortium2_ELMED_10616937_management0_32768201,35.9,0.059833325,0.38275,55.852676,0.0,261,maturity,0.0,False
2024-12-28,consortium2_ELMED_10616937_management0_32768201,35.9,1.8244166,3.2765002,60.551674,0.0,262,maturity,0.0,False
2024-12-29,consortium2_ELMED_10616937_management0_32768201,35.9,0.87025,3.7619169,61.49119,0.0,263,maturity,0.0,False
2024-12-30,consortium2_ELMED_10616937_management0_32768201,35.9,0.43900007,3.3431666,58.105225,0.0,264,maturity,0.0,False
2024-12-31,consortium2_ELMED_10616937_management0_32768201,35.9,0.43900007,3.2369165,55.62591,0.0,265,maturity,0.0,False
2025-01-01,consortium2_ELMED_10616937_management0_32768201,35.89895833333333,0.27233335,1.6994166,61.666996,0.0,266,maturity,0.0,False
2025-01-02,consortium2_ELMED_10616937_management0_32768201,35.85164835164835,1.189,2.4285834,89.3757,0.0,267,maturity,0.0,False
2025-01-03,consortium2_ELMED_10616937_management0_32768201,35.84270833333333,2.4806666,2.664,73.9053,10.400001,268,maturity,0.0,False
2025-01-04,consortium2_ELMED_10616937_management0_32768201,35.8,2.5577502,0.9140001,69.52392,0.0,269,maturity,0.0,False
2025-01-05,consortium2_ELMED_10616937_management0_32768201,35.8,2.2973332,1.1556666,89.13497,0.0,270,maturity,0.0,False
2025-01-06,consortium2_ELMED_10616937_management0_32768201,35.8,1.5556667,4.5994167,90.567,145.59999,271,maturity,0.0,False
2025-01-07,consortium2_ELMED_10616937_management0_32768201,35.84791666666666,2.77025,4.7869167,93.26507,288.6,272,maturity,0.0,False
2025-01-08,consortium2_ELMED_10616937_management0_32768201,35.9,3.1785836,4.3327503,83.76245,13.0,273,maturity,0.0,False
2025-01-09,consortium2_ELMED_10616937_management0_32768201,36.088541666666664,2.514,5.2723336,92.72497,163.8,274,maturity,0.0,False
2025-01-10,consortium2_ELMED_10616937_management0_32768201,36.71157894736842,3.2265,3.6535833,70.44168,10.400001,275,maturity,0.0,False
2025-01-11,consortium2_ELMED_10616937_management0_32768201,36.8,1.9723333,1.7140001,65.42486,0.0,276,maturity,0.0,False
2025-01-12,consortium2_ELMED_10616937_management0_32768201,36.744086021505375,2.8869169,0.6848334,48.33378,0.0,277,maturity,0.0,False
2025-01-13,consortium2_ELMED_10616937_management0_32768201,36.6445652173913,2.9848332,0.6306667,48.896805,0.0,278,maturity,0.0,False
2025-01-14,consortium2_ELMED_10616937_management0_32768201,36.54479166666667,1.2514999,0.98483336,48.752625,0.0,279,maturity,0.0,False
2025-01-15,consortium2_ELMED_10616937_management0_32768201,36.476344086021506,0.66608334,2.5848334,44.592327,0.0,280,maturity,0.0,False
2025-01-16,consortium2_ELMED_10616937_management0_32768201,36.4,3.1056669,3.6598334,64.61403,0.0,281,maturity,0.0,False
2025-01-17,consortium2_ELMED_10616937_management0_32768201,36.35104166666667,2.2973332,2.8265,69.800606,0.0,282,maturity,0.0,False
2025-01-18,consortium2_ELMED_10616937_management0_32768201,36.3,3.1869166,4.1119165,51.510933,0.0,283,maturity,0.0,False
2025-01-19,consortium2_ELMED_10616937_management0_32768201,36.3,3.6806667,6.2952495,73.48241,62.4,284,maturity,0.0,False
2025-01-20,consortium2_ELMED_10616937_management0_32768201,36.3,2.8452501,5.1014996,88.44411,7.8,285,maturity,0.0,False
2025-01-21,consortium2_ELMED_10616937_management0_32768201,36.23854166666667,2.85775,5.4598336,83.48645,7.8,286,maturity,0.0,False
2025-01-22,consortium2_ELMED_10616937_management0_32768201,36.2,2.4327502,4.0681667,88.16255,18.199999,287,maturity,0.0,False
2025-01-23,consortium2_ELMED_10616937_management0_32768201,36.2,2.7515001,4.2390003,96.645256,132.59999,288,maturity,0.0,False
2025-01-24,consortium2_ELMED_10616937_management0_32768201,36.2,2.4994166,4.6035833,82.01359,0.0,289,maturity,0.0,False
2025-01-25,consortium2_ELMED_10616937_management0_32768201,36.2,2.2098334,5.2390003,86.75532,0.0,290,maturity,0.0,False
2025-01-26,consortium2_ELMED_10616937_management0_32768201,36.2,3.1848333,5.3327503,94.6101,387.4,291,maturity,0.0,False
2025-01-27,consortium2_ELMED_10616937_management0_32768201,36.26770833333333,4.04525,5.280667,94.53796,400.4,292,maturity,0.0,False
2025-01-28,consortium2_ELMED_10616937_management0_32768201,47.17684210526316,4.774417,6.509834,89.88948,798.19995,293,maturity,0.0,False
2025-01-29,consortium2_ELMED_10616937_management0_32768201,49.65520833333333,4.3514996,4.9556665,83.75038,0.0,294,maturity,0.0,False
2025-01-30,consortium2_ELMED_10616937_management0_32768201,49.963157894736845,4.53275,5.3619165,79.65944,0.0,295,maturity,0.0,False
2025-01-31,consortium2_ELMED_10616937_management0_32768201,49.93958333333333,3.9973333,5.3306665,78.28938,23.400002,296,maturity,0.0,False
2025-02-01,consortium2_ELMED_10616937_management0_32768201,46.242105263157896,4.872333,6.2577496,86.99447,119.6,297,maturity,0.0,False
2025-02-02,consortium2_ELMED_10616937_management0_32768201,40.58105263157895,4.334833,4.9890003,80.939926,0.0,298,maturity,0.0,False
2025-02-03,consortium2_ELMED_10616937_management0_32768201,39.67604166666667,4.1119165,5.249417,70.371284,0.0,299,maturity,0.0,False
2025-02-04,consortium2_ELMED_10616937_management0_32768201,37.694736842105264,4.184833,4.5369167,70.52411,0.0,300,maturity,0.0,False
2025-02-05,consortium2_ELMED_10616937_management0_32768201,37.11595744680851,4.124417,5.53275,59.474205,0.0,301,maturity,0.0,False
2025-02-06,consortium2_ELMED_10616937_management0_32768201,36.95483870967742,3.8015,5.434833,56.998,0.0,302,maturity,0.0,False
2025-02-07,consortium2_ELMED_10616937_management0_32768201,36.81458333333333,3.8140001,3.3265,72.392815,0.0,303,maturity,0.0,False
2025-02-08,consortium2_ELMED_10616937_management0_32768201,36.74623655913979,3.6556666,3.6910834,82.773674,39.0,304,maturity,0.0,False
2025-02-09,consortium2_ELMED_10616937_management0_32768201,36.71041666666667,4.1994166,4.999417,94.01942,392.6,305,maturity,0.0,False
2025-02-10,consortium2_ELMED_10616937_management0_32768201,37.10208333333333,6.1140003,7.7577496,83.28382,20.800001,306,maturity,0.0,False
2025-02-11,consortium2_ELMED_10616937_management0_32768201,37.539784946236566,6.9014997,7.759834,90.43436,49.399998,307,maturity,0.0,False
2025-02-12,consortium2_ELMED_10616937_management0_32768201,37.33297872340425,7.189,8.316084,85.32096,13.0,308,maturity,0.0,False
2025-02-13,consortium2_ELMED_10616937_management0_32768201,37.18021978021978,7.2556667,7.7639995,86.35512,2.6000001,309,maturity,0.0,False
2025-02-14,consortium2_ELMED_10616937_management0_32768201,37.081250000000004,5.641083,5.0494165,69.69105,270.4,310,maturity,0.0,False
2025-02-15,consortium2_ELMED_10616937_management0_32768201,36.988297872340425,3.4306667,2.6660833,57.731113,0.0,311,maturity,0.0,False
2025-02-16,consortium2_ELMED_10616937_management0_32768201,36.898936170212764,3.5473332,3.0181665,79.79317,0.0,312,maturity,0.0,False
2025-02-17,consortium2_ELMED_10616937_management0_32768201,36.8063829787234,3.7202501,2.5473332,76.8135,0.0,313,maturity,0.0,False
2025-02-18,consortium2_ELMED_10616937_management0_32768201,36.77473684210526,4.0119166,2.5952501,74.21932,0.0,314,maturity,0.0,False
2025-02-19,consortium2_ELMED_10616937_management0_32768201,36.7,3.4306667,1.8931668,73.26969,0.0,315,maturity,0.0,False
2025-02-20,consortium2_ELMED_10616937_management0_32768201,36.62947368421053,2.4473333,3.5952501,72.072556,0.0,316,maturity,0.0,False
2025-02-21,consortium2_ELMED_10616937_management0_32768201,36.584375,1.8848335,6.2452497,64.90872,0.0,317,maturity,0.0,False
2025-02-22,consortium2_ELMED_10616937_management0_32768201,36.50833333333333,3.1556666,5.668167,81.69953,0.0,318,maturity,0.0,False
2025-02-23,consortium2_ELMED_10616937_management0_32768201,36.5,5.3598332,7.3931665,81.554085,0.0,319,maturity,0.0,False
2025-02-24,consortium2_ELMED_10616937_management0_32768201,36.47684210526316,6.9535837,8.649416,79.56839,5.2000003,320,maturity,0.0,False
2025-02-25,consortium2_ELMED_10616937_management0_32768201,36.42127659574468,8.318167,9.743166,88.09532,72.799995,321,maturity,0.0,False
2025-02-26,consortium2_ELMED_10616937_management0_32768201,36.436458333333334,7.6910834,8.934834,87.137054,114.4,322,maturity,0.0,False
2025-02-27,consortium2_ELMED_10616937_management0_32768201,36.43958333333333,7.091083,8.297334,68.603134,0.0,323,maturity,0.0,False
2025-02-28,consortium2_ELMED_10616937_management0_32768201,36.420833333333334,7.014,7.28275,73.43726,41.600002,324,maturity,0.0,False
2025-03-01,consortium2_ELMED_10616937_management0_32768201,36.416666666666664,6.7848334,6.92025,66.21844,5.2000003,325,maturity,0.0,False
2025-03-02,consortium2_ELMED_10616937_management0_32768201,36.411458333333336,5.868167,6.92025,61.65694,0.0,326,maturity,0.0,False
2025-03-03,consortium2_ELMED_10616937_management0_32768201,36.40106382978723,6.03275,7.09525,68.05231,0.0,327,maturity,0.0,False
2025-03-04,consortium2_ELMED_10616937_management0_32768201,36.4,6.6285834,8.022333,63.83048,0.0,328,maturity,0.0,False
2025-03-05,consortium2_ELMED_10616937_management0_32768201,36.4,7.10775,9.6265,53.762016,0.0,329,maturity,0.0,False
2025-03-06,consortium2_ELMED_10616937_management0_32768201,36.3778947368421,7.386917,9.65775,54.94763,0.0,330,maturity,0.0,False
2025-03-07,consortium2_ELMED_10616937_management0_32768201,36.31979166666667,7.3181663,9.239,56.57866,0.0,331,maturity,0.0,False
2025-03-08,consortium2_ELMED_10616937_management0_32768201,36.3,7.3973336,9.497334,54.814857,0.0,332,maturity,0.0,False
2025-03-09,consortium2_ELMED_10616937_management0_32768201,36.3,8.318167,11.02025,55.752487,0.0,333,maturity,0.0,False
2025-03-10,consortium2_ELMED_10616937_management0_32768201,36.3,8.747334,9.716084,75.722015,455.0,334,maturity,0.0,False
2025-03-11,consortium2_ELMED_10616937_management0_32768201,36.31052631578947,9.255667,10.724417,72.99798,13.0,335,maturity,0.0,False
2025-03-12,consortium2_ELMED_10616937_management0_32768201,36.38854166666666,9.447333,10.551499,81.01232,322.4,336,maturity,0.0,False
2025-03-13,consortium2_ELMED_10616937_management0_32768201,36.63263157894737,9.186917,9.605667,78.52266,127.4,337,maturity,0.0,False
2025-03-14,consortium2_ELMED_10616937_management0_32768201,37.45789473684211,8.455667,9.134833,81.92681,176.8,338,maturity,0.0,False
2025-03-15,consortium2_ELMED_10616937_management0_32768201,38.438541666666666,8.826501,10.1952505,80.79867,275.6,339,maturity,0.0,False
2025-03-16,consortium2_ELMED_10616937_management0_32768201,46.822916666666664,8.814,9.509833,74.3155,192.40001,340,maturity,0.0,False
2025-03-17,consortium2_ELMED_10616937_management0_32768201,49.990625,8.061917,8.647333,66.38569,5.2000003,341,maturity,0.0,False
2025-03-18,consortium2_ELMED_10616937_management0_32768201,50.11354166666667,6.559833,5.591083,68.45861,0.0,342,maturity,0.0,False
2025-03-19,consortium2_ELMED_10616937_management0_32768201,45.31684210526316,6.0702496,6.314,66.048996,0.0,343,maturity,0.0,False
2025-03-20,consortium2_ELMED_10616937_management0_32768201,40.49578947368421,6.7452497,6.947334,69.52764,0.0,344,maturity,0.0,False
2025-03-21,consortium2_ELMED_10616937_management0_32768201,38.410526315789475,7.6452503,8.005667,72.892815,0.0,345,maturity,0.0,False
2025-03-22,consortium2_ELMED_10616937_management0_32768201,37.31157894736842,8.884833,10.272334,80.52007,205.40001,346,maturity,0.0,False
2025-03-23,consortium2_ELMED_10616937_management0_32768201,37.194736842105264,8.966084,9.797334,83.296684,249.6,347,maturity,0.0,False
2025-03-24,consortium2_ELMED_10616937_management0_32768201,37.2,9.353583,10.922334,69.495895,0.0,348,maturity,0.0,False
2025-03-25,consortium2_ELMED_10616937_management0_32768201,37.2,9.397333,10.972332,70.36339,7.8,349,maturity,0.0,False
2025-03-26,consortium2_ELMED_10616937_management0_32768201,37.148936170212764,9.384833,11.153584,64.4967,0.0,350,maturity,0.0,False
2025-03-27,consortium2_ELMED_10616937_management0_32768201,37.1,9.9765005,12.005667,56.940567,0.0,351,maturity,0.0,False
2025-03-28,consortium2_ELMED_10616937_management0_32768201,37.04,10.324417,12.116084,59.505436,20.800001,352,maturity,0.0,False
2025-03-29,consortium2_ELMED_10616937_management0_32768201,37.0,10.366084,11.730667,74.435776,93.600006,353,maturity,0.0,False
2025-03-30,consortium2_ELMED_10616937_management0_32768201,36.94615384615385,11.918167,13.432751,59.725418,5.2000003,354,maturity,0.0,False
2025-03-31,consortium2_ELMED_10616937_management0_32768201,36.9,10.630667,10.830667,46.758385,0.0,355,maturity,0.0,False
2025-04-01,consortium2_ELMED_10616937_management0_32768201,36.867368421052625,8.949417,8.8015,49.396996,2.6000001,356,maturity,0.0,False
2025-04-02,consortium2_ELMED_10616937_management0_32768201,36.8,10.903584,12.343166,60.39595,98.8,357,maturity,0.0,False
2025-04-03,consortium2_ELMED_10616937_management0_32768201,36.8,11.061916,12.653584,68.86156,0.0,358,maturity,0.0,False
2025-04-04,consortium2_ELMED_10616937_management0_32768201,36.74,11.614,13.628582,63.70068,0.0,359,maturity,0.0,False
2025-04-05,consortium2_ELMED_10616937_management0_32768201,36.7,12.870251,14.295249,67.912605,0.0,360,maturity,0.0,False
2025-04-06,consortium2_ELMED_10616937_management0_32768201,36.7,12.568167,13.051499,58.885803,0.0,361,maturity,0.0,False
2025-04-07,consortium2_ELMED_10616937_management0_32768201,36.683157894736844,10.011917,8.599417,63.755714,0.0,362,maturity,0.0,False
2025-04-08,consortium2_ELMED_10616937_management0_32768201,36.60729166666667,9.141084,8.418167,66.90424,0.0,363,maturity,0.0,False
2025-04-09,consortium2_ELMED_10616937_management0_32768201,36.57692307692308,9.239,9.672334,66.31294,2.6000001,364,maturity,0.0,False
2025-04-10,consortium2_ELMED_10616937_management0_32768201,36.51052631578948,10.680666,11.58275,64.74633,0.0,365,maturity,0.0,False
2025-04-11,consortium2_ELMED_10616937_management0_32768201,36.49791666666667,11.795249,14.120251,60.14352,0.0,366,maturity,0.0,False
2025-04-12,consortium2_ELMED_10616937_management0_32768201,36.44895833333333,13.247334,15.543167,68.33112,0.0,367,maturity,0.0,False
2025-04-13,consortium2_ELMED_10616937_management0_32768201,36.40106382978723,12.89525,13.811916,79.75591,117.0,368,maturity,0.0,False
2025-04-14,consortium2_ELMED_10616937_management0_32768201,36.4,13.278584,14.218165,81.252594,148.20001,369,maturity,0.0,False
2025-04-15,consortium2_ELMED_10616937_management0_32768201,36.40625,13.099417,14.436916,82.69848,231.40001,370,maturity,0.0,False
2025-04-16,consortium2_ELMED_10616937_management0_32768201,36.40416666666666,13.653584,14.434834,83.98966,241.79999,371,maturity,0.0,False
2025-04-17,consortium2_ELMED_10616937_management0_32768201,38.56458333333333,12.857749,12.980667,89.15416,962.0,372,maturity,0.0,False
2025-04-18,consortium2_ELMED_10616937_management0_32768201,49.306315789473686,12.466084,13.159832,75.56534,10.400001,373,maturity,0.0,False
2025-04-19,consortium2_ELMED_10616937_management0_32768201,49.9494623655914,13.155666,13.828584,73.75769,2.6000001,374,maturity,0.0,False
2025-04-20,consortium2_ELMED_10616937_management0_32768201,50.00104166666667,13.6265,14.341084,76.31949,18.199999,375,maturity,0.0,False
2025-04-21,consortium2_ELMED_10616937_management0_32768201,46.467368421052626,12.422334,13.155666,78.89673,88.4,376,maturity,0.0,False
2025-04-22,consortium2_ELMED_10616937_management0_32768201,40.89255319148936,13.464,15.4765005,68.41225,109.2,377,maturity,0.0,False
2025-04-23,consortium2_ELMED_10616937_management0_32768201,39.14736842105263,14.207749,15.303584,76.75306,143.0,378,maturity,0.0,False
2025-04-24,consortium2_ELMED_10616937_management0_32768201,37.74842105263158,14.553584,15.061916,74.83383,101.4,379,maturity,0.0,False
2025-04-25,consortium2_ELMED_10616937_management0_32768201,37.83010752688172,13.97025,14.409832,61.764763,7.8,380,maturity,0.0,False
2025-04-26,consortium2_ELMED_10616937_management0_32768201,37.75833333333333,13.468165,14.497334,67.44578,338.0,381,maturity,0.0,False
2025-04-27,consortium2_ELMED_10616937_management0_32768201,37.62105263157895,14.641084,15.5077505,71.028366,210.6,382,maturity,0.0,False
2025-04-28,consortium2_ELMED_10616937_management0_32768201,37.48947368421052,14.401501,15.420249,77.53156,70.200005,383,maturity,0.0,False
2025-04-29,consortium2_ELMED_10616937_management0_32768201,37.369473684210526,15.114,16.68275,69.70643,0.0,384,maturity,0.0,False
2025-04-30,consortium2_ELMED_10616937_management0_32768201,37.291666666666664,15.772334,17.961916,63.73552,0.0,385,maturity,0.0,False
2025-05-01,consortium2_ELMED_10616937_management0_32768201,37.235416666666666,16.541082,18.843166,67.03079,2.6000001,386,maturity,0.0,False
2025-05-02,consortium2_ELMED_10616937_management0_32768201,37.14255319148936,17.105667,19.409834,68.4575,0.0,387,maturity,0.0,False
2025-05-03,consortium2_ELMED_10616937_management0_32768201,37.1221052631579,17.0765,19.249416,59.477375,0.0,388,maturity,0.0,False
2025-05-04,consortium2_ELMED_10616937_management0_32768201,37.043157894736844,15.947333,17.251501,72.466,221.0,389,maturity,0.0,False
2025-05-05,consortium2_ELMED_10616937_management0_32768201,37.010416666666664,15.528584,15.518167,84.62879,358.80002,390,maturity,0.0,False
2025-05-06,consortium2_ELMED_10616937_management0_32768201,37.02842105263158,14.418167,14.393167,84.0703,535.60004,391,maturity,0.0,False
2025-05-07,consortium2_ELMED_10616937_management0_32768201,37.036842105263155,13.622334,13.309834,89.7977,647.39996,392,maturity,0.0,False
2025-05-08,consortium2_ELMED_10616937_management0_32768201,37.1,13.026501,12.580667,85.41549,296.40002,393,maturity,0.0,False
2025-05-09,consortium2_ELMED_10616937_management0_32768201,37.17578947368421,13.9452505,13.526501,79.57996,210.59999,394,maturity,0.0,False
2025-05-10,consortium2_ELMED_10616937_management0_32768201,37.20520833333334,14.036917,14.003582,78.07624,5.2000003,395,maturity,0.0,False
2025-05-11,consortium2_ELMED_10616937_management0_32768201,37.17052631578947,14.766084,15.453584,71.877914,0.0,396,maturity,0.0,False
2025-05-12,consortium2_ELMED_10616937_management0_32768201,37.12842105263158,15.493166,15.909832,73.680305,0.0,397,maturity,0.0,False
2025-05-13,consortium2_ELMED_10616937_management0_32768201,37.10631578947369,14.870251,14.847332,84.52101,257.4,398,maturity,0.0,False
2025-05-14,consortium2_ELMED_10616937_management0_32768201,37.01914893617022,14.855667,15.534832,77.38813,5.2000003,399,maturity,0.0,False
2025-05-15,consortium2_ELMED_10616937_management0_32768201,36.952083333333334,15.655665,16.603582,67.951996,0.0,400,maturity,0.0,False
2025-05-16,consortium2_ELMED_10616937_management0_32768201,36.91473684210526,14.516084,13.961916,57.57806,0.0,401,maturity,0.0,False
2025-05-17,consortium2_ELMED_10616937_management0_32768201,36.85376344086021,13.897334,13.949417,63.848206,2.6000001,402,maturity,0.0,False
2025-05-18,consortium2_ELMED_10616937_management0_32768201,36.80736842105263,14.093166,14.90775,70.1301,5.2000003,403,maturity,0.0,False
2025-05-19,consortium2_ELMED_10616937_management0_32768201,36.72105263157895,15.888999,17.030666,73.00825,20.800001,404,maturity,0.0,False
2025-05-20,consortium2_ELMED_10616937_management0_32768201,36.72446808510639,17.274416,17.04525,76.67926,7.8,405,maturity,0.0,False
2025-05-21,consortium2_ELMED_10616937_management0_32768201,36.735416666666666,16.82025,16.572332,78.36235,46.800003,406,maturity,0.0,False
2025-05-22,consortium2_ELMED_10616937_management0_32768201,36.903191489361696,14.107749,14.03275,90.69967,629.19995,407,maturity,0.0,False
2025-05-23,consortium2_ELMED_10616937_management0_32768201,37.47894736842105,14.405665,14.364,69.30134,2.6000001,408,maturity,0.0,False
2025-05-24,consortium2_ELMED_10616937_management0_32768201,37.471875000000004,14.40775,13.780666,76.330185,36.4,409,maturity,0.0,False
2025-05-25,consortium2_ELMED_10616937_management0_32768201,37.40631578947368,15.013999,15.239,75.291275,0.0,410,maturity,0.0,False
2025-05-26,consortium2_ELMED_10616937_management0_32768201,37.32553191489362,16.172335,17.168167,75.03072,31.2,411,maturity,0.0,False
2025-05-27,consortium2_ELMED_10616937_management0_32768201,37.443636363636365,15.2515,15.899416,81.21834,122.2,412,maturity,0.0,False
2025-05-27,consortium2_ELMED_10616937_management0_32833738,37.415,15.2515,15.899416,81.21834,122.2,0,establishment,0.0,False
2025-05-28,consortium2_ELMED_10616937_management0_32833738,37.42631578947368,16.218168,17.45775,76.18318,0.0,1,establishment,0.0,False
2025-05-29,consortium2_ELMED_10616937_management0_32833738,37.42916666666667,17.286917,17.930666,65.92857,0.0,2,establishment,0.0,False
2025-05-30,consortium2_ELMED_10616937_management0_32833738,37.456382978723404,18.216084,19.88483,64.55572,0.0,3,establishment,0.0,False
2025-05-31,consortium2_ELMED_10616937_management0_32833738,37.46666666666667,19.503584,20.62025,73.809135,0.0,4,establishment,0.0,False
2025-06-01,consortium2_ELMED_10616937_management0_32833738,37.44375,20.103584,21.38483,75.96186,54.6,5,establishment,0.0,False
2025-06-02,consortium2_ELMED_10616937_management0_32833738,37.46875,20.289,20.486917,79.75924,23.400002,6,establishment,0.0,False
2025-06-03,consortium2_ELMED_10616937_management0_32833738,37.48105263157895,19.92025,20.599417,76.78479,44.2,7,establishment,0.0,False
2025-06-04,consortium2_ELMED_10616937_management0_32833738,37.55416666666667,19.35775,19.934834,78.57434,88.4,8,establishment,0.0,False
2025-06-05,consortium2_ELMED_10616937_management0_32833738,37.68,19.147333,19.318167,80.21052,127.4,9,establishment,0.0,False
2025-06-06,consortium2_ELMED_10616937_management0_32833738,37.73263157894737,19.828585,20.455667,78.00461,2.6000001,10,establishment,0.0,False
2025-06-07,consortium2_ELMED_10616937_management0_32833738,37.791666666666664,20.230665,21.28275,74.883514,15.6,11,establishment,0.0,False
2025-06-08,consortium2_ELMED_10616937_management0_32833738,37.863157894736844,21.043165,21.518167,77.73103,28.6,12,establishment,0.0,False
2025-06-09,consortium2_ELMED_10616937_management0_32833738,37.95268817204301,20.986917,21.584831,57.960022,0.0,13,establishment,0.0,False
2025-06-10,consortium2_ELMED_10616937_management0_32833738,38.013684210526314,21.549417,21.828583,68.26961,0.0,14,establishment,0.0,False
2025-06-11,consortium2_ELMED_10616937_management0_32833738,37.987368421052636,22.83275,24.1765,62.602016,7.8,15,vegetative,0.0,False
2025-06-12,consortium2_ELMED_10616937_management0_32833738,37.898947368421055,24.249418,25.15775,59.18206,0.0,16,vegetative,0.0,False
2025-06-13,consortium2_ELMED_10616937_management0_32833738,37.802083333333336,25.141083,26.328583,59.50858,0.0,17,vegetative,0.0,False
2025-06-14,consortium2_ELMED_10616937_management0_32833738,37.71368421052631,25.764,26.691084,63.803326,20.800001,18,vegetative,0.0,False
2025-06-15,consortium2_ELMED_10616937_management0_32833738,37.70947368421053,25.943167,26.659834,56.396423,15.6,19,vegetative,0.0,False
2025-06-16,consortium2_ELMED_10616937_management0_32833738,37.89574468085106,23.859833,22.7015,66.68965,13.0,20,vegetative,0.0,False
2025-06-17,consortium2_ELMED_10616937_management0_32833738,37.94736842105263,23.647331,23.007751,51.450768,23.400002,21,vegetative,0.0,False
2025-06-18,consortium2_ELMED_10616937_management0_32833738,37.915789473684214,24.749418,24.830667,53.697247,0.0,22,vegetative,0.0,False
2025-06-19,consortium2_ELMED_10616937_management0_32833738,37.94895833333333,25.678581,26.1265,58.871883,15.6,23,vegetative,0.0,False
2025-06-20,consortium2_ELMED_10616937_management0_32833738,37.973958333333336,25.993166,26.0765,58.466537,52.0,24,vegetative,0.0,False
2025-06-21,consortium2_ELMED_10616937_management0_32833738,38.096875,25.364,24.9515,60.432247,26.0,25,vegetative,0.0,False
2025-06-22,consortium2_ELMED_10616937_management0_32833738,38.10104166666667,25.60775,25.324415,60.915096,0.0,26,vegetative,0.0,False
2025-06-23,consortium2_ELMED_10616937_management0_32833738,38.1625,26.272331,26.861917,52.623653,0.0,27,vegetative,0.0,False
2025-06-24,consortium2_ELMED_10616937_management0_32833738,38.27789473684211,26.653582,26.9515,56.959183,0.0,28,vegetative,0.0,False
2025-06-25,consortium2_ELMED_10616937_management0_32833738,38.270526315789475,27.39525,27.724417,61.72908,28.6,29,vegetative,0.0,False
2025-06-26,consortium2_ELMED_10616937_management0_32833738,38.33510638297872,27.255667,26.484833,67.837105,62.4,30,vegetative,0.0,False
2025-06-27,consortium2_ELMED_10616937_management0_32833738,38.308510638297875,27.059832,26.655668,53.911026,0.0,31,vegetative,0.0,False
2025-06-28,consortium2_ELMED_10616937_management0_32833738,38.34166666666666,28.272331,28.807749,47.96421,0.0,32,vegetative,0.0,False
2025-06-29,consortium2_ELMED_10616937_management0_32833738,38.22,28.614,29.097334,52.452713,0.0,33,vegetative,0.0,False
2025-06-30,consortium2_ELMED_10616937_management0_32833738,38.35913978494624,28.189,28.143166,56.542564,49.399998,34,vegetative,0.0,False
2025-07-01,consortium2_ELMED_10616937_management0_32833738,38.49578947368421,27.838999,27.503584,52.2856,2.6000001,35,vegetative,0.0,False
2025-07-02,consortium2_ELMED_10616937_management0_32833738,38.548421052631575,26.03275,26.709831,57.544086,2.6000001,36,vegetative,0.0,False
2025-07-03,consortium2_ELMED_10616937_management0_32833738,38.64148936170213,25.364,26.870249,58.31134,0.0,37,vegetative,0.0,False
2025-07-04,consortium2_ELMED_10616937_management0_32833738,38.54270833333333,25.536917,26.999418,57.569588,2.6000001,38,vegetative,0.0,False
2025-07-05,consortium2_ELMED_10616937_management0_32833738,38.63645833333334,25.222334,24.968168,65.98424,7.8,39,vegetative,0.0,False
2025-07-06,consortium2_ELMED_10616937_management0_32833738,38.82795698924731,23.016083,22.164001,77.13195,169.0,40,vegetative,0.0,False
2025-07-07,consortium2_ELMED_10616937_management0_32833738,39.030208333333334,22.543165,21.799417,76.00555,390.0,41,vegetative,0.0,False
2025-07-08,consortium2_ELMED_10616937_management0_32833738,39.46526315789473,18.891085,16.95775,76.38483,208.0,42,vegetative,0.0,False
2025-07-09,consortium2_ELMED_10616937_management0_32833738,39.59893617021276,18.491083,18.472334,55.227455,0.0,43,vegetative,0.0,False
2025-07-10,consortium2_ELMED_10616937_management0_32833738,39.583333333333336,20.124418,20.47025,48.523357,0.0,44,vegetative,0.0,False
2025-07-11,consortium2_ELMED_10616937_management0_32833738,39.66458333333333,20.930666,20.59525,61.519405,54.6,45,flowering,0.0,False
2025-07-12,consortium2_ELMED_10616937_management0_32833738,39.75052631578947,21.203585,20.972334,67.294716,114.4,46,flowering,0.0,False
2025-07-13,consortium2_ELMED_10616937_management0_32833738,39.956842105263156,22.424417,21.872335,72.09059,83.200005,47,flowering,0.0,False
2025-07-14,consortium2_ELMED_10616937_management0_32833738,40.07368421052632,23.243166,22.843168,70.11319,26.0,48,flowering,0.0,False
2025-07-15,consortium2_ELMED_10616937_management0_32833738,40.04479166666667,24.28275,24.599417,65.16203,0.0,49,flowering,0.0,False
2025-07-16,consortium2_ELMED_10616937_management0_32833738,40.088541666666664,24.093168,23.253584,70.69296,52.0,50,flowering,0.0,False
2025-07-17,consortium2_ELMED_10616937_management0_32833738,40.009473684210526,24.378584,23.2515,57.56984,0.0,51,flowering,0.0,False
2025-07-18,consortium2_ELMED_10616937_management0_32833738,39.889583333333334,24.603584,24.178581,56.252357,0.0,52,flowering,0.0,False
2025-07-19,consortium2_ELMED_10616937_management0_32833738,40.146875,24.830667,24.666084,61.79949,13.0,53,flowering,0.0,False
2025-07-20,consortium2_ELMED_10616937_management0_32833738,40.230526315789476,25.686918,25.32025,63.274246,36.399998,54,flowering,0.0,False
2025-07-21,consortium2_ELMED_10616937_management0_32833738,40.39052631578947,23.59525,22.897331,76.12629,546.0,55,flowering,0.0,False
2025-07-22,consortium2_ELMED_10616937_management0_32833738,40.34736842105263,23.561918,23.8765,61.315514,5.2000003,56,flowering,0.0,False
2025-07-23,consortium2_ELMED_10616937_management0_32833738,40.71935483870968,24.484833,23.976501,66.38381,93.6,57,flowering,0.0,False
2025-07-24,consortium2_ELMED_10616937_management0_32833738,40.93191489361702,23.166084,22.709831,68.85121,75.4,58,flowering,0.0,False
2025-07-25,consortium2_ELMED_10616937_management0_32833738,40.94210526315789,20.797335,20.505667,73.35492,143.0,59,flowering,0.0,False
2025-07-26,consortium2_ELMED_10616937_management0_32833738,41.31473684210526,20.4015,19.7515,78.0396,114.4,60,flowering,0.0,False
2025-07-27,consortium2_ELMED_10616937_management0_32833738,41.42526315789474,21.28275,21.709831,62.457825,0.0,61,flowering,0.0,False
2025-07-28,consortium2_ELMED_10616937_management0_32833738,41.65483870967742,19.91608,19.316084,74.76586,59.8,62,flowering,0.0,False
2025-07-29,consortium2_ELMED_10616937_management0_32833738,41.446236559139784,22.09525,21.593168,49.171597,0.0,63,flowering,0.0,False
2025-07-30,consortium2_ELMED_10616937_management0_32833738,41.52391304347827,20.843166,19.914,66.626434,26.0,64,flowering,0.0,False
2025-07-31,consortium2_ELMED_10616937_management0_32833738,41.4531914893617,21.891083,20.90775,67.27571,2.6000001,65,flowering,0.0,False
2025-08-01,consortium2_ELMED_10616937_management0_32833738,41.54468085106383,21.5765,20.430666,75.69997,59.8,66,flowering,0.0,False
2025-08-02,consortium2_ELMED_10616937_management0_32833738,41.65,18.668167,18.20775,84.457,327.6,67,flowering,0.0,False
2025-08-03,consortium2_ELMED_10616937_management0_32833738,42.275,18.868166,19.536917,63.366783,7.8,68,flowering,0.0,False
2025-08-04,consortium2_ELMED_10616937_management0_32833738,42.658620689655166,19.539,20.32025,66.05547,0.0,69,flowering,0.0,False
2025-08-05,consortium2_ELMED_10616937_management0_32833738,42.6968085106383,21.203585,22.647331,69.09941,0.0,70,maturity,0.0,False
2025-08-06,consortium2_ELMED_10616937_management0_32833738,42.78631578947368,22.111916,22.366081,74.89145,80.600006,71,maturity,0.0,False
2025-08-07,consortium2_ELMED_10616937_management0_32833738,42.58404255319149,22.6765,22.64525,73.936066,0.0,72,maturity,0.0,False
2025-08-08,consortium2_ELMED_10616937_management0_32833738,42.41595744680851,24.611916,25.218168,67.14283,0.0,73,maturity,0.0,False
2025-08-09,consortium2_ELMED_10616937_management0_32833738,42.28387096774193,26.424417,27.73275,59.67108,0.0,74,maturity,0.0,False
2025-08-10,consortium2_ELMED_10616937_management0_32833738,42.10421052631579,27.484833,29.33275,52.171814,0.0,75,maturity,0.0,False
2025-08-11,consortium2_ELMED_10616937_management0_32833738,41.9195652173913,27.418165,28.84525,52.380672,36.399998,76,maturity,0.0,False
2025-08-12,consortium2_ELMED_10616937_management0_32833738,41.82666666666667,27.441084,28.39525,57.26894,7.8,77,maturity,0.0,False
2025-08-13,consortium2_ELMED_10616937_management0_32833738,41.74193548387097,27.441084,28.624418,58.069805,0.0,78,maturity,0.0,False
2025-08-14,consortium2_ELMED_10616937_management0_32833738,41.58617021276596,27.10775,27.747335,56.36188,0.0,79,maturity,0.0,False
2025-08-15,consortium2_ELMED_10616937_management0_32833738,41.43978494623656,26.936918,27.29525,51.525597,0.0,80,maturity,0.0,False
2025-08-16,consortium2_ELMED_10616937_management0_32833738,41.760000000000005,26.382751,26.811918,49.489395,0.0,81,maturity,0.0,False
2025-08-17,consortium2_ELMED_10616937_management0_32833738,46.402150537634405,25.351501,25.90775,48.075317,0.0,82,maturity,0.0,False
2025-08-18,consortium2_ELMED_10616937_management0_32833738,42.37765957446808,24.314,24.261915,61.4866,41.600002,83,maturity,0.0,False
2025-08-19,consortium2_ELMED_10616937_management0_32833738,42.06595744680851,24.786917,24.049417,66.55403,176.79999,84,maturity,0.0,False
2025-08-20,consortium2_ELMED_10616937_management0_32833738,42.202083333333334,22.424417,21.491081,79.83866,119.6,85,maturity,0.0,False
2025-08-21,consortium2_ELMED_10616937_management0_32833738,42.172916666666666,20.753584,19.74525,83.375626,145.59999,86,maturity,0.0,False
2025-08-22,consortium2_ELMED_10616937_management0_32833738,41.92872340425532,21.47025,21.305666,72.5888,96.2,87,maturity,0.0,False
2025-08-23,consortium2_ELMED_10616937_management0_32833738,41.80744680851064,20.391085,19.589,79.2553,65.0,88,maturity,0.0,False
2025-08-24,consortium2_ELMED_10616937_management0_32833738,41.7531914893617,20.034834,19.82025,69.19201,15.6,89,maturity,0.0,False
2025-08-25,consortium2_ELMED_10616937_management0_32833738,41.88108108108108,20.584831,20.772331,68.65785,0.0,90,maturity,0.0,False
2024-04-10,consortium2_ELMED_10616937_management2_32768201,0.0,11.895249,10.511917,75.46327,327.6,0,establishment,0.0,False
2024-04-11,consortium2_ELMED_10616937_management2_32768201,0.0,13.430666,15.409832,67.81529,0.0,1,establishment,0.0,False
2024-04-12,consortium2_ELMED_10616937_management2_32768201,0.0,14.984834,17.999416,72.13256,0.0,2,establishment,0.0,False
2024-04-13,consortium2_ELMED_10616937_management2_32768201,0.0,16.289,19.30775,69.74604,0.0,3,establishment,0.0,False
2024-04-14,consortium2_ELMED_10616937_management2_32768201,0.0,17.166084,19.924417,73.11006,0.0,4,establishment,0.0,False
2024-04-15,consortium2_ELMED_10616937_management2_32768201,0.0,17.0265,17.943167,74.252556,0.0,5,establishment,0.0,False
2024-04-16,consortium2_ELMED_10616937_management2_32768201,0.0,15.138999,14.709834,53.01589,10.400001,6,establishment,0.0,False
2024-04-17,consortium2_ELMED_10616937_management2_32768201,0.0,11.7515,10.043167,56.721645,10.400001,7,establishment,0.0,False
2024-04-18,consortium2_ELMED_10616937_management2_32768201,0.0,10.328584,9.049417,53.65129,0.0,8,establishment,0.0,False
2024-04-19,consortium2_ELMED_10616937_management2_32768201,15.621774193548388,9.516084,9.439,49.192142,0.0,9,establishment,0.0,False
2024-04-20,consortium2_ELMED_10616937_management2_32768201,16.945263157894736,10.395249,9.861917,46.88953,0.0,10,establishment,0.0,False
2024-04-21,consortium2_ELMED_10616937_management2_32768201,16.94105263157895,9.716084,8.328584,53.531967,31.2,11,establishment,0.0,False
2024-04-22,consortium2_ELMED_10616937_management2_32768201,16.990526315789474,7.2139997,5.403583,90.4664,275.6,12,establishment,0.0,False
2024-04-23,consortium2_ELMED_10616937_management2_32768201,16.84842105263158,7.72025,7.0389996,81.686775,309.4,13,establishment,0.0,False
2024-04-24,consortium2_ELMED_10616937_management2_32768201,16.863541666666666,8.253583,8.366083,70.74739,52.0,14,establishment,0.0,False
2024-04-25,consortium2_ELMED_10616937_management2_32768201,17.00526315789474,8.795251,7.9119167,69.542305,0.0,15,vegetative,0.0,False
2024-04-26,consortium2_ELMED_10616937_management2_32768201,16.96808510638298,10.201501,9.670249,68.867516,0.0,16,vegetative,0.0,False
2024-04-27,consortium2_ELMED_10616937_management2_32768201,16.896808510638298,11.955667,11.955667,71.15626,10.400001,17,vegetative,0.0,False
2024-04-28,consortium2_ELMED_10616937_management2_32768201,16.833684210526318,13.343166,14.055666,73.27902,0.0,18,vegetative,0.0,False
2024-04-29,consortium2_ELMED_10616937_management2_32768201,16.789473684210527,14.593165,16.886917,63.26801,0.0,19,vegetative,0.0,False
2024-04-30,consortium2_ELMED_10616937_management2_32768201,16.704166666666666,16.18275,19.068167,56.01221,0.0,20,vegetative,0.0,False
2024-05-01,consortium2_ELMED_10616937_management2_32768201,16.698947368421052,16.339,17.014,69.56792,153.40001,21,vegetative,0.0,False
2024-05-02,consortium2_ELMED_10616937_management2_32768201,16.650526315789474,13.689,13.543167,85.2129,598.0,22,vegetative,0.0,False
2024-05-03,consortium2_ELMED_10616937_management2_32768201,15.793684210526317,12.839001,12.541083,80.79367,59.800003,23,vegetative,0.0,False
2024-05-04,consortium2_ELMED_10616937_management2_32768201,16.06595744680851,14.176499,15.259833,70.45568,33.800003,24,vegetative,0.0,False
2024-05-05,consortium2_ELMED_10616937_management2_32768201,16.695744680851064,14.943167,16.4015,67.49838,0.0,25,vegetative,0.0,False
2024-05-06,consortium2_ELMED_10616937_management2_32768201,16.890526315789472,14.90775,15.155666,73.87745,18.199999,26,vegetative,0.0,False
2024-05-07,consortium2_ELMED_10616937_management2_32768201,16.992391304347827,14.0390005,14.253582,81.80956,122.2,27,vegetative,0.0,False
2024-05-08,consortium2_ELMED_10616937_management2_32768201,17.0,14.899416,15.4452505,77.52031,23.4,28,vegetative,0.0,False
2024-05-09,consortium2_ELMED_10616937_management2_32768201,17.0,15.959834,17.372334,67.06972,0.0,29,vegetative,0.0,False
2024-05-10,consortium2_ELMED_10616937_management2_32768201,17.043617021276596,16.791082,17.543167,70.13765,39.0,30,vegetative,0.0,False
2024-05-11,consortium2_ELMED_10616937_management2_32768201,17.1,16.993166,17.955667,68.74517,2.6000001,31,vegetative,0.0,False
2024-05-12,consortium2_ELMED_10616937_management2_32768201,17.115957446808512,17.236917,18.234835,70.2493,10.400001,32,vegetative,0.0,False
2024-05-13,consortium2_ELMED_10616937_management2_32768201,17.18888888888889,17.153584,17.032751,76.14508,153.40001,33,vegetative,0.0,False
2024-05-14,consortium2_ELMED_10616937_management2_32768201,17.198888888888888,17.103584,16.889,72.13201,10.400001,34,vegetative,0.0,False
2024-05-15,consortium2_ELMED_10616937_management2_32768201,17.157777777777778,15.418167,15.08275,87.55915,933.4,35,vegetative,0.0,False
2024-05-16,consortium2_ELMED_10616937_management2_32768201,56.530851063829786,15.6265,15.53275,77.62039,369.19998,36,vegetative,0.0,False
2024-05-17,consortium2_ELMED_10616937_management2_32768201,57.42604166666666,15.724417,15.739,72.49202,62.4,37,vegetative,0.0,False
2024-05-18,consortium2_ELMED_10616937_management2_32768201,44.44105263157894,15.899416,16.418167,67.767265,0.0,38,vegetative,0.0,False
2024-05-19,consortium2_ELMED_10616937_management2_32768201,27.43932584269663,16.697334,17.516085,67.01942,5.2000003,39,vegetative,0.0,False
2024-05-20,consortium2_ELMED_10616937_management2_32768201,25.96421052631579,17.64525,17.845251,76.75508,109.2,40,vegetative,0.0,False
2024-05-21,consortium2_ELMED_10616937_management2_32768201,45.72234042553191,15.7890005,15.439,88.20541,1632.7999,41,vegetative,0.0,False
2024-05-22,consortium2_ELMED_10616937_management2_32768201,56.82659574468085,16.782751,16.64525,77.98248,20.800001,42,vegetative,0.0,False
2024-05-23,consortium2_ELMED_10616937_management2_32768201,56.956842105263156,16.211916,16.186916,75.993866,200.20001,43,vegetative,0.0,False
2024-05-24,consortium2_ELMED_10616937_management2_32768201,53.77526881720431,16.249418,16.218168,71.342,15.6,44,vegetative,0.0,False
2024-05-25,consortium2_ELMED_10616937_management2_32768201,39.82688172043011,16.6015,16.003582,73.70208,218.4,45,flowering,0.0,False
2024-05-26,consortium2_ELMED_10616937_management2_32768201,43.111702127659576,16.909834,17.809834,69.42464,0.0,46,flowering,0.0,False
2024-05-27,consortium2_ELMED_10616937_management2_32768201,28.818947368421053,18.430666,19.847334,63.29588,2.6000001,47,flowering,0.0,False
2024-05-28,consortium2_ELMED_10616937_management2_32768201,29.028723404255317,18.157751,18.647333,69.46917,13.0,48,flowering,0.0,False
2024-05-29,consortium2_ELMED_10616937_management2_32768201,28.380208333333332,18.155668,18.141085,71.15569,20.800001,49,flowering,0.0,False
2024-05-30,consortium2_ELMED_10616937_management2_32768201,27.83010752688172,17.657751,17.222334,83.42728,215.8,50,flowering,0.0,False
2024-05-31,consortium2_ELMED_10616937_management2_32768201,45.25869565217391,15.547334,14.872334,75.189285,501.8,51,flowering,0.0,False
2024-06-01,consortium2_ELMED_10616937_management2_32768201,49.48085106382978,15.716084,16.20775,73.337105,26.0,52,flowering,0.0,False
2024-06-02,consortium2_ELMED_10616937_management2_32768201,29.156043956043955,17.67025,18.37025,72.62232,7.8,53,flowering,0.0,False
2024-06-03,consortium2_ELMED_10616937_management2_32768201,28.080645161290324,17.424417,17.968168,72.227715,26.0,54,flowering,0.0,False
2024-06-04,consortium2_ELMED_10616937_management2_32768201,27.72021276595745,18.161917,19.064001,71.25424,15.6,55,flowering,0.0,False
2024-06-05,consortium2_ELMED_10616937_management2_32768201,27.432258064516127,19.030668,19.549417,77.02461,18.2,56,flowering,0.0,False
2024-06-06,consortium2_ELMED_10616937_management2_32768201,27.094565217391303,20.497334,20.743166,77.928055,5.2000003,57,flowering,0.0,False
2024-06-07,consortium2_ELMED_10616937_management2_32768201,26.583516483516483,21.272331,21.705667,80.18017,0.0,58,flowering,0.0,False
2024-06-08,consortium2_ELMED_10616937_management2_32768201,26.349462365591396,21.759834,22.403585,79.78099,39.0,59,flowering,0.0,False
2024-06-09,consortium2_ELMED_10616937_management2_32768201,26.127956989247313,21.628584,22.230665,77.0667,91.0,60,flowering,0.0,False
2024-06-10,consortium2_ELMED_10616937_management2_32768201,25.954945054945057,21.247334,20.649416,79.09361,358.80002,61,flowering,0.0,False
2024-06-11,consortium2_ELMED_10616937_management2_32768201,25.806382978723406,19.58275,18.766085,82.25438,475.8,62,flowering,0.0,False
2024-06-12,consortium2_ELMED_10616937_management2_32768201,41.11758241758242,18.568167,17.397333,72.48761,91.0,63,flowering,0.0,False
2024-06-13,consortium2_ELMED_10616937_management2_32768201,36.99425287356322,17.859835,17.039,68.07742,23.4,64,flowering,0.0,False
2024-06-14,consortium2_ELMED_10616937_management2_32768201,28.0021978021978,18.157751,17.75775,73.66151,0.0,65,flowering,0.0,False
2024-06-15,consortium2_ELMED_10616937_management2_32768201,27.53846153846154,17.984835,18.001501,77.45243,5.2000003,66,flowering,0.0,False
2024-06-16,consortium2_ELMED_10616937_management2_32768201,37.05795454545454,19.2265,19.993166,74.24892,39.0,67,flowering,0.0,False
2024-06-17,consortium2_ELMED_10616937_management2_32768201,27.919101123595507,20.368166,21.053581,74.71422,0.0,68,flowering,0.0,False
2024-06-18,consortium2_ELMED_10616937_management2_32768201,27.504347826086956,21.359835,23.036917,67.8474,0.0,69,flowering,0.0,False
2024-06-19,consortium2_ELMED_10616937_management2_32768201,27.207954545454548,22.659834,24.224417,68.561745,0.0,70,maturity,0.0,False
2024-06-20,consortium2_ELMED_10616937_management2_32768201,26.921348314606742,23.382751,25.789001,67.07863,2.6000001,71,maturity,0.0,False
2024-06-21,consortium2_ELMED_10616937_management2_32768201,28.801234567901236,23.514,23.934832,75.13976,309.40002,72,maturity,0.0,False
2024-06-22,consortium2_ELMED_10616937_management2_32768201,32.579268292682926,22.084831,22.416084,71.78316,106.6,73,maturity,0.0,False
2024-06-23,consortium2_ELMED_10616937_management2_32768201,46.98795180722892,19.141085,18.13275,84.27135,764.39996,74,maturity,0.0,False
2024-06-24,consortium2_ELMED_10616937_management2_32768201,55.40714285714286,20.309834,21.2515,73.86085,145.59999,75,maturity,0.0,False
2024-06-25,consortium2_ELMED_10616937_management2_32768201,33.26860465116279,20.816084,20.561916,82.042725,283.4,76,maturity,0.0,False
2024-06-26,consortium2_ELMED_10616937_management2_32768201,57.03483146067416,21.041084,21.084831,75.05827,182.0,77,maturity,0.0,False
2024-06-27,consortium2_ELMED_10616937_management2_32768201,40.17173913043479,21.739,23.193167,70.98959,0.0,78,maturity,0.0,False
2024-06-28,consortium2_ELMED_10616937_management2_32768201,26.97582417582418,23.484833,24.649416,75.13536,0.0,79,maturity,0.0,False
2024-06-29,consortium2_ELMED_10616937_management2_32768201,26.42159090909091,23.930666,24.580667,80.47352,166.40001,80,maturity,0.0,False
2024-06-30,consortium2_ELMED_10616937_management2_32768201,26.16923076923077,24.086916,23.855665,71.53737,31.2,81,maturity,0.0,False
2024-07-01,consortium2_ELMED_10616937_management2_32768201,25.92948717948718,22.164001,21.311916,78.87017,80.600006,82,maturity,0.0,False
2024-07-02,consortium2_ELMED_10616937_management2_32768201,25.703703703703702,21.359835,21.153584,69.35841,96.200005,83,maturity,0.0,False
2024-07-03,consortium2_ELMED_10616937_management2_32768201,25.463636363636365,19.4765,19.022333,77.337234,169.0,84,maturity,0.0,False
2024-07-04,consortium2_ELMED_10616937_management2_32768201,25.22967032967033,19.83275,19.603582,74.163414,0.0,85,maturity,0.0,False
2024-07-05,consortium2_ELMED_10616937_management2_32768201,25.026966292134833,21.024416,21.391083,74.712456,0.0,86,maturity,0.0,False
2024-07-06,consortium2_ELMED_10616937_management2_32768201,24.893406593406592,22.664001,23.064,71.07277,23.400002,87,maturity,0.0,False
2024-07-07,consortium2_ELMED_10616937_management2_32768201,24.775,21.949415,22.105665,79.63127,829.39996,88,maturity,0.0,False
2024-07-08,consortium2_ELMED_10616937_management2_32768201,39.81758241758242,23.055666,23.584831,73.35066,10.400001,89,maturity,0.0,False
2024-07-09,consortium2_ELMED_10616937_management2_32768201,26.40744680851064,23.8265,25.44525,69.58119,10.400001,90,maturity,0.0,False
2024-07-10,consortium2_ELMED_10616937_management2_32768201,25.96222222222222,24.5015,26.493166,66.012726,0.0,91,maturity,0.0,False
2024-07-11,consortium2_ELMED_10616937_management2_32768201,25.207526881720433,25.143167,26.974417,65.50013,0.0,92,maturity,0.0,False
2024-07-12,consortium2_ELMED_10616937_management2_32768201,24.692473118279572,24.186918,24.0515,79.02185,163.8,93,maturity,0.0,False
2024-07-13,consortium2_ELMED_10616937_management2_32768201,24.554347826086957,23.3265,24.159834,67.34814,0.0,94,maturity,0.0,False
2024-07-14,consortium2_ELMED_10616937_management2_32768201,24.384615384615383,23.664001,24.639,65.721245,0.0,95,maturity,0.0,False
2024-07-15,consortium2_ELMED_10616937_management2_32768201,24.240860215053765,24.143166,25.514,66.60703,0.0,96,maturity,0.0,False
2024-07-16,consortium2_ELMED_10616937_management2_32768201,24.06153846153846,24.95775,26.441084,66.02828,0.0,97,maturity,0.0,False
2024-07-17,consortium2_ELMED_10616937_management2_32768201,23.874193548387094,25.228584,26.389,68.87684,44.2,98,maturity,0.0,False
2024-07-18,consortium2_ELMED_10616937_management2_32768201,23.724175824175827,25.153585,26.584831,67.256905,49.399998,99,maturity,0.0,False
2024-07-19,consortium2_ELMED_10616937_management2_32768201,23.44255319148936,25.47025,26.230665,72.44958,124.8,100,maturity,0.0,False
2024-07-20,consortium2_ELMED_10616937_management2_32768201,22.998947368421053,24.605665,24.564,64.61176,0.0,101,maturity,0.0,False
2024-07-21,consortium2_ELMED_10616937_management2_32768201,23.0,24.564,24.7265,73.66808,65.0,102,maturity,0.0,False
2024-07-22,consortium2_ELMED_10616937_management2_32768201,22.35217391304348,25.73275,26.34525,62.77625,7.8,103,maturity,0.0,False
2024-07-23,consortium2_ELMED_10616937_management2_32768201,21.56382978723404,24.441084,24.878584,71.13516,109.2,104,maturity,0.0,False
2024-07-24,consortium2_ELMED_10616937_management2_32768201,21.455813953488374,24.651499,24.695251,69.97806,0.0,105,maturity,0.0,False
2024-07-25,consortium2_ELMED_10616937_management2_32768201,21.33186813186813,24.053581,24.184835,69.2603,36.399998,106,maturity,0.0,False
2024-07-26,consortium2_ELMED_10616937_management2_32768201,21.191111111111113,25.203583,25.60775,67.67721,0.0,107,maturity,0.0,False
2024-07-27,consortium2_ELMED_10616937_management2_32768201,21.053333333333335,25.922333,26.441084,65.67684,5.2000003,108,maturity,0.0,False
2024-07-28,consortium2_ELMED_10616937_management2_32768201,20.88586956521739,26.455667,26.682749,70.4308,0.0,109,maturity,0.0,False
2024-07-29,consortium2_ELMED_10616937_management2_32768201,20.687058823529412,25.9515,26.074415,74.92806,49.4,110,maturity,0.0,False
2024-07-30,consortium2_ELMED_10616937_management2_32768201,20.507954545454545,25.980665,26.32025,73.08953,0.0,111,maturity,0.0,False
2024-07-31,consortium2_ELMED_10616937_management2_32768201,20.380459770114943,26.503584,26.976501,73.71618,2.6000001,112,maturity,0.0,False
2024-08-01,consortium2_ELMED_10616937_management2_32768201,20.23452380952381,26.861917,26.068167,75.65312,20.800001,113,maturity,0.0,False
2024-08-02,consortium2_ELMED_10616937_management2_32768201,20.181521739130435,25.35775,25.03275,70.748116,0.0,114,maturity,0.0,False
2024-08-03,consortium2_ELMED_10616937_management2_32768201,20.08409090909091,25.184835,25.597334,62.072876,10.400001,115,maturity,0.0,False
2024-08-04,consortium2_ELMED_10616937_management2_32768201,19.905952380952378,24.834835,24.266083,68.93048,109.2,116,maturity,0.0,False
2024-08-05,consortium2_ELMED_10616937_management2_32768201,19.72873563218391,25.474417,25.605665,67.18161,31.2,117,maturity,0.0,False
2024-08-06,consortium2_ELMED_10616937_management2_32768201,19.54698795180723,25.211916,24.972334,76.3618,59.8,118,maturity,0.0,False
2024-08-07,consortium2_ELMED_10616937_management2_32768201,19.398765432098767,24.976501,24.474417,74.7009,135.2,119,maturity,0.0,False
2024-08-08,consortium2_ELMED_10616937_management2_32768201,19.3,24.561918,25.449415,61.075493,0.0,120,maturity,0.0,False
2024-08-09,consortium2_ELMED_10616937_management2_32768201,19.21860465116279,25.757751,26.3265,67.93427,7.8,121,maturity,0.0,False
2024-08-10,consortium2_ELMED_10616937_management2_32768201,19.157471264367818,26.843168,27.570251,68.23882,10.400001,122,maturity,0.0,False
2024-08-11,consortium2_ELMED_10616937_management2_32768201,19.058536585365857,27.822334,28.074415,69.45987,5.2000003,123,maturity,0.0,False
2024-08-12,consortium2_ELMED_10616937_management2_32768201,18.976470588235294,27.8765,28.54525,62.44385,0.0,124,maturity,0.0,False
2024-08-13,consortium2_ELMED_10616937_management2_32768201,18.871951219512194,27.499418,27.568167,62.892258,0.0,125,maturity,0.0,False
2024-08-14,consortium2_ELMED_10616937_management2_32768201,18.8,27.586916,27.95775,53.69315,0.0,126,maturity,0.0,False
2024-08-15,consortium2_ELMED_10616937_management2_32768201,18.774444444444445,26.222334,26.6765,59.716854,0.0,127,maturity,0.0,False
2024-08-16,consortium2_ELMED_10616937_management2_32768201,18.7,26.7515,27.08275,59.273308,2.6000001,128,maturity,0.0,False
2024-08-17,consortium2_ELMED_10616937_management2_32768201,18.67209302325581,26.699415,26.343168,59.298016,26.0,129,maturity,0.0,False
2024-08-18,consortium2_ELMED_10616937_management2_32768201,18.639130434782608,23.443167,22.818167,75.13771,104.0,130,maturity,0.0,False
2024-08-19,consortium2_ELMED_10616937_management2_32768201,18.698850574712644,22.841082,23.120249,72.800545,98.799995,131,maturity,0.0,False
2024-08-20,consortium2_ELMED_10616937_management2_32768201,18.680898876404495,23.630667,24.818167,68.97525,70.2,132,maturity,0.0,False
2024-08-21,consortium2_ELMED_10616937_management2_32768201,18.7,24.934835,25.984833,62.952152,15.6,133,maturity,0.0,False
2024-08-22,consortium2_ELMED_10616937_management2_32768201,18.7,24.641083,24.609833,68.339424,33.800003,134,maturity,0.0,False
2024-08-23,consortium2_ELMED_10616937_management2_32768201,18.733333333333334,24.993166,25.543165,69.39071,28.6,135,maturity,0.0,False
2024-08-24,consortium2_ELMED_10616937_management2_32768201,18.758426966292134,25.866081,26.384834,64.86549,5.2000003,136,maturity,0.0,False
2024-08-25,consortium2_ELMED_10616937_management2_32768201,18.78876404494382,26.053581,26.605665,61.70794,7.8,137,maturity,0.0,False
2024-08-26,consortium2_ELMED_10616937_management2_32768201,18.8,25.218168,25.647331,58.355778,5.2000003,138,maturity,0.0,False
2024-08-27,consortium2_ELMED_10616937_management2_32768201,18.765168539325842,24.105665,24.2515,63.31051,5.2000003,139,maturity,0.0,False
2024-08-28,consortium2_ELMED_10616937_management2_32768201,18.722352941176467,24.29525,24.764,65.86165,0.0,140,maturity,0.0,False
2024-08-29,consortium2_ELMED_10616937_management2_32768201,18.659420289855074,25.168165,26.58275,55.856804,0.0,141,maturity,0.0,False
2024-08-30,consortium2_ELMED_10616937_management2_32768201,18.58505747126437,25.432749,26.83275,55.186928,0.0,142,maturity,0.0,False
2024-08-31,consortium2_ELMED_10616937_management2_32768201,18.534782608695654,25.514,26.774416,61.56284,15.6,143,maturity,0.0,False
2024-09-01,consortium2_ELMED_10616937_management2_32768201,18.456521739130434,25.022331,25.405668,62.80173,0.0,144,maturity,0.0,False
2024-09-02,consortium2_ELMED_10616937_management2_32768201,18.39891304347826,24.572334,25.468168,53.85308,2.6000001,145,maturity,0.0,False
2024-09-03,consortium2_ELMED_10616937_management2_32768201,18.36595744680851,23.972334,23.780668,70.17066,7.8,146,maturity,0.0,False
2024-09-04,consortium2_ELMED_10616937_management2_32768201,18.301075268817204,23.755667,24.311918,62.63995,0.0,147,maturity,0.0,False
2024-09-05,consortium2_ELMED_10616937_management2_32768201,18.28913043478261,20.122334,20.29525,82.16009,1318.2001,148,maturity,0.0,False
2024-09-06,consortium2_ELMED_10616937_management2_32768201,18.20208333333333,20.80775,20.784834,76.08647,18.2,149,maturity,0.0,False
2024-09-07,consortium2_ELMED_10616937_management2_32768201,18.2,21.636915,20.62025,79.43184,0.0,150,maturity,0.0,False
2024-09-08,consortium2_ELMED_10616937_management2_32768201,18.187368421052632,20.566084,20.684834,86.73955,798.2,151,maturity,0.0,False
2024-09-09,consortium2_ELMED_10616937_management2_32768201,18.119148936170212,20.65775,20.724417,70.60912,943.80005,152,maturity,0.0,False
2024-09-10,consortium2_ELMED_10616937_management2_32768201,18.360869565217392,19.682749,21.147331,57.667095,0.0,153,maturity,0.0,False
2024-09-11,consortium2_ELMED_10616937_management2_32768201,18.63804347826087,19.614,19.472334,77.257576,104.0,154,maturity,0.0,False
2024-09-12,consortium2_ELMED_10616937_management2_32768201,29.552688172043013,15.9452505,14.255667,76.76527,338.0,155,maturity,0.0,False
2024-09-13,consortium2_ELMED_10616937_management2_32768201,31.90744680851064,14.080667,12.991084,57.896267,5.2000003,156,maturity,0.0,False
2024-09-14,consortium2_ELMED_10616937_management2_32768201,26.81978021978022,14.572332,13.52025,52.241234,0.0,157,maturity,0.0,False
2024-09-15,consortium2_ELMED_10616937_management2_32768201,25.79787234042553,16.249418,15.453584,47.02787,0.0,158,maturity,0.0,False
2024-09-16,consortium2_ELMED_10616937_management2_32768201,25.029787234042555,15.980667,14.786917,59.373344,49.399998,159,maturity,0.0,False
2024-09-17,consortium2_ELMED_10616937_management2_32768201,24.50736842105263,15.861917,15.478583,64.699776,163.79999,160,maturity,0.0,False
2024-09-18,consortium2_ELMED_10616937_management2_32768201,24.141935483870967,15.178584,16.428583,66.20114,0.0,161,maturity,0.0,False
2024-09-19,consortium2_ELMED_10616937_management2_32768201,23.84787234042553,16.464,17.911917,60.69147,2.6000001,162,maturity,0.0,False
2024-09-20,consortium2_ELMED_10616937_management2_32768201,23.604166666666668,16.8515,17.9015,69.86715,18.199999,163,maturity,0.0,False
2024-09-21,consortium2_ELMED_10616937_management2_32768201,23.39032258064516,17.24525,18.016085,72.78811,31.199999,164,maturity,0.0,False
2024-09-22,consortium2_ELMED_10616937_management2_32768201,23.202222222222222,16.674417,17.668167,73.05492,0.0,165,maturity,0.0,False
2024-09-23,consortium2_ELMED_10616937_management2_32768201,23.03369565217391,16.897333,17.459833,77.748795,790.39996,166,maturity,0.0,False
2024-09-24,consortium2_ELMED_10616937_management2_32768201,22.849473684210526,16.978584,17.20775,76.314445,26.0,167,maturity,0.0,False
2024-09-25,consortium2_ELMED_10616937_management2_32768201,22.879787234042553,16.674417,15.761917,78.79125,0.0,168,maturity,0.0,False
2024-09-26,consortium2_ELMED_10616937_management2_32768201,23.14,16.903584,17.336916,84.07514,530.39996,169,maturity,0.0,False
2024-09-27,consortium2_ELMED_10616937_management2_32768201,41.47684210526316,18.259832,19.07025,82.169624,78.0,170,maturity,0.0,False
2024-09-28,consortium2_ELMED_10616937_management2_32768201,30.69787234042553,16.830667,15.9765005,69.93533,93.6,171,maturity,0.0,False
2024-09-29,consortium2_ELMED_10616937_management2_32768201,28.698924731182796,14.999416,14.793167,60.531773,0.0,172,maturity,0.0,False
2024-09-30,consortium2_ELMED_10616937_management2_32768201,28.110526315789475,15.418167,14.103582,79.6399,2.6000001,173,maturity,0.0,False
2024-10-01,consortium2_ELMED_10616937_management2_32768201,27.722580645161287,15.3015,14.6952505,84.62782,26.0,174,maturity,0.0,False
2024-10-02,consortium2_ELMED_10616937_management2_32768201,27.99888888888889,15.628582,16.003582,85.09973,561.60004,175,maturity,0.0,False
2024-10-03,consortium2_ELMED_10616937_management2_32768201,38.153260869565216,13.768167,13.111917,87.10962,436.8,176,maturity,0.0,False
2024-10-04,consortium2_ELMED_10616937_management2_32768201,55.32747252747253,12.641084,12.072332,76.9064,135.20001,177,maturity,0.0,False
2024-10-05,consortium2_ELMED_10616937_management2_32768201,52.43936170212766,12.488999,12.4140005,75.02193,5.2000003,178,maturity,0.0,False
2024-10-06,consortium2_ELMED_10616937_management2_32768201,33.193684210526314,13.343166,12.284832,83.29762,0.0,179,maturity,0.0,False
2024-10-07,consortium2_ELMED_10616937_management2_32768201,30.35483870967742,13.934834,13.366084,87.199326,39.0,180,maturity,0.0,False
2024-10-08,consortium2_ELMED_10616937_management2_32768201,38.11868131868132,15.026501,15.734834,90.96414,1450.7999,181,maturity,0.0,False
2024-10-09,consortium2_ELMED_10616937_management2_32768201,54.567021276595746,15.4765005,16.516085,81.79312,67.6,182,maturity,0.0,False
2024-10-10,consortium2_ELMED_10616937_management2_32768201,54.704210526315784,15.293167,16.822332,79.84753,517.39996,183,maturity,0.0,False
2024-10-11,consortium2_ELMED_10616937_management2_32768201,54.75416666666666,13.116084,14.999415,62.27207,2.6000001,184,maturity,0.0,False
2024-10-12,consortium2_ELMED_10616937_management2_32768201,44.324731182795695,12.932751,13.780666,75.066216,7.8,185,maturity,0.0,False
2024-10-13,consortium2_ELMED_10616937_management2_32768201,31.659139784946237,13.511917,12.816082,86.06738,0.0,186,maturity,0.0,False
2024-10-14,consortium2_ELMED_10616937_management2_32768201,30.261290322580646,13.661917,13.401501,88.63496,0.0,187,maturity,0.0,False
2024-10-15,consortium2_ELMED_10616937_management2_32768201,29.645744680851063,14.826499,15.120251,79.03198,0.0,188,maturity,0.0,False
2024-10-16,consortium2_ELMED_10616937_management2_32768201,29.202173913043477,14.72025,15.645249,88.37109,158.59999,189,maturity,0.0,False
2024-10-17,consortium2_ELMED_10616937_management2_32768201,28.845652173913045,16.10775,17.609835,81.86833,54.6,190,maturity,0.0,False
2024-10-18,consortium2_ELMED_10616937_management2_32768201,44.871276595744675,15.839001,16.305666,89.209785,826.8,191,maturity,0.0,False
2024-10-19,consortium2_ELMED_10616937_management2_32768201,54.516304347826086,14.65775,15.0702505,91.559814,491.4,192,maturity,0.0,False
2024-10-20,consortium2_ELMED_10616937_management2_32768201,54.790217391304346,16.143167,17.968166,81.40095,15.6,193,maturity,0.0,False
2024-10-21,consortium2_ELMED_10616937_management2_32768201,49.40736842105263,15.263999,15.722335,87.924126,0.0,194,maturity,0.0,False
2024-10-22,consortium2_ELMED_10616937_management2_32768201,32.517391304347825,15.572332,16.461916,84.77098,2.6000001,195,maturity,0.0,False
2024-10-23,consortium2_ELMED_10616937_management2_32768201,30.596842105263157,15.307751,16.016085,91.90811,470.6,196,maturity,0.0,False
2024-10-24,consortium2_ELMED_10616937_management2_32768201,30.212903225806453,15.84525,16.57025,83.49333,65.0,197,maturity,0.0,False
2024-10-25,consortium2_ELMED_10616937_management2_32768201,30.39010989010989,15.022334,15.430666,82.49207,10.400001,198,maturity,0.0,False
2024-10-26,consortium2_ELMED_10616937_management2_32768201,30.185714285714287,16.214,17.518167,80.60242,205.40001,199,maturity,0.0,False
2024-10-27,consortium2_ELMED_10616937_management2_32768201,30.10721649484536,15.013999,16.161917,82.539566,5.2000003,200,maturity,0.0,False
2024-10-28,consortium2_ELMED_10616937_management2_32768201,30.032258064516128,14.799417,15.180666,84.566536,0.0,201,maturity,0.0,False
2024-10-29,consortium2_ELMED_10616937_management2_32768201,29.797826086956523,13.920249,14.9765005,80.21477,0.0,202,maturity,0.0,False
2024-10-30,consortium2_ELMED_10616937_management2_32768201,29.510752688172044,13.520249,14.478582,81.86419,0.0,203,maturity,0.0,False
2024-10-31,consortium2_ELMED_10616937_management2_32768201,29.231182795698924,12.641084,14.822333,76.09216,0.0,204,maturity,0.0,False
2024-11-01,consortium2_ELMED_10616937_management2_32768201,28.983870967741936,12.024416,13.222332,78.659195,0.0,205,maturity,0.0,False
2024-11-02,consortium2_ELMED_10616937_management2_32768201,28.734736842105264,11.513999,13.34525,75.196884,0.0,206,maturity,0.0,False
2024-11-03,consortium2_ELMED_10616937_management2_32768201,28.496842105263156,11.120251,11.749416,81.76452,0.0,207,maturity,0.0,False
2024-11-04,consortium2_ELMED_10616937_management2_32768201,28.283870967741937,11.018167,11.741084,81.68942,0.0,208,maturity,0.0,False
2024-11-05,consortium2_ELMED_10616937_management2_32768201,28.08421052631579,9.384833,10.909832,71.58399,0.0,209,maturity,0.0,False
2024-11-06,consortium2_ELMED_10616937_management2_32768201,27.881249999999998,8.6265,10.886917,66.32506,0.0,210,maturity,0.0,False
2024-11-07,consortium2_ELMED_10616937_management2_32768201,27.7031914893617,8.543167,11.299417,66.26952,0.0,211,maturity,0.0,False
2024-11-08,consortium2_ELMED_10616937_management2_32768201,27.51505376344086,8.536918,10.886917,73.27928,0.0,212,maturity,0.0,False
2024-11-09,consortium2_ELMED_10616937_management2_32768201,27.351612903225803,8.463999,10.451501,75.42482,0.0,213,maturity,0.0,False
2024-11-10,consortium2_ELMED_10616937_management2_32768201,27.214130434782607,7.6785836,9.768167,73.59571,0.0,214,maturity,0.0,False
2024-11-11,consortium2_ELMED_10616937_management2_32768201,27.060000000000002,6.891083,8.745249,67.182945,0.0,215,maturity,0.0,False
2024-11-12,consortium2_ELMED_10616937_management2_32768201,26.917708333333334,4.4577503,6.697334,69.80363,0.0,216,maturity,0.0,False
2024-11-13,consortium2_ELMED_10616937_management2_32768201,26.776041666666668,2.5619166,6.0535836,67.55111,20.800001,217,maturity,0.0,False
2024-11-14,consortium2_ELMED_10616937_management2_32768201,26.652083333333334,3.2306669,6.055667,69.178444,5.2000003,218,maturity,0.0,False
2024-11-15,consortium2_ELMED_10616937_management2_32768201,26.498958333333334,1.5848333,4.5494165,57.374676,0.0,219,maturity,0.0,False
2024-11-16,consortium2_ELMED_10616937_management2_32768201,26.380434782608695,1.164,4.7577496,60.76603,0.0,220,maturity,0.0,False
2024-11-17,consortium2_ELMED_10616937_management2_32768201,26.27578947368421,1.1181667,4.741083,58.845398,0.0,221,maturity,0.0,False
2024-11-18,consortium2_ELMED_10616937_management2_32768201,26.163541666666664,3.4306667,5.9327497,68.46608,0.0,222,maturity,0.0,False
2024-11-19,consortium2_ELMED_10616937_management2_32768201,26.05578947368421,4.1765003,6.055667,76.880135,0.0,223,maturity,0.0,False
2024-11-20,consortium2_ELMED_10616937_management2_32768201,25.987234042553194,5.6140003,6.655667,61.532005,85.8,224,maturity,0.0,False
2024-11-21,consortium2_ELMED_10616937_management2_32768201,25.896874999999998,3.1681669,1.7035834,53.581806,106.6,225,maturity,0.0,False
2024-11-22,consortium2_ELMED_10616937_management2_32768201,25.798947368421054,2.5806668,-0.31308332,66.91511,5.2000003,226,maturity,0.0,False
2024-11-23,consortium2_ELMED_10616937_management2_32768201,25.698924731182796,1.7702501,-0.5401667,60.32768,0.0,227,maturity,0.0,False
2024-11-24,consortium2_ELMED_10616937_management2_32768201,25.573958333333334,1.4556668,2.08275,72.91058,0.0,228,maturity,0.0,False
2024-11-25,consortium2_ELMED_10616937_management2_32768201,25.474999999999998,2.0535834,4.222333,85.34017,0.0,229,maturity,0.0,False
2024-11-26,consortium2_ELMED_10616937_management2_32768201,25.4,2.2973332,4.65775,93.91483,36.399998,230,maturity,0.0,False
2024-11-27,consortium2_ELMED_10616937_management2_32768201,25.325531914893617,2.8473334,6.061917,90.4412,0.0,231,maturity,0.0,False
2024-11-28,consortium2_ELMED_10616937_management2_32768201,25.300000000000004,4.064,5.399417,95.48943,10.400001,232,maturity,0.0,False
2024-11-29,consortium2_ELMED_10616937_management2_32768201,25.3,3.64525,3.89525,71.18706,0.0,233,maturity,0.0,False
2024-11-30,consortium2_ELMED_10616937_management2_32768201,25.26770833333333,2.5744166,2.8848333,65.405785,0.0,234,maturity,0.0,False
2024-12-01,consortium2_ELMED_10616937_management2_32768201,25.196842105263155,2.1910834,2.70775,63.073086,0.0,235,maturity,0.0,False
2024-12-02,consortium2_ELMED_10616937_management2_32768201,25.114736842105263,1.0348334,2.7931669,59.0835,0.0,236,maturity,0.0,False
2024-12-03,consortium2_ELMED_10616937_management2_32768201,25.023404255319146,2.3285832,3.3306665,78.513336,0.0,237,maturity,0.0,False
2024-12-04,consortium2_ELMED_10616937_management2_32768201,24.998947368421053,3.4390001,5.3035836,77.03109,0.0,238,maturity,0.0,False
2024-12-05,consortium2_ELMED_10616937_management2_32768201,24.92875,3.2494166,2.4556668,62.58608,0.0,239,maturity,0.0,False
2024-12-06,consortium2_ELMED_10616937_management2_32768201,24.899999999999995,2.2973332,3.19525,64.16619,18.199999,240,maturity,0.0,False
2024-12-07,consortium2_ELMED_10616937_management2_32768201,24.84166666666667,3.2056665,2.9765,57.542088,31.2,241,maturity,0.0,False
2024-12-08,consortium2_ELMED_10616937_management2_32768201,24.744791666666668,3.20775,3.2765002,89.43254,561.60004,242,maturity,0.0,False
2024-12-09,consortium2_ELMED_10616937_management2_32768201,24.7,3.4848332,4.0098333,78.4288,2.6000001,243,maturity,0.0,False
2024-12-10,consortium2_ELMED_10616937_management2_32768201,24.692708333333332,2.8681667,3.8723333,76.17156,0.0,244,maturity,0.0,False
2024-12-11,consortium2_ELMED_10616937_management2_32768201,24.693749999999998,2.4702501,1.1598334,79.94115,0.0,245,maturity,0.0,False
2024-12-12,consortium2_ELMED_10616937_management2_32768201,24.652631578947368,1.9119167,0.055666666,75.66791,0.0,246,maturity,0.0,False
2024-12-13,consortium2_ELMED_10616937_management2_32768201,24.603125000000002,0.8119167,0.2931667,70.5524,0.0,247,maturity,0.0,False
2024-12-14,consortium2_ELMED_10616937_management2_32768201,24.6,1.9306667,1.5931666,84.6798,20.800001,248,maturity,0.0,False
2024-12-15,consortium2_ELMED_10616937_management2_32768201,24.6,1.0765,0.76400006,73.964264,0.0,249,maturity,0.0,False
2024-12-16,consortium2_ELMED_10616937_management2_32768201,24.6,1.2244166,3.1202502,70.622955,0.0,250,maturity,0.0,False
2024-12-17,consortium2_ELMED_10616937_management2_32768201,24.600000000000005,1.6889999,2.7119167,78.440674,0.0,251,maturity,0.0,False
2024-12-18,consortium2_ELMED_10616937_management2_32768201,24.600000000000005,1.7431667,2.399417,71.75696,0.0,252,maturity,0.0,False
2024-12-19,consortium2_ELMED_10616937_management2_32768201,24.6,1.4410833,2.1223335,87.708405,291.19998,253,maturity,0.0,False
2024-12-20,consortium2_ELMED_10616937_management2_32768201,24.6,1.7931666,2.7494166,61.782715,70.200005,254,maturity,0.0,False
2024-12-21,consortium2_ELMED_10616937_management2_32768201,24.6,-0.4964167,-2.2630832,65.89232,0.0,255,maturity,0.0,False
2024-12-22,consortium2_ELMED_10616937_management2_32768201,24.600000000000005,0.62025005,-0.7776666,80.13262,67.6,256,maturity,0.0,False
2024-12-23,consortium2_ELMED_10616937_management2_32768201,24.634042553191488,0.45983335,-0.54225,64.92712,0.0,257,maturity,0.0,False
2024-12-24,consortium2_ELMED_10616937_management2_32768201,24.698936170212765,-0.38183334,-0.80266666,57.76854,0.0,258,maturity,0.0,False
2024-12-25,consortium2_ELMED_10616937_management2_32768201,24.784375,0.689,-1.5130832,61.740116,0.0,259,maturity,0.0,False
2024-12-26,consortium2_ELMED_10616937_management2_32768201,24.808333333333334,0.31191668,-0.7276666,55.754475,0.0,260,maturity,0.0,False
2024-12-27,consortium2_ELMED_10616937_management2_32768201,24.895744680851063,0.059833325,0.38275,55.852676,0.0,261,maturity,0.0,False
2024-12-28,consortium2_ELMED_10616937_management2_32768201,24.9,1.8244166,3.2765002,60.551674,0.0,262,maturity,0.0,False
2024-12-29,consortium2_ELMED_10616937_management2_32768201,24.899999999999995,0.87025,3.7619169,61.49119,0.0,263,maturity,0.0,False
2024-12-30,consortium2_ELMED_10616937_management2_32768201,24.902083333333334,0.43900007,3.3431666,58.105225,0.0,264,maturity,0.0,False
2024-12-31,consortium2_ELMED_10616937_management2_32768201,24.925806451612903,0.43900007,3.2369165,55.62591,0.0,265,maturity,0.0,False
2025-01-01,consortium2_ELMED_10616937_management2_32768201,24.91578947368421,0.27233335,1.6994166,61.666996,0.0,266,maturity,0.0,False
2025-01-02,consortium2_ELMED_10616937_management2_32768201,24.9,1.189,2.4285834,89.3757,0.0,267,maturity,0.0,False
2025-01-03,consortium2_ELMED_10616937_management2_32768201,24.9,2.4806666,2.664,73.9053,10.400001,268,maturity,0.0,False
2025-01-04,consortium2_ELMED_10616937_management2_32768201,24.9,2.5577502,0.9140001,69.52392,0.0,269,maturity,0.0,False
2025-01-05,consortium2_ELMED_10616937_management2_32768201,24.9,2.2973332,1.1556666,89.13497,0.0,270,maturity,0.0,False
2025-01-06,consortium2_ELMED_10616937_management2_32768201,24.876041666666666,1.5556667,4.5994167,90.567,145.59999,271,maturity,0.0,False
2025-01-07,consortium2_ELMED_10616937_management2_32768201,24.8,2.77025,4.7869167,93.26507,288.6,272,maturity,0.0,False
2025-01-08,consortium2_ELMED_10616937_management2_32768201,24.821875000000002,3.1785836,4.3327503,83.76245,13.0,273,maturity,0.0,False
2025-01-09,consortium2_ELMED_10616937_management2_32768201,25.230208333333334,2.514,5.2723336,92.72497,163.8,274,maturity,0.0,False
2025-01-10,consortium2_ELMED_10616937_management2_32768201,27.753684210526316,3.2265,3.6535833,70.44168,10.400001,275,maturity,0.0,False
2025-01-11,consortium2_ELMED_10616937_management2_32768201,27.80212765957447,1.9723333,1.7140001,65.42486,0.0,276,maturity,0.0,False
2025-01-12,consortium2_ELMED_10616937_management2_32768201,27.44148936170213,2.8869169,0.6848334,48.33378,0.0,277,maturity,0.0,False
2025-01-13,consortium2_ELMED_10616937_management2_32768201,27.14888888888889,2.9848332,0.6306667,48.896805,0.0,278,maturity,0.0,False
2025-01-14,consortium2_ELMED_10616937_management2_32768201,26.90421052631579,1.2514999,0.98483336,48.752625,0.0,279,maturity,0.0,False
2025-01-15,consortium2_ELMED_10616937_management2_32768201,26.72736842105263,0.66608334,2.5848334,44.592327,0.0,280,maturity,0.0,False
2025-01-16,consortium2_ELMED_10616937_management2_32768201,26.544565217391302,3.1056669,3.6598334,64.61403,0.0,281,maturity,0.0,False
2025-01-17,consortium2_ELMED_10616937_management2_32768201,26.379166666666666,2.2973332,2.8265,69.800606,0.0,282,maturity,0.0,False
2025-01-18,consortium2_ELMED_10616937_management2_32768201,26.257446808510636,3.1869166,4.1119165,51.510933,0.0,283,maturity,0.0,False
2025-01-19,consortium2_ELMED_10616937_management2_32768201,26.143617021276597,3.6806667,6.2952495,73.48241,62.4,284,maturity,0.0,False
2025-01-20,consortium2_ELMED_10616937_management2_32768201,26.032978723404256,2.8452501,5.1014996,88.44411,7.8,285,maturity,0.0,False
2025-01-21,consortium2_ELMED_10616937_management2_32768201,25.95744680851064,2.85775,5.4598336,83.48645,7.8,286,maturity,0.0,False
2025-01-22,consortium2_ELMED_10616937_management2_32768201,25.866666666666664,2.4327502,4.0681667,88.16255,18.199999,287,maturity,0.0,False
2025-01-23,consortium2_ELMED_10616937_management2_32768201,25.8,2.7515001,4.2390003,96.645256,132.59999,288,maturity,0.0,False
2025-01-24,consortium2_ELMED_10616937_management2_32768201,25.73510638297872,2.4994166,4.6035833,82.01359,0.0,289,maturity,0.0,False
2025-01-25,consortium2_ELMED_10616937_management2_32768201,25.7,2.2098334,5.2390003,86.75532,0.0,290,maturity,0.0,False
2025-01-26,consortium2_ELMED_10616937_management2_32768201,25.657608695652176,3.1848333,5.3327503,94.6101,387.4,291,maturity,0.0,False
2025-01-27,consortium2_ELMED_10616937_management2_32768201,27.93368421052632,4.04525,5.280667,94.53796,400.4,292,maturity,0.0,False
2025-01-28,consortium2_ELMED_10616937_management2_32768201,54.82021276595745,4.774417,6.509834,89.88948,798.19995,293,maturity,0.0,False
2025-01-29,consortium2_ELMED_10616937_management2_32768201,54.612631578947365,4.3514996,4.9556665,83.75038,0.0,294,maturity,0.0,False
2025-01-30,consortium2_ELMED_10616937_management2_32768201,53.32604166666667,4.53275,5.3619165,79.65944,0.0,295,maturity,0.0,False
2025-01-31,consortium2_ELMED_10616937_management2_32768201,36.40416666666667,3.9973333,5.3306665,78.28938,23.400002,296,maturity,0.0,False
2025-02-01,consortium2_ELMED_10616937_management2_32768201,30.809473684210527,4.872333,6.2577496,86.99447,119.6,297,maturity,0.0,False
2025-02-02,consortium2_ELMED_10616937_management2_32768201,29.98478260869565,4.334833,4.9890003,80.939926,0.0,298,maturity,0.0,False
2025-02-03,consortium2_ELMED_10616937_management2_32768201,29.482105263157898,4.1119165,5.249417,70.371284,0.0,299,maturity,0.0,False
2025-02-04,consortium2_ELMED_10616937_management2_32768201,29.105263157894736,4.184833,4.5369167,70.52411,0.0,300,maturity,0.0,False
2025-02-05,consortium2_ELMED_10616937_management2_32768201,28.79578947368421,4.124417,5.53275,59.474205,0.0,301,maturity,0.0,False
2025-02-06,consortium2_ELMED_10616937_management2_32768201,28.53333333333333,3.8015,5.434833,56.998,0.0,302,maturity,0.0,False
2025-02-07,consortium2_ELMED_10616937_management2_32768201,28.32526315789474,3.8140001,3.3265,72.392815,0.0,303,maturity,0.0,False
2025-02-08,consortium2_ELMED_10616937_management2_32768201,28.136458333333334,3.6556666,3.6910834,82.773674,39.0,304,maturity,0.0,False
2025-02-09,consortium2_ELMED_10616937_management2_32768201,27.953125,4.1994166,4.999417,94.01942,392.6,305,maturity,0.0,False
2025-02-10,consortium2_ELMED_10616937_management2_32768201,28.90625,6.1140003,7.7577496,83.28382,20.800001,306,maturity,0.0,False
2025-02-11,consortium2_ELMED_10616937_management2_32768201,29.964893617021275,6.9014997,7.759834,90.43436,49.399998,307,maturity,0.0,False
2025-02-12,consortium2_ELMED_10616937_management2_32768201,29.515625,7.189,8.316084,85.32096,13.0,308,maturity,0.0,False
2025-02-13,consortium2_ELMED_10616937_management2_32768201,29.178723404255322,7.2556667,7.7639995,86.35512,2.6000001,309,maturity,0.0,False
2025-02-14,consortium2_ELMED_10616937_management2_32768201,28.949473684210524,5.641083,5.0494165,69.69105,270.4,310,maturity,0.0,False
2025-02-15,consortium2_ELMED_10616937_management2_32768201,28.747872340425534,3.4306667,2.6660833,57.731113,0.0,311,maturity,0.0,False
2025-02-16,consortium2_ELMED_10616937_management2_32768201,28.54736842105263,3.5473332,3.0181665,79.79317,0.0,312,maturity,0.0,False
2025-02-17,consortium2_ELMED_10616937_management2_32768201,28.364583333333332,3.7202501,2.5473332,76.8135,0.0,313,maturity,0.0,False
2025-02-18,consortium2_ELMED_10616937_management2_32768201,28.236842105263158,4.0119166,2.5952501,74.21932,0.0,314,maturity,0.0,False
2025-02-19,consortium2_ELMED_10616937_management2_32768201,28.07608695652174,3.4306667,1.8931668,73.26969,0.0,315,maturity,0.0,False
2025-02-20,consortium2_ELMED_10616937_management2_32768201,27.939999999999998,2.4473333,3.5952501,72.072556,0.0,316,maturity,0.0,False
2025-02-21,consortium2_ELMED_10616937_management2_32768201,27.80851063829787,1.8848335,6.2452497,64.90872,0.0,317,maturity,0.0,False
2025-02-22,consortium2_ELMED_10616937_management2_32768201,27.69789473684211,3.1556666,5.668167,81.69953,0.0,318,maturity,0.0,False
2025-02-23,consortium2_ELMED_10616937_management2_32768201,27.601075268817205,5.3598332,7.3931665,81.554085,0.0,319,maturity,0.0,False
2025-02-24,consortium2_ELMED_10616937_management2_32768201,27.507608695652173,6.9535837,8.649416,79.56839,5.2000003,320,maturity,0.0,False
2025-02-25,consortium2_ELMED_10616937_management2_32768201,27.455319148936166,8.318167,9.743166,88.09532,72.799995,321,maturity,0.0,False
2025-02-26,consortium2_ELMED_10616937_management2_32768201,27.398947368421055,7.6910834,8.934834,87.137054,114.4,322,maturity,0.0,False
2025-02-27,consortium2_ELMED_10616937_management2_32768201,27.316842105263156,7.091083,8.297334,68.603134,0.0,323,maturity,0.0,False
2025-02-28,consortium2_ELMED_10616937_management2_32768201,27.3,7.014,7.28275,73.43726,41.600002,324,maturity,0.0,False
2025-03-01,consortium2_ELMED_10616937_management2_32768201,27.3,6.7848334,6.92025,66.21844,5.2000003,325,maturity,0.0,False
2025-03-02,consortium2_ELMED_10616937_management2_32768201,27.300000000000004,5.868167,6.92025,61.65694,0.0,326,maturity,0.0,False
2025-03-03,consortium2_ELMED_10616937_management2_32768201,27.3,6.03275,7.09525,68.05231,0.0,327,maturity,0.0,False
2025-03-04,consortium2_ELMED_10616937_management2_32768201,27.25483870967742,6.6285834,8.022333,63.83048,0.0,328,maturity,0.0,False
2025-03-05,consortium2_ELMED_10616937_management2_32768201,27.2,7.10775,9.6265,53.762016,0.0,329,maturity,0.0,False
2025-03-06,consortium2_ELMED_10616937_management2_32768201,27.2,7.386917,9.65775,54.94763,0.0,330,maturity,0.0,False
2025-03-07,consortium2_ELMED_10616937_management2_32768201,27.2,7.3181663,9.239,56.57866,0.0,331,maturity,0.0,False
2025-03-08,consortium2_ELMED_10616937_management2_32768201,27.174193548387095,7.3973336,9.497334,54.814857,0.0,332,maturity,0.0,False
2025-03-09,consortium2_ELMED_10616937_management2_32768201,27.101063829787233,8.318167,11.02025,55.752487,0.0,333,maturity,0.0,False
2025-03-10,consortium2_ELMED_10616937_management2_32768201,27.051041666666666,8.747334,9.716084,75.722015,455.0,334,maturity,0.0,False
2025-03-11,consortium2_ELMED_10616937_management2_32768201,27.0,9.255667,10.724417,72.99798,13.0,335,maturity,0.0,False
2025-03-12,consortium2_ELMED_10616937_management2_32768201,27.0,9.447333,10.551499,81.01232,322.4,336,maturity,0.0,False
2025-03-13,consortium2_ELMED_10616937_management2_32768201,27.41595744680851,9.186917,9.605667,78.52266,127.4,337,maturity,0.0,False
2025-03-14,consortium2_ELMED_10616937_management2_32768201,35.31157894736842,8.455667,9.134833,81.92681,176.8,338,maturity,0.0,False
2025-03-15,consortium2_ELMED_10616937_management2_32768201,54.974736842105266,8.826501,10.1952505,80.79867,275.6,339,maturity,0.0,False
2025-03-16,consortium2_ELMED_10616937_management2_32768201,55.57083333333333,8.814,9.509833,74.3155,192.40001,340,maturity,0.0,False
2025-03-17,consortium2_ELMED_10616937_management2_32768201,54.954255319148935,8.061917,8.647333,66.38569,5.2000003,341,maturity,0.0,False
2025-03-18,consortium2_ELMED_10616937_management2_32768201,39.04479166666667,6.559833,5.591083,68.45861,0.0,342,maturity,0.0,False
2025-03-19,consortium2_ELMED_10616937_management2_32768201,31.253125,6.0702496,6.314,66.048996,0.0,343,maturity,0.0,False
2025-03-20,consortium2_ELMED_10616937_management2_32768201,30.20421052631579,6.7452497,6.947334,69.52764,0.0,344,maturity,0.0,False
2025-03-21,consortium2_ELMED_10616937_management2_32768201,29.68631578947368,7.6452503,8.005667,72.892815,0.0,345,maturity,0.0,False
2025-03-22,consortium2_ELMED_10616937_management2_32768201,29.328125,8.884833,10.272334,80.52007,205.40001,346,maturity,0.0,False
2025-03-23,consortium2_ELMED_10616937_management2_32768201,29.024468085106385,8.966084,9.797334,83.296684,249.6,347,maturity,0.0,False
2025-03-24,consortium2_ELMED_10616937_management2_32768201,28.840625,9.353583,10.922334,69.495895,0.0,348,maturity,0.0,False
2025-03-25,consortium2_ELMED_10616937_management2_32768201,28.806315789473683,9.397333,10.972332,70.36339,7.8,349,maturity,0.0,False
2025-03-26,consortium2_ELMED_10616937_management2_32768201,28.800000000000004,9.384833,11.153584,64.4967,0.0,350,maturity,0.0,False
2025-03-27,consortium2_ELMED_10616937_management2_32768201,28.79684210526316,9.9765005,12.005667,56.940567,0.0,351,maturity,0.0,False
2025-03-28,consortium2_ELMED_10616937_management2_32768201,28.699999999999996,10.324417,12.116084,59.505436,20.800001,352,maturity,0.0,False
2025-03-29,consortium2_ELMED_10616937_management2_32768201,28.613829787234046,10.366084,11.730667,74.435776,93.600006,353,maturity,0.0,False
2025-03-30,consortium2_ELMED_10616937_management2_32768201,28.517391304347825,11.918167,13.432751,59.725418,5.2000003,354,maturity,0.0,False
2025-03-31,consortium2_ELMED_10616937_management2_32768201,28.430526315789475,10.630667,10.830667,46.758385,0.0,355,maturity,0.0,False
2025-04-01,consortium2_ELMED_10616937_management2_32768201,28.328421052631576,8.949417,8.8015,49.396996,2.6000001,356,maturity,0.0,False
2025-04-02,consortium2_ELMED_10616937_management2_32768201,28.25208333333333,10.903584,12.343166,60.39595,98.8,357,maturity,0.0,False
2025-04-03,consortium2_ELMED_10616937_management2_32768201,28.1468085106383,11.061916,12.653584,68.86156,0.0,358,maturity,0.0,False
2025-04-04,consortium2_ELMED_10616937_management2_32768201,28.046315789473685,11.614,13.628582,63.70068,0.0,359,maturity,0.0,False
2025-04-05,consortium2_ELMED_10616937_management2_32768201,27.964893617021275,12.870251,14.295249,67.912605,0.0,360,maturity,0.0,False
2025-04-06,consortium2_ELMED_10616937_management2_32768201,27.9,12.568167,13.051499,58.885803,0.0,361,maturity,0.0,False
2025-04-07,consortium2_ELMED_10616937_management2_32768201,27.80842105263158,10.011917,8.599417,63.755714,0.0,362,maturity,0.0,False
2025-04-08,consortium2_ELMED_10616937_management2_32768201,27.75698924731183,9.141084,8.418167,66.90424,0.0,363,maturity,0.0,False
2025-04-09,consortium2_ELMED_10616937_management2_32768201,27.664130434782606,9.239,9.672334,66.31294,2.6000001,364,maturity,0.0,False
2025-04-10,consortium2_ELMED_10616937_management2_32768201,27.582291666666666,10.680666,11.58275,64.74633,0.0,365,maturity,0.0,False
2025-04-11,consortium2_ELMED_10616937_management2_32768201,27.5,11.795249,14.120251,60.14352,0.0,366,maturity,0.0,False
2025-04-12,consortium2_ELMED_10616937_management2_32768201,27.42,13.247334,15.543167,68.33112,0.0,367,maturity,0.0,False
2025-04-13,consortium2_ELMED_10616937_management2_32768201,27.354166666666668,12.89525,13.811916,79.75591,117.0,368,maturity,0.0,False
2025-04-14,consortium2_ELMED_10616937_management2_32768201,27.3,13.278584,14.218165,81.252594,148.20001,369,maturity,0.0,False
2025-04-15,consortium2_ELMED_10616937_management2_32768201,27.248421052631578,13.099417,14.436916,82.69848,231.40001,370,maturity,0.0,False
2025-04-16,consortium2_ELMED_10616937_management2_32768201,27.2,13.653584,14.434834,83.98966,241.79999,371,maturity,0.0,False
2025-04-17,consortium2_ELMED_10616937_management2_32768201,35.584782608695654,12.857749,12.980667,89.15416,962.0,372,maturity,0.0,False
2025-04-18,consortium2_ELMED_10616937_management2_32768201,54.253684210526316,12.466084,13.159832,75.56534,10.400001,373,maturity,0.0,False
2025-04-19,consortium2_ELMED_10616937_management2_32768201,53.68631578947368,13.155666,13.828584,73.75769,2.6000001,374,maturity,0.0,False
2025-04-20,consortium2_ELMED_10616937_management2_32768201,38.873958333333334,13.6265,14.341084,76.31949,18.199999,375,maturity,0.0,False
2025-04-21,consortium2_ELMED_10616937_management2_32768201,31.7968085106383,12.422334,13.155666,78.89673,88.4,376,maturity,0.0,False
2025-04-22,consortium2_ELMED_10616937_management2_32768201,30.8125,13.464,15.4765005,68.41225,109.2,377,maturity,0.0,False
2025-04-23,consortium2_ELMED_10616937_management2_32768201,30.333333333333332,14.207749,15.303584,76.75306,143.0,378,maturity,0.0,False
2025-04-24,consortium2_ELMED_10616937_management2_32768201,29.95684210526316,14.553584,15.061916,74.83383,101.4,379,maturity,0.0,False
2025-04-25,consortium2_ELMED_10616937_management2_32768201,29.92,13.97025,14.409832,61.764763,7.8,380,maturity,0.0,False
2025-04-26,consortium2_ELMED_10616937_management2_32768201,29.996842105263156,13.468165,14.497334,67.44578,338.0,381,maturity,0.0,False
2025-04-27,consortium2_ELMED_10616937_management2_32768201,29.87263157894737,14.641084,15.5077505,71.028366,210.6,382,maturity,0.0,False
2025-04-28,consortium2_ELMED_10616937_management2_32768201,29.727083333333336,14.401501,15.420249,77.53156,70.200005,383,maturity,0.0,False
2025-04-29,consortium2_ELMED_10616937_management2_32768201,29.575000000000003,15.114,16.68275,69.70643,0.0,384,maturity,0.0,False
2025-04-30,consortium2_ELMED_10616937_management2_32768201,29.457291666666666,15.772334,17.961916,63.73552,0.0,385,maturity,0.0,False
2025-05-01,consortium2_ELMED_10616937_management2_32768201,29.391666666666666,16.541082,18.843166,67.03079,2.6000001,386,maturity,0.0,False
2025-05-02,consortium2_ELMED_10616937_management2_32768201,29.3,17.105667,19.409834,68.4575,0.0,387,maturity,0.0,False
2025-05-03,consortium2_ELMED_10616937_management2_32768201,29.28854166666667,17.0765,19.249416,59.477375,0.0,388,maturity,0.0,False
2025-05-04,consortium2_ELMED_10616937_management2_32768201,29.2,15.947333,17.251501,72.466,221.0,389,maturity,0.0,False
2025-05-05,consortium2_ELMED_10616937_management2_32768201,29.112631578947372,15.528584,15.518167,84.62879,358.80002,390,maturity,0.0,False
2025-05-06,consortium2_ELMED_10616937_management2_32768201,29.005208333333332,14.418167,14.393167,84.0703,535.60004,391,maturity,0.0,False
2025-05-07,consortium2_ELMED_10616937_management2_32768201,28.886458333333334,13.622334,13.309834,89.7977,647.39996,392,maturity,0.0,False
2025-05-08,consortium2_ELMED_10616937_management2_32768201,28.727083333333336,13.026501,12.580667,85.41549,296.40002,393,maturity,0.0,False
2025-05-09,consortium2_ELMED_10616937_management2_32768201,28.631249999999998,13.9452505,13.526501,79.57996,210.59999,394,maturity,0.0,False
2025-05-10,consortium2_ELMED_10616937_management2_32768201,28.761458333333334,14.036917,14.003582,78.07624,5.2000003,395,maturity,0.0,False
2025-05-11,consortium2_ELMED_10616937_management2_32768201,28.92395833333333,14.766084,15.453584,71.877914,0.0,396,maturity,0.0,False
2025-05-12,consortium2_ELMED_10616937_management2_32768201,29.0,15.493166,15.909832,73.680305,0.0,397,maturity,0.0,False
2025-05-13,consortium2_ELMED_10616937_management2_32768201,29.0,14.870251,14.847332,84.52101,257.4,398,maturity,0.0,False
2025-05-14,consortium2_ELMED_10616937_management2_32768201,28.971578947368425,14.855667,15.534832,77.38813,5.2000003,399,maturity,0.0,False
2025-05-15,consortium2_ELMED_10616937_management2_32768201,28.899999999999995,15.655665,16.603582,67.951996,0.0,400,maturity,0.0,False
2025-05-16,consortium2_ELMED_10616937_management2_32768201,28.9,14.516084,13.961916,57.57806,0.0,401,maturity,0.0,False
2025-05-17,consortium2_ELMED_10616937_management2_32768201,28.822340425531916,13.897334,13.949417,63.848206,2.6000001,402,maturity,0.0,False
2025-05-18,consortium2_ELMED_10616937_management2_32768201,28.76559139784946,14.093166,14.90775,70.1301,5.2000003,403,maturity,0.0,False
2025-05-19,consortium2_ELMED_10616937_management2_32768201,28.6468085106383,15.888999,17.030666,73.00825,20.800001,404,maturity,0.0,False
2025-05-20,consortium2_ELMED_10616937_management2_32768201,28.532978723404256,17.274416,17.04525,76.67926,7.8,405,maturity,0.0,False
2025-05-21,consortium2_ELMED_10616937_management2_32768201,28.431182795698923,16.82025,16.572332,78.36235,46.800003,406,maturity,0.0,False
2025-05-22,consortium2_ELMED_10616937_management2_32768201,36.704301075268816,14.107749,14.03275,90.69967,629.19995,407,maturity,0.0,False
2025-05-23,consortium2_ELMED_10616937_management2_32768201,33.747368421052634,14.405665,14.364,69.30134,2.6000001,408,maturity,0.0,False
2025-05-24,consortium2_ELMED_10616937_management2_32768201,31.34731182795699,14.40775,13.780666,76.330185,36.4,409,maturity,0.0,False
2025-05-25,consortium2_ELMED_10616937_management2_32768201,30.813978494623655,15.013999,15.239,75.291275,0.0,410,maturity,0.0,False
2025-05-26,consortium2_ELMED_10616937_management2_32768201,30.445054945054945,16.172335,17.168167,75.03072,31.2,411,maturity,0.0,False
2025-05-27,consortium2_ELMED_10616937_management2_32768201,30.19272727272727,15.2515,15.899416,81.21834,122.2,412,maturity,0.0,False
2025-05-27,consortium2_ELMED_10616937_management2_32833738,30.05128205128205,15.2515,15.899416,81.21834,122.2,0,establishment,0.0,False
2025-05-28,consortium2_ELMED_10616937_management2_32833738,29.90421052631579,16.218168,17.45775,76.18318,0.0,1,establishment,0.0,False
2025-05-29,consortium2_ELMED_10616937_management2_32833738,29.865263157894734,17.286917,17.930666,65.92857,0.0,2,establishment,0.0,False
2025-05-30,consortium2_ELMED_10616937_management2_32833738,29.8,18.216084,19.88483,64.55572,0.0,3,establishment,0.0,False
2025-05-31,consortium2_ELMED_10616937_management2_32833738,29.703125,19.503584,20.62025,73.809135,0.0,4,establishment,0.0,False
2025-06-01,consortium2_ELMED_10616937_management2_32833738,29.574468085106382,20.103584,21.38483,75.96186,54.6,5,establishment,0.0,False
2025-06-02,consortium2_ELMED_10616937_management2_32833738,29.424210526315786,20.289,20.486917,79.75924,23.400002,6,establishment,0.0,False
2025-06-03,consortium2_ELMED_10616937_management2_32833738,29.295833333333334,19.92025,20.599417,76.78479,44.2,7,establishment,0.0,False
2025-06-04,consortium2_ELMED_10616937_management2_32833738,29.17395833333333,19.35775,19.934834,78.57434,88.4,8,establishment,0.0,False
2025-06-05,consortium2_ELMED_10616937_management2_32833738,29.056250000000002,19.147333,19.318167,80.21052,127.4,9,establishment,0.0,False
2025-06-06,consortium2_ELMED_10616937_management2_32833738,28.95744680851064,19.828585,20.455667,78.00461,2.6000001,10,establishment,0.0,False
2025-06-07,consortium2_ELMED_10616937_management2_32833738,28.83684210526316,20.230665,21.28275,74.883514,15.6,11,establishment,0.0,False
2025-06-08,consortium2_ELMED_10616937_management2_32833738,28.760416666666668,21.043165,21.518167,77.73103,28.6,12,establishment,0.0,False
2025-06-09,consortium2_ELMED_10616937_management2_32833738,28.64526315789474,20.986917,21.584831,57.960022,0.0,13,establishment,0.0,False
2025-06-10,consortium2_ELMED_10616937_management2_32833738,28.51578947368421,21.549417,21.828583,68.26961,0.0,14,establishment,0.0,False
2025-06-11,consortium2_ELMED_10616937_management2_32833738,28.414736842105263,22.83275,24.1765,62.602016,7.8,15,vegetative,0.0,False
2025-06-12,consortium2_ELMED_10616937_management2_32833738,28.296875,24.249418,25.15775,59.18206,0.0,16,vegetative,0.0,False
2025-06-13,consortium2_ELMED_10616937_management2_32833738,28.18958333333333,25.141083,26.328583,59.50858,0.0,17,vegetative,0.0,False
2025-06-14,consortium2_ELMED_10616937_management2_32833738,28.073684210526316,25.764,26.691084,63.803326,20.800001,18,vegetative,0.0,False
2025-06-15,consortium2_ELMED_10616937_management2_32833738,27.912631578947366,25.943167,26.659834,56.396423,15.6,19,vegetative,0.0,False
2025-06-16,consortium2_ELMED_10616937_management2_32833738,27.77127659574468,23.859833,22.7015,66.68965,13.0,20,vegetative,0.0,False
2025-06-17,consortium2_ELMED_10616937_management2_32833738,27.670212765957448,23.647331,23.007751,51.450768,23.400002,21,vegetative,0.0,False
2025-06-18,consortium2_ELMED_10616937_management2_32833738,27.501052631578947,24.749418,24.830667,53.697247,0.0,22,vegetative,0.0,False
2025-06-19,consortium2_ELMED_10616937_management2_32833738,27.365263157894734,25.678581,26.1265,58.871883,15.6,23,vegetative,0.0,False
2025-06-20,consortium2_ELMED_10616937_management2_32833738,27.222580645161287,25.993166,26.0765,58.466537,52.0,24,vegetative,0.0,False
2025-06-21,consortium2_ELMED_10616937_management2_32833738,27.16021505376344,25.364,24.9515,60.432247,26.0,25,vegetative,0.0,False
2025-06-22,consortium2_ELMED_10616937_management2_32833738,27.089473684210525,25.60775,25.324415,60.915096,0.0,26,vegetative,0.0,False
2025-06-23,consortium2_ELMED_10616937_management2_32833738,26.991666666666664,26.272331,26.861917,52.623653,0.0,27,vegetative,0.0,False
2025-06-24,consortium2_ELMED_10616937_management2_32833738,26.74736842105263,26.653582,26.9515,56.959183,0.0,28,vegetative,0.0,False
2025-06-25,consortium2_ELMED_10616937_management2_32833738,26.792631578947372,27.39525,27.724417,61.72908,28.6,29,vegetative,0.0,False
2025-06-26,consortium2_ELMED_10616937_management2_32833738,26.810752688172045,27.255667,26.484833,67.837105,62.4,30,vegetative,0.0,False
2025-06-27,consortium2_ELMED_10616937_management2_32833738,26.757894736842104,27.059832,26.655668,53.911026,0.0,31,vegetative,0.0,False
2025-06-28,consortium2_ELMED_10616937_management2_32833738,26.63894736842105,28.272331,28.807749,47.96421,0.0,32,vegetative,0.0,False
2025-06-29,consortium2_ELMED_10616937_management2_32833738,26.44421052631579,28.614,29.097334,52.452713,0.0,33,vegetative,0.0,False
2025-06-30,consortium2_ELMED_10616937_management2_32833738,26.242391304347827,28.189,28.143166,56.542564,49.399998,34,vegetative,0.0,False
2025-07-01,consortium2_ELMED_10616937_management2_32833738,26.04148936170213,27.838999,27.503584,52.2856,2.6000001,35,vegetative,0.0,False
2025-07-02,consortium2_ELMED_10616937_management2_32833738,25.88478260869565,26.03275,26.709831,57.544086,2.6000001,36,vegetative,0.0,False
2025-07-03,consortium2_ELMED_10616937_management2_32833738,25.769148936170215,25.364,26.870249,58.31134,0.0,37,vegetative,0.0,False
2025-07-04,consortium2_ELMED_10616937_management2_32833738,25.597872340425535,25.536917,26.999418,57.569588,2.6000001,38,vegetative,0.0,False
2025-07-05,consortium2_ELMED_10616937_management2_32833738,25.533684210526314,25.222334,24.968168,65.98424,7.8,39,vegetative,0.0,False
2025-07-06,consortium2_ELMED_10616937_management2_32833738,25.43076923076923,23.016083,22.164001,77.13195,169.0,40,vegetative,0.0,False
2025-07-07,consortium2_ELMED_10616937_management2_32833738,27.300000000000004,22.543165,21.799417,76.00555,390.0,41,vegetative,0.0,False
2025-07-08,consortium2_ELMED_10616937_management2_32833738,27.996774193548386,18.891085,16.95775,76.38483,208.0,42,vegetative,0.0,False
2025-07-09,consortium2_ELMED_10616937_management2_32833738,27.82282608695652,18.491083,18.472334,55.227455,0.0,43,vegetative,0.0,False
2025-07-10,consortium2_ELMED_10616937_management2_32833738,27.606315789473683,20.124418,20.47025,48.523357,0.0,44,vegetative,0.0,False
2025-07-11,consortium2_ELMED_10616937_management2_32833738,27.3031914893617,20.930666,20.59525,61.519405,54.6,45,flowering,0.0,False
2025-07-12,consortium2_ELMED_10616937_management2_32833738,26.993617021276595,21.203585,20.972334,67.294716,114.4,46,flowering,0.0,False
2025-07-13,consortium2_ELMED_10616937_management2_32833738,26.707526881720433,22.424417,21.872335,72.09059,83.200005,47,flowering,0.0,False
2025-07-14,consortium2_ELMED_10616937_management2_32833738,26.49578947368421,23.243166,22.843168,70.11319,26.0,48,flowering,0.0,False
2025-07-15,consortium2_ELMED_10616937_management2_32833738,26.26413043478261,24.28275,24.599417,65.16203,0.0,49,flowering,0.0,False
2025-07-16,consortium2_ELMED_10616937_management2_32833738,26.053684210526313,24.093168,23.253584,70.69296,52.0,50,flowering,0.0,False
2025-07-17,consortium2_ELMED_10616937_management2_32833738,25.85684210526316,24.378584,23.2515,57.56984,0.0,51,flowering,0.0,False
2025-07-18,consortium2_ELMED_10616937_management2_32833738,25.643617021276597,24.603584,24.178581,56.252357,0.0,52,flowering,0.0,False
2025-07-19,consortium2_ELMED_10616937_management2_32833738,25.555319148936174,24.830667,24.666084,61.79949,13.0,53,flowering,0.0,False
2025-07-20,consortium2_ELMED_10616937_management2_32833738,25.487234042553194,25.686918,25.32025,63.274246,36.399998,54,flowering,0.0,False
2025-07-21,consortium2_ELMED_10616937_management2_32833738,25.840425531914892,23.59525,22.897331,76.12629,546.0,55,flowering,0.0,False
2025-07-22,consortium2_ELMED_10616937_management2_32833738,26.66021505376344,23.561918,23.8765,61.315514,5.2000003,56,flowering,0.0,False
2025-07-23,consortium2_ELMED_10616937_management2_32833738,26.259139784946235,24.484833,23.976501,66.38381,93.6,57,flowering,0.0,False
2025-07-24,consortium2_ELMED_10616937_management2_32833738,37.084782608695654,23.166084,22.709831,68.85121,75.4,58,flowering,0.0,False
2025-07-25,consortium2_ELMED_10616937_management2_32833738,36.387368421052635,20.797335,20.505667,73.35492,143.0,59,flowering,0.0,False
2025-07-26,consortium2_ELMED_10616937_management2_32833738,32.63260869565217,20.4015,19.7515,78.0396,114.4,60,flowering,0.0,False
2025-07-27,consortium2_ELMED_10616937_management2_32833738,31.602127659574467,21.28275,21.709831,62.457825,0.0,61,flowering,0.0,False
2025-07-28,consortium2_ELMED_10616937_management2_32833738,30.826595744680848,19.91608,19.316084,74.76586,59.8,62,flowering,0.0,False
2025-07-29,consortium2_ELMED_10616937_management2_32833738,30.264516129032256,22.09525,21.593168,49.171597,0.0,63,flowering,0.0,False
2025-07-30,consortium2_ELMED_10616937_management2_32833738,29.696629213483146,20.843166,19.914,66.626434,26.0,64,flowering,0.0,False
2025-07-31,consortium2_ELMED_10616937_management2_32833738,29.23936170212766,21.891083,20.90775,67.27571,2.6000001,65,flowering,0.0,False
2025-08-01,consortium2_ELMED_10616937_management2_32833738,28.9468085106383,21.5765,20.430666,75.69997,59.8,66,flowering,0.0,False
2025-08-03,consortium2_ELMED_10616937_management2_32833738,33.76129032258064,18.868166,19.536917,63.366783,7.8,68,flowering,0.0,False
2025-08-04,consortium2_ELMED_10616937_management2_32833738,32.92045454545455,19.539,20.32025,66.05547,0.0,69,flowering,0.0,False
2025-08-05,consortium2_ELMED_10616937_management2_32833738,32.096703296703296,21.203585,22.647331,69.09941,0.0,70,maturity,0.0,False
2025-08-06,consortium2_ELMED_10616937_management2_32833738,31.456179775280898,22.111916,22.366081,74.89145,80.600006,71,maturity,0.0,False
2025-08-07,consortium2_ELMED_10616937_management2_32833738,30.972340425531915,22.6765,22.64525,73.936066,0.0,72,maturity,0.0,False
2025-08-08,consortium2_ELMED_10616937_management2_32833738,30.501149425287355,24.611916,25.218168,67.14283,0.0,73,maturity,0.0,False
2025-08-09,consortium2_ELMED_10616937_management2_32833738,30.10337078651685,26.424417,27.73275,59.67108,0.0,74,maturity,0.0,False
2025-08-10,consortium2_ELMED_10616937_management2_32833738,29.729347826086954,27.484833,29.33275,52.171814,0.0,75,maturity,0.0,False
2025-08-11,consortium2_ELMED_10616937_management2_32833738,29.376744186046512,27.418165,28.84525,52.380672,36.399998,76,maturity,0.0,False
2025-08-12,consortium2_ELMED_10616937_management2_32833738,29.073033707865168,27.441084,28.39525,57.26894,7.8,77,maturity,0.0,False
2025-08-13,consortium2_ELMED_10616937_management2_32833738,28.810752688172045,27.441084,28.624418,58.069805,0.0,78,maturity,0.0,False
2025-08-14,consortium2_ELMED_10616937_management2_32833738,28.53333333333333,27.10775,27.747335,56.36188,0.0,79,maturity,0.0,False
2025-08-15,consortium2_ELMED_10616937_management2_32833738,28.28241758241758,26.936918,27.29525,51.525597,0.0,80,maturity,0.0,False
2025-08-16,consortium2_ELMED_10616937_management2_32833738,27.93595505617978,26.382751,26.811918,49.489395,0.0,81,maturity,0.0,False
2025-08-17,consortium2_ELMED_10616937_management2_32833738,28.700000000000003,25.351501,25.90775,48.075317,0.0,82,maturity,0.0,False
2025-08-18,consortium2_ELMED_10616937_management2_32833738,28.076404494382025,24.314,24.261915,61.4866,41.600002,83,maturity,0.0,False
2025-08-19,consortium2_ELMED_10616937_management2_32833738,27.901176470588233,24.786917,24.049417,66.55403,176.79999,84,maturity,0.0,False
2025-08-20,consortium2_ELMED_10616937_management2_32833738,27.828235294117647,22.424417,21.491081,79.83866,119.6,85,maturity,0.0,False
2025-08-21,consortium2_ELMED_10616937_management2_32833738,27.892682926829266,20.753584,19.74525,83.375626,145.59999,86,maturity,0.0,False
2025-08-22,consortium2_ELMED_10616937_management2_32833738,27.862650602409637,21.47025,21.305666,72.5888,96.2,87,maturity,0.0,False
2025-08-23,consortium2_ELMED_10616937_management2_32833738,27.766666666666666,20.391085,19.589,79.2553,65.0,88,maturity,0.0,False
2025-08-24,consortium2_ELMED_10616937_management2_32833738,27.63736263736264,20.034834,19.82025,69.19201,15.6,89,maturity,0.0,False
2025-08-25,consortium2_ELMED_10616937_management2_32833738,27.6,20.584831,20.772331,68.65785,0.0,90,maturity,0.0,False
2024-04-10,consortium2_ELMED_9961572_management0_32768201,11.25294117647059,11.895249,10.511917,75.46327,327.6,0,establishment,0.0,False
2024-04-11,consortium2_ELMED_9961572_management0_32768201,11.26086956521739,13.430666,15.409832,67.81529,0.0,1,establishment,0.0,False
2024-04-12,consortium2_ELMED_9961572_management0_32768201,11.265263157894738,14.984834,17.999416,72.13256,0.0,2,establishment,0.0,False
2024-04-13,consortium2_ELMED_9961572_management0_32768201,11.272631578947369,16.289,19.30775,69.74604,0.0,3,establishment,0.0,False
2024-04-14,consortium2_ELMED_9961572_management0_32768201,11.284374999999999,17.166084,19.924417,73.11006,0.0,4,establishment,0.0,False
2024-04-15,consortium2_ELMED_9961572_management0_32768201,11.608333333333334,17.0265,17.943167,74.252556,0.0,5,establishment,0.0,False
2024-04-16,consortium2_ELMED_9961572_management0_32768201,11.652083333333335,15.138999,14.709834,53.01589,10.400001,6,establishment,0.0,False
2024-04-17,consortium2_ELMED_9961572_management0_32768201,8.734270833333333,11.7515,10.043167,56.721645,10.400001,7,establishment,0.0,False
2024-04-18,consortium2_ELMED_9961572_management0_32768201,17.959473684210526,10.328584,9.049417,53.65129,0.0,8,establishment,0.0,False
2024-04-19,consortium2_ELMED_9961572_management0_32768201,27.546,9.516084,9.439,49.192142,0.0,9,establishment,0.0,False
2024-04-20,consortium2_ELMED_9961572_management0_32768201,28.05894736842105,10.395249,9.861917,46.88953,0.0,10,establishment,0.0,False
2024-04-21,consortium2_ELMED_9961572_management0_32768201,28.090625,9.716084,8.328584,53.531967,31.2,11,establishment,0.0,False
2024-04-22,consortium2_ELMED_9961572_management0_32768201,27.990624999999998,7.2139997,5.403583,90.4664,275.6,12,establishment,0.0,False
2024-04-23,consortium2_ELMED_9961572_management0_32768201,27.714583333333334,7.72025,7.0389996,81.686775,309.4,13,establishment,0.0,False
2024-04-24,consortium2_ELMED_9961572_management0_32768201,28.113684210526312,8.253583,8.366083,70.74739,52.0,14,establishment,0.0,False
2024-04-25,consortium2_ELMED_9961572_management0_32768201,28.344791666666666,8.795251,7.9119167,69.542305,0.0,15,vegetative,0.0,False
2024-04-26,consortium2_ELMED_9961572_management0_32768201,28.462500000000002,10.201501,9.670249,68.867516,0.0,16,vegetative,0.0,False
2024-04-27,consortium2_ELMED_9961572_management0_32768201,28.52659574468085,11.955667,11.955667,71.15626,10.400001,17,vegetative,0.0,False
2024-04-28,consortium2_ELMED_9961572_management0_32768201,28.698924731182796,13.343166,14.055666,73.27902,0.0,18,vegetative,0.0,False
2024-04-29,consortium2_ELMED_9961572_management0_32768201,28.43617021276596,14.593165,16.886917,63.26801,0.0,19,vegetative,0.0,False
2024-04-30,consortium2_ELMED_9961572_management0_32768201,28.142553191489363,16.18275,19.068167,56.01221,0.0,20,vegetative,0.0,False
2024-05-01,consortium2_ELMED_9961572_management0_32768201,27.73440860215054,16.339,17.014,69.56792,153.40001,21,vegetative,0.0,False
2024-05-02,consortium2_ELMED_9961572_management0_32768201,28.962500000000002,13.689,13.543167,85.2129,598.0,22,vegetative,0.0,False
2024-05-03,consortium2_ELMED_9961572_management0_32768201,31.109473684210528,12.839001,12.541083,80.79367,59.800003,23,vegetative,0.0,False
2024-05-04,consortium2_ELMED_9961572_management0_32768201,29.627659574468087,14.176499,15.259833,70.45568,33.800003,24,vegetative,0.0,False
2024-05-05,consortium2_ELMED_9961572_management0_32768201,29.507291666666664,14.943167,16.4015,67.49838,0.0,25,vegetative,0.0,False
2024-05-06,consortium2_ELMED_9961572_management0_32768201,26.85684210526316,14.90775,15.155666,73.87745,18.199999,26,vegetative,0.0,False
2024-05-07,consortium2_ELMED_9961572_management0_32768201,26.710526315789473,14.0390005,14.253582,81.80956,122.2,27,vegetative,0.0,False
2024-05-08,consortium2_ELMED_9961572_management0_32768201,26.571276595744678,14.899416,15.4452505,77.52031,23.4,28,vegetative,0.0,False
2024-05-09,consortium2_ELMED_9961572_management0_32768201,26.581052631578945,15.959834,17.372334,67.06972,0.0,29,vegetative,0.0,False
2024-05-10,consortium2_ELMED_9961572_management0_32768201,26.7,16.791082,17.543167,70.13765,39.0,30,vegetative,0.0,False
2024-05-11,consortium2_ELMED_9961572_management0_32768201,26.672043010752688,16.993166,17.955667,68.74517,2.6000001,31,vegetative,0.0,False
2024-05-12,consortium2_ELMED_9961572_management0_32768201,26.663829787234043,17.236917,18.234835,70.2493,10.400001,32,vegetative,0.0,False
2024-05-13,consortium2_ELMED_9961572_management0_32768201,26.606315789473683,17.153584,17.032751,76.14508,153.40001,33,vegetative,0.0,False
2024-05-14,consortium2_ELMED_9961572_management0_32768201,26.492391304347827,17.103584,16.889,72.13201,10.400001,34,vegetative,0.0,False
2024-05-15,consortium2_ELMED_9961572_management0_32768201,26.55894736842105,15.418167,15.08275,87.55915,933.4,35,vegetative,0.0,False
2024-05-16,consortium2_ELMED_9961572_management0_32768201,27.44,15.6265,15.53275,77.62039,369.19998,36,vegetative,0.0,False
2024-05-17,consortium2_ELMED_9961572_management0_32768201,26.067391304347826,15.724417,15.739,72.49202,62.4,37,vegetative,0.0,False
2024-05-18,consortium2_ELMED_9961572_management0_32768201,25.287096774193547,15.899416,16.418167,67.767265,0.0,38,vegetative,0.0,False
2024-05-19,consortium2_ELMED_9961572_management0_32768201,25.63978494623656,16.697334,17.516085,67.01942,5.2000003,39,vegetative,0.0,False
2024-05-20,consortium2_ELMED_9961572_management0_32768201,26.660869565217393,17.64525,17.845251,76.75508,109.2,40,vegetative,0.0,False
2024-05-21,consortium2_ELMED_9961572_management0_32768201,27.096666666666664,15.7890005,15.439,88.20541,1632.7999,41,vegetative,0.0,False
2024-05-22,consortium2_ELMED_9961572_management0_32768201,26.90537634408602,16.782751,16.64525,77.98248,20.800001,42,vegetative,0.0,False
2024-05-23,consortium2_ELMED_9961572_management0_32768201,26.76413043478261,16.211916,16.186916,75.993866,200.20001,43,vegetative,0.0,False
2024-05-24,consortium2_ELMED_9961572_management0_32768201,26.178947368421053,16.249418,16.218168,71.342,15.6,44,vegetative,0.0,False
2024-05-25,consortium2_ELMED_9961572_management0_32768201,26.20625,16.6015,16.003582,73.70208,218.4,45,flowering,0.0,False
2024-05-26,consortium2_ELMED_9961572_management0_32768201,25.865957446808512,16.909834,17.809834,69.42464,0.0,46,flowering,0.0,False
2024-05-27,consortium2_ELMED_9961572_management0_32768201,26.58695652173913,18.430666,19.847334,63.29588,2.6000001,47,flowering,0.0,False
2024-05-28,consortium2_ELMED_9961572_management0_32768201,27.06021505376344,18.157751,18.647333,69.46917,13.0,48,flowering,0.0,False
2024-05-29,consortium2_ELMED_9961572_management0_32768201,27.029670329670328,18.155668,18.141085,71.15569,20.800001,49,flowering,0.0,False
2024-05-30,consortium2_ELMED_9961572_management0_32768201,27.084374999999998,17.657751,17.222334,83.42728,215.8,50,flowering,0.0,False
2024-05-31,consortium2_ELMED_9961572_management0_32768201,27.550526315789476,15.547334,14.872334,75.189285,501.8,51,flowering,0.0,False
2024-06-01,consortium2_ELMED_9961572_management0_32768201,27.26989247311828,15.716084,16.20775,73.337105,26.0,52,flowering,0.0,False
2024-06-02,consortium2_ELMED_9961572_management0_32768201,27.096774193548388,17.67025,18.37025,72.62232,7.8,53,flowering,0.0,False
2024-06-03,consortium2_ELMED_9961572_management0_32768201,26.97692307692308,17.424417,17.968168,72.227715,26.0,54,flowering,0.0,False
2024-06-04,consortium2_ELMED_9961572_management0_32768201,27.116842105263157,18.161917,19.064001,71.25424,15.6,55,flowering,0.0,False
2024-06-05,consortium2_ELMED_9961572_management0_32768201,27.090625,19.030668,19.549417,77.02461,18.2,56,flowering,0.0,False
2024-06-06,consortium2_ELMED_9961572_management0_32768201,27.13225806451613,20.497334,20.743166,77.928055,5.2000003,57,flowering,0.0,False
2024-06-07,consortium2_ELMED_9961572_management0_32768201,27.158510638297873,21.272331,21.705667,80.18017,0.0,58,flowering,0.0,False
2024-06-08,consortium2_ELMED_9961572_management0_32768201,27.09255319148936,21.759834,22.403585,79.78099,39.0,59,flowering,0.0,False
2024-06-09,consortium2_ELMED_9961572_management0_32768201,26.94787234042553,21.628584,22.230665,77.0667,91.0,60,flowering,0.0,False
2024-06-10,consortium2_ELMED_9961572_management0_32768201,26.310752688172045,21.247334,20.649416,79.09361,358.80002,61,flowering,0.0,False
2024-06-11,consortium2_ELMED_9961572_management0_32768201,26.172043010752688,19.58275,18.766085,82.25438,475.8,62,flowering,0.0,False
2024-06-12,consortium2_ELMED_9961572_management0_32768201,26.689887640449438,18.568167,17.397333,72.48761,91.0,63,flowering,0.0,False
2024-06-13,consortium2_ELMED_9961572_management0_32768201,27.006593406593407,17.859835,17.039,68.07742,23.4,64,flowering,0.0,False
2024-06-14,consortium2_ELMED_9961572_management0_32768201,26.94175824175824,18.157751,17.75775,73.66151,0.0,65,flowering,0.0,False
2024-06-15,consortium2_ELMED_9961572_management0_32768201,27.140860215053763,17.984835,18.001501,77.45243,5.2000003,66,flowering,0.0,False
2024-06-16,consortium2_ELMED_9961572_management0_32768201,27.383516483516484,19.2265,19.993166,74.24892,39.0,67,flowering,0.0,False
2024-06-17,consortium2_ELMED_9961572_management0_32768201,27.633695652173916,20.368166,21.053581,74.71422,0.0,68,flowering,0.0,False
2024-06-18,consortium2_ELMED_9961572_management0_32768201,27.763829787234044,21.359835,23.036917,67.8474,0.0,69,flowering,0.0,False
2024-06-19,consortium2_ELMED_9961572_management0_32768201,27.819148936170212,22.659834,24.224417,68.561745,0.0,70,maturity,0.0,False
2024-06-20,consortium2_ELMED_9961572_management0_32768201,27.828421052631576,23.382751,25.789001,67.07863,2.6000001,71,maturity,0.0,False
2024-06-21,consortium2_ELMED_9961572_management0_32768201,27.871276595744682,23.514,23.934832,75.13976,309.40002,72,maturity,0.0,False
2024-06-22,consortium2_ELMED_9961572_management0_32768201,27.04787234042553,22.084831,22.416084,71.78316,106.6,73,maturity,0.0,False
2024-06-23,consortium2_ELMED_9961572_management0_32768201,28.70215053763441,19.141085,18.13275,84.27135,764.39996,74,maturity,0.0,False
2024-06-24,consortium2_ELMED_9961572_management0_32768201,27.31157894736842,20.309834,21.2515,73.86085,145.59999,75,maturity,0.0,False
2024-06-25,consortium2_ELMED_9961572_management0_32768201,27.099999999999998,20.816084,20.561916,82.042725,283.4,76,maturity,0.0,False
2024-06-26,consortium2_ELMED_9961572_management0_32768201,27.537362637362637,21.041084,21.084831,75.05827,182.0,77,maturity,0.0,False
2024-06-27,consortium2_ELMED_9961572_management0_32768201,26.880645161290325,21.739,23.193167,70.98959,0.0,78,maturity,0.0,False
2024-06-28,consortium2_ELMED_9961572_management0_32768201,27.41182795698925,23.484833,24.649416,75.13536,0.0,79,maturity,0.0,False
2024-06-29,consortium2_ELMED_9961572_management0_32768201,27.991397849462363,23.930666,24.580667,80.47352,166.40001,80,maturity,0.0,False
2024-06-30,consortium2_ELMED_9961572_management0_32768201,27.97052631578947,24.086916,23.855665,71.53737,31.2,81,maturity,0.0,False
2024-07-01,consortium2_ELMED_9961572_management0_32768201,27.840425531914892,22.164001,21.311916,78.87017,80.600006,82,maturity,0.0,False
2024-07-02,consortium2_ELMED_9961572_management0_32768201,27.44838709677419,21.359835,21.153584,69.35841,96.200005,83,maturity,0.0,False
2024-07-03,consortium2_ELMED_9961572_management0_32768201,26.37473684210526,19.4765,19.022333,77.337234,169.0,84,maturity,0.0,False
2024-07-04,consortium2_ELMED_9961572_management0_32768201,26.193684210526317,19.83275,19.603582,74.163414,0.0,85,maturity,0.0,False
2024-07-05,consortium2_ELMED_9961572_management0_32768201,26.336170212765957,21.024416,21.391083,74.712456,0.0,86,maturity,0.0,False
2024-07-06,consortium2_ELMED_9961572_management0_32768201,26.521874999999998,22.664001,23.064,71.07277,23.400002,87,maturity,0.0,False
2024-07-07,consortium2_ELMED_9961572_management0_32768201,26.519780219780223,21.949415,22.105665,79.63127,829.39996,88,maturity,0.0,False
2024-07-08,consortium2_ELMED_9961572_management0_32768201,26.994565217391305,23.055666,23.584831,73.35066,10.400001,89,maturity,0.0,False
2024-07-09,consortium2_ELMED_9961572_management0_32768201,27.27912087912088,23.8265,25.44525,69.58119,10.400001,90,maturity,0.0,False
2024-07-10,consortium2_ELMED_9961572_management0_32768201,27.50957446808511,24.5015,26.493166,66.012726,0.0,91,maturity,0.0,False
2024-07-11,consortium2_ELMED_9961572_management0_32768201,27.616129032258065,25.143167,26.974417,65.50013,0.0,92,maturity,0.0,False
2024-07-12,consortium2_ELMED_9961572_management0_32768201,27.458695652173915,24.186918,24.0515,79.02185,163.8,93,maturity,0.0,False
2024-07-13,consortium2_ELMED_9961572_management0_32768201,27.182291666666668,23.3265,24.159834,67.34814,0.0,94,maturity,0.0,False
2024-07-14,consortium2_ELMED_9961572_management0_32768201,26.73333333333333,23.664001,24.639,65.721245,0.0,95,maturity,0.0,False
2024-07-15,consortium2_ELMED_9961572_management0_32768201,26.090217391304346,24.143166,25.514,66.60703,0.0,96,maturity,0.0,False
2024-07-16,consortium2_ELMED_9961572_management0_32768201,25.342708333333334,24.95775,26.441084,66.02828,0.0,97,maturity,0.0,False
2024-07-17,consortium2_ELMED_9961572_management0_32768201,24.56153846153846,25.228584,26.389,68.87684,44.2,98,maturity,0.0,False
2024-07-18,consortium2_ELMED_9961572_management0_32768201,23.829787234042552,25.153585,26.584831,67.256905,49.399998,99,maturity,0.0,False
2024-07-19,consortium2_ELMED_9961572_management0_32768201,23.321276595744678,25.47025,26.230665,72.44958,124.8,100,maturity,0.0,False
2024-07-20,consortium2_ELMED_9961572_management0_32768201,23.278947368421054,24.605665,24.564,64.61176,0.0,101,maturity,0.0,False
2024-07-21,consortium2_ELMED_9961572_management0_32768201,23.33225806451613,24.564,24.7265,73.66808,65.0,102,maturity,0.0,False
2024-07-22,consortium2_ELMED_9961572_management0_32768201,23.23978494623656,25.73275,26.34525,62.77625,7.8,103,maturity,0.0,False
2024-07-23,consortium2_ELMED_9961572_management0_32768201,23.06736842105263,24.441084,24.878584,71.13516,109.2,104,maturity,0.0,False
2024-07-24,consortium2_ELMED_9961572_management0_32768201,22.804210526315792,24.651499,24.695251,69.97806,0.0,105,maturity,0.0,False
2024-07-25,consortium2_ELMED_9961572_management0_32768201,22.49042553191489,24.053581,24.184835,69.2603,36.399998,106,maturity,0.0,False
2024-07-26,consortium2_ELMED_9961572_management0_32768201,22.090625,25.203583,25.60775,67.67721,0.0,107,maturity,0.0,False
2024-07-27,consortium2_ELMED_9961572_management0_32768201,21.72021276595745,25.922333,26.441084,65.67684,5.2000003,108,maturity,0.0,False
2024-07-28,consortium2_ELMED_9961572_management0_32768201,21.34731182795699,26.455667,26.682749,70.4308,0.0,109,maturity,0.0,False
2024-07-29,consortium2_ELMED_9961572_management0_32768201,21.708510638297874,25.9515,26.074415,74.92806,49.4,110,maturity,0.0,False
2024-07-30,consortium2_ELMED_9961572_management0_32768201,21.721052631578946,25.980665,26.32025,73.08953,0.0,111,maturity,0.0,False
2024-07-31,consortium2_ELMED_9961572_management0_32768201,21.65833333333333,26.503584,26.976501,73.71618,2.6000001,112,maturity,0.0,False
2024-08-01,consortium2_ELMED_9961572_management0_32768201,21.928571428571427,26.861917,26.068167,75.65312,20.800001,113,maturity,0.0,False
2024-08-02,consortium2_ELMED_9961572_management0_32768201,25.40416666666667,25.35775,25.03275,70.748116,0.0,114,maturity,0.0,False
2024-08-03,consortium2_ELMED_9961572_management0_32768201,25.7,25.184835,25.597334,62.072876,10.400001,115,maturity,0.0,False
2024-08-04,consortium2_ELMED_9961572_management0_32768201,25.875531914893617,24.834835,24.266083,68.93048,109.2,116,maturity,0.0,False
2024-08-05,consortium2_ELMED_9961572_management0_32768201,26.045744680851065,25.474417,25.605665,67.18161,31.2,117,maturity,0.0,False
2024-08-06,consortium2_ELMED_9961572_management0_32768201,26.12150537634409,25.211916,24.972334,76.3618,59.8,118,maturity,0.0,False
2024-08-07,consortium2_ELMED_9961572_management0_32768201,26.323076923076925,24.976501,24.474417,74.7009,135.2,119,maturity,0.0,False
2024-08-08,consortium2_ELMED_9961572_management0_32768201,26.50421052631579,24.561918,25.449415,61.075493,0.0,120,maturity,0.0,False
2024-08-09,consortium2_ELMED_9961572_management0_32768201,26.442708333333332,25.757751,26.3265,67.93427,7.8,121,maturity,0.0,False
2024-08-10,consortium2_ELMED_9961572_management0_32768201,26.330526315789474,26.843168,27.570251,68.23882,10.400001,122,maturity,0.0,False
2024-08-11,consortium2_ELMED_9961572_management0_32768201,26.179787234042553,27.822334,28.074415,69.45987,5.2000003,123,maturity,0.0,False
2024-08-12,consortium2_ELMED_9961572_management0_32768201,25.82526315789474,27.8765,28.54525,62.44385,0.0,124,maturity,0.0,False
2024-08-13,consortium2_ELMED_9961572_management0_32768201,25.14516129032258,27.499418,27.568167,62.892258,0.0,125,maturity,0.0,False
2024-08-14,consortium2_ELMED_9961572_management0_32768201,24.826595744680848,27.586916,27.95775,53.69315,0.0,126,maturity,0.0,False
2024-08-15,consortium2_ELMED_9961572_management0_32768201,25.891304347826086,26.222334,26.6765,59.716854,0.0,127,maturity,0.0,False
2024-08-16,consortium2_ELMED_9961572_management0_32768201,26.142391304347825,26.7515,27.08275,59.273308,2.6000001,128,maturity,0.0,False
2024-08-17,consortium2_ELMED_9961572_management0_32768201,26.14526315789474,26.699415,26.343168,59.298016,26.0,129,maturity,0.0,False
2024-08-18,consortium2_ELMED_9961572_management0_32768201,26.054255319148936,23.443167,22.818167,75.13771,104.0,130,maturity,0.0,False
2024-08-19,consortium2_ELMED_9961572_management0_32768201,26.271874999999998,22.841082,23.120249,72.800545,98.799995,131,maturity,0.0,False
2024-08-20,consortium2_ELMED_9961572_management0_32768201,26.56736842105263,23.630667,24.818167,68.97525,70.2,132,maturity,0.0,False
2024-08-21,consortium2_ELMED_9961572_management0_32768201,26.570526315789472,24.934835,25.984833,62.952152,15.6,133,maturity,0.0,False
2024-08-22,consortium2_ELMED_9961572_management0_32768201,26.56276595744681,24.641083,24.609833,68.339424,33.800003,134,maturity,0.0,False
2024-08-23,consortium2_ELMED_9961572_management0_32768201,26.402173913043477,24.993166,25.543165,69.39071,28.6,135,maturity,0.0,False
2024-08-24,consortium2_ELMED_9961572_management0_32768201,26.125531914893617,25.866081,26.384834,64.86549,5.2000003,136,maturity,0.0,False
2024-08-25,consortium2_ELMED_9961572_management0_32768201,25.92150537634409,26.053581,26.605665,61.70794,7.8,137,maturity,0.0,False
2024-08-26,consortium2_ELMED_9961572_management0_32768201,25.82315789473684,25.218168,25.647331,58.355778,5.2000003,138,maturity,0.0,False
2024-08-27,consortium2_ELMED_9961572_management0_32768201,25.692391304347826,24.105665,24.2515,63.31051,5.2000003,139,maturity,0.0,False
2024-08-28,consortium2_ELMED_9961572_management0_32768201,25.604347826086954,24.29525,24.764,65.86165,0.0,140,maturity,0.0,False
2024-08-29,consortium2_ELMED_9961572_management0_32768201,25.021250000000002,25.168165,26.58275,55.856804,0.0,141,maturity,0.0,False
2024-08-30,consortium2_ELMED_9961572_management0_32768201,24.364893617021277,25.432749,26.83275,55.186928,0.0,142,maturity,0.0,False
2024-08-31,consortium2_ELMED_9961572_management0_32768201,23.717204301075267,25.514,26.774416,61.56284,15.6,143,maturity,0.0,False
2024-09-01,consortium2_ELMED_9961572_management0_32768201,23.22391304347826,25.022331,25.405668,62.80173,0.0,144,maturity,0.0,False
2024-09-02,consortium2_ELMED_9961572_management0_32768201,22.97052631578947,24.572334,25.468168,53.85308,2.6000001,145,maturity,0.0,False
2024-09-03,consortium2_ELMED_9961572_management0_32768201,23.039361702127657,23.972334,23.780668,70.17066,7.8,146,maturity,0.0,False
2024-09-04,consortium2_ELMED_9961572_management0_32768201,23.493750000000002,23.755667,24.311918,62.63995,0.0,147,maturity,0.0,False
2024-09-05,consortium2_ELMED_9961572_management0_32768201,24.69677419354839,20.122334,20.29525,82.16009,1318.2001,148,maturity,0.0,False
2024-09-06,consortium2_ELMED_9961572_management0_32768201,25.921875,20.80775,20.784834,76.08647,18.2,149,maturity,0.0,False
2024-09-07,consortium2_ELMED_9961572_management0_32768201,25.620833333333334,21.636915,20.62025,79.43184,0.0,150,maturity,0.0,False
2024-09-08,consortium2_ELMED_9961572_management0_32768201,25.140425531914893,20.566084,20.684834,86.73955,798.2,151,maturity,0.0,False
2024-09-09,consortium2_ELMED_9961572_management0_32768201,26.950526315789475,20.65775,20.724417,70.60912,943.80005,152,maturity,0.0,False
2024-09-10,consortium2_ELMED_9961572_management0_32768201,26.936956521739134,19.682749,21.147331,57.667095,0.0,153,maturity,0.0,False
2024-09-11,consortium2_ELMED_9961572_management0_32768201,26.76813186813187,19.614,19.472334,77.257576,104.0,154,maturity,0.0,False
2024-09-12,consortium2_ELMED_9961572_management0_32768201,27.437894736842104,15.9452505,14.255667,76.76527,338.0,155,maturity,0.0,False
2024-09-13,consortium2_ELMED_9961572_management0_32768201,27.418947368421055,14.080667,12.991084,57.896267,5.2000003,156,maturity,0.0,False
2024-09-14,consortium2_ELMED_9961572_management0_32768201,27.254255319148935,14.572332,13.52025,52.241234,0.0,157,maturity,0.0,False
2024-09-15,consortium2_ELMED_9961572_management0_32768201,27.194680851063833,16.249418,15.453584,47.02787,0.0,158,maturity,0.0,False
2024-09-16,consortium2_ELMED_9961572_management0_32768201,27.083695652173912,15.980667,14.786917,59.373344,49.399998,159,maturity,0.0,False
2024-09-17,consortium2_ELMED_9961572_management0_32768201,26.89,15.861917,15.478583,64.699776,163.79999,160,maturity,0.0,False
2024-09-18,consortium2_ELMED_9961572_management0_32768201,26.74673913043478,15.178584,16.428583,66.20114,0.0,161,maturity,0.0,False
2024-09-19,consortium2_ELMED_9961572_management0_32768201,26.595652173913045,16.464,17.911917,60.69147,2.6000001,162,maturity,0.0,False
2024-09-20,consortium2_ELMED_9961572_management0_32768201,26.418478260869566,16.8515,17.9015,69.86715,18.199999,163,maturity,0.0,False
2024-09-21,consortium2_ELMED_9961572_management0_32768201,26.204301075268816,17.24525,18.016085,72.78811,31.199999,164,maturity,0.0,False
2024-09-22,consortium2_ELMED_9961572_management0_32768201,26.00108695652174,16.674417,17.668167,73.05492,0.0,165,maturity,0.0,False
2024-09-23,consortium2_ELMED_9961572_management0_32768201,25.622340425531913,16.897333,17.459833,77.748795,790.39996,166,maturity,0.0,False
2024-09-24,consortium2_ELMED_9961572_management0_32768201,25.893617021276597,16.978584,17.20775,76.314445,26.0,167,maturity,0.0,False
2024-09-25,consortium2_ELMED_9961572_management0_32768201,26.606382978723403,16.674417,15.761917,78.79125,0.0,168,maturity,0.0,False
2024-09-26,consortium2_ELMED_9961572_management0_32768201,26.626595744680852,16.903584,17.336916,84.07514,530.39996,169,maturity,0.0,False
2024-09-27,consortium2_ELMED_9961572_management0_32768201,27.38631578947368,18.259832,19.07025,82.169624,78.0,170,maturity,0.0,False
2024-09-28,consortium2_ELMED_9961572_management0_32768201,27.06451612903226,16.830667,15.9765005,69.93533,93.6,171,maturity,0.0,False
2024-09-29,consortium2_ELMED_9961572_management0_32768201,26.96315789473684,14.999416,14.793167,60.531773,0.0,172,maturity,0.0,False
2024-09-30,consortium2_ELMED_9961572_management0_32768201,26.877173913043475,15.418167,14.103582,79.6399,2.6000001,173,maturity,0.0,False
2024-10-01,consortium2_ELMED_9961572_management0_32768201,26.825806451612902,15.3015,14.6952505,84.62782,26.0,174,maturity,0.0,False
2024-10-02,consortium2_ELMED_9961572_management0_32768201,26.8,15.628582,16.003582,85.09973,561.60004,175,maturity,0.0,False
2024-10-03,consortium2_ELMED_9961572_management0_32768201,27.16979166666667,13.768167,13.111917,87.10962,436.8,176,maturity,0.0,False
2024-10-04,consortium2_ELMED_9961572_management0_32768201,26.596875,12.641084,12.072332,76.9064,135.20001,177,maturity,0.0,False
2024-10-05,consortium2_ELMED_9961572_management0_32768201,26.153684210526315,12.488999,12.4140005,75.02193,5.2000003,178,maturity,0.0,False
2024-10-06,consortium2_ELMED_9961572_management0_32768201,26.20212765957447,13.343166,12.284832,83.29762,0.0,179,maturity,0.0,False
2024-10-07,consortium2_ELMED_9961572_management0_32768201,26.507446808510636,13.934834,13.366084,87.199326,39.0,180,maturity,0.0,False
2024-10-08,consortium2_ELMED_9961572_management0_32768201,26.930851063829788,15.026501,15.734834,90.96414,1450.7999,181,maturity,0.0,False
2024-10-09,consortium2_ELMED_9961572_management0_32768201,26.89468085106383,15.4765005,16.516085,81.79312,67.6,182,maturity,0.0,False
2024-10-10,consortium2_ELMED_9961572_management0_32768201,27.665591397849465,15.293167,16.822332,79.84753,517.39996,183,maturity,0.0,False
2024-10-11,consortium2_ELMED_9961572_management0_32768201,27.102127659574467,13.116084,14.999415,62.27207,2.6000001,184,maturity,0.0,False
2024-10-12,consortium2_ELMED_9961572_management0_32768201,26.53157894736842,12.932751,13.780666,75.066216,7.8,185,maturity,0.0,False
2024-10-13,consortium2_ELMED_9961572_management0_32768201,26.45483870967742,13.511917,12.816082,86.06738,0.0,186,maturity,0.0,False
2024-10-14,consortium2_ELMED_9961572_management0_32768201,26.556382978723406,13.661917,13.401501,88.63496,0.0,187,maturity,0.0,False
2024-10-15,consortium2_ELMED_9961572_management0_32768201,26.482795698924733,14.826499,15.120251,79.03198,0.0,188,maturity,0.0,False
2024-10-16,consortium2_ELMED_9961572_management0_32768201,26.398913043478263,14.72025,15.645249,88.37109,158.59999,189,maturity,0.0,False
2024-10-17,consortium2_ELMED_9961572_management0_32768201,26.30322580645161,16.10775,17.609835,81.86833,54.6,190,maturity,0.0,False
2024-10-18,consortium2_ELMED_9961572_management0_32768201,26.64891304347826,15.839001,16.305666,89.209785,826.8,191,maturity,0.0,False
2024-10-19,consortium2_ELMED_9961572_management0_32768201,26.496774193548386,14.65775,15.0702505,91.559814,491.4,192,maturity,0.0,False
2024-10-20,consortium2_ELMED_9961572_management0_32768201,26.932978723404258,16.143167,17.968166,81.40095,15.6,193,maturity,0.0,False
2024-10-21,consortium2_ELMED_9961572_management0_32768201,26.31157894736842,15.263999,15.722335,87.924126,0.0,194,maturity,0.0,False
2024-10-22,consortium2_ELMED_9961572_management0_32768201,26.203225806451613,15.572332,16.461916,84.77098,2.6000001,195,maturity,0.0,False
2024-10-23,consortium2_ELMED_9961572_management0_32768201,26.443617021276594,15.307751,16.016085,91.90811,470.6,196,maturity,0.0,False
2024-10-24,consortium2_ELMED_9961572_management0_32768201,26.60736842105263,15.84525,16.57025,83.49333,65.0,197,maturity,0.0,False
2024-10-25,consortium2_ELMED_9961572_management0_32768201,26.664893617021278,15.022334,15.430666,82.49207,10.400001,198,maturity,0.0,False
2024-10-26,consortium2_ELMED_9961572_management0_32768201,26.629347826086956,16.214,17.518167,80.60242,205.40001,199,maturity,0.0,False
2024-10-27,consortium2_ELMED_9961572_management0_32768201,26.606060606060606,15.013999,16.161917,82.539566,5.2000003,200,maturity,0.0,False
2024-10-28,consortium2_ELMED_9961572_management0_32768201,26.5,14.799417,15.180666,84.566536,0.0,201,maturity,0.0,False
2024-10-29,consortium2_ELMED_9961572_management0_32768201,26.453846153846158,13.920249,14.9765005,80.21477,0.0,202,maturity,0.0,False
2024-10-30,consortium2_ELMED_9961572_management0_32768201,26.42065217391304,13.520249,14.478582,81.86419,0.0,203,maturity,0.0,False
2024-10-31,consortium2_ELMED_9961572_management0_32768201,26.403260869565216,12.641084,14.822333,76.09216,0.0,204,maturity,0.0,False
2024-11-01,consortium2_ELMED_9961572_management0_32768201,26.397849462365592,12.024416,13.222332,78.659195,0.0,205,maturity,0.0,False
2024-11-02,consortium2_ELMED_9961572_management0_32768201,26.41318681318681,11.513999,13.34525,75.196884,0.0,206,maturity,0.0,False
2024-11-03,consortium2_ELMED_9961572_management0_32768201,26.445833333333336,11.120251,11.749416,81.76452,0.0,207,maturity,0.0,False
2024-11-04,consortium2_ELMED_9961572_management0_32768201,26.460638297872343,11.018167,11.741084,81.68942,0.0,208,maturity,0.0,False
2024-11-05,consortium2_ELMED_9961572_management0_32768201,26.48709677419355,9.384833,10.909832,71.58399,0.0,209,maturity,0.0,False
2024-11-06,consortium2_ELMED_9961572_management0_32768201,26.529787234042555,8.6265,10.886917,66.32506,0.0,210,maturity,0.0,False
2024-11-07,consortium2_ELMED_9961572_management0_32768201,26.541304347826088,8.543167,11.299417,66.26952,0.0,211,maturity,0.0,False
2024-11-08,consortium2_ELMED_9961572_management0_32768201,26.549462365591395,8.536918,10.886917,73.27928,0.0,212,maturity,0.0,False
2024-11-09,consortium2_ELMED_9961572_management0_32768201,26.55,8.463999,10.451501,75.42482,0.0,213,maturity,0.0,False
2024-11-10,consortium2_ELMED_9961572_management0_32768201,26.551086956521743,7.6785836,9.768167,73.59571,0.0,214,maturity,0.0,False
2024-11-11,consortium2_ELMED_9961572_management0_32768201,26.56129032258065,6.891083,8.745249,67.182945,0.0,215,maturity,0.0,False
2024-11-12,consortium2_ELMED_9961572_management0_32768201,26.56526315789474,4.4577503,6.697334,69.80363,0.0,216,maturity,0.0,False
2024-11-13,consortium2_ELMED_9961572_management0_32768201,26.57340425531915,2.5619166,6.0535836,67.55111,20.800001,217,maturity,0.0,False
2024-11-14,consortium2_ELMED_9961572_management0_32768201,26.565957446808515,3.2306669,6.055667,69.178444,5.2000003,218,maturity,0.0,False
2024-11-15,consortium2_ELMED_9961572_management0_32768201,26.53684210526316,1.5848333,4.5494165,57.374676,0.0,219,maturity,0.0,False
2024-11-16,consortium2_ELMED_9961572_management0_32768201,26.501075268817203,1.164,4.7577496,60.76603,0.0,220,maturity,0.0,False
2024-11-17,consortium2_ELMED_9961572_management0_32768201,26.477894736842106,1.1181667,4.741083,58.845398,0.0,221,maturity,0.0,False
2024-11-18,consortium2_ELMED_9961572_management0_32768201,26.442105263157895,3.4306667,5.9327497,68.46608,0.0,222,maturity,0.0,False
2024-11-19,consortium2_ELMED_9961572_management0_32768201,26.394623655913975,4.1765003,6.055667,76.880135,0.0,223,maturity,0.0,False
2024-11-20,consortium2_ELMED_9961572_management0_32768201,26.387234042553192,5.6140003,6.655667,61.532005,85.8,224,maturity,0.0,False
2024-11-21,consortium2_ELMED_9961572_management0_32768201,26.430851063829788,3.1681669,1.7035834,53.581806,106.6,225,maturity,0.0,False
2024-11-22,consortium2_ELMED_9961572_management0_32768201,26.26770833333333,2.5806668,-0.31308332,66.91511,5.2000003,226,maturity,0.0,False
2024-11-23,consortium2_ELMED_9961572_management0_32768201,26.190625,1.7702501,-0.5401667,60.32768,0.0,227,maturity,0.0,False
2024-11-24,consortium2_ELMED_9961572_management0_32768201,26.20625,1.4556668,2.08275,72.91058,0.0,228,maturity,0.0,False
2024-11-25,consortium2_ELMED_9961572_management0_32768201,26.23894736842105,2.0535834,4.222333,85.34017,0.0,229,maturity,0.0,False
2024-11-26,consortium2_ELMED_9961572_management0_32768201,26.204166666666666,2.2973332,4.65775,93.91483,36.399998,230,maturity,0.0,False
2024-11-27,consortium2_ELMED_9961572_management0_32768201,26.197894736842102,2.8473334,6.061917,90.4412,0.0,231,maturity,0.0,False
2024-11-28,consortium2_ELMED_9961572_management0_32768201,26.184375,4.064,5.399417,95.48943,10.400001,232,maturity,0.0,False
2024-11-29,consortium2_ELMED_9961572_management0_32768201,26.182291666666668,3.64525,3.89525,71.18706,0.0,233,maturity,0.0,False
2024-11-30,consortium2_ELMED_9961572_management0_32768201,26.185263157894735,2.5744166,2.8848333,65.405785,0.0,234,maturity,0.0,False
2024-12-01,consortium2_ELMED_9961572_management0_32768201,26.181250000000002,2.1910834,2.70775,63.073086,0.0,235,maturity,0.0,False
2024-12-02,consortium2_ELMED_9961572_management0_32768201,26.186458333333334,1.0348334,2.7931669,59.0835,0.0,236,maturity,0.0,False
2024-12-03,consortium2_ELMED_9961572_management0_32768201,26.106382978723403,2.3285832,3.3306665,78.513336,0.0,237,maturity,0.0,False
2024-12-04,consortium2_ELMED_9961572_management0_32768201,26.094791666666666,3.4390001,5.3035836,77.03109,0.0,238,maturity,0.0,False
2024-12-05,consortium2_ELMED_9961572_management0_32768201,26.098734177215192,3.2494166,2.4556668,62.58608,0.0,239,maturity,0.0,False
2024-12-06,consortium2_ELMED_9961572_management0_32768201,26.082291666666666,2.2973332,3.19525,64.16619,18.199999,240,maturity,0.0,False
2024-12-07,consortium2_ELMED_9961572_management0_32768201,26.09263157894737,3.2056665,2.9765,57.542088,31.2,241,maturity,0.0,False
2024-12-08,consortium2_ELMED_9961572_management0_32768201,24.68191489361702,3.20775,3.2765002,89.43254,561.60004,242,maturity,0.0,False
2024-12-09,consortium2_ELMED_9961572_management0_32768201,24.47446808510638,3.4848332,4.0098333,78.4288,2.6000001,243,maturity,0.0,False
2024-12-10,consortium2_ELMED_9961572_management0_32768201,24.714583333333334,2.8681667,3.8723333,76.17156,0.0,244,maturity,0.0,False
2024-12-11,consortium2_ELMED_9961572_management0_32768201,24.87291666666667,2.4702501,1.1598334,79.94115,0.0,245,maturity,0.0,False
2024-12-12,consortium2_ELMED_9961572_management0_32768201,24.979166666666668,1.9119167,0.055666666,75.66791,0.0,246,maturity,0.0,False
2024-12-13,consortium2_ELMED_9961572_management0_32768201,25.10625,0.8119167,0.2931667,70.5524,0.0,247,maturity,0.0,False
2024-12-14,consortium2_ELMED_9961572_management0_32768201,25.110416666666666,1.9306667,1.5931666,84.6798,20.800001,248,maturity,0.0,False
2024-12-15,consortium2_ELMED_9961572_management0_32768201,25.064893617021276,1.0765,0.76400006,73.964264,0.0,249,maturity,0.0,False
2024-12-16,consortium2_ELMED_9961572_management0_32768201,25.20421052631579,1.2244166,3.1202502,70.622955,0.0,250,maturity,0.0,False
2024-12-17,consortium2_ELMED_9961572_management0_32768201,25.32526315789474,1.6889999,2.7119167,78.440674,0.0,251,maturity,0.0,False
2024-12-18,consortium2_ELMED_9961572_management0_32768201,25.41458333333333,1.7431667,2.399417,71.75696,0.0,252,maturity,0.0,False
2024-12-19,consortium2_ELMED_9961572_management0_32768201,25.43617021276596,1.4410833,2.1223335,87.708405,291.19998,253,maturity,0.0,False
2024-12-20,consortium2_ELMED_9961572_management0_32768201,24.95212765957447,1.7931666,2.7494166,61.782715,70.200005,254,maturity,0.0,False
2024-12-21,consortium2_ELMED_9961572_management0_32768201,25.333333333333332,-0.4964167,-2.2630832,65.89232,0.0,255,maturity,0.0,False
2024-12-22,consortium2_ELMED_9961572_management0_32768201,25.517894736842102,0.62025005,-0.7776666,80.13262,67.6,256,maturity,0.0,False
2024-12-23,consortium2_ELMED_9961572_management0_32768201,25.59263157894737,0.45983335,-0.54225,64.92712,0.0,257,maturity,0.0,False
2024-12-24,consortium2_ELMED_9961572_management0_32768201,25.839583333333334,-0.38183334,-0.80266666,57.76854,0.0,258,maturity,0.0,False
2024-12-25,consortium2_ELMED_9961572_management0_32768201,26.071875000000002,0.689,-1.5130832,61.740116,0.0,259,maturity,0.0,False
2024-12-26,consortium2_ELMED_9961572_management0_32768201,26.126315789473683,0.31191668,-0.7276666,55.754475,0.0,260,maturity,0.0,False
2024-12-27,consortium2_ELMED_9961572_management0_32768201,26.180208333333336,0.059833325,0.38275,55.852676,0.0,261,maturity,0.0,False
2024-12-28,consortium2_ELMED_9961572_management0_32768201,26.160416666666666,1.8244166,3.2765002,60.551674,0.0,262,maturity,0.0,False
2024-12-29,consortium2_ELMED_9961572_management0_32768201,26.157291666666666,0.87025,3.7619169,61.49119,0.0,263,maturity,0.0,False
2024-12-30,consortium2_ELMED_9961572_management0_32768201,26.173684210526314,0.43900007,3.3431666,58.105225,0.0,264,maturity,0.0,False
2024-12-31,consortium2_ELMED_9961572_management0_32768201,26.259375000000002,0.43900007,3.2369165,55.62591,0.0,265,maturity,0.0,False
2025-01-01,consortium2_ELMED_9961572_management0_32768201,26.26354166666667,0.27233335,1.6994166,61.666996,0.0,266,maturity,0.0,False
2025-01-02,consortium2_ELMED_9961572_management0_32768201,26.284615384615385,1.189,2.4285834,89.3757,0.0,267,maturity,0.0,False
2025-01-03,consortium2_ELMED_9961572_management0_32768201,26.459374999999998,2.4806666,2.664,73.9053,10.400001,268,maturity,0.0,False
2025-01-04,consortium2_ELMED_9961572_management0_32768201,26.285416666666666,2.5577502,0.9140001,69.52392,0.0,269,maturity,0.0,False
2025-01-05,consortium2_ELMED_9961572_management0_32768201,26.300000000000004,2.2973332,1.1556666,89.13497,0.0,270,maturity,0.0,False
2025-01-06,consortium2_ELMED_9961572_management0_32768201,26.297894736842107,1.5556667,4.5994167,90.567,145.59999,271,maturity,0.0,False
2025-01-07,consortium2_ELMED_9961572_management0_32768201,25.460416666666664,2.77025,4.7869167,93.26507,288.6,272,maturity,0.0,False
2025-01-08,consortium2_ELMED_9961572_management0_32768201,25.902083333333334,3.1785836,4.3327503,83.76245,13.0,273,maturity,0.0,False
2025-01-09,consortium2_ELMED_9961572_management0_32768201,26.292708333333334,2.514,5.2723336,92.72497,163.8,274,maturity,0.0,False
2025-01-10,consortium2_ELMED_9961572_management0_32768201,26.170526315789473,3.2265,3.6535833,70.44168,10.400001,275,maturity,0.0,False
2025-01-11,consortium2_ELMED_9961572_management0_32768201,26.077659574468086,1.9723333,1.7140001,65.42486,0.0,276,maturity,0.0,False
2025-01-12,consortium2_ELMED_9961572_management0_32768201,26.172043010752688,2.8869169,0.6848334,48.33378,0.0,277,maturity,0.0,False
2025-01-13,consortium2_ELMED_9961572_management0_32768201,26.270652173913046,2.9848332,0.6306667,48.896805,0.0,278,maturity,0.0,False
2025-01-14,consortium2_ELMED_9961572_management0_32768201,26.306250000000002,1.2514999,0.98483336,48.752625,0.0,279,maturity,0.0,False
2025-01-15,consortium2_ELMED_9961572_management0_32768201,26.406451612903222,0.66608334,2.5848334,44.592327,0.0,280,maturity,0.0,False
2025-01-16,consortium2_ELMED_9961572_management0_32768201,26.345744680851062,3.1056669,3.6598334,64.61403,0.0,281,maturity,0.0,False
2025-01-17,consortium2_ELMED_9961572_management0_32768201,26.315625,2.2973332,2.8265,69.800606,0.0,282,maturity,0.0,False
2025-01-18,consortium2_ELMED_9961572_management0_32768201,26.328125,3.1869166,4.1119165,51.510933,0.0,283,maturity,0.0,False
2025-01-19,consortium2_ELMED_9961572_management0_32768201,26.347311827956986,3.6806667,6.2952495,73.48241,62.4,284,maturity,0.0,False
2025-01-20,consortium2_ELMED_9961572_management0_32768201,26.238297872340425,2.8452501,5.1014996,88.44411,7.8,285,maturity,0.0,False
2025-01-21,consortium2_ELMED_9961572_management0_32768201,26.296875,2.85775,5.4598336,83.48645,7.8,286,maturity,0.0,False
2025-01-22,consortium2_ELMED_9961572_management0_32768201,26.35052631578947,2.4327502,4.0681667,88.16255,18.199999,287,maturity,0.0,False
2025-01-23,consortium2_ELMED_9961572_management0_32768201,25.940625,2.7515001,4.2390003,96.645256,132.59999,288,maturity,0.0,False
2025-01-24,consortium2_ELMED_9961572_management0_32768201,25.829166666666666,2.4994166,4.6035833,82.01359,0.0,289,maturity,0.0,False
2025-01-25,consortium2_ELMED_9961572_management0_32768201,26.001041666666666,2.2098334,5.2390003,86.75532,0.0,290,maturity,0.0,False
2025-01-26,consortium2_ELMED_9961572_management0_32768201,25.940860215053764,3.1848333,5.3327503,94.6101,387.4,291,maturity,0.0,False
2025-01-27,consortium2_ELMED_9961572_management0_32768201,26.447916666666668,4.04525,5.280667,94.53796,400.4,292,maturity,0.0,False
2025-01-28,consortium2_ELMED_9961572_management0_32768201,27.357894736842105,4.774417,6.509834,89.88948,798.19995,293,maturity,0.0,False
2025-01-29,consortium2_ELMED_9961572_management0_32768201,26.366666666666664,4.3514996,4.9556665,83.75038,0.0,294,maturity,0.0,False
2025-01-30,consortium2_ELMED_9961572_management0_32768201,25.969473684210524,4.53275,5.3619165,79.65944,0.0,295,maturity,0.0,False
2025-01-31,consortium2_ELMED_9961572_management0_32768201,25.852083333333336,3.9973333,5.3306665,78.28938,23.400002,296,maturity,0.0,False
2025-02-01,consortium2_ELMED_9961572_management0_32768201,26.10842105263158,4.872333,6.2577496,86.99447,119.6,297,maturity,0.0,False
2025-02-02,consortium2_ELMED_9961572_management0_32768201,26.383157894736843,4.334833,4.9890003,80.939926,0.0,298,maturity,0.0,False
2025-02-03,consortium2_ELMED_9961572_management0_32768201,26.430208333333336,4.1119165,5.249417,70.371284,0.0,299,maturity,0.0,False
2025-02-04,consortium2_ELMED_9961572_management0_32768201,26.728421052631578,4.184833,4.5369167,70.52411,0.0,300,maturity,0.0,False
2025-02-05,consortium2_ELMED_9961572_management0_32768201,26.81808510638298,4.124417,5.53275,59.474205,0.0,301,maturity,0.0,False
2025-02-06,consortium2_ELMED_9961572_management0_32768201,26.897849462365592,3.8015,5.434833,56.998,0.0,302,maturity,0.0,False
2025-02-07,consortium2_ELMED_9961572_management0_32768201,26.928124999999998,3.8140001,3.3265,72.392815,0.0,303,maturity,0.0,False
2025-02-08,consortium2_ELMED_9961572_management0_32768201,27.0,3.6556666,3.6910834,82.773674,39.0,304,maturity,0.0,False
2025-02-09,consortium2_ELMED_9961572_management0_32768201,26.697916666666668,4.1994166,4.999417,94.01942,392.6,305,maturity,0.0,False
2025-02-10,consortium2_ELMED_9961572_management0_32768201,27.134375000000002,6.1140003,7.7577496,83.28382,20.800001,306,maturity,0.0,False
2025-02-11,consortium2_ELMED_9961572_management0_32768201,27.087096774193547,6.9014997,7.759834,90.43436,49.399998,307,maturity,0.0,False
2025-02-12,consortium2_ELMED_9961572_management0_32768201,27.086170212765957,7.189,8.316084,85.32096,13.0,308,maturity,0.0,False
2025-02-13,consortium2_ELMED_9961572_management0_32768201,27.11978021978022,7.2556667,7.7639995,86.35512,2.6000001,309,maturity,0.0,False
2025-02-14,consortium2_ELMED_9961572_management0_32768201,27.20104166666667,5.641083,5.0494165,69.69105,270.4,310,maturity,0.0,False
2025-02-15,consortium2_ELMED_9961572_management0_32768201,27.246808510638296,3.4306667,2.6660833,57.731113,0.0,311,maturity,0.0,False
2025-02-16,consortium2_ELMED_9961572_management0_32768201,27.29148936170213,3.5473332,3.0181665,79.79317,0.0,312,maturity,0.0,False
2025-02-17,consortium2_ELMED_9961572_management0_32768201,27.361702127659573,3.7202501,2.5473332,76.8135,0.0,313,maturity,0.0,False
2025-02-18,consortium2_ELMED_9961572_management0_32768201,27.44526315789474,4.0119166,2.5952501,74.21932,0.0,314,maturity,0.0,False
2025-02-19,consortium2_ELMED_9961572_management0_32768201,27.696842105263155,3.4306667,1.8931668,73.26969,0.0,315,maturity,0.0,False
2025-02-20,consortium2_ELMED_9961572_management0_32768201,27.64,2.4473333,3.5952501,72.072556,0.0,316,maturity,0.0,False
2025-02-21,consortium2_ELMED_9961572_management0_32768201,27.661458333333332,1.8848335,6.2452497,64.90872,0.0,317,maturity,0.0,False
2025-02-22,consortium2_ELMED_9961572_management0_32768201,27.724999999999998,3.1556666,5.668167,81.69953,0.0,318,maturity,0.0,False
2025-02-23,consortium2_ELMED_9961572_management0_32768201,27.744791666666668,5.3598332,7.3931665,81.554085,0.0,319,maturity,0.0,False
2025-02-24,consortium2_ELMED_9961572_management0_32768201,27.766315789473687,6.9535837,8.649416,79.56839,5.2000003,320,maturity,0.0,False
2025-02-25,consortium2_ELMED_9961572_management0_32768201,27.678723404255322,8.318167,9.743166,88.09532,72.799995,321,maturity,0.0,False
2025-02-26,consortium2_ELMED_9961572_management0_32768201,26.855208333333334,7.6910834,8.934834,87.137054,114.4,322,maturity,0.0,False
2025-02-27,consortium2_ELMED_9961572_management0_32768201,26.855208333333334,7.091083,8.297334,68.603134,0.0,323,maturity,0.0,False
2025-02-28,consortium2_ELMED_9961572_management0_32768201,27.13854166666667,7.014,7.28275,73.43726,41.600002,324,maturity,0.0,False
2025-03-01,consortium2_ELMED_9961572_management0_32768201,27.396874999999998,6.7848334,6.92025,66.21844,5.2000003,325,maturity,0.0,False
2025-03-02,consortium2_ELMED_9961572_management0_32768201,27.565625,5.868167,6.92025,61.65694,0.0,326,maturity,0.0,False
2025-03-03,consortium2_ELMED_9961572_management0_32768201,27.678723404255322,6.03275,7.09525,68.05231,0.0,327,maturity,0.0,False
2025-03-04,consortium2_ELMED_9961572_management0_32768201,27.79255319148936,6.6285834,8.022333,63.83048,0.0,328,maturity,0.0,False
2025-03-05,consortium2_ELMED_9961572_management0_32768201,27.914583333333336,7.10775,9.6265,53.762016,0.0,329,maturity,0.0,False
2025-03-06,consortium2_ELMED_9961572_management0_32768201,28.006315789473682,7.386917,9.65775,54.94763,0.0,330,maturity,0.0,False
2025-03-07,consortium2_ELMED_9961572_management0_32768201,28.09166666666667,7.3181663,9.239,56.57866,0.0,331,maturity,0.0,False
2025-03-08,consortium2_ELMED_9961572_management0_32768201,28.144791666666666,7.3973336,9.497334,54.814857,0.0,332,maturity,0.0,False
2025-03-09,consortium2_ELMED_9961572_management0_32768201,28.16595744680851,8.318167,11.02025,55.752487,0.0,333,maturity,0.0,False
2025-03-10,consortium2_ELMED_9961572_management0_32768201,26.821875000000002,8.747334,9.716084,75.722015,455.0,334,maturity,0.0,False
2025-03-11,consortium2_ELMED_9961572_management0_32768201,26.693684210526317,9.255667,10.724417,72.99798,13.0,335,maturity,0.0,False
2025-03-12,consortium2_ELMED_9961572_management0_32768201,27.146874999999998,9.447333,10.551499,81.01232,322.4,336,maturity,0.0,False
2025-03-13,consortium2_ELMED_9961572_management0_32768201,28.01157894736842,9.186917,9.605667,78.52266,127.4,337,maturity,0.0,False
2025-03-14,consortium2_ELMED_9961572_management0_32768201,28.094736842105263,8.455667,9.134833,81.92681,176.8,338,maturity,0.0,False
2025-03-15,consortium2_ELMED_9961572_management0_32768201,28.123958333333334,8.826501,10.1952505,80.79867,275.6,339,maturity,0.0,False
2025-03-16,consortium2_ELMED_9961572_management0_32768201,27.96666666666667,8.814,9.509833,74.3155,192.40001,340,maturity,0.0,False
2025-03-17,consortium2_ELMED_9961572_management0_32768201,27.238541666666666,8.061917,8.647333,66.38569,5.2000003,341,maturity,0.0,False
2025-03-18,consortium2_ELMED_9961572_management0_32768201,27.022916666666664,6.559833,5.591083,68.45861,0.0,342,maturity,0.0,False
2025-03-19,consortium2_ELMED_9961572_management0_32768201,27.333684210526314,6.0702496,6.314,66.048996,0.0,343,maturity,0.0,False
2025-03-20,consortium2_ELMED_9961572_management0_32768201,27.830526315789474,6.7452497,6.947334,69.52764,0.0,344,maturity,0.0,False
2025-03-21,consortium2_ELMED_9961572_management0_32768201,28.173684210526314,7.6452503,8.005667,72.892815,0.0,345,maturity,0.0,False
2025-03-22,consortium2_ELMED_9961572_management0_32768201,27.959999999999997,8.884833,10.272334,80.52007,205.40001,346,maturity,0.0,False
2025-03-23,consortium2_ELMED_9961572_management0_32768201,27.486315789473682,8.966084,9.797334,83.296684,249.6,347,maturity,0.0,False
2025-03-24,consortium2_ELMED_9961572_management0_32768201,27.769148936170215,9.353583,10.922334,69.495895,0.0,348,maturity,0.0,False
2025-03-25,consortium2_ELMED_9961572_management0_32768201,27.881052631578946,9.397333,10.972332,70.36339,7.8,349,maturity,0.0,False
2025-03-26,consortium2_ELMED_9961572_management0_32768201,27.992553191489364,9.384833,11.153584,64.4967,0.0,350,maturity,0.0,False
2025-03-27,consortium2_ELMED_9961572_management0_32768201,28.129166666666666,9.9765005,12.005667,56.940567,0.0,351,maturity,0.0,False
2025-03-28,consortium2_ELMED_9961572_management0_32768201,28.316842105263156,10.324417,12.116084,59.505436,20.800001,352,maturity,0.0,False
2025-03-29,consortium2_ELMED_9961572_management0_32768201,28.266315789473687,10.366084,11.730667,74.435776,93.600006,353,maturity,0.0,False
2025-03-30,consortium2_ELMED_9961572_management0_32768201,28.474725274725273,11.918167,13.432751,59.725418,5.2000003,354,maturity,0.0,False
2025-03-31,consortium2_ELMED_9961572_management0_32768201,28.688541666666666,10.630667,10.830667,46.758385,0.0,355,maturity,0.0,False
2025-04-01,consortium2_ELMED_9961572_management0_32768201,28.734736842105264,8.949417,8.8015,49.396996,2.6000001,356,maturity,0.0,False
2025-04-02,consortium2_ELMED_9961572_management0_32768201,28.639583333333334,10.903584,12.343166,60.39595,98.8,357,maturity,0.0,False
2025-04-03,consortium2_ELMED_9961572_management0_32768201,28.482978723404255,11.061916,12.653584,68.86156,0.0,358,maturity,0.0,False
2025-04-04,consortium2_ELMED_9961572_management0_32768201,28.340000000000003,11.614,13.628582,63.70068,0.0,359,maturity,0.0,False
2025-04-05,consortium2_ELMED_9961572_management0_32768201,28.128125,12.870251,14.295249,67.912605,0.0,360,maturity,0.0,False
2025-04-06,consortium2_ELMED_9961572_management0_32768201,27.887234042553192,12.568167,13.051499,58.885803,0.0,361,maturity,0.0,False
2025-04-07,consortium2_ELMED_9961572_management0_32768201,27.756842105263157,10.011917,8.599417,63.755714,0.0,362,maturity,0.0,False
2025-04-08,consortium2_ELMED_9961572_management0_32768201,27.434375,9.141084,8.418167,66.90424,0.0,363,maturity,0.0,False
2025-04-09,consortium2_ELMED_9961572_management0_32768201,27.25824175824176,9.239,9.672334,66.31294,2.6000001,364,maturity,0.0,False
2025-04-10,consortium2_ELMED_9961572_management0_32768201,27.068421052631578,10.680666,11.58275,64.74633,0.0,365,maturity,0.0,False
2025-04-11,consortium2_ELMED_9961572_management0_32768201,26.864583333333332,11.795249,14.120251,60.14352,0.0,366,maturity,0.0,False
2025-04-12,consortium2_ELMED_9961572_management0_32768201,26.51770833333333,13.247334,15.543167,68.33112,0.0,367,maturity,0.0,False
2025-04-13,consortium2_ELMED_9961572_management0_32768201,26.387234042553192,12.89525,13.811916,79.75591,117.0,368,maturity,0.0,False
2025-04-14,consortium2_ELMED_9961572_management0_32768201,26.3531914893617,13.278584,14.218165,81.252594,148.20001,369,maturity,0.0,False
2025-04-15,consortium2_ELMED_9961572_management0_32768201,26.536458333333332,13.099417,14.436916,82.69848,231.40001,370,maturity,0.0,False
2025-04-16,consortium2_ELMED_9961572_management0_32768201,26.40833333333333,13.653584,14.434834,83.98966,241.79999,371,maturity,0.0,False
2025-04-17,consortium2_ELMED_9961572_management0_32768201,27.2375,12.857749,12.980667,89.15416,962.0,372,maturity,0.0,False
2025-04-18,consortium2_ELMED_9961572_management0_32768201,28.344210526315788,12.466084,13.159832,75.56534,10.400001,373,maturity,0.0,False
2025-04-19,consortium2_ELMED_9961572_management0_32768201,27.711827956989247,13.155666,13.828584,73.75769,2.6000001,374,maturity,0.0,False
2025-04-20,consortium2_ELMED_9961572_management0_32768201,27.539583333333336,13.6265,14.341084,76.31949,18.199999,375,maturity,0.0,False
2025-04-21,consortium2_ELMED_9961572_management0_32768201,27.81578947368421,12.422334,13.155666,78.89673,88.4,376,maturity,0.0,False
2025-04-22,consortium2_ELMED_9961572_management0_32768201,28.252127659574466,13.464,15.4765005,68.41225,109.2,377,maturity,0.0,False
2025-04-23,consortium2_ELMED_9961572_management0_32768201,28.267368421052634,14.207749,15.303584,76.75306,143.0,378,maturity,0.0,False
2025-04-24,consortium2_ELMED_9961572_management0_32768201,28.010526315789473,14.553584,15.061916,74.83383,101.4,379,maturity,0.0,False
2025-04-25,consortium2_ELMED_9961572_management0_32768201,28.370967741935484,13.97025,14.409832,61.764763,7.8,380,maturity,0.0,False
2025-04-26,consortium2_ELMED_9961572_management0_32768201,28.426041666666666,13.468165,14.497334,67.44578,338.0,381,maturity,0.0,False
2025-04-27,consortium2_ELMED_9961572_management0_32768201,28.298947368421054,14.641084,15.5077505,71.028366,210.6,382,maturity,0.0,False
2025-04-28,consortium2_ELMED_9961572_management0_32768201,28.32421052631579,14.401501,15.420249,77.53156,70.200005,383,maturity,0.0,False
2025-04-29,consortium2_ELMED_9961572_management0_32768201,28.603157894736842,15.114,16.68275,69.70643,0.0,384,maturity,0.0,False
2025-04-30,consortium2_ELMED_9961572_management0_32768201,28.417708333333334,15.772334,17.961916,63.73552,0.0,385,maturity,0.0,False
2025-05-01,consortium2_ELMED_9961572_management0_32768201,28.264583333333334,16.541082,18.843166,67.03079,2.6000001,386,maturity,0.0,False
2025-05-02,consortium2_ELMED_9961572_management0_32768201,28.086170212765957,17.105667,19.409834,68.4575,0.0,387,maturity,0.0,False
2025-05-03,consortium2_ELMED_9961572_management0_32768201,27.90736842105263,17.0765,19.249416,59.477375,0.0,388,maturity,0.0,False
2025-05-04,consortium2_ELMED_9961572_management0_32768201,27.705263157894738,15.947333,17.251501,72.466,221.0,389,maturity,0.0,False
2025-05-05,consortium2_ELMED_9961572_management0_32768201,27.73125,15.528584,15.518167,84.62879,358.80002,390,maturity,0.0,False
2025-05-06,consortium2_ELMED_9961572_management0_32768201,27.832631578947368,14.418167,14.393167,84.0703,535.60004,391,maturity,0.0,False
2025-05-07,consortium2_ELMED_9961572_management0_32768201,27.890526315789472,13.622334,13.309834,89.7977,647.39996,392,maturity,0.0,False
2025-05-08,consortium2_ELMED_9961572_management0_32768201,28.705263157894738,13.026501,12.580667,85.41549,296.40002,393,maturity,0.0,False
2025-05-09,consortium2_ELMED_9961572_management0_32768201,28.50842105263158,13.9452505,13.526501,79.57996,210.59999,394,maturity,0.0,False
2025-05-10,consortium2_ELMED_9961572_management0_32768201,28.295833333333334,14.036917,14.003582,78.07624,5.2000003,395,maturity,0.0,False
2025-05-11,consortium2_ELMED_9961572_management0_32768201,28.073684210526316,14.766084,15.453584,71.877914,0.0,396,maturity,0.0,False
2025-05-12,consortium2_ELMED_9961572_management0_32768201,27.954736842105262,15.493166,15.909832,73.680305,0.0,397,maturity,0.0,False
2025-05-13,consortium2_ELMED_9961572_management0_32768201,27.97578947368421,14.870251,14.847332,84.52101,257.4,398,maturity,0.0,False
2025-05-14,consortium2_ELMED_9961572_management0_32768201,27.73510638297872,14.855667,15.534832,77.38813,5.2000003,399,maturity,0.0,False
2025-05-15,consortium2_ELMED_9961572_management0_32768201,27.522916666666664,15.655665,16.603582,67.951996,0.0,400,maturity,0.0,False
2025-05-16,consortium2_ELMED_9961572_management0_32768201,27.27263157894737,14.516084,13.961916,57.57806,0.0,401,maturity,0.0,False
2025-05-17,consortium2_ELMED_9961572_management0_32768201,27.035483870967745,13.897334,13.949417,63.848206,2.6000001,402,maturity,0.0,False
2025-05-18,consortium2_ELMED_9961572_management0_32768201,26.80842105263158,14.093166,14.90775,70.1301,5.2000003,403,maturity,0.0,False
2025-05-19,consortium2_ELMED_9961572_management0_32768201,26.546315789473685,15.888999,17.030666,73.00825,20.800001,404,maturity,0.0,False
2025-05-20,consortium2_ELMED_9961572_management0_32768201,26.320212765957447,17.274416,17.04525,76.67926,7.8,405,maturity,0.0,False
2025-05-21,consortium2_ELMED_9961572_management0_32768201,26.322916666666668,16.82025,16.572332,78.36235,46.800003,406,maturity,0.0,False
2025-05-22,consortium2_ELMED_9961572_management0_32768201,27.746808510638296,14.107749,14.03275,90.69967,629.19995,407,maturity,0.0,False
2025-05-23,consortium2_ELMED_9961572_management0_32768201,28.385263157894737,14.405665,14.364,69.30134,2.6000001,408,maturity,0.0,False
2025-05-24,consortium2_ELMED_9961572_management0_32768201,28.0,14.40775,13.780666,76.330185,36.4,409,maturity,0.0,False
2025-05-25,consortium2_ELMED_9961572_management0_32768201,27.734736842105264,15.013999,15.239,75.291275,0.0,410,maturity,0.0,False
2025-05-26,consortium2_ELMED_9961572_management0_32768201,27.481914893617024,16.172335,17.168167,75.03072,31.2,411,maturity,0.0,False
2025-05-27,consortium2_ELMED_9961572_management0_32768201,27.696363636363635,15.2515,15.899416,81.21834,122.2,412,maturity,0.0,False
2025-05-27,consortium2_ELMED_9961572_management0_32833738,27.8425,15.2515,15.899416,81.21834,122.2,0,establishment,0.0,False
2025-05-28,consortium2_ELMED_9961572_management0_32833738,27.931578947368422,16.218168,17.45775,76.18318,0.0,1,establishment,0.0,False
2025-05-29,consortium2_ELMED_9961572_management0_32833738,27.653125,17.286917,17.930666,65.92857,0.0,2,establishment,0.0,False
2025-05-30,consortium2_ELMED_9961572_management0_32833738,27.31808510638298,18.216084,19.88483,64.55572,0.0,3,establishment,0.0,False
2025-05-31,consortium2_ELMED_9961572_management0_32833738,27.009375000000002,19.503584,20.62025,73.809135,0.0,4,establishment,0.0,False
2025-06-01,consortium2_ELMED_9961572_management0_32833738,26.729166666666668,20.103584,21.38483,75.96186,54.6,5,establishment,0.0,False
2025-06-02,consortium2_ELMED_9961572_management0_32833738,26.434375000000003,20.289,20.486917,79.75924,23.400002,6,establishment,0.0,False
2025-06-03,consortium2_ELMED_9961572_management0_32833738,26.117894736842103,19.92025,20.599417,76.78479,44.2,7,establishment,0.0,False
2025-06-04,consortium2_ELMED_9961572_management0_32833738,25.776041666666668,19.35775,19.934834,78.57434,88.4,8,establishment,0.0,False
2025-06-05,consortium2_ELMED_9961572_management0_32833738,25.649473684210523,19.147333,19.318167,80.21052,127.4,9,establishment,0.0,False
2025-06-06,consortium2_ELMED_9961572_management0_32833738,25.629473684210524,19.828585,20.455667,78.00461,2.6000001,10,establishment,0.0,False
2025-06-07,consortium2_ELMED_9961572_management0_32833738,25.31041666666667,20.230665,21.28275,74.883514,15.6,11,establishment,0.0,False
2025-06-08,consortium2_ELMED_9961572_management0_32833738,24.96421052631579,21.043165,21.518167,77.73103,28.6,12,establishment,0.0,False
2025-06-09,consortium2_ELMED_9961572_management0_32833738,24.583870967741937,20.986917,21.584831,57.960022,0.0,13,establishment,0.0,False
2025-06-10,consortium2_ELMED_9961572_management0_32833738,24.212631578947367,21.549417,21.828583,68.26961,0.0,14,establishment,0.0,False
2025-06-11,consortium2_ELMED_9961572_management0_32833738,23.822105263157894,22.83275,24.1765,62.602016,7.8,15,vegetative,0.0,False
2025-06-12,consortium2_ELMED_9961572_management0_32833738,23.410526315789475,24.249418,25.15775,59.18206,0.0,16,vegetative,0.0,False
2025-06-13,consortium2_ELMED_9961572_management0_32833738,23.009375000000002,25.141083,26.328583,59.50858,0.0,17,vegetative,0.0,False
2025-06-14,consortium2_ELMED_9961572_management0_32833738,22.682105263157897,25.764,26.691084,63.803326,20.800001,18,vegetative,0.0,False
2025-06-15,consortium2_ELMED_9961572_management0_32833738,22.375789473684208,25.943167,26.659834,56.396423,15.6,19,vegetative,0.0,False
2025-06-16,consortium2_ELMED_9961572_management0_32833738,22.298936170212766,23.859833,22.7015,66.68965,13.0,20,vegetative,0.0,False
2025-06-17,consortium2_ELMED_9961572_management0_32833738,22.48,23.647331,23.007751,51.450768,23.400002,21,vegetative,0.0,False
2025-06-18,consortium2_ELMED_9961572_management0_32833738,22.569473684210525,24.749418,24.830667,53.697247,0.0,22,vegetative,0.0,False
2025-06-19,consortium2_ELMED_9961572_management0_32833738,22.72083333333333,25.678581,26.1265,58.871883,15.6,23,vegetative,0.0,False
2025-06-20,consortium2_ELMED_9961572_management0_32833738,22.684375,25.993166,26.0765,58.466537,52.0,24,vegetative,0.0,False
2025-06-21,consortium2_ELMED_9961572_management0_32833738,22.724999999999998,25.364,24.9515,60.432247,26.0,25,vegetative,0.0,False
2025-06-22,consortium2_ELMED_9961572_management0_32833738,22.628125,25.60775,25.324415,60.915096,0.0,26,vegetative,0.0,False
2025-06-23,consortium2_ELMED_9961572_management0_32833738,22.572916666666668,26.272331,26.861917,52.623653,0.0,27,vegetative,0.0,False
2025-06-24,consortium2_ELMED_9961572_management0_32833738,23.330526315789474,26.653582,26.9515,56.959183,0.0,28,vegetative,0.0,False
2025-06-25,consortium2_ELMED_9961572_management0_32833738,22.89578947368421,27.39525,27.724417,61.72908,28.6,29,vegetative,0.0,False
2025-06-26,consortium2_ELMED_9961572_management0_32833738,22.295744680851065,27.255667,26.484833,67.837105,62.4,30,vegetative,0.0,False
2025-06-27,consortium2_ELMED_9961572_management0_32833738,21.96914893617021,27.059832,26.655668,53.911026,0.0,31,vegetative,0.0,False
2025-06-28,consortium2_ELMED_9961572_management0_32833738,21.740624999999998,28.272331,28.807749,47.96421,0.0,32,vegetative,0.0,False
2025-06-29,consortium2_ELMED_9961572_management0_32833738,21.68,28.614,29.097334,52.452713,0.0,33,vegetative,0.0,False
2025-06-30,consortium2_ELMED_9961572_management0_32833738,22.227956989247314,28.189,28.143166,56.542564,49.399998,34,vegetative,0.0,False
2025-07-01,consortium2_ELMED_9961572_management0_32833738,22.74736842105263,27.838999,27.503584,52.2856,2.6000001,35,vegetative,0.0,False
2025-07-02,consortium2_ELMED_9961572_management0_32833738,22.669473684210526,26.03275,26.709831,57.544086,2.6000001,36,vegetative,0.0,False
2025-07-03,consortium2_ELMED_9961572_management0_32833738,23.003191489361704,25.364,26.870249,58.31134,0.0,37,vegetative,0.0,False
2025-07-04,consortium2_ELMED_9961572_management0_32833738,23.067708333333332,25.536917,26.999418,57.569588,2.6000001,38,vegetative,0.0,False
2025-07-05,consortium2_ELMED_9961572_management0_32833738,24.761458333333334,25.222334,24.968168,65.98424,7.8,39,vegetative,0.0,False
2025-07-06,consortium2_ELMED_9961572_management0_32833738,25.03978494623656,23.016083,22.164001,77.13195,169.0,40,vegetative,0.0,False
2025-07-07,consortium2_ELMED_9961572_management0_32833738,26.638541666666665,22.543165,21.799417,76.00555,390.0,41,vegetative,0.0,False
2025-07-08,consortium2_ELMED_9961572_management0_32833738,26.671578947368424,18.891085,16.95775,76.38483,208.0,42,vegetative,0.0,False
2025-07-09,consortium2_ELMED_9961572_management0_32833738,26.71808510638298,18.491083,18.472334,55.227455,0.0,43,vegetative,0.0,False
2025-07-10,consortium2_ELMED_9961572_management0_32833738,26.383333333333336,20.124418,20.47025,48.523357,0.0,44,vegetative,0.0,False
2025-07-11,consortium2_ELMED_9961572_management0_32833738,25.990624999999998,20.930666,20.59525,61.519405,54.6,45,flowering,0.0,False
2025-07-12,consortium2_ELMED_9961572_management0_32833738,25.55578947368421,21.203585,20.972334,67.294716,114.4,46,flowering,0.0,False
2025-07-13,consortium2_ELMED_9961572_management0_32833738,25.22421052631579,22.424417,21.872335,72.09059,83.200005,47,flowering,0.0,False
2025-07-14,consortium2_ELMED_9961572_management0_32833738,24.902105263157893,23.243166,22.843168,70.11319,26.0,48,flowering,0.0,False
2025-07-15,consortium2_ELMED_9961572_management0_32833738,24.260416666666668,24.28275,24.599417,65.16203,0.0,49,flowering,0.0,False
2025-07-16,consortium2_ELMED_9961572_management0_32833738,23.63854166666667,24.093168,23.253584,70.69296,52.0,50,flowering,0.0,False
2025-07-17,consortium2_ELMED_9961572_management0_32833738,23.203157894736844,24.378584,23.2515,57.56984,0.0,51,flowering,0.0,False
2025-07-18,consortium2_ELMED_9961572_management0_32833738,22.723958333333332,24.603584,24.178581,56.252357,0.0,52,flowering,0.0,False
2025-07-19,consortium2_ELMED_9961572_management0_32833738,24.614583333333332,24.830667,24.666084,61.79949,13.0,53,flowering,0.0,False
2025-07-20,consortium2_ELMED_9961572_management0_32833738,23.833684210526314,25.686918,25.32025,63.274246,36.399998,54,flowering,0.0,False
2025-07-21,consortium2_ELMED_9961572_management0_32833738,23.263157894736842,23.59525,22.897331,76.12629,546.0,55,flowering,0.0,False
2025-07-22,consortium2_ELMED_9961572_management0_32833738,24.84315789473684,23.561918,23.8765,61.315514,5.2000003,56,flowering,0.0,False
2025-07-23,consortium2_ELMED_9961572_management0_32833738,24.849462365591396,24.484833,23.976501,66.38381,93.6,57,flowering,0.0,False
2025-07-24,consortium2_ELMED_9961572_management0_32833738,26.5531914893617,23.166084,22.709831,68.85121,75.4,58,flowering,0.0,False
2025-07-25,consortium2_ELMED_9961572_management0_32833738,27.20421052631579,20.797335,20.505667,73.35492,143.0,59,flowering,0.0,False
2025-07-26,consortium2_ELMED_9961572_management0_32833738,26.92,20.4015,19.7515,78.0396,114.4,60,flowering,0.0,False
2025-07-27,consortium2_ELMED_9961572_management0_32833738,26.72736842105263,21.28275,21.709831,62.457825,0.0,61,flowering,0.0,False
2025-07-28,consortium2_ELMED_9961572_management0_32833738,26.498924731182797,19.91608,19.316084,74.76586,59.8,62,flowering,0.0,False
2025-07-29,consortium2_ELMED_9961572_management0_32833738,26.40215053763441,22.09525,21.593168,49.171597,0.0,63,flowering,0.0,False
2025-07-30,consortium2_ELMED_9961572_management0_32833738,25.833695652173912,20.843166,19.914,66.626434,26.0,64,flowering,0.0,False
2025-07-31,consortium2_ELMED_9961572_management0_32833738,26.173404255319152,21.891083,20.90775,67.27571,2.6000001,65,flowering,0.0,False
2025-08-01,consortium2_ELMED_9961572_management0_32833738,26.161702127659574,21.5765,20.430666,75.69997,59.8,66,flowering,0.0,False
2025-08-02,consortium2_ELMED_9961572_management0_32833738,27.146875,18.668167,18.20775,84.457,327.6,67,flowering,0.0,False
2025-08-03,consortium2_ELMED_9961572_management0_32833738,28.175,18.868166,19.536917,63.366783,7.8,68,flowering,0.0,False
2025-08-04,consortium2_ELMED_9961572_management0_32833738,27.28965517241379,19.539,20.32025,66.05547,0.0,69,flowering,0.0,False
2025-08-05,consortium2_ELMED_9961572_management0_32833738,27.10531914893617,21.203585,22.647331,69.09941,0.0,70,maturity,0.0,False
2025-08-06,consortium2_ELMED_9961572_management0_32833738,26.894736842105264,22.111916,22.366081,74.89145,80.600006,71,maturity,0.0,False
2025-08-07,consortium2_ELMED_9961572_management0_32833738,26.59468085106383,22.6765,22.64525,73.936066,0.0,72,maturity,0.0,False
2025-08-08,consortium2_ELMED_9961572_management0_32833738,26.245744680851065,24.611916,25.218168,67.14283,0.0,73,maturity,0.0,False
2025-08-09,consortium2_ELMED_9961572_management0_32833738,25.862365591397854,26.424417,27.73275,59.67108,0.0,74,maturity,0.0,False
2025-08-10,consortium2_ELMED_9961572_management0_32833738,25.40736842105263,27.484833,29.33275,52.171814,0.0,75,maturity,0.0,False
2025-08-11,consortium2_ELMED_9961572_management0_32833738,24.928260869565218,27.418165,28.84525,52.380672,36.399998,76,maturity,0.0,False
2025-08-12,consortium2_ELMED_9961572_management0_32833738,24.427777777777777,27.441084,28.39525,57.26894,7.8,77,maturity,0.0,False
2025-08-13,consortium2_ELMED_9961572_management0_32833738,24.016129032258064,27.441084,28.624418,58.069805,0.0,78,maturity,0.0,False
2025-08-14,consortium2_ELMED_9961572_management0_32833738,23.611702127659573,27.10775,27.747335,56.36188,0.0,79,maturity,0.0,False
2025-08-15,consortium2_ELMED_9961572_management0_32833738,23.235483870967744,26.936918,27.29525,51.525597,0.0,80,maturity,0.0,False
2025-08-16,consortium2_ELMED_9961572_management0_32833738,23.12736842105263,26.382751,26.811918,49.489395,0.0,81,maturity,0.0,False
2025-08-17,consortium2_ELMED_9961572_management0_32833738,26.482795698924733,25.351501,25.90775,48.075317,0.0,82,maturity,0.0,False
2025-08-18,consortium2_ELMED_9961572_management0_32833738,26.075531914893617,24.314,24.261915,61.4866,41.600002,83,maturity,0.0,False
2025-08-19,consortium2_ELMED_9961572_management0_32833738,25.365957446808512,24.786917,24.049417,66.55403,176.79999,84,maturity,0.0,False
2025-08-20,consortium2_ELMED_9961572_management0_32833738,24.854166666666668,22.424417,21.491081,79.83866,119.6,85,maturity,0.0,False
2025-08-21,consortium2_ELMED_9961572_management0_32833738,24.464583333333334,20.753584,19.74525,83.375626,145.59999,86,maturity,0.0,False
2025-08-22,consortium2_ELMED_9961572_management0_32833738,24.151063829787233,21.47025,21.305666,72.5888,96.2,87,maturity,0.0,False
2025-08-23,consortium2_ELMED_9961572_management0_32833738,23.81276595744681,20.391085,19.589,79.2553,65.0,88,maturity,0.0,False
2025-08-24,consortium2_ELMED_9961572_management0_32833738,23.559574468085106,20.034834,19.82025,69.19201,15.6,89,maturity,0.0,False
2025-08-25,consortium2_ELMED_9961572_management0_32833738,23.386486486486486,20.584831,20.772331,68.65785,0.0,90,maturity,0.0,False
2024-04-10,consortium2_ELMED_9961572_management2_32768201,0.0,11.895249,10.511917,75.46327,327.6,0,establishment,0.0,False
2024-04-11,consortium2_ELMED_9961572_management2_32768201,0.0,13.430666,15.409832,67.81529,0.0,1,establishment,0.0,False
2024-04-12,consortium2_ELMED_9961572_management2_32768201,0.0,14.984834,17.999416,72.13256,0.0,2,establishment,0.0,False
2024-04-13,consortium2_ELMED_9961572_management2_32768201,0.0,16.289,19.30775,69.74604,0.0,3,establishment,0.0,False
2024-04-14,consortium2_ELMED_9961572_management2_32768201,0.0,17.166084,19.924417,73.11006,0.0,4,establishment,0.0,False
2024-04-15,consortium2_ELMED_9961572_management2_32768201,0.0,17.0265,17.943167,74.252556,0.0,5,establishment,0.0,False
2024-04-16,consortium2_ELMED_9961572_management2_32768201,0.0,15.138999,14.709834,53.01589,10.400001,6,establishment,0.0,False
2024-04-17,consortium2_ELMED_9961572_management2_32768201,0.0,11.7515,10.043167,56.721645,10.400001,7,establishment,0.0,False
2024-04-18,consortium2_ELMED_9961572_management2_32768201,0.0,10.328584,9.049417,53.65129,0.0,8,establishment,0.0,False
2024-04-19,consortium2_ELMED_9961572_management2_32768201,11.915322580645162,9.516084,9.439,49.192142,0.0,9,establishment,0.0,False
2024-04-20,consortium2_ELMED_9961572_management2_32768201,13.632631578947368,10.395249,9.861917,46.88953,0.0,10,establishment,0.0,False
2024-04-21,consortium2_ELMED_9961572_management2_32768201,15.083157894736843,9.716084,8.328584,53.531967,31.2,11,establishment,0.0,False
2024-04-22,consortium2_ELMED_9961572_management2_32768201,15.74736842105263,7.2139997,5.403583,90.4664,275.6,12,establishment,0.0,False
2024-04-23,consortium2_ELMED_9961572_management2_32768201,16.217894736842105,7.72025,7.0389996,81.686775,309.4,13,establishment,0.0,False
2024-04-24,consortium2_ELMED_9961572_management2_32768201,16.7,8.253583,8.366083,70.74739,52.0,14,establishment,0.0,False
2024-04-25,consortium2_ELMED_9961572_management2_32768201,17.01684210526316,8.795251,7.9119167,69.542305,0.0,15,vegetative,0.0,False
2024-04-26,consortium2_ELMED_9961572_management2_32768201,17.23404255319149,10.201501,9.670249,68.867516,0.0,16,vegetative,0.0,False
2024-04-27,consortium2_ELMED_9961572_management2_32768201,17.267021276595745,11.955667,11.955667,71.15626,10.400001,17,vegetative,0.0,False
2024-04-28,consortium2_ELMED_9961572_management2_32768201,17.414736842105263,13.343166,14.055666,73.27902,0.0,18,vegetative,0.0,False
2024-04-29,consortium2_ELMED_9961572_management2_32768201,17.492631578947368,14.593165,16.886917,63.26801,0.0,19,vegetative,0.0,False
2024-04-30,consortium2_ELMED_9961572_management2_32768201,17.582291666666666,16.18275,19.068167,56.01221,0.0,20,vegetative,0.0,False
2024-05-01,consortium2_ELMED_9961572_management2_32768201,17.504210526315788,16.339,17.014,69.56792,153.40001,21,vegetative,0.0,False
2024-05-02,consortium2_ELMED_9961572_management2_32768201,18.861052631578946,13.689,13.543167,85.2129,598.0,22,vegetative,0.0,False
2024-05-03,consortium2_ELMED_9961572_management2_32768201,21.873684210526317,12.839001,12.541083,80.79367,59.800003,23,vegetative,0.0,False
2024-05-04,consortium2_ELMED_9961572_management2_32768201,21.635106382978723,14.176499,15.259833,70.45568,33.800003,24,vegetative,0.0,False
2024-05-05,consortium2_ELMED_9961572_management2_32768201,21.56808510638298,14.943167,16.4015,67.49838,0.0,25,vegetative,0.0,False
2024-05-06,consortium2_ELMED_9961572_management2_32768201,21.28526315789474,14.90775,15.155666,73.87745,18.199999,26,vegetative,0.0,False
2024-05-07,consortium2_ELMED_9961572_management2_32768201,20.95108695652174,14.0390005,14.253582,81.80956,122.2,27,vegetative,0.0,False
2024-05-08,consortium2_ELMED_9961572_management2_32768201,20.646236559139787,14.899416,15.4452505,77.52031,23.4,28,vegetative,0.0,False
2024-05-09,consortium2_ELMED_9961572_management2_32768201,20.61935483870968,15.959834,17.372334,67.06972,0.0,29,vegetative,0.0,False
2024-05-10,consortium2_ELMED_9961572_management2_32768201,20.68936170212766,16.791082,17.543167,70.13765,39.0,30,vegetative,0.0,False
2024-05-11,consortium2_ELMED_9961572_management2_32768201,20.727777777777778,16.993166,17.955667,68.74517,2.6000001,31,vegetative,0.0,False
2024-05-12,consortium2_ELMED_9961572_management2_32768201,20.42340425531915,17.236917,18.234835,70.2493,10.400001,32,vegetative,0.0,False
2024-05-13,consortium2_ELMED_9961572_management2_32768201,20.28111111111111,17.153584,17.032751,76.14508,153.40001,33,vegetative,0.0,False
2024-05-14,consortium2_ELMED_9961572_management2_32768201,20.105555555555554,17.103584,16.889,72.13201,10.400001,34,vegetative,0.0,False
2024-05-15,consortium2_ELMED_9961572_management2_32768201,20.452222222222222,15.418167,15.08275,87.55915,933.4,35,vegetative,0.0,False
2024-05-16,consortium2_ELMED_9961572_management2_32768201,19.809574468085106,15.6265,15.53275,77.62039,369.19998,36,vegetative,0.0,False
2024-05-17,consortium2_ELMED_9961572_management2_32768201,19.476041666666667,15.724417,15.739,72.49202,62.4,37,vegetative,0.0,False
2024-05-18,consortium2_ELMED_9961572_management2_32768201,20.21578947368421,15.899416,16.418167,67.767265,0.0,38,vegetative,0.0,False
2024-05-19,consortium2_ELMED_9961572_management2_32768201,21.659550561797754,16.697334,17.516085,67.01942,5.2000003,39,vegetative,0.0,False
2024-05-20,consortium2_ELMED_9961572_management2_32768201,22.621052631578948,17.64525,17.845251,76.75508,109.2,40,vegetative,0.0,False
2024-05-21,consortium2_ELMED_9961572_management2_32768201,20.52340425531915,15.7890005,15.439,88.20541,1632.7999,41,vegetative,0.0,False
2024-05-22,consortium2_ELMED_9961572_management2_32768201,19.653191489361703,16.782751,16.64525,77.98248,20.800001,42,vegetative,0.0,False
2024-05-23,consortium2_ELMED_9961572_management2_32768201,19.267368421052634,16.211916,16.186916,75.993866,200.20001,43,vegetative,0.0,False
2024-05-24,consortium2_ELMED_9961572_management2_32768201,19.475268817204302,16.249418,16.218168,71.342,15.6,44,vegetative,0.0,False
2024-05-25,consortium2_ELMED_9961572_management2_32768201,21.063440860215056,16.6015,16.003582,73.70208,218.4,45,flowering,0.0,False
2024-05-26,consortium2_ELMED_9961572_management2_32768201,20.669148936170213,16.909834,17.809834,69.42464,0.0,46,flowering,0.0,False
2024-05-27,consortium2_ELMED_9961572_management2_32768201,21.818947368421053,18.430666,19.847334,63.29588,2.6000001,47,flowering,0.0,False
2024-05-28,consortium2_ELMED_9961572_management2_32768201,21.832978723404256,18.157751,18.647333,69.46917,13.0,48,flowering,0.0,False
2024-05-29,consortium2_ELMED_9961572_management2_32768201,21.81041666666667,18.155668,18.141085,71.15569,20.800001,49,flowering,0.0,False
2024-05-30,consortium2_ELMED_9961572_management2_32768201,21.543010752688172,17.657751,17.222334,83.42728,215.8,50,flowering,0.0,False
2024-05-31,consortium2_ELMED_9961572_management2_32768201,20.215217391304346,15.547334,14.872334,75.189285,501.8,51,flowering,0.0,False
2024-06-01,consortium2_ELMED_9961572_management2_32768201,19.835106382978722,15.716084,16.20775,73.337105,26.0,52,flowering,0.0,False
2024-06-02,consortium2_ELMED_9961572_management2_32768201,21.935164835164834,17.67025,18.37025,72.62232,7.8,53,flowering,0.0,False
2024-06-03,consortium2_ELMED_9961572_management2_32768201,21.486021505376346,17.424417,17.968168,72.227715,26.0,54,flowering,0.0,False
2024-06-04,consortium2_ELMED_9961572_management2_32768201,21.570212765957447,18.161917,19.064001,71.25424,15.6,55,flowering,0.0,False
2024-06-05,consortium2_ELMED_9961572_management2_32768201,21.46989247311828,19.030668,19.549417,77.02461,18.2,56,flowering,0.0,False
2024-06-06,consortium2_ELMED_9961572_management2_32768201,21.320652173913043,20.497334,20.743166,77.928055,5.2000003,57,flowering,0.0,False
2024-06-07,consortium2_ELMED_9961572_management2_32768201,22.57362637362637,21.272331,21.705667,80.18017,0.0,58,flowering,0.0,False
2024-06-08,consortium2_ELMED_9961572_management2_32768201,23.073118279569893,21.759834,22.403585,79.78099,39.0,59,flowering,0.0,False
2024-06-09,consortium2_ELMED_9961572_management2_32768201,23.468817204301075,21.628584,22.230665,77.0667,91.0,60,flowering,0.0,False
2024-06-10,consortium2_ELMED_9961572_management2_32768201,20.085714285714285,21.247334,20.649416,79.09361,358.80002,61,flowering,0.0,False
2024-06-11,consortium2_ELMED_9961572_management2_32768201,20.46808510638298,19.58275,18.766085,82.25438,475.8,62,flowering,0.0,False
2024-06-12,consortium2_ELMED_9961572_management2_32768201,21.54945054945055,18.568167,17.397333,72.48761,91.0,63,flowering,0.0,False
2024-06-13,consortium2_ELMED_9961572_management2_32768201,22.239080459770115,17.859835,17.039,68.07742,23.4,64,flowering,0.0,False
2024-06-14,consortium2_ELMED_9961572_management2_32768201,22.383516483516484,18.157751,17.75775,73.66151,0.0,65,flowering,0.0,False
2024-06-15,consortium2_ELMED_9961572_management2_32768201,22.056043956043954,17.984835,18.001501,77.45243,5.2000003,66,flowering,0.0,False
2024-06-16,consortium2_ELMED_9961572_management2_32768201,22.801136363636363,19.2265,19.993166,74.24892,39.0,67,flowering,0.0,False
2024-06-17,consortium2_ELMED_9961572_management2_32768201,23.013483146067415,20.368166,21.053581,74.71422,0.0,68,flowering,0.0,False
2024-06-18,consortium2_ELMED_9961572_management2_32768201,22.869565217391305,21.359835,23.036917,67.8474,0.0,69,flowering,0.0,False
2024-06-19,consortium2_ELMED_9961572_management2_32768201,22.3875,22.659834,24.224417,68.561745,0.0,70,maturity,0.0,False
2024-06-20,consortium2_ELMED_9961572_management2_32768201,22.642696629213482,23.382751,25.789001,67.07863,2.6000001,71,maturity,0.0,False
2024-06-21,consortium2_ELMED_9961572_management2_32768201,23.585185185185185,23.514,23.934832,75.13976,309.40002,72,maturity,0.0,False
2024-06-22,consortium2_ELMED_9961572_management2_32768201,26.196341463414633,22.084831,22.416084,71.78316,106.6,73,maturity,0.0,False
2024-06-23,consortium2_ELMED_9961572_management2_32768201,26.565060240963856,19.141085,18.13275,84.27135,764.39996,74,maturity,0.0,False
2024-06-24,consortium2_ELMED_9961572_management2_32768201,28.857142857142858,20.309834,21.2515,73.86085,145.59999,75,maturity,0.0,False
2024-06-25,consortium2_ELMED_9961572_management2_32768201,32.29186046511628,20.816084,20.561916,82.042725,283.4,76,maturity,0.0,False
2024-06-26,consortium2_ELMED_9961572_management2_32768201,34.75955056179775,21.041084,21.084831,75.05827,182.0,77,maturity,0.0,False
2024-06-27,consortium2_ELMED_9961572_management2_32768201,44.040217391304346,21.739,23.193167,70.98959,0.0,78,maturity,0.0,False
2024-06-28,consortium2_ELMED_9961572_management2_32768201,46.48571428571428,23.484833,24.649416,75.13536,0.0,79,maturity,0.0,False
2024-06-29,consortium2_ELMED_9961572_management2_32768201,39.38181818181818,23.930666,24.580667,80.47352,166.40001,80,maturity,0.0,False
2024-06-30,consortium2_ELMED_9961572_management2_32768201,44.245054945054946,24.086916,23.855665,71.53737,31.2,81,maturity,0.0,False
2024-07-01,consortium2_ELMED_9961572_management2_32768201,40.496153846153845,22.164001,21.311916,78.87017,80.600006,82,maturity,0.0,False
2024-07-02,consortium2_ELMED_9961572_management2_32768201,44.1641975308642,21.359835,21.153584,69.35841,96.200005,83,maturity,0.0,False
2024-07-03,consortium2_ELMED_9961572_management2_32768201,41.586363636363636,19.4765,19.022333,77.337234,169.0,84,maturity,0.0,False
2024-07-04,consortium2_ELMED_9961572_management2_32768201,34.87692307692308,19.83275,19.603582,74.163414,0.0,85,maturity,0.0,False
2024-07-05,consortium2_ELMED_9961572_management2_32768201,40.986516853932585,21.024416,21.391083,74.712456,0.0,86,maturity,0.0,False
2024-07-06,consortium2_ELMED_9961572_management2_32768201,39.754945054945054,22.664001,23.064,71.07277,23.400002,87,maturity,0.0,False
2024-07-07,consortium2_ELMED_9961572_management2_32768201,37.12857142857143,21.949415,22.105665,79.63127,829.39996,88,maturity,0.0,False
2024-07-08,consortium2_ELMED_9961572_management2_32768201,42.23626373626374,23.055666,23.584831,73.35066,10.400001,89,maturity,0.0,False
2024-07-09,consortium2_ELMED_9961572_management2_32768201,42.515957446808514,23.8265,25.44525,69.58119,10.400001,90,maturity,0.0,False
2024-07-10,consortium2_ELMED_9961572_management2_32768201,46.681111111111115,24.5015,26.493166,66.012726,0.0,91,maturity,0.0,False
2024-07-11,consortium2_ELMED_9961572_management2_32768201,30.802150537634407,25.143167,26.974417,65.50013,0.0,92,maturity,0.0,False
2024-07-12,consortium2_ELMED_9961572_management2_32768201,29.99462365591398,24.186918,24.0515,79.02185,163.8,93,maturity,0.0,False
2024-07-13,consortium2_ELMED_9961572_management2_32768201,29.51521739130435,23.3265,24.159834,67.34814,0.0,94,maturity,0.0,False
2024-07-14,consortium2_ELMED_9961572_management2_32768201,28.93736263736264,23.664001,24.639,65.721245,0.0,95,maturity,0.0,False
2024-07-15,consortium2_ELMED_9961572_management2_32768201,28.210752688172043,24.143166,25.514,66.60703,0.0,96,maturity,0.0,False
2024-07-16,consortium2_ELMED_9961572_management2_32768201,27.428571428571427,24.95775,26.441084,66.02828,0.0,97,maturity,0.0,False
2024-07-17,consortium2_ELMED_9961572_management2_32768201,26.555913978494623,25.228584,26.389,68.87684,44.2,98,maturity,0.0,False
2024-07-18,consortium2_ELMED_9961572_management2_32768201,25.661538461538466,25.153585,26.584831,67.256905,49.399998,99,maturity,0.0,False
2024-07-19,consortium2_ELMED_9961572_management2_32768201,26.529787234042555,25.47025,26.230665,72.44958,124.8,100,maturity,0.0,False
2024-07-20,consortium2_ELMED_9961572_management2_32768201,30.062105263157896,24.605665,24.564,64.61176,0.0,101,maturity,0.0,False
2024-07-21,consortium2_ELMED_9961572_management2_32768201,29.095604395604397,24.564,24.7265,73.66808,65.0,102,maturity,0.0,False
2024-07-22,consortium2_ELMED_9961572_management2_32768201,27.36195652173913,25.73275,26.34525,62.77625,7.8,103,maturity,0.0,False
2024-07-23,consortium2_ELMED_9961572_management2_32768201,25.72872340425532,24.441084,24.878584,71.13516,109.2,104,maturity,0.0,False
2024-07-24,consortium2_ELMED_9961572_management2_32768201,24.88953488372093,24.651499,24.695251,69.97806,0.0,105,maturity,0.0,False
2024-07-25,consortium2_ELMED_9961572_management2_32768201,23.886813186813185,24.053581,24.184835,69.2603,36.399998,106,maturity,0.0,False
2024-07-26,consortium2_ELMED_9961572_management2_32768201,22.791111111111114,25.203583,25.60775,67.67721,0.0,107,maturity,0.0,False
2024-07-27,consortium2_ELMED_9961572_management2_32768201,21.564444444444444,25.922333,26.441084,65.67684,5.2000003,108,maturity,0.0,False
2024-07-28,consortium2_ELMED_9961572_management2_32768201,20.284782608695654,26.455667,26.682749,70.4308,0.0,109,maturity,0.0,False
2024-07-29,consortium2_ELMED_9961572_management2_32768201,19.448235294117644,25.9515,26.074415,74.92806,49.4,110,maturity,0.0,False
2024-07-30,consortium2_ELMED_9961572_management2_32768201,18.979545454545455,25.980665,26.32025,73.08953,0.0,111,maturity,0.0,False
2024-07-31,consortium2_ELMED_9961572_management2_32768201,18.40919540229885,26.503584,26.976501,73.71618,2.6000001,112,maturity,0.0,False
2024-08-01,consortium2_ELMED_9961572_management2_32768201,18.14047619047619,26.861917,26.068167,75.65312,20.800001,113,maturity,0.0,False
2024-08-02,consortium2_ELMED_9961572_management2_32768201,20.581521739130434,25.35775,25.03275,70.748116,0.0,114,maturity,0.0,False
2024-08-03,consortium2_ELMED_9961572_management2_32768201,21.962500000000002,25.184835,25.597334,62.072876,10.400001,115,maturity,0.0,False
2024-08-04,consortium2_ELMED_9961572_management2_32768201,22.720238095238095,24.834835,24.266083,68.93048,109.2,116,maturity,0.0,False
2024-08-05,consortium2_ELMED_9961572_management2_32768201,23.26896551724138,25.474417,25.605665,67.18161,31.2,117,maturity,0.0,False
2024-08-06,consortium2_ELMED_9961572_management2_32768201,23.595180722891566,25.211916,24.972334,76.3618,59.8,118,maturity,0.0,False
2024-08-07,consortium2_ELMED_9961572_management2_32768201,24.309876543209874,24.976501,24.474417,74.7009,135.2,119,maturity,0.0,False
2024-08-08,consortium2_ELMED_9961572_management2_32768201,25.46951219512195,24.561918,25.449415,61.075493,0.0,120,maturity,0.0,False
2024-08-09,consortium2_ELMED_9961572_management2_32768201,25.39883720930233,25.757751,26.3265,67.93427,7.8,121,maturity,0.0,False
2024-08-10,consortium2_ELMED_9961572_management2_32768201,24.905747126436783,26.843168,27.570251,68.23882,10.400001,122,maturity,0.0,False
2024-08-11,consortium2_ELMED_9961572_management2_32768201,24.153658536585365,27.822334,28.074415,69.45987,5.2000003,123,maturity,0.0,False
2024-08-12,consortium2_ELMED_9961572_management2_32768201,23.503529411764706,27.8765,28.54525,62.44385,0.0,124,maturity,0.0,False
2024-08-13,consortium2_ELMED_9961572_management2_32768201,22.615853658536587,27.499418,27.568167,62.892258,0.0,125,maturity,0.0,False
2024-08-14,consortium2_ELMED_9961572_management2_32768201,22.385057471264368,27.586916,27.95775,53.69315,0.0,126,maturity,0.0,False
2024-08-15,consortium2_ELMED_9961572_management2_32768201,24.372222222222224,26.222334,26.6765,59.716854,0.0,127,maturity,0.0,False
2024-08-16,consortium2_ELMED_9961572_management2_32768201,25.587912087912088,26.7515,27.08275,59.273308,2.6000001,128,maturity,0.0,False
2024-08-17,consortium2_ELMED_9961572_management2_32768201,25.511627906976745,26.699415,26.343168,59.298016,26.0,129,maturity,0.0,False
2024-08-18,consortium2_ELMED_9961572_management2_32768201,25.958695652173912,23.443167,22.818167,75.13771,104.0,130,maturity,0.0,False
2024-08-19,consortium2_ELMED_9961572_management2_32768201,26.77931034482759,22.841082,23.120249,72.800545,98.799995,131,maturity,0.0,False
2024-08-20,consortium2_ELMED_9961572_management2_32768201,28.335955056179778,23.630667,24.818167,68.97525,70.2,132,maturity,0.0,False
2024-08-21,consortium2_ELMED_9961572_management2_32768201,28.571428571428573,24.934835,25.984833,62.952152,15.6,133,maturity,0.0,False
2024-08-22,consortium2_ELMED_9961572_management2_32768201,28.334482758620688,24.641083,24.609833,68.339424,33.800003,134,maturity,0.0,False
2024-08-23,consortium2_ELMED_9961572_management2_32768201,28.015555555555558,24.993166,25.543165,69.39071,28.6,135,maturity,0.0,False
2024-08-24,consortium2_ELMED_9961572_management2_32768201,27.285393258426968,25.866081,26.384834,64.86549,5.2000003,136,maturity,0.0,False
2024-08-25,consortium2_ELMED_9961572_management2_32768201,26.474157303370784,26.053581,26.605665,61.70794,7.8,137,maturity,0.0,False
2024-08-26,consortium2_ELMED_9961572_management2_32768201,25.89883720930233,25.218168,25.647331,58.355778,5.2000003,138,maturity,0.0,False
2024-08-27,consortium2_ELMED_9961572_management2_32768201,25.60898876404494,24.105665,24.2515,63.31051,5.2000003,139,maturity,0.0,False
2024-08-28,consortium2_ELMED_9961572_management2_32768201,25.259999999999998,24.29525,24.764,65.86165,0.0,140,maturity,0.0,False
2024-08-29,consortium2_ELMED_9961572_management2_32768201,24.911594202898552,25.168165,26.58275,55.856804,0.0,141,maturity,0.0,False
2024-08-30,consortium2_ELMED_9961572_management2_32768201,24.31494252873563,25.432749,26.83275,55.186928,0.0,142,maturity,0.0,False
2024-08-31,consortium2_ELMED_9961572_management2_32768201,23.546739130434784,25.514,26.774416,61.56284,15.6,143,maturity,0.0,False
2024-09-01,consortium2_ELMED_9961572_management2_32768201,22.708695652173912,25.022331,25.405668,62.80173,0.0,144,maturity,0.0,False
2024-09-02,consortium2_ELMED_9961572_management2_32768201,22.403260869565216,24.572334,25.468168,53.85308,2.6000001,145,maturity,0.0,False
2024-09-03,consortium2_ELMED_9961572_management2_32768201,22.411702127659574,23.972334,23.780668,70.17066,7.8,146,maturity,0.0,False
2024-09-04,consortium2_ELMED_9961572_management2_32768201,22.602150537634408,23.755667,24.311918,62.63995,0.0,147,maturity,0.0,False
2024-09-05,consortium2_ELMED_9961572_management2_32768201,24.083695652173912,20.122334,20.29525,82.16009,1318.2001,148,maturity,0.0,False
2024-09-06,consortium2_ELMED_9961572_management2_32768201,27.40833333333333,20.80775,20.784834,76.08647,18.2,149,maturity,0.0,False
2024-09-07,consortium2_ELMED_9961572_management2_32768201,26.263157894736842,21.636915,20.62025,79.43184,0.0,150,maturity,0.0,False
2024-09-08,consortium2_ELMED_9961572_management2_32768201,25.190526315789473,20.566084,20.684834,86.73955,798.2,151,maturity,0.0,False
2024-09-09,consortium2_ELMED_9961572_management2_32768201,30.24042553191489,20.65775,20.724417,70.60912,943.80005,152,maturity,0.0,False
2024-09-10,consortium2_ELMED_9961572_management2_32768201,32.731521739130436,19.682749,21.147331,57.667095,0.0,153,maturity,0.0,False
2024-09-11,consortium2_ELMED_9961572_management2_32768201,32.26521739130435,19.614,19.472334,77.257576,104.0,154,maturity,0.0,False
2024-09-12,consortium2_ELMED_9961572_management2_32768201,35.5989247311828,15.9452505,14.255667,76.76527,338.0,155,maturity,0.0,False
2024-09-13,consortium2_ELMED_9961572_management2_32768201,37.08404255319149,14.080667,12.991084,57.896267,5.2000003,156,maturity,0.0,False
2024-09-14,consortium2_ELMED_9961572_management2_32768201,35.86483516483517,14.572332,13.52025,52.241234,0.0,157,maturity,0.0,False
2024-09-15,consortium2_ELMED_9961572_management2_32768201,35.16914893617022,16.249418,15.453584,47.02787,0.0,158,maturity,0.0,False
2024-09-16,consortium2_ELMED_9961572_management2_32768201,34.59574468085106,15.980667,14.786917,59.373344,49.399998,159,maturity,0.0,False
2024-09-17,consortium2_ELMED_9961572_management2_32768201,34.183157894736844,15.861917,15.478583,64.699776,163.79999,160,maturity,0.0,False
2024-09-18,consortium2_ELMED_9961572_management2_32768201,33.84731182795699,15.178584,16.428583,66.20114,0.0,161,maturity,0.0,False
2024-09-19,consortium2_ELMED_9961572_management2_32768201,33.503191489361704,16.464,17.911917,60.69147,2.6000001,162,maturity,0.0,False
2024-09-20,consortium2_ELMED_9961572_management2_32768201,33.170833333333334,16.8515,17.9015,69.86715,18.199999,163,maturity,0.0,False
2024-09-21,consortium2_ELMED_9961572_management2_32768201,32.70967741935484,17.24525,18.016085,72.78811,31.199999,164,maturity,0.0,False
2024-09-22,consortium2_ELMED_9961572_management2_32768201,32.23222222222223,16.674417,17.668167,73.05492,0.0,165,maturity,0.0,False
2024-09-23,consortium2_ELMED_9961572_management2_32768201,31.817391304347826,16.897333,17.459833,77.748795,790.39996,166,maturity,0.0,False
2024-09-24,consortium2_ELMED_9961572_management2_32768201,32.86631578947369,16.978584,17.20775,76.314445,26.0,167,maturity,0.0,False
2024-09-25,consortium2_ELMED_9961572_management2_32768201,35.01489361702128,16.674417,15.761917,78.79125,0.0,168,maturity,0.0,False
2024-09-26,consortium2_ELMED_9961572_management2_32768201,35.56111111111111,16.903584,17.336916,84.07514,530.39996,169,maturity,0.0,False
2024-09-27,consortium2_ELMED_9961572_management2_32768201,39.67894736842105,18.259832,19.07025,82.169624,78.0,170,maturity,0.0,False
2024-09-28,consortium2_ELMED_9961572_management2_32768201,38.511702127659575,16.830667,15.9765005,69.93533,93.6,171,maturity,0.0,False
2024-09-29,consortium2_ELMED_9961572_management2_32768201,37.74193548387097,14.999416,14.793167,60.531773,0.0,172,maturity,0.0,False
2024-09-30,consortium2_ELMED_9961572_management2_32768201,37.34,15.418167,14.103582,79.6399,2.6000001,173,maturity,0.0,False
2024-10-01,consortium2_ELMED_9961572_management2_32768201,37.0258064516129,15.3015,14.6952505,84.62782,26.0,174,maturity,0.0,False
2024-10-02,consortium2_ELMED_9961572_management2_32768201,38.04333333333333,15.628582,16.003582,85.09973,561.60004,175,maturity,0.0,False
2024-10-03,consortium2_ELMED_9961572_management2_32768201,40.28586956521739,13.768167,13.111917,87.10962,436.8,176,maturity,0.0,False
2024-10-04,consortium2_ELMED_9961572_management2_32768201,41.6956043956044,12.641084,12.072332,76.9064,135.20001,177,maturity,0.0,False
2024-10-05,consortium2_ELMED_9961572_management2_32768201,40.853191489361706,12.488999,12.4140005,75.02193,5.2000003,178,maturity,0.0,False
2024-10-06,consortium2_ELMED_9961572_management2_32768201,39.1178947368421,13.343166,12.284832,83.29762,0.0,179,maturity,0.0,False
2024-10-07,consortium2_ELMED_9961572_management2_32768201,38.49354838709677,13.934834,13.366084,87.199326,39.0,180,maturity,0.0,False
2024-10-08,consortium2_ELMED_9961572_management2_32768201,40.56263736263736,15.026501,15.734834,90.96414,1450.7999,181,maturity,0.0,False
2024-10-09,consortium2_ELMED_9961572_management2_32768201,42.090425531914896,15.4765005,16.516085,81.79312,67.6,182,maturity,0.0,False
2024-10-10,consortium2_ELMED_9961572_management2_32768201,42.99263157894737,15.293167,16.822332,79.84753,517.39996,183,maturity,0.0,False
2024-10-11,consortium2_ELMED_9961572_management2_32768201,42.06979166666667,13.116084,14.999415,62.27207,2.6000001,184,maturity,0.0,False
2024-10-12,consortium2_ELMED_9961572_management2_32768201,40.684946236559135,12.932751,13.780666,75.066216,7.8,185,maturity,0.0,False
2024-10-13,consortium2_ELMED_9961572_management2_32768201,39.17956989247312,13.511917,12.816082,86.06738,0.0,186,maturity,0.0,False
2024-10-14,consortium2_ELMED_9961572_management2_32768201,38.69892473118279,13.661917,13.401501,88.63496,0.0,187,maturity,0.0,False
2024-10-15,consortium2_ELMED_9961572_management2_32768201,38.317021276595746,14.826499,15.120251,79.03198,0.0,188,maturity,0.0,False
2024-10-16,consortium2_ELMED_9961572_management2_32768201,38.072826086956525,14.72025,15.645249,88.37109,158.59999,189,maturity,0.0,False
2024-10-17,consortium2_ELMED_9961572_management2_32768201,38.5804347826087,16.10775,17.609835,81.86833,54.6,190,maturity,0.0,False
2024-10-18,consortium2_ELMED_9961572_management2_32768201,41.99148936170213,15.839001,16.305666,89.209785,826.8,191,maturity,0.0,False
2024-10-19,consortium2_ELMED_9961572_management2_32768201,42.33152173913044,14.65775,15.0702505,91.559814,491.4,192,maturity,0.0,False
2024-10-20,consortium2_ELMED_9961572_management2_32768201,42.76413043478261,16.143167,17.968166,81.40095,15.6,193,maturity,0.0,False
2024-10-21,consortium2_ELMED_9961572_management2_32768201,41.38947368421053,15.263999,15.722335,87.924126,0.0,194,maturity,0.0,False
2024-10-22,consortium2_ELMED_9961572_management2_32768201,39.68478260869565,15.572332,16.461916,84.77098,2.6000001,195,maturity,0.0,False
2024-10-23,consortium2_ELMED_9961572_management2_32768201,39.165263157894735,15.307751,16.016085,91.90811,470.6,196,maturity,0.0,False
2024-10-24,consortium2_ELMED_9961572_management2_32768201,39.79462365591398,15.84525,16.57025,83.49333,65.0,197,maturity,0.0,False
2024-10-25,consortium2_ELMED_9961572_management2_32768201,39.792307692307695,15.022334,15.430666,82.49207,10.400001,198,maturity,0.0,False
2024-10-26,consortium2_ELMED_9961572_management2_32768201,39.66263736263736,16.214,17.518167,80.60242,205.40001,199,maturity,0.0,False
2024-10-27,consortium2_ELMED_9961572_management2_32768201,39.70618556701031,15.013999,16.161917,82.539566,5.2000003,200,maturity,0.0,False
2024-10-28,consortium2_ELMED_9961572_management2_32768201,39.41075268817204,14.799417,15.180666,84.566536,0.0,201,maturity,0.0,False
2024-10-29,consortium2_ELMED_9961572_management2_32768201,39.05326086956522,13.920249,14.9765005,80.21477,0.0,202,maturity,0.0,False
2024-10-30,consortium2_ELMED_9961572_management2_32768201,38.675268817204305,13.520249,14.478582,81.86419,0.0,203,maturity,0.0,False
2024-10-31,consortium2_ELMED_9961572_management2_32768201,38.36666666666667,12.641084,14.822333,76.09216,0.0,204,maturity,0.0,False
2024-11-01,consortium2_ELMED_9961572_management2_32768201,38.075268817204304,12.024416,13.222332,78.659195,0.0,205,maturity,0.0,False
2024-11-02,consortium2_ELMED_9961572_management2_32768201,37.817894736842106,11.513999,13.34525,75.196884,0.0,206,maturity,0.0,False
2024-11-03,consortium2_ELMED_9961572_management2_32768201,37.58,11.120251,11.749416,81.76452,0.0,207,maturity,0.0,False
2024-11-04,consortium2_ELMED_9961572_management2_32768201,37.35698924731182,11.018167,11.741084,81.68942,0.0,208,maturity,0.0,False
2024-11-05,consortium2_ELMED_9961572_management2_32768201,37.142105263157895,9.384833,10.909832,71.58399,0.0,209,maturity,0.0,False
2024-11-06,consortium2_ELMED_9961572_management2_32768201,36.928125,8.6265,10.886917,66.32506,0.0,210,maturity,0.0,False
2024-11-07,consortium2_ELMED_9961572_management2_32768201,36.7436170212766,8.543167,11.299417,66.26952,0.0,211,maturity,0.0,False
2024-11-08,consortium2_ELMED_9961572_management2_32768201,36.54838709677419,8.536918,10.886917,73.27928,0.0,212,maturity,0.0,False
2024-11-09,consortium2_ELMED_9961572_management2_32768201,36.37741935483871,8.463999,10.451501,75.42482,0.0,213,maturity,0.0,False
2024-11-10,consortium2_ELMED_9961572_management2_32768201,36.24021739130435,7.6785836,9.768167,73.59571,0.0,214,maturity,0.0,False
2024-11-11,consortium2_ELMED_9961572_management2_32768201,36.055789473684214,6.891083,8.745249,67.182945,0.0,215,maturity,0.0,False
2024-11-12,consortium2_ELMED_9961572_management2_32768201,35.92604166666667,4.4577503,6.697334,69.80363,0.0,216,maturity,0.0,False
2024-11-13,consortium2_ELMED_9961572_management2_32768201,35.75,2.5619166,6.0535836,67.55111,20.800001,217,maturity,0.0,False
2024-11-14,consortium2_ELMED_9961572_management2_32768201,35.614583333333336,3.2306669,6.055667,69.178444,5.2000003,218,maturity,0.0,False
2024-11-15,consortium2_ELMED_9961572_management2_32768201,35.365625,1.5848333,4.5494165,57.374676,0.0,219,maturity,0.0,False
2024-11-16,consortium2_ELMED_9961572_management2_32768201,35.27173913043478,1.164,4.7577496,60.76603,0.0,220,maturity,0.0,False
2024-11-17,consortium2_ELMED_9961572_management2_32768201,35.144210526315796,1.1181667,4.741083,58.845398,0.0,221,maturity,0.0,False
2024-11-18,consortium2_ELMED_9961572_management2_32768201,35.040625,3.4306667,5.9327497,68.46608,0.0,222,maturity,0.0,False
2024-11-19,consortium2_ELMED_9961572_management2_32768201,34.93684210526316,4.1765003,6.055667,76.880135,0.0,223,maturity,0.0,False
2024-11-20,consortium2_ELMED_9961572_management2_32768201,34.86489361702127,5.6140003,6.655667,61.532005,85.8,224,maturity,0.0,False
2024-11-21,consortium2_ELMED_9961572_management2_32768201,34.821875,3.1681669,1.7035834,53.581806,106.6,225,maturity,0.0,False
2024-11-22,consortium2_ELMED_9961572_management2_32768201,34.61157894736842,2.5806668,-0.31308332,66.91511,5.2000003,226,maturity,0.0,False
2024-11-23,consortium2_ELMED_9961572_management2_32768201,34.572043010752694,1.7702501,-0.5401667,60.32768,0.0,227,maturity,0.0,False
2024-11-24,consortium2_ELMED_9961572_management2_32768201,34.48020833333333,1.4556668,2.08275,72.91058,0.0,228,maturity,0.0,False
2024-11-25,consortium2_ELMED_9961572_management2_32768201,34.39891304347826,2.0535834,4.222333,85.34017,0.0,229,maturity,0.0,False
2024-11-26,consortium2_ELMED_9961572_management2_32768201,34.31157894736842,2.2973332,4.65775,93.91483,36.399998,230,maturity,0.0,False
2024-11-27,consortium2_ELMED_9961572_management2_32768201,34.251063829787235,2.8473334,6.061917,90.4412,0.0,231,maturity,0.0,False
2024-11-28,consortium2_ELMED_9961572_management2_32768201,34.28617021276595,4.064,5.399417,95.48943,10.400001,232,maturity,0.0,False
2024-11-29,consortium2_ELMED_9961572_management2_32768201,34.2378947368421,3.64525,3.89525,71.18706,0.0,233,maturity,0.0,False
2024-11-30,consortium2_ELMED_9961572_management2_32768201,34.19166666666667,2.5744166,2.8848333,65.405785,0.0,234,maturity,0.0,False
2024-12-01,consortium2_ELMED_9961572_management2_32768201,34.125263157894736,2.1910834,2.70775,63.073086,0.0,235,maturity,0.0,False
2024-12-02,consortium2_ELMED_9961572_management2_32768201,34.04526315789474,1.0348334,2.7931669,59.0835,0.0,236,maturity,0.0,False
2024-12-03,consortium2_ELMED_9961572_management2_32768201,33.932978723404254,2.3285832,3.3306665,78.513336,0.0,237,maturity,0.0,False
2024-12-04,consortium2_ELMED_9961572_management2_32768201,33.89052631578947,3.4390001,5.3035836,77.03109,0.0,238,maturity,0.0,False
2024-12-05,consortium2_ELMED_9961572_management2_32768201,33.85375,3.2494166,2.4556668,62.58608,0.0,239,maturity,0.0,False
2024-12-06,consortium2_ELMED_9961572_management2_32768201,33.8,2.2973332,3.19525,64.16619,18.199999,240,maturity,0.0,False
2024-12-07,consortium2_ELMED_9961572_management2_32768201,33.74166666666667,3.2056665,2.9765,57.542088,31.2,241,maturity,0.0,False
2024-12-08,consortium2_ELMED_9961572_management2_32768201,33.590625,3.20775,3.2765002,89.43254,561.60004,242,maturity,0.0,False
2024-12-09,consortium2_ELMED_9961572_management2_32768201,33.821875,3.4848332,4.0098333,78.4288,2.6000001,243,maturity,0.0,False
2024-12-10,consortium2_ELMED_9961572_management2_32768201,34.141666666666666,2.8681667,3.8723333,76.17156,0.0,244,maturity,0.0,False
2024-12-11,consortium2_ELMED_9961572_management2_32768201,34.41041666666667,2.4702501,1.1598334,79.94115,0.0,245,maturity,0.0,False
2024-12-12,consortium2_ELMED_9961572_management2_32768201,34.554736842105264,1.9119167,0.055666666,75.66791,0.0,246,maturity,0.0,False
2024-12-13,consortium2_ELMED_9961572_management2_32768201,34.66458333333333,0.8119167,0.2931667,70.5524,0.0,247,maturity,0.0,False
2024-12-14,consortium2_ELMED_9961572_management2_32768201,34.62947368421053,1.9306667,1.5931666,84.6798,20.800001,248,maturity,0.0,False
2024-12-15,consortium2_ELMED_9961572_management2_32768201,34.70947368421053,1.0765,0.76400006,73.964264,0.0,249,maturity,0.0,False
2024-12-16,consortium2_ELMED_9961572_management2_32768201,34.79032258064516,1.2244166,3.1202502,70.622955,0.0,250,maturity,0.0,False
2024-12-17,consortium2_ELMED_9961572_management2_32768201,34.8,1.6889999,2.7119167,78.440674,0.0,251,maturity,0.0,False
2024-12-18,consortium2_ELMED_9961572_management2_32768201,34.8,1.7431667,2.399417,71.75696,0.0,252,maturity,0.0,False
2024-12-19,consortium2_ELMED_9961572_management2_32768201,34.782978723404256,1.4410833,2.1223335,87.708405,291.19998,253,maturity,0.0,False
2024-12-20,consortium2_ELMED_9961572_management2_32768201,34.982608695652175,1.7931666,2.7494166,61.782715,70.200005,254,maturity,0.0,False
2024-12-21,consortium2_ELMED_9961572_management2_32768201,35.49032258064516,-0.4964167,-2.2630832,65.89232,0.0,255,maturity,0.0,False
2024-12-22,consortium2_ELMED_9961572_management2_32768201,35.68958333333334,0.62025005,-0.7776666,80.13262,67.6,256,maturity,0.0,False
2024-12-23,consortium2_ELMED_9961572_management2_32768201,35.770212765957446,0.45983335,-0.54225,64.92712,0.0,257,maturity,0.0,False
2024-12-24,consortium2_ELMED_9961572_management2_32768201,35.83404255319149,-0.38183334,-0.80266666,57.76854,0.0,258,maturity,0.0,False
2024-12-25,consortium2_ELMED_9961572_management2_32768201,35.89479166666666,0.689,-1.5130832,61.740116,0.0,259,maturity,0.0,False
2024-12-26,consortium2_ELMED_9961572_management2_32768201,35.9125,0.31191668,-0.7276666,55.754475,0.0,260,maturity,0.0,False
2024-12-27,consortium2_ELMED_9961572_management2_32768201,35.87872340425532,0.059833325,0.38275,55.852676,0.0,261,maturity,0.0,False
2024-12-28,consortium2_ELMED_9961572_management2_32768201,35.824468085106375,1.8244166,3.2765002,60.551674,0.0,262,maturity,0.0,False
2024-12-29,consortium2_ELMED_9961572_management2_32768201,35.759375,0.87025,3.7619169,61.49119,0.0,263,maturity,0.0,False
2024-12-30,consortium2_ELMED_9961572_management2_32768201,35.71458333333334,0.43900007,3.3431666,58.105225,0.0,264,maturity,0.0,False
2024-12-31,consortium2_ELMED_9961572_management2_32768201,35.68924731182796,0.43900007,3.2369165,55.62591,0.0,265,maturity,0.0,False
2025-01-01,consortium2_ELMED_9961572_management2_32768201,35.64947368421053,0.27233335,1.6994166,61.666996,0.0,266,maturity,0.0,False
2025-01-02,consortium2_ELMED_9961572_management2_32768201,35.55157894736842,1.189,2.4285834,89.3757,0.0,267,maturity,0.0,False
2025-01-03,consortium2_ELMED_9961572_management2_32768201,35.5,2.4806666,2.664,73.9053,10.400001,268,maturity,0.0,False
2025-01-04,consortium2_ELMED_9961572_management2_32768201,35.5063829787234,2.5577502,0.9140001,69.52392,0.0,269,maturity,0.0,False
2025-01-05,consortium2_ELMED_9961572_management2_32768201,35.44631578947369,2.2973332,1.1556666,89.13497,0.0,270,maturity,0.0,False
2025-01-06,consortium2_ELMED_9961572_management2_32768201,35.33020833333333,1.5556667,4.5994167,90.567,145.59999,271,maturity,0.0,False
2025-01-07,consortium2_ELMED_9961572_management2_32768201,35.49578947368421,2.77025,4.7869167,93.26507,288.6,272,maturity,0.0,False
2025-01-08,consortium2_ELMED_9961572_management2_32768201,36.815625,3.1785836,4.3327503,83.76245,13.0,273,maturity,0.0,False
2025-01-09,consortium2_ELMED_9961572_management2_32768201,38.140625,2.514,5.2723336,92.72497,163.8,274,maturity,0.0,False
2025-01-10,consortium2_ELMED_9961572_management2_32768201,38.82947368421053,3.2265,3.6535833,70.44168,10.400001,275,maturity,0.0,False
2025-01-11,consortium2_ELMED_9961572_management2_32768201,38.38936170212766,1.9723333,1.7140001,65.42486,0.0,276,maturity,0.0,False
2025-01-12,consortium2_ELMED_9961572_management2_32768201,38.05212765957447,2.8869169,0.6848334,48.33378,0.0,277,maturity,0.0,False
2025-01-13,consortium2_ELMED_9961572_management2_32768201,37.77666666666667,2.9848332,0.6306667,48.896805,0.0,278,maturity,0.0,False
2025-01-14,consortium2_ELMED_9961572_management2_32768201,37.60421052631579,1.2514999,0.98483336,48.752625,0.0,279,maturity,0.0,False
2025-01-15,consortium2_ELMED_9961572_management2_32768201,37.403157894736836,0.66608334,2.5848334,44.592327,0.0,280,maturity,0.0,False
2025-01-16,consortium2_ELMED_9961572_management2_32768201,37.19565217391305,3.1056669,3.6598334,64.61403,0.0,281,maturity,0.0,False
2025-01-17,consortium2_ELMED_9961572_management2_32768201,37.047916666666666,2.2973332,2.8265,69.800606,0.0,282,maturity,0.0,False
2025-01-18,consortium2_ELMED_9961572_management2_32768201,36.907446808510635,3.1869166,4.1119165,51.510933,0.0,283,maturity,0.0,False
2025-01-19,consortium2_ELMED_9961572_management2_32768201,36.753191489361704,3.6806667,6.2952495,73.48241,62.4,284,maturity,0.0,False
2025-01-20,consortium2_ELMED_9961572_management2_32768201,36.60957446808511,2.8452501,5.1014996,88.44411,7.8,285,maturity,0.0,False
2025-01-21,consortium2_ELMED_9961572_management2_32768201,36.59787234042553,2.85775,5.4598336,83.48645,7.8,286,maturity,0.0,False
2025-01-22,consortium2_ELMED_9961572_management2_32768201,36.53541666666667,2.4327502,4.0681667,88.16255,18.199999,287,maturity,0.0,False
2025-01-23,consortium2_ELMED_9961572_management2_32768201,36.39791666666667,2.7515001,4.2390003,96.645256,132.59999,288,maturity,0.0,False
2025-01-24,consortium2_ELMED_9961572_management2_32768201,36.4468085106383,2.4994166,4.6035833,82.01359,0.0,289,maturity,0.0,False
2025-01-25,consortium2_ELMED_9961572_management2_32768201,36.5,2.2098334,5.2390003,86.75532,0.0,290,maturity,0.0,False
2025-01-26,consortium2_ELMED_9961572_management2_32768201,36.50108695652174,3.1848333,5.3327503,94.6101,387.4,291,maturity,0.0,False
2025-01-27,consortium2_ELMED_9961572_management2_32768201,37.86105263157894,4.04525,5.280667,94.53796,400.4,292,maturity,0.0,False
2025-01-28,consortium2_ELMED_9961572_management2_32768201,44.34468085106383,4.774417,6.509834,89.88948,798.19995,293,maturity,0.0,False
2025-01-29,consortium2_ELMED_9961572_management2_32768201,42.36421052631579,4.3514996,4.9556665,83.75038,0.0,294,maturity,0.0,False
2025-01-30,consortium2_ELMED_9961572_management2_32768201,41.51979166666667,4.53275,5.3619165,79.65944,0.0,295,maturity,0.0,False
2025-01-31,consortium2_ELMED_9961572_management2_32768201,39.840624999999996,3.9973333,5.3306665,78.28938,23.400002,296,maturity,0.0,False
2025-02-01,consortium2_ELMED_9961572_management2_32768201,39.21052631578947,4.872333,6.2577496,86.99447,119.6,297,maturity,0.0,False
2025-02-02,consortium2_ELMED_9961572_management2_32768201,39.004347826086956,4.334833,4.9890003,80.939926,0.0,298,maturity,0.0,False
2025-02-03,consortium2_ELMED_9961572_management2_32768201,38.76631578947369,4.1119165,5.249417,70.371284,0.0,299,maturity,0.0,False
2025-02-04,consortium2_ELMED_9961572_management2_32768201,38.509473684210526,4.184833,4.5369167,70.52411,0.0,300,maturity,0.0,False
2025-02-05,consortium2_ELMED_9961572_management2_32768201,38.30105263157895,4.124417,5.53275,59.474205,0.0,301,maturity,0.0,False
2025-02-06,consortium2_ELMED_9961572_management2_32768201,38.115625,3.8015,5.434833,56.998,0.0,302,maturity,0.0,False
2025-02-07,consortium2_ELMED_9961572_management2_32768201,37.915789473684214,3.8140001,3.3265,72.392815,0.0,303,maturity,0.0,False
2025-02-08,consortium2_ELMED_9961572_management2_32768201,37.751041666666666,3.6556666,3.6910834,82.773674,39.0,304,maturity,0.0,False
2025-02-09,consortium2_ELMED_9961572_management2_32768201,37.93541666666667,4.1994166,4.999417,94.01942,392.6,305,maturity,0.0,False
2025-02-10,consortium2_ELMED_9961572_management2_32768201,39.76145833333333,6.1140003,7.7577496,83.28382,20.800001,306,maturity,0.0,False
2025-02-11,consortium2_ELMED_9961572_management2_32768201,39.75212765957447,6.9014997,7.759834,90.43436,49.399998,307,maturity,0.0,False
2025-02-12,consortium2_ELMED_9961572_management2_32768201,39.317708333333336,7.189,8.316084,85.32096,13.0,308,maturity,0.0,False
2025-02-13,consortium2_ELMED_9961572_management2_32768201,39.03617021276596,7.2556667,7.7639995,86.35512,2.6000001,309,maturity,0.0,False
2025-02-14,consortium2_ELMED_9961572_management2_32768201,38.81263157894737,5.641083,5.0494165,69.69105,270.4,310,maturity,0.0,False
2025-02-15,consortium2_ELMED_9961572_management2_32768201,38.520212765957446,3.4306667,2.6660833,57.731113,0.0,311,maturity,0.0,False
2025-02-16,consortium2_ELMED_9961572_management2_32768201,38.26315789473684,3.5473332,3.0181665,79.79317,0.0,312,maturity,0.0,False
2025-02-17,consortium2_ELMED_9961572_management2_32768201,38.030208333333334,3.7202501,2.5473332,76.8135,0.0,313,maturity,0.0,False
2025-02-18,consortium2_ELMED_9961572_management2_32768201,37.84631578947368,4.0119166,2.5952501,74.21932,0.0,314,maturity,0.0,False
2025-02-19,consortium2_ELMED_9961572_management2_32768201,37.68369565217392,3.4306667,1.8931668,73.26969,0.0,315,maturity,0.0,False
2025-02-20,consortium2_ELMED_9961572_management2_32768201,37.543157894736844,2.4473333,3.5952501,72.072556,0.0,316,maturity,0.0,False
2025-02-21,consortium2_ELMED_9961572_management2_32768201,37.39042553191489,1.8848335,6.2452497,64.90872,0.0,317,maturity,0.0,False
2025-02-22,consortium2_ELMED_9961572_management2_32768201,37.264210526315786,3.1556666,5.668167,81.69953,0.0,318,maturity,0.0,False
2025-02-23,consortium2_ELMED_9961572_management2_32768201,37.18387096774194,5.3598332,7.3931665,81.554085,0.0,319,maturity,0.0,False
2025-02-24,consortium2_ELMED_9961572_management2_32768201,37.11195652173913,6.9535837,8.649416,79.56839,5.2000003,320,maturity,0.0,False
2025-02-25,consortium2_ELMED_9961572_management2_32768201,36.9936170212766,8.318167,9.743166,88.09532,72.799995,321,maturity,0.0,False
2025-02-26,consortium2_ELMED_9961572_management2_32768201,36.857894736842105,7.6910834,8.934834,87.137054,114.4,322,maturity,0.0,False
2025-02-27,consortium2_ELMED_9961572_management2_32768201,36.94210526315789,7.091083,8.297334,68.603134,0.0,323,maturity,0.0,False
2025-02-28,consortium2_ELMED_9961572_management2_32768201,36.98842105263158,7.014,7.28275,73.43726,41.600002,324,maturity,0.0,False
2025-03-01,consortium2_ELMED_9961572_management2_32768201,36.95591397849462,6.7848334,6.92025,66.21844,5.2000003,325,maturity,0.0,False
2025-03-02,consortium2_ELMED_9961572_management2_32768201,36.84787234042553,5.868167,6.92025,61.65694,0.0,326,maturity,0.0,False
2025-03-03,consortium2_ELMED_9961572_management2_32768201,36.78695652173913,6.03275,7.09525,68.05231,0.0,327,maturity,0.0,False
2025-03-04,consortium2_ELMED_9961572_management2_32768201,36.69784946236559,6.6285834,8.022333,63.83048,0.0,328,maturity,0.0,False
2025-03-05,consortium2_ELMED_9961572_management2_32768201,36.61758241758242,7.10775,9.6265,53.762016,0.0,329,maturity,0.0,False
2025-03-06,consortium2_ELMED_9961572_management2_32768201,36.531182795698925,7.386917,9.65775,54.94763,0.0,330,maturity,0.0,False
2025-03-07,consortium2_ELMED_9961572_management2_32768201,36.43626373626373,7.3181663,9.239,56.57866,0.0,331,maturity,0.0,False
2025-03-08,consortium2_ELMED_9961572_management2_32768201,36.32365591397849,7.3973336,9.497334,54.814857,0.0,332,maturity,0.0,False
2025-03-09,consortium2_ELMED_9961572_management2_32768201,36.19255319148936,8.318167,11.02025,55.752487,0.0,333,maturity,0.0,False
2025-03-10,consortium2_ELMED_9961572_management2_32768201,35.965624999999996,8.747334,9.716084,75.722015,455.0,334,maturity,0.0,False
2025-03-11,consortium2_ELMED_9961572_management2_32768201,36.067708333333336,9.255667,10.724417,72.99798,13.0,335,maturity,0.0,False
2025-03-12,consortium2_ELMED_9961572_management2_32768201,36.35744680851064,9.447333,10.551499,81.01232,322.4,336,maturity,0.0,False
2025-03-13,consortium2_ELMED_9961572_management2_32768201,39.289361702127664,9.186917,9.605667,78.52266,127.4,337,maturity,0.0,False
2025-03-14,consortium2_ELMED_9961572_management2_32768201,41.36631578947369,8.455667,9.134833,81.92681,176.8,338,maturity,0.0,False
2025-03-15,consortium2_ELMED_9961572_management2_32768201,43.05263157894737,8.826501,10.1952505,80.79867,275.6,339,maturity,0.0,False
2025-03-16,consortium2_ELMED_9961572_management2_32768201,44.21770833333333,8.814,9.509833,74.3155,192.40001,340,maturity,0.0,False
2025-03-17,consortium2_ELMED_9961572_management2_32768201,42.259574468085106,8.061917,8.647333,66.38569,5.2000003,341,maturity,0.0,False
2025-03-18,consortium2_ELMED_9961572_management2_32768201,40.44583333333333,6.559833,5.591083,68.45861,0.0,342,maturity,0.0,False
2025-03-19,consortium2_ELMED_9961572_management2_32768201,39.29270833333333,6.0702496,6.314,66.048996,0.0,343,maturity,0.0,False
2025-03-20,consortium2_ELMED_9961572_management2_32768201,38.82105263157895,6.7452497,6.947334,69.52764,0.0,344,maturity,0.0,False
2025-03-21,consortium2_ELMED_9961572_management2_32768201,38.4178947368421,7.6452503,8.005667,72.892815,0.0,345,maturity,0.0,False
2025-03-22,consortium2_ELMED_9961572_management2_32768201,38.06979166666667,8.884833,10.272334,80.52007,205.40001,346,maturity,0.0,False
2025-03-23,consortium2_ELMED_9961572_management2_32768201,37.981914893617024,8.966084,9.797334,83.296684,249.6,347,maturity,0.0,False
2025-03-24,consortium2_ELMED_9961572_management2_32768201,38.248958333333334,9.353583,10.922334,69.495895,0.0,348,maturity,0.0,False
2025-03-25,consortium2_ELMED_9961572_management2_32768201,38.228421052631575,9.397333,10.972332,70.36339,7.8,349,maturity,0.0,False
2025-03-26,consortium2_ELMED_9961572_management2_32768201,38.08085106382978,9.384833,11.153584,64.4967,0.0,350,maturity,0.0,False
2025-03-27,consortium2_ELMED_9961572_management2_32768201,37.892631578947366,9.9765005,12.005667,56.940567,0.0,351,maturity,0.0,False
2025-03-28,consortium2_ELMED_9961572_management2_32768201,37.69893617021276,10.324417,12.116084,59.505436,20.800001,352,maturity,0.0,False
2025-03-29,consortium2_ELMED_9961572_management2_32768201,37.47234042553192,10.366084,11.730667,74.435776,93.600006,353,maturity,0.0,False
2025-03-30,consortium2_ELMED_9961572_management2_32768201,37.301086956521736,11.918167,13.432751,59.725418,5.2000003,354,maturity,0.0,False
2025-03-31,consortium2_ELMED_9961572_management2_32768201,37.107368421052634,10.630667,10.830667,46.758385,0.0,355,maturity,0.0,False
2025-04-01,consortium2_ELMED_9961572_management2_32768201,36.764210526315786,8.949417,8.8015,49.396996,2.6000001,356,maturity,0.0,False
2025-04-02,consortium2_ELMED_9961572_management2_32768201,36.38333333333333,10.903584,12.343166,60.39595,98.8,357,maturity,0.0,False
2025-04-03,consortium2_ELMED_9961572_management2_32768201,36.03404255319149,11.061916,12.653584,68.86156,0.0,358,maturity,0.0,False
2025-04-04,consortium2_ELMED_9961572_management2_32768201,35.64631578947368,11.614,13.628582,63.70068,0.0,359,maturity,0.0,False
2025-04-05,consortium2_ELMED_9961572_management2_32768201,35.234042553191486,12.870251,14.295249,67.912605,0.0,360,maturity,0.0,False
2025-04-06,consortium2_ELMED_9961572_management2_32768201,34.71170212765958,12.568167,13.051499,58.885803,0.0,361,maturity,0.0,False
2025-04-07,consortium2_ELMED_9961572_management2_32768201,34.101052631578945,10.011917,8.599417,63.755714,0.0,362,maturity,0.0,False
2025-04-08,consortium2_ELMED_9961572_management2_32768201,33.55591397849462,9.141084,8.418167,66.90424,0.0,363,maturity,0.0,False
2025-04-09,consortium2_ELMED_9961572_management2_32768201,33.00869565217391,9.239,9.672334,66.31294,2.6000001,364,maturity,0.0,False
2025-04-10,consortium2_ELMED_9961572_management2_32768201,32.45,10.680666,11.58275,64.74633,0.0,365,maturity,0.0,False
2025-04-11,consortium2_ELMED_9961572_management2_32768201,31.834374999999998,11.795249,14.120251,60.14352,0.0,366,maturity,0.0,False
2025-04-12,consortium2_ELMED_9961572_management2_32768201,31.110526315789475,13.247334,15.543167,68.33112,0.0,367,maturity,0.0,False
2025-04-13,consortium2_ELMED_9961572_management2_32768201,30.557291666666668,12.89525,13.811916,79.75591,117.0,368,maturity,0.0,False
2025-04-14,consortium2_ELMED_9961572_management2_32768201,30.344210526315788,13.278584,14.218165,81.252594,148.20001,369,maturity,0.0,False
2025-04-15,consortium2_ELMED_9961572_management2_32768201,30.06526315789474,13.099417,14.436916,82.69848,231.40001,370,maturity,0.0,False
2025-04-16,consortium2_ELMED_9961572_management2_32768201,30.23229166666667,13.653584,14.434834,83.98966,241.79999,371,maturity,0.0,False
2025-04-17,consortium2_ELMED_9961572_management2_32768201,36.875,12.857749,12.980667,89.15416,962.0,372,maturity,0.0,False
2025-04-18,consortium2_ELMED_9961572_management2_32768201,42.99157894736842,12.466084,13.159832,75.56534,10.400001,373,maturity,0.0,False
2025-04-19,consortium2_ELMED_9961572_management2_32768201,41.102105263157895,13.155666,13.828584,73.75769,2.6000001,374,maturity,0.0,False
2025-04-20,consortium2_ELMED_9961572_management2_32768201,39.54270833333333,13.6265,14.341084,76.31949,18.199999,375,maturity,0.0,False
2025-04-21,consortium2_ELMED_9961572_management2_32768201,38.45,12.422334,13.155666,78.89673,88.4,376,maturity,0.0,False
2025-04-22,consortium2_ELMED_9961572_management2_32768201,37.983333333333334,13.464,15.4765005,68.41225,109.2,377,maturity,0.0,False
2025-04-23,consortium2_ELMED_9961572_management2_32768201,37.56875,14.207749,15.303584,76.75306,143.0,378,maturity,0.0,False
2025-04-24,consortium2_ELMED_9961572_management2_32768201,37.42526315789474,14.553584,15.061916,74.83383,101.4,379,maturity,0.0,False
2025-04-25,consortium2_ELMED_9961572_management2_32768201,37.88210526315789,13.97025,14.409832,61.764763,7.8,380,maturity,0.0,False
2025-04-26,consortium2_ELMED_9961572_management2_32768201,37.94736842105263,13.468165,14.497334,67.44578,338.0,381,maturity,0.0,False
2025-04-27,consortium2_ELMED_9961572_management2_32768201,37.80315789473684,14.641084,15.5077505,71.028366,210.6,382,maturity,0.0,False
2025-04-28,consortium2_ELMED_9961572_management2_32768201,37.766666666666666,14.401501,15.420249,77.53156,70.200005,383,maturity,0.0,False
2025-04-29,consortium2_ELMED_9961572_management2_32768201,37.696875,15.114,16.68275,69.70643,0.0,384,maturity,0.0,False
2025-04-30,consortium2_ELMED_9961572_management2_32768201,37.575,15.772334,17.961916,63.73552,0.0,385,maturity,0.0,False
2025-05-01,consortium2_ELMED_9961572_management2_32768201,37.453125,16.541082,18.843166,67.03079,2.6000001,386,maturity,0.0,False
2025-05-02,consortium2_ELMED_9961572_management2_32768201,37.27263157894737,17.105667,19.409834,68.4575,0.0,387,maturity,0.0,False
2025-05-03,consortium2_ELMED_9961572_management2_32768201,37.036458333333336,17.0765,19.249416,59.477375,0.0,388,maturity,0.0,False
2025-05-04,consortium2_ELMED_9961572_management2_32768201,36.739583333333336,15.947333,17.251501,72.466,221.0,389,maturity,0.0,False
2025-05-05,consortium2_ELMED_9961572_management2_32768201,36.41157894736842,15.528584,15.518167,84.62879,358.80002,390,maturity,0.0,False
2025-05-06,consortium2_ELMED_9961572_management2_32768201,36.16458333333333,14.418167,14.393167,84.0703,535.60004,391,maturity,0.0,False
2025-05-07,consortium2_ELMED_9961572_management2_32768201,36.053125,13.622334,13.309834,89.7977,647.39996,392,maturity,0.0,False
2025-05-08,consortium2_ELMED_9961572_management2_32768201,36.978125,13.026501,12.580667,85.41549,296.40002,393,maturity,0.0,False
2025-05-09,consortium2_ELMED_9961572_management2_32768201,37.848958333333336,13.9452505,13.526501,79.57996,210.59999,394,maturity,0.0,False
2025-05-10,consortium2_ELMED_9961572_management2_32768201,37.8375,14.036917,14.003582,78.07624,5.2000003,395,maturity,0.0,False
2025-05-11,consortium2_ELMED_9961572_management2_32768201,37.64479166666667,14.766084,15.453584,71.877914,0.0,396,maturity,0.0,False
2025-05-12,consortium2_ELMED_9961572_management2_32768201,37.322105263157894,15.493166,15.909832,73.680305,0.0,397,maturity,0.0,False
2025-05-13,consortium2_ELMED_9961572_management2_32768201,37.012499999999996,14.870251,14.847332,84.52101,257.4,398,maturity,0.0,False
2025-05-14,consortium2_ELMED_9961572_management2_32768201,36.752631578947366,14.855667,15.534832,77.38813,5.2000003,399,maturity,0.0,False
2025-05-15,consortium2_ELMED_9961572_management2_32768201,36.463541666666664,15.655665,16.603582,67.951996,0.0,400,maturity,0.0,False
2025-05-16,consortium2_ELMED_9961572_management2_32768201,36.04468085106383,14.516084,13.961916,57.57806,0.0,401,maturity,0.0,False
2025-05-17,consortium2_ELMED_9961572_management2_32768201,35.590425531914896,13.897334,13.949417,63.848206,2.6000001,402,maturity,0.0,False
2025-05-18,consortium2_ELMED_9961572_management2_32768201,35.10967741935484,14.093166,14.90775,70.1301,5.2000003,403,maturity,0.0,False
2025-05-19,consortium2_ELMED_9961572_management2_32768201,34.5404255319149,15.888999,17.030666,73.00825,20.800001,404,maturity,0.0,False
2025-05-20,consortium2_ELMED_9961572_management2_32768201,34.071276595744685,17.274416,17.04525,76.67926,7.8,405,maturity,0.0,False
2025-05-21,consortium2_ELMED_9961572_management2_32768201,33.803225806451614,16.82025,16.572332,78.36235,46.800003,406,maturity,0.0,False
2025-05-22,consortium2_ELMED_9961572_management2_32768201,37.046236559139786,14.107749,14.03275,90.69967,629.19995,407,maturity,0.0,False
2025-05-23,consortium2_ELMED_9961572_management2_32768201,39.20947368421053,14.405665,14.364,69.30134,2.6000001,408,maturity,0.0,False
2025-05-24,consortium2_ELMED_9961572_management2_32768201,38.22903225806452,14.40775,13.780666,76.330185,36.4,409,maturity,0.0,False
2025-05-25,consortium2_ELMED_9961572_management2_32768201,37.63548387096774,15.013999,15.239,75.291275,0.0,410,maturity,0.0,False
2025-05-26,consortium2_ELMED_9961572_management2_32768201,37.08021978021978,16.172335,17.168167,75.03072,31.2,411,maturity,0.0,False
2025-05-27,consortium2_ELMED_9961572_management2_32768201,36.7,15.2515,15.899416,81.21834,122.2,412,maturity,0.0,False
2025-05-27,consortium2_ELMED_9961572_management2_32833738,36.825641025641026,15.2515,15.899416,81.21834,122.2,0,establishment,0.0,False
2025-05-28,consortium2_ELMED_9961572_management2_32833738,37.11684210526316,16.218168,17.45775,76.18318,0.0,1,establishment,0.0,False
2025-05-29,consortium2_ELMED_9961572_management2_32833738,36.73368421052631,17.286917,17.930666,65.92857,0.0,2,establishment,0.0,False
2025-05-30,consortium2_ELMED_9961572_management2_32833738,36.14105263157895,18.216084,19.88483,64.55572,0.0,3,establishment,0.0,False
2025-05-31,consortium2_ELMED_9961572_management2_32833738,35.610416666666666,19.503584,20.62025,73.809135,0.0,4,establishment,0.0,False
2025-06-01,consortium2_ELMED_9961572_management2_32833738,35.24148936170213,20.103584,21.38483,75.96186,54.6,5,establishment,0.0,False
2025-06-02,consortium2_ELMED_9961572_management2_32833738,34.92631578947368,20.289,20.486917,79.75924,23.400002,6,establishment,0.0,False
2025-06-03,consortium2_ELMED_9961572_management2_32833738,34.561458333333334,19.92025,20.599417,76.78479,44.2,7,establishment,0.0,False
2025-06-04,consortium2_ELMED_9961572_management2_32833738,34.12708333333333,19.35775,19.934834,78.57434,88.4,8,establishment,0.0,False
2025-06-05,consortium2_ELMED_9961572_management2_32833738,33.780208333333334,19.147333,19.318167,80.21052,127.4,9,establishment,0.0,False
2025-06-06,consortium2_ELMED_9961572_management2_32833738,33.66063829787234,19.828585,20.455667,78.00461,2.6000001,10,establishment,0.0,False
2025-06-07,consortium2_ELMED_9961572_management2_32833738,33.51894736842105,20.230665,21.28275,74.883514,15.6,11,establishment,0.0,False
2025-06-08,consortium2_ELMED_9961572_management2_32833738,33.14895833333333,21.043165,21.518167,77.73103,28.6,12,establishment,0.0,False
2025-06-09,consortium2_ELMED_9961572_management2_32833738,32.64947368421053,20.986917,21.584831,57.960022,0.0,13,establishment,0.0,False
2025-06-10,consortium2_ELMED_9961572_management2_32833738,32.07578947368421,21.549417,21.828583,68.26961,0.0,14,establishment,0.0,False
2025-06-11,consortium2_ELMED_9961572_management2_32833738,31.44736842105263,22.83275,24.1765,62.602016,7.8,15,vegetative,0.0,False
2025-06-12,consortium2_ELMED_9961572_management2_32833738,30.678124999999998,24.249418,25.15775,59.18206,0.0,16,vegetative,0.0,False
2025-06-13,consortium2_ELMED_9961572_management2_32833738,29.792708333333334,25.141083,26.328583,59.50858,0.0,17,vegetative,0.0,False
2025-06-14,consortium2_ELMED_9961572_management2_32833738,28.937894736842104,25.764,26.691084,63.803326,20.800001,18,vegetative,0.0,False
2025-06-15,consortium2_ELMED_9961572_management2_32833738,28.134736842105266,25.943167,26.659834,56.396423,15.6,19,vegetative,0.0,False
2025-06-16,consortium2_ELMED_9961572_management2_32833738,27.77021276595745,23.859833,22.7015,66.68965,13.0,20,vegetative,0.0,False
2025-06-17,consortium2_ELMED_9961572_management2_32833738,27.57872340425532,23.647331,23.007751,51.450768,23.400002,21,vegetative,0.0,False
2025-06-18,consortium2_ELMED_9961572_management2_32833738,27.53157894736842,24.749418,24.830667,53.697247,0.0,22,vegetative,0.0,False
2025-06-19,consortium2_ELMED_9961572_management2_32833738,27.34315789473684,25.678581,26.1265,58.871883,15.6,23,vegetative,0.0,False
2025-06-20,consortium2_ELMED_9961572_management2_32833738,27.353763440860217,25.993166,26.0765,58.466537,52.0,24,vegetative,0.0,False
2025-06-21,consortium2_ELMED_9961572_management2_32833738,27.287096774193547,25.364,24.9515,60.432247,26.0,25,vegetative,0.0,False
2025-06-22,consortium2_ELMED_9961572_management2_32833738,27.347368421052632,25.60775,25.324415,60.915096,0.0,26,vegetative,0.0,False
2025-06-23,consortium2_ELMED_9961572_management2_32833738,27.207291666666666,26.272331,26.861917,52.623653,0.0,27,vegetative,0.0,False
2025-06-24,consortium2_ELMED_9961572_management2_32833738,28.62,26.653582,26.9515,56.959183,0.0,28,vegetative,0.0,False
2025-06-25,consortium2_ELMED_9961572_management2_32833738,28.365263157894734,27.39525,27.724417,61.72908,28.6,29,vegetative,0.0,False
2025-06-26,consortium2_ELMED_9961572_management2_32833738,27.80322580645161,27.255667,26.484833,67.837105,62.4,30,vegetative,0.0,False
2025-06-27,consortium2_ELMED_9961572_management2_32833738,27.273684210526316,27.059832,26.655668,53.911026,0.0,31,vegetative,0.0,False
2025-06-28,consortium2_ELMED_9961572_management2_32833738,26.450526315789475,28.272331,28.807749,47.96421,0.0,32,vegetative,0.0,False
2025-06-29,consortium2_ELMED_9961572_management2_32833738,25.7,28.614,29.097334,52.452713,0.0,33,vegetative,0.0,False
2025-06-30,consortium2_ELMED_9961572_management2_32833738,25.72826086956522,28.189,28.143166,56.542564,49.399998,34,vegetative,0.0,False
2025-07-01,consortium2_ELMED_9961572_management2_32833738,26.52659574468085,27.838999,27.503584,52.2856,2.6000001,35,vegetative,0.0,False
2025-07-02,consortium2_ELMED_9961572_management2_32833738,26.692391304347826,26.03275,26.709831,57.544086,2.6000001,36,vegetative,0.0,False
2025-07-03,consortium2_ELMED_9961572_management2_32833738,28.07340425531915,25.364,26.870249,58.31134,0.0,37,vegetative,0.0,False
2025-07-04,consortium2_ELMED_9961572_management2_32833738,28.153191489361703,25.536917,26.999418,57.569588,2.6000001,38,vegetative,0.0,False
2025-07-05,consortium2_ELMED_9961572_management2_32833738,29.04105263157895,25.222334,24.968168,65.98424,7.8,39,vegetative,0.0,False
2025-07-06,consortium2_ELMED_9961572_management2_32833738,30.371428571428574,23.016083,22.164001,77.13195,169.0,40,vegetative,0.0,False
2025-07-07,consortium2_ELMED_9961572_management2_32833738,37.59148936170212,22.543165,21.799417,76.00555,390.0,41,vegetative,0.0,False
2025-07-08,consortium2_ELMED_9961572_management2_32833738,36.82365591397849,18.891085,16.95775,76.38483,208.0,42,vegetative,0.0,False
2025-07-09,consortium2_ELMED_9961572_management2_32833738,36.957608695652176,18.491083,18.472334,55.227455,0.0,43,vegetative,0.0,False
2025-07-10,consortium2_ELMED_9961572_management2_32833738,35.96736842105263,20.124418,20.47025,48.523357,0.0,44,vegetative,0.0,False
2025-07-11,consortium2_ELMED_9961572_management2_32833738,34.986170212765956,20.930666,20.59525,61.519405,54.6,45,flowering,0.0,False
2025-07-12,consortium2_ELMED_9961572_management2_32833738,34.147872340425536,21.203585,20.972334,67.294716,114.4,46,flowering,0.0,False
2025-07-13,consortium2_ELMED_9961572_management2_32833738,33.33118279569893,22.424417,21.872335,72.09059,83.200005,47,flowering,0.0,False
2025-07-14,consortium2_ELMED_9961572_management2_32833738,32.705263157894734,23.243166,22.843168,70.11319,26.0,48,flowering,0.0,False
2025-07-15,consortium2_ELMED_9961572_management2_32833738,31.594565217391303,24.28275,24.599417,65.16203,0.0,49,flowering,0.0,False
2025-07-16,consortium2_ELMED_9961572_management2_32833738,30.473684210526315,24.093168,23.253584,70.69296,52.0,50,flowering,0.0,False
2025-07-17,consortium2_ELMED_9961572_management2_32833738,29.401052631578946,24.378584,23.2515,57.56984,0.0,51,flowering,0.0,False
2025-07-18,consortium2_ELMED_9961572_management2_32833738,28.04787234042553,24.603584,24.178581,56.252357,0.0,52,flowering,0.0,False
2025-07-19,consortium2_ELMED_9961572_management2_32833738,27.36063829787234,24.830667,24.666084,61.79949,13.0,53,flowering,0.0,False
2025-07-20,consortium2_ELMED_9961572_management2_32833738,27.512765957446806,25.686918,25.32025,63.274246,36.399998,54,flowering,0.0,False
2025-07-21,consortium2_ELMED_9961572_management2_32833738,30.375531914893617,23.59525,22.897331,76.12629,546.0,55,flowering,0.0,False
2025-07-22,consortium2_ELMED_9961572_management2_32833738,36.684946236559135,23.561918,23.8765,61.315514,5.2000003,56,flowering,0.0,False
2025-07-23,consortium2_ELMED_9961572_management2_32833738,35.1258064516129,24.484833,23.976501,66.38381,93.6,57,flowering,0.0,False
2025-07-24,consortium2_ELMED_9961572_management2_32833738,39.90217391304348,23.166084,22.709831,68.85121,75.4,58,flowering,0.0,False
2025-07-25,consortium2_ELMED_9961572_management2_32833738,39.62315789473684,20.797335,20.505667,73.35492,143.0,59,flowering,0.0,False
2025-07-26,consortium2_ELMED_9961572_management2_32833738,37.94782608695652,20.4015,19.7515,78.0396,114.4,60,flowering,0.0,False
2025-07-27,consortium2_ELMED_9961572_management2_32833738,37.02127659574468,21.28275,21.709831,62.457825,0.0,61,flowering,0.0,False
2025-07-28,consortium2_ELMED_9961572_management2_32833738,36.42765957446808,19.91608,19.316084,74.76586,59.8,62,flowering,0.0,False
2025-07-29,consortium2_ELMED_9961572_management2_32833738,35.843010752688166,22.09525,21.593168,49.171597,0.0,63,flowering,0.0,False
2025-07-30,consortium2_ELMED_9961572_management2_32833738,35.31797752808989,20.843166,19.914,66.626434,26.0,64,flowering,0.0,False
2025-07-31,consortium2_ELMED_9961572_management2_32833738,35.12872340425532,21.891083,20.90775,67.27571,2.6000001,65,flowering,0.0,False
2025-08-01,consortium2_ELMED_9961572_management2_32833738,34.97659574468085,21.5765,20.430666,75.69997,59.8,66,flowering,0.0,False
2025-08-03,consortium2_ELMED_9961572_management2_32833738,38.358064516129026,18.868166,19.536917,63.366783,7.8,68,flowering,0.0,False
2025-08-04,consortium2_ELMED_9961572_management2_32833738,37.80227272727273,19.539,20.32025,66.05547,0.0,69,flowering,0.0,False
2025-08-05,consortium2_ELMED_9961572_management2_32833738,36.97692307692308,21.203585,22.647331,69.09941,0.0,70,maturity,0.0,False
2025-08-06,consortium2_ELMED_9961572_management2_32833738,36.38202247191011,22.111916,22.366081,74.89145,80.600006,71,maturity,0.0,False
2025-08-07,consortium2_ELMED_9961572_management2_32833738,35.77978723404256,22.6765,22.64525,73.936066,0.0,72,maturity,0.0,False
2025-08-08,consortium2_ELMED_9961572_management2_32833738,35.11264367816092,24.611916,25.218168,67.14283,0.0,73,maturity,0.0,False
2025-08-09,consortium2_ELMED_9961572_management2_32833738,34.4370786516854,26.424417,27.73275,59.67108,0.0,74,maturity,0.0,False
2025-08-10,consortium2_ELMED_9961572_management2_32833738,33.67826086956522,27.484833,29.33275,52.171814,0.0,75,maturity,0.0,False
2025-08-11,consortium2_ELMED_9961572_management2_32833738,32.788372093023256,27.418165,28.84525,52.380672,36.399998,76,maturity,0.0,False
2025-08-12,consortium2_ELMED_9961572_management2_32833738,31.89325842696629,27.441084,28.39525,57.26894,7.8,77,maturity,0.0,False
2025-08-13,consortium2_ELMED_9961572_management2_32833738,31.055913978494623,27.441084,28.624418,58.069805,0.0,78,maturity,0.0,False
2025-08-14,consortium2_ELMED_9961572_management2_32833738,30.225806451612904,27.10775,27.747335,56.36188,0.0,79,maturity,0.0,False
2025-08-15,consortium2_ELMED_9961572_management2_32833738,29.252747252747252,26.936918,27.29525,51.525597,0.0,80,maturity,0.0,False
2025-08-16,consortium2_ELMED_9961572_management2_32833738,31.228089887640447,26.382751,26.811918,49.489395,0.0,81,maturity,0.0,False
2025-08-17,consortium2_ELMED_9961572_management2_32833738,39.02619047619047,25.351501,25.90775,48.075317,0.0,82,maturity,0.0,False
2025-08-18,consortium2_ELMED_9961572_management2_32833738,37.7,24.314,24.261915,61.4866,41.600002,83,maturity,0.0,False
2025-08-19,consortium2_ELMED_9961572_management2_32833738,38.73176470588235,24.786917,24.049417,66.55403,176.79999,84,maturity,0.0,False
2025-08-20,consortium2_ELMED_9961572_management2_32833738,37.54470588235294,22.424417,21.491081,79.83866,119.6,85,maturity,0.0,False
2025-08-21,consortium2_ELMED_9961572_management2_32833738,37.079268292682926,20.753584,19.74525,83.375626,145.59999,86,maturity,0.0,False
2025-08-22,consortium2_ELMED_9961572_management2_32833738,36.0,21.47025,21.305666,72.5888,96.2,87,maturity,0.0,False
2025-08-23,consortium2_ELMED_9961572_management2_32833738,34.91724137931034,20.391085,19.589,79.2553,65.0,88,maturity,0.0,False
2025-08-24,consortium2_ELMED_9961572_management2_32833738,33.85274725274725,20.034834,19.82025,69.19201,15.6,89,maturity,0.0,False
2025-08-25,consortium2_ELMED_9961572_management2_32833738,33.3,20.584831,20.772331,68.65785,0.0,90,maturity,0.0,False
