timestamp,plot_id,soil_moisture_pct,soil_temp_c,air_temp_c,air_humidity_pct,rainfall_mm_24h,days_since_planting,crop_growth_stage,water_applied_l,irrigated_next_flag
2023-01-01 01:00:00,crop_cotton,40.07,,41.83,76.41,1844.45,0,maturity,0.0,False
2023-01-01 02:00:00,crop_cotton,18.58,,22.38,86.44,1875.63,0,maturity,0.0,False
2023-01-01 09:00:00,crop_cotton,18.99,,17.28,63.89,1501.77,0,flowering,0.0,False
2023-01-01 10:30:00,crop_cotton,55.43,,14.47,31.11,655.16,0,maturity,0.0,False
2023-01-01 13:00:00,crop_cotton,25.34,,14.14,45.88,989.53,0,flowering,0.0,False
2023-01-01 14:30:00,crop_cotton,28.88,,41.14,65.43,1484.42,0,vegetative,0.0,False
2023-01-01 16:00:00,crop_cotton,10.35,,15.18,90.11,1762.82,0,vegetative,0.0,False
2023-01-01 18:30:00,crop_cotton,34.9,,35.12,32.94,762.65,0,flowering,0.0,False
2023-01-01 20:30:00,crop_cotton,9.15,,27.01,65.96,1758.8,0,flowering,0.0,False
2023-01-02 00:00:00,crop_cotton,28.24,,27.46,34.26,874.76,0,maturity,0.0,False
2023-01-02 05:30:00,crop_cotton,32.99,,36.28,45.39,550.47,1,maturity,0.0,False
2023-01-02 06:00:00,crop_cotton,8.96,,18.62,35.67,997.3,1,maturity,0.0,False
2023-01-02 14:00:00,crop_cotton,10.46,,35.23,50.92,1214.95,1,vegetative,0.0,False
2023-01-02 19:30:00,crop_cotton,15.71,,38.16,86.24,584.53,1,vegetative,0.0,False
2023-01-03 08:00:00,crop_cotton,59.49,,16.14,70.52,1215.23,2,vegetative,0.0,False
2023-01-03 16:30:00,crop_cotton,27.52,,27.37,54.12,2135.06,2,maturity,0.0,False
2023-01-03 18:30:00,crop_cotton,9.65,,40.99,38.59,69.02,2,vegetative,0.0,False
2023-01-04 07:30:00,crop_cotton,27.01,,23.87,78.39,193.53,3,vegetative,0.0,False
2023-01-04 08:00:00,crop_cotton,33.17,,14.15,73.15,550.49,3,flowering,0.0,False
2023-01-04 10:30:00,crop_cotton,17.06,,33.73,71.78,222.22,3,vegetative,0.0,False
2023-01-04 17:30:00,crop_cotton,12.51,,30.55,82.52,423.03,3,flowering,0.0,False
2023-01-04 20:30:00,crop_cotton,46.39,,20.55,44.22,2221.58,3,flowering,0.0,False
2023-01-05 00:30:00,crop_cotton,21.85,,35.59,25.53,2354.46,3,vegetative,0.0,False
2023-01-05 06:30:00,crop_cotton,30.87,,37.58,85.09,1380.86,4,flowering,0.0,False
2023-01-05 07:00:00,crop_cotton,53.35,,41.75,44.35,1913.39,4,vegetative,0.0,False
2023-01-05 13:30:00,crop_cotton,31.17,,20.0,32.87,2378.41,4,vegetative,0.0,False
2023-01-05 16:30:00,crop_cotton,10.72,,14.44,94.48,1921.0,4,maturity,0.0,False
2023-01-05 20:00:00,crop_cotton,60.29,,23.58,88.47,513.81,4,vegetative,0.0,False
2023-01-06 00:00:00,crop_cotton,64.66,,29.58,48.28,107.58,4,maturity,0.0,False
2023-01-06 01:30:00,crop_cotton,62.41,,41.75,36.85,1941.83,5,maturity,0.0,False
2023-01-06 03:00:00,crop_cotton,54.06,,20.8,77.09,153.02,5,maturity,0.0,False
2023-01-06 06:30:00,crop_cotton,51.2,,15.76,80.39,93.61,5,maturity,0.0,False
2023-01-06 09:00:00,crop_cotton,53.61,,12.24,94.75,332.81,5,maturity,0.0,False
2023-01-06 15:00:00,crop_cotton,8.03,,40.82,53.68,596.25,5,vegetative,0.0,False
2023-01-06 15:30:00,crop_cotton,42.67,,31.25,63.62,1302.21,5,vegetative,0.0,False
2023-01-06 16:00:00,crop_cotton,28.64,,36.28,35.93,1940.26,5,maturity,0.0,False
2023-01-06 23:00:00,crop_cotton,47.68,,36.35,36.16,2163.42,5,flowering,0.0,False
2023-01-07 00:00:00,crop_cotton,48.83,,21.37,54.88,554.75,5,maturity,0.0,False
2023-01-07 02:00:00,crop_cotton,47.77,,12.27,30.14,268.68,6,vegetative,0.0,False
2023-01-07 09:00:00,crop_cotton,42.41,,31.63,28.53,2472.72,6,flowering,0.0,False
2023-01-07 12:00:00,crop_cotton,17.25,,14.65,67.65,133.35,6,maturity,0.0,False
2023-01-07 13:00:00,crop_cotton,17.76,,40.69,34.27,875.29,6,vegetative,0.0,False
2023-01-07 16:00:00,crop_cotton,52.62,,30.81,52.98,1319.98,6,flowering,0.0,False
2023-01-07 23:00:00,crop_cotton,37.94,,28.95,91.19,991.32,6,maturity,0.0,False
2023-01-07 23:30:00,crop_cotton,55.58,,38.15,54.68,2107.21,6,maturity,0.0,False
2023-01-08 01:30:00,crop_cotton,12.37,,30.58,67.98,1695.23,7,flowering,0.0,False
2023-01-08 02:00:00,crop_cotton,48.24,,25.47,28.3,1486.18,7,flowering,0.0,False
2023-01-08 10:00:00,crop_cotton,42.07,,12.71,35.33,1922.28,7,maturity,0.0,False
2023-01-08 11:00:00,crop_cotton,30.71,,29.7,86.8,469.3,7,vegetative,0.0,False
2023-01-08 15:30:00,crop_cotton,33.72,,31.57,54.57,270.03,7,flowering,0.0,False
2023-01-08 21:30:00,crop_cotton,19.43,,21.54,45.15,1487.11,7,maturity,0.0,False
2023-01-08 22:00:00,crop_cotton,58.67,,16.19,82.06,1684.86,7,maturity,0.0,False
2023-01-08 23:00:00,crop_cotton,8.76,,21.72,43.42,2278.41,7,vegetative,0.0,False
2023-01-08 23:30:00,crop_cotton,56.07,,12.66,47.29,1587.86,7,vegetative,0.0,False
2023-01-09 00:00:00,crop_cotton,61.68,,29.14,59.2,688.92,7,vegetative,0.0,False
2023-01-09 02:00:00,crop_cotton,34.6,,25.04,75.51,704.75,8,vegetative,0.0,False
2023-01-09 03:00:00,crop_cotton,16.53,,32.69,76.88,2496.86,8,maturity,0.0,False
2023-01-09 04:30:00,crop_cotton,54.09,,25.76,91.51,411.39,8,maturity,0.0,False
2023-01-09 09:30:00,crop_cotton,19.16,,20.38,58.08,960.54,8,vegetative,0.0,False
2023-01-09 10:00:00,crop_cotton,61.14,,18.75,82.41,2373.73,8,maturity,0.0,False
2023-01-09 12:00:00,crop_cotton,26.11,,14.91,77.96,368.18,8,maturity,0.0,False
2023-01-09 13:00:00,crop_cotton,50.63,,38.97,37.35,1577.41,8,flowering,0.0,False
2023-01-09 13:30:00,crop_cotton,39.74,,24.82,27.68,1491.38,8,maturity,0.0,False
2023-01-09 14:30:00,crop_cotton,25.52,,36.52,48.72,1748.03,8,vegetative,0.0,False
2023-01-09 19:00:00,crop_cotton,20.3,,13.75,60.35,1152.12,8,maturity,0.0,False
2023-01-10 01:30:00,crop_cotton,11.44,,18.93,73.86,2496.98,9,vegetative,0.0,False
2023-01-10 04:30:00,crop_cotton,16.99,,32.79,86.23,2237.95,9,maturity,0.0,False
2023-01-10 06:30:00,crop_cotton,27.42,,41.54,28.12,2246.3,9,vegetative,0.0,False
2023-01-10 14:30:00,crop_cotton,54.6,,18.7,87.35,423.46,9,maturity,0.0,False
2023-01-10 16:00:00,crop_cotton,55.2,,21.18,83.91,2115.66,9,maturity,0.0,False
2023-01-10 17:30:00,crop_cotton,43.9,,20.98,53.23,1905.4,9,maturity,0.0,False
2023-01-10 19:00:00,crop_cotton,11.12,,39.59,83.17,777.41,9,maturity,0.0,False
2023-01-10 20:00:00,crop_cotton,42.98,,13.9,35.27,768.33,9,maturity,0.0,False
2023-01-11 03:00:00,crop_cotton,56.65,,27.84,45.39,98.04,10,flowering,0.0,False
2023-01-11 06:00:00,crop_cotton,39.5,,40.41,62.42,2389.33,10,flowering,0.0,False
2023-01-11 06:30:00,crop_cotton,31.22,,40.83,59.62,266.06,10,maturity,0.0,False
2023-01-11 08:30:00,crop_cotton,9.51,,13.17,80.39,2216.44,10,maturity,0.0,False
2023-01-11 13:00:00,crop_cotton,51.65,,34.53,29.43,1708.01,10,maturity,0.0,False
2023-01-11 13:30:00,crop_cotton,29.61,,19.01,38.31,1890.95,10,maturity,0.0,False
2023-01-11 15:00:00,crop_cotton,24.64,,35.67,46.32,1417.61,10,vegetative,0.0,False
2023-01-11 21:30:00,crop_cotton,56.34,,27.54,69.82,1416.4,10,flowering,0.0,False
2023-01-11 22:00:00,crop_cotton,38.49,,13.26,67.52,849.37,10,maturity,0.0,False
2023-01-11 22:30:00,crop_cotton,15.44,,24.48,58.32,740.37,10,maturity,0.0,False
2023-01-12 00:30:00,crop_cotton,37.33,,15.35,63.37,1418.79,10,flowering,0.0,False
2023-01-12 01:00:00,crop_cotton,12.99,,15.42,27.26,1562.29,11,maturity,0.0,False
2023-01-12 05:30:00,crop_cotton,41.99,,26.29,70.93,226.54,11,vegetative,0.0,False
2023-01-12 08:30:00,crop_cotton,46.23,,13.8,53.81,725.79,11,flowering,0.0,False
2023-01-12 10:00:00,crop_cotton,9.27,,18.61,47.75,1275.58,11,vegetative,0.0,False
2023-01-12 10:30:00,crop_cotton,54.1,,21.92,74.4,2182.14,11,flowering,0.0,False
2023-01-12 23:00:00,crop_cotton,17.52,,13.61,93.58,1101.92,11,flowering,0.0,False
2023-01-12 23:30:00,crop_cotton,40.81,,31.25,64.6,903.55,11,maturity,0.0,False
2023-01-13 10:30:00,crop_cotton,56.05,,29.55,47.22,2171.74,12,maturity,0.0,False
2023-01-13 11:00:00,crop_cotton,50.57,,31.58,36.15,972.12,12,maturity,0.0,False
2023-01-13 12:30:00,crop_cotton,63.1,,15.16,85.09,177.45,12,flowering,0.0,False
2023-01-13 18:30:00,crop_cotton,28.11,,30.53,36.48,1848.32,12,maturity,0.0,False
2023-01-13 21:30:00,crop_cotton,32.81,,19.48,80.68,1256.83,12,vegetative,0.0,False
2023-01-14 02:00:00,crop_cotton,58.38,,19.6,30.06,1317.26,13,flowering,0.0,False
2023-01-14 05:00:00,crop_cotton,31.21,,15.35,81.31,1572.21,13,maturity,0.0,False
2023-01-14 06:30:00,crop_cotton,13.48,,18.82,38.53,716.1,13,vegetative,0.0,False
2023-01-14 09:30:00,crop_cotton,24.44,,41.09,52.37,2152.47,13,maturity,0.0,False
2023-01-14 11:30:00,crop_cotton,54.78,,12.67,55.07,123.43,13,flowering,0.0,False
2023-01-14 12:30:00,crop_cotton,16.17,,35.48,28.34,471.4,13,vegetative,0.0,False
2023-01-14 14:30:00,crop_cotton,21.68,,34.98,65.17,163.71,13,flowering,0.0,False
2023-01-14 15:00:00,crop_cotton,49.56,,36.13,46.03,852.15,13,maturity,0.0,False
2023-01-14 16:30:00,crop_cotton,64.04,,32.86,47.6,1729.13,13,vegetative,0.0,False
2023-01-14 22:00:00,crop_cotton,43.28,,30.57,25.21,1521.79,13,flowering,0.0,False
2023-01-15 07:00:00,crop_cotton,61.01,,22.08,81.64,1914.4,14,maturity,0.0,False
2023-01-15 16:00:00,crop_cotton,20.03,,30.6,37.9,368.91,14,flowering,0.0,False
2023-01-15 16:30:00,crop_cotton,32.65,,25.59,61.53,2293.43,14,maturity,0.0,False
2023-01-15 20:00:00,crop_cotton,13.66,,24.02,51.7,1044.07,14,vegetative,0.0,False
2023-01-16 01:30:00,crop_cotton,12.06,,23.9,62.21,1219.06,15,maturity,0.0,False
2023-01-16 09:30:00,crop_cotton,32.4,,29.21,39.49,1914.35,15,maturity,0.0,False
2023-01-16 12:30:00,crop_cotton,52.41,,26.65,71.43,656.7,15,maturity,0.0,False
2023-01-16 14:30:00,crop_cotton,10.16,,33.16,31.82,157.25,15,flowering,0.0,False
2023-01-16 19:00:00,crop_cotton,14.67,,22.39,69.58,2497.23,15,maturity,0.0,False
2023-01-16 20:30:00,crop_cotton,24.68,,37.13,79.71,2032.66,15,maturity,0.0,False
2023-01-16 23:00:00,crop_cotton,44.02,,40.81,30.58,2313.25,15,flowering,0.0,False
2023-01-17 02:30:00,crop_cotton,59.17,,13.77,73.2,39.02,16,maturity,0.0,False
2023-01-17 03:30:00,crop_cotton,44.92,,37.46,94.5,633.22,16,flowering,0.0,False
2023-01-17 04:30:00,crop_cotton,44.64,,28.47,71.87,246.47,16,vegetative,0.0,False
2023-01-17 06:00:00,crop_cotton,13.64,,18.27,59.17,2074.19,16,vegetative,0.0,False
2023-01-17 07:30:00,crop_cotton,30.34,,28.41,27.15,1157.13,16,vegetative,0.0,False
2023-01-17 10:00:00,crop_cotton,27.47,,24.38,78.97,20.76,16,maturity,0.0,False
2023-01-17 12:30:00,crop_cotton,54.23,,30.36,54.49,1167.89,16,maturity,0.0,False
2023-01-17 14:00:00,crop_cotton,28.86,,28.78,84.85,1088.16,16,vegetative,0.0,False
2023-01-17 14:30:00,crop_cotton,58.18,,36.68,65.01,1916.08,16,maturity,0.0,False
2023-01-17 15:30:00,crop_cotton,14.97,,24.51,80.09,1218.75,16,maturity,0.0,False
2023-01-17 16:00:00,crop_cotton,36.16,,31.08,33.56,2418.8,16,flowering,0.0,False
2023-01-17 18:30:00,crop_cotton,14.38,,31.5,64.7,558.53,16,flowering,0.0,False
2023-01-17 20:00:00,crop_cotton,58.5,,25.6,78.79,1447.29,16,maturity,0.0,False
2023-01-17 20:30:00,crop_cotton,21.38,,24.02,35.01,1264.33,16,maturity,0.0,False
2023-01-18 07:30:00,crop_cotton,25.05,,17.82,81.81,45.22,17,vegetative,0.0,False
2023-01-18 17:30:00,crop_cotton,45.74,,32.06,64.42,892.06,17,vegetative,0.0,False
2023-01-18 23:30:00,crop_cotton,22.62,,26.21,31.36,1046.91,17,maturity,0.0,False
2023-01-19 00:00:00,crop_cotton,40.13,,19.7,63.63,1647.06,17,vegetative,0.0,False
2023-01-19 03:00:00,crop_cotton,26.57,,28.14,38.83,2227.71,18,maturity,0.0,False
2023-01-19 04:00:00,crop_cotton,45.13,,25.46,91.35,1057.09,18,vegetative,0.0,False
2023-01-19 04:30:00,crop_cotton,38.49,,18.13,40.47,1317.97,18,maturity,0.0,False
2023-01-19 05:30:00,crop_cotton,59.73,,26.76,49.89,1251.14,18,maturity,0.0,False
2023-01-19 07:00:00,crop_cotton,12.18,,18.61,71.78,2305.71,18,maturity,0.0,False
2023-01-19 09:00:00,crop_cotton,25.9,,34.26,42.6,1001.29,18,maturity,0.0,False
2023-01-19 09:30:00,crop_cotton,18.29,,22.32,73.65,600.25,18,maturity,0.0,False
2023-01-19 10:00:00,crop_cotton,50.75,,12.82,92.57,609.92,18,maturity,0.0,False
2023-01-19 12:00:00,crop_cotton,37.17,,15.32,73.63,730.74,18,vegetative,0.0,False
2023-01-19 13:00:00,crop_cotton,10.13,,32.67,75.84,1380.72,18,vegetative,0.0,False
2023-01-19 13:30:00,crop_cotton,36.52,,23.84,93.26,172.55,18,maturity,0.0,False
2023-01-19 20:00:00,crop_cotton,19.16,,32.09,35.81,1926.58,18,flowering,0.0,False
2023-01-20 02:30:00,crop_cotton,40.82,,35.98,78.87,1307.16,19,vegetative,0.0,False
2023-01-20 04:30:00,crop_cotton,60.9,,32.14,83.51,1811.32,19,flowering,0.0,False
2023-01-20 05:00:00,crop_cotton,21.57,,36.43,76.36,981.35,19,flowering,0.0,False
2023-01-20 06:30:00,crop_cotton,58.12,,28.59,66.82,211.23,19,maturity,0.0,False
2023-01-20 09:00:00,crop_cotton,10.23,,27.75,65.33,1098.84,19,vegetative,0.0,False
2023-01-20 09:30:00,crop_cotton,26.63,,31.89,67.73,1944.94,19,flowering,0.0,False
2023-01-20 11:00:00,crop_cotton,31.16,,19.58,40.28,109.57,19,maturity,0.0,False
2023-01-20 12:30:00,crop_cotton,17.84,,34.19,27.14,1230.89,19,maturity,0.0,False
2023-01-20 19:30:00,crop_cotton,14.6,,18.78,93.07,1518.44,19,maturity,0.0,False
2023-01-20 21:00:00,crop_cotton,16.62,,14.69,54.32,2400.73,19,maturity,0.0,False
2023-01-20 21:30:00,crop_cotton,54.19,,16.0,52.67,144.06,19,maturity,0.0,False
2023-01-20 22:00:00,crop_cotton,51.31,,36.27,85.3,72.82,19,maturity,0.0,False
2023-01-21 09:30:00,crop_cotton,17.07,,28.76,56.97,1921.52,20,flowering,0.0,False
2023-01-21 11:30:00,crop_cotton,44.69,,31.16,36.54,282.29,20,maturity,0.0,False
2023-01-21 15:30:00,crop_cotton,30.43,,40.26,78.88,1103.84,20,vegetative,0.0,False
2023-01-21 21:30:00,crop_cotton,9.67,,12.29,84.21,48.09,20,maturity,0.0,False
2023-01-21 23:00:00,crop_cotton,34.94,,24.65,76.25,483.3,20,maturity,0.0,False
2023-01-22 00:30:00,crop_cotton,29.66,,14.75,68.22,1371.71,20,maturity,0.0,False
2023-01-22 05:30:00,crop_cotton,63.19,,32.83,75.36,1147.41,21,flowering,0.0,False
2023-01-22 09:00:00,crop_cotton,48.05,,27.73,80.03,2238.78,21,maturity,0.0,False
2023-01-22 13:30:00,crop_cotton,39.24,,25.22,66.94,827.34,21,maturity,0.0,False
2023-01-22 14:00:00,crop_cotton,29.77,,26.64,67.23,2106.18,21,maturity,0.0,False
2023-01-22 18:00:00,crop_cotton,28.52,,40.14,53.99,1282.96,21,vegetative,0.0,False
2023-01-22 18:30:00,crop_cotton,44.44,,16.35,80.02,219.63,21,maturity,0.0,False
2023-01-22 21:00:00,crop_cotton,51.18,,21.48,56.7,2082.29,21,maturity,0.0,False
2023-01-23 01:30:00,crop_cotton,9.39,,24.27,83.11,2031.79,22,maturity,0.0,False
2023-01-23 04:00:00,crop_cotton,11.04,,18.13,78.09,1665.79,22,maturity,0.0,False
2023-01-23 07:00:00,crop_cotton,23.26,,12.36,61.24,1111.52,22,maturity,0.0,False
2023-01-23 07:30:00,crop_cotton,40.6,,15.92,25.07,420.3,22,maturity,0.0,False
2023-01-23 08:00:00,crop_cotton,62.99,,17.06,73.92,993.45,22,vegetative,0.0,False
2023-01-23 16:00:00,crop_cotton,44.79,,31.58,74.63,429.84,22,vegetative,0.0,False
2023-01-24 00:30:00,crop_cotton,26.71,,24.34,32.59,2040.6,22,flowering,0.0,False
2023-01-24 01:30:00,crop_cotton,53.52,,29.99,80.08,161.67,23,maturity,0.0,False
2023-01-24 04:00:00,crop_cotton,27.26,,22.45,47.95,1390.4,23,maturity,0.0,False
2023-01-24 08:30:00,crop_cotton,46.73,,12.27,43.32,1718.84,23,maturity,0.0,False
2023-01-24 15:30:00,crop_cotton,35.18,,24.07,31.54,1570.4,23,vegetative,0.0,False
2023-01-25 00:30:00,crop_cotton,24.96,,29.55,59.1,1626.03,23,vegetative,0.0,False
2023-01-25 02:30:00,crop_cotton,11.83,,35.25,63.0,621.42,24,maturity,0.0,False
2023-01-25 06:30:00,crop_cotton,55.55,,24.88,35.1,229.57,24,maturity,0.0,False
2023-01-25 07:00:00,crop_cotton,35.15,,17.8,31.43,2084.06,24,flowering,0.0,False
2023-01-25 08:00:00,crop_cotton,33.06,,13.87,81.72,2077.44,24,maturity,0.0,False
2023-01-25 14:00:00,crop_cotton,56.8,,36.27,87.71,2039.34,24,maturity,0.0,False
2023-01-25 15:30:00,crop_cotton,23.98,,19.38,49.75,1922.36,24,vegetative,0.0,False
2023-01-25 23:00:00,crop_cotton,44.01,,33.8,36.85,515.26,24,maturity,0.0,False
2023-01-26 02:30:00,crop_cotton,12.31,,18.52,28.12,497.07,25,vegetative,0.0,False
2023-01-26 19:30:00,crop_cotton,49.86,,28.54,39.43,779.94,25,maturity,0.0,False
2023-01-26 20:30:00,crop_cotton,42.45,,20.51,76.49,904.59,25,maturity,0.0,False
2023-01-27 00:00:00,crop_cotton,47.36,,27.63,78.8,253.45,25,flowering,0.0,False
2023-01-27 01:00:00,crop_cotton,27.31,,20.34,41.24,2360.05,26,maturity,0.0,False
2023-01-27 05:00:00,crop_cotton,9.15,,23.84,29.23,1951.97,26,vegetative,0.0,False
2023-01-27 06:30:00,crop_cotton,52.85,,21.91,43.15,136.79,26,maturity,0.0,False
2023-01-27 08:00:00,crop_cotton,18.67,,23.1,44.87,1871.45,26,maturity,0.0,False
2023-01-27 12:00:00,crop_cotton,60.88,,21.36,26.85,2040.11,26,vegetative,0.0,False
2023-01-27 13:00:00,crop_cotton,53.02,,19.24,77.3,200.95,26,maturity,0.0,False
2023-01-27 18:30:00,crop_cotton,44.87,,16.76,93.78,553.81,26,flowering,0.0,False
2023-01-27 19:00:00,crop_cotton,64.59,,41.31,83.72,2285.75,26,vegetative,0.0,False
2023-01-27 20:00:00,crop_cotton,10.04,,24.28,54.26,1722.97,26,vegetative,0.0,False
2023-01-28 02:00:00,crop_cotton,31.68,,15.91,34.41,292.33,27,vegetative,0.0,False
2023-01-28 09:30:00,crop_cotton,36.63,,17.67,79.07,1124.03,27,vegetative,0.0,False
2023-01-28 13:00:00,crop_cotton,62.65,,17.02,43.76,534.55,27,maturity,0.0,False
2023-01-28 14:00:00,crop_cotton,59.64,,26.11,44.66,1524.76,27,maturity,0.0,False
2023-01-28 15:00:00,crop_cotton,19.26,,17.6,82.15,2090.29,27,maturity,0.0,False
2023-01-28 16:00:00,crop_cotton,48.29,,30.94,37.82,1986.09,27,vegetative,0.0,False
2023-01-28 16:30:00,crop_cotton,61.44,,19.66,91.96,1952.95,27,maturity,0.0,False
2023-01-29 05:00:00,crop_cotton,37.37,,36.57,79.39,2145.35,28,flowering,0.0,False
2023-01-29 05:30:00,crop_cotton,64.03,,28.88,42.7,967.82,28,flowering,0.0,False
2023-01-29 06:30:00,crop_cotton,41.26,,33.42,80.75,131.04,28,maturity,0.0,False
2023-01-29 17:00:00,crop_cotton,38.17,,41.06,37.71,556.77,28,flowering,0.0,False
2023-01-29 22:00:00,crop_cotton,27.67,,38.09,40.34,2030.61,28,vegetative,0.0,False
2023-01-30 02:00:00,crop_cotton,34.18,,18.92,45.39,178.16,29,maturity,0.0,False
2023-01-30 05:00:00,crop_cotton,32.53,,17.75,78.09,1396.73,29,maturity,0.0,False
2023-01-30 06:00:00,crop_cotton,58.12,,15.62,91.22,208.0,29,vegetative,0.0,False
2023-01-30 06:30:00,crop_cotton,59.07,,21.21,55.65,1858.44,29,maturity,0.0,False
2023-01-30 08:30:00,crop_cotton,59.32,,23.49,69.65,1457.63,29,flowering,0.0,False
2023-01-30 10:30:00,crop_cotton,52.38,,14.85,72.87,714.17,29,maturity,0.0,False
2023-01-30 14:30:00,crop_cotton,22.69,,32.77,26.69,1523.57,29,vegetative,0.0,False
2023-01-30 16:30:00,crop_cotton,46.95,,27.56,25.17,1271.51,29,maturity,0.0,False
2023-01-30 17:00:00,crop_cotton,23.36,,34.27,81.27,59.72,29,vegetative,0.0,False
2023-01-30 22:00:00,crop_cotton,47.65,,20.39,70.25,235.2,29,maturity,0.0,False
2023-01-30 23:00:00,crop_cotton,46.91,,37.33,78.88,1366.61,29,maturity,0.0,False
2023-01-31 03:30:00,crop_cotton,56.88,,32.13,66.09,1333.75,30,flowering,0.0,False
2023-01-31 05:30:00,crop_cotton,17.01,,12.77,53.72,1356.32,30,vegetative,0.0,False
2023-01-31 06:00:00,crop_cotton,9.23,,27.3,89.29,2266.6,30,maturity,0.0,False
2023-01-31 06:30:00,crop_cotton,52.74,,37.68,48.03,652.32,30,flowering,0.0,False
2023-01-31 20:30:00,crop_cotton,53.02,,22.79,30.04,461.77,30,flowering,0.0,False
2023-01-31 22:30:00,crop_cotton,44.91,,39.58,60.18,248.16,30,vegetative,0.0,False
2023-02-01 01:30:00,crop_cotton,17.44,,34.95,83.18,1815.3,31,maturity,0.0,False
2023-02-01 06:00:00,crop_cotton,25.22,,22.75,56.43,196.37,31,maturity,0.0,False
2023-02-01 10:00:00,crop_cotton,20.25,,40.82,70.41,360.96,31,maturity,0.0,False
2023-02-01 12:30:00,crop_cotton,35.95,,15.5,35.43,200.1,31,maturity,0.0,False
2023-02-01 14:30:00,crop_cotton,60.7,,41.93,69.18,1082.23,31,maturity,0.0,False
2023-02-01 18:30:00,crop_cotton,44.02,,32.45,66.12,2288.07,31,flowering,0.0,False
2023-02-01 19:00:00,crop_cotton,33.03,,12.35,68.19,1586.15,31,maturity,0.0,False
2023-02-01 21:00:00,crop_cotton,50.76,,20.76,27.73,317.53,31,vegetative,0.0,False
2023-02-02 00:00:00,crop_cotton,44.12,,37.27,39.85,1391.25,31,maturity,0.0,False
2023-02-02 02:30:00,crop_cotton,33.69,,12.94,51.22,1788.03,32,flowering,0.0,False
2023-02-02 03:00:00,crop_cotton,51.24,,25.56,69.77,27.97,32,flowering,0.0,False
2023-02-02 05:30:00,crop_cotton,11.11,,37.69,58.51,1569.64,32,flowering,0.0,False
2023-02-02 06:00:00,crop_cotton,35.99,,27.45,61.32,1972.72,32,vegetative,0.0,False
2023-02-02 09:00:00,crop_cotton,61.97,,19.96,55.59,1528.8,32,maturity,0.0,False
2023-02-02 10:00:00,crop_cotton,44.47,,18.76,27.16,596.14,32,maturity,0.0,False
2023-02-02 11:30:00,crop_cotton,43.76,,37.81,77.1,1752.56,32,maturity,0.0,False
2023-02-02 12:00:00,crop_cotton,8.01,,40.38,37.76,1556.42,32,vegetative,0.0,False
2023-02-02 12:30:00,crop_cotton,51.5,,15.62,45.04,1448.12,32,maturity,0.0,False
2023-02-02 13:30:00,crop_cotton,37.05,,15.3,30.38,918.84,32,maturity,0.0,False
2023-02-02 16:30:00,crop_cotton,25.03,,14.54,31.93,1676.77,32,vegetative,0.0,False
2023-02-02 19:30:00,crop_cotton,63.96,,26.08,60.24,2461.74,32,flowering,0.0,False
2023-02-02 21:00:00,crop_cotton,10.74,,17.97,82.34,857.91,32,maturity,0.0,False
2023-02-03 02:30:00,crop_cotton,28.77,,41.69,73.15,2405.56,33,maturity,0.0,False
2023-02-03 03:30:00,crop_cotton,53.9,,26.4,56.4,363.52,33,maturity,0.0,False
2023-02-03 18:00:00,crop_cotton,41.13,,13.77,75.09,1684.14,33,flowering,0.0,False
2023-02-04 01:00:00,crop_cotton,30.55,,38.79,36.05,1887.67,34,maturity,0.0,False
2023-02-04 05:30:00,crop_cotton,36.12,,12.74,52.34,211.22,34,maturity,0.0,False
2023-02-04 16:00:00,crop_cotton,21.08,,32.45,65.83,2100.43,34,vegetative,0.0,False
2023-02-04 20:00:00,crop_cotton,64.95,,12.54,34.54,1630.17,34,maturity,0.0,False
2023-02-05 04:30:00,crop_cotton,36.01,,36.67,70.54,854.94,35,flowering,0.0,False
2023-02-05 06:00:00,crop_cotton,52.58,,32.91,73.47,1449.61,35,maturity,0.0,False
2023-02-05 09:00:00,crop_cotton,46.02,,17.93,39.82,837.42,35,flowering,0.0,False
2023-02-05 11:00:00,crop_cotton,16.48,,22.3,47.57,1320.27,35,flowering,0.0,False
2023-02-05 11:30:00,crop_cotton,40.88,,12.86,37.31,1755.78,35,maturity,0.0,False
2023-02-05 12:00:00,crop_cotton,50.15,,21.45,52.33,247.58,35,maturity,0.0,False
2023-02-05 13:00:00,crop_cotton,60.48,,37.21,51.11,2250.4,35,vegetative,0.0,False
2023-02-05 15:00:00,crop_cotton,50.26,,38.18,73.84,1308.54,35,maturity,0.0,False
2023-02-05 19:00:00,crop_cotton,24.97,,16.47,62.79,2022.6,35,maturity,0.0,False
2023-02-05 20:00:00,crop_cotton,25.91,,22.33,75.35,910.86,35,vegetative,0.0,False
2023-02-05 21:30:00,crop_cotton,51.46,,29.64,90.15,1536.36,35,flowering,0.0,False
2023-02-05 23:30:00,crop_cotton,10.72,,35.75,28.11,970.49,35,vegetative,0.0,False
2023-02-06 00:30:00,crop_cotton,38.39,,41.0,41.8,2155.22,35,maturity,0.0,False
2023-02-06 07:00:00,crop_cotton,53.03,,21.98,51.67,814.89,36,flowering,0.0,False
2023-02-06 08:00:00,crop_cotton,20.44,,38.48,46.0,1580.28,36,maturity,0.0,False
2023-02-06 08:30:00,crop_cotton,37.89,,14.58,80.72,2409.18,36,maturity,0.0,False
2023-02-06 11:30:00,crop_cotton,42.88,,29.89,61.82,1173.64,36,flowering,0.0,False
2023-02-06 12:00:00,crop_cotton,19.01,,20.62,64.13,899.96,36,flowering,0.0,False
2023-02-06 12:30:00,crop_cotton,34.98,,40.21,29.61,1848.92,36,vegetative,0.0,False
2023-02-06 19:30:00,crop_cotton,21.72,,36.55,56.23,1028.28,36,maturity,0.0,False
2023-02-06 20:00:00,crop_cotton,51.3,,16.54,62.47,1721.69,36,maturity,0.0,False
2023-02-06 22:30:00,crop_cotton,49.35,,19.52,26.59,253.21,36,flowering,0.0,False
2023-02-07 05:00:00,crop_cotton,28.68,,37.34,39.08,912.65,37,flowering,0.0,False
2023-02-07 09:30:00,crop_cotton,16.39,,17.38,35.66,1102.66,37,vegetative,0.0,False
2023-02-07 10:30:00,crop_cotton,17.56,,13.54,55.56,1901.62,37,maturity,0.0,False
2023-02-07 12:30:00,crop_cotton,47.9,,18.11,68.29,1809.9,37,maturity,0.0,False
2023-02-07 14:30:00,crop_cotton,63.13,,23.19,55.74,641.51,37,flowering,0.0,False
2023-02-07 15:30:00,crop_cotton,62.17,,28.1,85.05,459.91,37,vegetative,0.0,False
2023-02-07 21:00:00,crop_cotton,37.75,,22.48,81.46,1930.8,37,maturity,0.0,False
2023-02-07 22:00:00,crop_cotton,19.77,,40.74,53.27,887.77,37,maturity,0.0,False
2023-02-08 00:30:00,crop_cotton,12.51,,31.47,82.64,1728.79,37,flowering,0.0,False
2023-02-08 06:30:00,crop_cotton,46.32,,20.82,55.16,1134.82,38,maturity,0.0,False
2023-02-08 07:00:00,crop_cotton,10.12,,22.99,46.47,1930.93,38,maturity,0.0,False
2023-02-08 07:30:00,crop_cotton,56.75,,27.56,65.36,2334.22,38,maturity,0.0,False
2023-02-08 09:00:00,crop_cotton,55.0,,28.22,94.8,2488.54,38,maturity,0.0,False
2023-02-08 11:00:00,crop_cotton,53.96,,30.74,77.4,385.37,38,maturity,0.0,False
2023-02-09 00:00:00,crop_cotton,8.91,,41.26,92.62,1144.18,38,maturity,0.0,False
2023-02-09 03:00:00,crop_cotton,20.96,,15.23,65.33,158.51,39,maturity,0.0,False
2023-02-09 04:30:00,crop_cotton,54.31,,17.06,78.12,748.37,39,vegetative,0.0,False
2023-02-09 07:00:00,crop_cotton,63.44,,37.6,42.95,1644.82,39,maturity,0.0,False
2023-02-09 12:00:00,crop_cotton,11.92,,39.57,47.68,2466.29,39,flowering,0.0,False
2023-02-09 14:30:00,crop_cotton,16.95,,41.11,51.03,1459.83,39,flowering,0.0,False
2023-02-09 21:00:00,crop_cotton,10.32,,40.52,78.47,1629.17,39,maturity,0.0,False
2023-02-10 00:30:00,crop_cotton,17.28,,41.16,90.89,1695.35,39,maturity,0.0,False
2023-02-10 03:00:00,crop_cotton,17.52,,35.89,76.26,1016.24,40,maturity,0.0,False
2023-02-10 05:30:00,crop_cotton,25.95,,21.49,37.57,898.99,40,maturity,0.0,False
2023-02-10 14:00:00,crop_cotton,12.49,,31.44,46.77,483.49,40,maturity,0.0,False
2023-02-10 16:00:00,crop_cotton,44.69,,23.68,33.92,73.26,40,maturity,0.0,False
2023-02-10 22:00:00,crop_cotton,55.15,,39.88,52.65,1101.16,40,maturity,0.0,False
2023-02-10 23:00:00,crop_cotton,38.44,,14.23,68.52,2041.35,40,flowering,0.0,False
2023-02-11 00:30:00,crop_cotton,34.99,,27.25,68.72,1631.29,40,maturity,0.0,False
2023-02-11 06:00:00,crop_cotton,53.09,,39.97,68.48,900.72,41,maturity,0.0,False
2023-02-11 07:30:00,crop_cotton,56.49,,40.98,36.92,1705.55,41,vegetative,0.0,False
2023-02-11 11:00:00,crop_cotton,12.02,,28.91,87.84,883.25,41,flowering,0.0,False
2023-02-11 16:30:00,crop_cotton,46.68,,21.38,36.28,1806.42,41,maturity,0.0,False
2023-02-11 17:00:00,crop_cotton,58.68,,37.08,59.96,1610.06,41,maturity,0.0,False
2023-02-11 18:00:00,crop_cotton,58.95,,32.74,91.4,2086.73,41,maturity,0.0,False
2023-02-11 18:30:00,crop_cotton,57.35,,36.86,42.24,1430.44,41,maturity,0.0,False
2023-02-11 23:30:00,crop_cotton,63.22,,39.84,89.84,2143.77,41,flowering,0.0,False
2023-02-12 02:30:00,crop_cotton,24.97,,13.26,69.82,1490.21,42,maturity,0.0,False
2023-02-12 05:30:00,crop_cotton,53.75,,34.37,68.77,517.69,42,maturity,0.0,False
2023-02-12 07:30:00,crop_cotton,33.36,,16.07,35.12,643.24,42,vegetative,0.0,False
2023-02-12 11:00:00,crop_cotton,63.71,,22.15,45.61,729.32,42,flowering,0.0,False
2023-02-12 12:30:00,crop_cotton,37.82,,29.77,56.6,2079.69,42,flowering,0.0,False
2023-02-12 20:00:00,crop_cotton,34.76,,22.39,55.89,808.82,42,maturity,0.0,False
2023-02-12 21:30:00,crop_cotton,12.41,,25.79,89.02,1246.21,42,maturity,0.0,False
2023-02-13 05:30:00,crop_cotton,21.49,,38.95,48.91,648.99,43,flowering,0.0,False
2023-02-13 09:00:00,crop_cotton,13.87,,24.08,48.81,90.74,43,flowering,0.0,False
2023-02-13 13:00:00,crop_cotton,13.11,,36.41,40.73,1044.67,43,vegetative,0.0,False
2023-02-13 15:00:00,crop_cotton,57.1,,17.78,32.28,210.51,43,maturity,0.0,False
2023-02-13 15:30:00,crop_cotton,61.22,,15.78,45.73,152.96,43,maturity,0.0,False
2023-02-13 16:00:00,crop_cotton,50.58,,27.44,62.04,1703.95,43,maturity,0.0,False
2023-02-14 01:30:00,crop_cotton,30.71,,30.43,28.81,1162.28,44,vegetative,0.0,False
2023-02-14 05:30:00,crop_cotton,53.62,,30.74,38.24,93.37,44,vegetative,0.0,False
2023-02-14 10:30:00,crop_cotton,21.88,,12.31,40.57,2084.65,44,maturity,0.0,False
2023-02-14 11:00:00,crop_cotton,64.33,,19.97,47.69,1368.51,44,vegetative,0.0,False
2023-02-14 14:30:00,crop_cotton,62.64,,33.52,78.25,1525.16,44,maturity,0.0,False
2023-02-14 17:30:00,crop_cotton,21.35,,23.5,88.96,893.8,44,vegetative,0.0,False
2023-02-14 19:00:00,crop_cotton,36.83,,37.56,61.17,2423.88,44,maturity,0.0,False
2023-02-14 20:30:00,crop_cotton,42.84,,15.85,81.01,1816.62,44,maturity,0.0,False
2023-02-14 21:30:00,crop_cotton,27.04,,12.54,70.45,943.92,44,flowering,0.0,False
2023-02-15 10:00:00,crop_cotton,63.59,,36.57,62.8,1254.76,45,maturity,0.0,False
2023-02-15 11:30:00,crop_cotton,25.4,,19.55,71.34,2340.66,45,vegetative,0.0,False
2023-02-15 13:30:00,crop_cotton,64.53,,41.46,83.75,2492.94,45,flowering,0.0,False
2023-02-15 18:00:00,crop_cotton,13.88,,31.24,34.19,1821.13,45,vegetative,0.0,False
2023-02-16 05:00:00,crop_cotton,43.0,,27.17,26.91,140.68,46,maturity,0.0,False
2023-02-16 08:30:00,crop_cotton,15.78,,15.84,38.5,1019.61,46,maturity,0.0,False
2023-02-16 12:00:00,crop_cotton,49.54,,26.76,57.94,1458.7,46,vegetative,0.0,False
2023-02-16 13:00:00,crop_cotton,51.93,,35.28,52.85,1330.1,46,vegetative,0.0,False
2023-02-16 14:30:00,crop_cotton,31.04,,14.88,44.3,1375.23,46,maturity,0.0,False
2023-02-16 15:30:00,crop_cotton,62.35,,40.02,25.95,1603.98,46,maturity,0.0,False
2023-02-16 18:00:00,crop_cotton,36.83,,20.36,32.0,26.3,46,maturity,0.0,False
2023-02-16 18:30:00,crop_cotton,42.55,,38.1,48.87,226.01,46,vegetative,0.0,False
2023-02-16 19:00:00,crop_cotton,8.56,,40.11,28.22,474.19,46,maturity,0.0,False
2023-02-16 19:30:00,crop_cotton,52.47,,37.47,62.16,541.1,46,maturity,0.0,False
2023-02-16 20:00:00,crop_cotton,54.73,,23.96,33.56,1855.11,46,flowering,0.0,False
2023-02-16 22:30:00,crop_cotton,27.09,,32.01,84.37,1532.27,46,maturity,0.0,False
2023-02-17 05:30:00,crop_cotton,39.43,,23.27,70.98,1861.35,47,maturity,0.0,False
2023-02-17 12:00:00,crop_cotton,29.64,,27.31,67.03,378.43,47,flowering,0.0,False
2023-02-17 12:30:00,crop_cotton,28.54,,20.39,92.07,1525.4,47,maturity,0.0,False
2023-02-17 19:30:00,crop_cotton,42.72,,41.77,92.07,1695.51,47,maturity,0.0,False
2023-02-18 00:00:00,crop_cotton,55.28,,24.29,94.8,1641.85,47,vegetative,0.0,False
2023-02-18 02:00:00,crop_cotton,8.07,,41.61,42.22,841.24,48,maturity,0.0,False
2023-02-18 04:00:00,crop_cotton,52.3,,33.54,71.6,1928.68,48,maturity,0.0,False
2023-02-18 10:30:00,crop_cotton,53.84,,31.89,60.88,817.62,48,maturity,0.0,False
2023-02-18 12:30:00,crop_cotton,23.37,,27.22,54.43,877.15,48,maturity,0.0,False
2023-02-18 18:00:00,crop_cotton,49.74,,36.48,33.01,1372.31,48,vegetative,0.0,False
2023-02-19 00:30:00,crop_cotton,16.84,,16.52,41.98,2004.09,48,maturity,0.0,False
2023-02-19 02:00:00,crop_cotton,23.96,,40.48,34.08,2272.61,49,flowering,0.0,False
2023-02-19 11:00:00,crop_cotton,23.31,,31.2,94.77,841.33,49,maturity,0.0,False
2023-02-19 16:00:00,crop_cotton,27.96,,36.37,62.28,708.82,49,vegetative,0.0,False
2023-02-20 02:00:00,crop_cotton,52.16,,15.97,77.62,2125.41,50,maturity,0.0,False
2023-02-20 03:00:00,crop_cotton,24.64,,28.08,67.44,1737.22,50,maturity,0.0,False
2023-02-20 03:30:00,crop_cotton,35.91,,12.59,64.87,1741.26,50,maturity,0.0,False
2023-02-20 06:30:00,crop_cotton,21.11,,15.31,38.59,1508.63,50,maturity,0.0,False
2023-02-20 15:00:00,crop_cotton,60.64,,30.4,52.95,1598.69,50,vegetative,0.0,False
2023-02-20 16:00:00,crop_cotton,42.19,,18.31,29.11,1720.61,50,vegetative,0.0,False
2023-02-20 18:00:00,crop_cotton,31.15,,38.56,61.3,74.26,50,flowering,0.0,False
2023-02-20 22:00:00,crop_cotton,21.09,,32.09,59.85,2428.6,50,maturity,0.0,False
2023-02-21 03:30:00,crop_cotton,38.07,,38.87,89.63,1128.52,51,flowering,0.0,False
2023-02-21 07:00:00,crop_cotton,43.23,,38.82,92.93,1427.73,51,flowering,0.0,False
2023-02-21 13:00:00,crop_cotton,27.52,,41.08,76.8,1928.2,51,maturity,0.0,False
2023-02-21 16:00:00,crop_cotton,41.7,,18.89,66.88,1075.52,51,vegetative,0.0,False
2023-02-21 18:00:00,crop_cotton,57.47,,15.74,87.49,1208.68,51,flowering,0.0,False
2023-02-21 19:00:00,crop_cotton,33.88,,34.01,63.3,756.01,51,flowering,0.0,False
2023-02-21 19:30:00,crop_cotton,37.99,,13.05,37.25,1123.79,51,maturity,0.0,False
2023-02-21 22:30:00,crop_cotton,11.1,,14.79,49.05,1594.57,51,maturity,0.0,False
2023-02-21 23:00:00,crop_cotton,23.15,,37.98,45.08,805.61,51,maturity,0.0,False
2023-02-21 23:30:00,crop_cotton,37.35,,13.98,59.39,360.25,51,vegetative,0.0,False
2023-02-22 00:00:00,crop_cotton,35.36,,37.83,37.27,799.29,51,maturity,0.0,False
2023-02-22 05:00:00,crop_cotton,36.82,,37.23,52.75,2489.08,52,vegetative,0.0,False
2023-02-22 09:00:00,crop_cotton,46.18,,24.25,83.54,1766.05,52,maturity,0.0,False
2023-02-22 13:30:00,crop_cotton,55.79,,22.31,59.2,473.8,52,maturity,0.0,False
2023-02-22 15:30:00,crop_cotton,59.53,,26.83,64.38,2355.79,52,maturity,0.0,False
2023-02-22 16:00:00,crop_cotton,58.38,,31.59,76.7,2381.61,52,maturity,0.0,False
2023-02-23 01:00:00,crop_cotton,53.18,,21.88,50.68,1305.72,53,flowering,0.0,False
2023-02-23 04:00:00,crop_cotton,30.42,,41.7,92.76,871.22,53,flowering,0.0,False
2023-02-23 07:30:00,crop_cotton,62.73,,13.9,55.2,1940.01,53,flowering,0.0,False
2023-02-23 08:30:00,crop_cotton,43.17,,33.01,90.62,2019.53,53,maturity,0.0,False
2023-02-23 09:30:00,crop_cotton,13.04,,35.34,85.32,765.88,53,maturity,0.0,False
2023-02-23 12:00:00,crop_cotton,52.69,,26.99,44.06,1932.19,53,maturity,0.0,False
2023-02-23 13:30:00,crop_cotton,64.43,,16.85,59.4,1398.22,53,flowering,0.0,False
2023-02-23 17:00:00,crop_cotton,11.83,,32.32,37.52,1419.52,53,maturity,0.0,False
2023-02-23 18:00:00,crop_cotton,36.57,,12.9,85.29,985.17,53,maturity,0.0,False
2023-02-23 18:30:00,crop_cotton,29.03,,16.57,41.59,2108.3,53,vegetative,0.0,False
2023-02-23 20:00:00,crop_cotton,26.3,,19.1,65.56,954.57,53,maturity,0.0,False
2023-02-23 21:00:00,crop_cotton,45.18,,14.64,69.91,380.22,53,flowering,0.0,False
2023-02-23 23:00:00,crop_cotton,23.46,,39.12,41.09,203.81,53,maturity,0.0,False
2023-02-24 02:00:00,crop_cotton,18.41,,37.58,53.29,518.58,54,maturity,0.0,False
2023-02-24 03:00:00,crop_cotton,55.79,,36.34,41.44,18.39,54,vegetative,0.0,False
2023-02-24 04:00:00,crop_cotton,26.65,,18.27,28.62,1553.08,54,flowering,0.0,False
2023-02-24 07:00:00,crop_cotton,12.27,,20.95,51.93,2033.49,54,flowering,0.0,False
2023-02-24 14:30:00,crop_cotton,42.65,,26.99,77.61,2432.36,54,maturity,0.0,False
2023-02-24 16:30:00,crop_cotton,34.68,,28.86,83.54,1737.4,54,flowering,0.0,False
2023-02-24 18:00:00,crop_cotton,44.14,,12.31,26.36,2403.93,54,flowering,0.0,False
2023-02-24 19:30:00,crop_cotton,36.32,,38.68,65.78,1432.53,54,maturity,0.0,False
2023-02-24 21:30:00,crop_cotton,34.09,,20.94,31.51,906.06,54,vegetative,0.0,False
2023-02-25 13:30:00,crop_cotton,38.16,,13.74,79.04,2389.82,55,maturity,0.0,False
2023-02-25 16:30:00,crop_cotton,14.58,,30.0,75.69,816.77,55,flowering,0.0,False
2023-02-25 21:00:00,crop_cotton,48.22,,13.31,65.91,2313.39,55,vegetative,0.0,False
2023-02-25 23:00:00,crop_cotton,16.94,,41.92,65.41,1505.47,55,vegetative,0.0,False
2023-02-25 23:30:00,crop_cotton,56.62,,24.38,61.61,853.26,55,maturity,0.0,False
2023-02-26 02:00:00,crop_cotton,59.64,,18.97,71.14,1605.06,56,maturity,0.0,False
2023-02-26 02:30:00,crop_cotton,28.51,,40.61,48.58,856.61,56,maturity,0.0,False
2023-02-26 07:00:00,crop_cotton,29.72,,32.24,78.9,1105.16,56,flowering,0.0,False
2023-02-26 08:00:00,crop_cotton,31.79,,41.11,69.41,2359.64,56,maturity,0.0,False
2023-02-26 14:00:00,crop_cotton,27.54,,40.55,71.29,1390.15,56,maturity,0.0,False
2023-02-26 17:30:00,crop_cotton,55.8,,34.52,40.98,1044.92,56,vegetative,0.0,False
2023-02-27 00:30:00,crop_cotton,33.72,,30.02,61.29,960.32,56,maturity,0.0,False
2023-02-27 05:00:00,crop_cotton,64.25,,30.0,63.93,867.25,57,maturity,0.0,False
2023-02-27 13:30:00,crop_cotton,41.93,,24.97,39.73,2190.81,57,maturity,0.0,False
2023-02-27 18:00:00,crop_cotton,24.28,,22.51,37.44,1611.18,57,maturity,0.0,False
2023-02-27 19:30:00,crop_cotton,48.89,,35.71,84.4,1995.82,57,flowering,0.0,False
2023-02-27 20:30:00,crop_cotton,8.75,,41.51,88.9,73.41,57,vegetative,0.0,False
2023-02-28 02:00:00,crop_cotton,21.82,,22.08,26.5,1396.69,58,vegetative,0.0,False
2023-02-28 03:00:00,crop_cotton,59.2,,27.3,53.85,1028.13,58,vegetative,0.0,False
2023-02-28 04:00:00,crop_cotton,30.35,,14.57,78.65,2481.94,58,flowering,0.0,False
2023-02-28 18:00:00,crop_cotton,54.59,,33.64,46.03,1021.67,58,maturity,0.0,False
2023-02-28 21:30:00,crop_cotton,18.07,,17.66,32.67,5.26,58,maturity,0.0,False
2023-02-28 23:00:00,crop_cotton,21.34,,41.46,85.78,6.21,58,vegetative,0.0,False
2023-03-01 00:30:00,crop_cotton,34.88,,19.93,54.78,456.37,58,maturity,0.0,False
2023-03-01 05:30:00,crop_cotton,27.46,,30.71,50.1,1417.28,59,maturity,0.0,False
2023-03-01 06:00:00,crop_cotton,64.45,,37.77,94.46,533.6,59,vegetative,0.0,False
2023-03-01 09:30:00,crop_cotton,64.55,,16.74,69.23,2079.83,59,flowering,0.0,False
2023-03-01 10:00:00,crop_cotton,42.97,,17.87,63.72,1371.41,59,flowering,0.0,False
2023-03-01 11:30:00,crop_cotton,64.8,,13.18,34.64,1915.56,59,vegetative,0.0,False
2023-03-01 15:30:00,crop_cotton,16.67,,41.09,65.75,856.1,59,vegetative,0.0,False
2023-03-01 21:00:00,crop_cotton,49.7,,29.07,87.47,2274.13,59,flowering,0.0,False
2023-03-02 02:30:00,crop_cotton,38.41,,41.1,93.73,2099.29,60,maturity,0.0,False
2023-03-02 04:30:00,crop_cotton,51.83,,36.98,41.87,36.89,60,maturity,0.0,False
2023-03-02 06:00:00,crop_cotton,61.65,,35.91,70.29,262.46,60,flowering,0.0,False
2023-03-02 07:00:00,crop_cotton,16.46,,22.02,72.18,1269.56,60,flowering,0.0,False
2023-03-02 11:00:00,crop_cotton,59.48,,23.65,72.44,3.0,60,maturity,0.0,False
2023-03-02 12:00:00,crop_cotton,35.05,,33.64,27.46,1564.17,60,maturity,0.0,False
2023-03-02 12:30:00,crop_cotton,61.08,,22.59,63.88,853.71,60,maturity,0.0,False
2023-03-02 18:00:00,crop_cotton,29.1,,32.92,57.28,2160.29,60,flowering,0.0,False
2023-03-02 20:00:00,crop_cotton,11.13,,17.45,35.99,2344.6,60,maturity,0.0,False
2023-03-02 20:30:00,crop_cotton,61.63,,18.98,53.68,252.21,60,flowering,0.0,False
2023-03-02 21:30:00,crop_cotton,45.55,,21.41,91.48,886.48,60,flowering,0.0,False
2023-03-02 22:00:00,crop_cotton,28.96,,14.92,37.44,1351.88,60,flowering,0.0,False
2023-03-02 22:30:00,crop_cotton,52.57,,38.87,54.34,1021.53,60,vegetative,0.0,False
2023-03-03 03:00:00,crop_cotton,55.92,,22.62,48.07,1069.38,61,maturity,0.0,False
2023-03-03 03:30:00,crop_cotton,52.86,,16.96,74.83,954.84,61,vegetative,0.0,False
2023-03-03 04:00:00,crop_cotton,45.42,,15.36,36.56,1465.7,61,maturity,0.0,False
2023-03-03 05:00:00,crop_cotton,62.97,,22.9,52.86,586.73,61,maturity,0.0,False
2023-03-03 11:30:00,crop_cotton,38.29,,41.26,37.73,2037.3,61,maturity,0.0,False
2023-03-03 12:00:00,crop_cotton,11.86,,39.82,37.34,2028.12,61,vegetative,0.0,False
2023-03-03 16:00:00,crop_cotton,22.01,,27.58,83.39,236.34,61,vegetative,0.0,False
2023-03-03 17:00:00,crop_cotton,32.73,,13.34,82.9,2424.23,61,maturity,0.0,False
2023-03-03 19:30:00,crop_cotton,30.87,,12.84,50.77,2357.64,61,flowering,0.0,False
2023-03-03 22:30:00,crop_cotton,49.83,,32.99,34.28,2175.16,61,maturity,0.0,False
2023-03-04 01:00:00,crop_cotton,33.01,,39.95,31.16,894.01,62,vegetative,0.0,False
2023-03-04 02:30:00,crop_cotton,16.48,,19.27,39.71,2376.61,62,maturity,0.0,False
2023-03-04 04:00:00,crop_cotton,50.1,,22.23,51.11,1403.07,62,maturity,0.0,False
2023-03-04 05:30:00,crop_cotton,56.53,,34.09,27.48,727.81,62,maturity,0.0,False
2023-03-04 06:00:00,crop_cotton,48.39,,20.64,54.8,1170.44,62,flowering,0.0,False
2023-03-04 09:30:00,crop_cotton,43.45,,29.28,75.27,1623.54,62,vegetative,0.0,False
2023-03-04 10:00:00,crop_cotton,51.35,,14.27,41.66,1544.27,62,maturity,0.0,False
2023-03-04 19:30:00,crop_cotton,57.94,,12.94,54.79,1604.59,62,maturity,0.0,False
2023-03-04 22:30:00,crop_cotton,23.38,,40.65,74.51,1956.82,62,vegetative,0.0,False
2023-03-05 03:00:00,crop_cotton,36.94,,17.07,62.24,1618.23,63,vegetative,0.0,False
2023-03-05 04:00:00,crop_cotton,47.93,,26.74,66.69,1189.59,63,flowering,0.0,False
2023-03-05 06:00:00,crop_cotton,34.52,,18.68,63.41,287.03,63,vegetative,0.0,False
2023-03-05 07:00:00,crop_cotton,50.01,,23.5,64.21,2408.99,63,maturity,0.0,False
2023-03-05 12:00:00,crop_cotton,9.75,,31.55,47.13,1616.14,63,vegetative,0.0,False
2023-03-05 17:00:00,crop_cotton,31.57,,20.09,66.7,1554.8,63,flowering,0.0,False
2023-03-05 19:00:00,crop_cotton,57.54,,22.32,49.95,86.98,63,maturity,0.0,False
2023-03-05 20:00:00,crop_cotton,41.36,,26.28,66.39,1122.47,63,maturity,0.0,False
2023-03-06 00:00:00,crop_cotton,57.52,,39.8,65.19,612.61,63,flowering,0.0,False
2023-03-06 02:30:00,crop_cotton,29.69,,16.97,51.91,1302.48,64,maturity,0.0,False
2023-03-06 03:00:00,crop_cotton,11.22,,28.1,87.14,1171.07,64,maturity,0.0,False
2023-03-06 07:00:00,crop_cotton,30.1,,25.83,81.38,773.45,64,flowering,0.0,False
2023-03-06 08:00:00,crop_cotton,29.23,,40.51,86.12,18.82,64,maturity,0.0,False
2023-03-06 11:30:00,crop_cotton,38.37,,40.15,75.6,1571.04,64,flowering,0.0,False
2023-03-06 13:30:00,crop_cotton,8.92,,39.45,53.24,2046.3,64,maturity,0.0,False
2023-03-07 01:00:00,crop_cotton,51.51,,35.83,59.12,183.83,65,flowering,0.0,False
2023-03-07 03:00:00,crop_cotton,47.14,,12.9,30.08,77.86,65,vegetative,0.0,False
2023-03-07 05:00:00,crop_cotton,36.22,,20.11,79.68,941.8,65,flowering,0.0,False
2023-03-07 05:30:00,crop_cotton,32.62,,33.11,37.73,2022.58,65,maturity,0.0,False
2023-03-07 06:00:00,crop_cotton,31.39,,38.14,47.55,343.69,65,maturity,0.0,False
2023-03-07 11:00:00,crop_cotton,49.43,,25.92,53.94,2121.83,65,flowering,0.0,False
2023-03-07 12:00:00,crop_cotton,11.02,,19.18,34.45,1370.39,65,maturity,0.0,False
2023-03-07 16:00:00,crop_cotton,32.66,,31.36,28.39,702.37,65,maturity,0.0,False
2023-03-07 17:00:00,crop_cotton,26.18,,14.36,84.85,2234.3,65,vegetative,0.0,False
2023-03-07 18:00:00,crop_cotton,48.69,,24.5,48.93,348.22,65,flowering,0.0,False
2023-03-07 18:30:00,crop_cotton,8.75,,24.9,87.8,819.81,65,maturity,0.0,False
2023-03-07 19:00:00,crop_cotton,26.0,,32.31,71.56,1199.83,65,flowering,0.0,False
2023-03-08 01:00:00,crop_cotton,47.53,,27.55,68.95,2462.7,66,flowering,0.0,False
2023-03-08 07:00:00,crop_cotton,10.16,,38.95,33.86,362.5,66,flowering,0.0,False
2023-03-08 08:00:00,crop_cotton,24.31,,20.82,48.06,1980.78,66,flowering,0.0,False
2023-03-08 13:30:00,crop_cotton,39.96,,12.58,47.04,537.02,66,maturity,0.0,False
2023-03-08 14:30:00,crop_cotton,51.2,,28.01,56.31,689.29,66,vegetative,0.0,False
2023-03-08 17:00:00,crop_cotton,64.44,,39.09,67.0,818.83,66,vegetative,0.0,False
2023-03-08 19:30:00,crop_cotton,49.12,,25.95,88.11,2037.85,66,maturity,0.0,False
2023-03-09 15:30:00,crop_cotton,39.96,,13.87,63.33,916.16,67,maturity,0.0,False
2023-03-09 16:30:00,crop_cotton,20.06,,23.2,86.76,754.68,67,maturity,0.0,False
2023-03-09 18:30:00,crop_cotton,34.41,,12.11,25.78,849.18,67,flowering,0.0,False
2023-03-09 20:30:00,crop_cotton,25.47,,15.96,56.41,1763.64,67,vegetative,0.0,False
2023-03-09 21:30:00,crop_cotton,25.43,,30.36,67.3,305.68,67,maturity,0.0,False
2023-03-09 23:00:00,crop_cotton,12.57,,33.35,88.72,1992.21,67,maturity,0.0,False
2023-03-10 03:00:00,crop_cotton,16.86,,22.01,79.41,1855.85,68,maturity,0.0,False
2023-03-10 06:00:00,crop_cotton,16.5,,29.48,90.18,675.22,68,maturity,0.0,False
2023-03-10 07:00:00,crop_cotton,10.45,,41.77,80.16,416.44,68,vegetative,0.0,False
2023-03-10 11:30:00,crop_cotton,63.53,,41.53,90.12,2404.51,68,maturity,0.0,False
2023-03-10 13:00:00,crop_cotton,60.54,,26.75,38.95,8.93,68,maturity,0.0,False
2023-03-10 13:30:00,crop_cotton,33.69,,20.75,90.72,1540.63,68,vegetative,0.0,False
2023-03-10 14:00:00,crop_cotton,29.2,,18.99,40.9,1756.11,68,vegetative,0.0,False
2023-03-10 14:30:00,crop_cotton,34.28,,30.49,51.08,328.03,68,vegetative,0.0,False
2023-03-10 15:00:00,crop_cotton,55.57,,14.25,82.87,417.09,68,maturity,0.0,False
2023-03-10 15:30:00,crop_cotton,45.59,,27.27,39.61,2407.69,68,maturity,0.0,False
2023-03-10 16:30:00,crop_cotton,62.58,,27.98,57.05,392.43,68,flowering,0.0,False
2023-03-10 17:30:00,crop_cotton,50.5,,29.11,92.06,2230.28,68,maturity,0.0,False
2023-03-10 19:00:00,crop_cotton,17.73,,19.12,29.01,989.97,68,flowering,0.0,False
2023-03-10 22:00:00,crop_cotton,35.32,,17.45,38.13,1304.39,68,maturity,0.0,False
2023-03-10 23:30:00,crop_cotton,56.97,,17.56,47.76,1606.65,68,maturity,0.0,False
2023-03-11 01:00:00,crop_cotton,61.27,,24.39,72.5,360.43,69,maturity,0.0,False
2023-03-11 03:30:00,crop_cotton,17.14,,40.51,46.49,2415.11,69,maturity,0.0,False
2023-03-11 05:30:00,crop_cotton,21.63,,14.3,57.34,2263.49,69,maturity,0.0,False
2023-03-11 06:30:00,crop_cotton,25.51,,21.38,48.24,2331.76,69,maturity,0.0,False
2023-03-11 07:00:00,crop_cotton,42.09,,33.9,57.94,2197.77,69,maturity,0.0,False
2023-03-11 08:30:00,crop_cotton,46.7,,27.55,37.01,553.65,69,maturity,0.0,False
2023-03-11 17:30:00,crop_cotton,52.38,,21.6,31.16,1350.4,69,vegetative,0.0,False
2023-03-11 18:00:00,crop_cotton,62.51,,35.66,71.11,464.24,69,maturity,0.0,False
2023-03-11 20:00:00,crop_cotton,52.02,,16.85,76.78,1326.08,69,maturity,0.0,False
2023-03-11 21:00:00,crop_cotton,11.6,,36.09,87.74,655.63,69,flowering,0.0,False
2023-03-11 22:30:00,crop_cotton,36.72,,16.69,58.93,2198.46,69,vegetative,0.0,False
2023-03-11 23:00:00,crop_cotton,16.88,,17.33,59.0,1120.2,69,maturity,0.0,False
2023-03-12 02:30:00,crop_cotton,17.63,,23.94,77.16,1221.22,70,maturity,0.0,False
2023-03-12 03:30:00,crop_cotton,26.24,,18.32,37.97,1549.81,70,maturity,0.0,False
2023-03-12 06:30:00,crop_cotton,61.93,,18.69,61.94,804.08,70,maturity,0.0,False
2023-03-12 08:00:00,crop_cotton,55.36,,21.36,65.45,1785.99,70,vegetative,0.0,False
2023-03-12 11:30:00,crop_cotton,38.46,,14.61,42.72,1177.39,70,maturity,0.0,False
2023-03-12 13:00:00,crop_cotton,37.9,,20.27,72.63,8.27,70,maturity,0.0,False
2023-03-12 13:30:00,crop_cotton,8.75,,26.51,88.73,884.03,70,maturity,0.0,False
2023-03-12 14:00:00,crop_cotton,49.97,,18.93,35.92,1012.07,70,maturity,0.0,False
2023-03-12 14:30:00,crop_cotton,49.74,,41.79,86.53,1832.73,70,vegetative,0.0,False
2023-03-12 16:00:00,crop_cotton,20.76,,28.45,71.52,879.48,70,flowering,0.0,False
2023-03-12 17:30:00,crop_cotton,42.39,,41.63,78.24,77.11,70,flowering,0.0,False
2023-03-12 18:00:00,crop_cotton,29.4,,38.31,36.29,1488.15,70,flowering,0.0,False
2023-03-12 21:00:00,crop_cotton,64.21,,33.34,46.18,2349.7,70,vegetative,0.0,False
2023-03-12 21:30:00,crop_cotton,41.6,,18.63,38.35,1526.14,70,vegetative,0.0,False
2023-03-12 22:00:00,crop_cotton,11.16,,34.47,28.79,439.91,70,flowering,0.0,False
2023-03-13 03:00:00,crop_cotton,57.39,,27.15,94.07,1968.63,71,maturity,0.0,False
2023-03-13 07:00:00,crop_cotton,42.05,,14.01,69.61,2355.16,71,vegetative,0.0,False
2023-03-13 19:00:00,crop_cotton,26.75,,32.61,46.51,155.55,71,maturity,0.0,False
2023-03-14 06:00:00,crop_cotton,29.25,,22.55,34.3,112.97,72,maturity,0.0,False
2023-03-14 10:30:00,crop_cotton,22.93,,40.49,43.32,1626.43,72,vegetative,0.0,False
2023-03-14 11:00:00,crop_cotton,42.64,,30.9,39.99,1842.01,72,maturity,0.0,False
2023-03-14 11:30:00,crop_cotton,40.83,,22.89,82.29,1993.05,72,vegetative,0.0,False
2023-03-14 12:00:00,crop_cotton,30.62,,33.58,48.3,372.71,72,maturity,0.0,False
2023-03-14 13:30:00,crop_cotton,50.73,,19.88,49.91,1173.85,72,maturity,0.0,False
2023-03-14 14:00:00,crop_cotton,38.63,,24.51,32.19,2428.11,72,vegetative,0.0,False
2023-03-14 15:00:00,crop_cotton,18.54,,23.65,51.71,1275.07,72,vegetative,0.0,False
2023-03-15 03:00:00,crop_cotton,39.11,,23.79,61.57,2361.66,73,maturity,0.0,False
2023-03-15 03:30:00,crop_cotton,34.33,,18.32,35.19,1900.85,73,flowering,0.0,False
2023-03-15 07:00:00,crop_cotton,21.26,,31.95,56.2,721.51,73,maturity,0.0,False
2023-03-15 17:30:00,crop_cotton,49.67,,15.27,32.02,245.75,73,maturity,0.0,False
2023-03-15 18:30:00,crop_cotton,62.9,,31.35,57.43,1141.9,73,vegetative,0.0,False
2023-03-15 19:00:00,crop_cotton,36.41,,39.28,67.89,345.07,73,vegetative,0.0,False
2023-03-15 21:30:00,crop_cotton,32.95,,21.15,47.3,149.7,73,flowering,0.0,False
2023-03-15 22:30:00,crop_cotton,10.86,,23.88,73.68,827.46,73,maturity,0.0,False
2023-03-15 23:30:00,crop_cotton,56.57,,36.89,43.52,307.64,73,maturity,0.0,False
2023-03-16 00:00:00,crop_cotton,36.86,,12.74,50.88,1189.89,73,maturity,0.0,False
2023-03-16 03:30:00,crop_cotton,61.26,,31.83,63.97,1308.77,74,maturity,0.0,False
2023-03-16 04:30:00,crop_cotton,44.7,,15.81,40.0,1495.41,74,vegetative,0.0,False
2023-03-16 09:30:00,crop_cotton,26.79,,17.52,41.77,1571.23,74,maturity,0.0,False
2023-03-16 12:30:00,crop_cotton,34.18,,39.99,33.47,471.07,74,flowering,0.0,False
2023-03-16 14:30:00,crop_cotton,47.92,,17.41,89.06,497.88,74,maturity,0.0,False
2023-03-16 18:00:00,crop_cotton,50.64,,38.66,86.59,597.15,74,maturity,0.0,False
2023-03-17 02:30:00,crop_cotton,44.06,,32.03,38.83,537.01,75,vegetative,0.0,False
2023-03-17 03:30:00,crop_cotton,17.75,,39.34,28.66,1358.54,75,vegetative,0.0,False
2023-03-17 06:30:00,crop_cotton,31.02,,29.48,25.93,2022.4,75,vegetative,0.0,False
2023-03-17 07:30:00,crop_cotton,42.54,,16.61,90.09,1650.15,75,maturity,0.0,False
2023-03-17 08:30:00,crop_cotton,60.04,,34.83,40.61,434.54,75,vegetative,0.0,False
2023-03-17 09:00:00,crop_cotton,29.5,,41.04,75.09,2195.4,75,flowering,0.0,False
2023-03-17 13:00:00,crop_cotton,14.3,,22.55,48.33,2128.74,75,vegetative,0.0,False
2023-03-17 18:00:00,crop_cotton,43.76,,38.59,62.39,571.07,75,maturity,0.0,False
2023-03-17 18:30:00,crop_cotton,35.42,,35.59,53.62,1212.23,75,flowering,0.0,False
2023-03-17 19:30:00,crop_cotton,55.47,,35.73,59.82,70.98,75,maturity,0.0,False
2023-03-18 00:30:00,crop_cotton,47.42,,12.11,60.25,1041.95,75,vegetative,0.0,False
2023-03-18 07:00:00,crop_cotton,30.88,,31.43,90.86,2167.36,76,maturity,0.0,False
2023-03-18 08:00:00,crop_cotton,15.0,,18.67,75.39,1901.26,76,flowering,0.0,False
2023-03-18 09:30:00,crop_cotton,64.87,,17.99,80.87,691.6,76,vegetative,0.0,False
2023-03-18 12:00:00,crop_cotton,33.96,,33.09,84.01,2390.78,76,maturity,0.0,False
2023-03-18 15:00:00,crop_cotton,46.97,,30.74,35.33,2297.0,76,vegetative,0.0,False
2023-03-18 16:00:00,crop_cotton,18.06,,22.57,54.65,2101.21,76,maturity,0.0,False
2023-03-18 16:30:00,crop_cotton,49.13,,13.99,84.02,741.44,76,vegetative,0.0,False
2023-03-18 17:30:00,crop_cotton,13.22,,41.62,56.58,808.0,76,maturity,0.0,False
2023-03-18 21:00:00,crop_cotton,39.38,,23.65,61.44,2235.3,76,maturity,0.0,False
2023-03-18 21:30:00,crop_cotton,48.27,,33.09,46.97,1296.16,76,vegetative,0.0,False
2023-03-18 22:30:00,crop_cotton,37.38,,26.59,68.34,1117.14,76,vegetative,0.0,False
2023-03-19 01:00:00,crop_cotton,22.78,,37.82,83.77,1328.68,77,maturity,0.0,False
2023-03-19 06:30:00,crop_cotton,34.27,,16.9,51.29,376.79,77,maturity,0.0,False
2023-03-19 07:30:00,crop_cotton,47.88,,24.48,58.67,2287.79,77,maturity,0.0,False
2023-03-19 09:30:00,crop_cotton,48.66,,39.58,48.53,821.84,77,maturity,0.0,False
2023-03-19 14:00:00,crop_cotton,8.58,,32.1,89.88,1934.78,77,vegetative,0.0,False
2023-03-19 15:00:00,crop_cotton,9.75,,38.13,27.01,2373.82,77,flowering,0.0,False
2023-03-20 00:00:00,crop_cotton,9.45,,12.21,89.56,1663.21,77,vegetative,0.0,False
2023-03-20 00:30:00,crop_cotton,59.29,,14.42,91.05,1916.19,77,maturity,0.0,False
2023-03-20 05:30:00,crop_cotton,20.39,,30.71,65.89,218.7,78,flowering,0.0,False
2023-03-20 13:00:00,crop_cotton,41.91,,17.21,87.45,1442.37,78,maturity,0.0,False
2023-03-20 14:00:00,crop_cotton,50.7,,17.05,26.04,677.81,78,maturity,0.0,False
2023-03-20 21:30:00,crop_cotton,61.29,,28.56,73.47,749.54,78,flowering,0.0,False
2023-03-21 07:30:00,crop_cotton,22.61,,12.46,47.82,667.04,79,maturity,0.0,False
2023-03-21 09:30:00,crop_cotton,62.7,,31.59,54.42,312.5,79,flowering,0.0,False
2023-03-21 11:30:00,crop_cotton,12.87,,37.61,65.12,440.43,79,vegetative,0.0,False
2023-03-21 19:00:00,crop_cotton,58.73,,28.0,62.0,1459.12,79,flowering,0.0,False
2023-03-21 21:00:00,crop_cotton,38.86,,31.61,60.57,978.06,79,vegetative,0.0,False
2023-03-21 21:30:00,crop_cotton,59.65,,33.1,59.03,1840.22,79,maturity,0.0,False
2023-03-22 03:00:00,crop_cotton,52.23,,14.09,86.55,1367.16,80,flowering,0.0,False
2023-03-22 07:30:00,crop_cotton,52.62,,24.15,53.01,1235.32,80,maturity,0.0,False
2023-03-22 09:00:00,crop_cotton,25.96,,34.74,34.85,2148.48,80,vegetative,0.0,False
2023-03-22 10:00:00,crop_cotton,23.66,,18.65,41.56,1337.96,80,maturity,0.0,False
2023-03-22 18:00:00,crop_cotton,13.98,,41.6,25.15,360.71,80,flowering,0.0,False
2023-03-22 19:30:00,crop_cotton,12.79,,29.65,27.32,52.25,80,flowering,0.0,False
2023-03-22 21:30:00,crop_cotton,26.93,,12.79,53.06,567.3,80,flowering,0.0,False
2023-03-22 22:00:00,crop_cotton,55.69,,27.94,29.72,2294.17,80,maturity,0.0,False
2023-03-23 09:30:00,crop_cotton,52.46,,38.97,54.12,1585.16,81,flowering,0.0,False
2023-03-23 22:00:00,crop_cotton,36.48,,12.03,50.6,1337.11,81,maturity,0.0,False
2023-03-24 01:30:00,crop_cotton,33.51,,19.85,63.7,1453.62,82,maturity,0.0,False
2023-03-24 02:30:00,crop_cotton,13.42,,27.28,83.26,1561.92,82,flowering,0.0,False
2023-03-24 15:00:00,crop_cotton,9.25,,36.1,89.67,1770.41,82,vegetative,0.0,False
2023-03-24 21:30:00,crop_cotton,8.03,,21.27,32.03,792.31,82,flowering,0.0,False
2023-03-25 00:30:00,crop_cotton,45.17,,38.54,73.84,278.64,82,maturity,0.0,False
2023-03-25 03:00:00,crop_cotton,30.21,,16.62,77.73,348.01,83,maturity,0.0,False
2023-03-25 03:30:00,crop_cotton,8.86,,15.35,71.04,2119.8,83,maturity,0.0,False
2023-03-25 07:30:00,crop_cotton,53.76,,31.19,45.08,2256.75,83,vegetative,0.0,False
2023-03-25 08:30:00,crop_cotton,19.67,,41.29,61.63,1012.17,83,flowering,0.0,False
2023-03-25 16:30:00,crop_cotton,21.11,,38.73,43.32,20.04,83,vegetative,0.0,False
2023-03-25 19:30:00,crop_cotton,61.26,,37.49,86.13,2433.33,83,maturity,0.0,False
2023-03-25 21:30:00,crop_cotton,43.25,,38.84,79.2,1176.2,83,maturity,0.0,False
2023-03-25 23:00:00,crop_cotton,61.1,,39.72,66.72,1686.61,83,maturity,0.0,False
2023-03-26 10:30:00,crop_cotton,61.78,,24.22,29.18,1912.97,84,flowering,0.0,False
2023-03-26 18:30:00,crop_cotton,14.74,,24.88,48.24,1892.1,84,maturity,0.0,False
2023-03-26 19:30:00,crop_cotton,33.41,,24.01,72.35,2490.03,84,vegetative,0.0,False
2023-03-26 23:00:00,crop_cotton,13.66,,34.65,91.96,536.18,84,maturity,0.0,False
2023-03-27 00:30:00,crop_cotton,51.69,,25.92,25.78,2171.42,84,flowering,0.0,False
2023-03-27 07:00:00,crop_cotton,40.9,,27.82,76.03,2393.85,85,maturity,0.0,False
2023-03-27 14:30:00,crop_cotton,43.61,,39.22,68.49,1496.62,85,flowering,0.0,False
2023-03-27 18:30:00,crop_cotton,18.26,,14.67,62.86,1713.51,85,flowering,0.0,False
2023-03-28 00:00:00,crop_cotton,64.05,,15.47,84.62,148.88,85,maturity,0.0,False
2023-03-28 03:30:00,crop_cotton,43.22,,41.09,65.39,929.42,86,maturity,0.0,False
2023-03-28 04:00:00,crop_cotton,23.72,,15.59,40.13,269.77,86,vegetative,0.0,False
2023-03-28 05:30:00,crop_cotton,58.34,,23.61,41.26,2099.66,86,maturity,0.0,False
2023-03-28 07:30:00,crop_cotton,39.86,,35.62,75.68,726.97,86,maturity,0.0,False
2023-03-28 08:00:00,crop_cotton,15.18,,38.26,87.7,1038.5,86,vegetative,0.0,False
2023-03-28 13:30:00,crop_cotton,23.17,,38.95,58.13,1733.48,86,maturity,0.0,False
2023-03-28 20:00:00,crop_cotton,11.92,,19.17,92.08,2426.18,86,flowering,0.0,False
2023-03-28 21:00:00,crop_cotton,50.02,,28.45,47.96,1400.06,86,maturity,0.0,False
2023-03-28 21:30:00,crop_cotton,59.41,,20.69,72.61,379.8,86,flowering,0.0,False
2023-03-28 22:30:00,crop_cotton,34.01,,22.4,70.74,459.75,86,maturity,0.0,False
2023-03-29 00:00:00,crop_cotton,37.77,,30.21,78.43,1353.39,86,vegetative,0.0,False
2023-03-29 02:30:00,crop_cotton,23.49,,23.62,85.1,1495.1,87,maturity,0.0,False
2023-03-29 04:00:00,crop_cotton,60.4,,28.74,50.48,1133.74,87,maturity,0.0,False
2023-03-29 04:30:00,crop_cotton,52.34,,24.19,73.03,1193.52,87,maturity,0.0,False
2023-03-29 07:00:00,crop_cotton,48.63,,22.54,41.5,1185.52,87,maturity,0.0,False
2023-03-29 09:00:00,crop_cotton,46.97,,40.42,76.39,2476.59,87,maturity,0.0,False
2023-03-29 10:30:00,crop_cotton,26.58,,14.44,79.37,581.41,87,maturity,0.0,False
2023-03-29 12:30:00,crop_cotton,27.21,,17.52,84.49,2469.73,87,vegetative,0.0,False
2023-03-29 14:30:00,crop_cotton,51.45,,19.13,53.87,1558.77,87,vegetative,0.0,False
2023-03-29 21:30:00,crop_cotton,17.05,,26.48,36.29,1233.81,87,vegetative,0.0,False
2023-03-30 00:00:00,crop_cotton,24.86,,36.59,66.37,2160.09,87,vegetative,0.0,False
2023-03-30 02:00:00,crop_cotton,17.97,,35.18,93.69,2227.73,88,maturity,0.0,False
2023-03-30 03:30:00,crop_cotton,18.62,,25.11,37.81,1324.38,88,maturity,0.0,False
2023-03-30 11:00:00,crop_cotton,56.88,,37.02,87.21,611.57,88,flowering,0.0,False
2023-03-30 12:00:00,crop_cotton,62.34,,18.38,65.24,1742.46,88,maturity,0.0,False
2023-03-30 13:00:00,crop_cotton,53.65,,14.62,72.03,1081.67,88,maturity,0.0,False
2023-03-30 19:30:00,crop_cotton,16.29,,15.92,72.71,1350.13,88,vegetative,0.0,False
2023-03-30 22:30:00,crop_cotton,51.76,,31.02,73.45,1538.58,88,vegetative,0.0,False
2023-03-31 02:00:00,crop_cotton,60.52,,19.58,72.63,1109.43,89,flowering,0.0,False
2023-03-31 02:30:00,crop_cotton,39.92,,13.65,46.19,1626.99,89,maturity,0.0,False
2023-03-31 03:00:00,crop_cotton,10.57,,35.03,74.13,43.95,89,vegetative,0.0,False
2023-03-31 04:00:00,crop_cotton,31.74,,18.59,51.07,2038.64,89,maturity,0.0,False
2023-03-31 13:30:00,crop_cotton,55.85,,18.25,60.1,2222.0,89,vegetative,0.0,False
2023-03-31 16:30:00,crop_cotton,39.43,,18.59,87.01,1807.24,89,maturity,0.0,False
2023-03-31 19:30:00,crop_cotton,39.08,,32.82,82.55,1034.16,89,vegetative,0.0,False
2023-04-01 02:30:00,crop_cotton,61.88,,28.87,55.19,1676.7,90,maturity,0.0,False
2023-04-01 05:00:00,crop_cotton,13.02,,32.28,80.39,1643.28,90,maturity,0.0,False
2023-04-01 06:30:00,crop_cotton,59.42,,13.15,80.22,2402.21,90,maturity,0.0,False
2023-04-01 10:00:00,crop_cotton,56.22,,26.57,82.47,1197.53,90,maturity,0.0,False
2023-04-01 11:30:00,crop_cotton,52.82,,21.77,46.07,581.12,90,maturity,0.0,False
2023-04-01 12:30:00,crop_cotton,45.06,,26.1,53.25,1043.84,90,flowering,0.0,False
2023-04-01 13:00:00,crop_cotton,19.38,,34.24,87.96,2114.55,90,maturity,0.0,False
2023-04-01 15:30:00,crop_cotton,13.2,,31.32,70.56,849.48,90,maturity,0.0,False
2023-04-01 18:30:00,crop_cotton,59.12,,20.73,78.53,1843.48,90,vegetative,0.0,False
2023-04-01 22:00:00,crop_cotton,27.36,,30.33,62.37,2114.86,90,maturity,0.0,False
2023-04-01 22:30:00,crop_cotton,29.65,,30.18,91.17,96.1,90,flowering,0.0,False
2023-04-02 08:30:00,crop_cotton,58.32,,40.97,87.26,1550.89,91,flowering,0.0,False
2023-04-02 09:00:00,crop_cotton,33.36,,27.97,63.18,947.82,91,maturity,0.0,False
2023-04-02 12:30:00,crop_cotton,42.79,,32.31,59.36,832.16,91,vegetative,0.0,False
2023-04-02 15:30:00,crop_cotton,29.2,,33.3,56.59,2381.74,91,maturity,0.0,False
2023-04-02 21:30:00,crop_cotton,11.05,,25.81,74.48,1442.67,91,vegetative,0.0,False
2023-04-02 22:30:00,crop_cotton,28.98,,29.13,36.94,866.82,91,maturity,0.0,False
2023-04-03 01:00:00,crop_cotton,18.53,,37.98,93.12,799.58,92,maturity,0.0,False
2023-04-03 02:30:00,crop_cotton,38.7,,29.67,76.85,1102.79,92,maturity,0.0,False
2023-04-03 06:30:00,crop_cotton,46.18,,22.36,63.87,668.71,92,maturity,0.0,False
2023-04-03 07:00:00,crop_cotton,61.48,,26.66,48.57,1657.46,92,maturity,0.0,False
2023-04-03 07:30:00,crop_cotton,12.89,,31.94,47.31,2358.4,92,maturity,0.0,False
2023-04-03 08:30:00,crop_cotton,33.31,,30.87,66.96,306.46,92,maturity,0.0,False
2023-04-03 14:00:00,crop_cotton,21.4,,30.37,39.41,1820.03,92,flowering,0.0,False
2023-04-03 15:00:00,crop_cotton,60.9,,13.36,45.31,853.63,92,vegetative,0.0,False
2023-04-03 17:30:00,crop_cotton,43.53,,28.65,51.34,1768.08,92,maturity,0.0,False
2023-04-03 22:00:00,crop_cotton,27.17,,40.48,54.21,315.69,92,vegetative,0.0,False
2023-04-03 22:30:00,crop_cotton,52.06,,15.16,80.74,1640.27,92,maturity,0.0,False
2023-04-03 23:00:00,crop_cotton,48.83,,41.78,73.45,1755.31,92,maturity,0.0,False
2023-04-04 00:00:00,crop_cotton,56.59,,17.13,26.66,1257.32,92,maturity,0.0,False
2023-04-04 09:00:00,crop_cotton,44.8,,21.9,38.7,231.82,93,flowering,0.0,False
2023-04-04 09:30:00,crop_cotton,64.81,,29.74,65.38,764.8,93,flowering,0.0,False
2023-04-04 10:00:00,crop_cotton,21.24,,34.11,52.09,2077.04,93,maturity,0.0,False
2023-04-04 12:00:00,crop_cotton,37.14,,18.53,52.07,354.11,93,vegetative,0.0,False
2023-04-05 07:00:00,crop_cotton,42.6,,39.97,74.7,1614.69,94,maturity,0.0,False
2023-04-05 12:00:00,crop_cotton,35.46,,16.49,85.38,1794.64,94,maturity,0.0,False
2023-04-05 12:30:00,crop_cotton,50.82,,38.84,75.94,1872.14,94,flowering,0.0,False
2023-04-05 17:30:00,crop_cotton,31.95,,19.18,73.09,2299.48,94,vegetative,0.0,False
2023-04-05 19:00:00,crop_cotton,42.03,,35.81,55.1,2167.61,94,maturity,0.0,False
2023-04-05 23:00:00,crop_cotton,50.47,,13.52,28.82,1018.81,94,maturity,0.0,False
2023-04-05 23:30:00,crop_cotton,27.27,,34.91,48.93,425.86,94,maturity,0.0,False
2023-04-06 00:00:00,crop_cotton,28.03,,20.75,89.27,1008.5,94,vegetative,0.0,False
2023-04-06 03:00:00,crop_cotton,28.99,,26.26,32.78,1986.28,95,flowering,0.0,False
2023-04-06 06:00:00,crop_cotton,56.23,,36.19,93.45,2390.87,95,vegetative,0.0,False
2023-04-06 10:00:00,crop_cotton,48.98,,18.0,71.8,1463.59,95,vegetative,0.0,False
2023-04-06 10:30:00,crop_cotton,35.94,,14.48,31.28,1535.39,95,maturity,0.0,False
2023-04-06 16:00:00,crop_cotton,17.36,,40.42,64.7,2313.81,95,maturity,0.0,False
2023-04-06 17:00:00,crop_cotton,26.24,,21.36,93.81,512.97,95,maturity,0.0,False
2023-04-06 20:00:00,crop_cotton,19.66,,21.74,43.51,300.34,95,maturity,0.0,False
2023-04-06 23:00:00,crop_cotton,59.09,,22.6,87.22,1932.17,95,maturity,0.0,False
2023-04-07 08:00:00,crop_cotton,18.61,,20.7,44.78,314.26,96,maturity,0.0,False
2023-04-07 16:30:00,crop_cotton,58.87,,19.82,64.58,1829.92,96,maturity,0.0,False
2023-04-07 21:00:00,crop_cotton,24.94,,32.9,53.69,377.48,96,vegetative,0.0,False
2023-04-08 01:30:00,crop_cotton,34.83,,17.04,77.82,2103.22,97,maturity,0.0,False
2023-04-08 05:30:00,crop_cotton,15.12,,41.85,89.41,1414.41,97,flowering,0.0,False
2023-04-08 06:00:00,crop_cotton,17.72,,14.21,87.71,846.45,97,maturity,0.0,False
2023-04-08 12:00:00,crop_cotton,56.15,,19.54,73.75,900.34,97,maturity,0.0,False
2023-04-08 16:00:00,crop_cotton,55.63,,15.7,42.92,543.48,97,vegetative,0.0,False
2023-04-08 18:30:00,crop_cotton,31.32,,17.5,78.18,643.25,97,maturity,0.0,False
2023-04-08 23:00:00,crop_cotton,27.19,,18.67,76.42,2449.21,97,flowering,0.0,False
2023-04-09 06:30:00,crop_cotton,55.0,,15.03,73.42,1597.19,98,vegetative,0.0,False
2023-04-09 09:00:00,crop_cotton,36.13,,37.43,44.18,1568.59,98,maturity,0.0,False
2023-04-09 13:30:00,crop_cotton,34.66,,23.24,91.18,1455.7,98,maturity,0.0,False
2023-04-09 14:30:00,crop_cotton,32.91,,18.52,56.1,1806.35,98,maturity,0.0,False
2023-04-09 15:00:00,crop_cotton,30.39,,36.4,29.74,245.32,98,flowering,0.0,False
2023-04-09 15:30:00,crop_cotton,36.48,,12.05,35.66,2172.12,98,maturity,0.0,False
2023-04-09 17:30:00,crop_cotton,29.52,,15.12,74.4,969.74,98,flowering,0.0,False
2023-04-09 20:00:00,crop_cotton,58.71,,21.57,72.48,2187.38,98,maturity,0.0,False
2023-04-09 22:00:00,crop_cotton,63.35,,15.58,53.37,824.25,98,flowering,0.0,False
2023-04-10 02:00:00,crop_cotton,20.09,,32.3,43.39,1354.0,99,maturity,0.0,False
2023-04-10 04:00:00,crop_cotton,48.74,,41.48,80.98,221.51,99,maturity,0.0,False
2023-04-10 06:00:00,crop_cotton,26.62,,32.03,93.42,442.86,99,flowering,0.0,False
2023-04-10 07:00:00,crop_cotton,30.49,,31.86,44.76,1480.11,99,flowering,0.0,False
2023-04-10 10:00:00,crop_cotton,9.39,,35.68,74.25,1849.61,99,vegetative,0.0,False
2023-04-10 12:30:00,crop_cotton,37.56,,26.86,86.15,2409.51,99,vegetative,0.0,False
2023-04-10 18:00:00,crop_cotton,58.92,,13.19,86.93,129.45,99,flowering,0.0,False
2023-04-10 20:00:00,crop_cotton,36.34,,29.92,68.83,934.0,99,flowering,0.0,False
2023-04-10 20:30:00,crop_cotton,11.44,,13.56,55.81,75.43,99,flowering,0.0,False
2023-04-11 03:30:00,crop_cotton,9.03,,38.04,36.11,2035.44,100,maturity,0.0,False
2023-04-11 04:00:00,crop_cotton,42.68,,15.78,37.2,1860.77,100,flowering,0.0,False
2023-04-11 16:30:00,crop_cotton,63.37,,36.1,50.66,1044.65,100,maturity,0.0,False
2023-04-11 17:30:00,crop_cotton,17.15,,26.92,47.73,1139.82,100,vegetative,0.0,False
2023-04-11 21:30:00,crop_cotton,56.97,,17.81,25.04,312.74,100,flowering,0.0,False
2023-04-12 06:00:00,crop_cotton,49.82,,24.01,92.93,195.65,101,maturity,0.0,False
2023-04-12 12:00:00,crop_cotton,28.27,,19.34,68.27,1158.77,101,vegetative,0.0,False
2023-04-12 13:30:00,crop_cotton,17.84,,13.18,59.53,440.97,101,flowering,0.0,False
2023-04-12 21:30:00,crop_cotton,8.87,,31.09,47.13,2304.27,101,maturity,0.0,False
2023-04-12 23:30:00,crop_cotton,50.45,,30.71,36.84,1604.13,101,maturity,0.0,False
2023-04-13 06:30:00,crop_cotton,52.73,,21.33,30.53,1498.8,102,vegetative,0.0,False
2023-04-13 07:00:00,crop_cotton,38.25,,27.51,80.23,1996.96,102,flowering,0.0,False
2023-04-13 13:30:00,crop_cotton,49.81,,34.31,66.68,1200.46,102,flowering,0.0,False
2023-04-13 16:30:00,crop_cotton,62.16,,15.22,27.92,2220.32,102,flowering,0.0,False
2023-04-13 18:30:00,crop_cotton,50.04,,36.73,63.0,1681.02,102,vegetative,0.0,False
2023-04-13 22:00:00,crop_cotton,13.24,,41.66,41.68,1831.54,102,vegetative,0.0,False
2023-04-14 05:00:00,crop_cotton,15.3,,19.29,81.48,1149.45,103,vegetative,0.0,False
2023-04-14 08:00:00,crop_cotton,37.76,,12.77,63.68,545.3,103,flowering,0.0,False
2023-04-14 09:30:00,crop_cotton,59.47,,37.18,66.36,98.21,103,flowering,0.0,False
2023-04-14 11:00:00,crop_cotton,50.08,,38.46,41.7,1844.81,103,vegetative,0.0,False
2023-04-14 16:00:00,crop_cotton,9.15,,28.5,55.46,2108.5,103,maturity,0.0,False
2023-04-14 19:00:00,crop_cotton,56.43,,30.06,48.44,803.69,103,flowering,0.0,False
2023-04-14 22:00:00,crop_cotton,21.49,,16.26,40.9,148.55,103,maturity,0.0,False
2023-04-15 01:30:00,crop_cotton,57.99,,30.67,92.63,1485.99,104,vegetative,0.0,False
2023-04-15 02:30:00,crop_cotton,25.31,,34.47,46.33,2302.3,104,vegetative,0.0,False
2023-04-15 05:00:00,crop_cotton,27.76,,17.86,57.42,623.27,104,maturity,0.0,False
2023-04-15 13:30:00,crop_cotton,21.78,,21.51,43.35,2013.15,104,vegetative,0.0,False
2023-04-15 18:00:00,crop_cotton,20.47,,15.44,51.77,954.46,104,maturity,0.0,False
2023-04-15 22:00:00,crop_cotton,41.04,,13.02,93.44,2093.34,104,maturity,0.0,False
2023-04-16 02:00:00,crop_cotton,11.54,,26.81,39.97,723.24,105,flowering,0.0,False
2023-04-16 14:30:00,crop_cotton,41.89,,41.63,31.06,986.86,105,flowering,0.0,False
2023-04-16 16:00:00,crop_cotton,34.76,,40.42,42.88,1634.93,105,vegetative,0.0,False
2023-04-16 20:00:00,crop_cotton,47.7,,35.94,61.95,1706.55,105,maturity,0.0,False
2023-04-16 23:00:00,crop_cotton,19.91,,37.84,36.77,48.09,105,maturity,0.0,False
2023-04-17 01:00:00,crop_cotton,48.29,,38.64,60.81,458.53,106,vegetative,0.0,False
2023-04-17 01:30:00,crop_cotton,50.45,,30.95,54.33,1177.06,106,maturity,0.0,False
2023-04-17 05:30:00,crop_cotton,18.99,,41.61,28.2,1029.36,106,maturity,0.0,False
2023-04-17 06:00:00,crop_cotton,59.63,,24.02,87.33,1035.46,106,flowering,0.0,False
2023-04-17 07:00:00,crop_cotton,25.58,,40.07,81.92,1721.35,106,vegetative,0.0,False
2023-04-17 13:00:00,crop_cotton,40.32,,24.32,29.76,869.66,106,flowering,0.0,False
2023-04-17 13:30:00,crop_cotton,41.51,,20.91,56.12,1648.18,106,maturity,0.0,False
2023-04-17 22:30:00,crop_cotton,25.69,,29.52,33.01,1046.79,106,maturity,0.0,False
2023-04-18 00:00:00,crop_cotton,22.35,,18.06,55.36,1914.55,106,vegetative,0.0,False
2023-04-18 12:00:00,crop_cotton,42.97,,31.82,56.74,696.27,107,vegetative,0.0,False
2023-04-18 14:00:00,crop_cotton,28.91,,41.52,84.88,2078.86,107,maturity,0.0,False
2023-04-18 16:30:00,crop_cotton,56.26,,40.87,94.29,1854.24,107,vegetative,0.0,False
2023-04-19 01:00:00,crop_cotton,19.04,,35.04,86.13,530.12,108,maturity,0.0,False
2023-04-19 02:30:00,crop_cotton,10.31,,20.34,84.53,845.57,108,maturity,0.0,False
2023-04-19 05:00:00,crop_cotton,29.2,,35.61,55.02,1080.03,108,vegetative,0.0,False
2023-04-19 05:30:00,crop_cotton,53.94,,12.66,47.67,1025.11,108,maturity,0.0,False
2023-04-19 07:00:00,crop_cotton,53.43,,32.88,48.15,2175.12,108,vegetative,0.0,False
2023-04-19 08:30:00,crop_cotton,30.31,,20.64,90.92,1712.76,108,flowering,0.0,False
2023-04-19 10:30:00,crop_cotton,24.2,,15.84,65.47,831.77,108,maturity,0.0,False
2023-04-19 15:00:00,crop_cotton,55.49,,36.66,82.08,1789.63,108,flowering,0.0,False
2023-04-19 17:30:00,crop_cotton,63.65,,38.13,88.62,325.51,108,maturity,0.0,False
2023-04-19 19:30:00,crop_cotton,54.59,,24.71,85.14,946.77,108,maturity,0.0,False
2023-04-19 23:30:00,crop_cotton,26.66,,14.46,72.08,1034.8,108,flowering,0.0,False
2023-04-20 01:00:00,crop_cotton,24.05,,21.63,81.88,122.24,109,maturity,0.0,False
2023-04-20 04:00:00,crop_cotton,24.26,,21.13,74.85,2406.45,109,maturity,0.0,False
2023-04-20 06:30:00,crop_cotton,21.83,,27.71,53.1,871.97,109,vegetative,0.0,False
2023-04-20 08:30:00,crop_cotton,30.06,,16.59,49.04,96.81,109,maturity,0.0,False
2023-04-20 09:30:00,crop_cotton,29.75,,35.88,94.69,1831.46,109,maturity,0.0,False
2023-04-20 10:30:00,crop_cotton,27.0,,29.4,40.05,2102.05,109,maturity,0.0,False
2023-04-20 12:00:00,crop_cotton,12.01,,41.81,78.7,1146.64,109,maturity,0.0,False
2023-04-20 13:00:00,crop_cotton,40.7,,40.58,37.09,2208.86,109,flowering,0.0,False
2023-04-20 13:30:00,crop_cotton,36.95,,14.17,74.96,1226.57,109,flowering,0.0,False
2023-04-20 16:00:00,crop_cotton,11.69,,37.02,59.26,1120.05,109,vegetative,0.0,False
2023-04-20 16:30:00,crop_cotton,14.45,,20.82,46.97,1204.76,109,vegetative,0.0,False
2023-04-20 21:00:00,crop_cotton,52.85,,40.88,50.16,2439.18,109,vegetative,0.0,False
2023-04-21 00:30:00,crop_cotton,59.58,,17.76,79.73,287.55,109,maturity,0.0,False
2023-04-21 01:00:00,crop_cotton,44.47,,34.8,26.57,195.17,110,maturity,0.0,False
2023-04-21 02:00:00,crop_cotton,20.49,,26.66,56.65,1750.59,110,maturity,0.0,False
2023-04-21 06:30:00,crop_cotton,59.96,,30.29,29.45,1813.25,110,vegetative,0.0,False
2023-04-21 07:00:00,crop_cotton,26.58,,38.51,28.89,1038.99,110,maturity,0.0,False
2023-04-21 09:30:00,crop_cotton,12.63,,27.02,77.54,1303.57,110,maturity,0.0,False
2023-04-21 10:30:00,crop_cotton,24.72,,40.43,70.9,1063.39,110,maturity,0.0,False
2023-04-21 15:30:00,crop_cotton,22.39,,18.9,82.21,2410.95,110,flowering,0.0,False
2023-04-21 17:00:00,crop_cotton,28.48,,15.35,82.9,1433.38,110,vegetative,0.0,False
2023-04-21 18:00:00,crop_cotton,52.56,,17.32,66.22,1318.97,110,flowering,0.0,False
2023-04-21 21:30:00,crop_cotton,59.22,,15.34,32.15,1247.38,110,flowering,0.0,False
2023-04-22 00:00:00,crop_cotton,41.95,,13.25,53.31,252.22,110,flowering,0.0,False
2023-04-22 01:00:00,crop_cotton,20.45,,29.71,46.22,1361.72,111,maturity,0.0,False
2023-04-22 01:30:00,crop_cotton,45.12,,40.71,55.41,571.25,111,maturity,0.0,False
2023-04-22 06:30:00,crop_cotton,24.06,,29.47,93.36,1988.62,111,maturity,0.0,False
2023-04-22 09:30:00,crop_cotton,14.43,,13.28,47.18,532.17,111,vegetative,0.0,False
2023-04-22 11:00:00,crop_cotton,24.13,,40.82,83.52,149.3,111,vegetative,0.0,False
2023-04-22 14:00:00,crop_cotton,34.24,,21.82,35.48,947.84,111,maturity,0.0,False
2023-04-22 14:30:00,crop_cotton,55.11,,27.99,88.83,1575.91,111,flowering,0.0,False
2023-04-22 15:30:00,crop_cotton,22.38,,24.26,36.91,2129.08,111,maturity,0.0,False
2023-04-22 17:30:00,crop_cotton,64.41,,35.64,37.46,1142.94,111,vegetative,0.0,False
2023-04-22 19:30:00,crop_cotton,37.17,,37.85,27.9,1374.0,111,vegetative,0.0,False
2023-04-22 21:30:00,crop_cotton,31.72,,38.76,55.01,617.1,111,vegetative,0.0,False
2023-04-22 23:30:00,crop_cotton,39.74,,15.09,45.73,174.33,111,flowering,0.0,False
2023-04-23 00:00:00,crop_cotton,41.16,,12.9,76.52,1617.17,111,maturity,0.0,False
2023-04-23 05:30:00,crop_cotton,40.77,,40.28,31.83,1340.38,112,maturity,0.0,False
2023-04-23 09:00:00,crop_cotton,10.09,,39.09,38.97,1476.06,112,vegetative,0.0,False
2023-04-23 11:30:00,crop_cotton,43.52,,19.14,72.06,2361.46,112,maturity,0.0,False
2023-04-24 00:00:00,crop_cotton,60.82,,35.07,26.55,1888.23,112,maturity,0.0,False
2023-04-24 11:00:00,crop_cotton,13.19,,22.36,69.28,970.4,113,flowering,0.0,False
2023-04-24 13:00:00,crop_cotton,57.0,,30.3,58.24,236.6,113,vegetative,0.0,False
2023-04-24 14:30:00,crop_cotton,46.52,,16.41,25.26,1634.04,113,flowering,0.0,False
2023-04-24 17:00:00,crop_cotton,30.01,,31.12,74.47,545.26,113,vegetative,0.0,False
2023-04-25 08:00:00,crop_cotton,52.74,,12.7,55.46,2067.59,114,maturity,0.0,False
2023-04-25 20:00:00,crop_cotton,64.68,,33.2,68.01,318.9,114,maturity,0.0,False
2023-04-25 23:30:00,crop_cotton,36.32,,37.51,34.78,328.76,114,flowering,0.0,False
2023-04-26 02:00:00,crop_cotton,54.68,,33.85,88.55,364.12,115,vegetative,0.0,False
2023-04-26 05:30:00,crop_cotton,41.17,,30.85,81.78,1453.66,115,maturity,0.0,False
2023-04-26 14:00:00,crop_cotton,59.67,,19.71,39.79,974.27,115,vegetative,0.0,False
2023-04-26 14:30:00,crop_cotton,60.35,,38.94,54.17,1194.28,115,flowering,0.0,False
2023-04-26 17:00:00,crop_cotton,31.33,,14.36,54.93,481.84,115,maturity,0.0,False
2023-04-26 19:00:00,crop_cotton,13.78,,34.11,40.88,1881.45,115,vegetative,0.0,False
2023-04-26 20:30:00,crop_cotton,10.59,,24.3,42.47,438.95,115,flowering,0.0,False
2023-04-26 22:30:00,crop_cotton,40.77,,38.74,47.41,606.45,115,maturity,0.0,False
2023-04-27 10:30:00,crop_cotton,37.38,,32.74,29.7,2389.53,116,vegetative,0.0,False
2023-04-27 14:00:00,crop_cotton,31.05,,29.81,87.88,2265.39,116,maturity,0.0,False
2023-04-27 14:30:00,crop_cotton,36.21,,32.07,64.68,550.9,116,flowering,0.0,False
2023-04-27 16:00:00,crop_cotton,56.52,,40.44,59.59,1624.08,116,flowering,0.0,False
2023-04-27 16:30:00,crop_cotton,25.99,,36.31,78.58,2076.51,116,maturity,0.0,False
2023-04-27 18:00:00,crop_cotton,30.4,,22.88,28.37,2115.16,116,vegetative,0.0,False
2023-04-27 20:00:00,crop_cotton,55.29,,38.03,25.34,2175.8,116,vegetative,0.0,False
2023-04-28 02:30:00,crop_cotton,58.39,,30.29,68.67,2303.68,117,vegetative,0.0,False
2023-04-28 04:00:00,crop_cotton,30.2,,20.68,78.09,1781.03,117,flowering,0.0,False
2023-04-28 14:00:00,crop_cotton,19.01,,38.59,47.54,2382.88,117,maturity,0.0,False
2023-04-28 14:30:00,crop_cotton,55.76,,39.27,29.98,2134.38,117,flowering,0.0,False
2023-04-28 15:30:00,crop_cotton,25.03,,31.45,48.55,661.54,117,vegetative,0.0,False
2023-04-29 00:00:00,crop_cotton,63.1,,27.84,60.14,964.7,117,maturity,0.0,False
2023-04-29 09:30:00,crop_cotton,38.99,,14.12,72.78,1143.44,118,flowering,0.0,False
2023-04-29 11:30:00,crop_cotton,26.02,,24.98,51.36,464.17,118,maturity,0.0,False
2023-04-29 15:30:00,crop_cotton,29.56,,27.91,77.89,2230.53,118,vegetative,0.0,False
2023-04-29 17:00:00,crop_cotton,63.91,,13.63,50.21,729.41,118,maturity,0.0,False
2023-04-29 22:30:00,crop_cotton,59.33,,31.45,89.02,1340.29,118,flowering,0.0,False
2023-04-29 23:00:00,crop_cotton,39.44,,15.79,38.6,622.16,118,maturity,0.0,False
2023-04-29 23:30:00,crop_cotton,22.56,,21.96,58.44,216.78,118,maturity,0.0,False
2023-04-30 00:00:00,crop_cotton,32.83,,12.6,65.08,410.67,118,maturity,0.0,False
2023-04-30 01:00:00,crop_cotton,13.51,,29.11,48.11,1364.57,119,flowering,0.0,False
2023-04-30 02:00:00,crop_cotton,14.23,,29.57,45.7,2393.19,119,maturity,0.0,False
2023-04-30 08:00:00,crop_cotton,64.13,,13.65,39.28,1453.32,119,vegetative,0.0,False
2023-04-30 11:00:00,crop_cotton,27.09,,40.2,43.45,2323.37,119,maturity,0.0,False
2023-04-30 11:30:00,crop_cotton,38.42,,41.82,34.17,1901.92,119,flowering,0.0,False
2023-04-30 12:00:00,crop_cotton,33.8,,40.11,87.72,1003.21,119,vegetative,0.0,False
2023-04-30 17:00:00,crop_cotton,25.77,,40.76,93.5,1800.63,119,maturity,0.0,False
2023-04-30 20:30:00,crop_cotton,50.33,,26.43,55.49,2263.24,119,maturity,0.0,False
2023-05-01 01:30:00,crop_cotton,50.87,,36.99,72.19,1083.45,120,maturity,0.0,False
2023-05-01 08:00:00,crop_cotton,28.88,,19.8,58.43,241.53,120,vegetative,0.0,False
2023-05-01 10:00:00,crop_cotton,58.96,,19.28,53.49,442.3,120,maturity,0.0,False
2023-05-01 23:00:00,crop_cotton,59.75,,31.48,70.04,1411.53,120,flowering,0.0,False
2023-05-02 00:00:00,crop_cotton,35.24,,17.57,73.03,677.83,120,maturity,0.0,False
2023-05-02 01:00:00,crop_cotton,33.7,,14.8,51.01,1722.57,121,vegetative,0.0,False
2023-05-02 02:30:00,crop_cotton,28.84,,39.21,86.87,1315.74,121,maturity,0.0,False
2023-05-02 06:00:00,crop_cotton,60.73,,30.9,77.17,1224.98,121,maturity,0.0,False
2023-05-02 08:30:00,crop_cotton,25.25,,38.88,38.48,638.83,121,maturity,0.0,False
2023-05-02 09:30:00,crop_cotton,24.07,,12.74,84.12,1894.31,121,maturity,0.0,False
2023-05-02 12:00:00,crop_cotton,64.45,,22.58,92.81,523.7,121,flowering,0.0,False
2023-05-02 16:00:00,crop_cotton,10.17,,34.15,68.62,2071.42,121,maturity,0.0,False
2023-05-02 20:30:00,crop_cotton,20.79,,30.3,76.78,1729.84,121,maturity,0.0,False
2023-05-02 23:30:00,crop_cotton,29.7,,31.53,91.61,977.53,121,vegetative,0.0,False
2023-05-03 01:00:00,crop_cotton,58.29,,37.24,58.06,107.45,122,maturity,0.0,False
2023-05-03 02:30:00,crop_cotton,33.47,,29.89,75.28,1603.16,122,maturity,0.0,False
2023-05-03 05:00:00,crop_cotton,58.2,,36.19,49.93,2338.13,122,maturity,0.0,False
2023-05-03 06:00:00,crop_cotton,57.69,,19.93,44.47,1963.0,122,vegetative,0.0,False
2023-05-03 08:00:00,crop_cotton,11.96,,12.72,37.82,1090.09,122,flowering,0.0,False
2023-05-03 10:30:00,crop_cotton,25.33,,12.37,84.63,369.07,122,vegetative,0.0,False
2023-05-03 12:00:00,crop_cotton,25.93,,38.68,45.62,2064.9,122,flowering,0.0,False
2023-05-03 14:30:00,crop_cotton,10.29,,34.44,44.64,1831.02,122,maturity,0.0,False
2023-05-03 15:30:00,crop_cotton,19.19,,28.98,90.9,1458.84,122,vegetative,0.0,False
2023-05-03 16:00:00,crop_cotton,58.4,,29.42,55.12,246.29,122,maturity,0.0,False
2023-05-03 17:00:00,crop_cotton,55.47,,13.82,36.55,1957.59,122,maturity,0.0,False
2023-05-03 23:00:00,crop_cotton,39.22,,33.16,43.19,2167.82,122,vegetative,0.0,False
2023-05-04 01:30:00,crop_cotton,45.21,,13.5,66.08,74.9,123,vegetative,0.0,False
2023-05-04 12:30:00,crop_cotton,24.18,,30.29,45.41,565.36,123,vegetative,0.0,False
2023-05-04 21:30:00,crop_cotton,18.44,,24.73,44.48,2387.81,123,flowering,0.0,False
2023-05-05 04:00:00,crop_cotton,56.72,,38.33,49.8,927.17,124,flowering,0.0,False
2023-05-05 04:30:00,crop_cotton,16.54,,15.56,44.31,1467.24,124,maturity,0.0,False
2023-05-05 08:30:00,crop_cotton,36.75,,33.88,35.03,703.54,124,maturity,0.0,False
2023-05-05 11:00:00,crop_cotton,24.76,,21.69,38.53,998.45,124,vegetative,0.0,False
2023-05-05 12:30:00,crop_cotton,59.3,,32.85,56.34,1050.6,124,flowering,0.0,False
2023-05-05 16:00:00,crop_cotton,60.04,,15.13,37.9,1289.83,124,flowering,0.0,False
2023-05-05 18:30:00,crop_cotton,36.09,,12.44,52.34,1528.28,124,vegetative,0.0,False
2023-05-06 06:00:00,crop_cotton,55.06,,13.6,79.76,1408.01,125,vegetative,0.0,False
2023-05-06 07:00:00,crop_cotton,19.2,,39.9,26.83,214.65,125,maturity,0.0,False
2023-05-06 12:30:00,crop_cotton,54.64,,22.62,73.21,5.39,125,maturity,0.0,False
2023-05-06 17:00:00,crop_cotton,23.3,,40.22,78.1,157.83,125,maturity,0.0,False
2023-05-06 17:30:00,crop_cotton,18.89,,29.49,71.09,282.95,125,maturity,0.0,False
2023-05-06 18:30:00,crop_cotton,19.61,,12.9,36.84,705.69,125,vegetative,0.0,False
2023-05-06 19:30:00,crop_cotton,21.76,,13.16,44.93,690.72,125,flowering,0.0,False
2023-05-07 01:30:00,crop_cotton,20.43,,34.43,60.03,234.75,126,vegetative,0.0,False
2023-05-07 04:30:00,crop_cotton,39.47,,22.55,30.47,1431.88,126,flowering,0.0,False
2023-05-07 12:30:00,crop_cotton,12.14,,16.64,34.32,1598.38,126,flowering,0.0,False
2023-05-07 13:00:00,crop_cotton,21.87,,21.71,71.78,1997.64,126,maturity,0.0,False
2023-05-07 16:00:00,crop_cotton,60.05,,38.93,47.31,2480.47,126,maturity,0.0,False
2023-05-07 16:30:00,crop_cotton,53.1,,27.13,50.39,442.92,126,flowering,0.0,False
2023-05-07 18:00:00,crop_cotton,26.79,,31.09,91.27,385.72,126,maturity,0.0,False
2023-05-08 11:30:00,crop_cotton,43.66,,35.76,77.69,1990.08,127,maturity,0.0,False
2023-05-08 14:00:00,crop_cotton,55.45,,38.72,58.81,86.96,127,flowering,0.0,False
2023-05-08 18:30:00,crop_cotton,44.92,,19.97,81.26,2299.62,127,maturity,0.0,False
2023-05-09 01:00:00,crop_cotton,30.43,,12.39,67.28,1411.97,128,flowering,0.0,False
2023-05-09 05:30:00,crop_cotton,38.5,,30.68,40.39,642.38,128,flowering,0.0,False
2023-05-09 07:00:00,crop_cotton,64.82,,39.58,61.12,262.32,128,flowering,0.0,False
2023-05-09 07:30:00,crop_cotton,9.92,,27.08,71.48,727.88,128,vegetative,0.0,False
2023-05-09 20:00:00,crop_cotton,25.46,,20.22,33.68,2414.46,128,maturity,0.0,False
2023-05-09 23:00:00,crop_cotton,25.7,,38.32,39.6,1306.02,128,vegetative,0.0,False
2023-05-10 00:00:00,crop_cotton,34.97,,39.64,72.18,1064.87,128,maturity,0.0,False
2023-05-10 01:30:00,crop_cotton,18.85,,26.13,75.71,1227.1,129,flowering,0.0,False
2023-05-10 02:00:00,crop_cotton,57.69,,16.28,49.43,1055.58,129,vegetative,0.0,False
2023-05-10 04:00:00,crop_cotton,9.23,,31.48,51.34,1337.27,129,flowering,0.0,False
2023-05-10 07:30:00,crop_cotton,49.14,,22.93,39.11,2319.68,129,flowering,0.0,False
2023-05-10 08:30:00,crop_cotton,9.61,,29.58,44.26,2173.46,129,maturity,0.0,False
2023-05-10 11:00:00,crop_cotton,42.8,,21.09,87.36,1244.01,129,flowering,0.0,False
2023-05-10 11:30:00,crop_cotton,14.32,,30.78,85.73,1340.68,129,maturity,0.0,False
2023-05-10 12:30:00,crop_cotton,64.1,,23.74,88.59,1848.04,129,maturity,0.0,False
2023-05-10 15:30:00,crop_cotton,46.66,,23.55,63.17,1049.04,129,maturity,0.0,False
2023-05-10 23:30:00,crop_cotton,30.73,,13.42,94.57,715.73,129,maturity,0.0,False
2023-05-11 03:00:00,crop_cotton,61.64,,26.83,42.27,1899.1,130,maturity,0.0,False
2023-05-11 07:00:00,crop_cotton,22.11,,33.06,76.47,691.11,130,maturity,0.0,False
2023-05-11 08:00:00,crop_cotton,28.51,,13.19,87.58,1774.25,130,vegetative,0.0,False
2023-05-11 12:00:00,crop_cotton,30.47,,15.45,31.15,1765.59,130,maturity,0.0,False
2023-05-11 14:00:00,crop_cotton,63.45,,26.05,67.97,1766.95,130,maturity,0.0,False
2023-05-11 14:30:00,crop_cotton,38.64,,40.64,41.32,1236.63,130,maturity,0.0,False
2023-05-11 19:00:00,crop_cotton,19.83,,31.53,80.96,787.79,130,vegetative,0.0,False
2023-05-11 20:00:00,crop_cotton,23.74,,38.72,38.07,2462.07,130,maturity,0.0,False
2023-05-12 00:00:00,crop_cotton,13.43,,31.05,44.3,403.36,130,flowering,0.0,False
2023-05-12 05:30:00,crop_cotton,31.45,,33.14,92.74,1016.17,131,maturity,0.0,False
2023-05-12 06:30:00,crop_cotton,54.43,,36.59,64.53,688.5,131,maturity,0.0,False
2023-05-12 19:30:00,crop_cotton,59.48,,14.34,26.35,1939.85,131,vegetative,0.0,False
2023-05-12 20:30:00,crop_cotton,59.62,,21.31,43.45,296.37,131,maturity,0.0,False
2023-05-12 21:00:00,crop_cotton,31.05,,18.91,62.8,1502.02,131,flowering,0.0,False
2023-05-12 23:30:00,crop_cotton,45.56,,40.89,75.19,282.19,131,vegetative,0.0,False
2023-05-13 01:00:00,crop_cotton,11.08,,17.28,64.93,1229.58,132,vegetative,0.0,False
2023-05-13 02:30:00,crop_cotton,44.05,,29.4,35.31,1141.12,132,maturity,0.0,False
2023-05-13 06:00:00,crop_cotton,55.79,,39.32,36.82,1606.23,132,vegetative,0.0,False
2023-05-13 08:00:00,crop_cotton,61.45,,37.99,85.02,1434.21,132,flowering,0.0,False
2023-05-13 13:30:00,crop_cotton,24.54,,20.57,90.28,825.86,132,maturity,0.0,False
2023-05-13 20:30:00,crop_cotton,50.48,,20.56,62.2,1550.16,132,maturity,0.0,False
2023-05-13 23:30:00,crop_cotton,40.22,,27.69,44.52,748.54,132,maturity,0.0,False
2023-05-14 01:30:00,crop_cotton,8.25,,41.18,66.93,1420.99,133,vegetative,0.0,False
2023-05-14 02:00:00,crop_cotton,37.65,,34.59,85.9,423.23,133,maturity,0.0,False
2023-05-14 04:00:00,crop_cotton,55.4,,32.01,37.07,612.57,133,maturity,0.0,False
2023-05-14 05:00:00,crop_cotton,55.47,,19.37,83.29,433.13,133,flowering,0.0,False
2023-05-14 06:30:00,crop_cotton,8.82,,21.43,45.33,1679.66,133,flowering,0.0,False
2023-05-14 07:00:00,crop_cotton,56.33,,35.16,58.82,527.4,133,maturity,0.0,False
2023-05-14 08:30:00,crop_cotton,49.64,,32.33,86.87,352.98,133,flowering,0.0,False
2023-05-14 15:30:00,crop_cotton,28.58,,37.22,58.24,1266.74,133,maturity,0.0,False
2023-05-14 19:00:00,crop_cotton,35.65,,22.04,68.05,302.86,133,flowering,0.0,False
2023-05-14 20:00:00,crop_cotton,17.13,,29.73,33.65,499.89,133,maturity,0.0,False
2023-05-14 23:30:00,crop_cotton,58.16,,34.33,36.75,814.9,133,maturity,0.0,False
2023-05-15 02:30:00,crop_cotton,53.88,,12.89,78.38,1052.68,134,maturity,0.0,False
2023-05-15 06:00:00,crop_cotton,36.29,,15.33,92.41,1800.03,134,maturity,0.0,False
2023-05-15 07:30:00,crop_cotton,13.16,,20.34,94.58,2301.15,134,maturity,0.0,False
2023-05-15 09:00:00,crop_cotton,58.2,,30.69,68.26,1434.28,134,vegetative,0.0,False
2023-05-15 09:30:00,crop_cotton,49.54,,38.96,43.64,1610.43,134,maturity,0.0,False
2023-05-15 16:30:00,crop_cotton,60.01,,35.33,37.81,2142.45,134,maturity,0.0,False
2023-05-15 17:30:00,crop_cotton,28.89,,18.63,39.8,1470.77,134,maturity,0.0,False
2023-05-15 18:00:00,crop_cotton,49.55,,38.52,40.28,1407.19,134,maturity,0.0,False
2023-05-15 22:30:00,crop_cotton,22.63,,30.84,48.26,629.33,134,maturity,0.0,False
2023-05-16 04:30:00,crop_cotton,14.28,,41.74,31.44,1267.78,135,maturity,0.0,False
2023-05-16 10:00:00,crop_cotton,25.82,,34.92,27.62,1048.46,135,maturity,0.0,False
2023-05-16 21:30:00,crop_cotton,14.29,,33.03,87.13,2266.99,135,maturity,0.0,False
2023-05-17 12:00:00,crop_cotton,40.43,,12.02,93.71,2029.03,136,flowering,0.0,False
2023-05-17 19:00:00,crop_cotton,42.63,,37.64,47.7,204.55,136,maturity,0.0,False
2023-05-17 20:00:00,crop_cotton,35.04,,31.69,28.84,1842.37,136,vegetative,0.0,False
2023-05-17 21:00:00,crop_cotton,17.93,,25.6,61.86,872.03,136,vegetative,0.0,False
2023-05-18 03:00:00,crop_cotton,18.49,,20.1,90.1,361.14,137,flowering,0.0,False
2023-05-18 07:00:00,crop_cotton,42.4,,19.17,42.52,1405.26,137,vegetative,0.0,False
2023-05-18 11:30:00,crop_cotton,52.02,,21.52,64.95,878.6,137,maturity,0.0,False
2023-05-18 13:00:00,crop_cotton,49.47,,41.94,53.1,2412.55,137,vegetative,0.0,False
2023-05-18 13:30:00,crop_cotton,12.3,,22.51,93.2,1073.26,137,vegetative,0.0,False
2023-05-18 14:30:00,crop_cotton,55.74,,13.97,42.67,806.74,137,maturity,0.0,False
2023-05-18 15:30:00,crop_cotton,54.43,,15.26,61.65,1431.15,137,flowering,0.0,False
2023-05-18 16:00:00,crop_cotton,25.84,,13.66,63.41,2170.5,137,maturity,0.0,False
2023-05-18 17:30:00,crop_cotton,60.17,,25.59,74.25,29.58,137,maturity,0.0,False
2023-05-18 19:00:00,crop_cotton,53.2,,34.09,86.63,632.59,137,maturity,0.0,False
2023-05-19 01:30:00,crop_cotton,57.47,,13.97,89.62,1798.84,138,maturity,0.0,False
2023-05-19 03:00:00,crop_cotton,56.16,,27.05,35.81,214.34,138,flowering,0.0,False
2023-05-19 07:30:00,crop_cotton,21.67,,12.01,46.7,2298.01,138,maturity,0.0,False
2023-05-19 08:00:00,crop_cotton,63.3,,15.77,88.51,1967.84,138,maturity,0.0,False
2023-05-19 12:00:00,crop_cotton,62.02,,30.91,78.64,980.56,138,maturity,0.0,False
2023-05-19 17:30:00,crop_cotton,50.84,,26.17,56.9,1957.3,138,maturity,0.0,False
2023-05-19 20:00:00,crop_cotton,11.36,,25.9,53.75,1275.71,138,flowering,0.0,False
2023-05-19 20:30:00,crop_cotton,55.9,,38.24,86.71,821.79,138,flowering,0.0,False
2023-05-20 01:00:00,crop_cotton,28.02,,34.01,41.7,1392.96,139,flowering,0.0,False
2023-05-20 04:00:00,crop_cotton,48.2,,26.87,89.48,418.0,139,maturity,0.0,False
2023-05-20 07:00:00,crop_cotton,21.32,,28.06,77.39,765.16,139,vegetative,0.0,False
2023-05-20 07:30:00,crop_cotton,62.87,,41.82,31.36,325.94,139,maturity,0.0,False
2023-05-20 09:30:00,crop_cotton,50.21,,20.69,93.8,2244.81,139,vegetative,0.0,False
2023-05-20 11:00:00,crop_cotton,19.37,,37.84,83.74,2085.71,139,flowering,0.0,False
2023-05-20 19:00:00,crop_cotton,52.38,,36.73,27.23,364.92,139,maturity,0.0,False
2023-05-20 20:00:00,crop_cotton,56.21,,40.64,89.5,1274.35,139,maturity,0.0,False
2023-05-20 20:30:00,crop_cotton,10.68,,22.8,92.71,512.52,139,flowering,0.0,False
2023-05-21 02:30:00,crop_cotton,36.83,,31.13,84.79,1968.49,140,vegetative,0.0,False
2023-05-21 03:00:00,crop_cotton,44.75,,31.23,91.79,262.78,140,maturity,0.0,False
2023-05-21 10:00:00,crop_cotton,9.55,,40.17,83.34,630.06,140,maturity,0.0,False
2023-05-21 15:00:00,crop_cotton,10.75,,24.4,50.62,2270.49,140,maturity,0.0,False
2023-05-21 15:30:00,crop_cotton,39.89,,22.44,94.81,1368.0,140,flowering,0.0,False
2023-05-21 17:30:00,crop_cotton,8.95,,23.24,54.12,2368.24,140,maturity,0.0,False
2023-05-21 20:00:00,crop_cotton,62.45,,35.89,37.86,250.48,140,flowering,0.0,False
2023-05-21 22:00:00,crop_cotton,41.98,,35.1,77.21,2387.7,140,vegetative,0.0,False
2023-05-22 02:30:00,crop_cotton,33.59,,23.08,68.02,422.43,141,maturity,0.0,False
2023-05-22 03:00:00,crop_cotton,8.69,,14.03,25.42,2400.11,141,maturity,0.0,False
2023-05-22 10:00:00,crop_cotton,48.3,,21.05,82.34,1428.94,141,maturity,0.0,False
2023-05-22 10:30:00,crop_cotton,31.88,,18.53,38.52,1027.46,141,vegetative,0.0,False
2023-05-22 11:30:00,crop_cotton,14.93,,17.72,55.82,2270.68,141,flowering,0.0,False
2023-05-22 14:00:00,crop_cotton,9.8,,16.11,41.4,814.05,141,maturity,0.0,False
2023-05-22 16:30:00,crop_cotton,32.5,,15.84,94.41,1624.9,141,maturity,0.0,False
2023-05-22 18:00:00,crop_cotton,17.18,,34.89,54.16,798.81,141,maturity,0.0,False
2023-05-23 03:30:00,crop_cotton,11.63,,30.81,73.6,1633.55,142,flowering,0.0,False
2023-05-23 14:00:00,crop_cotton,52.17,,29.0,53.19,1216.73,142,maturity,0.0,False
2023-05-23 15:00:00,crop_cotton,31.96,,16.04,50.99,637.55,142,maturity,0.0,False
2023-05-23 19:00:00,crop_cotton,50.32,,33.13,35.77,570.24,142,flowering,0.0,False
2023-05-23 20:00:00,crop_cotton,15.95,,15.96,32.12,1694.93,142,maturity,0.0,False
2023-05-23 21:30:00,crop_cotton,14.39,,15.46,53.14,799.21,142,flowering,0.0,False
2023-05-24 16:00:00,crop_cotton,12.14,,28.13,70.29,58.06,143,flowering,0.0,False
2023-05-24 17:30:00,crop_cotton,12.98,,26.86,53.77,1213.59,143,flowering,0.0,False
2023-05-24 18:00:00,crop_cotton,39.2,,39.09,78.76,602.49,143,vegetative,0.0,False
2023-05-25 02:00:00,crop_cotton,49.68,,25.82,47.16,1744.48,144,maturity,0.0,False
2023-05-25 03:00:00,crop_cotton,50.75,,38.81,70.85,2079.94,144,maturity,0.0,False
2023-05-25 04:30:00,crop_cotton,53.96,,24.51,63.61,1584.05,144,vegetative,0.0,False
2023-05-25 06:30:00,crop_cotton,24.64,,22.25,33.56,1683.45,144,flowering,0.0,False
2023-05-25 14:30:00,crop_cotton,54.54,,17.43,45.91,1031.93,144,flowering,0.0,False
2023-05-25 17:30:00,crop_cotton,39.37,,34.61,82.61,515.05,144,maturity,0.0,False
2023-05-25 18:00:00,crop_cotton,43.36,,37.28,55.83,1021.29,144,maturity,0.0,False
2023-05-26 04:30:00,crop_cotton,46.95,,30.44,40.69,1920.0,145,vegetative,0.0,False
2023-05-26 06:30:00,crop_cotton,64.29,,15.29,86.04,1801.15,145,maturity,0.0,False
2023-05-26 09:00:00,crop_cotton,62.31,,20.19,28.69,1984.01,145,vegetative,0.0,False
2023-05-26 13:30:00,crop_cotton,30.35,,25.9,80.61,222.39,145,maturity,0.0,False
2023-05-26 15:30:00,crop_cotton,29.79,,30.73,55.76,675.85,145,flowering,0.0,False
2023-05-26 21:00:00,crop_cotton,35.19,,31.77,64.07,2042.1,145,maturity,0.0,False
2023-05-27 04:00:00,crop_cotton,53.44,,24.68,92.76,1958.38,146,maturity,0.0,False
2023-05-27 13:00:00,crop_cotton,61.73,,14.38,42.45,393.95,146,vegetative,0.0,False
2023-05-27 14:00:00,crop_cotton,37.74,,18.64,78.19,2022.3,146,maturity,0.0,False
2023-05-27 15:00:00,crop_cotton,29.9,,40.65,29.48,192.19,146,vegetative,0.0,False
2023-05-27 16:30:00,crop_cotton,44.22,,34.3,72.5,1120.19,146,vegetative,0.0,False
2023-05-27 17:00:00,crop_cotton,48.7,,30.34,47.32,1260.28,146,vegetative,0.0,False
2023-05-27 21:30:00,crop_cotton,21.31,,34.3,30.01,676.73,146,flowering,0.0,False
2023-05-27 22:00:00,crop_cotton,34.7,,22.38,39.12,2437.46,146,vegetative,0.0,False
2023-05-27 23:30:00,crop_cotton,19.98,,38.1,73.35,572.88,146,vegetative,0.0,False
2023-05-28 01:30:00,crop_cotton,41.46,,31.07,53.53,2469.32,147,maturity,0.0,False
2023-05-28 04:00:00,crop_cotton,48.94,,20.25,34.64,1332.16,147,maturity,0.0,False
2023-05-28 04:30:00,crop_cotton,23.67,,22.39,88.16,2056.83,147,vegetative,0.0,False
2023-05-28 09:30:00,crop_cotton,26.61,,27.24,67.84,715.1,147,maturity,0.0,False
2023-05-28 13:30:00,crop_cotton,26.56,,28.95,37.63,1705.6,147,vegetative,0.0,False
2023-05-28 21:00:00,crop_cotton,48.97,,39.41,65.01,1002.22,147,flowering,0.0,False
2023-05-29 03:00:00,crop_cotton,29.18,,35.16,87.03,2433.06,148,maturity,0.0,False
2023-05-29 10:30:00,crop_cotton,12.65,,29.94,61.95,1505.38,148,flowering,0.0,False
2023-05-29 11:00:00,crop_cotton,21.26,,14.43,83.55,1598.5,148,flowering,0.0,False
2023-05-29 11:30:00,crop_cotton,62.85,,39.4,47.12,1898.22,148,maturity,0.0,False
2023-05-29 12:00:00,crop_cotton,36.54,,15.54,51.98,1998.72,148,flowering,0.0,False
2023-05-29 19:00:00,crop_cotton,17.07,,23.31,81.75,304.01,148,flowering,0.0,False
2023-05-29 19:30:00,crop_cotton,55.32,,14.79,29.35,862.25,148,vegetative,0.0,False
2023-05-30 01:00:00,crop_cotton,64.85,,12.02,44.64,2394.87,149,maturity,0.0,False
2023-05-30 01:30:00,crop_cotton,30.35,,26.16,35.54,10.81,149,vegetative,0.0,False
2023-05-30 03:00:00,crop_cotton,35.74,,29.96,88.75,2133.81,149,flowering,0.0,False
2023-05-30 05:00:00,crop_cotton,35.87,,13.47,85.01,2229.63,149,vegetative,0.0,False
2023-05-30 05:30:00,crop_cotton,37.75,,21.8,86.88,81.25,149,vegetative,0.0,False
2023-05-30 07:00:00,crop_cotton,20.97,,17.34,40.86,1722.05,149,vegetative,0.0,False
2023-05-30 16:30:00,crop_cotton,29.13,,15.67,52.99,2016.33,149,maturity,0.0,False
2023-05-30 17:00:00,crop_cotton,31.22,,22.07,41.79,767.81,149,vegetative,0.0,False
2023-05-30 21:00:00,crop_cotton,21.12,,34.79,63.32,1356.0,149,flowering,0.0,False
2023-05-31 06:00:00,crop_cotton,15.85,,24.06,92.81,896.21,150,vegetative,0.0,False
2023-05-31 07:30:00,crop_cotton,61.82,,34.97,35.18,1939.72,150,vegetative,0.0,False
2023-05-31 14:00:00,crop_cotton,37.96,,31.27,93.39,794.76,150,vegetative,0.0,False
2023-05-31 15:30:00,crop_cotton,28.57,,25.81,52.81,718.47,150,flowering,0.0,False
2023-05-31 18:00:00,crop_cotton,58.74,,32.99,26.24,948.35,150,flowering,0.0,False
2023-05-31 19:00:00,crop_cotton,53.21,,12.9,86.82,1653.26,150,flowering,0.0,False
2023-05-31 22:30:00,crop_cotton,12.85,,12.13,63.42,865.77,150,vegetative,0.0,False
2023-05-31 23:00:00,crop_cotton,41.22,,20.27,48.1,1093.74,150,maturity,0.0,False
2023-06-01 01:30:00,crop_cotton,10.47,,16.55,31.6,7.32,151,maturity,0.0,False
2023-06-01 04:30:00,crop_cotton,29.93,,28.39,68.58,335.24,151,vegetative,0.0,False
2023-06-01 05:30:00,crop_cotton,51.47,,31.93,74.48,1714.38,151,maturity,0.0,False
2023-06-01 06:30:00,crop_cotton,41.48,,25.71,72.82,1253.31,151,maturity,0.0,False
2023-06-01 10:30:00,crop_cotton,15.1,,41.81,38.39,1364.09,151,vegetative,0.0,False
2023-06-01 12:00:00,crop_cotton,43.07,,35.37,83.4,2218.49,151,maturity,0.0,False
2023-06-01 13:30:00,crop_cotton,40.61,,27.74,50.26,132.83,151,maturity,0.0,False
2023-06-01 20:00:00,crop_cotton,56.73,,15.74,94.46,186.25,151,flowering,0.0,False
2023-06-01 21:30:00,crop_cotton,56.02,,40.77,67.12,1894.62,151,flowering,0.0,False
2023-06-02 00:30:00,crop_cotton,48.52,,28.08,68.31,1971.27,151,maturity,0.0,False
2023-06-02 01:30:00,crop_cotton,56.27,,12.57,63.56,466.78,152,vegetative,0.0,False
2023-06-02 08:00:00,crop_cotton,15.0,,21.89,69.22,2393.44,152,maturity,0.0,False
2023-06-02 10:00:00,crop_cotton,49.17,,37.75,78.26,1248.7,152,maturity,0.0,False
2023-06-02 14:00:00,crop_cotton,40.81,,41.62,62.77,476.19,152,maturity,0.0,False
2023-06-02 15:00:00,crop_cotton,43.06,,18.05,30.24,1225.05,152,maturity,0.0,False
2023-06-02 18:00:00,crop_cotton,31.56,,41.21,71.56,690.61,152,maturity,0.0,False
2023-06-02 21:30:00,crop_cotton,58.07,,36.31,90.13,158.2,152,maturity,0.0,False
2023-06-03 02:30:00,crop_cotton,51.58,,21.05,92.92,71.34,153,maturity,0.0,False
2023-06-03 07:00:00,crop_cotton,64.3,,38.4,63.27,1879.96,153,maturity,0.0,False
2023-06-03 08:30:00,crop_cotton,52.43,,25.02,33.23,103.82,153,maturity,0.0,False
2023-06-03 09:00:00,crop_cotton,60.48,,35.86,90.42,861.79,153,maturity,0.0,False
2023-06-03 11:00:00,crop_cotton,42.51,,18.59,94.9,1239.63,153,maturity,0.0,False
2023-06-03 11:30:00,crop_cotton,13.37,,25.17,48.25,1515.54,153,maturity,0.0,False
2023-06-03 12:30:00,crop_cotton,39.0,,17.42,57.68,1197.16,153,flowering,0.0,False
2023-06-03 16:00:00,crop_cotton,11.5,,16.86,55.17,1849.3,153,flowering,0.0,False
2023-06-03 16:30:00,crop_cotton,22.08,,20.73,25.17,413.85,153,vegetative,0.0,False
2023-06-03 20:00:00,crop_cotton,20.15,,28.73,59.56,1773.63,153,maturity,0.0,False
2023-06-03 21:30:00,crop_cotton,21.84,,38.54,48.78,1585.38,153,flowering,0.0,False
2023-06-04 00:00:00,crop_cotton,35.82,,28.65,48.98,796.45,153,vegetative,0.0,False
2023-06-04 02:00:00,crop_cotton,58.75,,41.37,51.59,650.84,154,flowering,0.0,False
2023-06-04 03:30:00,crop_cotton,43.59,,39.52,66.18,1871.44,154,flowering,0.0,False
2023-06-04 04:00:00,crop_cotton,16.66,,40.44,59.41,408.24,154,vegetative,0.0,False
2023-06-04 05:30:00,crop_cotton,21.39,,23.29,57.73,782.94,154,maturity,0.0,False
2023-06-04 10:00:00,crop_cotton,58.72,,14.86,39.55,1694.35,154,flowering,0.0,False
2023-06-04 12:00:00,crop_cotton,64.63,,33.95,74.94,935.03,154,maturity,0.0,False
2023-06-04 15:30:00,crop_cotton,13.22,,34.22,92.55,2294.69,154,flowering,0.0,False
2023-06-05 00:30:00,crop_cotton,33.83,,19.0,66.58,1128.16,154,maturity,0.0,False
2023-06-05 01:30:00,crop_cotton,50.09,,41.11,28.89,710.35,155,maturity,0.0,False
2023-06-05 03:00:00,crop_cotton,18.0,,36.52,49.95,792.38,155,flowering,0.0,False
2023-06-05 06:30:00,crop_cotton,56.57,,29.55,75.95,1631.13,155,maturity,0.0,False
2023-06-05 14:00:00,crop_cotton,27.32,,37.56,39.16,2106.01,155,vegetative,0.0,False
2023-06-05 15:30:00,crop_cotton,51.41,,39.42,31.17,2248.79,155,maturity,0.0,False
2023-06-05 17:30:00,crop_cotton,25.8,,26.94,57.34,1821.29,155,flowering,0.0,False
2023-06-05 20:30:00,crop_cotton,30.46,,16.07,61.6,58.24,155,flowering,0.0,False
2023-06-06 08:30:00,crop_cotton,43.37,,41.25,79.81,2074.37,156,maturity,0.0,False
2023-06-06 10:00:00,crop_cotton,18.42,,21.88,89.57,1990.81,156,maturity,0.0,False
2023-06-06 12:30:00,crop_cotton,55.59,,12.88,58.84,192.9,156,maturity,0.0,False
2023-06-06 16:30:00,crop_cotton,14.13,,23.84,83.91,1083.48,156,flowering,0.0,False
2023-06-06 18:00:00,crop_cotton,50.71,,33.83,94.0,434.1,156,maturity,0.0,False
2023-06-06 18:30:00,crop_cotton,12.16,,34.58,61.35,383.15,156,vegetative,0.0,False
2023-06-07 01:00:00,crop_cotton,60.23,,40.58,50.83,617.74,157,maturity,0.0,False
2023-06-07 04:00:00,crop_cotton,54.96,,15.44,67.49,1575.25,157,vegetative,0.0,False
2023-06-07 04:30:00,crop_cotton,58.84,,32.92,50.32,829.13,157,maturity,0.0,False
2023-06-07 05:30:00,crop_cotton,33.49,,40.99,85.46,2475.29,157,maturity,0.0,False
2023-06-07 06:30:00,crop_cotton,30.26,,22.32,26.7,381.76,157,vegetative,0.0,False
2023-06-07 11:00:00,crop_cotton,32.88,,14.05,73.18,1148.36,157,vegetative,0.0,False
2023-06-07 12:00:00,crop_cotton,54.65,,12.98,85.32,1360.32,157,maturity,0.0,False
2023-06-07 14:00:00,crop_cotton,39.51,,19.63,83.89,1381.15,157,vegetative,0.0,False
2023-06-07 17:00:00,crop_cotton,21.42,,20.98,51.4,1575.52,157,maturity,0.0,False
2023-06-07 20:30:00,crop_cotton,47.83,,40.67,54.07,408.09,157,flowering,0.0,False
2023-06-08 03:00:00,crop_cotton,36.33,,41.5,92.7,745.72,158,maturity,0.0,False
2023-06-08 04:00:00,crop_cotton,35.92,,15.85,70.39,2181.95,158,vegetative,0.0,False
2023-06-08 05:00:00,crop_cotton,36.92,,26.06,84.73,476.64,158,maturity,0.0,False
2023-06-08 05:30:00,crop_cotton,10.26,,16.58,92.73,368.11,158,flowering,0.0,False
2023-06-08 06:00:00,crop_cotton,59.57,,35.74,53.6,1052.29,158,vegetative,0.0,False
2023-06-08 08:30:00,crop_cotton,64.81,,19.69,46.13,2493.43,158,maturity,0.0,False
2023-06-08 11:30:00,crop_cotton,64.92,,29.69,45.76,1314.18,158,maturity,0.0,False
2023-06-08 18:00:00,crop_cotton,28.32,,34.56,61.94,890.44,158,vegetative,0.0,False
2023-06-08 19:30:00,crop_cotton,13.42,,30.23,56.42,1791.93,158,maturity,0.0,False
2023-06-08 20:30:00,crop_cotton,36.76,,28.09,55.91,1006.73,158,vegetative,0.0,False
2023-06-09 01:00:00,crop_cotton,28.3,,29.07,73.74,1483.79,159,maturity,0.0,False
2023-06-09 03:30:00,crop_cotton,14.76,,20.13,32.35,1865.36,159,flowering,0.0,False
2023-06-09 07:30:00,crop_cotton,20.63,,37.33,59.83,1830.09,159,flowering,0.0,False
2023-06-09 10:30:00,crop_cotton,56.72,,22.19,30.36,1049.31,159,maturity,0.0,False
2023-06-09 11:30:00,crop_cotton,12.52,,37.49,43.69,1172.88,159,flowering,0.0,False
2023-06-09 12:30:00,crop_cotton,25.78,,27.71,48.94,1249.3,159,maturity,0.0,False
2023-06-09 14:30:00,crop_cotton,37.33,,25.78,37.71,602.38,159,maturity,0.0,False
2023-06-09 15:30:00,crop_cotton,46.93,,38.15,86.87,1878.89,159,maturity,0.0,False
2023-06-09 17:30:00,crop_cotton,58.24,,36.55,87.33,314.41,159,vegetative,0.0,False
2023-06-10 02:30:00,crop_cotton,59.38,,22.12,39.2,261.83,160,maturity,0.0,False
2023-06-10 03:00:00,crop_cotton,33.91,,23.33,85.29,1846.23,160,flowering,0.0,False
2023-06-10 05:00:00,crop_cotton,51.47,,35.54,26.6,1688.03,160,maturity,0.0,False
2023-06-10 05:30:00,crop_cotton,64.84,,19.72,86.73,1797.78,160,vegetative,0.0,False
2023-06-10 07:00:00,crop_cotton,50.63,,27.77,44.25,1687.79,160,maturity,0.0,False
2023-06-10 07:30:00,crop_cotton,59.04,,21.76,48.58,1143.17,160,maturity,0.0,False
2023-06-10 09:30:00,crop_cotton,60.53,,31.24,47.92,2121.27,160,maturity,0.0,False
2023-06-10 13:30:00,crop_cotton,28.89,,12.64,29.2,105.23,160,vegetative,0.0,False
2023-06-10 14:00:00,crop_cotton,19.17,,28.59,76.66,1539.65,160,maturity,0.0,False
2023-06-10 15:00:00,crop_cotton,20.65,,37.97,83.06,323.54,160,vegetative,0.0,False
2023-06-10 15:30:00,crop_cotton,39.28,,41.49,70.62,1989.27,160,maturity,0.0,False
2023-06-10 20:00:00,crop_cotton,41.5,,28.64,42.93,546.0,160,maturity,0.0,False
2023-06-10 20:30:00,crop_cotton,40.96,,33.56,71.89,1095.87,160,maturity,0.0,False
2023-06-10 22:00:00,crop_cotton,48.27,,21.13,25.11,1427.96,160,flowering,0.0,False
2023-06-10 23:00:00,crop_cotton,27.74,,25.5,40.19,2005.4,160,maturity,0.0,False
2023-06-11 00:00:00,crop_cotton,24.89,,38.6,27.84,47.25,160,vegetative,0.0,False
2023-06-11 01:00:00,crop_cotton,34.64,,19.16,90.0,412.91,161,vegetative,0.0,False
2023-06-11 02:00:00,crop_cotton,34.38,,13.55,58.91,1868.8,161,maturity,0.0,False
2023-06-11 02:30:00,crop_cotton,20.6,,32.57,52.02,2212.31,161,maturity,0.0,False
2023-06-11 06:00:00,crop_cotton,46.28,,27.8,83.5,1857.34,161,maturity,0.0,False
2023-06-11 09:00:00,crop_cotton,58.56,,30.3,71.69,858.78,161,vegetative,0.0,False
2023-06-11 10:00:00,crop_cotton,30.7,,19.85,55.13,164.94,161,vegetative,0.0,False
2023-06-11 11:00:00,crop_cotton,51.96,,36.78,47.84,796.35,161,maturity,0.0,False
2023-06-11 13:30:00,crop_cotton,47.74,,14.09,54.88,2256.92,161,vegetative,0.0,False
2023-06-11 22:00:00,crop_cotton,60.31,,39.62,28.67,66.17,161,maturity,0.0,False
2023-06-11 23:00:00,crop_cotton,56.8,,29.08,64.33,1446.83,161,flowering,0.0,False
2023-06-12 01:00:00,crop_cotton,51.38,,34.08,67.07,2286.57,162,maturity,0.0,False
2023-06-12 02:00:00,crop_cotton,26.73,,35.44,63.31,1183.28,162,maturity,0.0,False
2023-06-12 03:00:00,crop_cotton,23.1,,34.79,94.36,954.28,162,maturity,0.0,False
2023-06-12 09:00:00,crop_cotton,56.24,,39.97,88.46,1157.12,162,vegetative,0.0,False
2023-06-12 09:30:00,crop_cotton,59.61,,35.87,50.04,2380.61,162,maturity,0.0,False
2023-06-12 15:00:00,crop_cotton,36.68,,27.26,86.8,211.66,162,maturity,0.0,False
2023-06-12 16:00:00,crop_cotton,25.4,,33.98,48.39,1940.57,162,maturity,0.0,False
2023-06-12 17:00:00,crop_cotton,33.59,,30.95,77.53,800.49,162,maturity,0.0,False
2023-06-12 18:00:00,crop_cotton,13.39,,14.02,67.14,2371.39,162,maturity,0.0,False
2023-06-12 19:30:00,crop_cotton,45.25,,40.6,41.8,509.18,162,flowering,0.0,False
2023-06-13 04:00:00,crop_cotton,29.89,,19.63,34.69,212.13,163,maturity,0.0,False
2023-06-13 05:30:00,crop_cotton,49.93,,18.19,33.65,879.2,163,vegetative,0.0,False
2023-06-13 07:00:00,crop_cotton,45.86,,28.57,45.8,588.77,163,maturity,0.0,False
2023-06-13 08:30:00,crop_cotton,57.5,,19.25,44.04,2235.83,163,maturity,0.0,False
2023-06-13 09:00:00,crop_cotton,43.7,,28.96,80.29,933.78,163,flowering,0.0,False
2023-06-13 14:00:00,crop_cotton,24.56,,19.07,59.81,17.31,163,flowering,0.0,False
2023-06-13 17:00:00,crop_cotton,16.32,,27.98,44.15,268.9,163,vegetative,0.0,False
2023-06-13 20:00:00,crop_cotton,14.16,,30.39,71.12,568.98,163,flowering,0.0,False
2023-06-13 22:30:00,crop_cotton,15.27,,17.69,64.45,815.49,163,maturity,0.0,False
2023-06-14 05:00:00,crop_cotton,37.34,,27.06,64.52,600.59,164,vegetative,0.0,False
2023-06-14 12:00:00,crop_cotton,46.99,,38.81,43.03,2455.38,164,maturity,0.0,False
2023-06-14 12:30:00,crop_cotton,24.81,,16.59,47.8,2494.43,164,maturity,0.0,False
2023-06-14 15:00:00,crop_cotton,60.76,,21.15,83.12,861.65,164,flowering,0.0,False
2023-06-14 20:00:00,crop_cotton,52.76,,24.29,85.69,292.5,164,flowering,0.0,False
2023-06-14 21:00:00,crop_cotton,47.02,,40.64,30.25,2012.52,164,flowering,0.0,False
2023-06-15 00:30:00,crop_cotton,59.24,,16.59,80.66,2190.96,164,vegetative,0.0,False
2023-06-15 02:00:00,crop_cotton,26.25,,24.58,84.4,2411.38,165,maturity,0.0,False
2023-06-15 04:00:00,crop_cotton,45.8,,37.8,60.66,1786.99,165,maturity,0.0,False
2023-06-15 07:00:00,crop_cotton,43.22,,12.38,75.08,1081.2,165,maturity,0.0,False
2023-06-15 12:30:00,crop_cotton,57.07,,28.92,61.21,54.61,165,vegetative,0.0,False
2023-06-15 13:00:00,crop_cotton,44.13,,38.39,81.31,2312.13,165,flowering,0.0,False
2023-06-15 14:00:00,crop_cotton,27.16,,15.02,75.02,917.72,165,maturity,0.0,False
2023-06-15 17:00:00,crop_cotton,24.76,,12.6,35.86,2442.0,165,vegetative,0.0,False
2023-06-15 21:00:00,crop_cotton,41.61,,34.1,94.46,2266.57,165,maturity,0.0,False
2023-06-15 23:30:00,crop_cotton,43.54,,31.12,76.23,2060.3,165,maturity,0.0,False
2023-06-16 08:30:00,crop_cotton,53.39,,16.36,29.47,1930.19,166,vegetative,0.0,False
2023-06-16 10:00:00,crop_cotton,30.87,,29.21,47.38,1207.45,166,flowering,0.0,False
2023-06-16 10:30:00,crop_cotton,54.73,,31.15,55.49,2188.7,166,flowering,0.0,False
2023-06-16 14:30:00,crop_cotton,57.25,,29.57,82.83,410.59,166,maturity,0.0,False
2023-06-16 19:30:00,crop_cotton,60.82,,12.47,92.12,655.7,166,vegetative,0.0,False
2023-06-16 20:00:00,crop_cotton,32.46,,12.48,48.84,741.34,166,maturity,0.0,False
2023-06-16 20:30:00,crop_cotton,61.52,,13.54,66.4,1504.64,166,maturity,0.0,False
2023-06-16 23:30:00,crop_cotton,22.37,,19.15,37.53,796.73,166,maturity,0.0,False
2023-06-17 02:30:00,crop_cotton,15.13,,25.91,39.03,1944.57,167,maturity,0.0,False
2023-06-17 10:00:00,crop_cotton,52.9,,40.13,35.36,2487.78,167,maturity,0.0,False
2023-06-17 11:30:00,crop_cotton,58.73,,40.89,40.77,983.28,167,vegetative,0.0,False
2023-06-17 13:00:00,crop_cotton,48.16,,17.76,53.11,2213.01,167,flowering,0.0,False
2023-06-17 22:30:00,crop_cotton,39.22,,39.83,94.3,2309.19,167,vegetative,0.0,False
2023-06-18 03:00:00,crop_cotton,46.41,,18.25,78.83,2405.87,168,maturity,0.0,False
2023-06-18 03:30:00,crop_cotton,30.3,,34.21,61.58,412.52,168,flowering,0.0,False
2023-06-18 05:00:00,crop_cotton,36.47,,24.1,54.05,692.24,168,flowering,0.0,False
2023-06-18 09:00:00,crop_cotton,62.1,,16.97,86.33,780.35,168,maturity,0.0,False
2023-06-18 09:30:00,crop_cotton,29.47,,37.85,61.69,1816.11,168,maturity,0.0,False
2023-06-18 17:00:00,crop_cotton,33.9,,13.15,81.58,430.81,168,flowering,0.0,False
2023-06-18 17:30:00,crop_cotton,34.22,,26.91,90.06,946.74,168,vegetative,0.0,False
2023-06-18 21:30:00,crop_cotton,53.12,,27.97,82.56,1839.85,168,vegetative,0.0,False
2023-06-18 22:30:00,crop_cotton,28.47,,26.34,58.0,2337.92,168,maturity,0.0,False
2023-06-19 00:00:00,crop_cotton,57.3,,22.82,40.8,2060.86,168,maturity,0.0,False
2023-06-19 04:00:00,crop_cotton,51.89,,22.41,79.99,2313.24,169,flowering,0.0,False
2023-06-19 10:30:00,crop_cotton,19.01,,15.12,57.35,2466.59,169,flowering,0.0,False
2023-06-19 13:00:00,crop_cotton,30.53,,25.03,76.36,433.82,169,flowering,0.0,False
2023-06-19 14:00:00,crop_cotton,22.86,,41.2,90.07,1817.0,169,flowering,0.0,False
2023-06-19 15:30:00,crop_cotton,58.88,,31.21,52.82,348.96,169,maturity,0.0,False
2023-06-19 19:30:00,crop_cotton,33.64,,36.4,26.01,2272.54,169,maturity,0.0,False
2023-06-19 21:00:00,crop_cotton,48.07,,24.67,55.02,507.32,169,flowering,0.0,False
2023-06-20 03:30:00,crop_cotton,59.18,,37.38,69.93,838.8,170,maturity,0.0,False
2023-06-20 05:30:00,crop_cotton,23.48,,19.74,66.36,580.41,170,maturity,0.0,False
2023-06-20 06:00:00,crop_cotton,50.22,,34.37,33.23,1594.35,170,vegetative,0.0,False
2023-06-20 07:00:00,crop_cotton,55.38,,37.27,69.41,1996.79,170,flowering,0.0,False
2023-06-20 09:00:00,crop_cotton,50.13,,37.56,76.1,1885.84,170,maturity,0.0,False
2023-06-20 10:30:00,crop_cotton,31.7,,15.64,38.55,725.01,170,vegetative,0.0,False
2023-06-20 11:00:00,crop_cotton,17.23,,30.05,25.72,1922.63,170,vegetative,0.0,False
2023-06-20 13:30:00,crop_cotton,9.19,,29.81,41.11,209.63,170,maturity,0.0,False
2023-06-20 14:00:00,crop_cotton,11.78,,30.08,48.53,1164.21,170,flowering,0.0,False
2023-06-20 16:00:00,crop_cotton,23.48,,22.53,36.76,224.26,170,maturity,0.0,False
2023-06-20 16:30:00,crop_cotton,21.22,,15.74,45.3,2409.39,170,flowering,0.0,False
2023-06-20 23:30:00,crop_cotton,59.48,,23.84,72.14,773.39,170,maturity,0.0,False
2023-06-21 02:30:00,crop_cotton,26.18,,15.06,56.64,1873.37,171,vegetative,0.0,False
2023-06-21 04:00:00,crop_cotton,44.51,,40.86,82.07,980.62,171,flowering,0.0,False
2023-06-21 04:30:00,crop_cotton,35.77,,12.58,40.1,1141.43,171,flowering,0.0,False
2023-06-21 05:30:00,crop_cotton,45.03,,26.97,29.16,496.71,171,flowering,0.0,False
2023-06-21 10:30:00,crop_cotton,12.5,,20.41,87.99,1420.72,171,flowering,0.0,False
2023-06-21 12:00:00,crop_cotton,36.42,,22.42,57.25,785.71,171,flowering,0.0,False
2023-06-21 13:30:00,crop_cotton,26.27,,22.04,57.97,767.57,171,flowering,0.0,False
2023-06-21 15:30:00,crop_cotton,53.21,,14.99,68.97,2258.54,171,maturity,0.0,False
2023-06-21 22:30:00,crop_cotton,33.38,,38.82,89.48,530.29,171,maturity,0.0,False
2023-06-22 01:00:00,crop_cotton,15.74,,26.27,38.46,2369.58,172,flowering,0.0,False
2023-06-22 01:30:00,crop_cotton,45.57,,21.1,57.95,2011.85,172,flowering,0.0,False
2023-06-22 02:30:00,crop_cotton,14.35,,17.55,79.73,1837.7,172,maturity,0.0,False
2023-06-22 07:30:00,crop_cotton,11.32,,40.34,78.52,2041.02,172,flowering,0.0,False
2023-06-22 09:00:00,crop_cotton,15.53,,25.38,66.82,1018.97,172,maturity,0.0,False
2023-06-22 10:00:00,crop_cotton,18.71,,31.78,92.87,687.78,172,maturity,0.0,False
2023-06-22 13:00:00,crop_cotton,63.06,,33.53,26.83,1887.19,172,maturity,0.0,False
2023-06-23 04:30:00,crop_cotton,16.0,,41.57,94.64,126.69,173,maturity,0.0,False
2023-06-23 08:30:00,crop_cotton,31.38,,34.04,89.23,1280.11,173,maturity,0.0,False
2023-06-23 10:00:00,crop_cotton,15.39,,25.08,31.64,1880.5,173,vegetative,0.0,False
2023-06-23 16:00:00,crop_cotton,31.51,,20.84,35.99,1958.37,173,vegetative,0.0,False
2023-06-23 21:00:00,crop_cotton,28.43,,35.41,44.11,1326.01,173,maturity,0.0,False
2023-06-23 21:30:00,crop_cotton,21.29,,40.15,34.13,1366.17,173,maturity,0.0,False
2023-06-24 03:00:00,crop_cotton,55.13,,17.89,84.34,1877.15,174,flowering,0.0,False
2023-06-24 19:30:00,crop_cotton,23.06,,24.03,84.15,1842.31,174,flowering,0.0,False
2023-06-24 20:00:00,crop_cotton,49.45,,37.95,78.15,935.29,174,maturity,0.0,False
2023-06-24 22:30:00,crop_cotton,31.56,,24.12,56.76,1044.88,174,maturity,0.0,False
2023-06-25 08:30:00,crop_cotton,62.64,,31.81,27.83,50.34,175,maturity,0.0,False
2023-06-25 13:00:00,crop_cotton,10.93,,33.86,61.83,2133.99,175,vegetative,0.0,False
2023-06-25 22:30:00,crop_cotton,40.9,,28.77,75.07,1226.54,175,maturity,0.0,False
2023-06-26 08:30:00,crop_cotton,11.72,,41.51,27.1,1006.64,176,maturity,0.0,False
2023-06-26 16:30:00,crop_cotton,41.4,,41.56,72.07,2080.15,176,maturity,0.0,False
2023-06-26 17:00:00,crop_cotton,41.88,,13.22,34.32,111.4,176,maturity,0.0,False
2023-06-26 18:30:00,crop_cotton,23.89,,33.79,66.01,1711.11,176,flowering,0.0,False
2023-06-26 21:30:00,crop_cotton,54.74,,35.14,56.48,1434.93,176,maturity,0.0,False
2023-06-27 01:30:00,crop_cotton,35.18,,31.77,32.2,824.35,177,vegetative,0.0,False
2023-06-27 07:30:00,crop_cotton,29.04,,26.91,51.5,540.23,177,maturity,0.0,False
2023-06-27 16:30:00,crop_cotton,44.54,,35.86,77.31,443.99,177,maturity,0.0,False
2023-06-27 22:00:00,crop_cotton,57.57,,13.92,65.77,2481.48,177,maturity,0.0,False
2023-06-27 22:30:00,crop_cotton,46.32,,33.44,63.88,1048.09,177,flowering,0.0,False
2023-06-27 23:00:00,crop_cotton,28.68,,35.53,82.87,688.63,177,vegetative,0.0,False
2023-06-28 02:00:00,crop_cotton,64.01,,12.7,50.52,2317.51,178,maturity,0.0,False
2023-06-28 03:00:00,crop_cotton,56.3,,13.59,40.0,673.18,178,flowering,0.0,False
2023-06-28 05:30:00,crop_cotton,45.44,,25.17,92.4,989.7,178,maturity,0.0,False
2023-06-28 06:00:00,crop_cotton,37.11,,19.44,67.78,1842.9,178,maturity,0.0,False
2023-06-28 07:00:00,crop_cotton,30.97,,24.94,43.75,1529.87,178,flowering,0.0,False
2023-06-28 08:30:00,crop_cotton,56.65,,13.55,63.12,26.47,178,maturity,0.0,False
2023-06-28 09:00:00,crop_cotton,30.11,,24.54,64.49,2384.8,178,maturity,0.0,False
2023-06-28 10:00:00,crop_cotton,27.53,,15.62,74.6,1738.92,178,maturity,0.0,False
2023-06-28 14:00:00,crop_cotton,63.82,,36.83,78.74,392.43,178,vegetative,0.0,False
2023-06-28 17:00:00,crop_cotton,44.67,,30.72,33.83,2227.31,178,vegetative,0.0,False
2023-06-28 22:30:00,crop_cotton,27.23,,18.81,85.81,271.01,178,flowering,0.0,False
2023-06-28 23:30:00,crop_cotton,47.75,,13.35,32.55,1087.28,178,maturity,0.0,False
2023-06-29 04:00:00,crop_cotton,38.84,,34.26,66.28,2016.25,179,flowering,0.0,False
2023-06-29 06:00:00,crop_cotton,16.27,,30.06,39.78,1386.58,179,flowering,0.0,False
2023-06-29 06:30:00,crop_cotton,36.24,,22.55,92.4,1834.69,179,flowering,0.0,False
2023-06-29 07:00:00,crop_cotton,62.31,,32.12,74.33,128.9,179,maturity,0.0,False
2023-06-29 10:00:00,crop_cotton,44.02,,16.67,56.1,1222.98,179,vegetative,0.0,False
2023-06-29 14:30:00,crop_cotton,51.28,,23.69,41.21,43.57,179,flowering,0.0,False
2023-06-29 15:00:00,crop_cotton,28.83,,13.36,47.39,1814.79,179,flowering,0.0,False
2023-06-29 19:30:00,crop_cotton,16.59,,37.98,26.02,1997.82,179,maturity,0.0,False
2023-06-29 20:00:00,crop_cotton,34.29,,24.49,42.72,373.89,179,maturity,0.0,False
2023-06-30 01:00:00,crop_cotton,9.25,,21.92,34.76,1306.52,180,flowering,0.0,False
2023-06-30 07:30:00,crop_cotton,55.32,,30.73,40.08,2138.91,180,maturity,0.0,False
2023-06-30 08:00:00,crop_cotton,21.19,,25.15,52.75,829.79,180,maturity,0.0,False
2023-06-30 11:30:00,crop_cotton,63.41,,12.39,51.82,1213.85,180,flowering,0.0,False
2023-06-30 13:30:00,crop_cotton,21.21,,28.89,36.21,45.2,180,maturity,0.0,False
2023-06-30 22:00:00,crop_cotton,20.71,,38.89,43.42,1234.27,180,flowering,0.0,False
2023-06-30 23:30:00,crop_cotton,35.08,,29.91,52.47,995.66,180,flowering,0.0,False
2023-07-01 01:30:00,crop_cotton,19.36,,41.23,44.38,1122.65,181,flowering,0.0,False
2023-07-01 06:00:00,crop_cotton,56.96,,29.07,59.09,669.83,181,vegetative,0.0,False
2023-07-01 07:00:00,crop_cotton,61.64,,14.96,64.73,502.93,181,flowering,0.0,False
2023-07-01 08:30:00,crop_cotton,62.94,,32.34,35.66,1184.35,181,maturity,0.0,False
2023-07-01 09:00:00,crop_cotton,16.29,,39.25,35.28,993.19,181,maturity,0.0,False
2023-07-01 14:00:00,crop_cotton,52.65,,13.91,33.42,1707.57,181,flowering,0.0,False
2023-07-01 14:30:00,crop_cotton,20.78,,17.29,40.06,1934.38,181,vegetative,0.0,False
2023-07-01 20:30:00,crop_cotton,31.26,,32.34,69.7,1224.81,181,maturity,0.0,False
2023-07-01 23:00:00,crop_cotton,51.26,,28.8,92.03,132.81,181,flowering,0.0,False
2023-07-02 01:30:00,crop_cotton,54.83,,28.97,45.14,983.22,182,maturity,0.0,False
2023-07-02 08:00:00,crop_cotton,59.4,,24.47,46.9,1284.67,182,vegetative,0.0,False
2023-07-02 13:30:00,crop_cotton,21.43,,39.41,76.2,1674.38,182,flowering,0.0,False
2023-07-02 18:00:00,crop_cotton,42.73,,33.56,28.64,2168.44,182,flowering,0.0,False
2023-07-02 18:30:00,crop_cotton,28.93,,21.41,84.87,1840.84,182,flowering,0.0,False
2023-07-02 19:00:00,crop_cotton,46.35,,17.06,71.25,1924.47,182,flowering,0.0,False
2023-07-02 22:00:00,crop_cotton,47.11,,33.25,57.49,232.68,182,maturity,0.0,False
2023-07-02 23:30:00,crop_cotton,49.15,,27.59,84.23,2136.72,182,maturity,0.0,False
2023-07-03 04:00:00,crop_cotton,31.3,,19.21,71.15,1130.06,183,flowering,0.0,False
2023-07-03 04:30:00,crop_cotton,49.04,,22.42,55.4,2096.68,183,flowering,0.0,False
2023-07-03 06:00:00,crop_cotton,26.59,,21.9,94.52,1315.1,183,flowering,0.0,False
2023-07-03 06:30:00,crop_cotton,33.31,,28.04,83.21,5.18,183,flowering,0.0,False
2023-07-03 12:00:00,crop_cotton,25.69,,34.49,57.53,77.04,183,maturity,0.0,False
2023-07-03 12:30:00,crop_cotton,20.62,,41.21,26.05,376.48,183,vegetative,0.0,False
2023-07-03 13:00:00,crop_cotton,30.25,,26.47,79.14,726.2,183,flowering,0.0,False
2023-07-03 17:00:00,crop_cotton,47.06,,27.23,70.23,1759.56,183,flowering,0.0,False
2023-07-03 19:00:00,crop_cotton,58.37,,31.7,74.18,2322.44,183,vegetative,0.0,False
2023-07-04 07:30:00,crop_cotton,54.25,,17.09,58.22,1226.29,184,vegetative,0.0,False
2023-07-04 13:00:00,crop_cotton,18.24,,40.09,82.36,593.26,184,vegetative,0.0,False
2023-07-04 18:00:00,crop_cotton,13.19,,19.3,37.93,1915.18,184,vegetative,0.0,False
2023-07-05 00:00:00,crop_cotton,43.22,,17.65,78.56,1966.47,184,maturity,0.0,False
2023-07-05 06:00:00,crop_cotton,46.11,,20.59,62.14,2085.56,185,maturity,0.0,False
2023-07-05 07:00:00,crop_cotton,19.94,,21.29,62.36,164.82,185,vegetative,0.0,False
2023-07-05 11:00:00,crop_cotton,14.72,,37.66,79.52,1170.7,185,maturity,0.0,False
2023-07-05 15:00:00,crop_cotton,63.37,,33.52,90.9,1325.61,185,flowering,0.0,False
2023-07-05 22:30:00,crop_cotton,27.81,,14.43,81.17,2384.23,185,maturity,0.0,False
2023-07-05 23:30:00,crop_cotton,21.87,,13.19,48.24,1308.6,185,maturity,0.0,False
2023-07-06 03:00:00,crop_cotton,10.24,,29.08,81.61,908.68,186,maturity,0.0,False
2023-07-06 18:00:00,crop_cotton,57.89,,18.77,71.52,416.21,186,maturity,0.0,False
2023-07-07 00:00:00,crop_cotton,25.57,,20.31,72.33,463.23,186,vegetative,0.0,False
2023-07-07 15:30:00,crop_cotton,33.67,,24.07,46.41,1930.1,187,maturity,0.0,False
2023-07-07 22:00:00,crop_cotton,29.55,,21.74,56.7,1652.56,187,maturity,0.0,False
2023-07-08 01:00:00,crop_cotton,62.38,,39.83,34.58,1177.0,188,maturity,0.0,False
2023-07-08 02:30:00,crop_cotton,62.86,,28.43,36.93,146.78,188,vegetative,0.0,False
2023-07-08 07:30:00,crop_cotton,62.59,,30.61,62.46,411.02,188,maturity,0.0,False
2023-07-08 08:00:00,crop_cotton,32.33,,35.68,63.7,2371.13,188,maturity,0.0,False
2023-07-08 09:30:00,crop_cotton,38.32,,19.07,79.59,522.05,188,maturity,0.0,False
2023-07-08 11:30:00,crop_cotton,37.2,,25.68,55.37,9.82,188,vegetative,0.0,False
2023-07-08 13:30:00,crop_cotton,25.74,,32.25,81.85,1736.7,188,maturity,0.0,False
2023-07-08 17:00:00,crop_cotton,47.51,,31.48,54.87,1140.5,188,vegetative,0.0,False
2023-07-08 22:30:00,crop_cotton,36.66,,37.53,64.53,926.37,188,flowering,0.0,False
2023-07-08 23:00:00,crop_cotton,63.14,,33.99,62.4,811.69,188,maturity,0.0,False
2023-07-09 03:00:00,crop_cotton,50.68,,40.64,37.16,119.61,189,maturity,0.0,False
2023-07-09 10:30:00,crop_cotton,33.74,,39.49,33.65,853.87,189,vegetative,0.0,False
2023-07-09 11:00:00,crop_cotton,51.84,,40.89,79.93,1902.27,189,vegetative,0.0,False
2023-07-09 16:00:00,crop_cotton,29.34,,31.43,73.83,2190.18,189,maturity,0.0,False
2023-07-09 18:00:00,crop_cotton,8.1,,21.79,58.0,93.51,189,maturity,0.0,False
2023-07-09 21:30:00,crop_cotton,20.72,,34.45,91.22,2032.66,189,flowering,0.0,False
2023-07-10 00:00:00,crop_cotton,25.29,,35.16,76.36,1286.45,189,vegetative,0.0,False
2023-07-10 09:00:00,crop_cotton,52.19,,20.95,85.91,1642.23,190,maturity,0.0,False
2023-07-10 11:30:00,crop_cotton,20.84,,41.09,33.0,1274.16,190,maturity,0.0,False
2023-07-10 13:30:00,crop_cotton,10.42,,31.94,37.5,62.59,190,maturity,0.0,False
2023-07-10 14:30:00,crop_cotton,14.05,,39.05,37.94,2054.14,190,vegetative,0.0,False
2023-07-10 22:00:00,crop_cotton,38.98,,26.27,55.23,786.98,190,flowering,0.0,False
2023-07-10 23:00:00,crop_cotton,59.02,,20.66,38.63,1685.99,190,maturity,0.0,False
2023-07-11 02:00:00,crop_cotton,30.03,,17.83,47.66,256.67,191,maturity,0.0,False
2023-07-11 03:00:00,crop_cotton,44.22,,23.14,91.78,2258.61,191,maturity,0.0,False
2023-07-11 07:30:00,crop_cotton,12.64,,12.37,29.75,1989.56,191,maturity,0.0,False
2023-07-11 08:00:00,crop_cotton,29.54,,26.95,87.52,1959.55,191,maturity,0.0,False
2023-07-11 10:30:00,crop_cotton,44.98,,35.93,50.31,2071.68,191,flowering,0.0,False
2023-07-11 23:30:00,crop_cotton,40.67,,27.9,37.44,1967.23,191,maturity,0.0,False
2023-07-12 05:30:00,crop_cotton,46.99,,33.99,82.2,160.7,192,maturity,0.0,False
2023-07-12 06:30:00,crop_cotton,9.57,,30.82,63.58,1305.8,192,flowering,0.0,False
2023-07-12 12:30:00,crop_cotton,34.69,,32.41,53.55,692.36,192,flowering,0.0,False
2023-07-12 14:00:00,crop_cotton,30.04,,30.27,51.66,2140.21,192,maturity,0.0,False
2023-07-12 19:00:00,crop_cotton,54.78,,20.88,39.91,323.92,192,maturity,0.0,False
2023-07-13 03:30:00,crop_cotton,10.87,,28.96,54.74,743.23,193,vegetative,0.0,False
2023-07-13 04:30:00,crop_cotton,16.45,,25.23,52.37,235.44,193,maturity,0.0,False
2023-07-13 07:30:00,crop_cotton,28.95,,36.93,58.81,2352.14,193,maturity,0.0,False
2023-07-13 08:00:00,crop_cotton,11.96,,12.72,48.13,1873.15,193,flowering,0.0,False
2023-07-13 08:30:00,crop_cotton,41.31,,18.69,78.14,989.18,193,vegetative,0.0,False
2023-07-13 10:00:00,crop_cotton,30.93,,19.82,74.99,478.58,193,vegetative,0.0,False
2023-07-13 10:30:00,crop_cotton,31.6,,19.75,75.62,1944.19,193,vegetative,0.0,False
2023-07-13 11:00:00,crop_cotton,27.03,,18.44,85.0,271.57,193,vegetative,0.0,False
2023-07-13 13:30:00,crop_cotton,17.24,,28.73,90.13,2260.76,193,maturity,0.0,False
2023-07-13 15:00:00,crop_cotton,25.39,,18.71,82.22,2462.36,193,vegetative,0.0,False
2023-07-13 15:30:00,crop_cotton,49.47,,38.75,53.03,1887.01,193,vegetative,0.0,False
2023-07-14 00:00:00,crop_cotton,32.91,,14.63,78.02,1125.89,193,maturity,0.0,False
2023-07-14 01:00:00,crop_cotton,29.81,,19.09,84.79,691.3,194,vegetative,0.0,False
2023-07-14 02:30:00,crop_cotton,14.61,,33.26,31.84,2206.61,194,maturity,0.0,False
2023-07-14 07:30:00,crop_cotton,11.41,,19.82,90.41,2007.05,194,flowering,0.0,False
2023-07-14 11:00:00,crop_cotton,42.87,,37.74,70.45,2140.88,194,maturity,0.0,False
2023-07-14 12:30:00,crop_cotton,33.34,,40.67,71.73,2385.26,194,vegetative,0.0,False
2023-07-14 14:30:00,crop_cotton,24.36,,40.24,44.45,2276.09,194,maturity,0.0,False
2023-07-14 15:00:00,crop_cotton,51.91,,21.17,27.45,1552.94,194,vegetative,0.0,False
2023-07-14 17:00:00,crop_cotton,62.07,,27.91,68.53,690.91,194,flowering,0.0,False
2023-07-14 17:30:00,crop_cotton,18.22,,20.95,88.15,1414.78,194,maturity,0.0,False
2023-07-15 00:00:00,crop_cotton,56.13,,30.88,48.23,1876.82,194,vegetative,0.0,False
2023-07-15 07:30:00,crop_cotton,48.88,,37.48,91.29,1499.24,195,vegetative,0.0,False
2023-07-15 08:30:00,crop_cotton,21.11,,37.8,81.79,2362.75,195,maturity,0.0,False
2023-07-15 11:30:00,crop_cotton,38.25,,25.64,88.67,2174.65,195,maturity,0.0,False
2023-07-15 14:00:00,crop_cotton,63.99,,29.84,82.65,545.41,195,maturity,0.0,False
2023-07-15 14:30:00,crop_cotton,61.97,,36.69,25.88,2438.41,195,flowering,0.0,False
2023-07-15 16:30:00,crop_cotton,13.91,,22.71,48.32,117.29,195,maturity,0.0,False
2023-07-15 19:30:00,crop_cotton,59.39,,18.69,30.9,1982.23,195,maturity,0.0,False
2023-07-15 21:30:00,crop_cotton,54.69,,22.4,29.99,293.97,195,maturity,0.0,False
2023-07-15 22:30:00,crop_cotton,61.89,,34.3,39.67,1049.17,195,maturity,0.0,False
2023-07-16 00:30:00,crop_cotton,22.27,,23.83,40.35,1802.38,195,flowering,0.0,False
2023-07-16 01:00:00,crop_cotton,51.23,,36.32,61.01,2439.48,196,maturity,0.0,False
2023-07-16 03:00:00,crop_cotton,53.25,,22.1,65.99,124.35,196,vegetative,0.0,False
2023-07-16 07:30:00,crop_cotton,52.85,,26.67,54.06,940.07,196,vegetative,0.0,False
2023-07-16 08:30:00,crop_cotton,21.91,,29.91,57.72,1474.43,196,vegetative,0.0,False
2023-07-16 09:00:00,crop_cotton,18.8,,36.79,63.53,1320.26,196,maturity,0.0,False
2023-07-16 09:30:00,crop_cotton,57.38,,39.36,36.06,2361.34,196,flowering,0.0,False
2023-07-16 10:30:00,crop_cotton,20.15,,20.56,94.54,1933.58,196,maturity,0.0,False
2023-07-16 14:00:00,crop_cotton,34.62,,25.44,48.28,978.19,196,vegetative,0.0,False
2023-07-16 15:00:00,crop_cotton,10.67,,15.33,36.29,999.23,196,maturity,0.0,False
2023-07-16 20:30:00,crop_cotton,24.98,,20.74,63.69,2338.3,196,vegetative,0.0,False
2023-07-16 21:30:00,crop_cotton,28.77,,39.63,79.4,328.41,196,maturity,0.0,False
2023-07-16 22:00:00,crop_cotton,17.11,,27.65,88.67,242.12,196,maturity,0.0,False
2023-07-17 01:00:00,crop_cotton,8.55,,18.93,52.05,1454.25,197,flowering,0.0,False
2023-07-17 01:30:00,crop_cotton,46.41,,20.65,68.37,2126.06,197,maturity,0.0,False
2023-07-17 04:30:00,crop_cotton,47.94,,25.5,70.17,662.89,197,maturity,0.0,False
2023-07-17 08:30:00,crop_cotton,17.98,,21.45,70.51,31.71,197,flowering,0.0,False
2023-07-17 10:00:00,crop_cotton,49.25,,26.77,82.14,300.01,197,maturity,0.0,False
2023-07-17 11:30:00,crop_cotton,30.75,,21.68,77.42,775.91,197,maturity,0.0,False
2023-07-17 14:00:00,crop_cotton,56.99,,31.0,82.04,251.3,197,maturity,0.0,False
2023-07-17 16:30:00,crop_cotton,63.33,,23.65,41.16,2312.99,197,flowering,0.0,False
2023-07-17 17:30:00,crop_cotton,8.4,,37.4,36.69,2155.46,197,flowering,0.0,False
2023-07-17 20:00:00,crop_cotton,20.7,,33.91,93.31,53.52,197,maturity,0.0,False
2023-07-18 00:30:00,crop_cotton,15.16,,36.71,56.36,1052.86,197,flowering,0.0,False
2023-07-18 06:00:00,crop_cotton,35.57,,38.6,62.02,246.81,198,maturity,0.0,False
2023-07-18 06:30:00,crop_cotton,62.53,,26.42,52.8,830.54,198,maturity,0.0,False
2023-07-18 10:00:00,crop_cotton,61.98,,39.47,39.89,1695.87,198,vegetative,0.0,False
2023-07-18 10:30:00,crop_cotton,46.94,,41.54,68.19,868.51,198,maturity,0.0,False
2023-07-18 11:30:00,crop_cotton,10.26,,16.75,25.82,1462.43,198,maturity,0.0,False
2023-07-18 16:30:00,crop_cotton,43.95,,26.37,30.41,1942.41,198,maturity,0.0,False
2023-07-18 18:30:00,crop_cotton,54.59,,41.08,54.5,488.02,198,maturity,0.0,False
2023-07-19 02:30:00,crop_cotton,32.2,,30.42,81.62,621.07,199,flowering,0.0,False
2023-07-19 03:30:00,crop_cotton,35.34,,18.99,82.31,1935.43,199,maturity,0.0,False
2023-07-19 09:00:00,crop_cotton,11.79,,21.93,37.05,2214.26,199,flowering,0.0,False
2023-07-19 20:30:00,crop_cotton,53.01,,41.79,65.93,2078.62,199,flowering,0.0,False
2023-07-19 23:00:00,crop_cotton,36.19,,19.54,70.73,995.97,199,maturity,0.0,False
2023-07-20 08:30:00,crop_cotton,9.91,,30.41,46.33,2322.37,200,maturity,0.0,False
2023-07-20 11:00:00,crop_cotton,27.61,,21.45,46.32,450.92,200,maturity,0.0,False
2023-07-20 18:00:00,crop_cotton,18.55,,12.11,42.35,1724.76,200,maturity,0.0,False
2023-07-20 21:00:00,crop_cotton,23.69,,33.46,62.53,1575.43,200,vegetative,0.0,False
2023-07-21 04:00:00,crop_cotton,64.44,,20.34,38.99,2079.45,201,vegetative,0.0,False
2023-07-21 07:00:00,crop_cotton,40.6,,23.53,28.96,77.24,201,vegetative,0.0,False
2023-07-21 07:30:00,crop_cotton,62.1,,23.7,35.97,956.66,201,vegetative,0.0,False
2023-07-21 08:00:00,crop_cotton,33.32,,41.69,60.85,767.38,201,maturity,0.0,False
2023-07-21 12:00:00,crop_cotton,37.13,,36.62,50.08,397.19,201,flowering,0.0,False
2023-07-21 16:00:00,crop_cotton,27.47,,28.36,91.9,156.71,201,maturity,0.0,False
2023-07-21 17:30:00,crop_cotton,22.82,,39.73,27.68,1849.77,201,flowering,0.0,False
2023-07-21 18:30:00,crop_cotton,25.9,,18.09,91.93,1285.31,201,flowering,0.0,False
2023-07-21 20:00:00,crop_cotton,52.37,,22.46,80.82,1182.14,201,maturity,0.0,False
2023-07-21 21:00:00,crop_cotton,23.5,,25.23,78.11,869.69,201,maturity,0.0,False
2023-07-22 01:30:00,crop_cotton,15.95,,38.29,31.61,198.36,202,maturity,0.0,False
2023-07-22 02:30:00,crop_cotton,64.96,,15.33,86.26,853.76,202,maturity,0.0,False
2023-07-22 03:00:00,crop_cotton,56.51,,19.64,73.16,797.62,202,vegetative,0.0,False
2023-07-22 10:30:00,crop_cotton,54.1,,16.96,54.74,1423.31,202,flowering,0.0,False
2023-07-22 15:30:00,crop_cotton,56.51,,16.51,26.01,667.92,202,maturity,0.0,False
2023-07-22 16:00:00,crop_cotton,62.68,,19.92,36.23,1409.35,202,flowering,0.0,False
2023-07-22 16:30:00,crop_cotton,18.13,,22.34,38.49,1955.13,202,maturity,0.0,False
2023-07-22 17:30:00,crop_cotton,10.48,,29.56,33.68,1387.87,202,maturity,0.0,False
2023-07-23 01:00:00,crop_cotton,10.33,,30.14,72.08,2069.81,203,flowering,0.0,False
2023-07-23 01:30:00,crop_cotton,51.48,,18.04,27.61,2082.85,203,flowering,0.0,False
2023-07-23 05:30:00,crop_cotton,48.34,,12.74,50.38,44.14,203,vegetative,0.0,False
2023-07-23 08:00:00,crop_cotton,21.28,,26.94,38.94,21.19,203,flowering,0.0,False
2023-07-23 10:30:00,crop_cotton,57.62,,26.08,67.6,743.81,203,flowering,0.0,False
2023-07-23 11:30:00,crop_cotton,47.13,,31.54,76.9,976.28,203,maturity,0.0,False
2023-07-23 14:00:00,crop_cotton,37.39,,39.37,31.02,510.85,203,vegetative,0.0,False
2023-07-23 23:30:00,crop_cotton,20.24,,37.14,48.54,497.09,203,flowering,0.0,False
2023-07-24 03:30:00,crop_cotton,57.24,,23.28,47.44,538.28,204,flowering,0.0,False
2023-07-24 05:00:00,crop_cotton,55.4,,37.77,86.36,803.18,204,flowering,0.0,False
2023-07-24 06:30:00,crop_cotton,52.41,,35.98,26.37,1951.32,204,vegetative,0.0,False
2023-07-24 08:30:00,crop_cotton,58.96,,26.05,94.41,980.82,204,flowering,0.0,False
2023-07-24 13:00:00,crop_cotton,35.1,,14.47,26.84,815.24,204,maturity,0.0,False
2023-07-24 15:00:00,crop_cotton,38.96,,28.06,64.45,1547.28,204,maturity,0.0,False
2023-07-24 23:30:00,crop_cotton,58.89,,30.3,54.03,1562.21,204,vegetative,0.0,False
2023-07-25 00:00:00,crop_cotton,23.79,,12.94,72.91,1533.97,204,flowering,0.0,False
2023-07-25 14:00:00,crop_cotton,20.4,,20.37,52.7,65.04,205,flowering,0.0,False
2023-07-25 16:30:00,crop_cotton,25.12,,12.1,48.05,7.67,205,vegetative,0.0,False
2023-07-25 17:30:00,crop_cotton,29.18,,28.95,33.6,2475.02,205,flowering,0.0,False
2023-07-25 20:00:00,crop_cotton,48.62,,34.15,57.72,2076.0,205,flowering,0.0,False
2023-07-25 22:30:00,crop_cotton,14.08,,28.55,87.16,1035.7,205,vegetative,0.0,False
2023-07-25 23:30:00,crop_cotton,8.48,,20.46,38.85,731.97,205,maturity,0.0,False
2023-07-26 00:30:00,crop_cotton,41.75,,33.3,40.15,1714.02,205,vegetative,0.0,False
2023-07-26 01:30:00,crop_cotton,45.13,,25.31,42.11,2418.26,206,flowering,0.0,False
2023-07-26 02:00:00,crop_cotton,16.23,,24.66,46.98,413.26,206,maturity,0.0,False
2023-07-26 04:30:00,crop_cotton,39.86,,19.89,88.83,2174.93,206,maturity,0.0,False
2023-07-26 09:00:00,crop_cotton,64.78,,18.75,82.45,235.34,206,vegetative,0.0,False
2023-07-26 11:30:00,crop_cotton,14.58,,21.98,30.14,1076.5,206,flowering,0.0,False
2023-07-26 13:00:00,crop_cotton,47.53,,37.06,82.02,2436.16,206,maturity,0.0,False
2023-07-26 18:00:00,crop_cotton,9.3,,37.4,30.27,1285.74,206,vegetative,0.0,False
2023-07-26 19:30:00,crop_cotton,36.7,,31.64,89.92,331.99,206,maturity,0.0,False
2023-07-27 01:30:00,crop_cotton,12.19,,26.36,36.44,486.8,207,vegetative,0.0,False
2023-07-27 04:30:00,crop_cotton,62.63,,14.18,43.95,1692.79,207,flowering,0.0,False
2023-07-27 12:30:00,crop_cotton,43.79,,26.67,82.06,2325.11,207,maturity,0.0,False
2023-07-27 14:30:00,crop_cotton,46.73,,34.12,27.8,954.86,207,maturity,0.0,False
2023-07-27 15:00:00,crop_cotton,21.0,,38.25,91.32,635.01,207,vegetative,0.0,False
2023-07-27 18:30:00,crop_cotton,11.67,,16.81,29.02,1093.68,207,maturity,0.0,False
2023-07-28 00:00:00,crop_cotton,27.08,,23.49,94.05,180.37,207,vegetative,0.0,False
2023-07-28 02:00:00,crop_cotton,56.31,,36.15,59.04,530.09,208,maturity,0.0,False
2023-07-28 03:30:00,crop_cotton,20.25,,40.63,93.54,157.29,208,maturity,0.0,False
2023-01-01 00:30:00,crop_maize,50.56,,36.5,26.01,831.28,0,flowering,0.0,False
2023-01-01 04:00:00,crop_maize,36.73,,16.59,76.88,2476.03,0,flowering,0.0,False
2023-01-01 05:30:00,crop_maize,17.77,,34.84,61.08,1388.44,0,maturity,0.0,False
2023-01-01 08:00:00,crop_maize,37.16,,21.29,87.38,1571.39,0,vegetative,0.0,False
2023-01-01 12:00:00,crop_maize,13.7,,27.27,33.58,1066.4,0,flowering,0.0,False
2023-01-01 17:30:00,crop_maize,54.02,,30.01,83.46,869.91,0,maturity,0.0,False
2023-01-01 21:00:00,crop_maize,17.04,,20.1,53.27,1002.58,0,maturity,0.0,False
2023-01-01 23:00:00,crop_maize,16.17,,30.89,50.16,361.8,0,maturity,0.0,False
2023-01-01 23:30:00,crop_maize,33.39,,40.04,61.08,175.7,0,flowering,0.0,False
2023-01-02 02:00:00,crop_maize,12.79,,18.39,42.08,1190.29,1,maturity,0.0,False
2023-01-02 02:30:00,crop_maize,58.75,,25.6,55.98,1201.45,1,maturity,0.0,False
2023-01-02 04:00:00,crop_maize,15.98,,18.32,87.01,555.82,1,flowering,0.0,False
2023-01-02 04:30:00,crop_maize,46.23,,21.6,51.7,1419.97,1,maturity,0.0,False
2023-01-02 06:30:00,crop_maize,16.64,,24.5,88.15,1421.71,1,maturity,0.0,False
2023-01-02 08:30:00,crop_maize,47.44,,37.11,46.62,1826.17,1,maturity,0.0,False
2023-01-02 11:30:00,crop_maize,20.85,,36.85,73.52,1461.93,1,maturity,0.0,False
2023-01-02 14:30:00,crop_maize,27.52,,20.27,91.16,1481.3,1,vegetative,0.0,False
2023-01-02 15:00:00,crop_maize,12.38,,26.43,25.93,931.09,1,maturity,0.0,False
2023-01-02 18:30:00,crop_maize,13.71,,33.61,62.44,695.66,1,maturity,0.0,False
2023-01-02 20:00:00,crop_maize,41.94,,35.2,39.75,2385.45,1,vegetative,0.0,False
2023-01-03 00:00:00,crop_maize,25.3,,17.78,53.37,1512.36,1,maturity,0.0,False
2023-01-03 00:30:00,crop_maize,39.87,,35.14,89.3,166.18,2,vegetative,0.0,False
2023-01-03 06:00:00,crop_maize,41.23,,21.5,49.01,1185.97,2,flowering,0.0,False
2023-01-03 07:30:00,crop_maize,50.42,,16.42,73.54,144.37,2,maturity,0.0,False
2023-01-03 12:30:00,crop_maize,10.03,,16.69,67.96,605.71,2,maturity,0.0,False
2023-01-03 15:00:00,crop_maize,44.5,,12.88,37.36,711.48,2,maturity,0.0,False
2023-01-03 17:00:00,crop_maize,23.2,,25.07,44.74,72.0,2,vegetative,0.0,False
2023-01-03 17:30:00,crop_maize,64.14,,21.41,45.45,1325.23,2,vegetative,0.0,False
2023-01-03 21:00:00,crop_maize,23.35,,27.32,50.98,2399.33,2,flowering,0.0,False
2023-01-04 01:30:00,crop_maize,51.42,,32.86,82.36,1750.59,3,maturity,0.0,False
2023-01-04 02:00:00,crop_maize,61.49,,29.47,43.72,2220.26,3,vegetative,0.0,False
2023-01-04 03:30:00,crop_maize,56.5,,24.51,63.36,2009.15,3,maturity,0.0,False
2023-01-04 15:30:00,crop_maize,48.72,,39.0,80.97,2427.27,3,maturity,0.0,False
2023-01-04 16:00:00,crop_maize,26.63,,18.05,90.49,954.42,3,maturity,0.0,False
2023-01-04 18:30:00,crop_maize,18.02,,40.69,33.05,37.8,3,flowering,0.0,False
2023-01-04 19:30:00,crop_maize,37.29,,26.96,59.1,1208.91,3,vegetative,0.0,False
2023-01-04 21:00:00,crop_maize,32.15,,20.74,54.84,1874.67,3,maturity,0.0,False
2023-01-04 22:30:00,crop_maize,39.45,,36.69,91.85,1788.82,3,maturity,0.0,False
2023-01-04 23:30:00,crop_maize,12.19,,28.17,30.71,989.19,3,maturity,0.0,False
2023-01-05 01:30:00,crop_maize,29.59,,26.49,71.35,2278.1,4,maturity,0.0,False
2023-01-05 02:00:00,crop_maize,54.63,,23.68,57.99,1781.7,4,maturity,0.0,False
2023-01-05 04:30:00,crop_maize,37.74,,35.83,72.44,1877.75,4,flowering,0.0,False
2023-01-05 08:30:00,crop_maize,13.05,,40.99,40.94,768.77,4,flowering,0.0,False
2023-01-05 11:00:00,crop_maize,38.01,,21.92,75.65,2470.24,4,vegetative,0.0,False
2023-01-05 12:30:00,crop_maize,13.56,,31.49,38.34,1227.81,4,flowering,0.0,False
2023-01-05 14:30:00,crop_maize,61.52,,40.7,32.34,1211.67,4,vegetative,0.0,False
2023-01-05 16:00:00,crop_maize,8.34,,35.49,85.29,491.3,4,maturity,0.0,False
2023-01-05 17:00:00,crop_maize,16.41,,33.41,76.2,2275.27,4,maturity,0.0,False
2023-01-05 17:30:00,crop_maize,27.89,,16.95,35.22,114.32,4,maturity,0.0,False
2023-01-05 22:00:00,crop_maize,29.42,,15.56,58.27,1842.1,4,flowering,0.0,False
2023-01-05 22:30:00,crop_maize,40.93,,26.16,90.62,1717.15,4,flowering,0.0,False
2023-01-06 00:30:00,crop_maize,38.98,,16.49,31.52,1171.47,5,maturity,0.0,False
2023-01-06 01:00:00,crop_maize,35.0,,32.03,82.47,856.96,5,maturity,0.0,False
2023-01-06 05:00:00,crop_maize,9.89,,34.61,56.81,1457.54,5,maturity,0.0,False
2023-01-06 11:00:00,crop_maize,40.71,,28.37,71.61,1009.98,5,flowering,0.0,False
2023-01-06 13:00:00,crop_maize,18.41,,41.39,56.28,2491.26,5,flowering,0.0,False
2023-01-06 14:30:00,crop_maize,12.56,,33.18,80.07,522.6,5,vegetative,0.0,False
2023-01-06 17:00:00,crop_maize,29.39,,32.48,78.3,1719.18,5,maturity,0.0,False
2023-01-06 19:30:00,crop_maize,62.93,,33.21,49.73,1882.46,5,maturity,0.0,False
2023-01-06 20:00:00,crop_maize,61.36,,35.09,31.0,1243.07,5,vegetative,0.0,False
2023-01-06 22:30:00,crop_maize,50.3,,20.12,43.36,575.17,5,maturity,0.0,False
2023-01-07 04:30:00,crop_maize,20.46,,21.12,88.45,1430.63,6,maturity,0.0,False
2023-01-07 15:00:00,crop_maize,51.17,,38.91,29.79,95.17,6,flowering,0.0,False
2023-01-07 17:00:00,crop_maize,10.88,,15.03,86.37,2451.79,6,flowering,0.0,False
2023-01-07 17:30:00,crop_maize,58.87,,25.83,37.85,1094.35,6,maturity,0.0,False
2023-01-07 20:00:00,crop_maize,63.65,,25.96,87.76,1729.54,6,vegetative,0.0,False
2023-01-08 05:00:00,crop_maize,30.52,,39.81,30.4,1096.72,7,vegetative,0.0,False
2023-01-08 06:00:00,crop_maize,20.98,,19.92,82.97,2176.63,7,maturity,0.0,False
2023-01-08 07:00:00,crop_maize,8.69,,21.54,82.44,2224.15,7,maturity,0.0,False
2023-01-08 14:00:00,crop_maize,56.06,,39.1,84.15,1390.51,7,maturity,0.0,False
2023-01-08 15:00:00,crop_maize,57.11,,33.88,40.52,282.21,7,maturity,0.0,False
2023-01-08 17:30:00,crop_maize,43.59,,32.68,43.34,979.75,7,vegetative,0.0,False
2023-01-09 00:30:00,crop_maize,45.37,,19.4,80.42,207.54,8,flowering,0.0,False
2023-01-09 01:00:00,crop_maize,21.19,,37.24,86.06,1080.21,8,maturity,0.0,False
2023-01-09 03:30:00,crop_maize,55.08,,28.46,67.35,1047.19,8,vegetative,0.0,False
2023-01-09 05:30:00,crop_maize,32.37,,18.46,80.61,2049.01,8,vegetative,0.0,False
2023-01-09 06:00:00,crop_maize,28.81,,41.97,61.79,1533.3,8,maturity,0.0,False
2023-01-09 06:30:00,crop_maize,53.73,,24.16,90.31,1367.96,8,vegetative,0.0,False
2023-01-09 09:00:00,crop_maize,56.15,,20.65,44.67,1046.47,8,maturity,0.0,False
2023-01-09 11:30:00,crop_maize,24.23,,14.01,89.68,1916.48,8,maturity,0.0,False
2023-01-09 16:00:00,crop_maize,16.63,,20.14,52.46,246.55,8,vegetative,0.0,False
2023-01-09 17:30:00,crop_maize,28.27,,27.27,87.5,1768.45,8,maturity,0.0,False
2023-01-09 22:30:00,crop_maize,24.27,,19.54,28.43,738.0,8,maturity,0.0,False
2023-01-10 02:00:00,crop_maize,53.46,,16.04,67.22,2346.67,9,maturity,0.0,False
2023-01-10 05:00:00,crop_maize,37.31,,16.55,76.31,360.91,9,vegetative,0.0,False
2023-01-10 06:00:00,crop_maize,34.08,,22.96,68.37,2298.27,9,maturity,0.0,False
2023-01-10 09:00:00,crop_maize,40.27,,12.56,70.05,803.09,9,maturity,0.0,False
2023-01-10 16:30:00,crop_maize,44.4,,34.09,27.63,1390.37,9,maturity,0.0,False
2023-01-10 21:00:00,crop_maize,36.99,,13.54,93.69,1419.36,9,flowering,0.0,False
2023-01-11 01:00:00,crop_maize,43.0,,15.36,37.61,2200.49,10,maturity,0.0,False
2023-01-11 02:30:00,crop_maize,54.46,,33.79,28.34,1143.04,10,flowering,0.0,False
2023-01-11 03:30:00,crop_maize,12.4,,23.58,85.25,2259.77,10,maturity,0.0,False
2023-01-11 04:30:00,crop_maize,47.17,,35.17,70.01,2268.49,10,flowering,0.0,False
2023-01-11 16:00:00,crop_maize,58.96,,38.55,55.83,1739.87,10,vegetative,0.0,False
2023-01-11 17:00:00,crop_maize,34.51,,19.57,70.77,1948.84,10,flowering,0.0,False
2023-01-11 18:00:00,crop_maize,11.25,,36.88,86.61,2118.82,10,maturity,0.0,False
2023-01-12 03:00:00,crop_maize,23.02,,36.43,29.33,2196.68,11,vegetative,0.0,False
2023-01-12 04:00:00,crop_maize,24.21,,17.86,26.24,856.82,11,maturity,0.0,False
2023-01-12 04:30:00,crop_maize,45.27,,31.24,72.59,1574.41,11,maturity,0.0,False
2023-01-12 06:30:00,crop_maize,25.1,,16.14,71.38,1236.01,11,maturity,0.0,False
2023-01-12 12:30:00,crop_maize,11.58,,23.67,48.3,1182.21,11,flowering,0.0,False
2023-01-12 13:30:00,crop_maize,53.87,,41.25,53.84,2130.48,11,vegetative,0.0,False
2023-01-12 14:30:00,crop_maize,59.11,,36.66,91.24,631.79,11,flowering,0.0,False
2023-01-12 17:00:00,crop_maize,53.49,,27.5,61.14,1629.29,11,maturity,0.0,False
2023-01-12 17:30:00,crop_maize,20.18,,15.27,29.53,502.35,11,flowering,0.0,False
2023-01-12 18:30:00,crop_maize,21.3,,16.51,51.41,1326.59,11,flowering,0.0,False
2023-01-12 20:30:00,crop_maize,33.83,,12.4,48.12,1367.19,11,vegetative,0.0,False
2023-01-12 21:00:00,crop_maize,57.81,,40.18,46.58,2233.51,11,maturity,0.0,False
2023-01-13 02:00:00,crop_maize,61.71,,25.07,60.05,455.38,12,vegetative,0.0,False
2023-01-13 04:00:00,crop_maize,14.31,,40.12,74.92,1896.35,12,maturity,0.0,False
2023-01-13 05:30:00,crop_maize,30.6,,41.13,33.83,19.07,12,maturity,0.0,False
2023-01-13 06:00:00,crop_maize,14.34,,38.34,36.08,2111.33,12,vegetative,0.0,False
2023-01-13 11:30:00,crop_maize,19.49,,35.24,29.38,1250.06,12,flowering,0.0,False
2023-01-13 15:00:00,crop_maize,52.68,,34.87,75.95,605.47,12,maturity,0.0,False
2023-01-13 18:00:00,crop_maize,23.39,,39.73,70.67,159.46,12,flowering,0.0,False
2023-01-13 20:00:00,crop_maize,39.14,,18.67,34.12,1313.57,12,flowering,0.0,False
2023-01-13 22:00:00,crop_maize,32.4,,17.77,72.39,1775.89,12,maturity,0.0,False
2023-01-13 23:30:00,crop_maize,49.67,,38.28,25.43,1352.18,12,vegetative,0.0,False
2023-01-14 00:30:00,crop_maize,26.46,,23.19,59.67,2383.31,13,maturity,0.0,False
2023-01-14 05:30:00,crop_maize,9.49,,16.98,86.08,2432.61,13,maturity,0.0,False
2023-01-14 06:00:00,crop_maize,40.23,,39.06,46.44,1515.81,13,maturity,0.0,False
2023-01-14 10:00:00,crop_maize,22.19,,15.59,46.71,600.89,13,maturity,0.0,False
2023-01-14 13:00:00,crop_maize,9.48,,26.13,69.61,832.88,13,maturity,0.0,False
2023-01-14 16:00:00,crop_maize,30.53,,34.48,31.31,3.8,13,vegetative,0.0,False
2023-01-14 23:00:00,crop_maize,43.13,,26.69,87.96,1156.84,13,vegetative,0.0,False
2023-01-14 23:30:00,crop_maize,47.05,,18.15,69.18,418.26,13,flowering,0.0,False
2023-01-15 01:30:00,crop_maize,54.35,,24.77,49.1,750.53,14,maturity,0.0,False
2023-01-15 05:00:00,crop_maize,8.21,,33.44,31.62,1273.79,14,vegetative,0.0,False
2023-01-15 17:00:00,crop_maize,31.86,,31.21,60.55,1046.97,14,flowering,0.0,False
2023-01-15 17:30:00,crop_maize,10.52,,20.52,83.38,1441.62,14,maturity,0.0,False
2023-01-15 19:30:00,crop_maize,61.76,,40.35,26.79,174.21,14,flowering,0.0,False
2023-01-15 22:00:00,crop_maize,9.12,,34.91,72.01,110.56,14,flowering,0.0,False
2023-01-16 01:00:00,crop_maize,51.75,,26.69,79.98,933.31,15,maturity,0.0,False
2023-01-16 04:30:00,crop_maize,20.38,,16.06,53.52,2423.0,15,maturity,0.0,False
2023-01-16 15:30:00,crop_maize,55.07,,14.64,76.4,1526.4,15,vegetative,0.0,False
2023-01-16 16:00:00,crop_maize,25.85,,12.35,58.37,1912.99,15,maturity,0.0,False
2023-01-17 00:30:00,crop_maize,22.28,,35.46,91.92,1331.78,16,maturity,0.0,False
2023-01-17 03:00:00,crop_maize,63.84,,33.64,53.33,517.94,16,flowering,0.0,False
2023-01-17 07:00:00,crop_maize,22.41,,26.76,60.66,1143.3,16,vegetative,0.0,False
2023-01-17 11:00:00,crop_maize,53.52,,18.82,81.98,1310.06,16,vegetative,0.0,False
2023-01-17 12:00:00,crop_maize,19.39,,24.84,39.95,1390.93,16,vegetative,0.0,False
2023-01-17 15:00:00,crop_maize,15.51,,36.38,69.07,1024.97,16,maturity,0.0,False
2023-01-17 16:30:00,crop_maize,23.76,,15.08,65.9,2179.46,16,flowering,0.0,False
2023-01-17 17:00:00,crop_maize,40.42,,14.72,30.98,2321.75,16,vegetative,0.0,False
2023-01-17 21:30:00,crop_maize,11.04,,16.13,89.19,1706.5,16,maturity,0.0,False
2023-01-17 23:00:00,crop_maize,29.25,,38.77,40.09,1779.93,16,vegetative,0.0,False
2023-01-18 03:30:00,crop_maize,40.75,,15.83,63.25,1248.54,17,vegetative,0.0,False
2023-01-18 05:00:00,crop_maize,24.97,,21.82,82.48,724.25,17,flowering,0.0,False
2023-01-18 09:30:00,crop_maize,40.24,,31.64,52.02,536.07,17,flowering,0.0,False
2023-01-18 11:30:00,crop_maize,58.84,,31.62,27.7,982.02,17,maturity,0.0,False
2023-01-18 15:00:00,crop_maize,49.15,,13.89,52.56,2251.52,17,vegetative,0.0,False
2023-01-18 21:00:00,crop_maize,9.37,,23.92,72.81,264.93,17,maturity,0.0,False
2023-01-19 00:30:00,crop_maize,12.38,,38.71,83.84,1170.84,18,maturity,0.0,False
2023-01-19 02:30:00,crop_maize,27.48,,16.91,76.72,389.94,18,maturity,0.0,False
2023-01-19 10:30:00,crop_maize,19.65,,27.24,85.86,377.31,18,maturity,0.0,False
2023-01-19 11:30:00,crop_maize,27.91,,24.86,56.81,1635.61,18,flowering,0.0,False
2023-01-19 17:00:00,crop_maize,10.34,,39.11,82.47,621.23,18,vegetative,0.0,False
2023-01-19 21:00:00,crop_maize,61.24,,32.78,41.2,695.18,18,flowering,0.0,False
2023-01-19 22:00:00,crop_maize,19.65,,35.03,69.23,285.03,18,maturity,0.0,False
2023-01-19 23:30:00,crop_maize,51.08,,12.14,44.57,1753.7,18,vegetative,0.0,False
2023-01-20 00:00:00,crop_maize,53.01,,38.43,44.08,354.69,18,flowering,0.0,False
2023-01-20 12:00:00,crop_maize,29.14,,41.32,36.16,2303.46,19,maturity,0.0,False
2023-01-20 13:30:00,crop_maize,58.02,,13.9,69.45,1482.28,19,vegetative,0.0,False
2023-01-20 14:30:00,crop_maize,23.61,,36.39,30.73,612.85,19,maturity,0.0,False
2023-01-20 15:30:00,crop_maize,16.1,,12.94,94.78,1074.95,19,maturity,0.0,False
2023-01-20 16:00:00,crop_maize,22.79,,39.31,69.59,2300.6,19,maturity,0.0,False
2023-01-20 16:30:00,crop_maize,39.14,,23.42,32.6,2439.23,19,vegetative,0.0,False
2023-01-20 18:30:00,crop_maize,52.0,,26.07,65.3,2170.25,19,vegetative,0.0,False
2023-01-20 20:30:00,crop_maize,26.21,,15.54,43.25,973.64,19,vegetative,0.0,False
2023-01-20 23:00:00,crop_maize,38.65,,16.98,28.36,386.44,19,flowering,0.0,False
2023-01-21 00:00:00,crop_maize,39.66,,34.91,40.09,22.52,19,maturity,0.0,False
2023-01-21 01:00:00,crop_maize,40.71,,39.64,89.68,737.31,20,flowering,0.0,False
2023-01-21 05:30:00,crop_maize,8.3,,33.72,78.12,1176.37,20,vegetative,0.0,False
2023-01-21 07:00:00,crop_maize,47.94,,22.29,80.27,1837.6,20,maturity,0.0,False
2023-01-21 12:00:00,crop_maize,37.95,,41.5,53.12,2283.95,20,maturity,0.0,False
2023-01-21 20:00:00,crop_maize,8.25,,24.23,57.96,1072.84,20,maturity,0.0,False
2023-01-22 04:00:00,crop_maize,64.28,,33.73,79.35,468.63,21,vegetative,0.0,False
2023-01-22 16:00:00,crop_maize,14.25,,32.14,62.76,1018.47,21,maturity,0.0,False
2023-01-22 16:30:00,crop_maize,59.04,,12.75,86.0,403.9,21,flowering,0.0,False
2023-01-22 17:00:00,crop_maize,10.02,,19.07,85.49,658.36,21,maturity,0.0,False
2023-01-22 23:30:00,crop_maize,51.42,,34.22,55.35,1010.97,21,vegetative,0.0,False
2023-01-23 04:30:00,crop_maize,47.25,,26.7,30.21,2047.21,22,maturity,0.0,False
2023-01-23 11:30:00,crop_maize,11.98,,12.11,78.87,1488.39,22,vegetative,0.0,False
2023-01-23 20:30:00,crop_maize,30.27,,40.07,35.78,1129.92,22,maturity,0.0,False
2023-01-23 22:00:00,crop_maize,44.79,,25.11,68.63,723.39,22,maturity,0.0,False
2023-01-24 00:00:00,crop_maize,52.38,,14.04,28.91,1143.61,22,maturity,0.0,False
2023-01-24 03:00:00,crop_maize,30.68,,14.88,87.24,1558.91,23,flowering,0.0,False
2023-01-24 03:30:00,crop_maize,21.11,,20.49,47.21,883.95,23,vegetative,0.0,False
2023-01-24 04:30:00,crop_maize,64.9,,37.03,33.91,929.72,23,maturity,0.0,False
2023-01-24 05:00:00,crop_maize,55.05,,20.1,94.04,203.76,23,maturity,0.0,False
2023-01-24 06:30:00,crop_maize,27.43,,38.07,31.35,1676.1,23,flowering,0.0,False
2023-01-24 08:00:00,crop_maize,55.32,,35.16,34.01,580.08,23,flowering,0.0,False
2023-01-24 11:30:00,crop_maize,29.69,,41.99,72.89,254.44,23,vegetative,0.0,False
2023-01-24 13:30:00,crop_maize,61.02,,31.18,48.92,469.99,23,vegetative,0.0,False
2023-01-24 14:00:00,crop_maize,59.73,,41.61,51.86,2166.45,23,flowering,0.0,False
2023-01-24 14:30:00,crop_maize,11.25,,33.21,30.44,1003.71,23,flowering,0.0,False
2023-01-24 19:30:00,crop_maize,62.98,,37.3,31.74,1673.41,23,maturity,0.0,False
2023-01-24 20:00:00,crop_maize,35.29,,18.04,69.38,1801.03,23,flowering,0.0,False
2023-01-24 21:30:00,crop_maize,47.74,,35.89,94.55,2318.21,23,maturity,0.0,False
2023-01-24 22:30:00,crop_maize,58.58,,14.86,58.98,537.1,23,flowering,0.0,False
2023-01-25 00:00:00,crop_maize,40.25,,38.04,45.91,2076.48,23,maturity,0.0,False
2023-01-25 05:30:00,crop_maize,30.13,,20.64,93.94,2236.98,24,maturity,0.0,False
2023-01-25 12:00:00,crop_maize,40.8,,21.18,80.15,1407.34,24,maturity,0.0,False
2023-01-25 14:30:00,crop_maize,59.85,,23.91,78.49,2012.94,24,maturity,0.0,False
2023-01-25 17:00:00,crop_maize,25.8,,40.95,32.5,1297.4,24,flowering,0.0,False
2023-01-25 17:30:00,crop_maize,59.84,,28.97,88.22,1816.03,24,vegetative,0.0,False
2023-01-25 21:00:00,crop_maize,64.66,,12.85,37.11,517.89,24,maturity,0.0,False
2023-01-25 21:30:00,crop_maize,38.63,,33.48,57.48,922.22,24,flowering,0.0,False
2023-01-25 23:30:00,crop_maize,51.59,,36.72,85.48,651.25,24,maturity,0.0,False
2023-01-26 04:30:00,crop_maize,27.27,,15.23,54.04,1544.58,25,maturity,0.0,False
2023-01-26 05:00:00,crop_maize,63.16,,41.5,25.6,524.77,25,maturity,0.0,False
2023-01-26 06:30:00,crop_maize,32.4,,28.45,61.51,1417.66,25,vegetative,0.0,False
2023-01-26 07:30:00,crop_maize,44.8,,18.96,80.38,2203.4,25,flowering,0.0,False
2023-01-26 08:00:00,crop_maize,15.47,,22.59,42.51,1248.42,25,maturity,0.0,False
2023-01-26 09:00:00,crop_maize,63.89,,36.1,33.24,2309.55,25,flowering,0.0,False
2023-01-26 13:00:00,crop_maize,16.2,,26.27,38.31,1237.88,25,vegetative,0.0,False
2023-01-26 15:00:00,crop_maize,16.66,,38.19,61.48,934.12,25,maturity,0.0,False
2023-01-26 15:30:00,crop_maize,10.17,,37.95,76.15,2238.07,25,flowering,0.0,False
2023-01-27 02:30:00,crop_maize,21.45,,37.87,81.8,333.53,26,flowering,0.0,False
2023-01-27 03:00:00,crop_maize,10.94,,16.8,30.41,2348.17,26,vegetative,0.0,False
2023-01-27 04:00:00,crop_maize,49.98,,15.39,89.59,277.8,26,flowering,0.0,False
2023-01-27 09:00:00,crop_maize,62.48,,29.5,86.18,1813.0,26,maturity,0.0,False
2023-01-27 09:30:00,crop_maize,41.07,,30.23,42.5,451.11,26,vegetative,0.0,False
2023-01-27 10:30:00,crop_maize,27.24,,22.11,65.85,1080.26,26,vegetative,0.0,False
2023-01-27 12:30:00,crop_maize,43.85,,31.34,62.08,242.78,26,vegetative,0.0,False
2023-01-27 14:00:00,crop_maize,20.08,,35.77,34.29,1751.92,26,maturity,0.0,False
2023-01-27 18:00:00,crop_maize,18.31,,26.19,68.71,1486.13,26,flowering,0.0,False
2023-01-27 22:00:00,crop_maize,54.34,,28.45,77.39,908.49,26,maturity,0.0,False
2023-01-27 22:30:00,crop_maize,56.15,,28.73,55.28,2440.34,26,maturity,0.0,False
2023-01-27 23:00:00,crop_maize,22.74,,30.19,71.23,1369.31,26,vegetative,0.0,False
2023-01-28 03:00:00,crop_maize,29.99,,12.79,27.6,2300.23,27,vegetative,0.0,False
2023-01-28 12:30:00,crop_maize,59.91,,32.95,61.67,286.22,27,flowering,0.0,False
2023-01-28 17:00:00,crop_maize,18.66,,23.58,56.16,2120.0,27,vegetative,0.0,False
2023-01-28 18:30:00,crop_maize,60.87,,35.86,88.78,1873.56,27,maturity,0.0,False
2023-01-28 21:30:00,crop_maize,29.86,,17.2,47.45,1945.72,27,vegetative,0.0,False
2023-01-28 22:30:00,crop_maize,49.71,,27.78,36.08,1684.09,27,maturity,0.0,False
2023-01-29 01:00:00,crop_maize,28.52,,14.53,39.69,2235.42,28,maturity,0.0,False
2023-01-29 03:00:00,crop_maize,12.56,,17.75,66.31,995.52,28,flowering,0.0,False
2023-01-29 04:30:00,crop_maize,62.66,,40.69,46.69,1427.98,28,maturity,0.0,False
2023-01-29 09:30:00,crop_maize,29.36,,40.3,93.17,2003.03,28,vegetative,0.0,False
2023-01-29 10:00:00,crop_maize,8.96,,30.84,27.13,632.68,28,maturity,0.0,False
2023-01-29 13:30:00,crop_maize,51.11,,31.83,85.24,1622.13,28,flowering,0.0,False
2023-01-29 14:00:00,crop_maize,31.56,,13.7,59.14,2231.97,28,flowering,0.0,False
2023-01-29 15:00:00,crop_maize,13.03,,24.23,74.68,2323.36,28,vegetative,0.0,False
2023-01-29 19:00:00,crop_maize,38.01,,16.35,45.19,736.89,28,maturity,0.0,False
2023-01-29 21:30:00,crop_maize,46.32,,25.53,27.86,2053.32,28,flowering,0.0,False
2023-01-29 23:00:00,crop_maize,22.33,,20.85,81.74,1864.0,28,maturity,0.0,False
2023-01-30 11:30:00,crop_maize,30.94,,34.34,94.92,1926.44,29,maturity,0.0,False
2023-01-30 13:00:00,crop_maize,49.53,,17.34,80.32,1799.34,29,vegetative,0.0,False
2023-01-30 16:00:00,crop_maize,37.72,,23.42,89.7,2080.67,29,vegetative,0.0,False
2023-01-30 23:30:00,crop_maize,30.39,,30.75,52.82,1774.64,29,maturity,0.0,False
2023-01-31 04:30:00,crop_maize,31.29,,37.34,76.25,1032.35,30,vegetative,0.0,False
2023-01-31 08:30:00,crop_maize,50.95,,12.4,91.3,2087.26,30,maturity,0.0,False
2023-01-31 09:30:00,crop_maize,46.41,,16.05,68.16,880.66,30,maturity,0.0,False
2023-01-31 12:00:00,crop_maize,20.8,,31.72,77.96,1066.88,30,vegetative,0.0,False
2023-01-31 13:30:00,crop_maize,17.65,,22.23,28.33,1881.87,30,maturity,0.0,False
2023-01-31 14:00:00,crop_maize,49.58,,28.91,81.2,2104.65,30,maturity,0.0,False
2023-01-31 14:30:00,crop_maize,21.54,,20.11,54.53,1628.91,30,maturity,0.0,False
2023-01-31 18:30:00,crop_maize,26.72,,39.29,87.11,1927.15,30,maturity,0.0,False
2023-01-31 23:30:00,crop_maize,37.09,,34.37,86.65,1211.36,30,flowering,0.0,False
2023-02-01 00:00:00,crop_maize,64.25,,21.21,92.48,631.29,30,flowering,0.0,False
2023-02-01 06:30:00,crop_maize,48.7,,24.04,84.16,884.59,31,vegetative,0.0,False
2023-02-01 08:30:00,crop_maize,29.03,,12.51,73.7,367.99,31,flowering,0.0,False
2023-02-01 11:30:00,crop_maize,33.1,,26.82,87.13,618.22,31,maturity,0.0,False
2023-02-01 13:30:00,crop_maize,39.18,,29.42,55.75,847.62,31,maturity,0.0,False
2023-02-01 15:30:00,crop_maize,14.36,,18.64,79.24,1365.02,31,vegetative,0.0,False
2023-02-01 17:00:00,crop_maize,55.64,,25.52,26.8,1876.77,31,vegetative,0.0,False
2023-02-02 07:00:00,crop_maize,17.11,,32.53,94.26,1354.61,32,vegetative,0.0,False
2023-02-02 08:30:00,crop_maize,62.93,,19.54,79.81,1081.58,32,flowering,0.0,False
2023-02-02 09:30:00,crop_maize,27.16,,14.97,85.9,944.74,32,flowering,0.0,False
2023-02-02 13:00:00,crop_maize,50.57,,12.84,75.67,1327.55,32,maturity,0.0,False
2023-02-02 17:30:00,crop_maize,18.42,,17.47,33.68,2469.99,32,flowering,0.0,False
2023-02-02 18:30:00,crop_maize,50.44,,23.32,28.53,721.53,32,flowering,0.0,False
2023-02-02 22:00:00,crop_maize,47.82,,25.53,50.63,2142.06,32,vegetative,0.0,False
2023-02-02 23:30:00,crop_maize,54.62,,37.09,55.82,440.62,32,vegetative,0.0,False
2023-02-03 01:30:00,crop_maize,23.44,,23.58,94.88,35.37,33,maturity,0.0,False
2023-02-03 05:30:00,crop_maize,11.01,,21.37,50.72,171.91,33,flowering,0.0,False
2023-02-03 06:00:00,crop_maize,18.28,,16.93,30.25,1962.6,33,flowering,0.0,False
2023-02-03 07:30:00,crop_maize,52.13,,34.84,77.67,901.88,33,flowering,0.0,False
2023-02-03 10:30:00,crop_maize,39.45,,37.51,70.23,1823.24,33,vegetative,0.0,False
2023-02-03 11:00:00,crop_maize,42.3,,19.69,63.32,1894.47,33,flowering,0.0,False
2023-02-03 14:30:00,crop_maize,10.71,,33.13,70.19,1942.38,33,maturity,0.0,False
2023-02-03 15:00:00,crop_maize,40.64,,30.17,74.88,2340.39,33,flowering,0.0,False
2023-02-03 19:30:00,crop_maize,59.49,,37.39,89.92,639.84,33,vegetative,0.0,False
2023-02-03 22:00:00,crop_maize,40.3,,34.79,59.38,1854.63,33,maturity,0.0,False
2023-02-03 23:00:00,crop_maize,16.3,,25.78,57.35,1187.04,33,maturity,0.0,False
2023-02-04 00:00:00,crop_maize,35.88,,20.42,30.56,856.36,33,flowering,0.0,False
2023-02-04 05:00:00,crop_maize,56.18,,26.4,58.74,1000.45,34,flowering,0.0,False
2023-02-04 10:00:00,crop_maize,30.54,,35.97,46.57,2181.37,34,vegetative,0.0,False
2023-02-04 11:00:00,crop_maize,57.67,,36.95,91.05,559.24,34,vegetative,0.0,False
2023-02-04 13:00:00,crop_maize,20.28,,29.71,49.21,961.04,34,vegetative,0.0,False
2023-02-04 20:30:00,crop_maize,50.68,,18.94,45.21,134.24,34,maturity,0.0,False
2023-02-04 22:00:00,crop_maize,43.23,,35.92,64.58,20.08,34,vegetative,0.0,False
2023-02-04 22:30:00,crop_maize,27.47,,34.48,39.59,565.38,34,vegetative,0.0,False
2023-02-05 01:00:00,crop_maize,12.79,,34.19,55.45,272.76,35,flowering,0.0,False
2023-02-05 02:30:00,crop_maize,21.89,,16.48,71.91,1980.46,35,vegetative,0.0,False
2023-02-05 07:00:00,crop_maize,52.61,,35.84,68.65,2480.46,35,vegetative,0.0,False
2023-02-05 08:00:00,crop_maize,46.94,,38.61,38.87,993.86,35,maturity,0.0,False
2023-02-05 12:30:00,crop_maize,12.35,,35.15,64.17,1992.97,35,maturity,0.0,False
2023-02-05 23:00:00,crop_maize,9.83,,27.87,62.4,1131.84,35,maturity,0.0,False
2023-02-06 02:00:00,crop_maize,22.55,,16.89,58.82,248.88,36,vegetative,0.0,False
2023-02-06 05:00:00,crop_maize,55.48,,14.51,54.07,181.52,36,vegetative,0.0,False
2023-02-06 06:00:00,crop_maize,37.46,,15.79,36.21,404.94,36,flowering,0.0,False
2023-02-06 10:00:00,crop_maize,53.3,,13.6,81.53,1779.49,36,flowering,0.0,False
2023-02-06 10:30:00,crop_maize,18.43,,21.42,71.22,358.12,36,flowering,0.0,False
2023-02-06 17:30:00,crop_maize,38.12,,16.77,33.06,1849.78,36,maturity,0.0,False
2023-02-06 18:00:00,crop_maize,53.8,,17.83,50.39,713.31,36,vegetative,0.0,False
2023-02-06 19:00:00,crop_maize,38.06,,37.13,84.76,397.09,36,vegetative,0.0,False
2023-02-06 21:30:00,crop_maize,58.99,,20.29,80.29,1015.95,36,maturity,0.0,False
2023-02-06 23:30:00,crop_maize,29.91,,21.58,76.82,113.79,36,maturity,0.0,False
2023-02-07 00:00:00,crop_maize,44.94,,20.34,53.75,2373.12,36,flowering,0.0,False
2023-02-07 01:00:00,crop_maize,31.75,,39.25,76.73,2349.35,37,maturity,0.0,False
2023-02-07 01:30:00,crop_maize,25.92,,34.58,38.62,286.96,37,vegetative,0.0,False
2023-02-07 03:00:00,crop_maize,12.19,,20.81,67.56,67.02,37,flowering,0.0,False
2023-02-07 06:30:00,crop_maize,62.46,,14.44,91.28,1179.49,37,maturity,0.0,False
2023-02-07 08:00:00,crop_maize,63.25,,15.02,67.37,1461.48,37,flowering,0.0,False
2023-02-07 13:00:00,crop_maize,55.2,,39.74,28.32,2209.44,37,maturity,0.0,False
2023-02-07 16:00:00,crop_maize,49.23,,28.04,78.06,1976.49,37,flowering,0.0,False
2023-02-07 17:30:00,crop_maize,47.14,,12.57,58.45,1083.14,37,flowering,0.0,False
2023-02-07 18:00:00,crop_maize,59.63,,12.64,91.22,1393.57,37,maturity,0.0,False
2023-02-07 22:30:00,crop_maize,38.06,,26.72,47.49,1116.09,37,maturity,0.0,False
2023-02-07 23:00:00,crop_maize,19.63,,35.58,46.36,876.91,37,flowering,0.0,False
2023-02-08 02:30:00,crop_maize,39.35,,23.05,39.45,467.75,38,maturity,0.0,False
2023-02-08 06:00:00,crop_maize,41.77,,14.27,26.12,2347.78,38,vegetative,0.0,False
2023-02-08 09:30:00,crop_maize,50.46,,39.78,31.02,883.7,38,vegetative,0.0,False
2023-02-08 12:00:00,crop_maize,26.68,,31.36,45.02,1032.25,38,maturity,0.0,False
2023-02-08 13:30:00,crop_maize,8.98,,20.03,94.29,1026.21,38,vegetative,0.0,False
2023-02-08 14:00:00,crop_maize,47.83,,29.87,69.41,812.71,38,maturity,0.0,False
2023-02-08 18:00:00,crop_maize,33.43,,18.92,66.86,1975.06,38,maturity,0.0,False
2023-02-09 01:30:00,crop_maize,43.41,,36.15,84.75,1959.63,39,flowering,0.0,False
2023-02-09 02:30:00,crop_maize,32.66,,32.48,64.08,514.9,39,flowering,0.0,False
2023-02-09 08:00:00,crop_maize,22.48,,35.13,57.32,2065.99,39,maturity,0.0,False
2023-02-09 09:30:00,crop_maize,37.8,,28.77,59.17,900.4,39,maturity,0.0,False
2023-02-09 16:00:00,crop_maize,46.89,,30.63,39.26,796.19,39,vegetative,0.0,False
2023-02-09 18:00:00,crop_maize,59.16,,34.07,36.94,1711.43,39,vegetative,0.0,False
2023-02-09 20:00:00,crop_maize,61.68,,35.42,51.6,807.05,39,maturity,0.0,False
2023-02-09 23:00:00,crop_maize,62.59,,27.18,93.92,2014.27,39,vegetative,0.0,False
2023-02-09 23:30:00,crop_maize,54.89,,19.61,71.11,307.53,39,maturity,0.0,False
2023-02-10 01:00:00,crop_maize,49.86,,26.52,41.0,2277.0,40,vegetative,0.0,False
2023-02-10 02:30:00,crop_maize,60.71,,23.15,29.32,82.25,40,maturity,0.0,False
2023-02-10 04:00:00,crop_maize,11.6,,14.16,31.49,2178.33,40,vegetative,0.0,False
2023-02-10 15:30:00,crop_maize,12.74,,22.81,52.56,1085.01,40,flowering,0.0,False
2023-02-10 17:30:00,crop_maize,34.86,,14.44,47.79,118.97,40,vegetative,0.0,False
2023-02-10 18:30:00,crop_maize,19.52,,26.08,77.66,794.43,40,maturity,0.0,False
2023-02-10 21:00:00,crop_maize,50.18,,22.02,63.5,1778.4,40,maturity,0.0,False
2023-02-10 23:30:00,crop_maize,21.51,,29.35,78.67,2187.35,40,flowering,0.0,False
2023-02-11 02:30:00,crop_maize,61.43,,27.9,55.03,1989.94,41,maturity,0.0,False
2023-02-11 05:00:00,crop_maize,13.67,,27.19,80.91,1726.52,41,maturity,0.0,False
2023-02-11 07:00:00,crop_maize,62.39,,21.51,36.11,2263.03,41,vegetative,0.0,False
2023-02-11 09:30:00,crop_maize,24.03,,28.8,86.7,2052.54,41,vegetative,0.0,False
2023-02-11 11:30:00,crop_maize,34.86,,21.64,68.7,995.58,41,vegetative,0.0,False
2023-02-11 20:30:00,crop_maize,48.76,,27.45,73.53,729.71,41,vegetative,0.0,False
2023-02-11 22:00:00,crop_maize,42.73,,13.22,25.14,139.57,41,maturity,0.0,False
2023-02-11 23:00:00,crop_maize,24.61,,14.51,75.49,257.44,41,maturity,0.0,False
2023-02-12 03:00:00,crop_maize,34.73,,13.64,32.29,1429.86,42,vegetative,0.0,False
2023-02-12 11:30:00,crop_maize,41.5,,22.98,79.45,2432.27,42,maturity,0.0,False
2023-02-12 13:00:00,crop_maize,20.27,,31.66,66.4,114.36,42,vegetative,0.0,False
2023-02-12 18:00:00,crop_maize,19.62,,20.02,44.33,1035.49,42,flowering,0.0,False
2023-02-12 18:30:00,crop_maize,9.77,,37.42,78.51,179.93,42,maturity,0.0,False
2023-02-12 19:00:00,crop_maize,37.26,,16.29,83.83,1045.35,42,maturity,0.0,False
2023-02-12 22:30:00,crop_maize,46.4,,24.46,47.64,1292.11,42,vegetative,0.0,False
2023-02-12 23:00:00,crop_maize,59.0,,19.5,47.96,119.9,42,maturity,0.0,False
2023-02-13 02:30:00,crop_maize,56.46,,24.69,34.77,478.79,43,flowering,0.0,False
2023-02-13 07:30:00,crop_maize,60.22,,35.56,27.17,2036.51,43,flowering,0.0,False
2023-02-13 09:30:00,crop_maize,59.55,,40.63,45.42,1902.3,43,flowering,0.0,False
2023-02-13 11:30:00,crop_maize,22.62,,33.31,83.28,1019.79,43,flowering,0.0,False
2023-02-13 16:30:00,crop_maize,21.19,,35.27,57.76,1735.72,43,vegetative,0.0,False
2023-02-13 18:00:00,crop_maize,55.39,,37.55,77.14,1969.54,43,vegetative,0.0,False
2023-02-13 20:00:00,crop_maize,12.38,,19.33,83.91,1139.11,43,vegetative,0.0,False
2023-02-13 21:30:00,crop_maize,60.02,,14.81,49.74,2006.05,43,flowering,0.0,False
2023-02-14 02:00:00,crop_maize,12.76,,20.79,74.64,1954.77,44,maturity,0.0,False
2023-02-14 08:00:00,crop_maize,31.38,,15.2,56.48,1306.61,44,vegetative,0.0,False
2023-02-14 12:00:00,crop_maize,40.11,,23.65,49.01,1378.91,44,vegetative,0.0,False
2023-02-14 14:00:00,crop_maize,47.89,,14.19,76.63,1096.91,44,maturity,0.0,False
2023-02-14 18:30:00,crop_maize,16.4,,17.37,68.24,499.49,44,maturity,0.0,False
2023-02-15 02:30:00,crop_maize,63.35,,34.01,52.41,2062.53,45,flowering,0.0,False
2023-02-15 08:00:00,crop_maize,32.26,,21.08,51.7,423.61,45,vegetative,0.0,False
2023-02-15 09:30:00,crop_maize,55.45,,33.87,30.63,2012.19,45,maturity,0.0,False
2023-02-15 10:30:00,crop_maize,44.59,,34.87,73.86,81.87,45,flowering,0.0,False
2023-02-15 13:00:00,crop_maize,31.32,,14.96,48.93,1788.88,45,maturity,0.0,False
2023-02-15 14:30:00,crop_maize,19.24,,28.0,71.54,247.37,45,maturity,0.0,False
2023-02-15 15:30:00,crop_maize,48.88,,27.81,26.24,1663.01,45,vegetative,0.0,False
2023-02-15 17:00:00,crop_maize,16.47,,14.21,28.58,730.51,45,maturity,0.0,False
2023-02-16 00:00:00,crop_maize,50.21,,33.22,54.95,999.33,45,flowering,0.0,False
2023-02-16 02:00:00,crop_maize,43.46,,24.21,84.73,1945.04,46,flowering,0.0,False
2023-02-16 04:00:00,crop_maize,15.55,,15.12,58.47,422.79,46,vegetative,0.0,False
2023-02-16 05:30:00,crop_maize,28.22,,27.91,29.92,1464.78,46,maturity,0.0,False
2023-02-16 09:30:00,crop_maize,53.49,,12.02,29.13,2106.35,46,vegetative,0.0,False
2023-02-16 21:00:00,crop_maize,18.3,,34.05,46.39,811.35,46,flowering,0.0,False
2023-02-16 23:00:00,crop_maize,40.24,,33.86,90.89,2194.64,46,flowering,0.0,False
2023-02-16 23:30:00,crop_maize,52.6,,15.67,92.87,1257.11,46,maturity,0.0,False
2023-02-17 06:00:00,crop_maize,26.2,,33.16,89.97,857.84,47,vegetative,0.0,False
2023-02-17 14:00:00,crop_maize,26.48,,18.6,40.02,1602.39,47,vegetative,0.0,False
2023-02-17 19:00:00,crop_maize,39.98,,14.87,39.47,877.22,47,flowering,0.0,False
2023-02-17 20:30:00,crop_maize,54.6,,36.53,81.49,936.66,47,vegetative,0.0,False
2023-02-18 00:30:00,crop_maize,11.4,,15.39,54.55,2028.06,48,maturity,0.0,False
2023-02-18 06:00:00,crop_maize,36.42,,31.29,41.74,1445.01,48,maturity,0.0,False
2023-02-18 08:00:00,crop_maize,29.95,,23.9,39.7,95.77,48,flowering,0.0,False
2023-02-18 09:00:00,crop_maize,42.97,,28.32,34.39,503.97,48,maturity,0.0,False
2023-02-18 10:00:00,crop_maize,36.74,,37.71,65.41,168.05,48,flowering,0.0,False
2023-02-18 11:30:00,crop_maize,23.37,,36.85,76.28,1647.06,48,vegetative,0.0,False
2023-02-18 13:30:00,crop_maize,42.78,,40.32,81.14,1071.25,48,flowering,0.0,False
2023-02-18 15:00:00,crop_maize,19.44,,24.32,82.66,420.35,48,flowering,0.0,False
2023-02-18 19:00:00,crop_maize,53.16,,14.25,75.65,1897.04,48,vegetative,0.0,False
2023-02-18 20:30:00,crop_maize,45.57,,32.59,60.81,2241.57,48,vegetative,0.0,False
2023-02-18 21:00:00,crop_maize,33.07,,20.98,87.79,2127.28,48,maturity,0.0,False
2023-02-19 05:00:00,crop_maize,60.33,,27.9,57.75,838.06,49,flowering,0.0,False
2023-02-19 05:30:00,crop_maize,18.9,,31.03,26.93,415.36,49,maturity,0.0,False
2023-02-19 07:30:00,crop_maize,64.59,,40.89,81.7,223.56,49,maturity,0.0,False
2023-02-19 08:00:00,crop_maize,45.11,,22.05,28.72,1248.35,49,vegetative,0.0,False
2023-02-19 09:30:00,crop_maize,26.5,,20.73,44.6,1635.76,49,maturity,0.0,False
2023-02-19 12:30:00,crop_maize,35.36,,15.0,64.76,2319.16,49,flowering,0.0,False
2023-02-19 14:30:00,crop_maize,51.04,,31.98,80.47,2217.39,49,maturity,0.0,False
2023-02-19 20:30:00,crop_maize,52.67,,36.21,58.36,1425.72,49,flowering,0.0,False
2023-02-19 22:30:00,crop_maize,44.4,,28.78,83.65,1353.14,49,flowering,0.0,False
2023-02-20 05:00:00,crop_maize,21.9,,21.03,69.13,330.27,50,vegetative,0.0,False
2023-02-20 09:00:00,crop_maize,38.5,,24.0,74.34,786.51,50,vegetative,0.0,False
2023-02-20 09:30:00,crop_maize,43.81,,31.93,31.66,2131.17,50,maturity,0.0,False
2023-02-20 13:00:00,crop_maize,16.42,,15.62,86.94,490.33,50,flowering,0.0,False
2023-02-20 16:30:00,crop_maize,9.89,,38.28,28.95,2081.52,50,maturity,0.0,False
2023-02-20 18:30:00,crop_maize,42.55,,19.78,37.82,259.48,50,maturity,0.0,False
2023-02-20 23:00:00,crop_maize,15.96,,18.09,69.51,1256.29,50,maturity,0.0,False
2023-02-21 02:30:00,crop_maize,13.64,,14.11,56.61,1270.6,51,flowering,0.0,False
2023-02-21 04:30:00,crop_maize,30.3,,14.5,94.73,2287.86,51,vegetative,0.0,False
2023-02-21 08:30:00,crop_maize,42.74,,29.43,51.96,1771.37,51,vegetative,0.0,False
2023-02-21 12:30:00,crop_maize,30.14,,15.23,89.28,185.21,51,maturity,0.0,False
2023-02-21 17:00:00,crop_maize,47.9,,20.49,69.59,380.26,51,maturity,0.0,False
2023-02-21 20:30:00,crop_maize,61.1,,18.45,35.5,1580.58,51,maturity,0.0,False
2023-02-22 08:30:00,crop_maize,39.08,,33.66,64.07,2145.22,52,maturity,0.0,False
2023-02-22 09:30:00,crop_maize,61.65,,38.61,40.09,204.41,52,vegetative,0.0,False
2023-02-22 11:30:00,crop_maize,35.27,,31.43,92.46,1134.82,52,maturity,0.0,False
2023-02-22 12:30:00,crop_maize,41.98,,30.67,76.81,513.85,52,vegetative,0.0,False
2023-02-22 14:30:00,crop_maize,39.63,,15.38,61.7,436.11,52,flowering,0.0,False
2023-02-22 16:30:00,crop_maize,37.0,,20.82,62.18,1501.06,52,maturity,0.0,False
2023-02-23 00:00:00,crop_maize,33.98,,18.44,65.21,60.02,52,flowering,0.0,False
2023-02-23 02:30:00,crop_maize,39.13,,26.88,60.38,1830.73,53,maturity,0.0,False
2023-02-23 04:30:00,crop_maize,49.83,,19.06,65.88,895.05,53,flowering,0.0,False
2023-02-23 08:00:00,crop_maize,44.53,,31.22,78.52,180.68,53,maturity,0.0,False
2023-02-23 10:00:00,crop_maize,49.58,,40.33,84.42,1534.71,53,maturity,0.0,False
2023-02-23 10:30:00,crop_maize,42.32,,38.94,50.66,1266.62,53,flowering,0.0,False
2023-02-23 11:30:00,crop_maize,59.23,,21.72,64.57,1188.43,53,maturity,0.0,False
2023-02-23 19:30:00,crop_maize,49.74,,36.39,62.54,1615.25,53,vegetative,0.0,False
2023-02-23 21:30:00,crop_maize,39.86,,16.51,27.65,1005.0,53,maturity,0.0,False
2023-02-23 22:00:00,crop_maize,28.66,,12.24,48.84,117.93,53,maturity,0.0,False
2023-02-23 23:30:00,crop_maize,53.31,,16.49,51.78,1103.59,53,maturity,0.0,False
2023-02-24 01:30:00,crop_maize,48.35,,35.94,72.18,1768.02,54,flowering,0.0,False
2023-02-24 02:30:00,crop_maize,14.63,,31.17,37.36,1806.69,54,maturity,0.0,False
2023-02-24 09:30:00,crop_maize,28.61,,40.79,93.94,480.94,54,flowering,0.0,False
2023-02-24 13:30:00,crop_maize,14.21,,37.19,76.86,2302.68,54,flowering,0.0,False
2023-02-24 15:30:00,crop_maize,64.41,,19.99,43.71,790.86,54,vegetative,0.0,False
2023-02-24 18:30:00,crop_maize,57.82,,30.4,62.83,2192.11,54,vegetative,0.0,False
2023-02-24 19:00:00,crop_maize,50.54,,41.83,74.09,530.98,54,vegetative,0.0,False
2023-02-24 20:00:00,crop_maize,34.33,,33.17,74.73,509.0,54,maturity,0.0,False
2023-02-25 02:30:00,crop_maize,56.72,,26.97,68.88,2151.91,55,vegetative,0.0,False
2023-02-25 03:30:00,crop_maize,49.03,,14.71,92.77,1292.0,55,flowering,0.0,False
2023-02-25 04:00:00,crop_maize,27.81,,31.01,64.69,1799.11,55,maturity,0.0,False
2023-02-25 05:30:00,crop_maize,21.61,,38.17,92.05,184.81,55,flowering,0.0,False
2023-02-25 06:00:00,crop_maize,40.37,,33.07,66.25,1507.54,55,maturity,0.0,False
2023-02-25 13:00:00,crop_maize,36.85,,12.02,65.03,671.48,55,vegetative,0.0,False
2023-02-25 16:00:00,crop_maize,48.61,,38.28,64.87,2008.67,55,flowering,0.0,False
2023-02-25 19:00:00,crop_maize,43.71,,17.65,84.0,1430.65,55,flowering,0.0,False
2023-02-25 20:30:00,crop_maize,52.08,,37.42,60.22,1957.43,55,maturity,0.0,False
2023-02-26 00:30:00,crop_maize,52.12,,21.53,88.67,2065.36,56,vegetative,0.0,False
2023-02-26 03:30:00,crop_maize,42.23,,17.04,39.27,866.01,56,flowering,0.0,False
2023-02-26 11:00:00,crop_maize,16.01,,40.48,50.74,2246.6,56,vegetative,0.0,False
2023-02-26 14:30:00,crop_maize,26.62,,32.02,27.11,2344.56,56,flowering,0.0,False
2023-02-26 16:00:00,crop_maize,59.32,,34.19,66.79,1140.91,56,vegetative,0.0,False
2023-02-26 17:00:00,crop_maize,18.64,,39.82,30.92,2109.78,56,maturity,0.0,False
2023-02-27 00:00:00,crop_maize,46.73,,38.34,54.82,1757.4,56,vegetative,0.0,False
2023-02-27 04:30:00,crop_maize,10.62,,20.82,75.12,487.97,57,vegetative,0.0,False
2023-02-27 07:00:00,crop_maize,50.1,,40.01,81.53,1142.98,57,vegetative,0.0,False
2023-02-27 08:00:00,crop_maize,40.76,,38.62,51.7,1874.53,57,maturity,0.0,False
2023-02-27 08:30:00,crop_maize,31.69,,27.62,25.94,670.75,57,vegetative,0.0,False
2023-02-27 10:30:00,crop_maize,42.88,,39.99,67.97,195.28,57,maturity,0.0,False
2023-02-27 12:30:00,crop_maize,54.36,,29.31,94.76,1691.42,57,vegetative,0.0,False
2023-02-27 13:00:00,crop_maize,27.92,,20.54,29.54,1635.53,57,flowering,0.0,False
2023-02-27 15:00:00,crop_maize,9.16,,36.63,82.39,455.05,57,maturity,0.0,False
2023-02-27 15:30:00,crop_maize,51.79,,23.83,48.32,7.17,57,flowering,0.0,False
2023-02-27 16:00:00,crop_maize,30.86,,32.3,81.84,430.63,57,flowering,0.0,False
2023-02-27 17:00:00,crop_maize,48.38,,37.31,57.8,1069.3,57,vegetative,0.0,False
2023-02-27 17:30:00,crop_maize,55.24,,19.63,61.61,1170.76,57,maturity,0.0,False
2023-02-28 03:30:00,crop_maize,34.63,,26.22,68.61,847.21,58,flowering,0.0,False
2023-02-28 04:30:00,crop_maize,49.26,,35.85,78.8,1164.22,58,maturity,0.0,False
2023-02-28 07:30:00,crop_maize,52.03,,23.65,72.67,2281.44,58,maturity,0.0,False
2023-02-28 08:30:00,crop_maize,61.78,,17.62,47.75,660.78,58,maturity,0.0,False
2023-02-28 13:00:00,crop_maize,58.12,,24.48,92.7,208.27,58,flowering,0.0,False
2023-02-28 13:30:00,crop_maize,17.26,,22.16,86.27,13.44,58,maturity,0.0,False
2023-02-28 20:00:00,crop_maize,14.54,,32.91,88.75,2054.66,58,maturity,0.0,False
2023-02-28 20:30:00,crop_maize,48.71,,37.98,54.31,1784.74,58,maturity,0.0,False
2023-02-28 22:00:00,crop_maize,28.42,,31.44,38.15,2210.9,58,maturity,0.0,False
2023-03-01 13:30:00,crop_maize,39.22,,15.58,50.6,2433.76,59,flowering,0.0,False
2023-03-01 17:30:00,crop_maize,25.01,,31.92,51.44,620.13,59,maturity,0.0,False
2023-03-01 19:30:00,crop_maize,62.58,,16.22,26.86,375.14,59,maturity,0.0,False
2023-03-01 22:30:00,crop_maize,22.94,,35.61,82.89,301.2,59,flowering,0.0,False
2023-03-02 00:00:00,crop_maize,24.6,,23.18,42.77,564.43,59,maturity,0.0,False
2023-03-02 02:00:00,crop_maize,18.79,,29.27,68.93,2321.85,60,flowering,0.0,False
2023-03-02 10:00:00,crop_maize,11.25,,38.84,71.49,481.27,60,vegetative,0.0,False
2023-03-02 13:00:00,crop_maize,30.51,,14.12,67.98,995.29,60,flowering,0.0,False
2023-03-02 13:30:00,crop_maize,32.41,,30.37,55.11,553.59,60,maturity,0.0,False
2023-03-02 14:30:00,crop_maize,34.39,,22.15,47.99,2069.96,60,flowering,0.0,False
2023-03-02 15:00:00,crop_maize,17.61,,26.38,29.7,1748.12,60,flowering,0.0,False
2023-03-02 15:30:00,crop_maize,9.06,,33.52,72.03,236.63,60,maturity,0.0,False
2023-03-02 16:00:00,crop_maize,42.76,,20.29,67.37,141.7,60,maturity,0.0,False
2023-03-02 18:30:00,crop_maize,54.1,,40.78,85.31,333.16,60,maturity,0.0,False
2023-03-03 00:30:00,crop_maize,56.66,,36.12,92.37,1749.2,61,flowering,0.0,False
2023-03-03 01:30:00,crop_maize,37.48,,15.19,37.25,2244.89,61,flowering,0.0,False
2023-03-03 06:30:00,crop_maize,29.19,,13.1,29.19,2363.3,61,vegetative,0.0,False
2023-03-03 11:00:00,crop_maize,51.37,,33.81,82.07,2162.73,61,maturity,0.0,False
2023-03-03 20:00:00,crop_maize,32.5,,12.04,78.56,652.86,61,maturity,0.0,False
2023-03-03 21:00:00,crop_maize,10.71,,22.8,31.26,2153.88,61,maturity,0.0,False
2023-03-04 00:30:00,crop_maize,18.43,,41.74,63.81,211.94,62,flowering,0.0,False
2023-03-04 08:30:00,crop_maize,39.08,,20.48,53.35,1217.77,62,flowering,0.0,False
2023-03-04 14:00:00,crop_maize,57.95,,34.21,44.15,74.19,62,maturity,0.0,False
2023-03-04 15:30:00,crop_maize,61.05,,31.21,30.92,1643.57,62,maturity,0.0,False
2023-03-04 17:30:00,crop_maize,64.47,,39.2,49.03,1347.67,62,maturity,0.0,False
2023-03-04 21:30:00,crop_maize,11.54,,17.39,91.28,6.76,62,vegetative,0.0,False
2023-03-04 23:00:00,crop_maize,48.77,,23.54,54.54,453.64,62,flowering,0.0,False
2023-03-05 00:00:00,crop_maize,47.39,,33.57,25.02,22.9,62,vegetative,0.0,False
2023-03-05 05:00:00,crop_maize,54.15,,39.21,94.11,231.86,63,flowering,0.0,False
2023-03-05 05:30:00,crop_maize,62.17,,38.16,93.72,1461.63,63,maturity,0.0,False
2023-03-05 07:30:00,crop_maize,45.75,,39.94,68.59,142.74,63,maturity,0.0,False
2023-03-05 11:00:00,crop_maize,56.41,,38.54,56.55,1716.06,63,maturity,0.0,False
2023-03-05 18:00:00,crop_maize,12.69,,38.68,37.37,811.78,63,flowering,0.0,False
2023-03-05 20:30:00,crop_maize,50.82,,22.84,83.05,1043.79,63,maturity,0.0,False
2023-03-06 04:30:00,crop_maize,34.66,,26.59,94.0,1047.34,64,maturity,0.0,False
2023-03-06 07:30:00,crop_maize,21.67,,19.06,45.17,1157.95,64,maturity,0.0,False
2023-03-06 13:00:00,crop_maize,23.7,,21.98,27.83,2293.15,64,flowering,0.0,False
2023-03-06 15:30:00,crop_maize,10.38,,34.86,53.94,278.47,64,maturity,0.0,False
2023-03-06 20:30:00,crop_maize,37.63,,37.5,54.39,1658.03,64,maturity,0.0,False
2023-03-06 22:00:00,crop_maize,32.16,,17.83,42.46,2276.91,64,maturity,0.0,False
2023-03-07 00:00:00,crop_maize,57.7,,40.34,28.21,1099.29,64,vegetative,0.0,False
2023-03-07 04:00:00,crop_maize,34.64,,40.29,85.43,986.85,65,flowering,0.0,False
2023-03-07 08:00:00,crop_maize,57.83,,18.46,63.6,1937.25,65,vegetative,0.0,False
2023-03-07 10:00:00,crop_maize,27.47,,26.4,60.66,1788.74,65,flowering,0.0,False
2023-03-07 10:30:00,crop_maize,25.63,,16.27,38.98,448.85,65,maturity,0.0,False
2023-03-07 12:30:00,crop_maize,29.3,,23.07,65.63,2333.78,65,maturity,0.0,False
2023-03-07 13:30:00,crop_maize,26.64,,36.42,51.62,1857.85,65,maturity,0.0,False
2023-03-07 22:30:00,crop_maize,33.06,,41.74,25.54,2191.78,65,maturity,0.0,False
2023-03-08 03:00:00,crop_maize,58.25,,19.7,43.64,1113.02,66,maturity,0.0,False
2023-03-08 06:00:00,crop_maize,58.0,,28.63,91.03,2424.68,66,maturity,0.0,False
2023-03-08 10:00:00,crop_maize,17.36,,37.32,54.22,592.66,66,flowering,0.0,False
2023-03-08 11:00:00,crop_maize,28.98,,37.77,86.2,2075.39,66,maturity,0.0,False
2023-03-08 12:30:00,crop_maize,21.7,,20.83,80.74,1613.98,66,maturity,0.0,False
2023-03-08 16:00:00,crop_maize,58.77,,30.83,82.31,239.21,66,maturity,0.0,False
2023-03-08 22:30:00,crop_maize,40.68,,17.8,58.36,1696.12,66,flowering,0.0,False
2023-03-09 00:30:00,crop_maize,10.97,,36.34,34.22,1852.24,67,maturity,0.0,False
2023-03-09 03:30:00,crop_maize,56.6,,20.82,66.46,1145.94,67,flowering,0.0,False
2023-03-09 04:00:00,crop_maize,17.81,,21.16,87.19,1690.1,67,flowering,0.0,False
2023-03-09 05:00:00,crop_maize,49.83,,32.91,73.45,2276.87,67,flowering,0.0,False
2023-03-09 05:30:00,crop_maize,52.12,,20.12,64.4,2168.65,67,maturity,0.0,False
2023-03-09 08:00:00,crop_maize,50.24,,13.74,95.0,595.55,67,flowering,0.0,False
2023-03-09 13:00:00,crop_maize,9.18,,15.46,59.6,1376.99,67,flowering,0.0,False
2023-03-09 13:30:00,crop_maize,13.52,,23.61,68.87,88.63,67,vegetative,0.0,False
2023-03-09 20:00:00,crop_maize,16.25,,35.82,78.53,2318.02,67,maturity,0.0,False
2023-03-10 02:00:00,crop_maize,13.11,,12.58,66.97,502.83,68,maturity,0.0,False
2023-03-10 06:30:00,crop_maize,27.73,,20.76,90.47,996.72,68,flowering,0.0,False
2023-03-10 09:30:00,crop_maize,35.11,,37.81,48.46,173.66,68,maturity,0.0,False
2023-03-10 10:00:00,crop_maize,56.83,,21.87,80.71,1149.85,68,flowering,0.0,False
2023-03-10 11:00:00,crop_maize,10.67,,13.38,69.1,2166.92,68,maturity,0.0,False
2023-03-11 03:00:00,crop_maize,47.61,,19.38,79.25,818.58,69,flowering,0.0,False
2023-03-11 15:00:00,crop_maize,54.18,,27.48,49.01,1746.91,69,vegetative,0.0,False
2023-03-11 17:00:00,crop_maize,50.81,,19.02,91.13,2251.19,69,flowering,0.0,False
2023-03-11 18:30:00,crop_maize,23.19,,22.73,81.77,555.41,69,maturity,0.0,False
2023-03-11 19:30:00,crop_maize,58.67,,22.93,81.65,2296.0,69,vegetative,0.0,False
2023-03-12 05:30:00,crop_maize,48.48,,12.52,78.47,921.0,70,maturity,0.0,False
2023-03-12 16:30:00,crop_maize,34.09,,26.01,86.22,2393.49,70,maturity,0.0,False
2023-03-12 19:00:00,crop_maize,55.14,,28.54,63.34,85.03,70,vegetative,0.0,False
2023-03-12 22:30:00,crop_maize,10.89,,21.39,29.81,1803.14,70,flowering,0.0,False
2023-03-13 01:00:00,crop_maize,35.91,,41.32,85.54,1227.47,71,flowering,0.0,False
2023-03-13 03:30:00,crop_maize,59.84,,20.7,80.78,2361.68,71,vegetative,0.0,False
2023-03-13 04:00:00,crop_maize,20.38,,12.58,66.68,1761.67,71,maturity,0.0,False
2023-03-13 11:30:00,crop_maize,50.78,,15.13,68.56,803.69,71,maturity,0.0,False
2023-03-13 17:30:00,crop_maize,21.8,,33.27,52.89,221.13,71,maturity,0.0,False
2023-03-13 18:30:00,crop_maize,16.16,,25.26,26.99,453.05,71,maturity,0.0,False
2023-03-13 20:00:00,crop_maize,18.96,,36.8,68.78,1364.99,71,maturity,0.0,False
2023-03-13 23:00:00,crop_maize,57.65,,19.18,90.22,2357.87,71,maturity,0.0,False
2023-03-14 02:00:00,crop_maize,15.3,,40.1,57.95,1991.15,72,vegetative,0.0,False
2023-03-14 04:30:00,crop_maize,54.19,,25.35,75.19,1653.96,72,maturity,0.0,False
2023-03-14 14:30:00,crop_maize,34.34,,25.57,59.76,1331.92,72,maturity,0.0,False
2023-03-14 18:00:00,crop_maize,36.98,,15.86,73.3,582.43,72,flowering,0.0,False
2023-03-14 19:30:00,crop_maize,58.69,,41.08,48.6,2.26,72,maturity,0.0,False
2023-03-14 21:30:00,crop_maize,15.43,,14.01,58.45,2099.24,72,maturity,0.0,False
2023-03-14 23:00:00,crop_maize,49.8,,25.45,43.37,1966.78,72,maturity,0.0,False
2023-03-14 23:30:00,crop_maize,31.11,,35.94,42.11,2147.51,72,maturity,0.0,False
2023-03-15 00:30:00,crop_maize,51.88,,27.94,69.85,852.12,73,vegetative,0.0,False
2023-03-15 02:00:00,crop_maize,13.03,,25.54,80.18,1667.27,73,flowering,0.0,False
2023-03-15 02:30:00,crop_maize,31.41,,39.71,54.25,519.87,73,vegetative,0.0,False
2023-03-15 06:00:00,crop_maize,48.89,,34.76,28.79,634.05,73,maturity,0.0,False
2023-03-15 09:00:00,crop_maize,34.26,,30.7,63.91,1394.17,73,maturity,0.0,False
2023-03-15 11:00:00,crop_maize,21.04,,17.41,42.41,1891.39,73,flowering,0.0,False
2023-03-15 14:00:00,crop_maize,33.97,,16.31,94.27,1353.82,73,flowering,0.0,False
2023-03-15 19:30:00,crop_maize,43.1,,36.78,88.38,630.24,73,maturity,0.0,False
2023-03-15 20:00:00,crop_maize,27.09,,41.49,74.37,1811.62,73,vegetative,0.0,False
2023-03-15 20:30:00,crop_maize,46.66,,29.34,83.98,1965.22,73,maturity,0.0,False
2023-03-16 12:00:00,crop_maize,47.46,,20.58,50.52,74.83,74,vegetative,0.0,False
2023-03-16 13:00:00,crop_maize,15.71,,22.72,78.9,175.35,74,vegetative,0.0,False
2023-03-16 15:30:00,crop_maize,55.26,,26.85,85.29,1547.62,74,maturity,0.0,False
2023-03-16 17:30:00,crop_maize,46.11,,26.2,40.81,2150.54,74,vegetative,0.0,False
2023-03-16 20:30:00,crop_maize,53.24,,16.8,38.24,1999.05,74,flowering,0.0,False
2023-03-17 00:00:00,crop_maize,27.04,,26.2,48.27,248.17,74,maturity,0.0,False
2023-03-17 04:00:00,crop_maize,61.06,,13.52,59.14,788.15,75,flowering,0.0,False
2023-03-17 12:30:00,crop_maize,49.76,,15.27,52.03,2350.73,75,maturity,0.0,False
2023-03-17 15:00:00,crop_maize,60.16,,13.68,51.05,43.18,75,maturity,0.0,False
2023-03-17 16:00:00,crop_maize,50.29,,39.65,29.57,1100.08,75,maturity,0.0,False
2023-03-17 16:30:00,crop_maize,48.7,,26.89,27.57,50.1,75,flowering,0.0,False
2023-03-17 21:00:00,crop_maize,35.82,,32.09,61.57,1352.87,75,maturity,0.0,False
2023-03-17 22:00:00,crop_maize,55.39,,13.38,53.97,1447.37,75,vegetative,0.0,False
2023-03-18 09:00:00,crop_maize,42.84,,23.53,91.8,498.16,76,maturity,0.0,False
2023-03-18 13:00:00,crop_maize,20.33,,30.46,90.48,2156.2,76,flowering,0.0,False
2023-03-18 18:00:00,crop_maize,14.45,,34.2,47.33,1307.36,76,maturity,0.0,False
2023-03-18 20:00:00,crop_maize,34.66,,33.8,46.83,2245.84,76,vegetative,0.0,False
2023-03-18 23:00:00,crop_maize,34.47,,40.85,45.66,1150.41,76,flowering,0.0,False
2023-03-19 02:30:00,crop_maize,56.28,,28.44,34.67,304.28,77,maturity,0.0,False
2023-03-19 04:00:00,crop_maize,10.57,,18.04,71.59,1291.0,77,vegetative,0.0,False
2023-03-19 04:30:00,crop_maize,29.98,,20.37,67.15,1392.34,77,maturity,0.0,False
2023-03-19 05:30:00,crop_maize,54.55,,36.29,67.44,1299.62,77,vegetative,0.0,False
2023-03-19 07:00:00,crop_maize,55.02,,28.59,41.94,2458.88,77,flowering,0.0,False
2023-03-19 08:00:00,crop_maize,63.14,,29.13,51.33,2482.76,77,maturity,0.0,False
2023-03-19 13:00:00,crop_maize,63.96,,32.85,72.98,1666.58,77,maturity,0.0,False
2023-03-19 16:30:00,crop_maize,36.7,,37.6,83.45,2307.53,77,flowering,0.0,False
2023-03-19 17:30:00,crop_maize,57.13,,26.4,65.93,1219.14,77,flowering,0.0,False
2023-03-19 18:00:00,crop_maize,43.12,,15.33,35.09,2356.11,77,flowering,0.0,False
2023-03-19 21:00:00,crop_maize,60.24,,35.57,73.26,802.52,77,maturity,0.0,False
2023-03-20 03:00:00,crop_maize,10.88,,35.86,94.58,1869.37,78,flowering,0.0,False
2023-03-20 03:30:00,crop_maize,39.55,,34.52,43.72,1463.11,78,maturity,0.0,False
2023-03-20 04:30:00,crop_maize,15.62,,31.25,92.36,715.48,78,flowering,0.0,False
2023-03-20 08:30:00,crop_maize,21.79,,25.45,81.52,1929.8,78,vegetative,0.0,False
2023-03-20 09:30:00,crop_maize,26.92,,14.57,36.79,1424.9,78,vegetative,0.0,False
2023-03-20 10:30:00,crop_maize,52.9,,24.66,75.0,2401.92,78,flowering,0.0,False
2023-03-20 15:30:00,crop_maize,50.51,,37.57,93.77,1104.43,78,maturity,0.0,False
2023-03-20 19:00:00,crop_maize,13.68,,12.54,31.63,1306.94,78,maturity,0.0,False
2023-03-20 19:30:00,crop_maize,50.37,,29.77,80.39,104.1,78,vegetative,0.0,False
2023-03-20 20:00:00,crop_maize,58.52,,15.18,38.38,232.16,78,maturity,0.0,False
2023-03-20 20:30:00,crop_maize,45.1,,12.23,60.55,243.66,78,maturity,0.0,False
2023-03-20 22:30:00,crop_maize,32.7,,30.45,81.95,184.24,78,flowering,0.0,False
2023-03-20 23:00:00,crop_maize,41.91,,32.16,46.4,2230.29,78,flowering,0.0,False
2023-03-21 04:00:00,crop_maize,37.19,,20.9,88.82,1116.66,79,maturity,0.0,False
2023-03-21 06:00:00,crop_maize,22.44,,17.11,78.38,1874.16,79,maturity,0.0,False
2023-03-21 11:00:00,crop_maize,36.07,,14.91,30.3,1774.9,79,maturity,0.0,False
2023-03-21 13:00:00,crop_maize,20.78,,38.21,79.07,1577.91,79,maturity,0.0,False
2023-03-21 15:00:00,crop_maize,33.3,,34.79,43.15,2477.43,79,maturity,0.0,False
2023-03-21 16:00:00,crop_maize,46.61,,24.59,79.77,951.2,79,flowering,0.0,False
2023-03-21 22:30:00,crop_maize,30.66,,26.15,35.44,33.48,79,maturity,0.0,False
2023-03-22 01:00:00,crop_maize,58.28,,18.39,62.37,1711.04,80,maturity,0.0,False
2023-03-22 03:30:00,crop_maize,43.92,,21.51,87.72,250.19,80,flowering,0.0,False
2023-03-22 05:30:00,crop_maize,11.27,,27.01,53.25,702.4,80,flowering,0.0,False
2023-03-22 06:00:00,crop_maize,15.92,,28.3,72.45,261.34,80,maturity,0.0,False
2023-03-22 15:30:00,crop_maize,27.77,,39.24,49.5,1952.36,80,vegetative,0.0,False
2023-03-22 16:00:00,crop_maize,47.84,,12.48,88.7,667.32,80,maturity,0.0,False
2023-03-22 16:30:00,crop_maize,13.14,,14.04,71.52,1763.1,80,maturity,0.0,False
2023-03-22 18:30:00,crop_maize,64.47,,18.49,36.63,2357.18,80,maturity,0.0,False
2023-03-23 03:00:00,crop_maize,25.14,,12.45,88.72,1648.8,81,vegetative,0.0,False
2023-03-23 05:30:00,crop_maize,35.19,,23.53,66.32,1729.23,81,vegetative,0.0,False
2023-03-23 10:00:00,crop_maize,37.26,,13.55,72.16,1432.02,81,vegetative,0.0,False
2023-03-23 12:30:00,crop_maize,44.72,,30.37,77.91,184.08,81,maturity,0.0,False
2023-03-23 13:30:00,crop_maize,36.01,,36.4,60.65,1648.83,81,flowering,0.0,False
2023-03-23 15:30:00,crop_maize,64.7,,17.06,51.37,2344.75,81,vegetative,0.0,False
2023-03-23 16:30:00,crop_maize,11.88,,22.2,26.4,1879.61,81,maturity,0.0,False
2023-03-23 17:00:00,crop_maize,46.91,,33.41,76.14,896.7,81,maturity,0.0,False
2023-03-23 19:00:00,crop_maize,50.15,,20.27,46.61,365.42,81,maturity,0.0,False
2023-03-24 00:00:00,crop_maize,49.09,,12.85,79.42,1780.28,81,flowering,0.0,False
2023-03-24 00:30:00,crop_maize,59.53,,19.75,50.07,488.34,82,maturity,0.0,False
2023-03-24 03:30:00,crop_maize,61.7,,31.3,45.66,796.33,82,vegetative,0.0,False
2023-03-24 05:30:00,crop_maize,48.92,,27.36,37.83,886.48,82,maturity,0.0,False
2023-03-24 07:00:00,crop_maize,63.34,,22.39,83.05,65.85,82,flowering,0.0,False
2023-03-24 07:30:00,crop_maize,15.39,,39.66,39.02,2182.18,82,flowering,0.0,False
2023-03-24 08:00:00,crop_maize,59.07,,18.34,50.19,1666.62,82,maturity,0.0,False
2023-03-24 12:00:00,crop_maize,44.29,,29.08,93.26,1025.05,82,vegetative,0.0,False
2023-03-24 13:00:00,crop_maize,45.03,,31.95,80.02,754.93,82,flowering,0.0,False
2023-03-24 14:30:00,crop_maize,17.71,,15.11,38.46,1378.35,82,maturity,0.0,False
2023-03-24 18:30:00,crop_maize,48.14,,25.95,94.96,291.76,82,vegetative,0.0,False
2023-03-24 19:00:00,crop_maize,28.4,,13.57,57.59,167.13,82,maturity,0.0,False
2023-03-24 22:30:00,crop_maize,54.88,,29.3,64.69,2144.18,82,maturity,0.0,False
2023-03-25 04:00:00,crop_maize,59.2,,17.45,75.61,1022.84,83,vegetative,0.0,False
2023-03-25 12:30:00,crop_maize,16.14,,38.38,58.85,599.94,83,vegetative,0.0,False
2023-03-25 13:00:00,crop_maize,51.05,,35.68,92.71,1800.55,83,maturity,0.0,False
2023-03-25 19:00:00,crop_maize,41.37,,30.35,41.19,1130.71,83,maturity,0.0,False
2023-03-25 21:00:00,crop_maize,19.67,,19.99,91.05,271.81,83,vegetative,0.0,False
2023-03-25 22:00:00,crop_maize,15.39,,40.35,50.37,1579.36,83,vegetative,0.0,False
2023-03-26 00:30:00,crop_maize,27.03,,36.98,39.66,1455.74,84,maturity,0.0,False
2023-03-26 02:00:00,crop_maize,48.24,,12.48,57.97,1978.03,84,flowering,0.0,False
2023-03-26 02:30:00,crop_maize,40.25,,12.39,53.44,29.89,84,maturity,0.0,False
2023-03-26 03:30:00,crop_maize,9.45,,14.2,84.95,2374.21,84,maturity,0.0,False
2023-03-26 05:00:00,crop_maize,18.27,,25.73,92.69,835.14,84,vegetative,0.0,False
2023-03-26 11:00:00,crop_maize,35.57,,27.59,80.05,1047.28,84,maturity,0.0,False
2023-03-26 16:30:00,crop_maize,18.73,,15.86,85.41,1682.44,84,flowering,0.0,False
2023-03-26 22:00:00,crop_maize,61.42,,15.71,48.35,1889.08,84,vegetative,0.0,False
2023-03-27 01:30:00,crop_maize,55.25,,20.33,45.08,544.6,85,maturity,0.0,False
2023-03-27 02:30:00,crop_maize,44.22,,38.19,73.11,1292.55,85,flowering,0.0,False
2023-03-27 05:00:00,crop_maize,10.09,,14.56,87.08,890.39,85,maturity,0.0,False
2023-03-27 08:00:00,crop_maize,45.7,,26.14,82.22,1182.68,85,maturity,0.0,False
2023-03-27 08:30:00,crop_maize,42.66,,33.08,60.16,1937.37,85,maturity,0.0,False
2023-03-27 11:00:00,crop_maize,42.03,,36.85,63.83,49.48,85,flowering,0.0,False
2023-03-27 14:00:00,crop_maize,63.95,,36.88,31.98,1933.16,85,flowering,0.0,False
2023-03-27 17:00:00,crop_maize,28.51,,38.02,41.53,2427.98,85,flowering,0.0,False
2023-03-28 01:00:00,crop_maize,21.7,,19.69,90.0,156.89,86,vegetative,0.0,False
2023-03-28 09:00:00,crop_maize,24.5,,35.56,67.54,1324.47,86,maturity,0.0,False
2023-03-28 09:30:00,crop_maize,58.74,,30.69,27.25,1560.76,86,maturity,0.0,False
2023-03-28 10:30:00,crop_maize,60.6,,38.25,93.25,2295.91,86,maturity,0.0,False
2023-03-28 11:00:00,crop_maize,37.8,,34.19,46.39,2359.94,86,vegetative,0.0,False
2023-03-28 11:30:00,crop_maize,48.79,,16.84,67.48,2101.17,86,maturity,0.0,False
2023-03-28 12:00:00,crop_maize,14.28,,32.48,78.81,162.65,86,flowering,0.0,False
2023-03-28 22:00:00,crop_maize,21.48,,36.35,75.53,798.24,86,vegetative,0.0,False
2023-03-29 01:00:00,crop_maize,48.75,,36.91,49.37,1930.42,87,maturity,0.0,False
2023-03-29 03:30:00,crop_maize,64.93,,30.12,78.24,2121.13,87,maturity,0.0,False
2023-03-29 06:00:00,crop_maize,18.84,,20.74,86.69,700.61,87,flowering,0.0,False
2023-03-29 06:30:00,crop_maize,46.59,,18.64,69.59,270.29,87,flowering,0.0,False
2023-03-29 07:30:00,crop_maize,64.17,,30.07,32.75,112.68,87,maturity,0.0,False
2023-03-29 09:30:00,crop_maize,63.82,,19.86,59.71,2021.2,87,vegetative,0.0,False
2023-03-29 11:30:00,crop_maize,17.7,,25.8,33.51,1622.49,87,flowering,0.0,False
2023-03-29 19:30:00,crop_maize,15.38,,29.61,47.31,2020.95,87,flowering,0.0,False
2023-03-30 01:30:00,crop_maize,36.2,,31.83,94.71,491.29,88,flowering,0.0,False
2023-03-30 05:30:00,crop_maize,35.47,,12.12,54.14,2018.79,88,maturity,0.0,False
2023-03-30 06:00:00,crop_maize,37.96,,20.87,61.76,1569.6,88,maturity,0.0,False
2023-03-30 08:00:00,crop_maize,46.96,,26.68,74.07,1191.07,88,maturity,0.0,False
2023-03-30 11:30:00,crop_maize,11.64,,32.61,31.24,1371.47,88,maturity,0.0,False
2023-03-30 13:30:00,crop_maize,31.21,,25.46,54.19,639.99,88,vegetative,0.0,False
2023-03-30 14:30:00,crop_maize,34.4,,28.13,68.89,13.68,88,maturity,0.0,False
2023-03-30 15:00:00,crop_maize,16.37,,21.0,53.87,1281.92,88,vegetative,0.0,False
2023-03-31 01:00:00,crop_maize,30.6,,36.25,40.12,1324.98,89,maturity,0.0,False
2023-03-31 09:00:00,crop_maize,50.29,,25.98,31.02,1047.35,89,vegetative,0.0,False
2023-03-31 11:30:00,crop_maize,16.61,,35.84,64.81,1205.37,89,flowering,0.0,False
2023-03-31 14:00:00,crop_maize,51.46,,23.22,65.48,2417.29,89,flowering,0.0,False
2023-03-31 16:00:00,crop_maize,49.92,,32.22,73.32,1926.9,89,vegetative,0.0,False
2023-03-31 18:30:00,crop_maize,41.94,,16.35,80.3,687.4,89,maturity,0.0,False
2023-03-31 20:00:00,crop_maize,20.54,,25.95,52.82,2193.71,89,maturity,0.0,False
2023-03-31 20:30:00,crop_maize,27.24,,14.1,94.56,915.78,89,flowering,0.0,False
2023-03-31 21:00:00,crop_maize,29.75,,39.76,50.63,1739.08,89,flowering,0.0,False
2023-03-31 22:00:00,crop_maize,8.32,,30.64,49.56,423.28,89,flowering,0.0,False
2023-03-31 23:30:00,crop_maize,64.78,,41.53,38.49,483.53,89,maturity,0.0,False
2023-04-01 02:00:00,crop_maize,20.79,,33.52,27.48,1169.77,90,vegetative,0.0,False
2023-04-01 08:30:00,crop_maize,44.41,,23.54,37.18,2293.34,90,maturity,0.0,False
2023-04-01 16:00:00,crop_maize,12.39,,13.04,66.0,2444.87,90,vegetative,0.0,False
2023-04-01 16:30:00,crop_maize,30.71,,18.39,48.7,39.08,90,vegetative,0.0,False
2023-04-02 00:30:00,crop_maize,25.65,,32.36,57.02,1751.83,91,maturity,0.0,False
2023-04-02 03:30:00,crop_maize,38.48,,41.13,65.01,1316.46,91,maturity,0.0,False
2023-04-02 08:00:00,crop_maize,57.51,,33.23,40.16,1747.41,91,maturity,0.0,False
2023-04-02 12:00:00,crop_maize,15.21,,27.86,84.63,377.47,91,vegetative,0.0,False
2023-04-02 15:00:00,crop_maize,27.97,,12.1,54.95,2356.87,91,vegetative,0.0,False
2023-04-02 18:00:00,crop_maize,52.32,,26.57,73.84,2326.49,91,maturity,0.0,False
2023-04-02 19:30:00,crop_maize,24.63,,17.02,34.01,1312.78,91,maturity,0.0,False
2023-04-02 23:00:00,crop_maize,38.48,,25.87,86.36,904.52,91,vegetative,0.0,False
2023-04-03 04:00:00,crop_maize,36.15,,35.57,62.29,1402.58,92,maturity,0.0,False
2023-04-03 08:00:00,crop_maize,26.67,,22.3,26.43,2045.73,92,flowering,0.0,False
2023-04-03 10:00:00,crop_maize,33.27,,21.32,42.0,823.49,92,vegetative,0.0,False
2023-04-03 15:30:00,crop_maize,37.74,,30.21,27.52,318.46,92,flowering,0.0,False
2023-04-03 20:30:00,crop_maize,9.39,,32.53,41.72,201.34,92,maturity,0.0,False
2023-04-03 23:30:00,crop_maize,42.82,,15.77,89.96,1371.67,92,vegetative,0.0,False
2023-04-04 01:00:00,crop_maize,58.45,,27.37,74.14,1722.7,93,vegetative,0.0,False
2023-04-04 02:00:00,crop_maize,30.85,,41.13,73.63,1150.06,93,maturity,0.0,False
2023-04-04 04:00:00,crop_maize,15.89,,33.32,89.49,1215.19,93,flowering,0.0,False
2023-04-04 06:00:00,crop_maize,16.68,,31.67,50.05,1231.17,93,flowering,0.0,False
2023-04-04 08:00:00,crop_maize,27.35,,37.26,30.05,518.99,93,maturity,0.0,False
2023-04-04 11:00:00,crop_maize,63.4,,40.44,85.93,1170.16,93,maturity,0.0,False
2023-04-04 13:30:00,crop_maize,63.95,,34.58,30.38,818.07,93,flowering,0.0,False
2023-04-04 14:30:00,crop_maize,25.94,,33.35,79.14,581.02,93,flowering,0.0,False
2023-04-04 17:30:00,crop_maize,45.42,,39.63,84.98,1423.78,93,maturity,0.0,False
2023-04-04 20:30:00,crop_maize,8.06,,36.32,39.94,2460.85,93,flowering,0.0,False
2023-04-04 22:00:00,crop_maize,63.26,,26.31,82.18,2236.97,93,flowering,0.0,False
2023-04-04 23:30:00,crop_maize,23.35,,16.03,53.69,2183.55,93,maturity,0.0,False
2023-04-05 00:30:00,crop_maize,41.62,,40.94,25.77,2066.13,94,maturity,0.0,False
2023-04-05 01:30:00,crop_maize,46.9,,21.01,71.86,1996.79,94,maturity,0.0,False
2023-04-05 02:30:00,crop_maize,8.55,,35.37,77.23,1837.7,94,maturity,0.0,False
2023-04-05 03:00:00,crop_maize,20.55,,22.93,30.21,1088.83,94,maturity,0.0,False
2023-04-05 21:30:00,crop_maize,36.25,,17.47,33.45,368.36,94,vegetative,0.0,False
2023-04-06 00:30:00,crop_maize,14.76,,40.35,65.2,2127.97,95,vegetative,0.0,False
2023-04-06 01:30:00,crop_maize,18.59,,33.49,46.66,1656.88,95,vegetative,0.0,False
2023-04-06 03:30:00,crop_maize,49.29,,22.64,94.35,490.87,95,maturity,0.0,False
2023-04-06 08:30:00,crop_maize,12.25,,15.15,27.66,275.66,95,flowering,0.0,False
2023-04-06 13:00:00,crop_maize,55.49,,22.83,59.3,2113.7,95,maturity,0.0,False
2023-04-06 16:30:00,crop_maize,12.04,,37.08,42.42,507.78,95,maturity,0.0,False
2023-04-06 19:00:00,crop_maize,49.4,,34.65,50.13,133.62,95,vegetative,0.0,False
2023-04-06 23:30:00,crop_maize,29.77,,15.05,32.7,1686.33,95,maturity,0.0,False
2023-04-07 05:30:00,crop_maize,53.51,,15.64,52.89,493.04,96,maturity,0.0,False
2023-04-07 12:00:00,crop_maize,59.94,,19.77,67.81,1490.89,96,flowering,0.0,False
2023-04-07 12:30:00,crop_maize,36.94,,40.19,43.39,2227.31,96,maturity,0.0,False
2023-04-07 16:00:00,crop_maize,21.92,,32.02,57.85,1958.53,96,vegetative,0.0,False
2023-04-07 17:30:00,crop_maize,35.56,,31.96,88.86,1378.07,96,vegetative,0.0,False
2023-04-07 19:00:00,crop_maize,14.4,,32.8,45.55,687.89,96,maturity,0.0,False
2023-04-07 20:00:00,crop_maize,41.29,,17.36,65.9,2112.58,96,flowering,0.0,False
2023-04-08 03:00:00,crop_maize,8.19,,37.97,93.0,2389.73,97,maturity,0.0,False
2023-04-08 04:00:00,crop_maize,42.26,,35.01,64.42,90.8,97,flowering,0.0,False
2023-04-08 07:00:00,crop_maize,57.47,,38.35,33.95,2496.5,97,maturity,0.0,False
2023-04-08 11:30:00,crop_maize,62.35,,20.22,92.4,1733.2,97,flowering,0.0,False
2023-04-08 14:30:00,crop_maize,36.67,,35.65,35.82,627.72,97,vegetative,0.0,False
2023-04-09 01:30:00,crop_maize,34.46,,13.92,46.94,1337.05,98,flowering,0.0,False
2023-04-09 04:30:00,crop_maize,8.19,,33.75,77.24,2103.16,98,maturity,0.0,False
2023-04-09 08:00:00,crop_maize,38.74,,31.82,47.85,2189.14,98,maturity,0.0,False
2023-04-09 14:00:00,crop_maize,36.35,,40.1,53.12,806.96,98,maturity,0.0,False
2023-04-09 16:30:00,crop_maize,47.44,,21.83,41.45,884.08,98,vegetative,0.0,False
2023-04-09 21:00:00,crop_maize,59.22,,23.8,39.43,1744.75,98,maturity,0.0,False
2023-04-09 22:30:00,crop_maize,44.24,,26.39,25.97,814.68,98,maturity,0.0,False
2023-04-09 23:30:00,crop_maize,17.02,,23.36,43.78,2410.6,98,maturity,0.0,False
2023-04-10 00:30:00,crop_maize,41.01,,39.89,54.71,1609.75,99,maturity,0.0,False
2023-04-10 01:30:00,crop_maize,31.8,,30.9,52.81,1373.38,99,flowering,0.0,False
2023-04-10 03:00:00,crop_maize,44.98,,38.97,65.21,1246.61,99,maturity,0.0,False
2023-04-10 05:00:00,crop_maize,59.13,,27.19,25.32,1155.78,99,flowering,0.0,False
2023-04-10 05:30:00,crop_maize,24.62,,28.26,25.15,833.99,99,vegetative,0.0,False
2023-04-10 06:30:00,crop_maize,29.18,,23.21,43.49,2037.02,99,maturity,0.0,False
2023-04-10 09:00:00,crop_maize,58.15,,40.21,33.15,2284.11,99,flowering,0.0,False
2023-04-10 11:00:00,crop_maize,48.47,,29.57,55.51,1736.0,99,maturity,0.0,False
2023-04-10 13:00:00,crop_maize,26.5,,37.6,85.48,1877.28,99,vegetative,0.0,False
2023-04-10 19:00:00,crop_maize,14.6,,35.75,27.75,1533.48,99,vegetative,0.0,False
2023-04-10 23:00:00,crop_maize,57.15,,29.88,49.16,284.28,99,flowering,0.0,False
2023-04-11 00:00:00,crop_maize,61.95,,29.99,38.47,2293.06,99,vegetative,0.0,False
2023-04-11 00:30:00,crop_maize,12.09,,14.49,43.49,1563.89,100,maturity,0.0,False
2023-04-11 02:00:00,crop_maize,22.12,,34.72,34.04,2497.23,100,vegetative,0.0,False
2023-04-11 03:00:00,crop_maize,43.73,,28.5,60.8,1116.33,100,maturity,0.0,False
2023-04-11 05:30:00,crop_maize,64.76,,29.98,50.1,2210.26,100,flowering,0.0,False
2023-04-11 06:30:00,crop_maize,24.67,,25.63,89.34,1270.37,100,maturity,0.0,False
2023-04-11 07:00:00,crop_maize,38.84,,17.38,38.96,569.35,100,maturity,0.0,False
2023-04-11 07:30:00,crop_maize,26.04,,30.85,29.62,2086.14,100,vegetative,0.0,False
2023-04-11 09:30:00,crop_maize,53.92,,17.46,77.69,534.56,100,flowering,0.0,False
2023-04-11 12:30:00,crop_maize,46.33,,31.6,50.43,2457.26,100,flowering,0.0,False
2023-04-11 13:30:00,crop_maize,26.51,,21.36,76.47,2375.8,100,maturity,0.0,False
2023-04-11 23:00:00,crop_maize,16.99,,14.88,27.33,418.17,100,maturity,0.0,False
2023-04-11 23:30:00,crop_maize,12.05,,31.92,82.21,1989.54,100,maturity,0.0,False
2023-04-12 00:00:00,crop_maize,8.56,,39.3,73.22,500.72,100,vegetative,0.0,False
2023-04-12 04:30:00,crop_maize,56.02,,21.06,75.26,1205.96,101,maturity,0.0,False
2023-04-12 06:30:00,crop_maize,61.21,,21.43,27.02,2326.14,101,vegetative,0.0,False
2023-04-12 08:00:00,crop_maize,52.09,,25.46,28.58,226.24,101,flowering,0.0,False
2023-04-12 15:00:00,crop_maize,36.13,,39.61,83.0,1067.2,101,flowering,0.0,False
2023-04-12 18:00:00,crop_maize,42.42,,14.46,78.43,2377.91,101,flowering,0.0,False
2023-04-12 18:30:00,crop_maize,38.19,,13.69,46.78,1618.87,101,vegetative,0.0,False
2023-04-12 19:00:00,crop_maize,64.0,,20.03,46.78,1694.76,101,maturity,0.0,False
2023-04-12 22:00:00,crop_maize,47.34,,17.88,33.67,532.23,101,maturity,0.0,False
2023-04-13 04:00:00,crop_maize,13.0,,12.51,47.47,2085.24,102,flowering,0.0,False
2023-04-13 08:00:00,crop_maize,48.46,,32.82,88.84,2340.08,102,maturity,0.0,False
2023-04-13 08:30:00,crop_maize,28.68,,27.68,28.81,123.32,102,maturity,0.0,False
2023-04-13 09:30:00,crop_maize,56.02,,22.73,52.96,1030.3,102,maturity,0.0,False
2023-04-13 10:00:00,crop_maize,27.28,,33.66,43.78,2187.54,102,maturity,0.0,False
2023-04-13 14:00:00,crop_maize,11.6,,17.59,74.75,946.34,102,maturity,0.0,False
2023-04-13 14:30:00,crop_maize,41.82,,13.54,30.31,889.39,102,flowering,0.0,False
2023-04-13 16:00:00,crop_maize,59.8,,32.75,83.24,2204.81,102,maturity,0.0,False
2023-04-13 18:00:00,crop_maize,21.61,,27.61,52.78,246.03,102,flowering,0.0,False
2023-04-13 19:00:00,crop_maize,53.45,,29.57,43.56,825.42,102,flowering,0.0,False
2023-04-13 19:30:00,crop_maize,22.09,,39.08,46.72,691.67,102,maturity,0.0,False
2023-04-14 01:00:00,crop_maize,23.93,,25.31,34.95,1794.95,103,maturity,0.0,False
2023-04-14 03:00:00,crop_maize,37.75,,22.45,69.29,2402.28,103,vegetative,0.0,False
2023-04-14 04:00:00,crop_maize,42.42,,19.51,87.15,2401.37,103,vegetative,0.0,False
2023-04-14 06:30:00,crop_maize,58.0,,33.55,88.86,950.7,103,flowering,0.0,False
2023-04-14 12:00:00,crop_maize,43.56,,22.78,49.28,2328.41,103,maturity,0.0,False
2023-04-14 13:30:00,crop_maize,54.46,,41.93,75.04,1370.69,103,maturity,0.0,False
2023-04-14 16:30:00,crop_maize,21.88,,41.52,50.13,2289.37,103,flowering,0.0,False
2023-04-14 17:00:00,crop_maize,13.13,,30.0,93.68,1106.25,103,vegetative,0.0,False
2023-04-15 00:30:00,crop_maize,36.08,,19.24,92.93,1511.19,104,vegetative,0.0,False
2023-04-15 10:30:00,crop_maize,26.23,,30.83,62.95,153.5,104,maturity,0.0,False
2023-04-15 12:30:00,crop_maize,63.41,,35.97,28.82,1954.98,104,maturity,0.0,False
2023-04-15 13:00:00,crop_maize,42.15,,30.23,58.0,1442.89,104,maturity,0.0,False
2023-04-15 21:00:00,crop_maize,12.18,,38.11,72.19,2471.73,104,vegetative,0.0,False
2023-04-16 02:30:00,crop_maize,56.91,,28.7,43.75,1131.85,105,vegetative,0.0,False
2023-04-16 04:30:00,crop_maize,59.88,,35.3,48.12,928.21,105,maturity,0.0,False
2023-04-16 08:00:00,crop_maize,21.06,,26.31,83.48,863.58,105,maturity,0.0,False
2023-04-16 09:30:00,crop_maize,46.13,,23.44,77.75,2068.48,105,flowering,0.0,False
2023-04-16 10:30:00,crop_maize,40.68,,18.37,66.31,724.36,105,flowering,0.0,False
2023-04-16 11:00:00,crop_maize,50.5,,34.78,50.64,1778.24,105,vegetative,0.0,False
2023-04-16 13:30:00,crop_maize,44.46,,41.65,36.25,2458.63,105,flowering,0.0,False
2023-04-16 17:00:00,crop_maize,53.56,,17.46,61.52,2096.68,105,vegetative,0.0,False
2023-04-16 17:30:00,crop_maize,36.12,,29.54,85.56,138.43,105,flowering,0.0,False
2023-04-16 21:00:00,crop_maize,21.75,,39.01,74.65,1536.57,105,flowering,0.0,False
2023-04-16 21:30:00,crop_maize,53.38,,15.36,35.81,516.58,105,maturity,0.0,False
2023-04-16 22:00:00,crop_maize,12.8,,40.29,29.22,1509.02,105,maturity,0.0,False
2023-04-16 22:30:00,crop_maize,37.92,,22.55,42.9,2170.48,105,flowering,0.0,False
2023-04-16 23:30:00,crop_maize,11.82,,32.05,67.35,1261.47,105,vegetative,0.0,False
2023-04-17 00:00:00,crop_maize,36.67,,40.81,58.92,2455.93,105,maturity,0.0,False
2023-04-17 03:30:00,crop_maize,40.89,,31.46,72.65,216.89,106,maturity,0.0,False
2023-04-17 04:00:00,crop_maize,32.03,,16.45,92.35,2404.97,106,vegetative,0.0,False
2023-04-17 09:00:00,crop_maize,58.29,,21.5,56.12,1034.95,106,flowering,0.0,False
2023-04-17 09:30:00,crop_maize,55.23,,27.87,60.04,27.2,106,maturity,0.0,False
2023-04-17 10:30:00,crop_maize,34.13,,40.56,77.56,260.78,106,flowering,0.0,False
2023-04-17 17:00:00,crop_maize,62.89,,32.21,48.98,5.13,106,maturity,0.0,False
2023-04-17 20:00:00,crop_maize,24.23,,40.38,66.99,472.51,106,vegetative,0.0,False
2023-04-17 23:00:00,crop_maize,11.6,,13.51,43.61,1064.99,106,flowering,0.0,False
2023-04-18 01:30:00,crop_maize,26.34,,39.85,27.32,2276.54,107,flowering,0.0,False
2023-04-18 02:00:00,crop_maize,53.87,,34.89,62.43,1920.55,107,vegetative,0.0,False
2023-04-18 04:30:00,crop_maize,42.26,,22.78,54.16,1947.1,107,maturity,0.0,False
2023-04-18 08:30:00,crop_maize,44.08,,22.63,37.54,2414.31,107,maturity,0.0,False
2023-04-18 09:00:00,crop_maize,22.81,,12.72,80.73,2074.97,107,maturity,0.0,False
2023-04-18 11:30:00,crop_maize,25.14,,12.44,76.86,232.89,107,vegetative,0.0,False
2023-04-18 12:30:00,crop_maize,61.91,,18.97,30.59,343.57,107,flowering,0.0,False
2023-04-18 13:30:00,crop_maize,52.63,,16.52,85.6,2469.41,107,maturity,0.0,False
2023-04-18 15:00:00,crop_maize,33.89,,31.68,51.6,482.53,107,maturity,0.0,False
2023-04-18 17:00:00,crop_maize,64.36,,24.71,75.85,2407.09,107,flowering,0.0,False
2023-04-18 18:00:00,crop_maize,10.59,,15.46,78.28,2233.76,107,maturity,0.0,False
2023-04-18 21:30:00,crop_maize,18.53,,28.75,83.82,768.36,107,maturity,0.0,False
2023-04-19 08:00:00,crop_maize,11.42,,12.04,57.89,4.53,108,vegetative,0.0,False
2023-04-19 10:00:00,crop_maize,57.46,,22.0,33.72,1798.12,108,flowering,0.0,False
2023-04-19 13:30:00,crop_maize,10.7,,14.64,53.53,1834.46,108,maturity,0.0,False
2023-04-19 16:00:00,crop_maize,51.01,,15.23,75.71,295.03,108,vegetative,0.0,False
2023-04-19 21:30:00,crop_maize,11.99,,33.38,58.67,1228.33,108,maturity,0.0,False
2023-04-19 23:00:00,crop_maize,50.07,,24.53,62.23,5.87,108,maturity,0.0,False
2023-04-20 03:00:00,crop_maize,55.68,,38.35,34.98,513.14,109,flowering,0.0,False
2023-04-20 06:00:00,crop_maize,42.52,,37.26,44.41,1391.81,109,vegetative,0.0,False
2023-04-20 07:30:00,crop_maize,21.31,,31.16,31.76,1250.37,109,maturity,0.0,False
2023-04-20 09:00:00,crop_maize,55.52,,40.17,71.11,1813.77,109,maturity,0.0,False
2023-04-20 19:30:00,crop_maize,54.89,,39.04,77.06,571.34,109,maturity,0.0,False
2023-04-21 01:30:00,crop_maize,20.93,,39.84,46.15,1740.15,110,flowering,0.0,False
2023-04-21 02:30:00,crop_maize,57.17,,41.83,67.05,2224.78,110,vegetative,0.0,False
2023-04-21 12:30:00,crop_maize,48.88,,25.6,40.55,1806.84,110,vegetative,0.0,False
2023-04-21 14:00:00,crop_maize,38.64,,21.23,42.51,2485.12,110,vegetative,0.0,False
2023-04-21 17:30:00,crop_maize,8.21,,40.84,85.04,176.19,110,maturity,0.0,False
2023-04-21 19:00:00,crop_maize,15.33,,22.75,43.33,1347.17,110,vegetative,0.0,False
2023-04-22 03:00:00,crop_maize,53.68,,15.98,43.32,224.49,111,flowering,0.0,False
2023-04-22 03:30:00,crop_maize,27.88,,25.01,59.63,1911.33,111,vegetative,0.0,False
2023-04-22 05:00:00,crop_maize,39.42,,24.52,82.52,900.38,111,maturity,0.0,False
2023-04-22 06:00:00,crop_maize,63.93,,39.52,56.56,116.72,111,maturity,0.0,False
2023-04-22 09:00:00,crop_maize,29.95,,25.02,72.45,2174.95,111,vegetative,0.0,False
2023-04-22 13:00:00,crop_maize,61.01,,27.48,51.69,661.04,111,flowering,0.0,False
2023-04-22 17:00:00,crop_maize,26.45,,24.17,52.25,421.51,111,flowering,0.0,False
2023-04-22 18:30:00,crop_maize,51.35,,31.08,83.41,2101.17,111,maturity,0.0,False
2023-04-23 00:30:00,crop_maize,56.81,,37.1,65.35,2352.45,112,maturity,0.0,False
2023-04-23 02:00:00,crop_maize,40.26,,30.2,37.61,837.62,112,maturity,0.0,False
2023-04-23 03:30:00,crop_maize,28.58,,15.43,92.42,506.16,112,maturity,0.0,False
2023-04-23 04:30:00,crop_maize,21.16,,12.75,77.94,1247.37,112,maturity,0.0,False
2023-04-23 07:30:00,crop_maize,9.3,,30.83,72.57,1528.56,112,vegetative,0.0,False
2023-04-23 08:30:00,crop_maize,57.13,,29.89,44.25,2213.03,112,flowering,0.0,False
2023-04-23 09:30:00,crop_maize,32.86,,21.68,86.82,723.95,112,flowering,0.0,False
2023-04-23 13:30:00,crop_maize,48.43,,33.68,50.67,794.68,112,flowering,0.0,False
2023-04-23 16:00:00,crop_maize,48.26,,13.94,47.4,2033.77,112,flowering,0.0,False
2023-04-23 20:00:00,crop_maize,53.25,,24.68,94.73,2328.14,112,maturity,0.0,False
2023-04-24 01:30:00,crop_maize,10.4,,24.53,87.28,56.42,113,flowering,0.0,False
2023-04-24 02:00:00,crop_maize,11.96,,22.83,71.89,1736.98,113,maturity,0.0,False
2023-04-24 03:00:00,crop_maize,60.05,,25.7,60.54,146.3,113,maturity,0.0,False
2023-04-24 05:00:00,crop_maize,42.73,,13.64,58.02,1538.95,113,flowering,0.0,False
2023-04-24 08:00:00,crop_maize,18.92,,32.74,62.19,1205.71,113,maturity,0.0,False
2023-04-24 08:30:00,crop_maize,23.26,,34.59,36.03,1424.52,113,vegetative,0.0,False
2023-04-24 11:30:00,crop_maize,16.39,,30.42,64.71,673.72,113,flowering,0.0,False
2023-04-24 13:30:00,crop_maize,63.22,,31.08,36.31,2111.95,113,maturity,0.0,False
2023-04-24 20:30:00,crop_maize,14.76,,37.41,72.7,1264.79,113,vegetative,0.0,False
2023-04-24 23:30:00,crop_maize,14.6,,32.09,84.19,1134.64,113,flowering,0.0,False
2023-04-25 15:30:00,crop_maize,35.7,,38.62,37.61,2477.93,114,flowering,0.0,False
2023-04-25 21:30:00,crop_maize,31.37,,20.57,75.07,1552.04,114,maturity,0.0,False
2023-04-26 00:30:00,crop_maize,51.9,,24.28,86.28,106.91,115,vegetative,0.0,False
2023-04-26 04:00:00,crop_maize,61.39,,33.35,64.44,1609.71,115,flowering,0.0,False
2023-04-26 08:30:00,crop_maize,27.0,,24.31,93.08,2189.41,115,maturity,0.0,False
2023-04-26 23:00:00,crop_maize,46.8,,40.14,62.24,984.86,115,maturity,0.0,False
2023-04-26 23:30:00,crop_maize,27.36,,39.29,29.24,1469.6,115,vegetative,0.0,False
2023-04-27 04:30:00,crop_maize,46.35,,28.65,65.45,223.42,116,maturity,0.0,False
2023-04-27 06:00:00,crop_maize,54.97,,16.61,88.43,698.94,116,maturity,0.0,False
2023-04-27 07:00:00,crop_maize,27.16,,20.82,56.01,1560.69,116,flowering,0.0,False
2023-04-27 13:00:00,crop_maize,12.88,,32.08,58.62,755.06,116,maturity,0.0,False
2023-04-27 19:30:00,crop_maize,16.33,,23.45,66.88,1753.8,116,vegetative,0.0,False
2023-04-28 00:30:00,crop_maize,63.77,,39.58,53.8,927.3,117,maturity,0.0,False
2023-04-28 10:00:00,crop_maize,63.36,,13.94,57.96,2159.69,117,flowering,0.0,False
2023-04-28 17:00:00,crop_maize,43.36,,32.0,61.47,295.41,117,maturity,0.0,False
2023-04-28 21:30:00,crop_maize,17.58,,18.63,85.4,297.74,117,maturity,0.0,False
2023-04-29 05:30:00,crop_maize,16.61,,32.46,75.61,2338.45,118,vegetative,0.0,False
2023-04-29 08:30:00,crop_maize,30.84,,19.41,51.65,1640.76,118,flowering,0.0,False
2023-04-29 14:00:00,crop_maize,56.17,,23.54,79.73,1877.04,118,flowering,0.0,False
2023-04-29 17:30:00,crop_maize,43.72,,28.83,63.25,840.46,118,vegetative,0.0,False
2023-04-29 18:00:00,crop_maize,58.25,,31.44,31.2,2493.45,118,vegetative,0.0,False
2023-04-29 20:00:00,crop_maize,51.14,,39.0,47.42,1633.15,118,maturity,0.0,False
2023-04-30 00:30:00,crop_maize,37.43,,20.86,37.59,1450.81,119,maturity,0.0,False
2023-04-30 05:30:00,crop_maize,19.94,,38.75,28.28,660.33,119,flowering,0.0,False
2023-04-30 06:30:00,crop_maize,57.73,,34.41,53.97,2086.06,119,maturity,0.0,False
2023-04-30 07:30:00,crop_maize,21.22,,13.91,89.41,631.16,119,flowering,0.0,False
2023-04-30 10:30:00,crop_maize,33.6,,36.33,32.75,858.19,119,vegetative,0.0,False
2023-04-30 17:30:00,crop_maize,18.62,,26.33,27.11,689.81,119,maturity,0.0,False
2023-04-30 20:00:00,crop_maize,24.65,,15.34,78.38,2377.0,119,vegetative,0.0,False
2023-04-30 22:30:00,crop_maize,59.95,,15.1,88.85,2240.15,119,maturity,0.0,False
2023-05-01 05:30:00,crop_maize,13.88,,34.13,39.54,939.1,120,maturity,0.0,False
2023-05-01 06:30:00,crop_maize,14.59,,20.88,26.26,1762.44,120,maturity,0.0,False
2023-05-01 12:30:00,crop_maize,15.59,,37.31,70.19,498.25,120,maturity,0.0,False
2023-05-01 13:00:00,crop_maize,36.62,,20.92,89.35,1229.38,120,maturity,0.0,False
2023-05-01 17:00:00,crop_maize,49.09,,17.7,52.08,1588.05,120,flowering,0.0,False
2023-05-01 17:30:00,crop_maize,52.59,,17.27,44.69,761.63,120,maturity,0.0,False
2023-05-02 00:30:00,crop_maize,54.44,,20.24,64.53,1317.95,121,vegetative,0.0,False
2023-05-02 01:30:00,crop_maize,39.84,,37.12,89.3,1963.84,121,maturity,0.0,False
2023-05-02 03:30:00,crop_maize,47.31,,25.28,65.0,1293.64,121,maturity,0.0,False
2023-05-02 05:00:00,crop_maize,34.67,,34.98,56.02,793.12,121,maturity,0.0,False
2023-05-02 07:00:00,crop_maize,57.33,,28.62,94.47,396.86,121,maturity,0.0,False
2023-05-02 10:00:00,crop_maize,41.57,,37.34,57.1,205.68,121,vegetative,0.0,False
2023-05-02 18:00:00,crop_maize,62.39,,28.15,60.81,770.53,121,maturity,0.0,False
2023-05-02 21:00:00,crop_maize,22.8,,12.44,25.91,1066.29,121,maturity,0.0,False
2023-05-03 03:30:00,crop_maize,62.68,,17.52,55.24,1284.49,122,vegetative,0.0,False
2023-05-03 05:30:00,crop_maize,59.11,,16.45,57.52,611.03,122,maturity,0.0,False
2023-05-03 08:30:00,crop_maize,41.96,,23.23,37.39,2054.58,122,flowering,0.0,False
2023-05-03 13:00:00,crop_maize,51.41,,41.91,56.49,997.45,122,flowering,0.0,False
2023-05-03 22:00:00,crop_maize,55.34,,36.95,62.66,926.71,122,vegetative,0.0,False
2023-05-04 00:00:00,crop_maize,57.05,,25.92,84.39,1523.43,122,vegetative,0.0,False
2023-05-04 00:30:00,crop_maize,61.33,,40.13,41.66,1424.5,123,maturity,0.0,False
2023-05-04 01:00:00,crop_maize,52.72,,20.22,87.47,497.92,123,flowering,0.0,False
2023-05-04 03:00:00,crop_maize,48.46,,23.39,26.8,1036.17,123,vegetative,0.0,False
2023-05-04 05:00:00,crop_maize,36.29,,27.23,51.69,1022.29,123,flowering,0.0,False
2023-05-04 06:00:00,crop_maize,47.31,,40.71,52.62,1881.1,123,maturity,0.0,False
2023-05-04 13:30:00,crop_maize,41.3,,38.57,66.17,1089.9,123,maturity,0.0,False
2023-05-04 14:00:00,crop_maize,44.13,,29.24,31.52,1397.25,123,maturity,0.0,False
2023-05-04 15:30:00,crop_maize,13.99,,32.97,33.06,221.3,123,flowering,0.0,False
2023-05-04 17:30:00,crop_maize,44.53,,29.5,73.53,1266.54,123,flowering,0.0,False
2023-05-04 18:00:00,crop_maize,54.47,,18.34,49.19,2057.97,123,flowering,0.0,False
2023-05-04 22:00:00,crop_maize,20.23,,15.93,88.63,2153.87,123,maturity,0.0,False
2023-05-05 00:30:00,crop_maize,43.86,,20.03,78.41,990.32,124,maturity,0.0,False
2023-05-05 07:00:00,crop_maize,48.81,,26.73,56.8,158.52,124,maturity,0.0,False
2023-05-05 08:00:00,crop_maize,43.73,,34.28,32.48,2166.69,124,maturity,0.0,False
2023-05-05 09:00:00,crop_maize,63.13,,13.33,47.07,2199.56,124,vegetative,0.0,False
2023-05-05 13:00:00,crop_maize,24.31,,27.07,36.9,507.81,124,vegetative,0.0,False
2023-05-05 15:00:00,crop_maize,16.04,,23.58,33.33,353.11,124,maturity,0.0,False
2023-05-05 16:30:00,crop_maize,12.48,,24.12,90.68,379.98,124,maturity,0.0,False
2023-05-06 01:30:00,crop_maize,12.19,,27.5,64.58,1883.67,125,maturity,0.0,False
2023-05-06 04:30:00,crop_maize,16.92,,18.29,50.24,1254.53,125,flowering,0.0,False
2023-05-06 07:30:00,crop_maize,25.1,,35.81,87.78,1080.0,125,flowering,0.0,False
2023-05-06 13:00:00,crop_maize,30.58,,40.03,93.38,1585.43,125,maturity,0.0,False
2023-05-06 15:30:00,crop_maize,56.11,,16.61,36.67,186.02,125,vegetative,0.0,False
2023-05-06 23:30:00,crop_maize,50.94,,28.52,51.62,1193.11,125,vegetative,0.0,False
2023-05-07 01:00:00,crop_maize,38.66,,22.46,88.59,526.86,126,flowering,0.0,False
2023-05-07 03:00:00,crop_maize,40.82,,33.11,43.07,2125.44,126,maturity,0.0,False
2023-05-07 03:30:00,crop_maize,39.4,,37.98,45.0,541.36,126,flowering,0.0,False
2023-05-07 06:30:00,crop_maize,34.81,,19.38,33.69,1310.12,126,flowering,0.0,False
2023-05-07 07:00:00,crop_maize,23.89,,25.21,68.14,1919.37,126,maturity,0.0,False
2023-05-07 07:30:00,crop_maize,29.65,,38.51,70.62,968.77,126,vegetative,0.0,False
2023-05-07 11:30:00,crop_maize,22.42,,20.16,36.18,768.73,126,maturity,0.0,False
2023-05-07 19:00:00,crop_maize,64.66,,31.39,87.29,478.44,126,maturity,0.0,False
2023-05-07 20:30:00,crop_maize,45.98,,31.97,94.82,832.82,126,flowering,0.0,False
2023-05-07 21:30:00,crop_maize,19.09,,24.13,88.28,990.91,126,maturity,0.0,False
2023-05-08 05:30:00,crop_maize,37.73,,20.44,66.76,1317.38,127,flowering,0.0,False
2023-05-08 06:00:00,crop_maize,17.22,,25.43,46.92,2208.43,127,maturity,0.0,False
2023-05-08 07:00:00,crop_maize,60.02,,28.56,28.79,1292.92,127,flowering,0.0,False
2023-05-08 07:30:00,crop_maize,8.89,,25.85,87.98,1801.38,127,maturity,0.0,False
2023-05-08 13:30:00,crop_maize,53.46,,33.23,64.39,201.51,127,maturity,0.0,False
2023-05-08 19:30:00,crop_maize,18.04,,19.1,35.32,1632.85,127,flowering,0.0,False
2023-05-08 23:00:00,crop_maize,16.04,,39.94,35.98,127.17,127,vegetative,0.0,False
2023-05-08 23:30:00,crop_maize,40.77,,30.86,83.81,362.29,127,maturity,0.0,False
2023-05-09 03:00:00,crop_maize,48.07,,28.89,35.81,2011.82,128,maturity,0.0,False
2023-05-09 04:30:00,crop_maize,46.82,,15.47,71.31,977.19,128,maturity,0.0,False
2023-05-09 06:30:00,crop_maize,47.91,,22.29,36.83,476.34,128,vegetative,0.0,False
2023-05-09 12:30:00,crop_maize,41.41,,28.45,65.24,935.74,128,vegetative,0.0,False
2023-05-09 13:00:00,crop_maize,61.84,,14.76,57.01,1698.35,128,flowering,0.0,False
2023-05-09 15:00:00,crop_maize,64.38,,12.83,76.18,610.75,128,vegetative,0.0,False
2023-05-09 16:30:00,crop_maize,48.12,,37.72,61.99,608.17,128,vegetative,0.0,False
2023-05-09 19:00:00,crop_maize,11.64,,27.64,80.05,842.72,128,maturity,0.0,False
2023-05-09 19:30:00,crop_maize,24.52,,14.42,60.78,1264.81,128,maturity,0.0,False
2023-05-09 21:00:00,crop_maize,36.97,,40.61,30.36,1506.64,128,vegetative,0.0,False
2023-05-09 21:30:00,crop_maize,8.67,,29.07,80.05,243.99,128,flowering,0.0,False
2023-05-09 22:00:00,crop_maize,25.16,,32.88,38.74,2214.79,128,maturity,0.0,False
2023-05-10 03:00:00,crop_maize,49.19,,14.02,33.74,597.77,129,maturity,0.0,False
2023-05-10 13:00:00,crop_maize,59.62,,20.62,93.0,2415.66,129,vegetative,0.0,False
2023-05-10 20:30:00,crop_maize,53.56,,32.99,87.73,2220.98,129,maturity,0.0,False
2023-05-10 23:00:00,crop_maize,25.39,,14.31,69.18,1835.13,129,maturity,0.0,False
2023-05-11 02:00:00,crop_maize,36.44,,35.08,70.41,2321.47,130,vegetative,0.0,False
2023-05-11 05:30:00,crop_maize,8.34,,41.67,32.5,1591.29,130,flowering,0.0,False
2023-05-11 08:30:00,crop_maize,23.63,,22.05,75.63,1687.24,130,maturity,0.0,False
2023-05-11 09:00:00,crop_maize,37.13,,33.89,26.51,1003.0,130,maturity,0.0,False
2023-05-11 11:30:00,crop_maize,57.98,,25.71,57.65,816.98,130,maturity,0.0,False
2023-05-11 15:30:00,crop_maize,18.68,,37.08,29.56,2047.24,130,maturity,0.0,False
2023-05-11 18:00:00,crop_maize,39.28,,32.97,55.05,2329.46,130,maturity,0.0,False
2023-05-12 00:30:00,crop_maize,22.65,,12.85,90.89,974.65,131,vegetative,0.0,False
2023-05-12 03:30:00,crop_maize,23.71,,36.95,81.79,213.58,131,flowering,0.0,False
2023-05-12 07:30:00,crop_maize,53.5,,37.13,62.57,1956.6,131,maturity,0.0,False
2023-05-12 11:00:00,crop_maize,39.49,,29.91,28.57,1970.87,131,maturity,0.0,False
2023-05-12 13:30:00,crop_maize,51.0,,21.41,37.5,1610.68,131,vegetative,0.0,False
2023-05-12 15:00:00,crop_maize,51.3,,32.84,60.56,1761.98,131,flowering,0.0,False
2023-05-12 17:00:00,crop_maize,28.44,,41.47,33.69,248.87,131,flowering,0.0,False
2023-05-12 17:30:00,crop_maize,63.02,,20.17,47.75,1833.65,131,flowering,0.0,False
2023-05-12 21:30:00,crop_maize,21.13,,33.92,37.51,548.56,131,maturity,0.0,False
2023-05-13 06:30:00,crop_maize,39.78,,25.82,52.44,517.95,132,flowering,0.0,False
2023-05-13 12:00:00,crop_maize,39.79,,23.81,30.55,2323.22,132,vegetative,0.0,False
2023-05-13 18:30:00,crop_maize,12.46,,16.09,65.49,1527.36,132,maturity,0.0,False
2023-05-13 22:00:00,crop_maize,17.63,,21.8,59.7,598.76,132,maturity,0.0,False
2023-05-14 00:30:00,crop_maize,30.14,,28.1,86.37,457.03,133,vegetative,0.0,False
2023-05-14 02:30:00,crop_maize,20.38,,35.01,61.05,1205.84,133,flowering,0.0,False
2023-05-14 03:00:00,crop_maize,50.38,,27.87,50.88,1536.32,133,flowering,0.0,False
2023-05-14 11:00:00,crop_maize,56.86,,39.84,27.1,2017.46,133,maturity,0.0,False
2023-05-14 13:00:00,crop_maize,59.35,,39.59,31.66,1684.04,133,vegetative,0.0,False
2023-05-14 15:00:00,crop_maize,9.05,,28.22,45.03,1900.35,133,maturity,0.0,False
2023-05-14 21:30:00,crop_maize,20.03,,30.1,50.45,732.17,133,flowering,0.0,False
2023-05-15 00:00:00,crop_maize,35.55,,17.29,54.49,628.25,133,maturity,0.0,False
2023-05-15 02:00:00,crop_maize,39.04,,41.39,37.68,2276.82,134,maturity,0.0,False
2023-05-15 04:30:00,crop_maize,11.93,,15.17,31.8,770.7,134,vegetative,0.0,False
2023-05-15 08:00:00,crop_maize,57.58,,36.75,51.13,1910.01,134,flowering,0.0,False
2023-05-15 14:00:00,crop_maize,49.05,,31.44,40.51,279.74,134,vegetative,0.0,False
2023-05-15 19:00:00,crop_maize,9.42,,12.6,65.95,608.26,134,flowering,0.0,False
2023-05-15 20:30:00,crop_maize,63.0,,30.68,39.9,226.09,134,flowering,0.0,False
2023-05-15 21:30:00,crop_maize,36.89,,18.83,76.16,1567.79,134,flowering,0.0,False
2023-05-16 01:00:00,crop_maize,12.98,,36.34,85.9,902.83,135,vegetative,0.0,False
2023-05-16 06:30:00,crop_maize,62.26,,15.99,51.61,977.4,135,vegetative,0.0,False
2023-05-16 07:30:00,crop_maize,47.51,,38.0,79.39,2443.08,135,vegetative,0.0,False
2023-05-16 11:00:00,crop_maize,55.12,,18.38,34.0,448.57,135,flowering,0.0,False
2023-05-16 11:30:00,crop_maize,8.14,,37.59,37.94,1653.22,135,flowering,0.0,False
2023-05-16 12:00:00,crop_maize,55.43,,32.4,92.35,690.26,135,flowering,0.0,False
2023-05-16 12:30:00,crop_maize,22.95,,14.85,43.32,1929.38,135,maturity,0.0,False
2023-05-16 14:00:00,crop_maize,45.97,,14.01,53.94,1866.44,135,maturity,0.0,False
2023-05-16 14:30:00,crop_maize,28.82,,24.49,62.0,1063.3,135,flowering,0.0,False
2023-05-16 20:30:00,crop_maize,63.69,,21.89,80.63,542.23,135,maturity,0.0,False
2023-05-16 22:30:00,crop_maize,12.56,,19.6,61.27,253.18,135,maturity,0.0,False
2023-05-16 23:30:00,crop_maize,56.49,,32.81,51.02,814.1,135,maturity,0.0,False
2023-05-17 00:00:00,crop_maize,10.73,,39.27,91.29,177.59,135,maturity,0.0,False
2023-05-17 02:00:00,crop_maize,18.04,,24.99,39.74,634.19,136,flowering,0.0,False
2023-05-17 02:30:00,crop_maize,60.37,,27.75,91.73,1442.65,136,vegetative,0.0,False
2023-05-17 04:00:00,crop_maize,39.02,,29.5,82.11,454.08,136,maturity,0.0,False
2023-05-17 05:00:00,crop_maize,34.48,,13.34,39.93,1209.74,136,flowering,0.0,False
2023-05-17 09:00:00,crop_maize,48.37,,35.5,42.33,803.96,136,vegetative,0.0,False
2023-05-17 09:30:00,crop_maize,54.62,,28.87,60.28,510.29,136,maturity,0.0,False
2023-05-17 14:00:00,crop_maize,15.0,,36.94,84.5,518.12,136,flowering,0.0,False
2023-05-17 18:30:00,crop_maize,43.19,,21.72,48.66,2185.74,136,vegetative,0.0,False
2023-05-18 00:00:00,crop_maize,34.81,,20.52,65.67,385.52,136,flowering,0.0,False
2023-05-18 01:00:00,crop_maize,40.67,,37.3,45.72,2441.87,137,maturity,0.0,False
2023-05-18 04:00:00,crop_maize,15.6,,40.09,52.74,1619.27,137,maturity,0.0,False
2023-05-18 08:00:00,crop_maize,42.73,,28.35,56.79,1436.76,137,vegetative,0.0,False
2023-05-18 08:30:00,crop_maize,39.58,,17.93,84.79,1486.68,137,vegetative,0.0,False
2023-05-18 09:00:00,crop_maize,45.35,,40.49,64.89,1897.01,137,maturity,0.0,False
2023-05-18 20:30:00,crop_maize,10.65,,16.97,33.43,1151.44,137,maturity,0.0,False
2023-05-18 21:30:00,crop_maize,35.19,,25.08,54.16,2279.13,137,maturity,0.0,False
2023-05-18 22:30:00,crop_maize,19.06,,36.19,44.62,860.77,137,maturity,0.0,False
2023-05-19 00:30:00,crop_maize,18.69,,27.57,50.52,1792.96,138,vegetative,0.0,False
2023-05-19 06:00:00,crop_maize,8.49,,32.71,46.46,982.39,138,maturity,0.0,False
2023-05-19 06:30:00,crop_maize,17.02,,31.54,47.67,167.46,138,maturity,0.0,False
2023-05-19 09:00:00,crop_maize,21.52,,20.15,44.21,749.4,138,vegetative,0.0,False
2023-05-19 10:30:00,crop_maize,64.09,,16.65,78.52,271.6,138,flowering,0.0,False
2023-05-19 17:00:00,crop_maize,63.22,,18.7,53.93,598.64,138,maturity,0.0,False
2023-05-19 18:30:00,crop_maize,27.48,,14.59,92.94,1775.37,138,vegetative,0.0,False
2023-05-19 19:00:00,crop_maize,17.15,,17.44,81.23,1997.5,138,maturity,0.0,False
2023-05-19 21:00:00,crop_maize,61.71,,27.47,31.53,1930.96,138,vegetative,0.0,False
2023-05-19 22:00:00,crop_maize,20.14,,24.78,91.78,370.22,138,maturity,0.0,False
2023-05-20 00:30:00,crop_maize,39.59,,36.82,86.7,339.49,139,vegetative,0.0,False
2023-05-20 02:00:00,crop_maize,12.64,,18.83,53.49,2154.73,139,flowering,0.0,False
2023-05-20 15:00:00,crop_maize,59.99,,39.18,76.66,1225.82,139,maturity,0.0,False
2023-05-20 18:00:00,crop_maize,34.53,,30.76,67.91,2434.56,139,maturity,0.0,False
2023-05-21 00:30:00,crop_maize,26.9,,28.69,62.65,1044.84,140,maturity,0.0,False
2023-05-21 01:00:00,crop_maize,17.99,,18.46,41.72,1661.08,140,vegetative,0.0,False
2023-05-21 04:00:00,crop_maize,48.33,,19.12,28.82,842.56,140,maturity,0.0,False
2023-05-21 06:00:00,crop_maize,34.93,,36.56,47.12,1464.73,140,maturity,0.0,False
2023-05-21 08:30:00,crop_maize,45.48,,22.01,91.47,703.09,140,maturity,0.0,False
2023-05-21 12:30:00,crop_maize,64.09,,31.98,77.68,540.98,140,maturity,0.0,False
2023-05-21 13:00:00,crop_maize,24.63,,20.75,56.82,1591.9,140,maturity,0.0,False
2023-05-21 16:00:00,crop_maize,50.81,,35.33,60.57,1775.11,140,maturity,0.0,False
2023-05-21 22:30:00,crop_maize,63.75,,32.02,50.18,769.19,140,maturity,0.0,False
2023-05-22 00:00:00,crop_maize,31.05,,13.69,80.9,1959.43,140,maturity,0.0,False
2023-05-22 05:30:00,crop_maize,9.26,,12.97,31.94,1691.82,141,flowering,0.0,False
2023-05-22 06:00:00,crop_maize,28.22,,39.1,79.76,116.7,141,vegetative,0.0,False
2023-05-22 07:30:00,crop_maize,61.89,,35.86,70.51,1950.59,141,maturity,0.0,False
2023-05-22 15:00:00,crop_maize,48.02,,21.39,38.77,506.46,141,vegetative,0.0,False
2023-05-22 17:00:00,crop_maize,34.52,,21.09,84.99,1106.28,141,vegetative,0.0,False
2023-05-22 22:00:00,crop_maize,26.96,,18.27,69.96,2277.28,141,vegetative,0.0,False
2023-05-22 23:30:00,crop_maize,40.42,,38.47,89.85,2336.83,141,maturity,0.0,False
2023-05-23 00:30:00,crop_maize,41.92,,16.01,30.79,2342.23,142,maturity,0.0,False
2023-05-23 02:00:00,crop_maize,8.15,,24.88,47.77,419.99,142,maturity,0.0,False
2023-05-23 03:00:00,crop_maize,28.16,,20.03,77.48,485.43,142,flowering,0.0,False
2023-05-23 04:00:00,crop_maize,24.87,,35.65,82.0,351.9,142,vegetative,0.0,False
2023-05-23 05:30:00,crop_maize,45.68,,32.07,25.3,638.69,142,maturity,0.0,False
2023-05-23 07:30:00,crop_maize,25.58,,36.66,70.53,2268.78,142,maturity,0.0,False
2023-05-23 11:00:00,crop_maize,30.22,,27.67,48.06,326.17,142,flowering,0.0,False
2023-05-24 00:00:00,crop_maize,37.7,,13.58,73.44,841.02,142,maturity,0.0,False
2023-05-24 00:30:00,crop_maize,64.46,,38.77,52.39,331.87,143,maturity,0.0,False
2023-05-24 01:30:00,crop_maize,14.6,,22.46,59.34,1554.59,143,flowering,0.0,False
2023-05-24 04:30:00,crop_maize,13.57,,29.91,83.99,402.15,143,maturity,0.0,False
2023-05-24 05:30:00,crop_maize,12.64,,21.38,45.8,869.32,143,flowering,0.0,False
2023-05-24 06:00:00,crop_maize,46.88,,41.36,43.39,282.23,143,vegetative,0.0,False
2023-05-24 10:30:00,crop_maize,32.87,,41.44,28.76,1719.51,143,maturity,0.0,False
2023-05-24 11:00:00,crop_maize,45.32,,15.83,59.43,1287.57,143,flowering,0.0,False
2023-05-24 15:00:00,crop_maize,45.64,,26.07,67.02,650.83,143,maturity,0.0,False
2023-05-24 18:30:00,crop_maize,20.28,,18.68,36.65,2044.13,143,vegetative,0.0,False
2023-05-24 19:00:00,crop_maize,57.03,,15.36,57.94,1185.32,143,vegetative,0.0,False
2023-05-24 23:00:00,crop_maize,41.42,,35.63,34.06,2092.95,143,vegetative,0.0,False
2023-05-25 06:00:00,crop_maize,48.99,,36.94,88.75,27.65,144,flowering,0.0,False
2023-05-25 09:00:00,crop_maize,48.83,,22.9,26.22,1265.81,144,maturity,0.0,False
2023-05-25 11:00:00,crop_maize,51.72,,38.68,66.92,503.07,144,maturity,0.0,False
2023-05-25 13:30:00,crop_maize,56.3,,15.61,41.62,749.37,144,flowering,0.0,False
2023-05-25 16:00:00,crop_maize,47.35,,33.36,34.89,216.43,144,maturity,0.0,False
2023-05-25 19:30:00,crop_maize,56.84,,30.41,77.58,1673.25,144,flowering,0.0,False
2023-05-25 20:30:00,crop_maize,59.74,,39.01,63.8,849.23,144,maturity,0.0,False
2023-05-25 22:00:00,crop_maize,60.07,,12.14,91.06,1667.55,144,maturity,0.0,False
2023-05-26 02:00:00,crop_maize,53.99,,12.27,65.99,937.6,145,flowering,0.0,False
2023-05-26 20:00:00,crop_maize,51.58,,13.7,90.1,1193.94,145,flowering,0.0,False
2023-05-26 20:30:00,crop_maize,8.37,,40.43,90.64,2444.55,145,flowering,0.0,False
2023-05-27 01:00:00,crop_maize,63.9,,14.1,35.04,368.2,146,maturity,0.0,False
2023-05-27 02:30:00,crop_maize,10.14,,19.44,43.46,660.54,146,maturity,0.0,False
2023-05-27 03:00:00,crop_maize,29.35,,40.12,26.96,264.47,146,maturity,0.0,False
2023-05-27 08:00:00,crop_maize,24.88,,22.12,88.59,849.3,146,maturity,0.0,False
2023-05-27 09:00:00,crop_maize,37.65,,37.56,70.5,698.99,146,maturity,0.0,False
2023-05-27 10:30:00,crop_maize,63.19,,40.66,85.68,142.33,146,vegetative,0.0,False
2023-05-27 14:30:00,crop_maize,17.21,,14.45,26.35,725.55,146,flowering,0.0,False
2023-05-27 18:00:00,crop_maize,49.47,,31.0,84.31,2154.16,146,vegetative,0.0,False
2023-05-27 19:30:00,crop_maize,17.28,,21.6,54.6,450.38,146,maturity,0.0,False
2023-05-28 00:30:00,crop_maize,60.47,,17.8,78.3,91.38,147,flowering,0.0,False
2023-05-28 05:00:00,crop_maize,52.97,,27.62,76.86,89.52,147,maturity,0.0,False
2023-05-28 06:30:00,crop_maize,17.19,,34.76,89.33,1426.04,147,vegetative,0.0,False
2023-05-28 08:00:00,crop_maize,19.32,,34.14,86.94,46.1,147,maturity,0.0,False
2023-05-28 12:00:00,crop_maize,58.86,,33.65,69.33,970.23,147,maturity,0.0,False
2023-05-28 17:00:00,crop_maize,31.75,,33.55,90.65,1311.77,147,flowering,0.0,False
2023-05-28 23:30:00,crop_maize,49.14,,27.82,37.22,1384.5,147,maturity,0.0,False
2023-05-29 01:00:00,crop_maize,11.59,,23.41,68.01,1326.15,148,maturity,0.0,False
2023-05-29 05:00:00,crop_maize,60.85,,32.94,45.88,2174.42,148,maturity,0.0,False
2023-05-29 13:00:00,crop_maize,55.88,,37.71,87.1,962.65,148,maturity,0.0,False
2023-05-29 16:00:00,crop_maize,19.97,,33.33,82.57,849.51,148,flowering,0.0,False
2023-05-29 18:00:00,crop_maize,37.0,,23.07,33.91,156.56,148,vegetative,0.0,False
2023-05-29 21:00:00,crop_maize,24.58,,20.11,43.22,2316.41,148,maturity,0.0,False
2023-05-30 02:00:00,crop_maize,49.22,,19.97,60.26,582.13,149,maturity,0.0,False
2023-05-30 02:30:00,crop_maize,40.63,,22.09,32.25,1689.86,149,maturity,0.0,False
2023-05-30 06:00:00,crop_maize,19.51,,18.57,28.73,1833.3,149,maturity,0.0,False
2023-05-30 07:30:00,crop_maize,31.33,,29.36,94.25,1312.25,149,flowering,0.0,False
2023-05-30 08:00:00,crop_maize,16.83,,16.94,79.49,1567.78,149,vegetative,0.0,False
2023-05-30 09:00:00,crop_maize,25.54,,24.4,89.92,1578.11,149,maturity,0.0,False
2023-05-30 09:30:00,crop_maize,35.89,,13.24,45.46,1661.41,149,maturity,0.0,False
2023-05-30 11:00:00,crop_maize,52.42,,20.34,89.14,1940.06,149,maturity,0.0,False
2023-05-30 17:30:00,crop_maize,32.69,,37.16,62.46,737.35,149,flowering,0.0,False
2023-05-30 20:00:00,crop_maize,21.13,,33.43,58.71,2337.26,149,maturity,0.0,False
2023-05-30 21:30:00,crop_maize,45.53,,31.21,66.77,1022.93,149,maturity,0.0,False
2023-05-30 23:00:00,crop_maize,43.63,,33.11,41.97,1409.24,149,flowering,0.0,False
2023-05-31 00:30:00,crop_maize,12.66,,40.0,44.01,81.6,150,maturity,0.0,False
2023-05-31 03:00:00,crop_maize,30.29,,27.15,43.63,1537.9,150,maturity,0.0,False
2023-05-31 04:30:00,crop_maize,37.8,,26.7,67.74,1122.14,150,vegetative,0.0,False
2023-05-31 05:00:00,crop_maize,35.42,,20.85,76.48,56.32,150,maturity,0.0,False
2023-05-31 07:00:00,crop_maize,58.15,,17.09,57.05,1955.43,150,maturity,0.0,False
2023-05-31 09:30:00,crop_maize,61.99,,34.53,32.34,375.6,150,maturity,0.0,False
2023-05-31 11:00:00,crop_maize,11.11,,16.66,88.23,193.87,150,vegetative,0.0,False
2023-05-31 11:30:00,crop_maize,43.98,,31.83,28.72,759.14,150,vegetative,0.0,False
2023-05-31 12:30:00,crop_maize,51.83,,31.67,73.67,2423.07,150,maturity,0.0,False
2023-05-31 13:30:00,crop_maize,28.79,,28.88,86.44,1241.17,150,flowering,0.0,False
2023-05-31 16:30:00,crop_maize,58.99,,24.31,50.7,928.45,150,maturity,0.0,False
2023-05-31 21:30:00,crop_maize,48.42,,27.22,76.96,311.22,150,flowering,0.0,False
2023-06-01 02:30:00,crop_maize,47.52,,27.08,62.82,687.92,151,maturity,0.0,False
2023-06-01 07:00:00,crop_maize,17.19,,28.48,51.6,674.65,151,maturity,0.0,False
2023-06-01 08:00:00,crop_maize,47.95,,23.93,37.0,800.21,151,flowering,0.0,False
2023-06-01 09:30:00,crop_maize,54.35,,31.18,26.83,1823.72,151,maturity,0.0,False
2023-06-01 11:00:00,crop_maize,61.58,,29.02,52.35,801.45,151,vegetative,0.0,False
2023-06-01 11:30:00,crop_maize,39.08,,22.45,41.93,988.66,151,vegetative,0.0,False
2023-06-01 13:00:00,crop_maize,61.1,,27.39,76.81,1311.14,151,vegetative,0.0,False
2023-06-01 16:00:00,crop_maize,39.91,,28.42,62.7,751.14,151,maturity,0.0,False
2023-06-01 17:30:00,crop_maize,35.5,,34.4,79.94,2451.68,151,vegetative,0.0,False
2023-06-01 18:30:00,crop_maize,55.89,,16.16,29.14,1385.7,151,maturity,0.0,False
2023-06-01 19:30:00,crop_maize,49.16,,28.12,65.11,21.95,151,vegetative,0.0,False
2023-06-01 21:00:00,crop_maize,14.54,,14.62,58.12,445.34,151,maturity,0.0,False
2023-06-02 04:00:00,crop_maize,29.74,,34.59,77.74,702.44,152,vegetative,0.0,False
2023-06-02 12:00:00,crop_maize,34.82,,36.63,87.3,750.3,152,flowering,0.0,False
2023-06-02 12:30:00,crop_maize,63.87,,20.68,29.68,1747.48,152,flowering,0.0,False
2023-06-02 16:30:00,crop_maize,59.31,,14.09,62.62,1112.66,152,flowering,0.0,False
2023-06-02 23:00:00,crop_maize,34.21,,28.92,93.2,1812.49,152,flowering,0.0,False
2023-06-02 23:30:00,crop_maize,45.4,,35.12,85.89,1739.72,152,maturity,0.0,False
2023-06-03 00:30:00,crop_maize,9.31,,36.69,81.79,413.91,153,flowering,0.0,False
2023-06-03 02:00:00,crop_maize,24.07,,35.28,71.85,735.47,153,maturity,0.0,False
2023-06-03 03:30:00,crop_maize,60.3,,18.42,81.96,2245.08,153,maturity,0.0,False
2023-06-03 07:30:00,crop_maize,26.98,,28.85,90.21,96.1,153,maturity,0.0,False
2023-06-03 17:30:00,crop_maize,59.24,,13.85,59.65,680.72,153,maturity,0.0,False
2023-06-03 19:00:00,crop_maize,17.98,,16.75,66.97,1456.13,153,maturity,0.0,False
2023-06-03 20:30:00,crop_maize,18.88,,38.45,67.0,1634.47,153,maturity,0.0,False
2023-06-04 00:30:00,crop_maize,17.31,,22.7,28.09,2057.87,154,maturity,0.0,False
2023-06-04 06:30:00,crop_maize,21.97,,25.65,94.18,585.0,154,flowering,0.0,False
2023-06-04 07:00:00,crop_maize,45.06,,40.46,37.67,575.53,154,vegetative,0.0,False
2023-06-04 09:00:00,crop_maize,53.1,,29.82,53.28,593.45,154,maturity,0.0,False
2023-06-04 10:30:00,crop_maize,40.96,,33.04,86.06,1890.51,154,flowering,0.0,False
2023-06-04 15:00:00,crop_maize,44.71,,20.67,67.55,1155.13,154,flowering,0.0,False
2023-06-04 20:30:00,crop_maize,24.1,,20.36,54.03,1996.61,154,maturity,0.0,False
2023-06-04 23:00:00,crop_maize,25.22,,39.17,26.33,1042.03,154,maturity,0.0,False
2023-06-05 02:30:00,crop_maize,21.41,,21.81,85.87,2273.22,155,maturity,0.0,False
2023-06-05 04:00:00,crop_maize,63.69,,38.45,52.31,2084.92,155,flowering,0.0,False
2023-06-05 13:00:00,crop_maize,51.82,,31.85,35.15,2115.59,155,flowering,0.0,False
2023-06-05 16:00:00,crop_maize,57.37,,39.26,88.0,1152.0,155,vegetative,0.0,False
2023-06-05 16:30:00,crop_maize,42.37,,25.68,88.12,2348.23,155,maturity,0.0,False
2023-06-05 18:00:00,crop_maize,21.03,,27.72,63.69,1775.88,155,vegetative,0.0,False
2023-06-05 23:00:00,crop_maize,61.63,,25.89,32.38,1506.03,155,maturity,0.0,False
2023-06-06 02:30:00,crop_maize,50.61,,16.35,88.33,1294.82,156,maturity,0.0,False
2023-06-06 03:30:00,crop_maize,48.5,,25.21,76.46,1239.53,156,maturity,0.0,False
2023-06-06 06:00:00,crop_maize,32.04,,30.76,60.73,1870.76,156,maturity,0.0,False
2023-06-06 11:00:00,crop_maize,33.56,,25.04,38.49,1258.7,156,maturity,0.0,False
2023-06-06 13:00:00,crop_maize,35.34,,29.37,84.54,786.27,156,maturity,0.0,False
2023-06-06 15:00:00,crop_maize,20.75,,37.76,80.67,2097.28,156,maturity,0.0,False
2023-06-07 03:30:00,crop_maize,56.58,,31.07,79.12,1300.35,157,maturity,0.0,False
2023-06-07 05:00:00,crop_maize,61.6,,28.95,77.47,1330.05,157,flowering,0.0,False
2023-06-07 06:00:00,crop_maize,45.41,,34.01,41.45,526.6,157,maturity,0.0,False
2023-06-07 07:00:00,crop_maize,27.99,,16.06,44.19,2106.41,157,vegetative,0.0,False
2023-06-07 07:30:00,crop_maize,32.6,,26.47,72.21,1025.91,157,maturity,0.0,False
2023-06-07 08:30:00,crop_maize,36.58,,17.32,85.41,1061.72,157,maturity,0.0,False
2023-06-07 10:00:00,crop_maize,9.17,,16.71,81.75,1525.33,157,vegetative,0.0,False
2023-06-07 13:00:00,crop_maize,58.48,,41.2,33.53,1802.43,157,maturity,0.0,False
2023-06-07 13:30:00,crop_maize,48.63,,35.14,75.55,0.43,157,maturity,0.0,False
2023-06-07 16:00:00,crop_maize,12.75,,35.78,49.08,911.43,157,maturity,0.0,False
2023-06-07 18:00:00,crop_maize,38.91,,34.91,90.72,725.0,157,vegetative,0.0,False
2023-06-08 00:30:00,crop_maize,46.14,,21.82,92.22,2175.11,158,flowering,0.0,False
2023-06-08 01:00:00,crop_maize,26.67,,35.25,74.82,593.79,158,flowering,0.0,False
2023-06-08 01:30:00,crop_maize,31.34,,40.46,69.12,2260.5,158,vegetative,0.0,False
2023-06-08 02:30:00,crop_maize,63.82,,27.74,42.24,745.24,158,maturity,0.0,False
2023-06-08 08:00:00,crop_maize,41.05,,21.6,44.37,60.96,158,maturity,0.0,False
2023-06-08 16:30:00,crop_maize,16.72,,19.51,46.3,1885.51,158,maturity,0.0,False
2023-06-08 17:30:00,crop_maize,23.17,,23.05,30.86,2258.24,158,flowering,0.0,False
2023-06-08 23:00:00,crop_maize,56.87,,17.89,93.11,2049.72,158,maturity,0.0,False
2023-06-09 05:30:00,crop_maize,9.52,,13.44,69.7,1278.5,159,maturity,0.0,False
2023-06-09 11:00:00,crop_maize,49.74,,25.73,80.82,1312.83,159,vegetative,0.0,False
2023-06-09 21:00:00,crop_maize,31.05,,34.54,29.32,2405.52,159,maturity,0.0,False
2023-06-10 04:30:00,crop_maize,34.96,,29.71,67.76,2470.21,160,flowering,0.0,False
2023-06-10 10:00:00,crop_maize,12.32,,39.61,66.9,2052.8,160,vegetative,0.0,False
2023-06-10 11:00:00,crop_maize,49.93,,33.68,31.88,921.89,160,maturity,0.0,False
2023-06-10 11:30:00,crop_maize,64.82,,25.71,29.16,2172.67,160,maturity,0.0,False
2023-06-10 13:00:00,crop_maize,39.76,,16.09,51.16,302.52,160,maturity,0.0,False
2023-06-10 17:00:00,crop_maize,11.12,,22.44,59.41,1909.35,160,maturity,0.0,False
2023-06-10 19:00:00,crop_maize,13.41,,22.29,72.85,2310.48,160,maturity,0.0,False
2023-06-10 19:30:00,crop_maize,30.14,,31.34,89.88,198.68,160,maturity,0.0,False
2023-06-11 09:30:00,crop_maize,21.97,,33.45,34.46,1867.85,161,vegetative,0.0,False
2023-06-11 10:30:00,crop_maize,26.76,,18.64,90.69,860.81,161,flowering,0.0,False
2023-06-11 14:00:00,crop_maize,50.81,,21.07,75.32,451.64,161,maturity,0.0,False
2023-06-11 16:00:00,crop_maize,50.12,,23.68,32.24,412.07,161,maturity,0.0,False
2023-06-11 16:30:00,crop_maize,60.32,,35.47,51.56,841.58,161,flowering,0.0,False
2023-06-11 20:30:00,crop_maize,32.81,,13.74,67.22,370.07,161,vegetative,0.0,False
2023-06-12 12:30:00,crop_maize,53.88,,39.41,90.35,2450.87,162,vegetative,0.0,False
2023-06-12 14:30:00,crop_maize,38.85,,31.97,90.95,1130.59,162,maturity,0.0,False
2023-06-12 18:30:00,crop_maize,34.96,,24.31,77.97,613.38,162,flowering,0.0,False
2023-06-12 19:00:00,crop_maize,34.5,,38.96,78.68,432.88,162,maturity,0.0,False
2023-06-12 20:30:00,crop_maize,16.18,,16.54,79.68,1595.8,162,vegetative,0.0,False
2023-06-13 00:00:00,crop_maize,16.58,,14.98,32.04,1513.16,162,vegetative,0.0,False
2023-06-13 03:30:00,crop_maize,30.65,,29.9,54.56,587.11,163,maturity,0.0,False
2023-06-13 06:00:00,crop_maize,10.44,,41.96,27.6,1952.42,163,maturity,0.0,False
2023-06-13 10:00:00,crop_maize,58.59,,23.61,52.41,2245.36,163,flowering,0.0,False
2023-06-13 12:30:00,crop_maize,39.82,,17.06,59.06,1865.4,163,flowering,0.0,False
2023-06-13 16:30:00,crop_maize,21.36,,12.76,61.22,565.26,163,vegetative,0.0,False
2023-06-13 17:30:00,crop_maize,43.86,,31.55,93.88,2192.54,163,vegetative,0.0,False
2023-06-13 18:30:00,crop_maize,17.63,,26.35,35.55,377.59,163,vegetative,0.0,False
2023-06-13 19:30:00,crop_maize,25.27,,34.01,89.4,474.99,163,flowering,0.0,False
2023-06-13 21:00:00,crop_maize,51.53,,15.96,89.78,2360.82,163,flowering,0.0,False
2023-06-14 01:00:00,crop_maize,49.55,,19.13,73.9,665.03,164,maturity,0.0,False
2023-06-14 03:00:00,crop_maize,49.31,,14.8,27.08,1551.85,164,vegetative,0.0,False
2023-06-14 04:00:00,crop_maize,47.52,,12.66,44.02,761.96,164,maturity,0.0,False
2023-06-14 08:00:00,crop_maize,49.42,,32.85,53.97,2122.73,164,flowering,0.0,False
2023-06-14 17:00:00,crop_maize,28.15,,19.12,58.58,1338.66,164,flowering,0.0,False
2023-06-14 17:30:00,crop_maize,59.33,,13.48,43.46,1625.66,164,vegetative,0.0,False
2023-06-15 01:00:00,crop_maize,11.88,,39.47,76.48,77.69,165,maturity,0.0,False
2023-06-15 01:30:00,crop_maize,25.22,,35.31,53.61,1723.03,165,vegetative,0.0,False
2023-06-15 04:30:00,crop_maize,36.35,,18.0,76.78,1649.61,165,maturity,0.0,False
2023-06-15 06:30:00,crop_maize,61.53,,31.08,25.81,1306.76,165,flowering,0.0,False
2023-06-15 11:00:00,crop_maize,25.19,,24.44,53.71,933.4,165,vegetative,0.0,False
2023-06-15 15:00:00,crop_maize,30.03,,26.73,87.53,1317.23,165,vegetative,0.0,False
2023-06-15 21:30:00,crop_maize,52.88,,35.6,69.01,1759.67,165,maturity,0.0,False
2023-06-15 22:00:00,crop_maize,10.59,,14.7,62.24,565.52,165,vegetative,0.0,False
2023-06-15 23:00:00,crop_maize,54.43,,25.89,69.91,1774.93,165,maturity,0.0,False
2023-06-16 00:00:00,crop_maize,18.89,,31.12,30.48,2098.57,165,vegetative,0.0,False
2023-06-16 02:30:00,crop_maize,42.01,,12.25,39.97,2088.39,166,flowering,0.0,False
2023-06-16 04:00:00,crop_maize,54.01,,34.37,90.71,2400.61,166,vegetative,0.0,False
2023-06-16 06:00:00,crop_maize,49.59,,20.44,40.77,767.74,166,maturity,0.0,False
2023-06-16 07:00:00,crop_maize,59.51,,12.28,88.42,2237.39,166,maturity,0.0,False
2023-06-16 11:00:00,crop_maize,15.21,,35.65,44.86,44.79,166,flowering,0.0,False
2023-06-16 13:30:00,crop_maize,12.77,,38.62,68.29,585.77,166,maturity,0.0,False
2023-06-16 15:30:00,crop_maize,21.82,,24.08,34.78,1924.45,166,flowering,0.0,False
2023-06-16 16:00:00,crop_maize,37.83,,38.46,28.63,1562.31,166,vegetative,0.0,False
2023-06-16 16:30:00,crop_maize,18.5,,30.25,47.36,1837.81,166,vegetative,0.0,False
2023-06-16 17:30:00,crop_maize,37.41,,18.78,60.52,282.83,166,vegetative,0.0,False
2023-06-16 22:30:00,crop_maize,53.07,,24.5,67.29,2172.28,166,maturity,0.0,False
2023-06-17 01:00:00,crop_maize,19.49,,29.98,71.76,782.74,167,flowering,0.0,False
2023-06-17 07:00:00,crop_maize,20.73,,25.42,66.57,2256.57,167,maturity,0.0,False
2023-06-17 13:30:00,crop_maize,55.99,,41.99,38.93,1480.15,167,maturity,0.0,False
2023-06-17 14:30:00,crop_maize,26.43,,33.4,72.98,719.68,167,maturity,0.0,False
2023-06-17 15:30:00,crop_maize,37.2,,32.39,33.67,701.84,167,maturity,0.0,False
2023-06-17 17:00:00,crop_maize,50.4,,13.62,75.7,2097.69,167,maturity,0.0,False
2023-06-17 17:30:00,crop_maize,21.75,,22.73,71.27,984.49,167,maturity,0.0,False
2023-06-17 19:00:00,crop_maize,15.99,,17.86,78.52,734.8,167,maturity,0.0,False
2023-06-17 21:00:00,crop_maize,20.37,,37.58,76.87,1138.88,167,flowering,0.0,False
2023-06-17 23:30:00,crop_maize,43.93,,27.19,60.56,1265.68,167,maturity,0.0,False
2023-06-18 06:00:00,crop_maize,36.8,,38.05,53.88,2010.11,168,vegetative,0.0,False
2023-06-18 07:30:00,crop_maize,42.62,,41.56,81.53,2337.82,168,flowering,0.0,False
2023-06-18 08:00:00,crop_maize,43.09,,28.22,93.7,2339.47,168,maturity,0.0,False
2023-06-18 11:30:00,crop_maize,31.49,,25.32,85.78,1546.08,168,flowering,0.0,False
2023-06-18 14:30:00,crop_maize,59.38,,17.3,58.73,2079.89,168,vegetative,0.0,False
2023-06-18 16:00:00,crop_maize,32.7,,20.49,40.86,2390.84,168,flowering,0.0,False
2023-06-18 21:00:00,crop_maize,55.22,,36.71,82.46,1120.62,168,vegetative,0.0,False
2023-06-19 01:00:00,crop_maize,62.24,,27.99,64.68,2003.78,169,maturity,0.0,False
2023-06-19 14:30:00,crop_maize,30.41,,13.58,56.47,2187.47,169,flowering,0.0,False
2023-06-19 16:30:00,crop_maize,40.74,,35.93,64.41,1928.07,169,vegetative,0.0,False
2023-06-19 17:00:00,crop_maize,20.64,,25.97,77.67,1427.02,169,maturity,0.0,False
2023-06-19 19:00:00,crop_maize,52.52,,29.1,42.99,2008.05,169,vegetative,0.0,False
2023-06-19 23:00:00,crop_maize,27.4,,12.22,92.26,380.97,169,maturity,0.0,False
2023-06-20 00:00:00,crop_maize,61.54,,30.53,42.89,536.61,169,flowering,0.0,False
2023-06-20 01:30:00,crop_maize,48.77,,20.59,55.16,2275.81,170,vegetative,0.0,False
2023-06-20 08:30:00,crop_maize,25.34,,14.95,91.38,941.56,170,flowering,0.0,False
2023-06-20 10:00:00,crop_maize,42.06,,29.83,56.16,840.77,170,vegetative,0.0,False
2023-06-20 18:00:00,crop_maize,28.1,,20.57,68.72,1175.64,170,vegetative,0.0,False
2023-06-20 22:30:00,crop_maize,49.66,,38.6,58.06,525.14,170,maturity,0.0,False
2023-06-21 00:00:00,crop_maize,36.0,,16.72,75.78,76.29,170,vegetative,0.0,False
2023-06-21 01:30:00,crop_maize,22.69,,41.63,86.56,541.96,171,flowering,0.0,False
2023-06-21 06:00:00,crop_maize,32.06,,14.37,93.06,2037.78,171,maturity,0.0,False
2023-06-21 10:00:00,crop_maize,15.91,,16.43,89.55,1034.06,171,maturity,0.0,False
2023-06-21 11:00:00,crop_maize,41.57,,31.7,35.44,2149.63,171,maturity,0.0,False
2023-06-21 17:00:00,crop_maize,36.73,,39.05,56.8,2050.9,171,vegetative,0.0,False
2023-06-21 21:30:00,crop_maize,13.53,,21.01,63.09,1066.68,171,maturity,0.0,False
2023-06-21 22:00:00,crop_maize,59.45,,12.74,25.2,633.53,171,flowering,0.0,False
2023-06-22 00:30:00,crop_maize,9.27,,16.32,35.5,1489.61,172,flowering,0.0,False
2023-06-22 07:00:00,crop_maize,37.13,,15.59,62.92,70.93,172,maturity,0.0,False
2023-06-22 12:00:00,crop_maize,22.22,,32.94,26.07,1463.86,172,maturity,0.0,False
2023-06-22 14:30:00,crop_maize,41.09,,17.51,73.15,704.61,172,vegetative,0.0,False
2023-06-22 22:00:00,crop_maize,13.33,,20.55,86.76,2173.01,172,flowering,0.0,False
2023-06-23 00:00:00,crop_maize,46.11,,34.67,26.09,2272.27,172,vegetative,0.0,False
2023-06-23 01:00:00,crop_maize,64.32,,33.74,70.76,888.32,173,vegetative,0.0,False
2023-06-23 02:00:00,crop_maize,35.13,,28.36,56.31,653.58,173,vegetative,0.0,False
2023-06-23 03:30:00,crop_maize,48.87,,25.98,32.19,1849.3,173,maturity,0.0,False
2023-06-23 04:00:00,crop_maize,13.69,,19.97,55.81,1699.65,173,maturity,0.0,False
2023-06-23 05:00:00,crop_maize,17.1,,39.17,53.7,508.68,173,maturity,0.0,False
2023-06-23 05:30:00,crop_maize,60.95,,27.82,52.04,1666.42,173,maturity,0.0,False
2023-06-23 06:30:00,crop_maize,45.36,,17.05,59.05,158.48,173,vegetative,0.0,False
2023-06-23 07:00:00,crop_maize,39.66,,37.62,76.09,47.65,173,maturity,0.0,False
2023-06-23 09:00:00,crop_maize,16.29,,30.69,79.68,20.9,173,flowering,0.0,False
2023-06-23 11:00:00,crop_maize,54.61,,15.04,29.97,292.97,173,maturity,0.0,False
2023-06-23 16:30:00,crop_maize,54.78,,39.12,39.13,2004.71,173,flowering,0.0,False
2023-06-23 19:30:00,crop_maize,52.47,,24.39,56.43,1345.83,173,vegetative,0.0,False
2023-06-23 23:00:00,crop_maize,28.79,,38.57,51.78,543.91,173,maturity,0.0,False
2023-06-24 00:00:00,crop_maize,32.99,,29.58,25.65,2422.54,173,vegetative,0.0,False
2023-06-24 01:30:00,crop_maize,58.83,,12.68,84.41,666.07,174,flowering,0.0,False
2023-06-24 02:00:00,crop_maize,8.65,,19.7,86.96,2479.76,174,flowering,0.0,False
2023-06-24 04:00:00,crop_maize,49.44,,33.24,46.38,892.17,174,flowering,0.0,False
2023-06-24 06:00:00,crop_maize,54.09,,41.99,25.31,2352.43,174,vegetative,0.0,False
2023-06-24 08:00:00,crop_maize,9.19,,20.15,72.99,249.34,174,maturity,0.0,False
2023-06-24 10:00:00,crop_maize,18.45,,24.3,47.05,2466.51,174,flowering,0.0,False
2023-06-24 12:00:00,crop_maize,12.59,,35.92,92.95,2044.82,174,maturity,0.0,False
2023-06-24 14:30:00,crop_maize,39.18,,35.5,48.03,1400.08,174,flowering,0.0,False
2023-06-24 18:30:00,crop_maize,21.58,,36.28,49.78,2128.94,174,maturity,0.0,False
2023-06-24 23:00:00,crop_maize,36.0,,29.15,73.71,65.08,174,vegetative,0.0,False
2023-06-25 01:30:00,crop_maize,54.73,,33.02,78.86,1608.88,175,flowering,0.0,False
2023-06-25 02:00:00,crop_maize,37.49,,20.06,84.62,2299.56,175,maturity,0.0,False
2023-06-25 06:00:00,crop_maize,59.83,,35.44,78.9,1022.15,175,flowering,0.0,False
2023-06-25 07:00:00,crop_maize,40.79,,25.97,31.15,1931.72,175,vegetative,0.0,False
2023-06-25 10:00:00,crop_maize,31.69,,23.65,51.76,1571.5,175,flowering,0.0,False
2023-06-25 12:30:00,crop_maize,58.87,,35.9,62.11,1537.36,175,flowering,0.0,False
2023-06-25 14:00:00,crop_maize,14.12,,24.37,43.78,1820.73,175,maturity,0.0,False
2023-06-25 17:00:00,crop_maize,31.76,,33.02,38.67,1156.89,175,vegetative,0.0,False
2023-06-25 18:00:00,crop_maize,15.6,,29.15,55.4,304.28,175,vegetative,0.0,False
2023-06-25 19:30:00,crop_maize,45.13,,38.6,41.97,1149.56,175,maturity,0.0,False
2023-06-25 21:00:00,crop_maize,63.55,,37.92,41.96,914.58,175,flowering,0.0,False
2023-06-26 03:00:00,crop_maize,49.54,,14.77,80.93,1269.87,176,maturity,0.0,False
2023-06-26 04:00:00,crop_maize,47.78,,13.77,59.78,1606.08,176,maturity,0.0,False
2023-06-26 04:30:00,crop_maize,54.62,,22.05,26.98,538.76,176,maturity,0.0,False
2023-06-26 07:00:00,crop_maize,10.39,,21.75,93.24,311.85,176,maturity,0.0,False
2023-06-26 07:30:00,crop_maize,19.63,,31.22,44.8,293.28,176,maturity,0.0,False
2023-06-26 11:00:00,crop_maize,33.83,,24.9,86.46,2034.34,176,flowering,0.0,False
2023-06-26 19:00:00,crop_maize,33.11,,17.83,78.57,590.3,176,maturity,0.0,False
2023-06-26 19:30:00,crop_maize,28.34,,38.54,86.61,2159.25,176,maturity,0.0,False
2023-06-26 20:30:00,crop_maize,44.58,,39.51,33.93,708.78,176,flowering,0.0,False
2023-06-27 09:00:00,crop_maize,17.87,,28.37,84.68,327.51,177,vegetative,0.0,False
2023-06-27 09:30:00,crop_maize,36.98,,40.66,32.63,657.09,177,maturity,0.0,False
2023-06-27 14:30:00,crop_maize,35.13,,21.53,49.76,2080.46,177,vegetative,0.0,False
2023-06-27 17:30:00,crop_maize,63.18,,14.14,94.44,1961.97,177,vegetative,0.0,False
2023-06-27 18:30:00,crop_maize,60.27,,24.25,84.3,1290.25,177,maturity,0.0,False
2023-06-27 20:30:00,crop_maize,64.78,,17.89,28.69,1166.1,177,maturity,0.0,False
2023-06-27 23:30:00,crop_maize,62.62,,37.52,90.03,6.5,177,maturity,0.0,False
2023-06-28 06:30:00,crop_maize,21.17,,14.17,25.05,2478.92,178,vegetative,0.0,False
2023-06-28 07:30:00,crop_maize,29.27,,30.01,94.95,1623.21,178,maturity,0.0,False
2023-06-28 13:00:00,crop_maize,23.18,,24.35,30.78,2295.92,178,flowering,0.0,False
2023-06-28 15:00:00,crop_maize,61.45,,16.4,60.17,20.53,178,flowering,0.0,False
2023-06-28 19:00:00,crop_maize,50.9,,20.42,25.19,527.23,178,maturity,0.0,False
2023-06-28 23:00:00,crop_maize,38.29,,15.11,29.96,996.61,178,flowering,0.0,False
2023-06-29 04:30:00,crop_maize,24.75,,32.83,77.72,437.2,179,maturity,0.0,False
2023-06-29 05:00:00,crop_maize,23.74,,20.55,64.6,2100.38,179,flowering,0.0,False
2023-06-29 08:00:00,crop_maize,48.88,,22.93,71.22,627.83,179,flowering,0.0,False
2023-06-29 08:30:00,crop_maize,32.58,,12.45,33.95,1244.64,179,maturity,0.0,False
2023-06-29 12:30:00,crop_maize,34.28,,27.55,52.99,1451.85,179,vegetative,0.0,False
2023-06-29 14:00:00,crop_maize,55.0,,35.65,42.78,372.08,179,flowering,0.0,False
2023-06-30 03:30:00,crop_maize,14.78,,35.82,62.81,1906.82,180,vegetative,0.0,False
2023-06-30 08:30:00,crop_maize,29.51,,28.84,31.06,1568.88,180,vegetative,0.0,False
2023-06-30 11:00:00,crop_maize,50.94,,30.93,72.32,1128.17,180,maturity,0.0,False
2023-06-30 14:00:00,crop_maize,8.82,,32.04,54.58,424.98,180,flowering,0.0,False
2023-06-30 18:00:00,crop_maize,24.34,,21.57,29.06,1190.9,180,flowering,0.0,False
2023-06-30 20:30:00,crop_maize,64.62,,32.56,26.11,119.84,180,maturity,0.0,False
2023-06-30 23:00:00,crop_maize,10.86,,25.49,50.21,1100.96,180,maturity,0.0,False
2023-07-01 05:30:00,crop_maize,19.67,,18.0,38.61,1653.35,181,maturity,0.0,False
2023-07-01 08:00:00,crop_maize,60.83,,14.45,75.68,2079.11,181,maturity,0.0,False
2023-07-01 10:30:00,crop_maize,20.46,,24.8,86.32,1692.82,181,flowering,0.0,False
2023-07-01 16:30:00,crop_maize,18.3,,36.19,81.58,2314.52,181,vegetative,0.0,False
2023-07-01 18:30:00,crop_maize,40.3,,28.06,41.23,71.32,181,vegetative,0.0,False
2023-07-01 23:30:00,crop_maize,53.5,,22.47,61.08,2206.01,181,flowering,0.0,False
2023-07-02 04:30:00,crop_maize,18.52,,14.53,76.67,720.99,182,maturity,0.0,False
2023-07-02 06:00:00,crop_maize,61.07,,27.28,83.36,1577.98,182,vegetative,0.0,False
2023-07-02 07:30:00,crop_maize,18.46,,22.63,53.3,625.4,182,flowering,0.0,False
2023-07-02 11:00:00,crop_maize,25.63,,28.43,56.52,1663.59,182,maturity,0.0,False
2023-07-02 12:00:00,crop_maize,21.45,,41.69,55.39,63.07,182,maturity,0.0,False
2023-07-02 13:00:00,crop_maize,64.68,,38.9,67.25,1184.68,182,maturity,0.0,False
2023-07-02 16:00:00,crop_maize,57.91,,36.73,75.17,985.66,182,maturity,0.0,False
2023-07-02 19:30:00,crop_maize,21.51,,30.64,37.29,225.09,182,vegetative,0.0,False
2023-07-02 21:00:00,crop_maize,33.98,,18.4,50.13,1351.14,182,vegetative,0.0,False
2023-07-02 22:30:00,crop_maize,21.61,,40.88,41.74,1416.22,182,maturity,0.0,False
2023-07-02 23:00:00,crop_maize,55.65,,40.35,30.8,1215.17,182,maturity,0.0,False
2023-07-03 03:30:00,crop_maize,32.48,,29.85,39.04,233.34,183,maturity,0.0,False
2023-07-03 07:30:00,crop_maize,43.65,,41.47,40.72,2390.49,183,vegetative,0.0,False
2023-07-03 16:30:00,crop_maize,25.11,,22.92,41.29,1337.53,183,maturity,0.0,False
2023-07-03 17:30:00,crop_maize,53.91,,33.08,71.93,2285.92,183,maturity,0.0,False
2023-07-03 18:00:00,crop_maize,29.57,,37.26,54.24,1094.38,183,vegetative,0.0,False
2023-07-03 21:00:00,crop_maize,52.15,,25.52,75.25,1464.45,183,maturity,0.0,False
2023-07-03 21:30:00,crop_maize,46.15,,18.17,29.74,753.63,183,maturity,0.0,False
2023-07-03 23:30:00,crop_maize,11.83,,23.21,25.81,587.09,183,maturity,0.0,False
2023-07-04 00:00:00,crop_maize,34.27,,12.75,86.23,1398.45,183,maturity,0.0,False
2023-07-04 02:30:00,crop_maize,47.07,,12.3,78.62,1696.17,184,vegetative,0.0,False
2023-07-04 04:30:00,crop_maize,12.55,,28.82,64.17,2058.21,184,maturity,0.0,False
2023-07-04 05:30:00,crop_maize,55.23,,18.68,42.24,652.94,184,maturity,0.0,False
2023-07-04 12:30:00,crop_maize,63.42,,25.7,88.3,1149.12,184,maturity,0.0,False
2023-07-04 13:30:00,crop_maize,20.17,,26.71,82.3,253.14,184,maturity,0.0,False
2023-07-04 15:00:00,crop_maize,44.71,,38.52,93.62,425.11,184,vegetative,0.0,False
2023-07-04 16:00:00,crop_maize,53.1,,32.87,40.86,1122.11,184,maturity,0.0,False
2023-07-04 18:30:00,crop_maize,23.0,,26.23,30.67,2402.32,184,maturity,0.0,False
2023-07-04 20:00:00,crop_maize,53.18,,39.87,94.46,570.94,184,vegetative,0.0,False
2023-07-04 21:30:00,crop_maize,40.41,,32.14,88.92,130.56,184,vegetative,0.0,False
2023-07-04 22:00:00,crop_maize,27.43,,28.8,68.45,1812.3,184,maturity,0.0,False
2023-07-04 23:30:00,crop_maize,43.29,,29.71,55.88,1712.98,184,maturity,0.0,False
2023-07-05 01:30:00,crop_maize,57.54,,37.84,57.86,656.2,185,vegetative,0.0,False
2023-07-05 04:00:00,crop_maize,42.2,,30.06,72.08,1937.56,185,flowering,0.0,False
2023-07-05 09:30:00,crop_maize,64.32,,25.95,77.5,2458.04,185,flowering,0.0,False
2023-07-05 10:00:00,crop_maize,47.39,,36.36,42.23,1535.2,185,maturity,0.0,False
2023-07-05 12:00:00,crop_maize,25.73,,29.61,79.53,449.99,185,flowering,0.0,False
2023-07-05 17:30:00,crop_maize,18.08,,24.62,56.42,1837.86,185,maturity,0.0,False
2023-07-05 18:00:00,crop_maize,39.05,,25.19,46.96,2235.53,185,vegetative,0.0,False
2023-07-05 19:30:00,crop_maize,48.58,,41.04,36.3,898.65,185,maturity,0.0,False
2023-07-05 21:00:00,crop_maize,30.56,,41.06,76.92,1876.35,185,maturity,0.0,False
2023-07-06 00:30:00,crop_maize,54.58,,31.0,60.85,693.35,186,flowering,0.0,False
2023-07-06 01:30:00,crop_maize,24.66,,38.1,29.68,2187.51,186,maturity,0.0,False
2023-07-06 05:00:00,crop_maize,24.09,,40.97,52.68,1353.52,186,vegetative,0.0,False
2023-07-06 06:30:00,crop_maize,63.52,,22.46,40.86,2455.32,186,maturity,0.0,False
2023-07-06 07:00:00,crop_maize,27.84,,18.2,80.54,1359.63,186,flowering,0.0,False
2023-07-06 08:00:00,crop_maize,10.08,,40.4,54.8,1658.2,186,maturity,0.0,False
2023-07-06 15:00:00,crop_maize,45.37,,13.06,70.28,1533.38,186,flowering,0.0,False
2023-07-06 19:30:00,crop_maize,10.35,,17.75,60.27,1575.34,186,vegetative,0.0,False
2023-07-07 04:00:00,crop_maize,19.07,,24.81,71.58,1680.09,187,flowering,0.0,False
2023-07-07 06:00:00,crop_maize,27.64,,39.08,85.39,1888.2,187,maturity,0.0,False
2023-07-07 08:00:00,crop_maize,19.14,,13.71,76.51,2144.08,187,vegetative,0.0,False
2023-07-07 09:30:00,crop_maize,60.06,,27.74,34.66,80.73,187,maturity,0.0,False
2023-07-07 11:00:00,crop_maize,21.19,,22.27,49.22,2386.08,187,maturity,0.0,False
2023-07-07 13:00:00,crop_maize,11.18,,39.4,47.9,731.71,187,maturity,0.0,False
2023-07-07 13:30:00,crop_maize,60.36,,22.64,82.7,2016.15,187,maturity,0.0,False
2023-07-07 17:00:00,crop_maize,34.0,,32.38,80.77,1037.96,187,maturity,0.0,False
2023-07-07 19:00:00,crop_maize,58.2,,19.92,89.91,908.54,187,maturity,0.0,False
2023-07-07 19:30:00,crop_maize,20.4,,40.57,74.57,1663.77,187,vegetative,0.0,False
2023-07-08 08:30:00,crop_maize,28.32,,28.36,32.39,1861.85,188,maturity,0.0,False
2023-07-08 12:00:00,crop_maize,33.01,,23.19,81.43,110.69,188,vegetative,0.0,False
2023-07-08 14:30:00,crop_maize,11.32,,17.91,68.94,362.82,188,flowering,0.0,False
2023-07-08 15:00:00,crop_maize,16.76,,41.19,85.63,255.58,188,maturity,0.0,False
2023-07-08 15:30:00,crop_maize,62.02,,28.4,58.32,2263.44,188,flowering,0.0,False
2023-07-08 20:30:00,crop_maize,49.43,,14.89,46.53,1342.43,188,vegetative,0.0,False
2023-07-08 21:00:00,crop_maize,15.79,,39.35,43.37,1239.23,188,vegetative,0.0,False
2023-07-09 04:00:00,crop_maize,56.26,,14.81,39.37,2138.39,189,flowering,0.0,False
2023-07-09 05:30:00,crop_maize,30.52,,22.27,86.73,740.51,189,maturity,0.0,False
2023-07-09 07:30:00,crop_maize,50.82,,28.11,58.34,1064.95,189,maturity,0.0,False
2023-07-09 08:00:00,crop_maize,25.79,,18.45,83.02,180.62,189,maturity,0.0,False
2023-07-09 08:30:00,crop_maize,48.89,,41.86,48.23,2235.55,189,maturity,0.0,False
2023-07-09 09:00:00,crop_maize,19.4,,35.09,26.55,835.49,189,flowering,0.0,False
2023-07-09 13:00:00,crop_maize,23.04,,23.75,38.92,1124.75,189,vegetative,0.0,False
2023-07-09 16:30:00,crop_maize,50.6,,35.96,63.42,94.56,189,maturity,0.0,False
2023-07-09 20:00:00,crop_maize,34.48,,34.38,58.69,1758.29,189,maturity,0.0,False
2023-07-09 20:30:00,crop_maize,63.05,,40.84,31.0,1136.05,189,maturity,0.0,False
2023-07-10 04:00:00,crop_maize,38.77,,17.52,30.85,719.54,190,maturity,0.0,False
2023-07-10 06:30:00,crop_maize,49.75,,32.68,79.45,1967.27,190,flowering,0.0,False
2023-07-10 07:00:00,crop_maize,14.52,,14.22,36.51,2415.77,190,flowering,0.0,False
2023-07-10 09:30:00,crop_maize,43.07,,36.21,79.44,2119.03,190,maturity,0.0,False
2023-07-10 11:00:00,crop_maize,33.77,,21.67,25.31,1479.72,190,vegetative,0.0,False
2023-07-10 15:30:00,crop_maize,21.84,,14.44,84.74,2337.15,190,flowering,0.0,False
2023-07-10 16:00:00,crop_maize,17.48,,39.4,76.6,2243.29,190,maturity,0.0,False
2023-07-10 17:00:00,crop_maize,51.39,,25.57,41.98,1009.58,190,flowering,0.0,False
2023-07-10 19:30:00,crop_maize,27.2,,27.51,36.91,1996.9,190,maturity,0.0,False
2023-07-10 20:00:00,crop_maize,64.86,,29.38,64.35,1021.73,190,maturity,0.0,False
2023-07-10 20:30:00,crop_maize,63.78,,30.93,73.53,38.96,190,flowering,0.0,False
2023-07-10 21:30:00,crop_maize,9.14,,30.52,79.6,1372.52,190,vegetative,0.0,False
2023-07-11 01:00:00,crop_maize,37.76,,13.96,91.44,2009.06,191,maturity,0.0,False
2023-07-11 01:30:00,crop_maize,37.58,,19.42,87.73,2353.78,191,vegetative,0.0,False
2023-07-11 11:00:00,crop_maize,40.48,,21.04,92.03,935.68,191,maturity,0.0,False
2023-07-11 14:30:00,crop_maize,38.28,,12.34,44.71,845.84,191,flowering,0.0,False
2023-07-12 01:30:00,crop_maize,61.07,,23.22,28.89,979.06,192,maturity,0.0,False
2023-07-12 02:00:00,crop_maize,52.17,,35.05,90.8,17.49,192,maturity,0.0,False
2023-07-12 02:30:00,crop_maize,61.62,,39.76,33.62,354.89,192,flowering,0.0,False
2023-07-12 08:00:00,crop_maize,17.55,,39.71,35.54,0.38,192,maturity,0.0,False
2023-07-12 08:30:00,crop_maize,19.06,,21.93,93.1,1848.99,192,vegetative,0.0,False
2023-07-12 13:30:00,crop_maize,21.28,,19.49,50.55,1608.01,192,vegetative,0.0,False
2023-07-12 14:30:00,crop_maize,38.09,,34.04,84.05,2171.45,192,vegetative,0.0,False
2023-07-12 19:30:00,crop_maize,44.35,,24.53,83.28,2049.86,192,flowering,0.0,False
2023-07-12 21:00:00,crop_maize,62.16,,36.83,82.58,563.4,192,maturity,0.0,False
2023-07-12 22:30:00,crop_maize,26.81,,35.53,49.21,2499.38,192,maturity,0.0,False
2023-07-13 07:00:00,crop_maize,22.36,,37.05,85.82,382.95,193,maturity,0.0,False
2023-07-13 13:00:00,crop_maize,53.46,,29.46,26.45,472.68,193,vegetative,0.0,False
2023-07-13 14:30:00,crop_maize,36.82,,23.82,39.82,2298.72,193,vegetative,0.0,False
2023-07-13 17:30:00,crop_maize,53.73,,12.48,32.44,1356.89,193,vegetative,0.0,False
2023-07-13 18:30:00,crop_maize,43.87,,17.9,64.67,193.04,193,flowering,0.0,False
2023-07-14 06:00:00,crop_maize,53.01,,25.97,87.35,2154.26,194,maturity,0.0,False
2023-07-14 06:30:00,crop_maize,58.71,,14.77,85.56,355.07,194,maturity,0.0,False
2023-07-14 10:00:00,crop_maize,52.22,,18.4,39.78,51.65,194,maturity,0.0,False
2023-07-14 12:00:00,crop_maize,21.5,,26.26,91.54,601.95,194,vegetative,0.0,False
2023-07-14 13:00:00,crop_maize,44.1,,27.72,55.16,1640.47,194,vegetative,0.0,False
2023-07-14 16:30:00,crop_maize,33.98,,29.14,75.98,1815.0,194,flowering,0.0,False
2023-07-14 18:00:00,crop_maize,46.48,,19.46,43.49,1500.35,194,maturity,0.0,False
2023-07-14 18:30:00,crop_maize,40.86,,33.28,65.44,1388.62,194,maturity,0.0,False
2023-07-14 19:30:00,crop_maize,11.76,,30.12,87.44,1770.69,194,maturity,0.0,False
2023-07-15 05:30:00,crop_maize,29.66,,26.77,78.48,1097.22,195,vegetative,0.0,False
2023-07-15 06:00:00,crop_maize,10.56,,35.74,72.64,753.04,195,maturity,0.0,False
2023-07-15 09:30:00,crop_maize,47.6,,12.07,68.32,2237.63,195,maturity,0.0,False
2023-07-15 12:30:00,crop_maize,52.43,,38.54,64.17,1698.45,195,maturity,0.0,False
2023-07-15 15:30:00,crop_maize,48.22,,25.86,28.27,743.39,195,maturity,0.0,False
2023-07-15 17:00:00,crop_maize,23.47,,17.76,72.48,419.57,195,maturity,0.0,False
2023-07-15 19:00:00,crop_maize,16.35,,38.49,59.62,1761.81,195,flowering,0.0,False
2023-07-15 21:00:00,crop_maize,22.19,,28.69,29.87,1406.5,195,flowering,0.0,False
2023-07-15 23:00:00,crop_maize,64.86,,29.19,39.29,2159.4,195,maturity,0.0,False
2023-07-16 01:30:00,crop_maize,25.06,,23.58,45.36,1118.32,196,vegetative,0.0,False
2023-07-16 02:00:00,crop_maize,53.96,,39.8,30.62,875.34,196,maturity,0.0,False
2023-07-16 04:30:00,crop_maize,40.15,,17.86,91.89,1235.25,196,vegetative,0.0,False
2023-07-16 06:00:00,crop_maize,61.39,,38.96,31.86,1504.23,196,maturity,0.0,False
2023-07-16 11:30:00,crop_maize,33.51,,37.53,44.55,1902.34,196,vegetative,0.0,False
2023-07-16 12:00:00,crop_maize,17.04,,29.51,64.99,2457.12,196,maturity,0.0,False
2023-07-16 12:30:00,crop_maize,38.32,,38.87,77.17,1643.74,196,maturity,0.0,False
2023-07-16 13:00:00,crop_maize,24.05,,38.86,42.6,1855.21,196,vegetative,0.0,False
2023-07-16 16:30:00,crop_maize,9.75,,37.44,83.8,641.05,196,maturity,0.0,False
2023-07-16 17:30:00,crop_maize,15.92,,16.25,90.9,823.08,196,maturity,0.0,False
2023-07-16 19:30:00,crop_maize,16.38,,32.87,71.53,784.82,196,maturity,0.0,False
2023-07-16 20:00:00,crop_maize,13.72,,18.51,51.2,1528.39,196,flowering,0.0,False
2023-07-17 05:00:00,crop_maize,41.26,,28.25,84.89,2074.64,197,flowering,0.0,False
2023-07-17 06:30:00,crop_maize,47.17,,34.92,68.86,1205.65,197,flowering,0.0,False
2023-07-17 09:30:00,crop_maize,33.13,,22.82,35.61,665.99,197,maturity,0.0,False
2023-07-17 13:00:00,crop_maize,22.65,,13.11,43.94,1759.53,197,maturity,0.0,False
2023-07-17 18:30:00,crop_maize,16.41,,29.56,51.02,837.88,197,maturity,0.0,False
2023-07-17 19:00:00,crop_maize,18.69,,17.42,58.01,1601.78,197,maturity,0.0,False
2023-07-17 21:00:00,crop_maize,44.26,,30.71,56.29,2138.32,197,vegetative,0.0,False
2023-07-17 22:00:00,crop_maize,20.42,,19.76,90.17,2248.05,197,maturity,0.0,False
2023-07-18 01:30:00,crop_maize,53.79,,30.28,44.73,1931.97,198,vegetative,0.0,False
2023-07-18 04:00:00,crop_maize,25.42,,30.06,64.48,596.78,198,maturity,0.0,False
2023-07-18 04:30:00,crop_maize,21.59,,13.5,82.37,1504.81,198,maturity,0.0,False
2023-07-18 07:30:00,crop_maize,61.67,,13.42,43.64,2233.82,198,maturity,0.0,False
2023-07-18 08:30:00,crop_maize,28.22,,40.45,73.19,919.26,198,flowering,0.0,False
2023-07-18 11:00:00,crop_maize,20.05,,14.93,75.74,552.5,198,maturity,0.0,False
2023-07-18 13:00:00,crop_maize,34.34,,22.67,69.25,467.51,198,maturity,0.0,False
2023-07-18 15:30:00,crop_maize,22.24,,25.37,53.12,775.97,198,vegetative,0.0,False
2023-07-19 05:30:00,crop_maize,47.94,,37.82,39.64,1034.89,199,flowering,0.0,False
2023-07-19 07:00:00,crop_maize,28.32,,14.12,36.47,1436.93,199,maturity,0.0,False
2023-07-19 16:00:00,crop_maize,21.76,,27.47,38.99,2480.45,199,maturity,0.0,False
2023-07-19 17:30:00,crop_maize,10.56,,16.49,27.21,774.26,199,maturity,0.0,False
2023-07-19 19:00:00,crop_maize,31.34,,23.37,27.95,900.02,199,flowering,0.0,False
2023-07-19 19:30:00,crop_maize,43.19,,38.5,45.01,1778.44,199,maturity,0.0,False
2023-07-19 21:30:00,crop_maize,49.8,,28.27,89.09,1174.33,199,flowering,0.0,False
2023-07-19 22:00:00,crop_maize,36.61,,33.56,37.48,456.98,199,maturity,0.0,False
2023-07-20 00:00:00,crop_maize,40.48,,15.33,31.27,593.63,199,maturity,0.0,False
2023-07-20 00:30:00,crop_maize,36.05,,28.92,64.86,241.64,200,flowering,0.0,False
2023-07-20 02:30:00,crop_maize,33.85,,39.59,63.97,1521.78,200,maturity,0.0,False
2023-07-20 04:00:00,crop_maize,37.62,,31.43,46.43,1077.08,200,maturity,0.0,False
2023-07-20 04:30:00,crop_maize,62.17,,23.99,85.96,372.39,200,vegetative,0.0,False
2023-07-20 09:00:00,crop_maize,27.26,,27.36,69.55,1433.63,200,maturity,0.0,False
2023-07-20 10:00:00,crop_maize,11.52,,31.86,70.39,880.48,200,maturity,0.0,False
2023-07-20 11:30:00,crop_maize,60.08,,34.46,84.22,362.12,200,vegetative,0.0,False
2023-07-20 12:30:00,crop_maize,11.25,,14.65,82.34,675.65,200,maturity,0.0,False
2023-07-20 16:00:00,crop_maize,29.91,,12.37,28.46,1723.54,200,flowering,0.0,False
2023-07-20 16:30:00,crop_maize,13.31,,31.83,25.99,603.11,200,maturity,0.0,False
2023-07-20 17:30:00,crop_maize,36.39,,26.92,84.4,1911.42,200,vegetative,0.0,False
2023-07-20 18:30:00,crop_maize,34.59,,32.0,73.54,173.23,200,maturity,0.0,False
2023-07-20 19:00:00,crop_maize,55.67,,36.59,63.28,900.18,200,flowering,0.0,False
2023-07-20 20:00:00,crop_maize,10.81,,33.28,45.01,448.59,200,vegetative,0.0,False
2023-07-20 20:30:00,crop_maize,17.17,,14.71,30.13,489.82,200,maturity,0.0,False
2023-07-20 23:00:00,crop_maize,48.85,,31.37,82.29,1876.45,200,vegetative,0.0,False
2023-07-21 03:00:00,crop_maize,40.13,,17.19,28.72,1205.25,201,maturity,0.0,False
2023-07-21 05:00:00,crop_maize,13.53,,23.34,30.23,2055.49,201,maturity,0.0,False
2023-07-21 05:30:00,crop_maize,14.87,,33.26,84.03,1706.0,201,maturity,0.0,False
2023-07-21 06:00:00,crop_maize,41.28,,29.95,33.25,1023.57,201,flowering,0.0,False
2023-07-21 09:30:00,crop_maize,47.75,,21.41,34.53,1570.06,201,maturity,0.0,False
2023-07-21 10:00:00,crop_maize,28.95,,21.87,27.84,1791.57,201,flowering,0.0,False
2023-07-21 16:30:00,crop_maize,64.97,,16.87,61.94,537.08,201,maturity,0.0,False
2023-07-21 18:00:00,crop_maize,19.12,,36.43,78.89,2085.88,201,maturity,0.0,False
2023-07-21 19:30:00,crop_maize,56.5,,19.69,80.56,1628.06,201,maturity,0.0,False
2023-07-22 00:30:00,crop_maize,44.93,,15.79,82.92,1855.14,202,flowering,0.0,False
2023-07-22 08:00:00,crop_maize,39.87,,25.31,31.51,2153.19,202,maturity,0.0,False
2023-07-22 08:30:00,crop_maize,23.11,,38.99,66.4,177.59,202,maturity,0.0,False
2023-07-22 13:00:00,crop_maize,35.22,,19.16,85.53,340.96,202,vegetative,0.0,False
2023-07-22 14:00:00,crop_maize,61.12,,25.04,33.62,2344.47,202,maturity,0.0,False
2023-07-22 17:00:00,crop_maize,38.28,,19.8,43.88,860.2,202,maturity,0.0,False
2023-07-22 18:30:00,crop_maize,15.15,,13.64,62.9,1900.5,202,flowering,0.0,False
2023-07-23 00:00:00,crop_maize,47.37,,31.75,56.64,692.18,202,maturity,0.0,False
2023-07-23 00:30:00,crop_maize,42.76,,35.84,64.82,1527.37,203,maturity,0.0,False
2023-07-23 02:00:00,crop_maize,44.59,,21.91,58.61,2074.12,203,maturity,0.0,False
2023-07-23 04:00:00,crop_maize,29.75,,39.98,79.25,2283.97,203,vegetative,0.0,False
2023-07-23 04:30:00,crop_maize,18.02,,31.12,90.89,1168.34,203,flowering,0.0,False
2023-07-23 11:00:00,crop_maize,18.41,,16.03,50.01,1203.74,203,maturity,0.0,False
2023-07-23 13:00:00,crop_maize,25.04,,28.6,85.74,1870.18,203,flowering,0.0,False
2023-07-23 18:00:00,crop_maize,43.9,,19.12,67.64,102.95,203,vegetative,0.0,False
2023-07-23 20:30:00,crop_maize,33.08,,31.11,83.32,80.72,203,maturity,0.0,False
2023-07-24 02:30:00,crop_maize,64.06,,30.49,69.83,1391.04,204,maturity,0.0,False
2023-07-24 05:30:00,crop_maize,64.53,,26.76,93.24,1940.54,204,maturity,0.0,False
2023-07-24 07:30:00,crop_maize,22.77,,26.32,39.94,722.84,204,flowering,0.0,False
2023-07-24 08:00:00,crop_maize,28.22,,37.74,49.73,1268.08,204,maturity,0.0,False
2023-07-24 09:30:00,crop_maize,41.71,,13.0,70.84,1482.69,204,flowering,0.0,False
2023-07-24 11:00:00,crop_maize,58.42,,21.39,66.83,577.53,204,maturity,0.0,False
2023-07-24 18:00:00,crop_maize,64.57,,39.89,31.5,1890.64,204,flowering,0.0,False
2023-07-24 18:30:00,crop_maize,36.93,,38.42,83.53,485.41,204,maturity,0.0,False
2023-07-24 20:30:00,crop_maize,52.04,,19.68,60.0,394.23,204,maturity,0.0,False
2023-07-24 21:00:00,crop_maize,47.95,,39.26,56.18,1742.51,204,maturity,0.0,False
2023-07-25 05:30:00,crop_maize,59.38,,26.5,94.9,508.44,205,vegetative,0.0,False
2023-07-25 07:30:00,crop_maize,21.89,,41.56,55.83,237.86,205,maturity,0.0,False
2023-07-25 13:00:00,crop_maize,40.46,,40.28,52.83,2346.47,205,flowering,0.0,False
2023-07-25 15:30:00,crop_maize,55.09,,40.48,83.98,2017.92,205,maturity,0.0,False
2023-07-25 20:30:00,crop_maize,19.24,,36.81,50.82,2061.79,205,maturity,0.0,False
2023-07-26 05:30:00,crop_maize,9.96,,19.2,42.24,815.48,206,vegetative,0.0,False
2023-07-26 06:00:00,crop_maize,53.5,,12.88,58.4,1396.99,206,maturity,0.0,False
2023-07-26 08:00:00,crop_maize,58.88,,39.9,74.93,916.8,206,maturity,0.0,False
2023-07-26 09:30:00,crop_maize,22.48,,12.36,77.98,1017.22,206,maturity,0.0,False
2023-07-26 10:30:00,crop_maize,21.48,,32.9,54.86,753.18,206,flowering,0.0,False
2023-07-26 11:00:00,crop_maize,43.5,,18.88,36.83,825.7,206,maturity,0.0,False
2023-07-26 12:00:00,crop_maize,15.25,,38.94,76.51,2292.28,206,flowering,0.0,False
2023-07-26 12:30:00,crop_maize,12.1,,16.72,80.54,1577.49,206,flowering,0.0,False
2023-07-26 13:30:00,crop_maize,36.16,,17.08,87.32,1476.63,206,maturity,0.0,False
2023-07-26 15:30:00,crop_maize,34.32,,20.64,86.84,1674.79,206,vegetative,0.0,False
2023-07-26 21:30:00,crop_maize,51.1,,20.55,40.83,2086.07,206,flowering,0.0,False
2023-07-26 22:30:00,crop_maize,29.86,,36.11,93.73,631.21,206,flowering,0.0,False
2023-07-27 00:30:00,crop_maize,57.66,,40.74,82.35,1329.46,207,flowering,0.0,False
2023-07-27 05:30:00,crop_maize,60.83,,24.73,90.48,58.88,207,vegetative,0.0,False
2023-07-27 06:30:00,crop_maize,60.01,,16.05,80.15,1253.55,207,maturity,0.0,False
2023-07-27 13:30:00,crop_maize,58.49,,16.22,64.31,2156.21,207,maturity,0.0,False
2023-07-27 14:00:00,crop_maize,30.13,,41.15,76.88,1931.28,207,maturity,0.0,False
2023-07-27 18:00:00,crop_maize,55.69,,18.3,28.49,2273.2,207,maturity,0.0,False
2023-07-27 20:00:00,crop_maize,11.72,,40.5,51.07,1503.57,207,vegetative,0.0,False
2023-07-27 21:30:00,crop_maize,36.0,,32.61,56.11,1180.98,207,maturity,0.0,False
2023-07-28 01:30:00,crop_maize,30.44,,17.05,69.21,1937.88,208,vegetative,0.0,False
2023-07-28 05:00:00,crop_maize,10.76,,22.81,91.3,2146.81,208,maturity,0.0,False
2023-07-28 06:00:00,crop_maize,49.44,,34.03,52.31,1591.84,208,maturity,0.0,False
2023-01-01 07:00:00,crop_potato,57.44,,22.37,48.06,1512.19,0,flowering,0.0,False
2023-01-01 10:00:00,crop_potato,23.53,,39.24,36.41,439.49,0,maturity,0.0,False
2023-01-01 11:00:00,crop_potato,12.77,,16.65,82.41,1110.17,0,vegetative,0.0,False
2023-01-01 15:30:00,crop_potato,62.01,,40.49,80.93,1008.1,0,flowering,0.0,False
2023-01-01 22:00:00,crop_potato,48.87,,40.71,40.79,1021.94,0,vegetative,0.0,False
2023-01-02 03:30:00,crop_potato,50.4,,18.68,31.86,415.74,0,maturity,0.0,False
2023-01-02 07:00:00,crop_potato,13.25,,12.48,27.62,1901.16,1,maturity,0.0,False
2023-01-02 08:00:00,crop_potato,13.7,,38.89,76.15,678.39,1,maturity,0.0,False
2023-01-02 12:00:00,crop_potato,43.02,,39.0,43.83,709.08,1,vegetative,0.0,False
2023-01-02 17:00:00,crop_potato,29.87,,12.24,50.73,1449.53,1,maturity,0.0,False
2023-01-02 18:00:00,crop_potato,21.96,,28.58,25.39,319.13,1,vegetative,0.0,False
2023-01-02 21:00:00,crop_potato,20.88,,22.23,75.26,1365.33,1,maturity,0.0,False
2023-01-02 21:30:00,crop_potato,44.45,,20.27,71.62,514.18,1,vegetative,0.0,False
2023-01-02 22:30:00,crop_potato,30.81,,39.9,50.72,1873.52,1,vegetative,0.0,False
2023-01-02 23:00:00,crop_potato,41.79,,17.3,74.23,96.93,1,maturity,0.0,False
2023-01-03 04:00:00,crop_potato,57.37,,24.83,79.93,1915.71,1,flowering,0.0,False
2023-01-03 08:30:00,crop_potato,8.48,,38.31,39.3,2154.27,2,maturity,0.0,False
2023-01-03 09:30:00,crop_potato,55.15,,40.93,45.37,1766.57,2,maturity,0.0,False
2023-01-03 11:00:00,crop_potato,11.26,,37.07,50.4,1705.22,2,vegetative,0.0,False
2023-01-03 16:00:00,crop_potato,56.91,,33.87,27.22,915.14,2,flowering,0.0,False
2023-01-03 18:00:00,crop_potato,59.93,,30.21,93.74,2091.41,2,maturity,0.0,False
2023-01-03 20:00:00,crop_potato,9.57,,26.43,27.14,1487.51,2,flowering,0.0,False
2023-01-03 21:30:00,crop_potato,54.7,,30.19,88.43,1540.73,2,maturity,0.0,False
2023-01-04 00:00:00,crop_potato,47.84,,12.75,92.57,1356.96,2,flowering,0.0,False
2023-01-04 01:00:00,crop_potato,48.48,,32.69,93.69,2330.15,2,vegetative,0.0,False
2023-01-04 02:30:00,crop_potato,14.48,,41.16,80.37,2456.34,2,vegetative,0.0,False
2023-01-04 04:00:00,crop_potato,62.4,,39.31,50.01,1443.9,2,maturity,0.0,False
2023-01-04 05:00:00,crop_potato,36.72,,22.61,58.1,618.06,2,maturity,0.0,False
2023-01-04 07:00:00,crop_potato,22.68,,20.94,93.3,1092.38,3,vegetative,0.0,False
2023-01-04 08:30:00,crop_potato,38.16,,40.28,52.47,240.66,3,vegetative,0.0,False
2023-01-04 16:30:00,crop_potato,24.5,,40.08,64.97,22.76,3,maturity,0.0,False
2023-01-04 23:00:00,crop_potato,63.81,,30.76,92.25,1888.5,3,maturity,0.0,False
2023-01-05 06:00:00,crop_potato,35.83,,35.17,80.9,1731.7,3,vegetative,0.0,False
2023-01-05 07:30:00,crop_potato,51.53,,19.13,54.45,2146.09,4,flowering,0.0,False
2023-01-05 08:00:00,crop_potato,15.64,,23.13,30.74,2001.52,4,vegetative,0.0,False
2023-01-05 10:00:00,crop_potato,56.89,,27.2,67.33,808.67,4,maturity,0.0,False
2023-01-05 11:30:00,crop_potato,38.75,,39.78,56.74,1497.54,4,maturity,0.0,False
2023-01-05 14:00:00,crop_potato,57.35,,17.67,29.3,1231.65,4,flowering,0.0,False
2023-01-05 19:30:00,crop_potato,43.32,,32.43,64.74,97.95,4,flowering,0.0,False
2023-01-06 04:30:00,crop_potato,23.48,,28.61,74.42,314.72,4,maturity,0.0,False
2023-01-06 08:30:00,crop_potato,18.3,,29.18,92.36,388.46,5,flowering,0.0,False
2023-01-06 12:30:00,crop_potato,24.98,,40.49,44.79,613.2,5,vegetative,0.0,False
2023-01-06 16:30:00,crop_potato,50.88,,15.96,58.25,193.64,5,maturity,0.0,False
2023-01-06 18:30:00,crop_potato,45.08,,17.6,74.12,1330.3,5,vegetative,0.0,False
2023-01-06 19:00:00,crop_potato,28.3,,27.81,52.23,2474.24,5,vegetative,0.0,False
2023-01-06 21:30:00,crop_potato,33.6,,39.8,65.69,286.11,5,vegetative,0.0,False
2023-01-06 22:00:00,crop_potato,38.58,,35.21,44.85,2262.91,5,maturity,0.0,False
2023-01-07 02:30:00,crop_potato,47.41,,17.6,87.51,342.65,5,maturity,0.0,False
2023-01-07 03:00:00,crop_potato,26.57,,39.28,71.04,946.32,5,vegetative,0.0,False
2023-01-07 05:30:00,crop_potato,30.35,,38.92,88.47,70.86,5,flowering,0.0,False
2023-01-07 07:00:00,crop_potato,21.01,,33.93,40.45,2117.74,6,maturity,0.0,False
2023-01-07 10:00:00,crop_potato,56.47,,28.4,64.43,2052.74,6,vegetative,0.0,False
2023-01-07 14:00:00,crop_potato,9.23,,35.23,63.47,1795.03,6,flowering,0.0,False
2023-01-07 15:30:00,crop_potato,41.41,,34.59,71.58,1939.73,6,vegetative,0.0,False
2023-01-07 18:00:00,crop_potato,20.94,,39.74,61.05,490.48,6,vegetative,0.0,False
2023-01-07 19:00:00,crop_potato,44.72,,17.54,84.44,2039.2,6,vegetative,0.0,False
2023-01-07 22:00:00,crop_potato,41.42,,32.45,42.91,434.36,6,maturity,0.0,False
2023-01-08 03:00:00,crop_potato,23.54,,29.68,79.23,392.3,6,flowering,0.0,False
2023-01-08 03:30:00,crop_potato,8.19,,29.0,67.07,1290.88,6,maturity,0.0,False
2023-01-08 04:30:00,crop_potato,55.53,,14.72,43.57,1709.69,6,vegetative,0.0,False
2023-01-08 07:30:00,crop_potato,35.85,,27.18,57.05,1096.75,7,maturity,0.0,False
2023-01-08 09:00:00,crop_potato,29.74,,41.82,40.12,1045.37,7,maturity,0.0,False
2023-01-08 18:30:00,crop_potato,35.79,,14.56,66.73,2091.67,7,vegetative,0.0,False
2023-01-09 01:30:00,crop_potato,22.35,,16.3,69.38,1774.62,7,flowering,0.0,False
2023-01-09 10:30:00,crop_potato,22.28,,36.68,57.67,895.58,8,maturity,0.0,False
2023-01-09 15:30:00,crop_potato,50.92,,20.6,42.1,463.45,8,vegetative,0.0,False
2023-01-09 18:00:00,crop_potato,26.36,,13.6,93.83,266.74,8,maturity,0.0,False
2023-01-09 21:30:00,crop_potato,11.93,,16.61,59.39,470.88,8,maturity,0.0,False
2023-01-09 23:00:00,crop_potato,43.06,,20.13,56.03,1987.32,8,maturity,0.0,False
2023-01-09 23:30:00,crop_potato,63.81,,26.96,52.79,2345.98,8,vegetative,0.0,False
2023-01-10 03:00:00,crop_potato,47.94,,31.02,55.45,1748.54,8,maturity,0.0,False
2023-01-10 13:30:00,crop_potato,39.23,,31.74,60.72,1474.97,9,maturity,0.0,False
2023-01-10 15:30:00,crop_potato,24.75,,13.73,52.23,449.1,9,flowering,0.0,False
2023-01-10 18:30:00,crop_potato,55.68,,31.17,67.8,15.52,9,flowering,0.0,False
2023-01-10 19:30:00,crop_potato,52.23,,39.34,57.71,622.24,9,maturity,0.0,False
2023-01-10 21:30:00,crop_potato,12.7,,39.77,32.78,1472.78,9,flowering,0.0,False
2023-01-10 23:00:00,crop_potato,62.35,,33.4,86.75,2447.44,9,vegetative,0.0,False
2023-01-10 23:30:00,crop_potato,18.44,,38.38,74.5,2433.15,9,maturity,0.0,False
2023-01-11 00:00:00,crop_potato,42.54,,30.51,35.57,1923.11,9,maturity,0.0,False
2023-01-11 00:30:00,crop_potato,20.06,,24.76,41.84,529.23,9,maturity,0.0,False
2023-01-11 05:30:00,crop_potato,18.87,,19.94,86.8,832.45,9,maturity,0.0,False
2023-01-11 07:30:00,crop_potato,54.16,,38.44,25.62,1213.81,10,maturity,0.0,False
2023-01-11 08:00:00,crop_potato,31.23,,32.77,63.91,379.75,10,maturity,0.0,False
2023-01-11 09:00:00,crop_potato,11.31,,29.25,29.46,335.39,10,vegetative,0.0,False
2023-01-11 10:00:00,crop_potato,62.75,,40.25,93.42,795.45,10,maturity,0.0,False
2023-01-11 12:00:00,crop_potato,45.78,,20.42,52.33,2471.69,10,flowering,0.0,False
2023-01-11 20:00:00,crop_potato,8.37,,36.41,79.34,2431.12,10,maturity,0.0,False
2023-01-11 23:30:00,crop_potato,48.46,,18.75,46.36,1356.29,10,flowering,0.0,False
2023-01-12 07:00:00,crop_potato,10.77,,30.59,34.69,915.83,11,flowering,0.0,False
2023-01-12 11:30:00,crop_potato,25.49,,22.87,92.43,2305.19,11,maturity,0.0,False
2023-01-12 13:00:00,crop_potato,27.89,,28.66,73.56,1337.63,11,vegetative,0.0,False
2023-01-12 14:00:00,crop_potato,60.37,,36.55,68.28,1397.55,11,flowering,0.0,False
2023-01-12 16:30:00,crop_potato,20.51,,27.63,77.93,1415.0,11,maturity,0.0,False
2023-01-12 18:00:00,crop_potato,23.23,,26.82,93.66,1395.34,11,maturity,0.0,False
2023-01-12 19:30:00,crop_potato,26.34,,13.86,93.71,2118.55,11,maturity,0.0,False
2023-01-12 22:30:00,crop_potato,19.16,,41.48,42.6,1623.59,11,maturity,0.0,False
2023-01-13 01:00:00,crop_potato,53.29,,29.54,77.89,481.52,11,maturity,0.0,False
2023-01-13 03:30:00,crop_potato,39.4,,14.8,91.25,2440.59,11,maturity,0.0,False
2023-01-13 14:00:00,crop_potato,23.08,,28.15,35.82,2183.74,12,maturity,0.0,False
2023-01-13 14:30:00,crop_potato,19.97,,13.84,79.95,884.16,12,maturity,0.0,False
2023-01-13 16:30:00,crop_potato,39.5,,35.48,53.98,1404.74,12,flowering,0.0,False
2023-01-13 17:00:00,crop_potato,40.12,,13.55,45.64,345.52,12,vegetative,0.0,False
2023-01-13 19:30:00,crop_potato,25.61,,35.77,70.26,114.18,12,maturity,0.0,False
2023-01-13 22:30:00,crop_potato,56.03,,29.56,84.92,1209.31,12,vegetative,0.0,False
2023-01-14 01:00:00,crop_potato,42.7,,32.62,64.9,367.03,12,maturity,0.0,False
2023-01-14 03:00:00,crop_potato,32.42,,28.0,57.51,1283.57,12,maturity,0.0,False
2023-01-14 03:30:00,crop_potato,34.49,,25.33,94.47,147.43,12,vegetative,0.0,False
2023-01-14 08:30:00,crop_potato,32.47,,30.0,66.93,1534.1,13,maturity,0.0,False
2023-01-14 18:30:00,crop_potato,14.25,,36.82,69.05,98.0,13,vegetative,0.0,False
2023-01-14 19:30:00,crop_potato,29.59,,28.07,49.89,1717.25,13,maturity,0.0,False
2023-01-14 20:00:00,crop_potato,47.61,,19.49,34.77,429.37,13,vegetative,0.0,False
2023-01-14 20:30:00,crop_potato,54.6,,32.88,69.12,875.26,13,maturity,0.0,False
2023-01-14 22:30:00,crop_potato,11.16,,29.03,29.67,1632.68,13,maturity,0.0,False
2023-01-15 00:00:00,crop_potato,19.27,,22.44,92.05,377.23,13,maturity,0.0,False
2023-01-15 02:30:00,crop_potato,41.44,,39.67,51.5,2480.59,13,vegetative,0.0,False
2023-01-15 04:00:00,crop_potato,54.74,,23.43,84.3,908.8,13,flowering,0.0,False
2023-01-15 04:30:00,crop_potato,8.54,,23.27,47.48,81.46,13,maturity,0.0,False
2023-01-15 05:30:00,crop_potato,51.3,,20.88,93.16,521.69,13,maturity,0.0,False
2023-01-15 06:30:00,crop_potato,52.97,,38.68,62.01,1776.04,13,flowering,0.0,False
2023-01-15 08:00:00,crop_potato,21.22,,31.16,83.9,2335.33,14,maturity,0.0,False
2023-01-15 08:30:00,crop_potato,59.51,,22.83,63.99,2172.66,14,maturity,0.0,False
2023-01-15 09:00:00,crop_potato,18.1,,28.02,48.24,306.24,14,vegetative,0.0,False
2023-01-15 09:30:00,crop_potato,46.89,,31.02,85.6,559.07,14,vegetative,0.0,False
2023-01-15 10:00:00,crop_potato,38.24,,24.23,68.54,306.19,14,maturity,0.0,False
2023-01-15 10:30:00,crop_potato,12.74,,39.74,68.08,883.81,14,vegetative,0.0,False
2023-01-15 13:30:00,crop_potato,36.27,,40.07,44.45,57.47,14,flowering,0.0,False
2023-01-15 18:00:00,crop_potato,41.58,,39.16,67.64,1334.41,14,flowering,0.0,False
2023-01-15 18:30:00,crop_potato,39.33,,20.12,89.19,1815.39,14,vegetative,0.0,False
2023-01-16 00:30:00,crop_potato,12.04,,39.88,93.76,1475.78,14,maturity,0.0,False
2023-01-16 03:00:00,crop_potato,35.32,,21.28,55.92,910.04,14,maturity,0.0,False
2023-01-16 05:30:00,crop_potato,52.7,,30.7,74.99,242.3,14,vegetative,0.0,False
2023-01-16 06:00:00,crop_potato,60.59,,17.61,25.88,797.25,14,flowering,0.0,False
2023-01-16 07:00:00,crop_potato,36.86,,40.75,49.25,1850.43,15,maturity,0.0,False
2023-01-16 07:30:00,crop_potato,28.7,,12.82,31.85,1117.19,15,maturity,0.0,False
2023-01-16 10:00:00,crop_potato,31.01,,38.83,71.34,1863.95,15,flowering,0.0,False
2023-01-16 11:30:00,crop_potato,46.01,,39.28,46.77,773.99,15,vegetative,0.0,False
2023-01-16 13:30:00,crop_potato,11.45,,21.96,75.12,824.56,15,maturity,0.0,False
2023-01-16 14:00:00,crop_potato,13.45,,34.19,78.88,2174.44,15,maturity,0.0,False
2023-01-16 17:00:00,crop_potato,59.84,,14.46,56.88,116.44,15,vegetative,0.0,False
2023-01-16 20:00:00,crop_potato,14.1,,38.65,78.04,1669.31,15,maturity,0.0,False
2023-01-17 05:30:00,crop_potato,64.82,,25.51,40.59,398.78,15,maturity,0.0,False
2023-01-17 09:30:00,crop_potato,27.06,,23.5,30.55,1934.42,16,maturity,0.0,False
2023-01-17 10:30:00,crop_potato,62.68,,25.46,54.43,1262.03,16,vegetative,0.0,False
2023-01-17 11:30:00,crop_potato,34.14,,37.5,83.5,598.35,16,maturity,0.0,False
2023-01-17 21:00:00,crop_potato,14.47,,35.49,38.28,2036.12,16,flowering,0.0,False
2023-01-18 10:00:00,crop_potato,59.39,,12.2,81.71,2487.66,17,vegetative,0.0,False
2023-01-18 12:00:00,crop_potato,40.86,,18.83,48.33,311.09,17,maturity,0.0,False
2023-01-18 13:00:00,crop_potato,26.42,,40.93,77.15,1883.24,17,maturity,0.0,False
2023-01-18 18:00:00,crop_potato,17.0,,23.32,25.51,473.11,17,vegetative,0.0,False
2023-01-18 18:30:00,crop_potato,59.54,,30.96,46.72,2163.3,17,flowering,0.0,False
2023-01-19 01:30:00,crop_potato,60.74,,12.54,54.3,1589.81,17,flowering,0.0,False
2023-01-19 14:00:00,crop_potato,56.7,,23.42,48.96,153.63,18,flowering,0.0,False
2023-01-19 18:00:00,crop_potato,26.53,,21.75,63.66,2178.81,18,flowering,0.0,False
2023-01-19 19:30:00,crop_potato,20.61,,27.71,94.51,2225.94,18,flowering,0.0,False
2023-01-19 21:30:00,crop_potato,16.22,,23.53,44.03,1727.34,18,maturity,0.0,False
2023-01-19 22:30:00,crop_potato,22.04,,38.95,27.43,1540.52,18,maturity,0.0,False
2023-01-20 01:30:00,crop_potato,31.27,,21.23,72.02,2142.89,18,vegetative,0.0,False
2023-01-20 08:30:00,crop_potato,28.98,,24.1,74.98,319.68,19,maturity,0.0,False
2023-01-20 11:30:00,crop_potato,9.79,,17.83,25.87,2211.52,19,vegetative,0.0,False
2023-01-20 17:00:00,crop_potato,21.54,,18.41,82.51,525.98,19,flowering,0.0,False
2023-01-20 20:00:00,crop_potato,27.08,,32.36,82.82,1697.56,19,flowering,0.0,False
2023-01-20 22:30:00,crop_potato,35.61,,31.67,49.82,1038.97,19,maturity,0.0,False
2023-01-21 00:30:00,crop_potato,53.11,,20.57,91.45,1149.21,19,flowering,0.0,False
2023-01-21 02:30:00,crop_potato,28.6,,30.96,61.19,2136.37,19,maturity,0.0,False
2023-01-21 03:00:00,crop_potato,39.06,,31.6,80.81,1638.49,19,maturity,0.0,False
2023-01-21 03:30:00,crop_potato,35.79,,19.75,43.8,399.85,19,maturity,0.0,False
2023-01-21 04:00:00,crop_potato,29.73,,22.96,55.73,1247.18,19,maturity,0.0,False
2023-01-21 05:00:00,crop_potato,58.38,,39.75,47.92,1098.06,19,vegetative,0.0,False
2023-01-21 06:00:00,crop_potato,61.22,,13.39,54.98,2353.39,19,vegetative,0.0,False
2023-01-21 06:30:00,crop_potato,37.16,,28.48,56.31,339.52,19,maturity,0.0,False
2023-01-21 08:00:00,crop_potato,34.62,,22.31,38.1,2164.73,20,flowering,0.0,False
2023-01-21 11:00:00,crop_potato,58.87,,30.58,29.17,2307.42,20,maturity,0.0,False
2023-01-21 17:00:00,crop_potato,61.45,,14.6,30.93,284.24,20,maturity,0.0,False
2023-01-21 22:00:00,crop_potato,63.55,,22.48,55.78,636.98,20,maturity,0.0,False
2023-01-21 23:30:00,crop_potato,11.48,,37.01,77.23,1320.14,20,maturity,0.0,False
2023-01-22 01:00:00,crop_potato,10.55,,39.06,48.47,38.43,20,vegetative,0.0,False
2023-01-22 02:00:00,crop_potato,30.31,,13.59,64.77,1104.08,20,maturity,0.0,False
2023-01-22 04:30:00,crop_potato,53.15,,24.13,60.18,1879.94,20,maturity,0.0,False
2023-01-22 06:30:00,crop_potato,47.69,,21.92,94.43,1743.16,20,flowering,0.0,False
2023-01-22 07:30:00,crop_potato,33.15,,16.26,73.18,1972.3,21,maturity,0.0,False
2023-01-22 10:30:00,crop_potato,57.91,,31.95,94.13,1744.52,21,flowering,0.0,False
2023-01-22 12:00:00,crop_potato,57.33,,37.22,65.41,1403.11,21,maturity,0.0,False
2023-01-22 17:30:00,crop_potato,57.2,,18.24,79.08,2435.49,21,maturity,0.0,False
2023-01-22 19:30:00,crop_potato,16.65,,15.73,71.48,104.84,21,maturity,0.0,False
2023-01-22 20:00:00,crop_potato,40.32,,31.52,64.72,972.55,21,maturity,0.0,False
2023-01-22 22:00:00,crop_potato,43.61,,18.78,88.89,1936.06,21,flowering,0.0,False
2023-01-23 00:30:00,crop_potato,64.81,,33.04,93.36,696.93,21,maturity,0.0,False
2023-01-23 01:00:00,crop_potato,32.77,,28.86,61.31,846.74,21,flowering,0.0,False
2023-01-23 05:30:00,crop_potato,19.59,,21.38,78.85,2060.39,21,maturity,0.0,False
2023-01-23 12:00:00,crop_potato,39.73,,37.7,41.42,210.32,22,flowering,0.0,False
2023-01-23 13:00:00,crop_potato,21.88,,15.65,87.99,447.23,22,maturity,0.0,False
2023-01-23 14:00:00,crop_potato,51.14,,12.07,79.3,1003.97,22,flowering,0.0,False
2023-01-23 15:00:00,crop_potato,40.6,,20.55,30.25,1669.55,22,maturity,0.0,False
2023-01-23 15:30:00,crop_potato,57.65,,37.39,50.58,1385.08,22,maturity,0.0,False
2023-01-23 18:00:00,crop_potato,47.34,,21.33,53.79,1990.45,22,flowering,0.0,False
2023-01-23 18:30:00,crop_potato,30.4,,38.33,80.8,333.59,22,maturity,0.0,False
2023-01-23 19:00:00,crop_potato,58.14,,29.04,35.71,2420.1,22,maturity,0.0,False
2023-01-23 23:30:00,crop_potato,8.99,,24.46,51.05,602.77,22,vegetative,0.0,False
2023-01-24 01:00:00,crop_potato,34.9,,21.64,78.32,1534.08,22,flowering,0.0,False
2023-01-24 02:30:00,crop_potato,17.04,,13.08,29.73,1449.43,22,maturity,0.0,False
2023-01-24 09:30:00,crop_potato,29.49,,37.97,81.24,393.78,23,maturity,0.0,False
2023-01-24 10:30:00,crop_potato,38.1,,20.33,63.07,261.63,23,maturity,0.0,False
2023-01-24 12:30:00,crop_potato,33.16,,22.16,36.94,275.96,23,maturity,0.0,False
2023-01-24 18:30:00,crop_potato,18.97,,15.85,92.51,2149.64,23,maturity,0.0,False
2023-01-25 02:00:00,crop_potato,25.22,,26.36,91.03,1835.5,23,maturity,0.0,False
2023-01-25 04:30:00,crop_potato,42.3,,22.5,75.48,2335.85,23,vegetative,0.0,False
2023-01-25 08:30:00,crop_potato,45.03,,37.04,75.3,1595.37,24,flowering,0.0,False
2023-01-25 09:30:00,crop_potato,45.24,,26.88,46.64,2267.64,24,flowering,0.0,False
2023-01-25 10:30:00,crop_potato,61.72,,29.12,31.51,207.59,24,flowering,0.0,False
2023-01-25 12:30:00,crop_potato,33.69,,28.61,46.51,440.16,24,flowering,0.0,False
2023-01-25 13:00:00,crop_potato,40.14,,25.98,37.68,354.28,24,maturity,0.0,False
2023-01-25 13:30:00,crop_potato,16.97,,41.97,74.32,1113.56,24,flowering,0.0,False
2023-01-25 20:30:00,crop_potato,43.79,,12.68,49.47,1455.94,24,maturity,0.0,False
2023-01-26 00:00:00,crop_potato,52.38,,22.85,74.03,1436.65,24,maturity,0.0,False
2023-01-26 00:30:00,crop_potato,51.9,,15.24,87.41,1301.72,24,maturity,0.0,False
2023-01-26 08:30:00,crop_potato,48.85,,20.09,75.2,2006.22,25,maturity,0.0,False
2023-01-26 09:30:00,crop_potato,53.86,,27.01,74.3,835.87,25,maturity,0.0,False
2023-01-26 11:00:00,crop_potato,26.52,,13.2,33.17,270.44,25,vegetative,0.0,False
2023-01-26 11:30:00,crop_potato,37.47,,13.48,64.01,259.8,25,maturity,0.0,False
2023-01-26 12:30:00,crop_potato,61.89,,15.39,38.12,1170.79,25,maturity,0.0,False
2023-01-26 13:30:00,crop_potato,59.47,,37.27,58.69,2228.12,25,vegetative,0.0,False
2023-01-26 19:00:00,crop_potato,33.78,,15.65,78.53,1934.65,25,vegetative,0.0,False
2023-01-27 05:30:00,crop_potato,49.0,,38.84,43.87,2253.0,25,flowering,0.0,False
2023-01-27 06:00:00,crop_potato,33.03,,28.71,32.8,1764.14,25,maturity,0.0,False
2023-01-27 07:30:00,crop_potato,42.16,,12.59,28.9,960.1,26,maturity,0.0,False
2023-01-27 11:00:00,crop_potato,29.75,,39.95,72.35,2452.44,26,vegetative,0.0,False
2023-01-27 17:00:00,crop_potato,54.06,,34.49,26.46,1595.09,26,maturity,0.0,False
2023-01-27 23:30:00,crop_potato,26.56,,29.51,92.9,1401.57,26,maturity,0.0,False
2023-01-28 01:00:00,crop_potato,36.65,,40.02,66.33,1421.79,26,vegetative,0.0,False
2023-01-28 03:30:00,crop_potato,27.36,,38.5,42.26,1235.71,26,flowering,0.0,False
2023-01-28 06:30:00,crop_potato,31.67,,35.06,39.21,598.62,26,vegetative,0.0,False
2023-01-28 08:00:00,crop_potato,10.06,,19.75,92.58,2069.8,27,maturity,0.0,False
2023-01-28 10:00:00,crop_potato,32.49,,36.1,71.26,649.47,27,maturity,0.0,False
2023-01-28 10:30:00,crop_potato,49.56,,17.96,88.31,1783.96,27,flowering,0.0,False
2023-01-28 11:00:00,crop_potato,21.82,,12.16,88.17,1361.72,27,maturity,0.0,False
2023-01-28 15:30:00,crop_potato,8.37,,16.4,27.25,1211.03,27,maturity,0.0,False
2023-01-28 20:30:00,crop_potato,27.95,,38.48,37.58,260.6,27,maturity,0.0,False
2023-01-29 02:00:00,crop_potato,40.06,,39.79,89.04,2458.99,27,flowering,0.0,False
2023-01-29 06:00:00,crop_potato,11.31,,16.29,93.14,72.37,27,maturity,0.0,False
2023-01-29 13:00:00,crop_potato,41.52,,34.0,44.22,2378.03,28,flowering,0.0,False
2023-01-29 14:30:00,crop_potato,31.95,,33.76,41.96,2349.32,28,vegetative,0.0,False
2023-01-29 16:00:00,crop_potato,16.82,,41.12,57.91,1380.24,28,maturity,0.0,False
2023-01-29 18:30:00,crop_potato,42.19,,14.25,40.54,254.81,28,flowering,0.0,False
2023-01-30 00:30:00,crop_potato,17.84,,14.79,37.84,1884.55,28,maturity,0.0,False
2023-01-30 07:00:00,crop_potato,21.61,,18.54,58.78,513.5,29,maturity,0.0,False
2023-01-30 09:00:00,crop_potato,26.37,,20.25,82.96,2067.54,29,flowering,0.0,False
2023-01-30 11:00:00,crop_potato,40.14,,40.6,79.61,731.38,29,vegetative,0.0,False
2023-01-30 14:00:00,crop_potato,46.19,,12.24,36.37,300.59,29,flowering,0.0,False
2023-01-30 19:00:00,crop_potato,24.58,,16.39,72.54,1058.76,29,maturity,0.0,False
2023-01-30 20:00:00,crop_potato,53.94,,30.69,33.43,1163.93,29,maturity,0.0,False
2023-01-30 21:00:00,crop_potato,25.14,,40.71,86.16,741.84,29,maturity,0.0,False
2023-01-31 00:30:00,crop_potato,22.52,,39.26,35.13,2215.62,29,flowering,0.0,False
2023-01-31 07:00:00,crop_potato,12.26,,18.23,77.51,997.64,30,maturity,0.0,False
2023-01-31 08:00:00,crop_potato,46.46,,19.69,33.99,465.02,30,vegetative,0.0,False
2023-01-31 13:00:00,crop_potato,35.45,,34.79,39.16,2041.75,30,flowering,0.0,False
2023-01-31 15:00:00,crop_potato,27.52,,37.04,35.05,1988.31,30,flowering,0.0,False
2023-02-01 02:00:00,crop_potato,30.52,,33.8,83.18,1253.48,30,maturity,0.0,False
2023-02-01 04:30:00,crop_potato,14.99,,33.38,83.38,2404.69,30,maturity,0.0,False
2023-02-01 08:00:00,crop_potato,21.62,,24.61,42.01,2499.05,31,maturity,0.0,False
2023-02-01 10:30:00,crop_potato,14.64,,14.36,64.11,1173.82,31,flowering,0.0,False
2023-02-01 16:00:00,crop_potato,18.13,,34.44,31.54,349.22,31,maturity,0.0,False
2023-02-01 17:30:00,crop_potato,39.08,,40.07,77.22,1362.42,31,vegetative,0.0,False
2023-02-01 18:00:00,crop_potato,39.6,,33.06,88.87,917.62,31,vegetative,0.0,False
2023-02-01 20:00:00,crop_potato,14.18,,35.8,60.26,2016.77,31,maturity,0.0,False
2023-02-01 20:30:00,crop_potato,62.79,,20.97,61.88,1587.55,31,maturity,0.0,False
2023-02-02 00:30:00,crop_potato,29.81,,22.47,29.08,577.82,31,flowering,0.0,False
2023-02-02 03:30:00,crop_potato,39.13,,40.29,66.72,712.27,31,maturity,0.0,False
2023-02-02 16:00:00,crop_potato,64.8,,12.62,61.9,406.82,32,flowering,0.0,False
2023-02-02 19:00:00,crop_potato,14.02,,31.72,74.68,1407.35,32,maturity,0.0,False
2023-02-03 01:00:00,crop_potato,17.29,,39.43,46.91,937.09,32,maturity,0.0,False
2023-02-03 03:00:00,crop_potato,29.65,,29.32,25.87,196.24,32,vegetative,0.0,False
2023-02-03 05:00:00,crop_potato,45.17,,26.65,35.5,1017.41,32,vegetative,0.0,False
2023-02-03 07:00:00,crop_potato,44.56,,29.27,30.86,807.54,33,maturity,0.0,False
2023-02-03 08:30:00,crop_potato,49.19,,18.61,90.8,1378.08,33,vegetative,0.0,False
2023-02-03 11:30:00,crop_potato,64.92,,30.03,79.54,1694.0,33,vegetative,0.0,False
2023-02-03 13:00:00,crop_potato,27.73,,32.92,31.71,1302.11,33,maturity,0.0,False
2023-02-03 17:00:00,crop_potato,10.81,,12.29,25.7,1914.56,33,vegetative,0.0,False
2023-02-03 21:00:00,crop_potato,36.03,,26.75,94.24,1634.48,33,flowering,0.0,False
2023-02-03 23:30:00,crop_potato,42.55,,12.32,57.97,1022.15,33,maturity,0.0,False
2023-02-04 06:30:00,crop_potato,63.67,,13.45,25.94,1279.5,33,maturity,0.0,False
2023-02-04 08:30:00,crop_potato,26.56,,33.6,45.74,2378.54,34,flowering,0.0,False
2023-02-04 15:00:00,crop_potato,57.54,,34.21,28.14,309.54,34,vegetative,0.0,False
2023-02-04 16:30:00,crop_potato,16.99,,20.79,29.09,2028.49,34,maturity,0.0,False
2023-02-04 19:00:00,crop_potato,41.48,,18.34,72.45,1608.98,34,vegetative,0.0,False
2023-02-04 21:00:00,crop_potato,43.02,,22.03,49.3,2327.8,34,maturity,0.0,False
2023-02-05 03:00:00,crop_potato,24.93,,40.17,55.29,602.57,34,flowering,0.0,False
2023-02-05 10:00:00,crop_potato,56.54,,13.95,90.61,138.67,35,flowering,0.0,False
2023-02-05 10:30:00,crop_potato,11.17,,18.61,52.55,806.66,35,maturity,0.0,False
2023-02-05 13:30:00,crop_potato,63.5,,12.27,68.62,702.59,35,vegetative,0.0,False
2023-02-05 17:30:00,crop_potato,60.84,,15.85,74.69,2111.75,35,maturity,0.0,False
2023-02-05 22:30:00,crop_potato,54.42,,32.2,33.3,731.0,35,flowering,0.0,False
2023-02-06 01:00:00,crop_potato,40.95,,35.68,56.8,1912.76,35,maturity,0.0,False
2023-02-06 05:30:00,crop_potato,38.64,,27.71,51.31,2283.55,35,maturity,0.0,False
2023-02-06 09:00:00,crop_potato,56.02,,41.67,32.37,1645.27,36,flowering,0.0,False
2023-02-06 11:00:00,crop_potato,54.06,,38.59,73.73,1450.04,36,flowering,0.0,False
2023-02-06 13:00:00,crop_potato,46.87,,35.62,42.56,296.22,36,vegetative,0.0,False
2023-02-06 23:00:00,crop_potato,39.31,,33.92,33.79,22.85,36,vegetative,0.0,False
2023-02-07 05:30:00,crop_potato,42.95,,35.61,60.26,225.42,36,vegetative,0.0,False
2023-02-07 07:30:00,crop_potato,10.43,,34.8,62.2,1440.62,37,vegetative,0.0,False
2023-02-07 18:30:00,crop_potato,29.26,,26.35,82.4,256.82,37,flowering,0.0,False
2023-02-07 20:00:00,crop_potato,26.93,,28.55,36.94,1273.1,37,maturity,0.0,False
2023-02-07 21:30:00,crop_potato,54.59,,31.55,64.29,1337.98,37,flowering,0.0,False
2023-02-07 23:30:00,crop_potato,14.88,,19.43,83.62,379.01,37,vegetative,0.0,False
2023-02-08 01:00:00,crop_potato,41.48,,31.19,44.79,2428.03,37,vegetative,0.0,False
2023-02-08 02:00:00,crop_potato,14.08,,19.0,27.56,2493.23,37,maturity,0.0,False
2023-02-08 03:00:00,crop_potato,41.71,,14.49,61.02,1641.58,37,maturity,0.0,False
2023-02-08 17:00:00,crop_potato,55.14,,33.73,71.38,1029.27,38,flowering,0.0,False
2023-02-08 17:30:00,crop_potato,24.22,,39.62,51.34,206.96,38,vegetative,0.0,False
2023-02-08 18:30:00,crop_potato,25.79,,14.24,86.63,49.06,38,maturity,0.0,False
2023-02-08 19:00:00,crop_potato,23.31,,42.0,46.38,1498.37,38,maturity,0.0,False
2023-02-08 19:30:00,crop_potato,32.59,,32.74,27.15,1756.66,38,maturity,0.0,False
2023-02-08 20:00:00,crop_potato,29.59,,38.59,47.9,478.03,38,maturity,0.0,False
2023-02-08 21:00:00,crop_potato,54.35,,36.02,80.58,284.71,38,maturity,0.0,False
2023-02-08 22:00:00,crop_potato,20.18,,16.54,25.84,1887.72,38,maturity,0.0,False
2023-02-08 22:30:00,crop_potato,46.01,,16.84,71.84,781.78,38,vegetative,0.0,False
2023-02-08 23:30:00,crop_potato,59.36,,18.5,30.81,1621.56,38,maturity,0.0,False
2023-02-09 04:00:00,crop_potato,36.73,,41.02,34.2,1035.65,38,flowering,0.0,False
2023-02-09 07:30:00,crop_potato,39.93,,12.87,37.66,1431.27,39,maturity,0.0,False
2023-02-09 12:30:00,crop_potato,28.64,,30.62,45.02,2418.27,39,maturity,0.0,False
2023-02-09 13:00:00,crop_potato,61.32,,37.7,28.44,1645.13,39,maturity,0.0,False
2023-02-09 20:30:00,crop_potato,19.38,,26.7,62.71,807.1,39,flowering,0.0,False
2023-02-09 21:30:00,crop_potato,35.83,,36.5,42.07,2391.57,39,vegetative,0.0,False
2023-02-10 00:00:00,crop_potato,45.71,,22.9,82.77,2485.42,39,flowering,0.0,False
2023-02-10 08:00:00,crop_potato,22.09,,20.68,85.78,1294.23,40,flowering,0.0,False
2023-02-10 12:30:00,crop_potato,14.85,,26.97,30.51,697.79,40,maturity,0.0,False
2023-02-10 19:30:00,crop_potato,59.97,,36.07,58.97,100.96,40,maturity,0.0,False
2023-02-11 00:00:00,crop_potato,50.4,,21.31,80.31,97.89,40,vegetative,0.0,False
2023-02-11 03:30:00,crop_potato,45.0,,22.45,38.62,2072.3,40,flowering,0.0,False
2023-02-11 10:30:00,crop_potato,63.13,,19.0,71.07,99.92,41,maturity,0.0,False
2023-02-11 13:30:00,crop_potato,26.07,,37.22,69.47,2146.33,41,maturity,0.0,False
2023-02-11 14:00:00,crop_potato,38.56,,34.16,44.15,1114.81,41,maturity,0.0,False
2023-02-11 14:30:00,crop_potato,45.69,,19.88,52.99,1774.72,41,vegetative,0.0,False
2023-02-11 16:00:00,crop_potato,54.34,,31.01,56.66,1189.46,41,flowering,0.0,False
2023-02-11 17:30:00,crop_potato,33.61,,13.22,28.56,581.91,41,vegetative,0.0,False
2023-02-11 21:00:00,crop_potato,60.91,,21.88,32.83,2152.24,41,maturity,0.0,False
2023-02-12 00:00:00,crop_potato,26.21,,25.28,59.5,311.31,41,vegetative,0.0,False
2023-02-12 09:30:00,crop_potato,55.47,,25.85,55.99,1057.85,42,vegetative,0.0,False
2023-02-12 15:30:00,crop_potato,60.11,,19.07,53.39,1547.07,42,maturity,0.0,False
2023-02-12 17:30:00,crop_potato,13.21,,33.59,40.0,256.5,42,maturity,0.0,False
2023-02-12 22:00:00,crop_potato,20.78,,28.61,85.42,1167.86,42,maturity,0.0,False
2023-02-12 23:30:00,crop_potato,9.88,,31.92,79.6,1185.67,42,maturity,0.0,False
2023-02-13 00:00:00,crop_potato,54.31,,35.72,54.86,2480.03,42,flowering,0.0,False
2023-02-13 03:00:00,crop_potato,28.18,,12.3,25.8,1933.88,42,maturity,0.0,False
2023-02-13 03:30:00,crop_potato,39.6,,31.86,44.64,523.97,42,maturity,0.0,False
2023-02-13 08:00:00,crop_potato,34.09,,36.41,50.37,2140.41,43,maturity,0.0,False
2023-02-13 14:30:00,crop_potato,25.13,,16.62,58.99,1687.1,43,vegetative,0.0,False
2023-02-13 17:00:00,crop_potato,27.04,,33.97,49.05,497.7,43,flowering,0.0,False
2023-02-13 19:30:00,crop_potato,28.09,,37.48,74.08,1029.72,43,maturity,0.0,False
2023-02-14 00:00:00,crop_potato,32.34,,21.92,52.06,1689.18,43,flowering,0.0,False
2023-02-14 00:30:00,crop_potato,59.42,,36.07,73.87,401.88,43,vegetative,0.0,False
2023-02-14 02:30:00,crop_potato,24.57,,25.85,80.3,1363.22,43,maturity,0.0,False
2023-02-14 03:30:00,crop_potato,23.71,,14.08,54.13,1322.33,43,maturity,0.0,False
2023-02-14 05:00:00,crop_potato,17.68,,24.18,43.84,779.72,43,flowering,0.0,False
2023-02-14 06:00:00,crop_potato,35.61,,14.89,34.3,1654.99,43,vegetative,0.0,False
2023-02-14 07:30:00,crop_potato,26.5,,37.85,78.02,293.69,44,maturity,0.0,False
2023-02-14 09:30:00,crop_potato,20.71,,30.74,57.47,1998.42,44,maturity,0.0,False
2023-02-14 13:00:00,crop_potato,53.68,,16.2,33.0,2212.88,44,flowering,0.0,False
2023-02-14 18:00:00,crop_potato,29.16,,31.57,94.49,6.78,44,flowering,0.0,False
2023-02-14 20:00:00,crop_potato,64.84,,29.33,26.28,1534.29,44,maturity,0.0,False
2023-02-15 00:00:00,crop_potato,39.27,,40.89,93.26,508.64,44,flowering,0.0,False
2023-02-15 02:00:00,crop_potato,59.2,,16.2,47.2,916.28,44,maturity,0.0,False
2023-02-15 04:00:00,crop_potato,55.45,,23.45,60.81,1068.47,44,maturity,0.0,False
2023-02-15 06:30:00,crop_potato,18.72,,33.89,40.19,1324.27,44,maturity,0.0,False
2023-02-15 07:30:00,crop_potato,49.03,,24.71,37.68,44.92,45,vegetative,0.0,False
2023-02-15 21:30:00,crop_potato,29.75,,39.35,44.54,1944.63,45,flowering,0.0,False
2023-02-15 23:00:00,crop_potato,37.33,,18.17,73.52,2320.32,45,flowering,0.0,False
2023-02-15 23:30:00,crop_potato,34.68,,34.23,33.74,951.93,45,maturity,0.0,False
2023-02-16 08:00:00,crop_potato,63.38,,20.65,40.45,2043.25,46,flowering,0.0,False
2023-02-16 11:00:00,crop_potato,41.22,,18.56,56.37,609.61,46,maturity,0.0,False
2023-02-16 11:30:00,crop_potato,42.87,,12.07,39.65,899.2,46,maturity,0.0,False
2023-02-16 14:00:00,crop_potato,20.3,,37.92,74.43,1652.23,46,maturity,0.0,False
2023-02-16 16:30:00,crop_potato,38.53,,23.72,25.23,1752.31,46,vegetative,0.0,False
2023-02-16 17:00:00,crop_potato,25.81,,19.79,89.76,1090.28,46,flowering,0.0,False
2023-02-17 00:00:00,crop_potato,9.31,,28.49,43.21,19.3,46,maturity,0.0,False
2023-02-17 00:30:00,crop_potato,63.26,,41.61,78.73,163.2,46,flowering,0.0,False
2023-02-17 02:00:00,crop_potato,51.34,,39.1,85.78,1926.47,46,maturity,0.0,False
2023-02-17 03:00:00,crop_potato,50.84,,40.01,58.45,401.96,46,maturity,0.0,False
2023-02-17 07:00:00,crop_potato,36.07,,34.16,87.02,841.0,47,maturity,0.0,False
2023-02-17 10:30:00,crop_potato,50.53,,33.41,35.22,1370.75,47,flowering,0.0,False
2023-02-17 11:00:00,crop_potato,14.9,,29.93,29.73,2253.66,47,flowering,0.0,False
2023-02-17 13:00:00,crop_potato,30.33,,23.55,73.9,1632.82,47,vegetative,0.0,False
2023-02-17 15:30:00,crop_potato,21.23,,17.76,40.61,1594.0,47,maturity,0.0,False
2023-02-17 17:00:00,crop_potato,33.47,,22.18,48.77,897.97,47,flowering,0.0,False
2023-02-17 18:00:00,crop_potato,21.88,,20.07,83.17,1278.22,47,vegetative,0.0,False
2023-02-17 20:00:00,crop_potato,57.88,,38.7,78.28,1498.99,47,maturity,0.0,False
2023-02-17 21:30:00,crop_potato,50.93,,41.08,54.71,948.36,47,flowering,0.0,False
2023-02-17 22:00:00,crop_potato,32.7,,39.87,29.77,1460.97,47,flowering,0.0,False
2023-02-17 22:30:00,crop_potato,39.2,,25.07,32.66,980.96,47,maturity,0.0,False
2023-02-18 03:00:00,crop_potato,41.29,,12.88,42.03,1169.22,47,flowering,0.0,False
2023-02-18 06:30:00,crop_potato,42.68,,40.72,64.71,2137.79,47,maturity,0.0,False
2023-02-18 07:00:00,crop_potato,59.17,,30.74,80.3,385.68,48,vegetative,0.0,False
2023-02-18 07:30:00,crop_potato,30.88,,32.85,43.17,1944.09,48,maturity,0.0,False
2023-02-18 09:30:00,crop_potato,9.7,,34.79,77.35,1986.03,48,maturity,0.0,False
2023-02-18 17:00:00,crop_potato,19.39,,27.14,34.42,1041.33,48,maturity,0.0,False
2023-02-18 18:30:00,crop_potato,47.53,,26.31,72.86,55.68,48,vegetative,0.0,False
2023-02-18 20:00:00,crop_potato,33.33,,16.56,82.28,355.48,48,maturity,0.0,False
2023-02-19 01:00:00,crop_potato,23.28,,16.76,31.45,2336.25,48,flowering,0.0,False
2023-02-19 11:30:00,crop_potato,54.47,,18.7,94.97,2412.78,49,maturity,0.0,False
2023-02-19 13:30:00,crop_potato,21.8,,37.85,78.89,258.19,49,maturity,0.0,False
2023-02-19 15:00:00,crop_potato,20.6,,12.93,41.17,1361.51,49,vegetative,0.0,False
2023-02-19 15:30:00,crop_potato,36.56,,19.18,55.12,2060.35,49,maturity,0.0,False
2023-02-19 18:00:00,crop_potato,52.42,,34.21,85.63,2178.54,49,flowering,0.0,False
2023-02-19 22:00:00,crop_potato,29.64,,22.52,91.56,2012.92,49,maturity,0.0,False
2023-02-20 04:00:00,crop_potato,14.29,,40.03,73.97,991.89,49,maturity,0.0,False
2023-02-20 06:00:00,crop_potato,17.27,,36.69,71.57,550.44,49,maturity,0.0,False
2023-02-20 07:00:00,crop_potato,12.36,,22.77,52.44,2164.7,50,maturity,0.0,False
2023-02-20 07:30:00,crop_potato,60.43,,21.57,60.88,1482.75,50,maturity,0.0,False
2023-02-20 08:30:00,crop_potato,30.61,,35.35,76.97,1613.75,50,maturity,0.0,False
2023-02-20 19:30:00,crop_potato,61.24,,40.76,84.58,2418.44,50,maturity,0.0,False
2023-02-21 00:00:00,crop_potato,26.31,,40.61,59.91,1495.92,50,flowering,0.0,False
2023-02-21 00:30:00,crop_potato,32.12,,26.48,45.75,491.99,50,vegetative,0.0,False
2023-02-21 01:30:00,crop_potato,16.93,,24.65,29.4,2298.38,50,vegetative,0.0,False
2023-02-21 02:00:00,crop_potato,38.83,,38.31,75.48,1211.98,50,vegetative,0.0,False
2023-02-21 04:00:00,crop_potato,61.96,,24.46,33.79,1111.08,50,vegetative,0.0,False
2023-02-21 05:30:00,crop_potato,30.13,,38.47,68.9,531.48,50,maturity,0.0,False
2023-02-21 06:00:00,crop_potato,16.31,,26.7,82.78,729.44,50,vegetative,0.0,False
2023-02-21 08:00:00,crop_potato,34.49,,12.69,88.68,1819.08,51,maturity,0.0,False
2023-02-21 15:00:00,crop_potato,47.35,,32.65,83.03,167.52,51,maturity,0.0,False
2023-02-21 17:30:00,crop_potato,16.48,,27.99,72.07,1287.71,51,vegetative,0.0,False
2023-02-21 18:30:00,crop_potato,25.19,,18.07,51.18,2091.66,51,maturity,0.0,False
2023-02-21 21:30:00,crop_potato,8.45,,14.86,47.7,1689.06,51,maturity,0.0,False
2023-02-22 03:00:00,crop_potato,60.48,,32.11,57.65,216.12,51,flowering,0.0,False
2023-02-22 06:00:00,crop_potato,17.85,,41.59,54.62,895.52,51,vegetative,0.0,False
2023-02-22 06:30:00,crop_potato,56.6,,23.55,43.17,1673.36,51,vegetative,0.0,False
2023-02-22 07:00:00,crop_potato,15.98,,19.89,64.85,447.36,52,maturity,0.0,False
2023-02-22 10:00:00,crop_potato,50.14,,39.53,89.52,870.99,52,vegetative,0.0,False
2023-02-22 17:00:00,crop_potato,44.66,,39.73,69.16,677.24,52,maturity,0.0,False
2023-02-22 18:30:00,crop_potato,59.66,,15.43,84.57,2451.77,52,flowering,0.0,False
2023-02-22 21:30:00,crop_potato,28.59,,27.84,40.52,743.06,52,flowering,0.0,False
2023-02-22 22:00:00,crop_potato,37.56,,33.78,43.94,1625.65,52,vegetative,0.0,False
2023-02-23 00:30:00,crop_potato,48.69,,39.1,31.72,1852.7,52,maturity,0.0,False
2023-02-23 06:00:00,crop_potato,28.25,,38.69,81.77,2116.89,52,vegetative,0.0,False
2023-02-23 09:00:00,crop_potato,39.55,,17.71,36.63,1532.47,53,maturity,0.0,False
2023-02-23 11:00:00,crop_potato,45.7,,19.35,45.43,1589.39,53,maturity,0.0,False
2023-02-23 13:00:00,crop_potato,60.85,,40.62,91.72,860.71,53,maturity,0.0,False
2023-02-23 22:30:00,crop_potato,44.56,,29.69,35.12,288.59,53,maturity,0.0,False
2023-02-24 00:00:00,crop_potato,21.07,,34.54,59.54,1743.31,53,vegetative,0.0,False
2023-02-24 05:00:00,crop_potato,15.08,,34.03,50.22,1885.32,53,maturity,0.0,False
2023-02-24 10:30:00,crop_potato,29.03,,12.12,81.09,1660.07,54,vegetative,0.0,False
2023-02-24 14:00:00,crop_potato,9.88,,33.1,55.85,85.21,54,vegetative,0.0,False
2023-02-24 17:00:00,crop_potato,44.76,,17.0,81.8,399.0,54,maturity,0.0,False
2023-02-24 20:30:00,crop_potato,44.46,,35.57,34.61,1375.15,54,flowering,0.0,False
2023-02-24 22:30:00,crop_potato,17.92,,14.44,48.03,629.6,54,vegetative,0.0,False
2023-02-25 01:00:00,crop_potato,27.66,,18.84,60.2,575.65,54,flowering,0.0,False
2023-02-25 07:00:00,crop_potato,18.97,,19.45,85.26,776.76,55,maturity,0.0,False
2023-02-25 08:00:00,crop_potato,11.5,,34.01,26.97,1794.64,55,maturity,0.0,False
2023-02-25 10:00:00,crop_potato,35.98,,20.82,86.37,2349.96,55,maturity,0.0,False
2023-02-25 12:00:00,crop_potato,45.06,,35.4,94.28,1673.54,55,maturity,0.0,False
2023-02-25 15:30:00,crop_potato,48.54,,13.49,75.42,2162.22,55,maturity,0.0,False
2023-02-25 17:30:00,crop_potato,40.4,,34.99,91.94,783.8,55,maturity,0.0,False
2023-02-25 21:30:00,crop_potato,14.78,,26.98,40.43,465.63,55,flowering,0.0,False
2023-02-26 00:00:00,crop_potato,48.05,,15.01,45.62,1963.66,55,vegetative,0.0,False
2023-02-26 07:30:00,crop_potato,52.15,,19.76,27.29,1471.56,56,maturity,0.0,False
2023-02-26 10:00:00,crop_potato,58.16,,41.5,79.67,843.7,56,vegetative,0.0,False
2023-02-26 13:30:00,crop_potato,28.02,,20.52,36.56,1576.4,56,vegetative,0.0,False
2023-02-26 18:00:00,crop_potato,50.28,,19.29,47.21,872.57,56,flowering,0.0,False
2023-02-26 18:30:00,crop_potato,61.06,,41.9,79.12,2051.54,56,maturity,0.0,False
2023-02-26 19:00:00,crop_potato,17.43,,21.75,58.9,942.17,56,flowering,0.0,False
2023-02-26 19:30:00,crop_potato,16.22,,32.15,49.38,1013.08,56,flowering,0.0,False
2023-02-26 20:00:00,crop_potato,38.86,,37.34,36.06,338.83,56,flowering,0.0,False
2023-02-26 22:30:00,crop_potato,35.34,,12.35,34.03,1870.34,56,flowering,0.0,False
2023-02-27 03:00:00,crop_potato,46.11,,16.16,47.42,1066.76,56,flowering,0.0,False
2023-02-27 05:30:00,crop_potato,23.03,,25.18,77.39,125.07,56,maturity,0.0,False
2023-02-27 06:30:00,crop_potato,29.08,,28.78,53.08,1859.83,56,flowering,0.0,False
2023-02-27 09:00:00,crop_potato,14.71,,28.74,63.87,1517.41,57,flowering,0.0,False
2023-02-27 09:30:00,crop_potato,26.83,,23.0,84.6,2409.8,57,maturity,0.0,False
2023-02-27 16:30:00,crop_potato,54.52,,37.04,73.0,155.54,57,flowering,0.0,False
2023-02-27 18:30:00,crop_potato,18.55,,29.85,33.11,351.93,57,vegetative,0.0,False
2023-02-28 05:30:00,crop_potato,9.43,,31.37,32.13,1209.22,57,flowering,0.0,False
2023-02-28 10:00:00,crop_potato,62.58,,35.67,36.54,1352.62,58,maturity,0.0,False
2023-02-28 10:30:00,crop_potato,34.14,,16.6,63.13,1079.36,58,maturity,0.0,False
2023-02-28 11:00:00,crop_potato,19.87,,12.53,59.34,488.51,58,flowering,0.0,False
2023-02-28 12:00:00,crop_potato,24.21,,16.32,57.94,1578.09,58,maturity,0.0,False
2023-02-28 12:30:00,crop_potato,23.23,,35.41,70.0,96.75,58,vegetative,0.0,False
2023-02-28 14:00:00,crop_potato,11.67,,14.21,86.26,547.32,58,vegetative,0.0,False
2023-02-28 17:30:00,crop_potato,21.1,,40.03,56.61,1089.05,58,maturity,0.0,False
2023-02-28 19:00:00,crop_potato,46.58,,38.24,65.51,419.3,58,maturity,0.0,False
2023-02-28 22:30:00,crop_potato,45.24,,27.45,60.81,1533.63,58,maturity,0.0,False
2023-02-28 23:30:00,crop_potato,18.47,,27.3,49.78,1163.73,58,maturity,0.0,False
2023-03-01 02:30:00,crop_potato,32.47,,13.71,44.51,1421.16,58,flowering,0.0,False
2023-03-01 03:00:00,crop_potato,52.93,,12.71,40.07,84.72,58,maturity,0.0,False
2023-03-01 05:00:00,crop_potato,63.09,,39.99,77.33,746.36,58,maturity,0.0,False
2023-03-01 06:30:00,crop_potato,22.4,,21.59,93.17,560.58,58,maturity,0.0,False
2023-03-01 07:30:00,crop_potato,28.17,,39.55,66.06,727.49,59,flowering,0.0,False
2023-03-01 08:30:00,crop_potato,56.01,,33.85,46.91,1802.8,59,maturity,0.0,False
2023-03-01 10:30:00,crop_potato,34.41,,21.87,69.09,1062.21,59,flowering,0.0,False
2023-03-01 17:00:00,crop_potato,12.65,,25.0,53.84,2238.41,59,maturity,0.0,False
2023-03-01 19:00:00,crop_potato,10.55,,14.92,58.56,1704.59,59,vegetative,0.0,False
2023-03-01 20:00:00,crop_potato,62.31,,35.68,59.17,1927.03,59,flowering,0.0,False
2023-03-01 23:00:00,crop_potato,36.0,,33.94,50.31,241.4,59,maturity,0.0,False
2023-03-02 03:00:00,crop_potato,26.12,,12.46,58.84,135.61,59,vegetative,0.0,False
2023-03-02 04:00:00,crop_potato,52.51,,32.74,91.3,2274.67,59,maturity,0.0,False
2023-03-02 09:00:00,crop_potato,37.45,,25.16,38.84,1275.9,60,maturity,0.0,False
2023-03-02 11:30:00,crop_potato,9.2,,13.72,71.09,4.48,60,flowering,0.0,False
2023-03-02 14:00:00,crop_potato,40.98,,21.69,88.09,1019.51,60,maturity,0.0,False
2023-03-02 16:30:00,crop_potato,60.49,,14.43,94.23,1265.48,60,maturity,0.0,False
2023-03-02 19:30:00,crop_potato,58.28,,20.26,79.05,1915.04,60,vegetative,0.0,False
2023-03-02 23:30:00,crop_potato,10.79,,30.46,89.5,2376.32,60,maturity,0.0,False
2023-03-03 02:30:00,crop_potato,15.4,,24.94,68.5,2478.78,60,flowering,0.0,False
2023-03-03 04:30:00,crop_potato,34.57,,37.78,67.04,985.89,60,flowering,0.0,False
2023-03-03 05:30:00,crop_potato,58.1,,18.56,60.58,1572.86,60,vegetative,0.0,False
2023-03-03 07:30:00,crop_potato,40.8,,19.45,80.03,1764.43,61,maturity,0.0,False
2023-03-03 08:30:00,crop_potato,25.48,,30.42,63.32,2078.46,61,maturity,0.0,False
2023-03-03 09:30:00,crop_potato,40.71,,18.9,59.86,889.26,61,maturity,0.0,False
2023-03-03 20:30:00,crop_potato,16.45,,14.19,50.31,2455.74,61,maturity,0.0,False
2023-03-03 22:00:00,crop_potato,11.67,,19.95,52.8,326.0,61,flowering,0.0,False
2023-03-04 05:00:00,crop_potato,33.86,,19.11,88.84,683.2,61,maturity,0.0,False
2023-03-04 10:30:00,crop_potato,49.36,,27.55,74.13,931.29,62,maturity,0.0,False
2023-03-04 21:00:00,crop_potato,26.8,,18.74,25.21,2162.61,62,maturity,0.0,False
2023-03-04 22:00:00,crop_potato,35.13,,34.11,75.01,1286.08,62,maturity,0.0,False
2023-03-04 23:30:00,crop_potato,62.56,,13.47,92.61,1878.63,62,maturity,0.0,False
2023-03-05 00:30:00,crop_potato,58.56,,28.15,30.35,1437.92,62,maturity,0.0,False
2023-03-05 06:30:00,crop_potato,47.96,,33.89,47.27,1407.02,62,vegetative,0.0,False
2023-03-05 09:00:00,crop_potato,33.59,,37.27,68.54,924.23,63,maturity,0.0,False
2023-03-05 09:30:00,crop_potato,11.48,,33.51,88.24,1300.79,63,flowering,0.0,False
2023-03-05 10:00:00,crop_potato,56.14,,36.64,41.63,286.77,63,maturity,0.0,False
2023-03-05 10:30:00,crop_potato,46.42,,16.74,73.83,557.68,63,maturity,0.0,False
2023-03-05 14:30:00,crop_potato,48.4,,28.18,32.12,207.06,63,maturity,0.0,False
2023-03-05 15:30:00,crop_potato,46.04,,16.61,88.43,474.73,63,maturity,0.0,False
2023-03-05 19:30:00,crop_potato,64.88,,24.85,76.13,437.52,63,maturity,0.0,False
2023-03-05 22:30:00,crop_potato,59.37,,22.73,86.63,857.91,63,flowering,0.0,False
2023-03-06 02:00:00,crop_potato,42.63,,36.82,59.56,192.97,63,vegetative,0.0,False
2023-03-06 06:30:00,crop_potato,33.68,,15.44,56.14,831.25,63,vegetative,0.0,False
2023-03-06 10:00:00,crop_potato,15.28,,23.81,92.48,1137.83,64,maturity,0.0,False
2023-03-06 18:00:00,crop_potato,31.81,,13.39,67.83,979.64,64,vegetative,0.0,False
2023-03-06 19:00:00,crop_potato,36.85,,38.55,52.38,1590.45,64,maturity,0.0,False
2023-03-06 21:00:00,crop_potato,22.13,,24.46,55.01,2474.12,64,maturity,0.0,False
2023-03-06 23:30:00,crop_potato,54.49,,14.21,32.65,905.84,64,flowering,0.0,False
2023-03-07 07:00:00,crop_potato,28.91,,14.12,71.06,146.14,65,flowering,0.0,False
2023-03-07 13:00:00,crop_potato,49.12,,15.55,92.57,1932.5,65,flowering,0.0,False
2023-03-07 21:30:00,crop_potato,52.64,,39.17,46.2,2209.68,65,vegetative,0.0,False
2023-03-08 03:30:00,crop_potato,60.17,,39.65,32.72,558.93,65,flowering,0.0,False
2023-03-08 07:30:00,crop_potato,19.88,,28.39,27.93,960.94,66,maturity,0.0,False
2023-03-08 09:30:00,crop_potato,51.07,,20.41,80.36,240.19,66,flowering,0.0,False
2023-03-08 12:00:00,crop_potato,20.85,,35.15,29.77,1865.2,66,maturity,0.0,False
2023-03-08 21:00:00,crop_potato,24.11,,34.31,71.31,2254.51,66,flowering,0.0,False
2023-03-08 21:30:00,crop_potato,18.48,,19.63,30.44,273.64,66,vegetative,0.0,False
2023-03-08 22:00:00,crop_potato,11.07,,33.58,51.62,1833.59,66,flowering,0.0,False
2023-03-09 07:30:00,crop_potato,41.63,,22.95,48.79,792.27,67,flowering,0.0,False
2023-03-09 09:30:00,crop_potato,48.85,,37.5,69.92,2402.28,67,maturity,0.0,False
2023-03-09 10:00:00,crop_potato,25.08,,27.9,36.12,977.8,67,maturity,0.0,False
2023-03-09 11:00:00,crop_potato,16.42,,17.8,57.13,666.7,67,vegetative,0.0,False
2023-03-09 12:30:00,crop_potato,28.43,,17.49,25.44,1807.97,67,maturity,0.0,False
2023-03-09 14:00:00,crop_potato,24.56,,23.81,36.15,2008.67,67,vegetative,0.0,False
2023-03-09 16:00:00,crop_potato,14.83,,39.62,48.12,574.64,67,maturity,0.0,False
2023-03-09 22:30:00,crop_potato,25.19,,24.87,41.34,1209.29,67,maturity,0.0,False
2023-03-10 07:30:00,crop_potato,49.01,,34.11,51.06,1152.99,68,flowering,0.0,False
2023-03-10 12:00:00,crop_potato,55.23,,22.78,87.54,2235.58,68,vegetative,0.0,False
2023-03-10 18:30:00,crop_potato,18.69,,23.28,45.71,1995.18,68,flowering,0.0,False
2023-03-11 00:30:00,crop_potato,20.17,,19.94,85.65,2234.03,68,vegetative,0.0,False
2023-03-11 02:30:00,crop_potato,64.94,,26.79,73.7,852.67,68,maturity,0.0,False
2023-03-11 06:00:00,crop_potato,22.65,,34.55,41.15,1854.85,68,vegetative,0.0,False
2023-03-11 09:00:00,crop_potato,52.41,,27.59,86.56,504.54,69,maturity,0.0,False
2023-03-11 10:00:00,crop_potato,28.74,,12.77,39.3,1191.04,69,flowering,0.0,False
2023-03-11 12:30:00,crop_potato,19.86,,29.28,71.1,2163.31,69,maturity,0.0,False
2023-03-11 13:00:00,crop_potato,29.9,,21.18,58.46,743.7,69,maturity,0.0,False
2023-03-11 14:30:00,crop_potato,34.69,,27.62,93.48,734.23,69,flowering,0.0,False
2023-03-12 01:00:00,crop_potato,28.46,,24.28,84.09,1097.79,69,flowering,0.0,False
2023-03-12 02:00:00,crop_potato,26.4,,41.7,84.51,1154.81,69,maturity,0.0,False
2023-03-12 05:00:00,crop_potato,44.92,,12.12,83.76,842.58,69,maturity,0.0,False
2023-03-12 09:00:00,crop_potato,45.76,,36.68,79.71,2308.88,70,maturity,0.0,False
2023-03-12 15:00:00,crop_potato,17.41,,13.29,74.27,2148.05,70,flowering,0.0,False
2023-03-12 18:30:00,crop_potato,28.13,,21.25,38.34,914.1,70,maturity,0.0,False
2023-03-12 20:00:00,crop_potato,53.48,,24.29,91.05,1462.04,70,vegetative,0.0,False
2023-03-12 20:30:00,crop_potato,40.57,,16.92,57.81,630.58,70,maturity,0.0,False
2023-03-12 23:00:00,crop_potato,58.34,,39.77,65.19,1247.85,70,flowering,0.0,False
2023-03-13 02:00:00,crop_potato,62.15,,33.83,66.7,1650.97,70,maturity,0.0,False
2023-03-13 02:30:00,crop_potato,64.08,,19.95,61.78,13.53,70,vegetative,0.0,False
2023-03-13 09:30:00,crop_potato,29.32,,40.2,27.6,738.42,71,maturity,0.0,False
2023-03-13 10:30:00,crop_potato,15.59,,21.14,74.56,2266.56,71,flowering,0.0,False
2023-03-14 00:30:00,crop_potato,45.7,,40.02,45.87,1027.08,71,vegetative,0.0,False
2023-03-14 06:30:00,crop_potato,21.83,,29.99,58.6,418.08,71,maturity,0.0,False
2023-03-14 08:00:00,crop_potato,32.87,,21.87,27.05,2404.23,72,flowering,0.0,False
2023-03-14 10:00:00,crop_potato,40.27,,24.11,65.55,1260.09,72,maturity,0.0,False
2023-03-14 13:00:00,crop_potato,58.27,,36.01,40.18,2222.9,72,vegetative,0.0,False
2023-03-14 18:30:00,crop_potato,44.88,,20.31,82.48,1274.96,72,maturity,0.0,False
2023-03-14 20:30:00,crop_potato,14.6,,22.17,28.47,997.53,72,flowering,0.0,False
2023-03-15 04:00:00,crop_potato,59.34,,22.12,41.3,1791.36,72,vegetative,0.0,False
2023-03-15 08:00:00,crop_potato,12.04,,37.97,36.62,1061.21,73,maturity,0.0,False
2023-03-15 13:30:00,crop_potato,20.6,,23.36,68.72,514.43,73,maturity,0.0,False
2023-03-15 14:30:00,crop_potato,26.87,,20.12,66.08,1535.43,73,flowering,0.0,False
2023-03-15 15:00:00,crop_potato,48.62,,41.54,36.99,185.74,73,maturity,0.0,False
2023-03-15 16:00:00,crop_potato,17.14,,24.19,43.5,972.57,73,flowering,0.0,False
2023-03-16 01:30:00,crop_potato,64.67,,12.19,86.59,51.68,73,maturity,0.0,False
2023-03-16 07:00:00,crop_potato,50.73,,29.83,52.56,832.28,74,vegetative,0.0,False
2023-03-16 07:30:00,crop_potato,51.18,,32.98,72.18,1793.37,74,maturity,0.0,False
2023-03-16 10:30:00,crop_potato,49.32,,34.02,29.25,1750.79,74,maturity,0.0,False
2023-03-16 11:30:00,crop_potato,48.02,,16.87,89.96,2231.44,74,maturity,0.0,False
2023-03-16 18:30:00,crop_potato,18.77,,25.51,63.84,1896.79,74,vegetative,0.0,False
2023-03-16 19:00:00,crop_potato,16.98,,31.26,80.96,1423.24,74,flowering,0.0,False
2023-03-16 19:30:00,crop_potato,21.48,,16.88,81.17,176.3,74,maturity,0.0,False
2023-03-16 23:30:00,crop_potato,23.92,,32.66,79.02,2319.43,74,flowering,0.0,False
2023-03-17 02:00:00,crop_potato,26.53,,30.33,38.08,865.66,74,vegetative,0.0,False
2023-03-17 05:00:00,crop_potato,60.61,,28.61,62.13,1648.87,74,maturity,0.0,False
2023-03-17 07:00:00,crop_potato,52.13,,35.91,57.91,1000.8,75,vegetative,0.0,False
2023-03-17 08:00:00,crop_potato,36.19,,36.28,31.71,1776.35,75,maturity,0.0,False
2023-03-17 10:30:00,crop_potato,43.57,,25.95,54.35,556.69,75,maturity,0.0,False
2023-03-17 11:00:00,crop_potato,33.03,,39.34,80.72,340.62,75,maturity,0.0,False
2023-03-17 11:30:00,crop_potato,35.74,,31.22,63.61,451.37,75,flowering,0.0,False
2023-03-17 12:00:00,crop_potato,62.69,,25.91,30.77,232.55,75,maturity,0.0,False
2023-03-17 15:30:00,crop_potato,25.32,,31.0,73.42,730.98,75,flowering,0.0,False
2023-03-17 17:00:00,crop_potato,24.8,,39.85,45.12,809.3,75,vegetative,0.0,False
2023-03-17 19:00:00,crop_potato,55.15,,40.85,87.76,2218.95,75,flowering,0.0,False
2023-03-17 22:30:00,crop_potato,35.94,,22.98,27.54,1826.75,75,vegetative,0.0,False
2023-03-17 23:30:00,crop_potato,36.92,,30.55,91.11,858.17,75,maturity,0.0,False
2023-03-18 00:00:00,crop_potato,16.09,,27.81,55.41,1418.45,75,maturity,0.0,False
2023-03-18 01:00:00,crop_potato,27.15,,25.07,54.69,732.88,75,maturity,0.0,False
2023-03-18 02:30:00,crop_potato,52.28,,41.75,27.88,754.68,75,vegetative,0.0,False
2023-03-18 05:30:00,crop_potato,62.78,,41.69,86.11,378.38,75,vegetative,0.0,False
2023-03-18 10:00:00,crop_potato,63.59,,39.79,73.61,1506.92,76,flowering,0.0,False
2023-03-18 11:00:00,crop_potato,27.86,,38.94,36.22,459.91,76,maturity,0.0,False
2023-03-18 11:30:00,crop_potato,64.5,,37.45,51.32,2278.58,76,flowering,0.0,False
2023-03-19 00:00:00,crop_potato,57.13,,15.68,35.51,713.07,76,vegetative,0.0,False
2023-03-19 00:30:00,crop_potato,26.86,,27.55,57.45,94.56,76,maturity,0.0,False
2023-03-19 02:00:00,crop_potato,28.51,,34.43,51.81,469.22,76,flowering,0.0,False
2023-03-19 03:30:00,crop_potato,48.01,,20.54,91.08,2247.53,76,maturity,0.0,False
2023-03-19 05:00:00,crop_potato,27.56,,25.23,46.65,135.82,76,maturity,0.0,False
2023-03-19 06:00:00,crop_potato,63.12,,36.87,86.93,1669.03,76,vegetative,0.0,False
2023-03-19 10:00:00,crop_potato,38.52,,40.06,82.86,1872.82,77,flowering,0.0,False
2023-03-19 10:30:00,crop_potato,8.94,,15.16,53.02,2369.57,77,maturity,0.0,False
2023-03-19 11:30:00,crop_potato,60.54,,13.0,74.62,350.8,77,maturity,0.0,False
2023-03-19 15:30:00,crop_potato,13.36,,12.62,40.47,503.13,77,flowering,0.0,False
2023-03-19 16:00:00,crop_potato,20.47,,36.55,67.46,1104.19,77,maturity,0.0,False
2023-03-19 18:30:00,crop_potato,60.91,,19.19,64.42,1836.69,77,vegetative,0.0,False
2023-03-19 22:00:00,crop_potato,36.69,,29.37,68.62,1245.51,77,vegetative,0.0,False
2023-03-20 05:00:00,crop_potato,51.99,,26.96,40.66,1229.39,77,maturity,0.0,False
2023-03-20 14:30:00,crop_potato,40.59,,38.43,47.75,2390.9,78,maturity,0.0,False
2023-03-20 16:30:00,crop_potato,52.43,,28.51,68.98,2187.47,78,maturity,0.0,False
2023-03-20 18:00:00,crop_potato,34.96,,13.09,55.39,97.35,78,flowering,0.0,False
2023-03-20 22:00:00,crop_potato,64.38,,14.25,79.3,1406.43,78,maturity,0.0,False
2023-03-21 00:30:00,crop_potato,63.16,,29.0,27.71,2066.76,78,maturity,0.0,False
2023-03-21 06:30:00,crop_potato,54.64,,23.44,81.91,213.64,78,maturity,0.0,False
2023-03-21 07:00:00,crop_potato,64.19,,38.64,49.03,1880.37,79,flowering,0.0,False
2023-03-21 10:00:00,crop_potato,22.38,,41.73,71.0,136.68,79,vegetative,0.0,False
2023-03-21 14:00:00,crop_potato,62.37,,34.35,88.25,1604.6,79,vegetative,0.0,False
2023-03-21 20:00:00,crop_potato,23.81,,27.1,84.47,2494.51,79,maturity,0.0,False
2023-03-22 00:00:00,crop_potato,61.67,,22.33,91.17,2464.84,79,maturity,0.0,False
2023-03-22 04:00:00,crop_potato,63.99,,28.35,83.28,1674.7,79,flowering,0.0,False
2023-03-22 04:30:00,crop_potato,47.08,,31.58,25.66,586.26,79,vegetative,0.0,False
2023-03-22 09:30:00,crop_potato,32.45,,29.38,25.44,2275.96,80,maturity,0.0,False
2023-03-22 11:30:00,crop_potato,16.53,,24.79,62.03,536.42,80,maturity,0.0,False
2023-03-22 13:00:00,crop_potato,21.42,,34.93,28.91,596.86,80,vegetative,0.0,False
2023-03-23 05:00:00,crop_potato,14.48,,23.63,27.14,380.44,80,maturity,0.0,False
2023-03-23 08:00:00,crop_potato,8.8,,32.14,84.58,1582.99,81,maturity,0.0,False
2023-03-23 09:00:00,crop_potato,54.78,,34.99,59.97,92.24,81,maturity,0.0,False
2023-03-23 11:30:00,crop_potato,40.13,,14.35,58.5,1710.85,81,flowering,0.0,False
2023-03-23 13:00:00,crop_potato,47.57,,31.28,35.85,1695.3,81,maturity,0.0,False
2023-03-23 16:00:00,crop_potato,34.06,,40.71,50.69,2450.02,81,flowering,0.0,False
2023-03-23 20:30:00,crop_potato,43.16,,19.84,81.64,733.33,81,flowering,0.0,False
2023-03-23 21:00:00,crop_potato,31.45,,28.4,68.8,2407.46,81,maturity,0.0,False
2023-03-24 05:00:00,crop_potato,11.24,,32.71,61.04,556.79,81,vegetative,0.0,False
2023-03-24 09:30:00,crop_potato,59.4,,24.27,90.94,1508.69,82,flowering,0.0,False
2023-03-24 14:00:00,crop_potato,31.48,,19.44,35.76,131.65,82,maturity,0.0,False
2023-03-24 16:00:00,crop_potato,38.57,,17.3,46.82,176.44,82,maturity,0.0,False
2023-03-24 16:30:00,crop_potato,35.45,,19.86,90.81,987.42,82,maturity,0.0,False
2023-03-24 17:00:00,crop_potato,36.59,,34.99,32.37,277.38,82,vegetative,0.0,False
2023-03-24 21:00:00,crop_potato,23.81,,17.9,45.23,528.49,82,maturity,0.0,False
2023-03-25 05:30:00,crop_potato,11.41,,32.61,83.84,439.78,82,flowering,0.0,False
2023-03-25 07:00:00,crop_potato,30.04,,12.1,39.43,719.37,83,maturity,0.0,False
2023-03-25 08:00:00,crop_potato,30.03,,38.04,55.89,14.96,83,flowering,0.0,False
2023-03-25 09:00:00,crop_potato,11.7,,22.92,42.65,751.28,83,flowering,0.0,False
2023-03-25 11:30:00,crop_potato,46.89,,17.19,94.0,706.61,83,maturity,0.0,False
2023-03-25 12:00:00,crop_potato,15.72,,25.4,64.39,2094.65,83,flowering,0.0,False
2023-03-25 13:30:00,crop_potato,49.11,,29.11,34.82,525.94,83,vegetative,0.0,False
2023-03-25 14:00:00,crop_potato,29.55,,36.26,63.06,106.38,83,flowering,0.0,False
2023-03-25 17:30:00,crop_potato,14.92,,40.74,50.25,2356.9,83,vegetative,0.0,False
2023-03-26 01:00:00,crop_potato,26.68,,28.38,42.75,2291.16,83,flowering,0.0,False
2023-03-26 03:00:00,crop_potato,60.75,,30.83,25.18,212.0,83,maturity,0.0,False
2023-03-26 06:00:00,crop_potato,36.79,,41.79,31.66,949.79,83,maturity,0.0,False
2023-03-26 07:00:00,crop_potato,19.51,,28.71,82.19,1585.95,84,maturity,0.0,False
2023-03-26 09:00:00,crop_potato,16.47,,27.63,44.58,2399.9,84,maturity,0.0,False
2023-03-26 11:30:00,crop_potato,64.72,,24.69,36.87,959.67,84,maturity,0.0,False
2023-03-26 12:30:00,crop_potato,11.92,,35.14,47.3,1958.27,84,flowering,0.0,False
2023-03-26 15:30:00,crop_potato,33.53,,26.43,31.37,848.99,84,vegetative,0.0,False
2023-03-26 20:00:00,crop_potato,27.39,,16.43,46.66,166.18,84,maturity,0.0,False
2023-03-26 21:00:00,crop_potato,32.46,,21.64,75.23,92.08,84,flowering,0.0,False
2023-03-26 23:30:00,crop_potato,56.61,,19.95,31.85,1769.3,84,maturity,0.0,False
2023-03-27 03:30:00,crop_potato,59.03,,24.52,53.0,879.37,84,maturity,0.0,False
2023-03-27 10:30:00,crop_potato,17.18,,34.49,77.24,2088.39,85,maturity,0.0,False
2023-03-27 15:30:00,crop_potato,29.87,,24.44,74.86,529.02,85,vegetative,0.0,False
2023-03-27 22:30:00,crop_potato,41.96,,16.27,55.16,118.87,85,flowering,0.0,False
2023-03-27 23:00:00,crop_potato,60.97,,16.51,67.37,1893.24,85,flowering,0.0,False
2023-03-27 23:30:00,crop_potato,33.38,,26.51,41.63,1194.07,85,maturity,0.0,False
2023-03-28 07:00:00,crop_potato,46.92,,26.36,72.64,1174.1,86,vegetative,0.0,False
2023-03-28 15:30:00,crop_potato,21.3,,15.87,43.36,696.27,86,maturity,0.0,False
2023-03-28 16:30:00,crop_potato,33.96,,23.53,39.15,1331.11,86,vegetative,0.0,False
2023-03-28 17:00:00,crop_potato,39.56,,37.96,42.74,1115.74,86,vegetative,0.0,False
2023-03-28 18:00:00,crop_potato,53.72,,32.74,71.24,1298.55,86,flowering,0.0,False
2023-03-28 23:30:00,crop_potato,29.16,,40.46,62.76,80.91,86,vegetative,0.0,False
2023-03-29 01:30:00,crop_potato,38.97,,12.38,39.27,1564.96,86,flowering,0.0,False
2023-03-29 03:00:00,crop_potato,59.49,,17.88,36.84,2437.42,86,flowering,0.0,False
2023-03-29 10:00:00,crop_potato,18.1,,33.36,34.8,1354.4,87,maturity,0.0,False
2023-03-29 17:00:00,crop_potato,10.02,,20.81,63.46,1177.34,87,flowering,0.0,False
2023-03-29 19:00:00,crop_potato,36.92,,34.65,67.09,1751.56,87,vegetative,0.0,False
2023-03-30 01:00:00,crop_potato,36.67,,27.11,29.05,85.1,87,maturity,0.0,False
2023-03-30 03:00:00,crop_potato,28.62,,39.18,39.58,2460.88,87,maturity,0.0,False
2023-03-30 04:00:00,crop_potato,26.92,,38.76,28.99,519.79,87,vegetative,0.0,False
2023-03-30 15:30:00,crop_potato,28.35,,33.68,52.44,8.91,88,maturity,0.0,False
2023-03-30 18:00:00,crop_potato,30.98,,38.66,68.52,1710.06,88,maturity,0.0,False
2023-03-30 18:30:00,crop_potato,64.83,,20.1,59.5,2134.0,88,vegetative,0.0,False
2023-03-30 19:00:00,crop_potato,17.88,,15.55,27.47,588.56,88,maturity,0.0,False
2023-03-30 21:00:00,crop_potato,9.84,,31.72,69.41,981.93,88,maturity,0.0,False
2023-03-31 00:00:00,crop_potato,10.5,,21.38,49.78,1401.47,88,flowering,0.0,False
2023-03-31 06:30:00,crop_potato,51.89,,32.89,54.21,1946.78,88,maturity,0.0,False
2023-03-31 07:30:00,crop_potato,21.52,,18.2,60.53,825.42,89,maturity,0.0,False
2023-03-31 09:30:00,crop_potato,64.8,,32.93,36.09,1712.93,89,vegetative,0.0,False
2023-03-31 11:00:00,crop_potato,62.23,,33.91,45.52,2060.5,89,vegetative,0.0,False
2023-03-31 12:00:00,crop_potato,36.37,,19.43,61.5,1680.36,89,flowering,0.0,False
2023-03-31 13:00:00,crop_potato,26.77,,27.83,73.74,1380.66,89,flowering,0.0,False
2023-03-31 14:30:00,crop_potato,49.09,,35.32,39.71,918.75,89,maturity,0.0,False
2023-03-31 15:30:00,crop_potato,22.78,,36.19,32.74,759.52,89,maturity,0.0,False
2023-03-31 17:00:00,crop_potato,25.84,,27.79,30.88,109.5,89,vegetative,0.0,False
2023-03-31 22:30:00,crop_potato,64.18,,31.31,40.29,1524.25,89,maturity,0.0,False
2023-03-31 23:00:00,crop_potato,63.89,,23.96,48.57,2269.15,89,flowering,0.0,False
2023-04-01 00:00:00,crop_potato,35.17,,15.98,34.04,2471.78,89,vegetative,0.0,False
2023-04-01 01:30:00,crop_potato,9.5,,38.43,60.16,2094.55,89,flowering,0.0,False
2023-04-01 09:00:00,crop_potato,40.85,,28.74,39.66,2366.98,90,vegetative,0.0,False
2023-04-01 10:30:00,crop_potato,44.74,,13.04,49.82,1896.25,90,flowering,0.0,False
2023-04-01 13:30:00,crop_potato,41.25,,39.26,26.71,342.29,90,vegetative,0.0,False
2023-04-01 17:00:00,crop_potato,54.83,,31.01,34.62,598.88,90,maturity,0.0,False
2023-04-01 17:30:00,crop_potato,56.11,,13.39,40.37,1143.3,90,maturity,0.0,False
2023-04-01 19:00:00,crop_potato,26.4,,29.27,62.3,2036.38,90,vegetative,0.0,False
2023-04-02 00:00:00,crop_potato,52.1,,18.23,56.59,2140.75,90,flowering,0.0,False
2023-04-02 01:00:00,crop_potato,10.23,,16.84,40.0,1102.64,90,flowering,0.0,False
2023-04-02 02:30:00,crop_potato,49.16,,36.57,77.14,61.83,90,maturity,0.0,False
2023-04-02 04:00:00,crop_potato,52.31,,40.27,71.35,2097.4,90,flowering,0.0,False
2023-04-02 04:30:00,crop_potato,41.12,,41.96,51.8,453.31,90,maturity,0.0,False
2023-04-02 05:00:00,crop_potato,24.34,,15.04,63.44,377.74,90,maturity,0.0,False
2023-04-02 05:30:00,crop_potato,49.84,,30.2,74.75,1805.51,90,maturity,0.0,False
2023-04-02 06:00:00,crop_potato,41.58,,24.23,57.56,688.39,90,maturity,0.0,False
2023-04-02 13:00:00,crop_potato,64.77,,33.01,45.16,1033.37,91,maturity,0.0,False
2023-04-02 13:30:00,crop_potato,41.95,,31.23,92.35,1699.08,91,flowering,0.0,False
2023-04-02 16:00:00,crop_potato,49.27,,28.65,32.42,229.6,91,flowering,0.0,False
2023-04-02 18:30:00,crop_potato,23.48,,12.83,80.59,1652.49,91,flowering,0.0,False
2023-04-02 20:00:00,crop_potato,36.93,,20.28,93.5,1711.26,91,maturity,0.0,False
2023-04-02 23:30:00,crop_potato,32.08,,38.09,48.24,722.94,91,flowering,0.0,False
2023-04-03 00:30:00,crop_potato,59.53,,30.41,85.11,2089.97,91,maturity,0.0,False
2023-04-03 03:30:00,crop_potato,15.12,,19.58,65.61,1923.35,91,maturity,0.0,False
2023-04-03 05:00:00,crop_potato,8.46,,21.47,70.49,254.29,91,maturity,0.0,False
2023-04-03 11:30:00,crop_potato,58.44,,28.95,77.76,728.55,92,vegetative,0.0,False
2023-04-03 12:30:00,crop_potato,41.12,,13.68,48.4,197.04,92,maturity,0.0,False
2023-04-03 13:30:00,crop_potato,20.58,,21.84,46.35,583.05,92,flowering,0.0,False
2023-04-03 16:30:00,crop_potato,23.17,,18.2,86.23,330.69,92,flowering,0.0,False
2023-04-03 20:00:00,crop_potato,12.5,,32.68,27.13,2343.07,92,maturity,0.0,False
2023-04-04 18:30:00,crop_potato,32.79,,30.84,65.9,1817.9,93,maturity,0.0,False
2023-04-04 19:00:00,crop_potato,44.0,,24.46,28.39,2182.53,93,flowering,0.0,False
2023-04-04 21:00:00,crop_potato,53.84,,15.24,35.98,2165.18,93,flowering,0.0,False
2023-04-05 00:00:00,crop_potato,64.96,,26.31,93.72,1688.21,93,maturity,0.0,False
2023-04-05 04:30:00,crop_potato,47.06,,14.9,68.39,312.59,93,maturity,0.0,False
2023-04-05 06:30:00,crop_potato,50.25,,33.08,90.72,1013.15,93,flowering,0.0,False
2023-04-05 09:00:00,crop_potato,53.06,,35.38,45.6,894.54,94,flowering,0.0,False
2023-04-05 10:00:00,crop_potato,27.61,,12.01,78.18,1951.44,94,flowering,0.0,False
2023-04-05 11:00:00,crop_potato,10.86,,12.21,88.7,2227.33,94,vegetative,0.0,False
2023-04-05 16:30:00,crop_potato,19.15,,15.23,52.85,180.99,94,flowering,0.0,False
2023-04-05 17:00:00,crop_potato,42.8,,12.16,80.82,541.8,94,maturity,0.0,False
2023-04-05 20:00:00,crop_potato,58.15,,20.17,59.29,1041.87,94,maturity,0.0,False
2023-04-05 22:00:00,crop_potato,47.57,,23.77,35.9,530.43,94,maturity,0.0,False
2023-04-06 02:00:00,crop_potato,26.71,,21.8,69.56,2029.67,94,maturity,0.0,False
2023-04-06 05:00:00,crop_potato,35.47,,33.73,83.93,264.14,94,maturity,0.0,False
2023-04-06 09:00:00,crop_potato,27.84,,23.81,36.09,1852.26,95,flowering,0.0,False
2023-04-06 12:00:00,crop_potato,12.93,,26.55,87.11,2488.17,95,maturity,0.0,False
2023-04-06 13:30:00,crop_potato,59.5,,33.1,53.84,1531.02,95,maturity,0.0,False
2023-04-06 14:30:00,crop_potato,50.95,,30.36,81.52,2207.65,95,flowering,0.0,False
2023-04-06 17:30:00,crop_potato,34.99,,40.76,84.24,104.39,95,vegetative,0.0,False
2023-04-06 22:00:00,crop_potato,64.9,,12.52,71.63,2073.52,95,maturity,0.0,False
2023-04-07 05:00:00,crop_potato,53.43,,18.52,50.86,1251.14,95,maturity,0.0,False
2023-04-07 06:30:00,crop_potato,37.92,,36.66,88.51,1730.14,95,flowering,0.0,False
2023-04-07 07:30:00,crop_potato,54.14,,17.42,91.33,217.77,96,flowering,0.0,False
2023-04-07 09:00:00,crop_potato,18.49,,30.75,44.31,939.0,96,maturity,0.0,False
2023-04-07 11:00:00,crop_potato,31.69,,17.44,52.35,2141.92,96,vegetative,0.0,False
2023-04-07 14:30:00,crop_potato,15.56,,23.14,70.0,1384.28,96,maturity,0.0,False
2023-04-07 19:30:00,crop_potato,55.51,,40.17,71.18,1180.09,96,maturity,0.0,False
2023-04-07 22:30:00,crop_potato,21.83,,38.04,60.65,1003.58,96,vegetative,0.0,False
2023-04-08 00:00:00,crop_potato,33.58,,36.13,52.18,353.94,96,vegetative,0.0,False
2023-04-08 00:30:00,crop_potato,57.19,,24.4,76.25,304.22,96,flowering,0.0,False
2023-04-08 08:30:00,crop_potato,42.07,,30.33,38.22,2185.28,97,maturity,0.0,False
2023-04-08 10:30:00,crop_potato,38.62,,21.03,36.48,1811.41,97,vegetative,0.0,False
2023-04-08 12:30:00,crop_potato,22.85,,22.64,72.48,1061.01,97,flowering,0.0,False
2023-04-08 13:30:00,crop_potato,60.62,,26.62,62.63,817.09,97,flowering,0.0,False
2023-04-08 15:00:00,crop_potato,34.01,,37.82,79.62,1992.01,97,flowering,0.0,False
2023-04-08 21:00:00,crop_potato,22.55,,33.02,52.98,957.64,97,maturity,0.0,False
2023-04-08 22:30:00,crop_potato,34.6,,21.64,25.55,539.54,97,vegetative,0.0,False
2023-04-09 00:00:00,crop_potato,63.74,,32.03,46.47,215.42,97,flowering,0.0,False
2023-04-09 00:30:00,crop_potato,32.33,,35.02,30.28,1963.68,97,maturity,0.0,False
2023-04-09 01:00:00,crop_potato,30.33,,29.45,42.47,1538.53,97,vegetative,0.0,False
2023-04-09 02:30:00,crop_potato,39.53,,18.52,61.77,1754.6,97,flowering,0.0,False
2023-04-09 05:00:00,crop_potato,30.9,,33.34,33.9,411.56,97,maturity,0.0,False
2023-04-09 05:30:00,crop_potato,14.03,,22.4,48.01,1335.02,97,vegetative,0.0,False
2023-04-09 07:00:00,crop_potato,60.23,,24.46,88.54,1546.99,98,maturity,0.0,False
2023-04-09 07:30:00,crop_potato,19.84,,37.73,87.23,1656.27,98,maturity,0.0,False
2023-04-09 08:30:00,crop_potato,23.84,,15.12,41.4,913.48,98,vegetative,0.0,False
2023-04-09 16:00:00,crop_potato,38.13,,12.78,73.41,1886.34,98,flowering,0.0,False
2023-04-09 17:00:00,crop_potato,48.54,,35.06,79.13,565.98,98,maturity,0.0,False
2023-04-09 18:00:00,crop_potato,31.57,,23.49,77.31,2012.63,98,maturity,0.0,False
2023-04-09 18:30:00,crop_potato,29.3,,15.94,73.34,78.93,98,flowering,0.0,False
2023-04-09 23:00:00,crop_potato,62.92,,20.24,87.25,1695.44,98,maturity,0.0,False
2023-04-10 04:30:00,crop_potato,63.58,,41.12,74.43,2075.71,98,maturity,0.0,False
2023-04-10 08:00:00,crop_potato,51.43,,13.06,65.71,787.41,99,flowering,0.0,False
2023-04-10 11:30:00,crop_potato,37.66,,27.0,76.53,1468.02,99,maturity,0.0,False
2023-04-10 15:00:00,crop_potato,23.69,,40.95,87.05,1300.73,99,vegetative,0.0,False
2023-04-10 15:30:00,crop_potato,9.01,,14.41,31.22,2359.28,99,maturity,0.0,False
2023-04-10 21:00:00,crop_potato,42.59,,28.17,84.17,4.29,99,maturity,0.0,False
2023-04-11 01:30:00,crop_potato,42.04,,24.05,47.02,1703.65,99,flowering,0.0,False
2023-04-11 04:30:00,crop_potato,36.01,,40.92,27.05,221.63,99,vegetative,0.0,False
2023-04-11 09:00:00,crop_potato,28.45,,18.17,29.32,425.22,100,maturity,0.0,False
2023-04-11 18:00:00,crop_potato,37.12,,17.82,45.08,1679.5,100,maturity,0.0,False
2023-04-12 05:00:00,crop_potato,62.42,,27.15,88.13,1400.95,100,maturity,0.0,False
2023-04-12 08:30:00,crop_potato,49.41,,29.19,92.53,2471.76,101,maturity,0.0,False
2023-04-12 10:30:00,crop_potato,43.36,,30.88,61.82,1371.36,101,flowering,0.0,False
2023-04-12 11:30:00,crop_potato,12.7,,28.61,44.01,1573.17,101,vegetative,0.0,False
2023-04-12 12:30:00,crop_potato,32.74,,29.67,80.36,1835.41,101,flowering,0.0,False
2023-04-12 14:00:00,crop_potato,15.92,,34.02,70.6,84.45,101,flowering,0.0,False
2023-04-12 16:00:00,crop_potato,61.95,,41.9,62.87,2016.14,101,vegetative,0.0,False
2023-04-12 20:00:00,crop_potato,40.82,,15.34,54.53,704.57,101,flowering,0.0,False
2023-04-13 00:00:00,crop_potato,23.42,,13.19,42.44,1469.47,101,flowering,0.0,False
2023-04-13 00:30:00,crop_potato,43.83,,28.77,78.64,681.99,101,maturity,0.0,False
2023-04-13 01:00:00,crop_potato,60.29,,23.04,93.85,1728.6,101,maturity,0.0,False
2023-04-13 02:00:00,crop_potato,20.38,,38.57,72.89,1632.48,101,maturity,0.0,False
2023-04-13 02:30:00,crop_potato,14.07,,31.13,89.08,749.83,101,maturity,0.0,False
2023-04-13 03:30:00,crop_potato,11.55,,31.34,25.68,318.06,101,flowering,0.0,False
2023-04-13 05:00:00,crop_potato,26.29,,17.31,86.74,826.28,101,maturity,0.0,False
2023-04-13 06:00:00,crop_potato,57.6,,12.32,60.14,144.65,101,maturity,0.0,False
2023-04-13 11:00:00,crop_potato,57.67,,19.61,58.98,1425.78,102,flowering,0.0,False
2023-04-13 12:00:00,crop_potato,27.32,,23.8,70.42,744.9,102,flowering,0.0,False
2023-04-13 15:30:00,crop_potato,22.94,,22.4,81.28,2044.34,102,vegetative,0.0,False
2023-04-13 21:00:00,crop_potato,28.44,,31.66,50.94,404.81,102,maturity,0.0,False
2023-04-13 22:30:00,crop_potato,40.8,,26.04,58.87,116.96,102,vegetative,0.0,False
2023-04-13 23:00:00,crop_potato,63.75,,23.08,83.71,766.97,102,vegetative,0.0,False
2023-04-14 04:30:00,crop_potato,42.53,,21.1,42.32,951.4,102,maturity,0.0,False
2023-04-14 07:00:00,crop_potato,31.62,,32.41,45.72,2458.55,103,flowering,0.0,False
2023-04-14 10:00:00,crop_potato,17.33,,29.97,49.25,1730.78,103,vegetative,0.0,False
2023-04-14 12:30:00,crop_potato,47.66,,28.96,78.41,292.5,103,flowering,0.0,False
2023-04-14 13:00:00,crop_potato,26.35,,20.75,43.1,465.26,103,maturity,0.0,False
2023-04-14 14:00:00,crop_potato,39.35,,25.57,27.21,323.81,103,flowering,0.0,False
2023-04-14 14:30:00,crop_potato,57.53,,13.55,45.69,231.8,103,maturity,0.0,False
2023-04-14 15:30:00,crop_potato,57.51,,27.97,56.59,1811.78,103,maturity,0.0,False
2023-04-14 17:30:00,crop_potato,33.2,,32.0,42.09,2449.69,103,maturity,0.0,False
2023-04-14 18:00:00,crop_potato,58.73,,18.41,80.37,94.72,103,flowering,0.0,False
2023-04-14 23:30:00,crop_potato,51.28,,23.98,57.7,1157.48,103,flowering,0.0,False
2023-04-15 03:30:00,crop_potato,17.82,,37.85,61.6,247.96,103,maturity,0.0,False
2023-04-15 05:30:00,crop_potato,45.81,,34.1,45.24,709.84,103,maturity,0.0,False
2023-04-15 07:00:00,crop_potato,62.79,,15.22,64.73,2447.25,104,vegetative,0.0,False
2023-04-15 09:00:00,crop_potato,31.63,,41.4,79.67,1321.94,104,maturity,0.0,False
2023-04-15 09:30:00,crop_potato,9.87,,24.97,34.84,1803.95,104,maturity,0.0,False
2023-04-15 10:00:00,crop_potato,15.75,,32.34,50.72,89.41,104,maturity,0.0,False
2023-04-15 11:30:00,crop_potato,59.28,,34.44,52.85,837.67,104,maturity,0.0,False
2023-04-15 14:00:00,crop_potato,26.68,,22.69,30.92,1047.89,104,maturity,0.0,False
2023-04-15 16:30:00,crop_potato,29.97,,35.61,93.16,132.87,104,vegetative,0.0,False
2023-04-15 19:30:00,crop_potato,14.41,,20.23,36.25,494.26,104,flowering,0.0,False
2023-04-15 20:00:00,crop_potato,49.28,,38.41,35.39,1898.12,104,vegetative,0.0,False
2023-04-15 23:00:00,crop_potato,59.0,,22.18,94.05,2376.61,104,flowering,0.0,False
2023-04-16 01:30:00,crop_potato,24.49,,35.08,49.31,628.58,104,flowering,0.0,False
2023-04-16 05:30:00,crop_potato,51.65,,32.73,37.84,1369.29,104,vegetative,0.0,False
2023-04-16 08:30:00,crop_potato,16.19,,18.87,83.38,2120.74,105,vegetative,0.0,False
2023-04-16 09:00:00,crop_potato,60.03,,24.88,44.99,2334.98,105,maturity,0.0,False
2023-04-16 15:00:00,crop_potato,31.94,,38.07,47.47,1195.29,105,maturity,0.0,False
2023-04-16 19:00:00,crop_potato,52.82,,40.6,44.95,2492.86,105,flowering,0.0,False
2023-04-17 05:00:00,crop_potato,61.99,,13.98,54.66,629.52,105,maturity,0.0,False
2023-04-17 07:30:00,crop_potato,24.42,,13.36,32.44,2169.87,106,maturity,0.0,False
2023-04-17 08:30:00,crop_potato,15.48,,35.11,26.68,1226.92,106,maturity,0.0,False
2023-04-17 20:30:00,crop_potato,46.1,,28.44,47.32,289.61,106,maturity,0.0,False
2023-04-17 21:00:00,crop_potato,25.69,,29.46,83.25,833.56,106,vegetative,0.0,False
2023-04-18 06:00:00,crop_potato,36.14,,23.72,68.67,935.04,106,flowering,0.0,False
2023-04-18 06:30:00,crop_potato,58.39,,12.42,52.22,501.81,106,maturity,0.0,False
2023-04-18 08:00:00,crop_potato,21.3,,27.37,50.73,2166.7,107,maturity,0.0,False
2023-04-18 18:30:00,crop_potato,16.53,,18.24,68.41,596.66,107,vegetative,0.0,False
2023-04-18 19:30:00,crop_potato,15.47,,19.35,56.75,619.45,107,vegetative,0.0,False
2023-04-18 23:30:00,crop_potato,63.42,,13.9,35.36,1318.73,107,maturity,0.0,False
2023-04-19 00:30:00,crop_potato,21.36,,33.05,84.33,1920.5,107,flowering,0.0,False
2023-04-19 02:00:00,crop_potato,48.39,,22.57,47.73,1774.65,107,vegetative,0.0,False
2023-04-19 03:00:00,crop_potato,10.93,,19.03,42.48,2138.4,107,maturity,0.0,False
2023-04-19 04:00:00,crop_potato,44.6,,20.85,59.25,506.33,107,vegetative,0.0,False
2023-04-19 04:30:00,crop_potato,45.92,,31.44,90.61,1100.97,107,flowering,0.0,False
2023-04-19 11:00:00,crop_potato,52.63,,33.19,53.2,2381.54,108,maturity,0.0,False
2023-04-19 11:30:00,crop_potato,46.25,,19.68,29.27,913.36,108,flowering,0.0,False
2023-04-19 17:00:00,crop_potato,52.74,,17.34,61.67,2059.61,108,flowering,0.0,False
2023-04-19 19:00:00,crop_potato,43.44,,37.21,31.94,122.96,108,flowering,0.0,False
2023-04-20 00:00:00,crop_potato,55.15,,18.85,76.95,1640.23,108,vegetative,0.0,False
2023-04-20 03:30:00,crop_potato,24.83,,13.45,34.34,1169.62,108,flowering,0.0,False
2023-04-20 07:00:00,crop_potato,37.97,,37.36,67.48,464.28,109,flowering,0.0,False
2023-04-20 08:00:00,crop_potato,54.06,,32.57,83.31,853.46,109,maturity,0.0,False
2023-04-20 15:30:00,crop_potato,60.85,,29.0,48.39,715.66,109,maturity,0.0,False
2023-04-20 18:30:00,crop_potato,26.7,,40.64,53.45,143.17,109,flowering,0.0,False
2023-04-20 22:00:00,crop_potato,23.07,,34.0,45.98,1682.83,109,maturity,0.0,False
2023-04-20 22:30:00,crop_potato,27.15,,35.55,64.76,1742.24,109,maturity,0.0,False
2023-04-20 23:30:00,crop_potato,9.56,,32.7,50.96,24.23,109,maturity,0.0,False
2023-04-21 03:00:00,crop_potato,58.94,,24.84,35.92,8.45,109,maturity,0.0,False
2023-04-21 03:30:00,crop_potato,22.6,,26.39,55.3,946.9,109,vegetative,0.0,False
2023-04-21 05:00:00,crop_potato,51.95,,39.06,65.22,1229.14,109,maturity,0.0,False
2023-04-21 10:00:00,crop_potato,56.09,,17.09,73.46,1919.05,110,maturity,0.0,False
2023-04-21 11:00:00,crop_potato,45.33,,18.63,43.1,181.92,110,vegetative,0.0,False
2023-04-21 13:30:00,crop_potato,20.28,,34.22,82.07,1367.6,110,vegetative,0.0,False
2023-04-21 14:30:00,crop_potato,55.49,,33.62,27.9,1487.79,110,flowering,0.0,False
2023-04-22 02:30:00,crop_potato,28.4,,34.95,38.06,869.18,110,vegetative,0.0,False
2023-04-22 05:30:00,crop_potato,63.26,,41.39,48.52,48.45,110,vegetative,0.0,False
2023-04-22 13:30:00,crop_potato,56.83,,34.74,82.54,1316.0,111,vegetative,0.0,False
2023-04-22 15:00:00,crop_potato,32.12,,12.21,58.82,1061.09,111,maturity,0.0,False
2023-04-22 16:30:00,crop_potato,25.32,,27.43,85.9,2282.63,111,maturity,0.0,False
2023-04-22 20:30:00,crop_potato,29.38,,26.46,41.13,278.8,111,vegetative,0.0,False
2023-04-22 21:00:00,crop_potato,14.36,,22.57,25.51,1394.9,111,maturity,0.0,False
2023-04-23 06:30:00,crop_potato,10.65,,29.93,70.6,219.5,111,maturity,0.0,False
2023-04-23 10:00:00,crop_potato,14.7,,21.41,25.36,1347.74,112,vegetative,0.0,False
2023-04-23 11:00:00,crop_potato,55.81,,27.17,53.47,1960.86,112,flowering,0.0,False
2023-04-23 12:00:00,crop_potato,50.0,,33.71,94.79,476.88,112,maturity,0.0,False
2023-04-23 14:30:00,crop_potato,32.31,,34.49,36.58,1932.48,112,maturity,0.0,False
2023-04-23 17:00:00,crop_potato,20.75,,26.82,61.59,1217.42,112,maturity,0.0,False
2023-04-23 18:00:00,crop_potato,42.65,,21.66,41.07,1267.14,112,maturity,0.0,False
2023-04-23 21:00:00,crop_potato,58.79,,21.0,84.36,2191.47,112,maturity,0.0,False
2023-04-23 21:30:00,crop_potato,26.32,,20.08,41.14,904.28,112,maturity,0.0,False
2023-04-24 01:00:00,crop_potato,37.35,,28.9,71.24,15.56,112,vegetative,0.0,False
2023-04-24 03:30:00,crop_potato,31.28,,33.58,70.33,714.88,112,flowering,0.0,False
2023-04-24 04:00:00,crop_potato,34.71,,41.01,34.47,2094.77,112,vegetative,0.0,False
2023-04-24 06:00:00,crop_potato,24.9,,13.33,68.65,808.44,112,vegetative,0.0,False
2023-04-24 10:00:00,crop_potato,20.42,,16.63,35.49,1834.84,113,vegetative,0.0,False
2023-04-25 00:30:00,crop_potato,10.97,,29.56,29.31,862.03,113,flowering,0.0,False
2023-04-25 01:00:00,crop_potato,32.98,,35.96,69.83,2275.3,113,flowering,0.0,False
2023-04-25 02:30:00,crop_potato,42.56,,31.86,30.85,459.57,113,vegetative,0.0,False
2023-04-25 11:00:00,crop_potato,49.2,,30.74,54.68,1326.13,114,flowering,0.0,False
2023-04-25 14:00:00,crop_potato,32.68,,39.68,38.12,2254.73,114,maturity,0.0,False
2023-04-25 16:00:00,crop_potato,32.3,,36.48,56.47,1324.35,114,maturity,0.0,False
2023-04-25 17:00:00,crop_potato,44.8,,37.37,88.11,396.22,114,maturity,0.0,False
2023-04-25 19:00:00,crop_potato,18.2,,30.25,94.25,1037.93,114,flowering,0.0,False
2023-04-25 22:30:00,crop_potato,59.93,,29.7,51.73,1046.91,114,maturity,0.0,False
2023-04-25 23:00:00,crop_potato,63.23,,21.86,94.98,681.36,114,flowering,0.0,False
2023-04-26 00:00:00,crop_potato,24.54,,19.47,52.09,750.03,114,vegetative,0.0,False
2023-04-26 02:30:00,crop_potato,15.12,,25.81,60.51,1662.42,114,maturity,0.0,False
2023-04-26 03:30:00,crop_potato,64.17,,39.82,73.56,1538.82,114,flowering,0.0,False
2023-04-26 07:30:00,crop_potato,45.84,,36.03,66.1,1521.31,115,vegetative,0.0,False
2023-04-26 10:30:00,crop_potato,11.57,,36.89,63.84,2406.01,115,vegetative,0.0,False
2023-04-26 13:30:00,crop_potato,9.95,,27.67,54.66,1757.14,115,maturity,0.0,False
2023-04-26 15:30:00,crop_potato,35.48,,30.31,93.39,1840.26,115,maturity,0.0,False
2023-04-27 01:00:00,crop_potato,48.59,,12.07,52.8,2046.66,115,maturity,0.0,False
2023-04-27 01:30:00,crop_potato,17.21,,22.91,43.57,84.18,115,vegetative,0.0,False
2023-04-27 02:00:00,crop_potato,8.74,,39.21,48.38,1110.11,115,flowering,0.0,False
2023-04-27 03:30:00,crop_potato,42.74,,15.13,90.5,1709.23,115,maturity,0.0,False
2023-04-27 05:30:00,crop_potato,48.95,,14.87,71.68,46.93,115,maturity,0.0,False
2023-04-27 11:00:00,crop_potato,38.52,,17.42,45.13,1225.58,116,maturity,0.0,False
2023-04-27 12:30:00,crop_potato,46.85,,18.49,37.02,1190.27,116,maturity,0.0,False
2023-04-27 17:00:00,crop_potato,62.95,,38.36,68.41,1685.26,116,flowering,0.0,False
2023-04-27 21:00:00,crop_potato,28.76,,31.47,91.49,1393.88,116,maturity,0.0,False
2023-04-28 01:00:00,crop_potato,32.93,,12.85,57.19,96.93,116,maturity,0.0,False
2023-04-28 03:00:00,crop_potato,42.42,,28.65,51.65,1293.56,116,flowering,0.0,False
2023-04-28 06:00:00,crop_potato,62.1,,39.71,44.56,706.74,116,vegetative,0.0,False
2023-04-28 09:00:00,crop_potato,15.66,,35.03,83.86,1880.59,117,maturity,0.0,False
2023-04-28 11:00:00,crop_potato,57.47,,41.69,26.57,2403.47,117,vegetative,0.0,False
2023-04-28 12:30:00,crop_potato,28.0,,23.19,69.98,2353.38,117,maturity,0.0,False
2023-04-28 16:00:00,crop_potato,8.58,,25.5,58.59,1017.75,117,vegetative,0.0,False
2023-04-28 19:00:00,crop_potato,49.06,,38.97,58.16,262.65,117,vegetative,0.0,False
2023-04-28 21:00:00,crop_potato,22.18,,34.91,37.4,674.38,117,flowering,0.0,False
2023-04-28 22:30:00,crop_potato,38.67,,17.39,92.66,2101.59,117,maturity,0.0,False
2023-04-28 23:00:00,crop_potato,20.32,,26.72,94.12,503.61,117,maturity,0.0,False
2023-04-29 03:30:00,crop_potato,30.86,,13.78,38.2,2056.19,117,vegetative,0.0,False
2023-04-29 05:00:00,crop_potato,56.33,,17.18,61.41,534.53,117,flowering,0.0,False
2023-04-29 06:00:00,crop_potato,28.93,,31.05,39.1,1556.98,117,maturity,0.0,False
2023-04-29 07:30:00,crop_potato,10.26,,36.35,58.88,446.48,118,maturity,0.0,False
2023-04-29 10:30:00,crop_potato,37.81,,40.3,26.93,769.67,118,flowering,0.0,False
2023-04-29 12:30:00,crop_potato,39.1,,37.72,77.89,1269.66,118,maturity,0.0,False
2023-04-29 13:00:00,crop_potato,26.94,,18.7,59.05,1693.15,118,flowering,0.0,False
2023-04-29 14:30:00,crop_potato,64.01,,38.53,55.45,1457.78,118,vegetative,0.0,False
2023-04-29 21:30:00,crop_potato,33.57,,35.41,26.35,2046.94,118,maturity,0.0,False
2023-04-30 04:30:00,crop_potato,27.49,,37.99,41.19,1093.35,118,maturity,0.0,False
2023-04-30 22:00:00,crop_potato,40.88,,15.49,80.23,445.69,119,maturity,0.0,False
2023-04-30 23:00:00,crop_potato,56.03,,39.02,56.69,530.69,119,flowering,0.0,False
2023-04-30 23:30:00,crop_potato,41.45,,21.11,42.2,2095.34,119,flowering,0.0,False
2023-05-01 04:00:00,crop_potato,44.38,,21.82,53.0,1858.98,119,vegetative,0.0,False
2023-05-01 05:00:00,crop_potato,16.26,,41.1,90.03,157.86,119,flowering,0.0,False
2023-05-01 10:30:00,crop_potato,11.28,,19.29,68.25,365.12,120,maturity,0.0,False
2023-05-01 11:00:00,crop_potato,17.64,,35.75,35.12,2110.02,120,flowering,0.0,False
2023-05-01 16:00:00,crop_potato,43.1,,27.72,45.15,497.81,120,maturity,0.0,False
2023-05-01 18:00:00,crop_potato,61.23,,19.6,76.05,1201.05,120,maturity,0.0,False
2023-05-01 21:30:00,crop_potato,24.08,,32.03,36.97,185.1,120,vegetative,0.0,False
2023-05-01 23:30:00,crop_potato,44.91,,39.85,81.64,931.55,120,flowering,0.0,False
2023-05-02 04:00:00,crop_potato,35.3,,25.45,47.73,2435.57,120,maturity,0.0,False
2023-05-02 04:30:00,crop_potato,25.2,,30.37,35.22,1316.85,120,flowering,0.0,False
2023-05-02 10:30:00,crop_potato,64.62,,12.02,48.52,2062.68,121,flowering,0.0,False
2023-05-02 11:30:00,crop_potato,38.57,,12.59,70.51,1374.41,121,maturity,0.0,False
2023-05-02 13:30:00,crop_potato,31.12,,39.81,45.37,1903.74,121,maturity,0.0,False
2023-05-02 14:00:00,crop_potato,27.07,,31.22,85.54,2333.74,121,maturity,0.0,False
2023-05-02 17:00:00,crop_potato,24.92,,27.9,92.1,94.76,121,vegetative,0.0,False
2023-05-02 17:30:00,crop_potato,64.83,,24.49,51.26,719.33,121,flowering,0.0,False
2023-05-02 19:00:00,crop_potato,54.23,,33.38,72.1,973.46,121,flowering,0.0,False
2023-05-02 19:30:00,crop_potato,20.57,,31.74,86.15,2348.42,121,maturity,0.0,False
2023-05-02 20:00:00,crop_potato,38.36,,39.11,68.28,1854.68,121,vegetative,0.0,False
2023-05-02 21:30:00,crop_potato,42.82,,30.54,48.78,843.87,121,vegetative,0.0,False
2023-05-03 00:30:00,crop_potato,34.57,,38.79,38.47,859.99,121,vegetative,0.0,False
2023-05-03 04:00:00,crop_potato,17.99,,17.99,89.08,1816.82,121,maturity,0.0,False
2023-05-03 07:30:00,crop_potato,40.11,,16.75,52.46,934.96,122,flowering,0.0,False
2023-05-03 09:00:00,crop_potato,8.78,,21.15,58.44,34.36,122,maturity,0.0,False
2023-05-03 11:00:00,crop_potato,61.57,,13.13,93.54,288.93,122,maturity,0.0,False
2023-05-03 11:30:00,crop_potato,22.26,,19.67,49.84,2499.47,122,maturity,0.0,False
2023-05-03 16:30:00,crop_potato,30.85,,31.46,30.8,395.05,122,flowering,0.0,False
2023-05-03 17:30:00,crop_potato,46.28,,30.49,47.63,73.29,122,vegetative,0.0,False
2023-05-03 19:00:00,crop_potato,21.99,,41.36,46.55,426.32,122,maturity,0.0,False
2023-05-03 19:30:00,crop_potato,21.92,,16.33,92.03,734.26,122,maturity,0.0,False
2023-05-03 21:00:00,crop_potato,20.66,,31.93,47.66,708.84,122,maturity,0.0,False
2023-05-04 02:00:00,crop_potato,32.72,,29.49,25.88,2142.33,122,vegetative,0.0,False
2023-05-04 05:30:00,crop_potato,43.03,,41.8,35.43,1379.06,122,maturity,0.0,False
2023-05-04 12:00:00,crop_potato,10.76,,37.91,90.55,2093.64,123,maturity,0.0,False
2023-05-04 17:00:00,crop_potato,12.29,,24.71,49.18,724.4,123,vegetative,0.0,False
2023-05-04 18:30:00,crop_potato,50.9,,27.38,47.67,786.64,123,maturity,0.0,False
2023-05-04 20:30:00,crop_potato,23.49,,13.33,25.98,1424.86,123,maturity,0.0,False
2023-05-05 05:00:00,crop_potato,61.92,,31.57,53.63,1874.98,123,flowering,0.0,False
2023-05-05 05:30:00,crop_potato,36.93,,12.21,33.39,1087.82,123,maturity,0.0,False
2023-05-05 11:30:00,crop_potato,29.18,,35.76,33.69,1336.05,124,flowering,0.0,False
2023-05-05 19:30:00,crop_potato,9.94,,27.08,70.04,799.96,124,flowering,0.0,False
2023-05-05 22:00:00,crop_potato,54.94,,41.71,30.43,979.09,124,flowering,0.0,False
2023-05-05 22:30:00,crop_potato,25.88,,30.5,29.67,1219.06,124,flowering,0.0,False
2023-05-06 03:30:00,crop_potato,12.26,,28.51,44.94,721.15,124,vegetative,0.0,False
2023-05-06 10:00:00,crop_potato,27.44,,17.11,89.15,2056.56,125,vegetative,0.0,False
2023-05-06 10:30:00,crop_potato,48.65,,25.18,50.58,838.48,125,vegetative,0.0,False
2023-05-06 11:00:00,crop_potato,37.88,,39.82,43.23,2324.83,125,maturity,0.0,False
2023-05-06 16:00:00,crop_potato,20.39,,40.04,84.37,1357.59,125,maturity,0.0,False
2023-05-06 18:00:00,crop_potato,36.97,,13.92,29.27,12.76,125,maturity,0.0,False
2023-05-06 19:00:00,crop_potato,51.5,,39.02,45.04,2303.12,125,maturity,0.0,False
2023-05-06 22:00:00,crop_potato,57.56,,13.12,63.94,526.08,125,flowering,0.0,False
2023-05-07 00:00:00,crop_potato,62.53,,35.22,57.28,1349.42,125,maturity,0.0,False
2023-05-07 05:00:00,crop_potato,56.24,,41.75,37.5,1278.53,125,maturity,0.0,False
2023-05-07 11:00:00,crop_potato,15.57,,26.67,63.14,2355.7,126,vegetative,0.0,False
2023-05-07 12:00:00,crop_potato,10.4,,28.38,48.05,2164.55,126,maturity,0.0,False
2023-05-07 14:30:00,crop_potato,45.33,,29.68,70.77,2117.7,126,maturity,0.0,False
2023-05-07 15:30:00,crop_potato,32.89,,32.36,41.86,1781.64,126,maturity,0.0,False
2023-05-07 20:00:00,crop_potato,34.56,,20.52,61.81,2444.85,126,vegetative,0.0,False
2023-05-07 21:00:00,crop_potato,46.26,,25.68,85.9,2184.07,126,maturity,0.0,False
2023-05-07 23:00:00,crop_potato,59.96,,38.53,73.15,319.22,126,maturity,0.0,False
2023-05-08 00:00:00,crop_potato,52.6,,33.02,75.47,1272.55,126,maturity,0.0,False
2023-05-08 02:00:00,crop_potato,47.15,,31.7,55.52,411.5,126,maturity,0.0,False
2023-05-08 03:30:00,crop_potato,41.28,,20.87,69.45,1000.68,126,maturity,0.0,False
2023-05-08 05:00:00,crop_potato,45.83,,12.37,72.13,2031.04,126,maturity,0.0,False
2023-05-08 12:00:00,crop_potato,31.44,,20.3,89.18,2003.96,127,maturity,0.0,False
2023-05-08 12:30:00,crop_potato,21.36,,32.05,45.92,695.4,127,vegetative,0.0,False
2023-05-08 13:00:00,crop_potato,37.31,,32.6,30.77,2464.74,127,vegetative,0.0,False
2023-05-08 16:00:00,crop_potato,20.09,,13.88,25.33,2126.94,127,vegetative,0.0,False
2023-05-08 17:30:00,crop_potato,8.78,,27.96,89.54,2423.51,127,maturity,0.0,False
2023-05-08 21:30:00,crop_potato,9.17,,14.4,87.58,1716.51,127,maturity,0.0,False
2023-05-08 22:00:00,crop_potato,52.65,,34.53,35.87,2044.65,127,maturity,0.0,False
2023-05-09 00:00:00,crop_potato,42.4,,27.21,66.09,254.9,127,maturity,0.0,False
2023-05-09 01:30:00,crop_potato,52.11,,31.66,85.88,1166.25,127,maturity,0.0,False
2023-05-09 04:00:00,crop_potato,47.12,,31.16,94.51,1610.75,127,maturity,0.0,False
2023-05-09 05:00:00,crop_potato,20.76,,38.95,93.35,180.42,127,maturity,0.0,False
2023-05-09 06:00:00,crop_potato,40.06,,33.83,83.05,2412.75,127,vegetative,0.0,False
2023-05-09 10:00:00,crop_potato,43.48,,16.97,25.46,2472.43,128,maturity,0.0,False
2023-05-09 20:30:00,crop_potato,17.17,,25.86,52.86,1018.47,128,maturity,0.0,False
2023-05-09 23:30:00,crop_potato,28.55,,28.17,40.83,458.44,128,vegetative,0.0,False
2023-05-10 03:30:00,crop_potato,12.95,,25.21,74.6,1778.97,128,flowering,0.0,False
2023-05-10 04:30:00,crop_potato,41.86,,19.31,69.25,895.08,128,flowering,0.0,False
2023-05-10 05:00:00,crop_potato,57.2,,26.71,54.91,742.53,128,maturity,0.0,False
2023-05-10 09:00:00,crop_potato,31.27,,16.44,55.04,640.62,129,flowering,0.0,False
2023-05-10 15:00:00,crop_potato,56.51,,38.58,30.33,1133.28,129,maturity,0.0,False
2023-05-10 18:00:00,crop_potato,14.26,,21.68,65.76,510.19,129,flowering,0.0,False
2023-05-10 22:30:00,crop_potato,8.61,,28.76,72.88,963.3,129,maturity,0.0,False
2023-05-11 04:30:00,crop_potato,17.31,,36.15,59.8,2146.47,129,maturity,0.0,False
2023-05-11 13:00:00,crop_potato,13.01,,18.59,88.07,932.93,130,vegetative,0.0,False
2023-05-11 15:00:00,crop_potato,36.41,,31.74,94.33,1053.22,130,vegetative,0.0,False
2023-05-11 18:30:00,crop_potato,41.91,,40.77,37.98,1284.97,130,maturity,0.0,False
2023-05-11 22:00:00,crop_potato,24.85,,36.7,51.52,1391.79,130,vegetative,0.0,False
2023-05-11 23:00:00,crop_potato,50.39,,22.99,70.6,1736.61,130,maturity,0.0,False
2023-05-11 23:30:00,crop_potato,30.52,,26.95,71.25,1176.46,130,flowering,0.0,False
2023-05-12 01:30:00,crop_potato,25.69,,19.51,51.19,584.79,130,vegetative,0.0,False
2023-05-12 02:00:00,crop_potato,26.8,,38.5,44.86,1780.92,130,maturity,0.0,False
2023-05-12 02:30:00,crop_potato,18.81,,21.94,90.18,618.36,130,flowering,0.0,False
2023-05-12 04:00:00,crop_potato,26.82,,19.79,25.33,1137.5,130,maturity,0.0,False
2023-05-12 09:30:00,crop_potato,15.11,,23.72,58.07,1394.33,131,flowering,0.0,False
2023-05-12 10:00:00,crop_potato,62.03,,14.1,75.15,1668.14,131,maturity,0.0,False
2023-05-12 10:30:00,crop_potato,54.71,,16.09,87.97,765.04,131,maturity,0.0,False
2023-05-12 11:30:00,crop_potato,57.87,,23.26,32.51,791.86,131,flowering,0.0,False
2023-05-12 12:30:00,crop_potato,42.81,,35.01,51.44,331.06,131,vegetative,0.0,False
2023-05-12 16:00:00,crop_potato,15.7,,12.28,78.08,2474.61,131,maturity,0.0,False
2023-05-12 16:30:00,crop_potato,25.95,,28.8,80.72,843.02,131,vegetative,0.0,False
2023-05-12 18:00:00,crop_potato,47.78,,32.49,32.44,1892.62,131,vegetative,0.0,False
2023-05-13 03:00:00,crop_potato,39.47,,22.54,44.58,609.63,131,maturity,0.0,False
2023-05-13 03:30:00,crop_potato,41.39,,27.4,44.75,257.35,131,flowering,0.0,False
2023-05-13 07:00:00,crop_potato,19.03,,17.85,37.74,2101.24,132,flowering,0.0,False
2023-05-13 07:30:00,crop_potato,46.84,,21.22,34.64,2205.25,132,maturity,0.0,False
2023-05-13 08:30:00,crop_potato,20.08,,23.5,28.68,2213.93,132,flowering,0.0,False
2023-05-13 09:00:00,crop_potato,22.59,,28.86,74.76,72.93,132,maturity,0.0,False
2023-05-13 10:30:00,crop_potato,31.17,,32.27,80.66,1605.98,132,vegetative,0.0,False
2023-05-13 14:30:00,crop_potato,27.21,,23.43,92.47,635.55,132,vegetative,0.0,False
2023-05-13 17:30:00,crop_potato,55.89,,22.25,73.69,437.01,132,vegetative,0.0,False
2023-05-13 19:00:00,crop_potato,39.7,,28.69,66.46,1271.69,132,maturity,0.0,False
2023-05-13 21:30:00,crop_potato,60.63,,33.07,44.75,901.79,132,maturity,0.0,False
2023-05-13 22:30:00,crop_potato,50.83,,31.73,91.64,1616.29,132,maturity,0.0,False
2023-05-13 23:00:00,crop_potato,12.77,,15.14,91.42,1515.67,132,vegetative,0.0,False
2023-05-14 00:00:00,crop_potato,39.46,,23.26,86.89,104.08,132,maturity,0.0,False
2023-05-14 04:30:00,crop_potato,55.77,,16.43,36.32,464.78,132,maturity,0.0,False
2023-05-14 05:30:00,crop_potato,16.7,,33.23,27.93,901.07,132,vegetative,0.0,False
2023-05-14 06:00:00,crop_potato,43.93,,31.71,81.25,1622.95,132,maturity,0.0,False
2023-05-14 10:00:00,crop_potato,24.6,,20.21,49.36,1880.23,133,vegetative,0.0,False
2023-05-14 11:30:00,crop_potato,49.8,,33.59,42.15,1567.88,133,vegetative,0.0,False
2023-05-14 12:00:00,crop_potato,61.22,,36.35,50.63,805.93,133,maturity,0.0,False
2023-05-15 05:00:00,crop_potato,47.97,,40.12,63.03,1007.25,133,maturity,0.0,False
2023-05-15 08:30:00,crop_potato,29.47,,34.15,36.38,2138.59,134,vegetative,0.0,False
2023-05-15 13:30:00,crop_potato,50.56,,21.64,67.86,1040.42,134,maturity,0.0,False
2023-05-15 15:30:00,crop_potato,40.78,,38.63,25.37,435.21,134,flowering,0.0,False
2023-05-16 04:00:00,crop_potato,50.23,,18.13,75.35,2226.85,134,vegetative,0.0,False
2023-05-16 05:00:00,crop_potato,46.18,,33.04,83.28,1201.5,134,flowering,0.0,False
2023-05-16 13:30:00,crop_potato,47.41,,37.55,87.15,996.02,135,vegetative,0.0,False
2023-05-16 15:30:00,crop_potato,55.31,,37.75,44.96,2137.66,135,maturity,0.0,False
2023-05-16 16:00:00,crop_potato,17.74,,35.26,60.43,342.2,135,maturity,0.0,False
2023-05-16 17:30:00,crop_potato,35.49,,34.24,53.06,2030.45,135,maturity,0.0,False
2023-05-16 18:00:00,crop_potato,19.32,,16.58,82.06,2434.03,135,flowering,0.0,False
2023-05-16 23:00:00,crop_potato,42.34,,12.42,42.75,1906.6,135,maturity,0.0,False
2023-05-17 00:30:00,crop_potato,53.59,,35.93,88.81,474.39,135,maturity,0.0,False
2023-05-17 03:30:00,crop_potato,57.41,,40.38,51.76,695.97,135,flowering,0.0,False
2023-05-17 04:30:00,crop_potato,10.23,,23.72,39.83,191.37,135,maturity,0.0,False
2023-05-17 05:30:00,crop_potato,54.59,,22.87,80.37,1577.54,135,maturity,0.0,False
2023-05-17 07:30:00,crop_potato,14.86,,16.63,33.81,557.78,136,maturity,0.0,False
2023-05-17 11:00:00,crop_potato,39.95,,35.52,42.2,952.9,136,maturity,0.0,False
2023-05-17 13:00:00,crop_potato,33.1,,42.0,79.6,2488.07,136,maturity,0.0,False
2023-05-17 19:30:00,crop_potato,20.16,,35.41,72.25,1014.82,136,flowering,0.0,False
2023-05-17 20:30:00,crop_potato,57.21,,36.14,76.11,2343.52,136,vegetative,0.0,False
2023-05-17 22:00:00,crop_potato,45.16,,19.03,40.83,491.88,136,maturity,0.0,False
2023-05-17 22:30:00,crop_potato,11.05,,33.14,31.83,87.78,136,maturity,0.0,False
2023-05-17 23:30:00,crop_potato,42.75,,13.2,66.64,1645.43,136,flowering,0.0,False
2023-05-18 00:30:00,crop_potato,32.51,,26.79,92.37,125.81,136,vegetative,0.0,False
2023-05-18 05:00:00,crop_potato,43.94,,14.76,82.37,2105.14,136,maturity,0.0,False
2023-05-18 09:30:00,crop_potato,59.04,,40.44,61.42,1797.85,137,maturity,0.0,False
2023-05-18 10:30:00,crop_potato,63.9,,13.92,29.45,1482.07,137,vegetative,0.0,False
2023-05-18 14:00:00,crop_potato,10.8,,34.34,34.88,2475.77,137,vegetative,0.0,False
2023-05-18 15:00:00,crop_potato,35.91,,23.09,59.17,166.44,137,vegetative,0.0,False
2023-05-18 16:30:00,crop_potato,30.67,,29.66,39.85,1543.7,137,vegetative,0.0,False
2023-05-19 02:00:00,crop_potato,37.83,,32.04,38.09,876.9,137,maturity,0.0,False
2023-05-19 13:00:00,crop_potato,12.7,,24.15,87.38,1862.32,138,maturity,0.0,False
2023-05-19 14:00:00,crop_potato,44.87,,32.03,56.82,2409.32,138,maturity,0.0,False
2023-05-19 15:00:00,crop_potato,51.23,,31.81,93.14,752.67,138,maturity,0.0,False
2023-05-19 23:00:00,crop_potato,35.2,,31.88,36.16,1028.1,138,vegetative,0.0,False
2023-05-19 23:30:00,crop_potato,42.46,,14.72,91.44,1427.08,138,maturity,0.0,False
2023-05-20 04:30:00,crop_potato,54.72,,15.31,31.25,1176.65,138,maturity,0.0,False
2023-05-20 10:30:00,crop_potato,29.6,,25.18,79.32,2019.79,139,vegetative,0.0,False
2023-05-20 12:30:00,crop_potato,59.08,,16.7,68.55,2392.06,139,flowering,0.0,False
2023-05-20 13:00:00,crop_potato,27.75,,15.23,76.42,700.17,139,maturity,0.0,False
2023-05-20 13:30:00,crop_potato,57.07,,40.64,66.56,1657.22,139,maturity,0.0,False
2023-05-20 14:00:00,crop_potato,11.07,,24.64,60.45,1656.35,139,maturity,0.0,False
2023-05-20 18:30:00,crop_potato,57.3,,12.69,84.2,614.11,139,vegetative,0.0,False
2023-05-20 22:00:00,crop_potato,24.31,,21.09,25.68,140.43,139,flowering,0.0,False
2023-05-20 23:00:00,crop_potato,33.63,,34.41,72.74,2349.28,139,vegetative,0.0,False
2023-05-20 23:30:00,crop_potato,37.67,,12.54,64.54,670.62,139,vegetative,0.0,False
2023-05-21 11:00:00,crop_potato,30.56,,35.16,81.17,743.8,140,vegetative,0.0,False
2023-05-21 17:00:00,crop_potato,28.97,,32.89,44.98,434.5,140,maturity,0.0,False
2023-05-21 19:00:00,crop_potato,11.61,,32.67,41.67,2464.2,140,vegetative,0.0,False
2023-05-22 00:30:00,crop_potato,36.18,,25.43,48.99,410.69,140,flowering,0.0,False
2023-05-22 03:30:00,crop_potato,37.67,,35.42,28.05,1385.83,140,maturity,0.0,False
2023-05-22 05:00:00,crop_potato,18.4,,12.91,46.87,1246.04,140,flowering,0.0,False
2023-05-22 06:30:00,crop_potato,60.34,,15.71,54.31,1770.85,140,maturity,0.0,False
2023-05-22 08:30:00,crop_potato,39.81,,28.39,37.49,788.67,141,maturity,0.0,False
2023-05-22 09:30:00,crop_potato,38.72,,39.71,47.55,1206.59,141,flowering,0.0,False
2023-05-22 14:30:00,crop_potato,60.84,,16.1,78.93,1283.09,141,maturity,0.0,False
2023-05-22 21:00:00,crop_potato,8.64,,35.58,89.19,770.46,141,vegetative,0.0,False
2023-05-22 21:30:00,crop_potato,20.95,,32.6,57.41,698.67,141,flowering,0.0,False
2023-05-23 00:00:00,crop_potato,13.53,,20.25,55.22,455.54,141,flowering,0.0,False
2023-05-23 05:00:00,crop_potato,37.82,,20.01,69.28,626.09,141,maturity,0.0,False
2023-05-23 08:30:00,crop_potato,64.98,,15.55,62.88,656.09,142,maturity,0.0,False
2023-05-23 09:00:00,crop_potato,52.34,,36.28,32.23,1680.45,142,vegetative,0.0,False
2023-05-23 16:00:00,crop_potato,11.35,,21.21,27.13,1792.65,142,flowering,0.0,False
2023-05-23 17:30:00,crop_potato,9.66,,16.82,55.17,1705.9,142,flowering,0.0,False
2023-05-23 20:30:00,crop_potato,49.3,,15.96,41.54,430.84,142,maturity,0.0,False
2023-05-23 23:00:00,crop_potato,37.39,,19.69,25.26,129.12,142,vegetative,0.0,False
2023-05-24 02:00:00,crop_potato,34.82,,23.38,32.09,2188.49,142,vegetative,0.0,False
2023-05-24 05:00:00,crop_potato,34.71,,14.34,91.28,1471.08,142,maturity,0.0,False
2023-05-24 07:00:00,crop_potato,62.86,,24.73,74.58,1186.43,143,vegetative,0.0,False
2023-05-24 08:00:00,crop_potato,38.35,,37.17,89.63,2336.45,143,maturity,0.0,False
2023-05-24 12:00:00,crop_potato,57.2,,18.04,25.24,1640.2,143,vegetative,0.0,False
2023-05-24 13:30:00,crop_potato,11.37,,31.45,40.67,406.75,143,maturity,0.0,False
2023-05-24 14:30:00,crop_potato,56.89,,28.94,35.93,931.02,143,maturity,0.0,False
2023-05-24 20:00:00,crop_potato,47.64,,17.51,78.92,519.85,143,maturity,0.0,False
2023-05-24 21:00:00,crop_potato,26.23,,18.22,52.95,1506.94,143,maturity,0.0,False
2023-05-25 08:30:00,crop_potato,24.01,,40.58,89.46,1418.53,144,maturity,0.0,False
2023-05-25 10:00:00,crop_potato,8.02,,39.31,87.04,142.99,144,maturity,0.0,False
2023-05-25 14:00:00,crop_potato,14.17,,41.05,62.74,1657.77,144,maturity,0.0,False
2023-05-25 16:30:00,crop_potato,8.0,,33.49,67.04,1974.45,144,vegetative,0.0,False
2023-05-25 17:00:00,crop_potato,61.11,,22.18,81.81,1311.87,144,flowering,0.0,False
2023-05-26 01:00:00,crop_potato,21.63,,18.26,55.92,134.83,144,vegetative,0.0,False
2023-05-26 02:30:00,crop_potato,63.08,,36.88,30.0,810.1,144,maturity,0.0,False
2023-05-26 06:00:00,crop_potato,63.29,,30.76,37.72,1018.42,144,maturity,0.0,False
2023-05-26 14:30:00,crop_potato,48.04,,24.83,67.86,1095.74,145,maturity,0.0,False
2023-05-26 15:00:00,crop_potato,45.79,,20.2,82.09,1421.43,145,flowering,0.0,False
2023-05-26 17:00:00,crop_potato,21.42,,13.38,47.61,657.71,145,maturity,0.0,False
2023-05-27 00:00:00,crop_potato,40.28,,20.02,46.5,1291.97,145,vegetative,0.0,False
2023-05-27 00:30:00,crop_potato,53.59,,13.43,86.56,676.23,145,maturity,0.0,False
2023-05-27 01:30:00,crop_potato,48.22,,16.7,65.03,1381.76,145,maturity,0.0,False
2023-05-27 02:00:00,crop_potato,40.68,,16.75,61.45,740.08,145,flowering,0.0,False
2023-05-27 03:30:00,crop_potato,40.23,,29.27,35.4,86.18,145,vegetative,0.0,False
2023-05-27 05:30:00,crop_potato,23.49,,38.84,51.24,534.46,145,flowering,0.0,False
2023-05-27 07:30:00,crop_potato,53.74,,33.91,88.91,2182.14,146,maturity,0.0,False
2023-05-27 12:30:00,crop_potato,64.19,,16.21,77.26,2058.78,146,flowering,0.0,False
2023-05-28 01:00:00,crop_potato,32.35,,33.96,71.22,2469.66,146,maturity,0.0,False
2023-05-28 03:00:00,crop_potato,20.73,,21.34,43.35,509.79,146,vegetative,0.0,False
2023-05-28 05:30:00,crop_potato,56.71,,25.02,71.24,2467.24,146,maturity,0.0,False
2023-05-28 10:00:00,crop_potato,31.63,,24.33,71.13,1153.86,147,maturity,0.0,False
2023-05-28 10:30:00,crop_potato,33.44,,34.07,89.02,731.42,147,maturity,0.0,False
2023-05-28 15:00:00,crop_potato,33.47,,41.64,76.09,188.08,147,vegetative,0.0,False
2023-05-28 20:00:00,crop_potato,41.72,,21.96,55.27,732.3,147,flowering,0.0,False
2023-05-28 21:30:00,crop_potato,25.84,,28.57,59.56,1155.42,147,maturity,0.0,False
2023-05-29 01:30:00,crop_potato,37.77,,32.58,86.79,687.08,147,vegetative,0.0,False
2023-05-29 02:30:00,crop_potato,17.77,,30.75,38.46,35.41,147,maturity,0.0,False
2023-05-29 03:30:00,crop_potato,61.02,,12.38,50.1,1824.97,147,maturity,0.0,False
2023-05-29 04:00:00,crop_potato,33.22,,34.5,76.12,1259.55,147,flowering,0.0,False
2023-05-29 12:30:00,crop_potato,30.68,,27.51,62.78,691.26,148,vegetative,0.0,False
2023-05-29 17:30:00,crop_potato,60.41,,20.28,72.08,2438.43,148,maturity,0.0,False
2023-05-30 08:30:00,crop_potato,38.54,,26.2,25.26,1666.66,149,vegetative,0.0,False
2023-05-30 12:00:00,crop_potato,27.42,,22.88,64.44,2133.78,149,maturity,0.0,False
2023-05-30 18:00:00,crop_potato,60.57,,17.3,57.78,694.19,149,flowering,0.0,False
2023-05-30 19:00:00,crop_potato,22.12,,20.59,47.1,1527.78,149,flowering,0.0,False
2023-05-30 23:30:00,crop_potato,24.58,,28.04,42.37,1908.56,149,flowering,0.0,False
2023-05-31 00:00:00,crop_potato,11.72,,38.05,41.72,428.24,149,maturity,0.0,False
2023-05-31 03:30:00,crop_potato,23.88,,18.9,92.73,2433.18,149,maturity,0.0,False
2023-05-31 05:30:00,crop_potato,25.93,,21.29,48.36,776.46,149,vegetative,0.0,False
2023-05-31 06:30:00,crop_potato,50.32,,20.59,35.66,1192.36,149,maturity,0.0,False
2023-05-31 09:00:00,crop_potato,49.41,,38.48,63.77,866.15,150,maturity,0.0,False
2023-05-31 10:00:00,crop_potato,22.42,,23.9,56.69,2143.54,150,maturity,0.0,False
2023-05-31 14:30:00,crop_potato,14.69,,18.41,42.77,1185.74,150,flowering,0.0,False
2023-05-31 19:30:00,crop_potato,18.04,,13.46,79.36,88.61,150,flowering,0.0,False
2023-05-31 20:00:00,crop_potato,54.59,,29.1,33.2,1610.01,150,flowering,0.0,False
2023-06-01 00:30:00,crop_potato,9.63,,30.21,77.89,1656.11,150,flowering,0.0,False
2023-06-01 01:00:00,crop_potato,61.53,,27.22,67.23,2045.32,150,flowering,0.0,False
2023-06-01 03:30:00,crop_potato,10.74,,17.32,47.53,1538.2,150,maturity,0.0,False
2023-06-01 05:00:00,crop_potato,14.11,,22.74,27.75,1822.1,150,flowering,0.0,False
2023-06-01 12:30:00,crop_potato,61.2,,16.26,73.84,1439.83,151,maturity,0.0,False
2023-06-01 15:00:00,crop_potato,46.81,,35.98,77.87,1726.64,151,vegetative,0.0,False
2023-06-01 15:30:00,crop_potato,31.28,,26.19,67.2,228.06,151,maturity,0.0,False
2023-06-01 22:00:00,crop_potato,36.4,,34.54,82.62,1079.69,151,maturity,0.0,False
2023-06-01 23:00:00,crop_potato,14.57,,18.15,81.54,2175.79,151,maturity,0.0,False
2023-06-02 00:00:00,crop_potato,50.81,,16.33,55.38,1358.76,151,maturity,0.0,False
2023-06-02 02:00:00,crop_potato,24.03,,15.1,67.39,953.79,151,maturity,0.0,False
2023-06-02 04:30:00,crop_potato,27.79,,27.75,65.05,635.45,151,vegetative,0.0,False
2023-06-02 05:00:00,crop_potato,55.96,,15.15,38.83,822.04,151,maturity,0.0,False
2023-06-02 05:30:00,crop_potato,10.01,,34.65,65.73,2320.77,151,flowering,0.0,False
2023-06-02 07:00:00,crop_potato,32.65,,21.24,82.78,597.96,152,maturity,0.0,False
2023-06-02 07:30:00,crop_potato,43.8,,22.78,29.63,2231.02,152,flowering,0.0,False
2023-06-02 09:00:00,crop_potato,64.15,,17.15,31.13,1541.63,152,maturity,0.0,False
2023-06-02 15:30:00,crop_potato,36.63,,25.47,34.46,380.56,152,flowering,0.0,False
2023-06-02 17:00:00,crop_potato,55.14,,33.18,85.77,654.76,152,vegetative,0.0,False
2023-06-02 22:00:00,crop_potato,29.49,,38.85,80.46,617.07,152,vegetative,0.0,False
2023-06-03 04:00:00,crop_potato,59.03,,29.29,31.96,1347.14,152,vegetative,0.0,False
2023-06-03 10:00:00,crop_potato,46.45,,37.39,78.08,1758.01,153,flowering,0.0,False
2023-06-03 13:30:00,crop_potato,60.43,,40.8,59.58,97.25,153,vegetative,0.0,False
2023-06-03 21:00:00,crop_potato,45.66,,40.91,41.11,2330.01,153,maturity,0.0,False
2023-06-04 01:30:00,crop_potato,31.46,,14.83,47.61,1451.54,153,maturity,0.0,False
2023-06-04 02:30:00,crop_potato,8.53,,33.78,65.26,1626.41,153,vegetative,0.0,False
2023-06-04 06:00:00,crop_potato,25.17,,25.03,62.52,970.62,153,flowering,0.0,False
2023-06-04 13:00:00,crop_potato,40.35,,33.9,37.71,1600.18,154,vegetative,0.0,False
2023-06-04 16:30:00,crop_potato,10.89,,31.6,48.82,690.69,154,vegetative,0.0,False
2023-06-04 18:00:00,crop_potato,36.48,,41.35,92.88,61.76,154,flowering,0.0,False
2023-06-04 18:30:00,crop_potato,25.49,,15.63,25.88,2064.02,154,flowering,0.0,False
2023-06-04 19:30:00,crop_potato,37.43,,14.12,29.89,1194.26,154,maturity,0.0,False
2023-06-04 20:00:00,crop_potato,9.11,,32.08,61.97,140.9,154,flowering,0.0,False
2023-06-04 22:00:00,crop_potato,49.34,,18.15,66.72,1840.66,154,maturity,0.0,False
2023-06-05 03:30:00,crop_potato,47.68,,16.06,55.38,1681.02,154,vegetative,0.0,False
2023-06-05 06:00:00,crop_potato,29.91,,28.49,51.47,710.96,154,flowering,0.0,False
2023-06-05 07:30:00,crop_potato,41.57,,28.4,28.56,378.99,155,maturity,0.0,False
2023-06-05 08:30:00,crop_potato,61.47,,21.87,29.63,2433.9,155,flowering,0.0,False
2023-06-05 14:30:00,crop_potato,44.94,,19.66,75.87,2154.66,155,flowering,0.0,False
2023-06-05 19:30:00,crop_potato,18.67,,14.12,77.82,88.45,155,vegetative,0.0,False
2023-06-06 01:00:00,crop_potato,46.48,,39.47,28.07,811.92,155,vegetative,0.0,False
2023-06-06 02:00:00,crop_potato,57.58,,23.5,28.03,2180.44,155,maturity,0.0,False
2023-06-06 07:30:00,crop_potato,58.3,,21.65,87.72,87.18,156,maturity,0.0,False
2023-06-06 09:00:00,crop_potato,45.96,,13.35,72.3,2084.4,156,maturity,0.0,False
2023-06-06 09:30:00,crop_potato,52.56,,27.86,68.29,1167.78,156,maturity,0.0,False
2023-06-06 14:00:00,crop_potato,27.82,,22.24,37.36,2259.5,156,vegetative,0.0,False
2023-06-06 15:30:00,crop_potato,52.02,,13.43,79.99,635.78,156,vegetative,0.0,False
2023-06-06 20:30:00,crop_potato,51.36,,12.33,92.09,1109.76,156,flowering,0.0,False
2023-06-06 22:00:00,crop_potato,61.65,,15.78,77.47,417.6,156,maturity,0.0,False
2023-06-06 22:30:00,crop_potato,42.81,,40.8,44.19,140.34,156,maturity,0.0,False
2023-06-06 23:00:00,crop_potato,42.85,,28.85,74.11,1626.76,156,flowering,0.0,False
2023-06-06 23:30:00,crop_potato,49.98,,26.08,39.53,576.45,156,vegetative,0.0,False
2023-06-07 00:30:00,crop_potato,47.93,,18.3,94.04,146.35,156,maturity,0.0,False
2023-06-07 02:30:00,crop_potato,20.46,,30.94,49.28,822.14,156,maturity,0.0,False
2023-06-07 03:00:00,crop_potato,33.99,,37.21,50.0,1237.99,156,flowering,0.0,False
2023-06-07 09:00:00,crop_potato,54.4,,31.48,40.55,54.21,157,maturity,0.0,False
2023-06-07 09:30:00,crop_potato,50.48,,36.77,86.67,937.18,157,maturity,0.0,False
2023-06-07 11:30:00,crop_potato,34.03,,12.24,81.5,2495.79,157,flowering,0.0,False
2023-06-07 14:30:00,crop_potato,51.01,,14.15,38.0,2407.64,157,flowering,0.0,False
2023-06-07 18:30:00,crop_potato,45.76,,19.97,81.41,1245.54,157,maturity,0.0,False
2023-06-07 22:30:00,crop_potato,51.82,,17.54,84.51,2053.93,157,maturity,0.0,False
2023-06-07 23:00:00,crop_potato,13.15,,24.41,81.41,521.54,157,maturity,0.0,False
2023-06-08 00:00:00,crop_potato,40.1,,38.43,69.42,1308.54,157,vegetative,0.0,False
2023-06-08 07:30:00,crop_potato,42.76,,36.82,36.16,9.25,158,maturity,0.0,False
2023-06-08 09:00:00,crop_potato,23.85,,34.01,69.15,1122.22,158,maturity,0.0,False
2023-06-08 10:00:00,crop_potato,41.14,,14.1,39.37,1842.7,158,vegetative,0.0,False
2023-06-08 12:00:00,crop_potato,41.53,,14.57,44.59,804.3,158,maturity,0.0,False
2023-06-08 13:30:00,crop_potato,48.53,,15.99,84.92,459.14,158,maturity,0.0,False
2023-06-08 21:00:00,crop_potato,44.58,,33.49,73.86,1108.03,158,flowering,0.0,False
2023-06-08 23:30:00,crop_potato,54.54,,38.72,82.94,839.04,158,vegetative,0.0,False
2023-06-09 00:00:00,crop_potato,64.17,,37.1,90.78,1206.61,158,flowering,0.0,False
2023-06-09 08:30:00,crop_potato,32.78,,20.42,30.11,113.29,159,flowering,0.0,False
2023-06-09 13:00:00,crop_potato,14.64,,17.89,33.01,1669.61,159,flowering,0.0,False
2023-06-09 14:00:00,crop_potato,64.11,,19.7,87.57,1631.14,159,vegetative,0.0,False
2023-06-09 18:00:00,crop_potato,17.78,,35.79,54.34,1850.82,159,vegetative,0.0,False
2023-06-09 22:00:00,crop_potato,28.24,,27.2,66.84,1309.23,159,flowering,0.0,False
2023-06-09 23:00:00,crop_potato,46.46,,35.77,75.17,1036.23,159,maturity,0.0,False
2023-06-10 04:00:00,crop_potato,17.11,,19.97,94.31,953.11,159,flowering,0.0,False
2023-06-10 08:00:00,crop_potato,12.35,,38.18,89.01,2080.21,160,maturity,0.0,False
2023-06-10 16:00:00,crop_potato,59.65,,26.88,79.13,948.35,160,maturity,0.0,False
2023-06-11 00:30:00,crop_potato,15.83,,19.5,64.87,317.99,160,maturity,0.0,False
2023-06-11 01:30:00,crop_potato,16.89,,24.98,70.64,100.06,160,vegetative,0.0,False
2023-06-11 13:00:00,crop_potato,64.25,,29.56,40.76,1563.9,161,vegetative,0.0,False
2023-06-11 15:00:00,crop_potato,8.4,,26.4,32.71,1000.24,161,maturity,0.0,False
2023-06-11 17:00:00,crop_potato,58.38,,20.62,94.76,1837.01,161,vegetative,0.0,False
2023-06-11 19:30:00,crop_potato,8.63,,27.38,26.4,260.98,161,vegetative,0.0,False
2023-06-12 03:30:00,crop_potato,15.47,,30.76,66.75,1026.98,161,maturity,0.0,False
2023-06-12 05:00:00,crop_potato,44.35,,19.09,90.82,2470.12,161,maturity,0.0,False
2023-06-12 07:00:00,crop_potato,52.7,,14.93,79.93,1077.68,162,flowering,0.0,False
2023-06-12 11:30:00,crop_potato,24.25,,17.31,31.32,194.28,162,maturity,0.0,False
2023-06-12 13:00:00,crop_potato,37.49,,34.16,88.3,535.46,162,maturity,0.0,False
2023-06-12 14:00:00,crop_potato,60.14,,28.92,45.13,461.58,162,vegetative,0.0,False
2023-06-12 21:00:00,crop_potato,36.94,,23.24,43.3,2496.67,162,maturity,0.0,False
2023-06-13 01:30:00,crop_potato,56.28,,37.31,43.45,577.84,162,flowering,0.0,False
2023-06-13 02:00:00,crop_potato,22.06,,25.81,40.57,2295.15,162,flowering,0.0,False
2023-06-13 03:00:00,crop_potato,52.52,,28.58,63.37,1122.68,162,maturity,0.0,False
2023-06-13 05:00:00,crop_potato,13.32,,30.59,54.96,2171.81,162,flowering,0.0,False
2023-06-13 18:00:00,crop_potato,33.68,,36.69,38.11,247.58,163,flowering,0.0,False
2023-06-14 01:30:00,crop_potato,45.13,,24.57,28.41,957.41,163,vegetative,0.0,False
2023-06-14 06:00:00,crop_potato,64.82,,35.14,27.2,974.04,163,flowering,0.0,False
2023-06-14 07:30:00,crop_potato,12.5,,22.63,56.25,2043.55,164,flowering,0.0,False
2023-06-14 10:30:00,crop_potato,24.86,,41.53,29.67,1741.71,164,vegetative,0.0,False
2023-06-14 13:30:00,crop_potato,44.1,,27.99,85.85,2315.34,164,maturity,0.0,False
2023-06-14 14:00:00,crop_potato,14.46,,41.23,47.77,1688.83,164,maturity,0.0,False
2023-06-14 18:30:00,crop_potato,12.21,,33.67,57.38,2222.69,164,maturity,0.0,False
2023-06-14 19:00:00,crop_potato,31.21,,28.54,43.77,2379.47,164,maturity,0.0,False
2023-06-14 21:30:00,crop_potato,42.34,,38.23,71.44,71.37,164,maturity,0.0,False
2023-06-14 23:00:00,crop_potato,32.38,,18.23,88.53,352.67,164,vegetative,0.0,False
2023-06-14 23:30:00,crop_potato,49.24,,24.39,43.22,481.27,164,flowering,0.0,False
2023-06-15 09:00:00,crop_potato,14.79,,30.66,94.44,1332.23,165,flowering,0.0,False
2023-06-15 09:30:00,crop_potato,31.26,,41.88,62.23,2398.9,165,vegetative,0.0,False
2023-06-15 10:00:00,crop_potato,26.46,,19.62,27.89,1496.66,165,flowering,0.0,False
2023-06-15 14:30:00,crop_potato,56.3,,16.42,31.95,1898.87,165,flowering,0.0,False
2023-06-15 19:00:00,crop_potato,11.54,,35.94,73.4,248.95,165,maturity,0.0,False
2023-06-16 03:30:00,crop_potato,63.74,,26.96,27.28,1710.89,165,maturity,0.0,False
2023-06-16 06:30:00,crop_potato,54.75,,25.34,93.54,1213.17,165,maturity,0.0,False
2023-06-16 08:00:00,crop_potato,13.97,,14.24,94.73,2474.1,166,vegetative,0.0,False
2023-06-16 11:30:00,crop_potato,46.29,,14.04,27.67,1370.62,166,vegetative,0.0,False
2023-06-16 15:00:00,crop_potato,51.07,,15.28,87.16,521.6,166,vegetative,0.0,False
2023-06-16 21:00:00,crop_potato,64.51,,39.35,29.08,410.88,166,flowering,0.0,False
2023-06-16 22:00:00,crop_potato,24.42,,20.95,54.7,1596.72,166,vegetative,0.0,False
2023-06-17 00:30:00,crop_potato,32.72,,15.26,34.8,1251.99,166,flowering,0.0,False
2023-06-17 08:00:00,crop_potato,16.35,,36.81,66.11,2308.87,167,vegetative,0.0,False
2023-06-17 09:00:00,crop_potato,12.29,,18.9,32.4,2335.6,167,maturity,0.0,False
2023-06-17 09:30:00,crop_potato,50.75,,29.11,30.16,1663.48,167,flowering,0.0,False
2023-06-17 19:30:00,crop_potato,28.43,,19.59,30.02,2033.44,167,vegetative,0.0,False
2023-06-17 20:30:00,crop_potato,40.33,,33.86,79.14,1213.32,167,vegetative,0.0,False
2023-06-18 00:00:00,crop_potato,11.92,,29.61,75.36,96.65,167,maturity,0.0,False
2023-06-18 01:30:00,crop_potato,11.52,,27.1,42.88,749.88,167,maturity,0.0,False
2023-06-18 10:30:00,crop_potato,12.92,,15.45,80.61,980.66,168,maturity,0.0,False
2023-06-18 11:00:00,crop_potato,28.45,,38.61,48.21,571.68,168,maturity,0.0,False
2023-06-19 03:00:00,crop_potato,48.51,,24.18,44.54,971.52,168,maturity,0.0,False
2023-06-19 05:00:00,crop_potato,18.23,,40.25,29.02,1568.38,168,maturity,0.0,False
2023-06-19 05:30:00,crop_potato,19.66,,38.6,59.08,538.41,168,flowering,0.0,False
2023-06-19 07:00:00,crop_potato,13.23,,41.25,46.8,1782.4,169,maturity,0.0,False
2023-06-19 10:00:00,crop_potato,15.64,,40.02,67.51,2306.89,169,maturity,0.0,False
2023-06-19 12:00:00,crop_potato,18.4,,17.92,71.35,2327.19,169,flowering,0.0,False
2023-06-19 16:00:00,crop_potato,57.52,,38.9,89.37,2291.41,169,vegetative,0.0,False
2023-06-19 20:00:00,crop_potato,38.32,,25.0,77.05,632.29,169,vegetative,0.0,False
2023-06-19 20:30:00,crop_potato,32.45,,29.08,48.67,95.12,169,flowering,0.0,False
2023-06-19 21:30:00,crop_potato,56.53,,27.42,64.34,1893.35,169,vegetative,0.0,False
2023-06-20 01:00:00,crop_potato,53.64,,39.03,37.18,231.53,169,vegetative,0.0,False
2023-06-20 03:00:00,crop_potato,43.53,,22.36,74.27,2384.11,169,flowering,0.0,False
2023-06-20 06:30:00,crop_potato,52.37,,35.21,53.43,1102.16,169,flowering,0.0,False
2023-06-20 08:00:00,crop_potato,46.85,,27.13,26.39,2338.71,170,vegetative,0.0,False
2023-06-20 13:00:00,crop_potato,56.37,,17.83,78.89,2338.83,170,vegetative,0.0,False
2023-06-20 19:30:00,crop_potato,12.63,,34.61,81.89,2474.68,170,vegetative,0.0,False
2023-06-20 21:00:00,crop_potato,61.27,,16.04,48.0,2156.8,170,flowering,0.0,False
2023-06-21 02:00:00,crop_potato,41.41,,34.97,37.22,1335.21,170,flowering,0.0,False
2023-06-21 03:30:00,crop_potato,29.32,,19.72,59.11,367.3,170,maturity,0.0,False
2023-06-21 09:30:00,crop_potato,10.4,,40.23,32.47,929.26,171,maturity,0.0,False
2023-06-21 13:00:00,crop_potato,53.82,,28.16,28.88,1834.8,171,flowering,0.0,False
2023-06-21 21:00:00,crop_potato,63.16,,39.36,39.76,139.69,171,maturity,0.0,False
2023-06-22 05:00:00,crop_potato,21.67,,41.2,58.55,763.2,171,maturity,0.0,False
2023-06-22 08:00:00,crop_potato,40.11,,15.86,49.35,916.19,172,vegetative,0.0,False
2023-06-22 21:00:00,crop_potato,22.43,,35.64,66.49,1817.02,172,maturity,0.0,False
2023-06-22 23:00:00,crop_potato,26.3,,36.33,82.3,1794.57,172,maturity,0.0,False
2023-06-23 00:30:00,crop_potato,32.28,,20.86,57.1,1230.3,172,flowering,0.0,False
2023-06-23 02:30:00,crop_potato,44.88,,29.96,90.81,1992.12,172,maturity,0.0,False
2023-06-23 07:30:00,crop_potato,24.69,,39.92,28.32,778.78,173,maturity,0.0,False
2023-06-23 11:30:00,crop_potato,45.63,,17.67,83.58,127.16,173,vegetative,0.0,False
2023-06-23 14:30:00,crop_potato,37.08,,41.65,58.36,1614.43,173,flowering,0.0,False
2023-06-23 17:00:00,crop_potato,38.97,,24.34,28.72,1341.33,173,vegetative,0.0,False
2023-06-23 18:30:00,crop_potato,40.72,,26.81,55.63,563.43,173,vegetative,0.0,False
2023-06-23 22:30:00,crop_potato,41.03,,34.29,52.78,1898.03,173,flowering,0.0,False
2023-06-24 00:30:00,crop_potato,24.34,,30.36,56.58,1791.55,173,flowering,0.0,False
2023-06-24 04:30:00,crop_potato,8.87,,23.95,25.73,712.9,173,flowering,0.0,False
2023-06-24 09:00:00,crop_potato,9.24,,40.94,75.84,529.08,174,maturity,0.0,False
2023-06-24 11:00:00,crop_potato,16.84,,12.73,30.11,2231.87,174,maturity,0.0,False
2023-06-24 16:30:00,crop_potato,12.43,,12.99,42.71,769.09,174,vegetative,0.0,False
2023-06-24 21:00:00,crop_potato,52.7,,21.06,44.75,171.48,174,maturity,0.0,False
2023-06-24 21:30:00,crop_potato,23.62,,31.32,84.8,531.43,174,maturity,0.0,False
2023-06-25 03:00:00,crop_potato,45.8,,22.55,59.05,1642.47,174,vegetative,0.0,False
2023-06-25 04:30:00,crop_potato,44.78,,40.24,42.17,2058.05,174,vegetative,0.0,False
2023-06-25 05:00:00,crop_potato,16.38,,16.1,64.64,2123.87,174,maturity,0.0,False
2023-06-25 05:30:00,crop_potato,27.49,,14.05,74.84,1009.85,174,vegetative,0.0,False
2023-06-25 07:30:00,crop_potato,48.03,,40.01,40.31,1843.07,175,vegetative,0.0,False
2023-06-25 09:00:00,crop_potato,35.92,,12.58,36.12,2379.3,175,maturity,0.0,False
2023-06-25 14:30:00,crop_potato,19.44,,13.59,64.93,1093.96,175,maturity,0.0,False
2023-06-25 16:30:00,crop_potato,11.67,,21.7,73.19,232.34,175,maturity,0.0,False
2023-06-25 21:30:00,crop_potato,56.2,,13.8,79.94,2151.49,175,maturity,0.0,False
2023-06-25 23:00:00,crop_potato,37.54,,37.4,69.28,1872.87,175,maturity,0.0,False
2023-06-26 01:30:00,crop_potato,62.03,,35.01,79.45,1484.93,175,flowering,0.0,False
2023-06-26 11:30:00,crop_potato,44.42,,24.56,85.06,1490.16,176,maturity,0.0,False
2023-06-26 14:30:00,crop_potato,12.53,,27.7,33.52,473.66,176,flowering,0.0,False
2023-06-26 15:00:00,crop_potato,33.37,,28.75,46.92,1780.74,176,maturity,0.0,False
2023-06-26 20:00:00,crop_potato,49.97,,23.23,83.05,879.62,176,vegetative,0.0,False
2023-06-26 22:00:00,crop_potato,60.61,,30.69,48.37,2140.78,176,maturity,0.0,False
2023-06-26 22:30:00,crop_potato,32.56,,16.5,86.58,1015.16,176,maturity,0.0,False
2023-06-27 02:00:00,crop_potato,52.68,,15.76,79.33,1686.89,176,maturity,0.0,False
2023-06-27 03:00:00,crop_potato,49.74,,32.15,40.77,1496.4,176,flowering,0.0,False
2023-06-27 04:30:00,crop_potato,19.68,,35.37,76.23,2437.19,176,maturity,0.0,False
2023-06-27 06:00:00,crop_potato,40.0,,37.68,43.91,2074.58,176,vegetative,0.0,False
2023-06-27 08:00:00,crop_potato,36.44,,37.93,35.21,277.25,177,vegetative,0.0,False
2023-06-27 11:00:00,crop_potato,41.48,,38.78,85.9,1918.66,177,flowering,0.0,False
2023-06-27 11:30:00,crop_potato,59.32,,13.16,30.02,1511.69,177,vegetative,0.0,False
2023-06-27 12:00:00,crop_potato,34.97,,21.98,88.17,1872.39,177,maturity,0.0,False
2023-06-27 15:30:00,crop_potato,32.28,,30.9,37.92,1877.11,177,maturity,0.0,False
2023-06-27 17:00:00,crop_potato,8.12,,21.65,93.11,1008.35,177,maturity,0.0,False
2023-06-27 21:30:00,crop_potato,44.46,,17.33,92.09,520.94,177,maturity,0.0,False
2023-06-28 02:30:00,crop_potato,33.64,,24.05,48.28,2089.22,177,maturity,0.0,False
2023-06-28 03:30:00,crop_potato,25.21,,14.5,87.58,825.22,177,maturity,0.0,False
2023-06-28 11:00:00,crop_potato,63.1,,20.25,58.54,1897.53,178,maturity,0.0,False
2023-06-28 15:30:00,crop_potato,60.12,,39.2,52.53,2259.09,178,flowering,0.0,False
2023-06-28 16:30:00,crop_potato,30.9,,35.25,58.36,1948.34,178,maturity,0.0,False
2023-06-28 18:30:00,crop_potato,64.64,,26.76,63.34,126.41,178,vegetative,0.0,False
2023-06-29 03:30:00,crop_potato,27.84,,27.45,30.16,2254.27,178,flowering,0.0,False
2023-06-29 05:30:00,crop_potato,57.55,,28.8,25.83,468.99,178,flowering,0.0,False
2023-06-29 07:30:00,crop_potato,43.63,,35.72,73.2,1494.82,179,vegetative,0.0,False
2023-06-29 11:00:00,crop_potato,34.34,,18.23,37.71,2275.9,179,maturity,0.0,False
2023-06-29 18:30:00,crop_potato,44.05,,40.47,91.11,1086.71,179,maturity,0.0,False
2023-06-29 21:00:00,crop_potato,62.19,,21.25,64.65,1526.88,179,maturity,0.0,False
2023-06-29 23:30:00,crop_potato,18.92,,25.1,64.24,32.55,179,maturity,0.0,False
2023-06-30 02:00:00,crop_potato,64.34,,37.15,31.64,2263.74,179,vegetative,0.0,False
2023-06-30 07:00:00,crop_potato,37.3,,16.65,41.91,1554.58,180,maturity,0.0,False
2023-06-30 10:00:00,crop_potato,30.92,,29.73,31.64,1948.21,180,flowering,0.0,False
2023-06-30 14:30:00,crop_potato,45.24,,23.54,42.2,1204.54,180,vegetative,0.0,False
2023-06-30 15:00:00,crop_potato,36.11,,24.57,86.92,630.29,180,vegetative,0.0,False
2023-06-30 16:30:00,crop_potato,64.31,,12.53,81.61,672.41,180,vegetative,0.0,False
2023-06-30 17:00:00,crop_potato,37.09,,25.41,42.86,950.69,180,vegetative,0.0,False
2023-06-30 18:30:00,crop_potato,35.18,,27.6,92.22,2029.81,180,maturity,0.0,False
2023-07-01 00:30:00,crop_potato,48.95,,21.24,88.71,930.26,180,flowering,0.0,False
2023-07-01 02:00:00,crop_potato,39.06,,12.78,59.14,1021.32,180,flowering,0.0,False
2023-07-01 02:30:00,crop_potato,63.5,,16.57,67.97,1518.75,180,maturity,0.0,False
2023-07-01 03:00:00,crop_potato,47.62,,24.66,57.75,2355.26,180,maturity,0.0,False
2023-07-01 04:30:00,crop_potato,50.04,,25.43,53.37,1405.55,180,maturity,0.0,False
2023-07-01 05:00:00,crop_potato,58.83,,28.42,27.84,1367.48,180,vegetative,0.0,False
2023-07-01 10:00:00,crop_potato,12.89,,19.11,94.64,1774.39,181,flowering,0.0,False
2023-07-01 15:00:00,crop_potato,25.27,,17.08,67.61,2360.76,181,flowering,0.0,False
2023-07-01 15:30:00,crop_potato,13.56,,32.16,73.62,1021.92,181,flowering,0.0,False
2023-07-01 18:00:00,crop_potato,26.63,,28.12,72.85,1450.07,181,maturity,0.0,False
2023-07-02 03:30:00,crop_potato,20.76,,26.4,44.13,772.08,181,maturity,0.0,False
2023-07-02 08:30:00,crop_potato,36.86,,17.6,40.24,276.63,182,maturity,0.0,False
2023-07-02 12:30:00,crop_potato,23.14,,30.55,90.56,1264.87,182,maturity,0.0,False
2023-07-02 14:00:00,crop_potato,21.63,,15.04,41.07,783.86,182,maturity,0.0,False
2023-07-02 17:00:00,crop_potato,19.23,,25.42,75.43,1361.72,182,vegetative,0.0,False
2023-07-02 20:00:00,crop_potato,47.96,,32.31,72.77,366.77,182,vegetative,0.0,False
2023-07-03 00:00:00,crop_potato,21.34,,38.6,66.5,467.87,182,flowering,0.0,False
2023-07-03 02:30:00,crop_potato,38.39,,12.17,51.61,1675.83,182,flowering,0.0,False
2023-07-03 11:00:00,crop_potato,41.05,,30.6,40.35,2383.29,183,vegetative,0.0,False
2023-07-03 13:30:00,crop_potato,37.41,,40.87,50.33,1759.39,183,flowering,0.0,False
2023-07-03 15:00:00,crop_potato,18.78,,40.8,91.22,1621.39,183,maturity,0.0,False
2023-07-03 19:30:00,crop_potato,51.71,,26.3,91.54,1093.59,183,flowering,0.0,False
2023-07-03 20:00:00,crop_potato,9.95,,29.93,75.76,1243.68,183,maturity,0.0,False
2023-07-04 01:00:00,crop_potato,24.77,,14.17,27.18,113.68,183,maturity,0.0,False
2023-07-04 01:30:00,crop_potato,41.45,,25.13,36.2,486.42,183,flowering,0.0,False
2023-07-04 03:30:00,crop_potato,31.97,,32.2,28.19,497.93,183,flowering,0.0,False
2023-07-04 08:00:00,crop_potato,55.4,,20.52,61.18,1118.93,184,maturity,0.0,False
2023-07-04 12:00:00,crop_potato,54.98,,41.99,28.76,2134.33,184,flowering,0.0,False
2023-07-04 19:00:00,crop_potato,29.17,,14.44,65.56,655.71,184,flowering,0.0,False
2023-07-04 20:30:00,crop_potato,33.24,,28.31,61.08,1887.36,184,vegetative,0.0,False
2023-07-05 03:30:00,crop_potato,15.13,,13.21,88.38,1114.22,184,vegetative,0.0,False
2023-07-05 04:30:00,crop_potato,29.43,,24.78,57.88,1783.97,184,vegetative,0.0,False
2023-07-05 11:30:00,crop_potato,11.5,,16.83,64.33,2066.69,185,flowering,0.0,False
2023-07-05 13:30:00,crop_potato,37.58,,35.84,46.44,1971.07,185,maturity,0.0,False
2023-07-05 16:30:00,crop_potato,27.3,,37.45,94.6,1172.02,185,maturity,0.0,False
2023-07-05 19:00:00,crop_potato,20.95,,26.44,46.29,1077.83,185,flowering,0.0,False
2023-07-05 22:00:00,crop_potato,37.66,,29.13,37.5,1163.75,185,maturity,0.0,False
2023-07-06 04:00:00,crop_potato,40.68,,36.2,76.74,350.76,185,maturity,0.0,False
2023-07-06 11:00:00,crop_potato,58.49,,33.81,58.66,2386.86,186,vegetative,0.0,False
2023-07-06 13:30:00,crop_potato,36.62,,23.91,88.02,618.39,186,vegetative,0.0,False
2023-07-06 15:30:00,crop_potato,34.03,,23.8,91.89,77.85,186,maturity,0.0,False
2023-07-06 16:30:00,crop_potato,21.66,,14.96,68.7,1729.94,186,flowering,0.0,False
2023-07-06 17:00:00,crop_potato,32.76,,34.65,89.36,2119.77,186,vegetative,0.0,False
2023-07-06 21:30:00,crop_potato,38.42,,41.05,52.03,453.43,186,vegetative,0.0,False
2023-07-06 22:00:00,crop_potato,24.47,,33.77,89.23,620.86,186,maturity,0.0,False
2023-07-06 22:30:00,crop_potato,45.49,,31.97,70.29,1162.92,186,maturity,0.0,False
2023-07-06 23:00:00,crop_potato,23.69,,39.1,26.39,1956.16,186,maturity,0.0,False
2023-07-07 00:30:00,crop_potato,64.33,,31.23,33.0,8.68,186,maturity,0.0,False
2023-07-07 01:00:00,crop_potato,42.49,,38.46,75.13,2173.52,186,vegetative,0.0,False
2023-07-07 02:00:00,crop_potato,12.15,,41.31,62.72,2054.16,186,maturity,0.0,False
2023-07-07 02:30:00,crop_potato,27.85,,18.69,37.21,1376.87,186,vegetative,0.0,False
2023-07-07 03:30:00,crop_potato,45.34,,39.82,55.58,366.89,186,maturity,0.0,False
2023-07-07 07:30:00,crop_potato,31.31,,27.87,91.29,135.29,187,vegetative,0.0,False
2023-07-07 10:30:00,crop_potato,29.54,,40.21,39.1,150.29,187,flowering,0.0,False
2023-07-07 16:00:00,crop_potato,26.35,,20.19,90.67,1473.99,187,maturity,0.0,False
2023-07-07 20:00:00,crop_potato,18.45,,39.31,78.9,799.02,187,flowering,0.0,False
2023-07-07 21:30:00,crop_potato,18.94,,40.94,58.05,1908.09,187,maturity,0.0,False
2023-07-07 23:00:00,crop_potato,57.82,,28.8,43.98,1312.11,187,maturity,0.0,False
2023-07-08 00:30:00,crop_potato,38.46,,23.01,64.1,2325.54,187,maturity,0.0,False
2023-07-08 03:30:00,crop_potato,18.1,,25.99,33.53,1832.17,187,vegetative,0.0,False
2023-07-08 11:00:00,crop_potato,19.11,,27.95,63.21,1885.14,188,vegetative,0.0,False
2023-07-08 17:30:00,crop_potato,11.52,,22.37,80.23,1827.32,188,vegetative,0.0,False
2023-07-08 18:00:00,crop_potato,50.12,,35.12,32.36,483.27,188,maturity,0.0,False
2023-07-08 20:00:00,crop_potato,13.01,,21.21,66.92,1494.28,188,vegetative,0.0,False
2023-07-08 23:30:00,crop_potato,13.07,,15.73,29.34,1922.94,188,flowering,0.0,False
2023-07-09 01:00:00,crop_potato,43.92,,18.42,51.7,2295.74,188,maturity,0.0,False
2023-07-09 03:30:00,crop_potato,17.35,,22.69,40.35,1065.8,188,vegetative,0.0,False
2023-07-09 06:00:00,crop_potato,63.83,,20.42,88.96,1418.13,188,flowering,0.0,False
2023-07-09 06:30:00,crop_potato,14.29,,39.84,89.96,566.38,188,maturity,0.0,False
2023-07-09 09:30:00,crop_potato,34.22,,29.03,48.21,840.71,189,vegetative,0.0,False
2023-07-09 10:00:00,crop_potato,23.12,,34.37,75.14,1978.43,189,maturity,0.0,False
2023-07-09 14:30:00,crop_potato,43.41,,39.03,58.99,1235.14,189,vegetative,0.0,False
2023-07-09 19:00:00,crop_potato,50.69,,30.5,33.13,1459.39,189,maturity,0.0,False
2023-07-09 23:00:00,crop_potato,62.14,,25.12,76.72,2471.19,189,vegetative,0.0,False
2023-07-10 00:30:00,crop_potato,44.4,,26.89,55.4,1301.01,189,maturity,0.0,False
2023-07-10 01:00:00,crop_potato,43.62,,20.0,28.74,1070.85,189,maturity,0.0,False
2023-07-10 01:30:00,crop_potato,42.02,,41.87,44.51,303.54,189,flowering,0.0,False
2023-07-10 02:30:00,crop_potato,44.17,,31.35,76.54,537.97,189,maturity,0.0,False
2023-07-10 03:00:00,crop_potato,32.52,,31.4,34.31,2249.64,189,maturity,0.0,False
2023-07-10 04:30:00,crop_potato,64.39,,13.77,68.11,1414.33,189,maturity,0.0,False
2023-07-10 05:30:00,crop_potato,63.04,,28.95,90.03,2336.09,189,vegetative,0.0,False
2023-07-10 10:00:00,crop_potato,41.84,,35.2,29.06,741.41,190,flowering,0.0,False
2023-07-10 12:30:00,crop_potato,30.8,,13.96,58.54,2223.74,190,vegetative,0.0,False
2023-07-10 16:30:00,crop_potato,41.79,,24.13,66.42,1324.19,190,maturity,0.0,False
2023-07-10 21:00:00,crop_potato,52.39,,30.15,45.93,2163.13,190,maturity,0.0,False
2023-07-11 00:00:00,crop_potato,63.42,,30.21,36.07,1616.0,190,maturity,0.0,False
2023-07-11 06:00:00,crop_potato,27.81,,19.98,67.6,271.41,190,vegetative,0.0,False
2023-07-11 07:00:00,crop_potato,33.42,,14.95,94.72,593.67,191,maturity,0.0,False
2023-07-11 09:30:00,crop_potato,47.71,,20.6,90.8,2294.54,191,maturity,0.0,False
2023-07-11 12:00:00,crop_potato,32.47,,36.14,88.14,2219.71,191,maturity,0.0,False
2023-07-11 12:30:00,crop_potato,13.21,,13.18,66.66,2316.28,191,maturity,0.0,False
2023-07-11 13:00:00,crop_potato,62.86,,20.54,92.08,1996.14,191,flowering,0.0,False
2023-07-11 15:00:00,crop_potato,11.12,,40.04,62.25,601.58,191,vegetative,0.0,False
2023-07-11 18:00:00,crop_potato,34.92,,35.37,47.08,2346.49,191,maturity,0.0,False
2023-07-11 19:30:00,crop_potato,39.94,,15.51,71.4,1693.4,191,flowering,0.0,False
2023-07-11 20:30:00,crop_potato,39.06,,13.45,38.28,817.38,191,flowering,0.0,False
2023-07-11 21:00:00,crop_potato,39.5,,38.93,47.88,1642.63,191,vegetative,0.0,False
2023-07-11 22:30:00,crop_potato,22.22,,17.62,28.5,442.14,191,flowering,0.0,False
2023-07-12 03:30:00,crop_potato,57.08,,28.55,79.47,474.89,191,maturity,0.0,False
2023-07-12 06:00:00,crop_potato,24.35,,26.92,64.06,2139.35,191,vegetative,0.0,False
2023-07-12 09:00:00,crop_potato,30.31,,13.4,72.94,1190.63,192,flowering,0.0,False
2023-07-12 11:30:00,crop_potato,44.8,,38.14,71.55,2027.95,192,maturity,0.0,False
2023-07-12 16:00:00,crop_potato,28.45,,40.63,84.44,2311.43,192,vegetative,0.0,False
2023-07-12 18:00:00,crop_potato,29.96,,31.19,63.58,1004.96,192,maturity,0.0,False
2023-07-12 23:30:00,crop_potato,42.78,,13.88,56.88,841.58,192,maturity,0.0,False
2023-07-13 09:00:00,crop_potato,42.63,,24.72,54.23,692.45,193,maturity,0.0,False
2023-07-13 12:30:00,crop_potato,31.74,,19.32,91.99,988.35,193,vegetative,0.0,False
2023-07-13 14:00:00,crop_potato,43.29,,36.54,35.38,644.14,193,maturity,0.0,False
2023-07-13 16:30:00,crop_potato,35.21,,30.65,43.29,600.05,193,flowering,0.0,False
2023-07-13 22:30:00,crop_potato,31.5,,34.56,62.85,1978.85,193,vegetative,0.0,False
2023-07-13 23:30:00,crop_potato,35.91,,15.73,52.56,1894.64,193,maturity,0.0,False
2023-07-14 04:30:00,crop_potato,32.52,,24.87,84.69,1559.48,193,vegetative,0.0,False
2023-07-14 05:30:00,crop_potato,31.43,,25.02,81.67,1472.45,193,flowering,0.0,False
2023-07-14 07:00:00,crop_potato,48.05,,14.8,89.97,610.37,194,maturity,0.0,False
2023-07-14 13:30:00,crop_potato,44.29,,37.45,44.62,419.04,194,maturity,0.0,False
2023-07-14 14:00:00,crop_potato,53.14,,36.79,48.7,1121.47,194,flowering,0.0,False
2023-07-14 22:30:00,crop_potato,22.28,,36.88,89.76,1977.91,194,flowering,0.0,False
2023-07-14 23:00:00,crop_potato,41.68,,37.1,51.14,1283.62,194,maturity,0.0,False
2023-07-15 00:30:00,crop_potato,49.57,,22.74,53.63,1345.01,194,flowering,0.0,False
2023-07-15 02:00:00,crop_potato,44.49,,28.79,56.35,400.2,194,flowering,0.0,False
2023-07-15 05:00:00,crop_potato,55.9,,17.36,34.15,1203.6,194,flowering,0.0,False
2023-07-15 06:30:00,crop_potato,48.69,,30.16,45.91,1189.52,194,vegetative,0.0,False
2023-07-15 08:00:00,crop_potato,40.97,,21.39,26.43,943.41,195,flowering,0.0,False
2023-07-15 10:00:00,crop_potato,21.17,,33.96,72.92,2003.13,195,flowering,0.0,False
2023-07-15 16:00:00,crop_potato,45.81,,29.16,68.11,1534.32,195,vegetative,0.0,False
2023-07-15 23:30:00,crop_potato,63.65,,38.67,58.67,542.56,195,vegetative,0.0,False
2023-07-16 04:00:00,crop_potato,36.96,,32.61,65.76,233.54,195,maturity,0.0,False
2023-07-16 05:30:00,crop_potato,23.2,,41.3,62.24,1968.51,195,vegetative,0.0,False
2023-07-16 08:00:00,crop_potato,42.51,,38.08,88.66,445.96,196,flowering,0.0,False
2023-07-16 18:00:00,crop_potato,18.42,,32.02,66.98,307.12,196,maturity,0.0,False
2023-07-16 18:30:00,crop_potato,53.79,,31.1,37.75,806.39,196,maturity,0.0,False
2023-07-16 21:00:00,crop_potato,53.49,,16.96,36.39,649.92,196,vegetative,0.0,False
2023-07-17 00:00:00,crop_potato,43.78,,35.68,42.27,2156.79,196,maturity,0.0,False
2023-07-17 02:30:00,crop_potato,43.84,,36.16,31.11,1523.54,196,maturity,0.0,False
2023-07-17 03:30:00,crop_potato,38.19,,14.44,28.62,1205.35,196,maturity,0.0,False
2023-07-17 04:00:00,crop_potato,30.07,,19.72,91.68,1158.66,196,maturity,0.0,False
2023-07-17 08:00:00,crop_potato,56.05,,22.36,51.03,1741.83,197,maturity,0.0,False
2023-07-17 11:00:00,crop_potato,36.79,,20.11,62.51,1398.4,197,vegetative,0.0,False
2023-07-17 12:30:00,crop_potato,21.16,,38.0,89.38,45.82,197,maturity,0.0,False
2023-07-17 15:00:00,crop_potato,20.54,,32.82,83.15,50.57,197,flowering,0.0,False
2023-07-17 17:00:00,crop_potato,42.05,,35.46,76.21,1170.25,197,flowering,0.0,False
2023-07-17 20:30:00,crop_potato,63.24,,18.66,81.92,1095.57,197,flowering,0.0,False
2023-07-18 05:30:00,crop_potato,20.32,,20.03,76.52,1352.41,197,maturity,0.0,False
2023-07-18 13:30:00,crop_potato,56.73,,29.8,68.07,1383.64,198,vegetative,0.0,False
2023-07-18 15:00:00,crop_potato,9.38,,13.96,80.03,614.9,198,vegetative,0.0,False
2023-07-18 16:00:00,crop_potato,32.87,,14.03,37.75,350.8,198,vegetative,0.0,False
2023-07-18 19:00:00,crop_potato,13.58,,40.92,64.81,962.05,198,maturity,0.0,False
2023-07-18 22:30:00,crop_potato,9.18,,16.55,65.71,1568.82,198,maturity,0.0,False
2023-07-19 02:00:00,crop_potato,18.97,,38.38,38.7,1843.47,198,maturity,0.0,False
2023-07-19 03:00:00,crop_potato,55.54,,27.35,82.84,591.41,198,maturity,0.0,False
2023-07-19 06:00:00,crop_potato,57.12,,30.55,90.59,1036.77,198,vegetative,0.0,False
2023-07-19 07:30:00,crop_potato,63.85,,20.6,76.53,1925.3,199,vegetative,0.0,False
2023-07-19 12:30:00,crop_potato,56.45,,17.41,92.77,599.27,199,maturity,0.0,False
2023-07-19 14:30:00,crop_potato,11.4,,25.02,85.91,2121.38,199,maturity,0.0,False
2023-07-19 17:00:00,crop_potato,25.23,,26.26,66.78,1206.74,199,flowering,0.0,False
2023-07-19 20:00:00,crop_potato,59.3,,13.0,82.36,49.2,199,maturity,0.0,False
2023-07-19 21:00:00,crop_potato,19.05,,40.7,94.25,1041.57,199,vegetative,0.0,False
2023-07-19 22:30:00,crop_potato,50.52,,40.06,72.18,2343.71,199,flowering,0.0,False
2023-07-20 01:00:00,crop_potato,37.52,,16.78,53.21,1589.4,199,maturity,0.0,False
2023-07-20 03:00:00,crop_potato,33.98,,18.15,51.84,1105.58,199,maturity,0.0,False
2023-07-20 03:30:00,crop_potato,37.37,,32.82,87.13,709.5,199,maturity,0.0,False
2023-07-20 06:30:00,crop_potato,43.75,,41.31,81.64,1978.83,199,maturity,0.0,False
2023-07-20 07:00:00,crop_potato,44.47,,25.24,84.06,28.9,200,flowering,0.0,False
2023-07-20 14:30:00,crop_potato,8.59,,32.12,90.25,642.23,200,maturity,0.0,False
2023-07-20 15:00:00,crop_potato,31.52,,14.19,54.23,594.36,200,vegetative,0.0,False
2023-07-20 22:00:00,crop_potato,28.58,,21.93,45.26,809.38,200,maturity,0.0,False
2023-07-20 23:30:00,crop_potato,13.73,,29.98,61.75,1245.72,200,maturity,0.0,False
2023-07-21 01:00:00,crop_potato,22.54,,41.74,70.44,1885.37,200,maturity,0.0,False
2023-07-21 04:30:00,crop_potato,32.04,,40.92,63.53,939.98,200,maturity,0.0,False
2023-07-21 11:00:00,crop_potato,9.67,,30.93,56.51,374.87,201,vegetative,0.0,False
2023-07-21 13:00:00,crop_potato,23.74,,12.74,73.7,2359.89,201,maturity,0.0,False
2023-07-21 17:00:00,crop_potato,56.37,,25.1,62.29,2347.36,201,maturity,0.0,False
2023-07-21 21:30:00,crop_potato,41.83,,12.88,40.06,394.77,201,vegetative,0.0,False
2023-07-21 22:00:00,crop_potato,24.15,,35.22,77.6,1323.53,201,flowering,0.0,False
2023-07-21 23:00:00,crop_potato,47.0,,27.93,74.88,1476.92,201,maturity,0.0,False
2023-07-21 23:30:00,crop_potato,16.15,,17.19,25.25,290.56,201,flowering,0.0,False
2023-07-22 04:30:00,crop_potato,32.04,,27.47,74.61,1580.46,201,maturity,0.0,False
2023-07-22 06:00:00,crop_potato,44.0,,41.11,71.09,829.1,201,flowering,0.0,False
2023-07-22 06:30:00,crop_potato,53.39,,14.53,80.97,2357.98,201,maturity,0.0,False
2023-07-22 09:30:00,crop_potato,8.99,,22.04,35.22,1873.15,202,maturity,0.0,False
2023-07-22 11:30:00,crop_potato,8.56,,33.26,54.7,796.24,202,maturity,0.0,False
2023-07-22 12:30:00,crop_potato,24.61,,21.54,42.77,1506.43,202,maturity,0.0,False
2023-07-22 15:00:00,crop_potato,46.96,,39.16,30.19,2187.8,202,vegetative,0.0,False
2023-07-22 19:00:00,crop_potato,55.76,,16.34,75.31,1196.69,202,maturity,0.0,False
2023-07-23 07:30:00,crop_potato,59.98,,17.7,71.62,2324.15,203,vegetative,0.0,False
2023-07-23 14:30:00,crop_potato,16.59,,17.02,73.26,1504.57,203,flowering,0.0,False
2023-07-23 15:30:00,crop_potato,47.8,,23.47,41.46,1131.8,203,flowering,0.0,False
2023-07-23 17:30:00,crop_potato,38.68,,18.12,45.55,801.26,203,maturity,0.0,False
2023-07-23 19:00:00,crop_potato,45.95,,31.16,94.45,2187.06,203,maturity,0.0,False
2023-07-23 20:00:00,crop_potato,23.32,,21.36,37.55,620.03,203,vegetative,0.0,False
2023-07-24 00:00:00,crop_potato,49.7,,26.78,84.13,49.52,203,maturity,0.0,False
2023-07-24 02:00:00,crop_potato,58.71,,19.19,32.84,1509.44,203,vegetative,0.0,False
2023-07-24 04:30:00,crop_potato,61.27,,13.92,44.1,2417.61,203,maturity,0.0,False
2023-07-24 10:00:00,crop_potato,29.23,,16.14,46.75,534.61,204,maturity,0.0,False
2023-07-24 11:30:00,crop_potato,56.67,,22.04,91.38,2143.96,204,vegetative,0.0,False
2023-07-24 14:30:00,crop_potato,13.86,,37.66,29.4,1387.84,204,maturity,0.0,False
2023-07-24 16:30:00,crop_potato,26.19,,12.13,38.23,593.58,204,vegetative,0.0,False
2023-07-24 17:30:00,crop_potato,10.98,,15.94,46.5,1707.39,204,maturity,0.0,False
2023-07-24 21:30:00,crop_potato,15.95,,27.64,64.05,1527.86,204,vegetative,0.0,False
2023-07-24 22:30:00,crop_potato,51.68,,27.2,59.78,456.42,204,flowering,0.0,False
2023-07-24 23:00:00,crop_potato,40.63,,30.28,72.55,656.23,204,maturity,0.0,False
2023-07-25 01:30:00,crop_potato,43.65,,26.67,57.97,2036.64,204,vegetative,0.0,False
2023-07-25 02:00:00,crop_potato,8.08,,25.06,25.27,691.29,204,flowering,0.0,False
2023-07-25 02:30:00,crop_potato,28.13,,27.8,77.75,394.02,204,maturity,0.0,False
2023-07-25 03:30:00,crop_potato,9.56,,27.46,70.68,703.27,204,flowering,0.0,False
2023-07-25 06:00:00,crop_potato,37.57,,18.3,29.34,871.11,204,maturity,0.0,False
2023-07-25 06:30:00,crop_potato,39.53,,13.75,26.48,314.68,204,vegetative,0.0,False
2023-07-25 07:00:00,crop_potato,26.92,,31.55,92.49,258.4,205,maturity,0.0,False
2023-07-25 09:00:00,crop_potato,35.78,,26.8,76.95,502.02,205,maturity,0.0,False
2023-07-25 09:30:00,crop_potato,44.16,,13.49,70.3,2331.69,205,vegetative,0.0,False
2023-07-25 14:30:00,crop_potato,64.2,,34.25,41.72,2291.4,205,vegetative,0.0,False
2023-07-25 22:00:00,crop_potato,51.95,,30.78,75.76,1254.49,205,maturity,0.0,False
2023-07-26 06:30:00,crop_potato,49.38,,32.73,50.85,1941.99,205,flowering,0.0,False
2023-07-26 07:00:00,crop_potato,12.66,,41.58,39.12,632.11,206,maturity,0.0,False
2023-07-26 07:30:00,crop_potato,15.26,,21.27,48.68,1321.18,206,maturity,0.0,False
2023-07-26 16:30:00,crop_potato,34.01,,33.99,35.42,1418.19,206,maturity,0.0,False
2023-07-26 23:00:00,crop_potato,23.29,,38.33,84.42,370.72,206,vegetative,0.0,False
2023-07-27 05:00:00,crop_potato,10.18,,34.92,52.86,1045.6,206,maturity,0.0,False
2023-07-27 08:30:00,crop_potato,25.25,,38.8,79.05,2256.05,207,flowering,0.0,False
2023-07-27 09:30:00,crop_potato,29.7,,25.84,32.96,1233.38,207,maturity,0.0,False
2023-07-27 11:30:00,crop_potato,49.12,,14.0,31.45,535.6,207,maturity,0.0,False
2023-07-27 13:00:00,crop_potato,33.87,,14.78,67.87,643.93,207,maturity,0.0,False
2023-07-27 15:30:00,crop_potato,22.78,,41.13,38.39,1897.47,207,vegetative,0.0,False
2023-07-27 17:00:00,crop_potato,22.47,,17.52,74.16,2227.2,207,maturity,0.0,False
2023-07-27 17:30:00,crop_potato,10.83,,28.55,41.2,1802.46,207,maturity,0.0,False
2023-07-27 19:30:00,crop_potato,15.15,,29.39,34.47,2310.19,207,maturity,0.0,False
2023-07-27 22:30:00,crop_potato,24.36,,39.35,40.92,1532.55,207,maturity,0.0,False
2023-07-28 03:00:00,crop_potato,38.6,,25.28,57.16,917.85,207,maturity,0.0,False
2023-07-28 06:30:00,crop_potato,60.63,,36.68,68.16,2384.87,207,maturity,0.0,False
2023-07-28 07:30:00,crop_potato,62.25,,35.71,45.33,177.69,208,maturity,0.0,False
2023-01-01 02:30:00,crop_rice,20.5,,33.34,62.51,402.92,0,maturity,0.0,False
2023-01-01 03:00:00,crop_rice,22.7,,28.02,58.5,764.95,0,flowering,0.0,False
2023-01-01 04:30:00,crop_rice,19.58,,31.14,74.3,1474.55,0,vegetative,0.0,False
2023-01-01 05:00:00,crop_rice,11.85,,35.21,73.29,1943.89,0,flowering,0.0,False
2023-01-01 07:30:00,crop_rice,56.38,,26.3,81.33,1993.46,0,maturity,0.0,False
2023-01-01 08:30:00,crop_rice,48.28,,21.29,68.28,2242.34,0,flowering,0.0,False
2023-01-01 09:30:00,crop_rice,47.24,,36.39,72.03,2066.1,0,maturity,0.0,False
2023-01-01 13:30:00,crop_rice,45.3,,31.1,86.28,2014.3,0,maturity,0.0,False
2023-01-01 16:30:00,crop_rice,60.37,,26.64,80.47,71.19,0,maturity,0.0,False
2023-01-01 19:30:00,crop_rice,31.65,,29.15,37.71,973.72,0,vegetative,0.0,False
2023-01-01 21:30:00,crop_rice,44.58,,30.62,85.61,2344.67,0,maturity,0.0,False
2023-01-01 22:30:00,crop_rice,41.21,,30.03,94.78,876.88,0,maturity,0.0,False
2023-01-02 01:00:00,crop_rice,57.61,,16.79,92.29,1156.59,0,maturity,0.0,False
2023-01-02 03:00:00,crop_rice,34.89,,17.12,54.78,633.6,1,vegetative,0.0,False
2023-01-02 11:00:00,crop_rice,61.19,,30.17,92.7,405.08,1,flowering,0.0,False
2023-01-02 12:30:00,crop_rice,9.6,,20.66,45.12,252.73,1,vegetative,0.0,False
2023-01-02 15:30:00,crop_rice,30.4,,39.87,61.75,1675.42,1,maturity,0.0,False
2023-01-02 17:30:00,crop_rice,14.79,,35.62,62.5,1216.18,1,maturity,0.0,False
2023-01-02 19:00:00,crop_rice,54.03,,16.7,66.33,738.24,1,maturity,0.0,False
2023-01-03 02:00:00,crop_rice,34.55,,28.9,40.2,4.88,1,maturity,0.0,False
2023-01-03 02:30:00,crop_rice,11.29,,41.82,78.36,117.09,2,vegetative,0.0,False
2023-01-03 03:00:00,crop_rice,18.63,,14.07,83.45,412.84,2,vegetative,0.0,False
2023-01-03 03:30:00,crop_rice,39.95,,38.02,83.25,2274.93,2,flowering,0.0,False
2023-01-03 09:00:00,crop_rice,20.35,,39.64,73.41,293.45,2,flowering,0.0,False
2023-01-03 11:30:00,crop_rice,42.03,,31.77,64.85,2422.47,2,vegetative,0.0,False
2023-01-03 14:30:00,crop_rice,23.58,,25.67,80.3,1072.78,2,flowering,0.0,False
2023-01-03 20:30:00,crop_rice,23.6,,21.88,73.77,791.84,2,maturity,0.0,False
2023-01-03 22:30:00,crop_rice,63.95,,35.45,52.1,2293.1,2,maturity,0.0,False
2023-01-03 23:00:00,crop_rice,48.56,,26.25,40.5,558.94,2,vegetative,0.0,False
2023-01-04 04:30:00,crop_rice,20.03,,28.15,54.89,2442.81,3,maturity,0.0,False
2023-01-04 06:00:00,crop_rice,22.11,,30.59,70.95,464.87,3,flowering,0.0,False
2023-01-04 06:30:00,crop_rice,42.23,,21.19,73.77,320.05,3,maturity,0.0,False
2023-01-04 09:30:00,crop_rice,36.11,,17.81,29.12,666.94,3,vegetative,0.0,False
2023-01-04 18:00:00,crop_rice,14.71,,24.66,82.24,1794.78,3,maturity,0.0,False
2023-01-04 21:30:00,crop_rice,37.12,,35.26,67.34,820.46,3,vegetative,0.0,False
2023-01-04 22:00:00,crop_rice,20.2,,15.86,61.21,1493.8,3,vegetative,0.0,False
2023-01-05 00:00:00,crop_rice,24.18,,18.87,45.85,2247.0,3,maturity,0.0,False
2023-01-05 02:30:00,crop_rice,60.03,,19.38,29.7,2220.35,4,vegetative,0.0,False
2023-01-05 03:00:00,crop_rice,19.53,,34.63,38.72,1061.89,4,maturity,0.0,False
2023-01-05 03:30:00,crop_rice,38.95,,31.18,37.13,1652.99,4,flowering,0.0,False
2023-01-05 04:00:00,crop_rice,44.3,,18.2,60.78,588.45,4,maturity,0.0,False
2023-01-05 05:30:00,crop_rice,18.94,,13.78,34.13,1202.36,4,vegetative,0.0,False
2023-01-05 09:00:00,crop_rice,59.76,,14.82,78.69,2440.3,4,flowering,0.0,False
2023-01-05 10:30:00,crop_rice,11.31,,30.2,91.23,106.45,4,vegetative,0.0,False
2023-01-05 15:00:00,crop_rice,64.59,,28.84,42.0,1986.5,4,flowering,0.0,False
2023-01-05 15:30:00,crop_rice,62.67,,30.13,68.9,977.28,4,flowering,0.0,False
2023-01-05 18:00:00,crop_rice,55.31,,34.21,44.44,2149.75,4,maturity,0.0,False
2023-01-05 18:30:00,crop_rice,58.88,,16.24,34.24,1094.66,4,flowering,0.0,False
2023-01-05 19:00:00,crop_rice,18.65,,36.97,33.09,722.83,4,flowering,0.0,False
2023-01-05 20:30:00,crop_rice,34.43,,22.77,72.9,832.17,4,vegetative,0.0,False
2023-01-06 07:30:00,crop_rice,60.65,,29.45,74.15,162.57,5,flowering,0.0,False
2023-01-06 08:00:00,crop_rice,52.63,,26.07,35.85,1140.87,5,vegetative,0.0,False
2023-01-06 09:30:00,crop_rice,44.58,,14.03,70.39,1803.04,5,flowering,0.0,False
2023-01-06 20:30:00,crop_rice,56.34,,27.71,65.76,352.94,5,vegetative,0.0,False
2023-01-06 21:00:00,crop_rice,60.46,,18.52,74.49,1355.99,5,vegetative,0.0,False
2023-01-07 03:30:00,crop_rice,52.78,,38.96,85.22,846.36,6,maturity,0.0,False
2023-01-07 06:00:00,crop_rice,64.4,,21.74,79.98,255.91,6,flowering,0.0,False
2023-01-07 08:30:00,crop_rice,12.34,,22.74,49.34,652.4,6,maturity,0.0,False
2023-01-07 10:30:00,crop_rice,11.86,,15.99,92.32,242.04,6,vegetative,0.0,False
2023-01-07 11:30:00,crop_rice,47.83,,15.83,60.42,1238.54,6,vegetative,0.0,False
2023-01-07 14:30:00,crop_rice,21.29,,33.81,54.78,226.24,6,maturity,0.0,False
2023-01-07 16:30:00,crop_rice,50.53,,22.94,42.76,1336.59,6,maturity,0.0,False
2023-01-07 18:30:00,crop_rice,39.54,,29.49,80.7,1701.6,6,maturity,0.0,False
2023-01-07 20:30:00,crop_rice,35.82,,39.94,34.97,1284.83,6,vegetative,0.0,False
2023-01-07 21:00:00,crop_rice,11.29,,16.83,90.83,1018.38,6,flowering,0.0,False
2023-01-07 22:30:00,crop_rice,47.85,,41.51,30.88,1199.42,6,maturity,0.0,False
2023-01-08 01:00:00,crop_rice,34.77,,22.38,35.91,217.84,6,vegetative,0.0,False
2023-01-08 02:30:00,crop_rice,30.44,,18.08,66.6,1580.55,7,maturity,0.0,False
2023-01-08 04:00:00,crop_rice,49.03,,27.73,82.86,1919.18,7,maturity,0.0,False
2023-01-08 08:30:00,crop_rice,60.34,,38.41,58.21,768.53,7,maturity,0.0,False
2023-01-08 16:30:00,crop_rice,30.89,,24.42,86.07,1033.0,7,maturity,0.0,False
2023-01-08 18:00:00,crop_rice,46.72,,36.88,47.93,2128.64,7,maturity,0.0,False
2023-01-08 19:00:00,crop_rice,10.31,,25.25,44.5,2013.75,7,maturity,0.0,False
2023-01-08 19:30:00,crop_rice,45.4,,16.88,87.52,1888.2,7,flowering,0.0,False
2023-01-08 21:00:00,crop_rice,55.31,,32.0,92.92,1830.48,7,vegetative,0.0,False
2023-01-08 22:30:00,crop_rice,26.37,,35.83,72.49,1792.33,7,maturity,0.0,False
2023-01-09 04:00:00,crop_rice,24.6,,35.73,40.6,540.79,8,flowering,0.0,False
2023-01-09 07:00:00,crop_rice,38.18,,30.61,34.89,2378.6,8,flowering,0.0,False
2023-01-09 15:00:00,crop_rice,47.44,,37.14,75.95,139.07,8,maturity,0.0,False
2023-01-09 16:30:00,crop_rice,30.83,,28.8,52.57,945.51,8,maturity,0.0,False
2023-01-09 17:00:00,crop_rice,35.52,,24.54,66.32,1989.28,8,flowering,0.0,False
2023-01-09 18:30:00,crop_rice,47.13,,41.15,67.32,1996.15,8,maturity,0.0,False
2023-01-09 20:30:00,crop_rice,40.22,,16.67,61.68,1962.96,8,maturity,0.0,False
2023-01-09 22:00:00,crop_rice,57.28,,13.86,94.75,95.0,8,maturity,0.0,False
2023-01-10 00:30:00,crop_rice,49.31,,26.21,38.36,227.76,8,maturity,0.0,False
2023-01-10 03:30:00,crop_rice,9.31,,13.82,77.64,1065.22,9,maturity,0.0,False
2023-01-10 04:00:00,crop_rice,57.15,,40.83,70.25,2232.82,9,vegetative,0.0,False
2023-01-10 08:00:00,crop_rice,32.97,,31.72,84.84,1941.87,9,maturity,0.0,False
2023-01-10 08:30:00,crop_rice,28.46,,12.66,37.63,1290.39,9,flowering,0.0,False
2023-01-10 10:00:00,crop_rice,64.35,,17.03,91.41,1351.64,9,maturity,0.0,False
2023-01-10 12:00:00,crop_rice,57.39,,24.53,46.25,1476.46,9,maturity,0.0,False
2023-01-10 12:30:00,crop_rice,9.24,,27.91,88.08,1655.19,9,vegetative,0.0,False
2023-01-10 13:00:00,crop_rice,46.73,,21.5,68.91,2017.12,9,maturity,0.0,False
2023-01-10 17:00:00,crop_rice,59.2,,18.17,69.74,1138.29,9,maturity,0.0,False
2023-01-10 22:00:00,crop_rice,49.95,,28.4,36.25,1639.17,9,maturity,0.0,False
2023-01-11 19:00:00,crop_rice,34.44,,12.31,86.07,2076.86,10,maturity,0.0,False
2023-01-12 00:00:00,crop_rice,38.06,,23.66,46.71,358.97,10,vegetative,0.0,False
2023-01-12 05:00:00,crop_rice,38.48,,21.47,30.08,1547.16,11,maturity,0.0,False
2023-01-12 09:30:00,crop_rice,21.89,,40.8,30.74,1934.07,11,maturity,0.0,False
2023-01-12 20:00:00,crop_rice,16.79,,37.71,86.05,1911.35,11,flowering,0.0,False
2023-01-13 00:30:00,crop_rice,45.63,,15.8,74.91,1589.75,11,vegetative,0.0,False
2023-01-13 03:00:00,crop_rice,19.76,,28.16,80.78,345.9,12,maturity,0.0,False
2023-01-13 07:00:00,crop_rice,45.44,,34.31,31.13,179.71,12,maturity,0.0,False
2023-01-13 07:30:00,crop_rice,42.78,,33.0,33.58,1895.3,12,maturity,0.0,False
2023-01-13 09:00:00,crop_rice,14.51,,20.55,58.46,2110.08,12,vegetative,0.0,False
2023-01-13 09:30:00,crop_rice,24.59,,33.94,82.51,1939.83,12,maturity,0.0,False
2023-01-13 10:00:00,crop_rice,15.38,,30.78,33.28,842.09,12,flowering,0.0,False
2023-01-13 12:00:00,crop_rice,27.45,,34.45,92.25,1531.15,12,maturity,0.0,False
2023-01-13 13:00:00,crop_rice,41.87,,22.89,86.55,1492.91,12,vegetative,0.0,False
2023-01-13 13:30:00,crop_rice,53.67,,19.92,85.81,1443.54,12,maturity,0.0,False
2023-01-13 17:30:00,crop_rice,49.93,,31.81,43.05,869.73,12,vegetative,0.0,False
2023-01-13 20:30:00,crop_rice,48.05,,29.43,42.99,1414.95,12,vegetative,0.0,False
2023-01-14 02:30:00,crop_rice,14.18,,20.92,82.98,1852.23,13,flowering,0.0,False
2023-01-14 04:00:00,crop_rice,63.72,,33.17,41.05,937.31,13,maturity,0.0,False
2023-01-14 08:00:00,crop_rice,34.25,,32.52,61.56,2223.23,13,maturity,0.0,False
2023-01-14 09:00:00,crop_rice,59.15,,27.07,26.44,1205.94,13,maturity,0.0,False
2023-01-14 15:30:00,crop_rice,22.36,,32.69,50.96,685.9,13,vegetative,0.0,False
2023-01-14 18:00:00,crop_rice,25.16,,17.7,58.2,1994.91,13,maturity,0.0,False
2023-01-14 21:30:00,crop_rice,9.84,,36.06,89.62,1547.11,13,vegetative,0.0,False
2023-01-15 06:00:00,crop_rice,51.4,,33.91,34.03,321.49,14,flowering,0.0,False
2023-01-15 07:30:00,crop_rice,14.72,,16.06,42.66,2222.23,14,flowering,0.0,False
2023-01-15 14:00:00,crop_rice,25.02,,18.27,29.11,1085.93,14,vegetative,0.0,False
2023-01-15 14:30:00,crop_rice,14.8,,16.45,32.72,713.35,14,maturity,0.0,False
2023-01-15 15:00:00,crop_rice,31.32,,28.06,43.92,2496.24,14,flowering,0.0,False
2023-01-15 23:00:00,crop_rice,28.62,,32.96,88.63,2476.41,14,vegetative,0.0,False
2023-01-16 06:30:00,crop_rice,29.44,,12.99,71.26,1049.29,15,vegetative,0.0,False
2023-01-16 08:30:00,crop_rice,50.81,,21.7,39.86,2098.74,15,maturity,0.0,False
2023-01-16 15:00:00,crop_rice,34.04,,24.63,36.78,506.75,15,maturity,0.0,False
2023-01-16 16:30:00,crop_rice,29.9,,23.08,54.89,1743.44,15,maturity,0.0,False
2023-01-16 23:30:00,crop_rice,43.1,,28.96,25.71,1606.34,15,maturity,0.0,False
2023-01-17 00:00:00,crop_rice,39.39,,31.23,75.56,2042.37,15,flowering,0.0,False
2023-01-17 01:30:00,crop_rice,13.51,,29.95,32.89,941.64,15,maturity,0.0,False
2023-01-17 02:00:00,crop_rice,20.91,,19.36,85.25,2204.14,15,vegetative,0.0,False
2023-01-17 08:00:00,crop_rice,44.82,,13.11,51.74,1782.87,16,maturity,0.0,False
2023-01-17 09:00:00,crop_rice,22.28,,18.08,45.41,1601.72,16,vegetative,0.0,False
2023-01-17 18:00:00,crop_rice,32.79,,39.01,39.88,1546.45,16,maturity,0.0,False
2023-01-18 00:00:00,crop_rice,48.64,,23.25,50.44,531.95,16,maturity,0.0,False
2023-01-18 01:30:00,crop_rice,18.96,,37.53,52.95,1850.23,16,vegetative,0.0,False
2023-01-18 02:00:00,crop_rice,11.91,,39.97,68.75,100.39,16,flowering,0.0,False
2023-01-18 03:00:00,crop_rice,53.18,,19.2,45.84,1895.34,17,flowering,0.0,False
2023-01-18 04:00:00,crop_rice,12.77,,32.73,51.0,999.17,17,flowering,0.0,False
2023-01-18 05:30:00,crop_rice,39.96,,32.53,69.4,274.07,17,vegetative,0.0,False
2023-01-18 08:30:00,crop_rice,15.28,,40.44,52.73,1880.22,17,vegetative,0.0,False
2023-01-18 14:00:00,crop_rice,10.59,,18.21,86.42,2167.13,17,maturity,0.0,False
2023-01-18 16:30:00,crop_rice,33.32,,31.0,34.89,167.54,17,flowering,0.0,False
2023-01-18 17:00:00,crop_rice,18.08,,34.93,92.49,2000.27,17,vegetative,0.0,False
2023-01-18 19:00:00,crop_rice,21.15,,37.09,36.17,2458.27,17,maturity,0.0,False
2023-01-18 20:00:00,crop_rice,56.5,,14.43,28.9,1812.82,17,flowering,0.0,False
2023-01-18 20:30:00,crop_rice,34.13,,25.88,42.16,2.4,17,flowering,0.0,False
2023-01-18 21:30:00,crop_rice,36.19,,34.56,82.44,1677.36,17,flowering,0.0,False
2023-01-18 22:30:00,crop_rice,64.16,,22.49,61.57,48.69,17,maturity,0.0,False
2023-01-19 06:00:00,crop_rice,17.57,,28.96,59.3,1795.89,18,maturity,0.0,False
2023-01-19 14:30:00,crop_rice,41.51,,16.68,78.96,357.97,18,maturity,0.0,False
2023-01-19 15:00:00,crop_rice,23.78,,34.61,31.58,528.16,18,maturity,0.0,False
2023-01-19 18:30:00,crop_rice,21.27,,31.31,91.22,791.82,18,maturity,0.0,False
2023-01-19 20:30:00,crop_rice,15.45,,37.65,58.61,2228.77,18,vegetative,0.0,False
2023-01-20 00:30:00,crop_rice,13.97,,16.96,85.45,1663.95,18,flowering,0.0,False
2023-01-20 04:00:00,crop_rice,58.73,,31.08,71.99,1693.67,19,maturity,0.0,False
2023-01-20 08:00:00,crop_rice,26.78,,35.36,47.15,848.26,19,flowering,0.0,False
2023-01-20 15:00:00,crop_rice,41.59,,40.36,92.96,1896.49,19,flowering,0.0,False
2023-01-20 19:00:00,crop_rice,62.05,,36.97,27.76,1727.46,19,flowering,0.0,False
2023-01-21 08:30:00,crop_rice,55.59,,31.32,54.07,135.91,20,vegetative,0.0,False
2023-01-21 10:30:00,crop_rice,57.6,,16.95,46.42,1902.14,20,vegetative,0.0,False
2023-01-21 15:00:00,crop_rice,42.69,,27.34,62.21,2238.43,20,maturity,0.0,False
2023-01-21 16:00:00,crop_rice,62.99,,30.51,79.82,2403.53,20,maturity,0.0,False
2023-01-21 17:30:00,crop_rice,8.43,,33.55,94.04,852.35,20,maturity,0.0,False
2023-01-21 20:30:00,crop_rice,8.02,,24.94,93.93,123.87,20,maturity,0.0,False
2023-01-22 00:00:00,crop_rice,37.76,,15.44,31.09,1754.01,20,flowering,0.0,False
2023-01-22 01:30:00,crop_rice,27.1,,34.35,71.83,908.35,20,flowering,0.0,False
2023-01-22 02:30:00,crop_rice,64.43,,14.39,32.78,856.88,21,maturity,0.0,False
2023-01-22 07:00:00,crop_rice,14.3,,28.91,49.64,1080.46,21,vegetative,0.0,False
2023-01-22 08:30:00,crop_rice,36.8,,14.38,81.32,961.34,21,maturity,0.0,False
2023-01-22 13:00:00,crop_rice,50.77,,40.98,59.63,927.11,21,maturity,0.0,False
2023-01-22 15:00:00,crop_rice,41.31,,27.25,65.29,155.29,21,maturity,0.0,False
2023-01-22 15:30:00,crop_rice,30.26,,16.52,53.42,1106.76,21,maturity,0.0,False
2023-01-22 21:30:00,crop_rice,37.96,,41.95,83.13,919.72,21,vegetative,0.0,False
2023-01-22 22:30:00,crop_rice,51.18,,18.08,39.37,1880.62,21,vegetative,0.0,False
2023-01-23 02:00:00,crop_rice,28.67,,29.85,71.48,1382.38,21,maturity,0.0,False
2023-01-23 02:30:00,crop_rice,15.28,,30.03,32.5,502.29,22,maturity,0.0,False
2023-01-23 03:30:00,crop_rice,24.05,,32.14,70.29,1241.66,22,maturity,0.0,False
2023-01-23 06:00:00,crop_rice,13.3,,30.42,50.94,1119.62,22,maturity,0.0,False
2023-01-23 06:30:00,crop_rice,11.6,,13.93,88.76,2164.14,22,vegetative,0.0,False
2023-01-23 09:00:00,crop_rice,57.93,,35.22,47.2,980.44,22,maturity,0.0,False
2023-01-23 13:30:00,crop_rice,64.47,,31.53,68.51,2126.78,22,maturity,0.0,False
2023-01-23 17:00:00,crop_rice,24.04,,25.16,91.86,1133.22,22,maturity,0.0,False
2023-01-23 17:30:00,crop_rice,41.93,,25.98,69.1,380.61,22,flowering,0.0,False
2023-01-23 19:30:00,crop_rice,63.85,,26.52,81.91,1104.52,22,maturity,0.0,False
2023-01-23 20:00:00,crop_rice,36.14,,25.95,50.62,1820.56,22,vegetative,0.0,False
2023-01-23 21:30:00,crop_rice,56.61,,16.34,93.85,1895.29,22,vegetative,0.0,False
2023-01-24 02:00:00,crop_rice,10.65,,18.78,94.18,1834.66,22,maturity,0.0,False
2023-01-24 05:30:00,crop_rice,58.38,,12.94,93.67,2111.08,23,maturity,0.0,False
2023-01-24 06:00:00,crop_rice,61.41,,35.42,85.54,1695.07,23,maturity,0.0,False
2023-01-24 09:00:00,crop_rice,21.46,,39.72,73.25,833.83,23,maturity,0.0,False
2023-01-24 11:00:00,crop_rice,58.66,,12.99,62.42,1904.47,23,flowering,0.0,False
2023-01-24 12:00:00,crop_rice,59.79,,34.86,79.44,1711.8,23,maturity,0.0,False
2023-01-24 15:00:00,crop_rice,19.73,,14.51,66.19,38.57,23,vegetative,0.0,False
2023-01-24 20:30:00,crop_rice,13.93,,24.55,50.63,2343.79,23,maturity,0.0,False
2023-01-25 03:30:00,crop_rice,19.28,,41.18,74.09,1356.85,24,maturity,0.0,False
2023-01-25 06:00:00,crop_rice,32.01,,29.33,48.94,1352.33,24,flowering,0.0,False
2023-01-25 10:00:00,crop_rice,56.53,,23.43,81.22,319.25,24,vegetative,0.0,False
2023-01-25 11:00:00,crop_rice,64.85,,35.88,88.27,312.69,24,maturity,0.0,False
2023-01-25 11:30:00,crop_rice,24.08,,41.68,28.63,2175.18,24,maturity,0.0,False
2023-01-25 16:30:00,crop_rice,46.97,,37.36,82.68,1800.42,24,maturity,0.0,False
2023-01-25 18:30:00,crop_rice,44.8,,25.38,66.22,1208.85,24,maturity,0.0,False
2023-01-25 19:30:00,crop_rice,10.61,,22.46,71.73,2263.06,24,maturity,0.0,False
2023-01-26 02:00:00,crop_rice,64.73,,25.26,86.66,2268.85,24,vegetative,0.0,False
2023-01-26 04:00:00,crop_rice,47.29,,12.25,39.82,822.35,25,maturity,0.0,False
2023-01-26 06:00:00,crop_rice,36.37,,20.48,43.79,55.53,25,flowering,0.0,False
2023-01-26 07:00:00,crop_rice,26.58,,17.53,68.65,796.95,25,maturity,0.0,False
2023-01-26 12:00:00,crop_rice,10.61,,33.54,28.25,2043.36,25,vegetative,0.0,False
2023-01-26 14:00:00,crop_rice,12.76,,23.05,42.39,2259.51,25,maturity,0.0,False
2023-01-26 16:00:00,crop_rice,49.01,,38.4,91.22,2049.64,25,maturity,0.0,False
2023-01-26 16:30:00,crop_rice,23.98,,29.16,60.26,1802.52,25,vegetative,0.0,False
2023-01-26 18:00:00,crop_rice,14.2,,24.47,69.43,1454.63,25,maturity,0.0,False
2023-01-27 00:30:00,crop_rice,10.62,,31.14,83.01,218.67,25,maturity,0.0,False
2023-01-27 04:30:00,crop_rice,12.98,,18.47,64.31,1922.04,26,vegetative,0.0,False
2023-01-27 08:30:00,crop_rice,52.59,,30.02,61.19,1477.32,26,maturity,0.0,False
2023-01-27 10:00:00,crop_rice,46.87,,18.35,79.48,1092.68,26,maturity,0.0,False
2023-01-27 13:30:00,crop_rice,17.78,,23.06,86.92,820.44,26,vegetative,0.0,False
2023-01-27 15:30:00,crop_rice,44.19,,30.86,83.45,1936.38,26,maturity,0.0,False
2023-01-27 16:30:00,crop_rice,53.12,,13.02,58.85,1584.61,26,maturity,0.0,False
2023-01-28 02:30:00,crop_rice,43.97,,24.75,75.38,2159.13,27,vegetative,0.0,False
2023-01-28 05:30:00,crop_rice,16.51,,28.6,29.73,394.65,27,maturity,0.0,False
2023-01-28 09:00:00,crop_rice,19.04,,30.6,81.93,307.9,27,flowering,0.0,False
2023-01-28 11:30:00,crop_rice,41.89,,27.73,33.94,850.45,27,flowering,0.0,False
2023-01-28 12:00:00,crop_rice,58.38,,15.45,88.13,823.65,27,flowering,0.0,False
2023-01-28 13:30:00,crop_rice,52.08,,36.52,67.6,1783.67,27,maturity,0.0,False
2023-01-28 14:30:00,crop_rice,21.37,,28.99,58.53,888.99,27,maturity,0.0,False
2023-01-28 18:00:00,crop_rice,50.55,,18.89,89.63,1697.66,27,maturity,0.0,False
2023-01-28 19:00:00,crop_rice,44.87,,40.18,28.1,1942.27,27,maturity,0.0,False
2023-01-28 19:30:00,crop_rice,63.31,,24.96,50.37,422.9,27,vegetative,0.0,False
2023-01-28 22:00:00,crop_rice,8.08,,26.32,76.56,2367.78,27,maturity,0.0,False
2023-01-29 15:30:00,crop_rice,19.51,,40.23,83.91,1896.19,28,flowering,0.0,False
2023-01-29 18:00:00,crop_rice,12.17,,32.48,31.75,83.15,28,vegetative,0.0,False
2023-01-29 21:00:00,crop_rice,10.32,,22.19,61.3,1041.33,28,maturity,0.0,False
2023-01-29 23:30:00,crop_rice,25.63,,35.56,48.1,611.1,28,maturity,0.0,False
2023-01-30 01:30:00,crop_rice,35.5,,31.35,91.97,2017.53,28,vegetative,0.0,False
2023-01-30 03:00:00,crop_rice,10.59,,33.84,49.67,1199.73,29,flowering,0.0,False
2023-01-30 04:00:00,crop_rice,41.17,,27.07,66.98,319.9,29,maturity,0.0,False
2023-01-30 05:30:00,crop_rice,33.87,,25.88,77.41,2368.01,29,maturity,0.0,False
2023-01-30 08:00:00,crop_rice,36.29,,16.24,45.79,986.92,29,flowering,0.0,False
2023-01-30 12:00:00,crop_rice,63.12,,30.48,60.28,285.15,29,maturity,0.0,False
2023-01-30 12:30:00,crop_rice,42.85,,26.33,29.99,366.18,29,vegetative,0.0,False
2023-01-30 13:30:00,crop_rice,27.66,,40.86,85.95,2402.61,29,flowering,0.0,False
2023-01-30 19:30:00,crop_rice,48.78,,12.19,91.77,462.21,29,maturity,0.0,False
2023-01-30 20:30:00,crop_rice,22.82,,35.88,27.22,719.18,29,flowering,0.0,False
2023-01-30 21:30:00,crop_rice,45.69,,25.23,70.15,1609.7,29,vegetative,0.0,False
2023-01-31 02:30:00,crop_rice,61.45,,28.91,89.11,1715.04,30,maturity,0.0,False
2023-01-31 07:30:00,crop_rice,64.35,,24.63,89.87,1632.72,30,maturity,0.0,False
2023-01-31 10:30:00,crop_rice,55.76,,22.4,88.3,698.37,30,maturity,0.0,False
2023-01-31 11:30:00,crop_rice,47.75,,40.23,55.23,176.72,30,maturity,0.0,False
2023-01-31 12:30:00,crop_rice,11.9,,32.61,81.78,654.1,30,maturity,0.0,False
2023-01-31 15:30:00,crop_rice,40.34,,29.98,30.99,1096.97,30,flowering,0.0,False
2023-01-31 18:00:00,crop_rice,12.69,,13.03,85.79,2165.24,30,maturity,0.0,False
2023-01-31 20:00:00,crop_rice,29.23,,25.28,91.27,1999.1,30,maturity,0.0,False
2023-01-31 21:30:00,crop_rice,32.61,,29.24,59.52,37.61,30,vegetative,0.0,False
2023-02-01 03:00:00,crop_rice,13.53,,21.92,65.34,798.04,31,vegetative,0.0,False
2023-02-01 05:30:00,crop_rice,58.53,,35.76,47.61,1945.6,31,vegetative,0.0,False
2023-02-01 07:00:00,crop_rice,42.89,,20.63,76.2,745.49,31,vegetative,0.0,False
2023-02-01 07:30:00,crop_rice,32.35,,15.64,47.18,344.06,31,flowering,0.0,False
2023-02-01 22:00:00,crop_rice,26.03,,13.53,44.48,2345.26,31,maturity,0.0,False
2023-02-01 23:30:00,crop_rice,45.71,,39.71,94.7,91.08,31,flowering,0.0,False
2023-02-02 04:30:00,crop_rice,37.45,,36.3,26.29,1727.13,32,flowering,0.0,False
2023-02-02 07:30:00,crop_rice,29.83,,39.62,81.11,160.63,32,maturity,0.0,False
2023-02-02 11:00:00,crop_rice,54.49,,40.2,55.09,334.68,32,maturity,0.0,False
2023-02-02 18:00:00,crop_rice,59.06,,18.87,51.96,1460.81,32,maturity,0.0,False
2023-02-02 20:30:00,crop_rice,56.48,,25.03,34.71,321.44,32,flowering,0.0,False
2023-02-03 00:30:00,crop_rice,56.37,,18.48,89.11,145.78,32,flowering,0.0,False
2023-02-03 02:00:00,crop_rice,10.47,,35.11,78.71,460.7,32,maturity,0.0,False
2023-02-03 06:30:00,crop_rice,43.74,,30.3,45.36,1231.82,33,flowering,0.0,False
2023-02-03 10:00:00,crop_rice,20.26,,30.86,66.13,1917.65,33,maturity,0.0,False
2023-02-03 12:00:00,crop_rice,19.47,,26.41,27.94,2170.06,33,vegetative,0.0,False
2023-02-03 12:30:00,crop_rice,37.82,,35.72,30.63,1393.64,33,maturity,0.0,False
2023-02-03 14:00:00,crop_rice,21.23,,20.64,66.38,415.01,33,maturity,0.0,False
2023-02-03 17:30:00,crop_rice,62.18,,17.09,73.63,1399.17,33,flowering,0.0,False
2023-02-03 19:00:00,crop_rice,32.12,,37.8,43.12,2023.64,33,vegetative,0.0,False
2023-02-03 21:30:00,crop_rice,49.8,,39.24,45.9,125.59,33,maturity,0.0,False
2023-02-03 22:30:00,crop_rice,23.48,,12.05,89.95,1988.12,33,maturity,0.0,False
2023-02-04 03:00:00,crop_rice,27.86,,36.52,60.7,1575.35,34,maturity,0.0,False
2023-02-04 03:30:00,crop_rice,54.89,,20.99,71.85,1715.14,34,maturity,0.0,False
2023-02-04 04:00:00,crop_rice,44.96,,30.45,76.56,2490.57,34,vegetative,0.0,False
2023-02-04 07:30:00,crop_rice,28.44,,22.01,53.4,182.33,34,flowering,0.0,False
2023-02-04 09:00:00,crop_rice,9.74,,14.41,33.91,813.19,34,flowering,0.0,False
2023-02-04 10:30:00,crop_rice,61.64,,33.36,92.21,1161.87,34,vegetative,0.0,False
2023-02-04 13:30:00,crop_rice,9.41,,36.16,67.27,1733.77,34,flowering,0.0,False
2023-02-04 15:30:00,crop_rice,44.67,,27.98,83.19,833.62,34,vegetative,0.0,False
2023-02-04 18:00:00,crop_rice,48.95,,40.28,84.7,1889.75,34,maturity,0.0,False
2023-02-04 18:30:00,crop_rice,27.87,,40.34,79.2,839.33,34,flowering,0.0,False
2023-02-04 19:30:00,crop_rice,25.71,,16.42,52.78,1406.69,34,vegetative,0.0,False
2023-02-04 23:00:00,crop_rice,9.65,,14.43,38.28,2483.74,34,maturity,0.0,False
2023-02-04 23:30:00,crop_rice,30.52,,32.92,75.19,181.33,34,maturity,0.0,False
2023-02-05 00:00:00,crop_rice,61.04,,27.62,25.53,2186.25,34,flowering,0.0,False
2023-02-05 07:30:00,crop_rice,45.84,,31.34,41.73,1554.16,35,maturity,0.0,False
2023-02-05 08:30:00,crop_rice,35.45,,36.87,60.65,1975.46,35,vegetative,0.0,False
2023-02-05 15:30:00,crop_rice,26.72,,26.08,88.02,1994.09,35,vegetative,0.0,False
2023-02-06 07:30:00,crop_rice,59.82,,32.16,73.46,369.09,36,flowering,0.0,False
2023-02-06 14:30:00,crop_rice,59.26,,35.09,62.92,504.28,36,flowering,0.0,False
2023-02-06 15:30:00,crop_rice,36.83,,29.52,72.85,1651.68,36,maturity,0.0,False
2023-02-06 18:30:00,crop_rice,20.28,,15.1,42.55,1665.62,36,flowering,0.0,False
2023-02-07 02:30:00,crop_rice,32.82,,40.29,76.91,208.22,37,vegetative,0.0,False
2023-02-07 11:30:00,crop_rice,59.42,,35.73,87.07,2142.59,37,vegetative,0.0,False
2023-02-07 16:30:00,crop_rice,12.03,,18.11,58.14,1778.36,37,vegetative,0.0,False
2023-02-07 20:30:00,crop_rice,11.55,,27.48,64.98,2117.48,37,flowering,0.0,False
2023-02-08 01:30:00,crop_rice,9.79,,38.79,80.92,1139.26,37,maturity,0.0,False
2023-02-08 08:00:00,crop_rice,59.66,,26.3,90.09,705.3,38,maturity,0.0,False
2023-02-08 08:30:00,crop_rice,56.48,,18.26,46.55,1232.9,38,maturity,0.0,False
2023-02-08 14:30:00,crop_rice,62.42,,27.58,76.81,1366.08,38,flowering,0.0,False
2023-02-08 15:00:00,crop_rice,48.26,,25.15,82.56,866.96,38,maturity,0.0,False
2023-02-08 16:00:00,crop_rice,47.19,,20.78,94.54,271.02,38,maturity,0.0,False
2023-02-08 21:30:00,crop_rice,24.93,,36.4,38.1,2483.32,38,vegetative,0.0,False
2023-02-09 00:30:00,crop_rice,56.62,,22.89,68.25,678.35,38,vegetative,0.0,False
2023-02-09 03:30:00,crop_rice,22.49,,23.91,92.71,296.56,39,vegetative,0.0,False
2023-02-09 05:30:00,crop_rice,41.69,,35.72,84.18,1137.17,39,maturity,0.0,False
2023-02-09 06:00:00,crop_rice,38.75,,31.96,83.24,509.8,39,vegetative,0.0,False
2023-02-09 10:00:00,crop_rice,8.44,,22.46,86.94,1946.77,39,flowering,0.0,False
2023-02-09 15:00:00,crop_rice,33.6,,38.62,32.93,1873.92,39,maturity,0.0,False
2023-02-09 16:30:00,crop_rice,63.09,,22.88,91.08,2284.25,39,vegetative,0.0,False
2023-02-09 17:00:00,crop_rice,28.69,,26.06,92.65,2246.4,39,vegetative,0.0,False
2023-02-09 17:30:00,crop_rice,11.55,,37.83,25.24,1367.83,39,vegetative,0.0,False
2023-02-09 19:00:00,crop_rice,62.31,,21.48,27.68,1637.76,39,maturity,0.0,False
2023-02-10 04:30:00,crop_rice,53.34,,20.37,50.03,1700.72,40,maturity,0.0,False
2023-02-10 05:00:00,crop_rice,43.44,,27.24,29.24,267.68,40,maturity,0.0,False
2023-02-10 06:00:00,crop_rice,17.34,,35.51,29.9,173.27,40,vegetative,0.0,False
2023-02-10 06:30:00,crop_rice,10.29,,15.44,86.41,1849.99,40,vegetative,0.0,False
2023-02-10 11:30:00,crop_rice,35.31,,27.42,47.89,1257.35,40,vegetative,0.0,False
2023-02-10 13:00:00,crop_rice,57.61,,34.69,54.66,301.95,40,flowering,0.0,False
2023-02-10 14:30:00,crop_rice,27.89,,17.97,78.63,1207.07,40,maturity,0.0,False
2023-02-10 16:30:00,crop_rice,63.42,,34.83,85.45,1568.88,40,maturity,0.0,False
2023-02-10 17:00:00,crop_rice,63.76,,25.8,92.76,2195.4,40,vegetative,0.0,False
2023-02-10 20:00:00,crop_rice,42.65,,16.63,83.39,266.45,40,vegetative,0.0,False
2023-02-10 22:30:00,crop_rice,47.07,,34.84,26.92,2197.58,40,maturity,0.0,False
2023-02-11 04:00:00,crop_rice,21.92,,26.34,34.94,2175.99,41,maturity,0.0,False
2023-02-11 08:30:00,crop_rice,8.43,,16.3,54.64,900.91,41,maturity,0.0,False
2023-02-11 10:00:00,crop_rice,58.73,,17.78,66.34,995.13,41,flowering,0.0,False
2023-02-11 15:00:00,crop_rice,48.1,,33.45,57.94,379.62,41,flowering,0.0,False
2023-02-11 19:00:00,crop_rice,32.99,,31.39,57.69,1960.49,41,vegetative,0.0,False
2023-02-11 21:30:00,crop_rice,53.43,,12.15,68.97,2373.76,41,maturity,0.0,False
2023-02-12 02:00:00,crop_rice,24.27,,13.01,86.23,731.34,41,maturity,0.0,False
2023-02-12 04:00:00,crop_rice,52.99,,26.6,37.37,1348.72,42,flowering,0.0,False
2023-02-12 05:00:00,crop_rice,56.66,,20.55,57.65,2190.44,42,maturity,0.0,False
2023-02-12 06:00:00,crop_rice,45.7,,35.22,71.55,2200.57,42,maturity,0.0,False
2023-02-12 07:00:00,crop_rice,37.43,,16.48,49.67,1534.84,42,vegetative,0.0,False
2023-02-12 08:30:00,crop_rice,56.34,,22.78,82.75,1226.76,42,maturity,0.0,False
2023-02-12 10:30:00,crop_rice,16.04,,30.66,56.49,677.29,42,maturity,0.0,False
2023-02-12 14:00:00,crop_rice,12.83,,39.12,31.27,1297.76,42,maturity,0.0,False
2023-02-12 15:00:00,crop_rice,40.53,,19.07,94.16,1527.3,42,flowering,0.0,False
2023-02-12 16:30:00,crop_rice,15.81,,35.7,79.84,2446.42,42,maturity,0.0,False
2023-02-12 19:30:00,crop_rice,12.82,,22.5,73.97,1778.9,42,vegetative,0.0,False
2023-02-13 01:00:00,crop_rice,39.13,,31.48,54.56,718.92,42,maturity,0.0,False
2023-02-13 01:30:00,crop_rice,62.6,,28.06,41.96,1694.28,42,flowering,0.0,False
2023-02-13 04:30:00,crop_rice,26.33,,15.8,43.06,951.02,43,flowering,0.0,False
2023-02-13 06:00:00,crop_rice,16.17,,22.21,61.4,1631.84,43,flowering,0.0,False
2023-02-13 06:30:00,crop_rice,29.32,,41.47,91.12,531.33,43,maturity,0.0,False
2023-02-13 10:30:00,crop_rice,52.48,,14.91,45.81,779.25,43,maturity,0.0,False
2023-02-13 14:00:00,crop_rice,62.85,,29.03,49.3,325.96,43,vegetative,0.0,False
2023-02-13 20:30:00,crop_rice,50.92,,33.24,61.88,2175.54,43,flowering,0.0,False
2023-02-13 22:00:00,crop_rice,49.64,,30.28,42.68,1118.92,43,maturity,0.0,False
2023-02-13 23:30:00,crop_rice,43.95,,26.01,88.0,1517.68,43,flowering,0.0,False
2023-02-14 01:00:00,crop_rice,45.11,,36.56,64.91,1414.29,43,flowering,0.0,False
2023-02-14 04:00:00,crop_rice,20.61,,21.97,60.21,1226.42,44,maturity,0.0,False
2023-02-14 07:00:00,crop_rice,16.4,,15.01,43.93,2274.92,44,vegetative,0.0,False
2023-02-14 11:30:00,crop_rice,62.27,,39.25,77.34,1584.9,44,maturity,0.0,False
2023-02-14 13:30:00,crop_rice,49.1,,32.35,84.5,523.18,44,maturity,0.0,False
2023-02-14 15:30:00,crop_rice,44.27,,25.98,59.66,1904.72,44,maturity,0.0,False
2023-02-14 19:30:00,crop_rice,33.98,,34.18,55.81,774.37,44,vegetative,0.0,False
2023-02-14 21:00:00,crop_rice,52.83,,32.61,72.03,1616.46,44,flowering,0.0,False
2023-02-14 22:00:00,crop_rice,55.4,,36.13,81.63,1076.04,44,vegetative,0.0,False
2023-02-14 22:30:00,crop_rice,43.06,,21.11,89.96,2094.96,44,flowering,0.0,False
2023-02-15 12:00:00,crop_rice,20.67,,15.05,91.23,185.54,45,vegetative,0.0,False
2023-02-15 16:30:00,crop_rice,34.06,,34.69,36.08,1420.15,45,flowering,0.0,False
2023-02-15 18:30:00,crop_rice,38.38,,13.22,50.02,1439.42,45,maturity,0.0,False
2023-02-15 19:00:00,crop_rice,13.58,,21.39,93.42,1242.89,45,maturity,0.0,False
2023-02-15 20:00:00,crop_rice,40.3,,17.65,34.91,1361.81,45,maturity,0.0,False
2023-02-15 20:30:00,crop_rice,49.27,,16.66,73.28,320.63,45,maturity,0.0,False
2023-02-15 21:00:00,crop_rice,31.86,,12.43,81.7,181.79,45,vegetative,0.0,False
2023-02-15 22:30:00,crop_rice,37.86,,22.98,44.01,1622.58,45,vegetative,0.0,False
2023-02-16 00:30:00,crop_rice,55.45,,36.19,61.43,1034.37,45,maturity,0.0,False
2023-02-16 01:30:00,crop_rice,16.2,,29.75,70.5,1282.11,45,maturity,0.0,False
2023-02-16 06:30:00,crop_rice,38.63,,35.28,45.08,21.17,46,maturity,0.0,False
2023-02-16 07:30:00,crop_rice,41.99,,24.83,69.83,1072.85,46,maturity,0.0,False
2023-02-16 16:00:00,crop_rice,12.5,,12.35,61.72,2311.38,46,maturity,0.0,False
2023-02-16 17:30:00,crop_rice,20.85,,27.96,60.08,524.21,46,maturity,0.0,False
2023-02-16 20:30:00,crop_rice,63.03,,41.7,58.12,965.14,46,vegetative,0.0,False
2023-02-16 22:00:00,crop_rice,32.32,,14.81,58.76,1346.65,46,maturity,0.0,False
2023-02-17 04:30:00,crop_rice,18.1,,14.51,85.52,2422.7,47,maturity,0.0,False
2023-02-17 05:00:00,crop_rice,24.66,,12.58,47.0,2157.97,47,flowering,0.0,False
2023-02-17 06:30:00,crop_rice,32.18,,26.63,75.38,141.95,47,maturity,0.0,False
2023-02-17 07:30:00,crop_rice,56.81,,32.12,29.87,941.82,47,flowering,0.0,False
2023-02-17 08:30:00,crop_rice,28.66,,41.02,64.54,301.6,47,maturity,0.0,False
2023-02-17 09:30:00,crop_rice,31.29,,39.44,33.18,581.01,47,flowering,0.0,False
2023-02-17 11:30:00,crop_rice,20.63,,39.73,57.85,1992.92,47,maturity,0.0,False
2023-02-17 15:00:00,crop_rice,43.56,,38.78,67.51,646.12,47,maturity,0.0,False
2023-02-17 16:00:00,crop_rice,48.97,,20.64,74.46,2279.86,47,maturity,0.0,False
2023-02-17 16:30:00,crop_rice,39.19,,37.59,33.01,2228.82,47,maturity,0.0,False
2023-02-17 17:30:00,crop_rice,54.16,,40.87,79.12,2076.68,47,vegetative,0.0,False
2023-02-17 23:00:00,crop_rice,11.54,,32.45,40.47,292.19,47,maturity,0.0,False
2023-02-18 01:00:00,crop_rice,17.66,,38.03,73.85,1171.16,47,flowering,0.0,False
2023-02-18 02:30:00,crop_rice,24.1,,28.53,35.13,1494.12,48,maturity,0.0,False
2023-02-18 04:30:00,crop_rice,36.84,,12.78,56.59,355.79,48,flowering,0.0,False
2023-02-18 05:30:00,crop_rice,49.34,,16.67,41.57,860.53,48,vegetative,0.0,False
2023-02-18 14:00:00,crop_rice,17.69,,23.41,75.33,1414.8,48,flowering,0.0,False
2023-02-18 14:30:00,crop_rice,59.59,,33.77,58.04,1368.07,48,maturity,0.0,False
2023-02-18 15:30:00,crop_rice,64.41,,15.71,53.7,2116.5,48,maturity,0.0,False
2023-02-18 22:00:00,crop_rice,44.14,,39.53,60.55,686.83,48,flowering,0.0,False
2023-02-18 22:30:00,crop_rice,14.53,,40.7,60.66,518.72,48,maturity,0.0,False
2023-02-19 01:30:00,crop_rice,30.41,,22.1,91.76,1990.7,48,maturity,0.0,False
2023-02-19 04:30:00,crop_rice,20.88,,26.09,35.06,1534.97,49,maturity,0.0,False
2023-02-19 06:30:00,crop_rice,63.1,,14.91,74.02,2462.49,49,maturity,0.0,False
2023-02-19 08:30:00,crop_rice,20.4,,20.05,27.42,844.17,49,vegetative,0.0,False
2023-02-19 10:00:00,crop_rice,8.41,,14.74,57.7,171.28,49,vegetative,0.0,False
2023-02-19 10:30:00,crop_rice,46.86,,18.24,32.52,1362.21,49,maturity,0.0,False
2023-02-19 12:00:00,crop_rice,28.47,,31.43,61.39,1188.2,49,flowering,0.0,False
2023-02-19 14:00:00,crop_rice,49.11,,34.8,36.76,965.67,49,maturity,0.0,False
2023-02-19 18:30:00,crop_rice,21.4,,31.34,82.88,1137.5,49,maturity,0.0,False
2023-02-20 10:00:00,crop_rice,60.55,,23.83,52.08,777.28,50,maturity,0.0,False
2023-02-20 11:30:00,crop_rice,63.62,,28.07,70.28,2383.12,50,vegetative,0.0,False
2023-02-20 12:00:00,crop_rice,29.16,,41.66,38.5,459.0,50,flowering,0.0,False
2023-02-20 12:30:00,crop_rice,9.29,,34.42,60.15,28.5,50,vegetative,0.0,False
2023-02-20 17:00:00,crop_rice,12.65,,40.03,48.23,372.41,50,maturity,0.0,False
2023-02-20 17:30:00,crop_rice,35.45,,14.68,38.78,126.16,50,maturity,0.0,False
2023-02-20 20:30:00,crop_rice,47.54,,30.69,81.54,1132.31,50,flowering,0.0,False
2023-02-20 21:00:00,crop_rice,59.1,,28.59,91.58,2035.99,50,vegetative,0.0,False
2023-02-20 22:30:00,crop_rice,14.12,,13.38,41.79,2066.13,50,flowering,0.0,False
2023-02-21 07:30:00,crop_rice,11.84,,37.36,56.94,1915.4,51,maturity,0.0,False
2023-02-21 09:00:00,crop_rice,32.05,,19.33,80.17,2200.54,51,flowering,0.0,False
2023-02-21 10:00:00,crop_rice,64.17,,20.38,50.39,607.12,51,maturity,0.0,False
2023-02-22 01:00:00,crop_rice,35.33,,15.02,79.82,1098.16,51,vegetative,0.0,False
2023-02-22 01:30:00,crop_rice,61.26,,12.76,59.81,1844.0,51,maturity,0.0,False
2023-02-22 02:30:00,crop_rice,23.62,,29.71,27.21,972.4,52,maturity,0.0,False
2023-02-22 07:30:00,crop_rice,30.85,,38.83,81.75,1486.09,52,vegetative,0.0,False
2023-02-22 10:30:00,crop_rice,38.84,,25.1,65.44,2418.36,52,maturity,0.0,False
2023-02-22 11:00:00,crop_rice,61.16,,19.22,61.17,481.89,52,vegetative,0.0,False
2023-02-22 19:00:00,crop_rice,61.05,,14.35,28.45,193.99,52,maturity,0.0,False
2023-02-22 20:00:00,crop_rice,15.89,,34.96,90.64,307.46,52,maturity,0.0,False
2023-02-22 23:00:00,crop_rice,40.04,,32.8,69.67,547.78,52,maturity,0.0,False
2023-02-23 02:00:00,crop_rice,56.85,,13.39,42.81,256.97,52,maturity,0.0,False
2023-02-23 03:00:00,crop_rice,31.46,,21.75,47.17,752.38,53,flowering,0.0,False
2023-02-23 03:30:00,crop_rice,14.15,,41.88,45.25,932.87,53,maturity,0.0,False
2023-02-23 07:00:00,crop_rice,47.37,,37.94,72.53,98.89,53,flowering,0.0,False
2023-02-23 12:30:00,crop_rice,52.51,,16.75,35.18,113.17,53,vegetative,0.0,False
2023-02-23 14:00:00,crop_rice,41.13,,34.84,58.06,1470.61,53,maturity,0.0,False
2023-02-23 15:00:00,crop_rice,34.17,,29.21,60.29,186.32,53,vegetative,0.0,False
2023-02-24 01:00:00,crop_rice,52.6,,40.2,32.09,66.53,53,vegetative,0.0,False
2023-02-24 05:30:00,crop_rice,36.9,,14.72,81.78,1124.05,54,maturity,0.0,False
2023-02-24 06:30:00,crop_rice,30.32,,22.47,73.24,1343.85,54,maturity,0.0,False
2023-02-24 07:30:00,crop_rice,35.08,,30.7,69.19,1930.16,54,maturity,0.0,False
2023-02-24 08:30:00,crop_rice,33.33,,28.15,48.25,262.35,54,maturity,0.0,False
2023-02-24 11:00:00,crop_rice,48.76,,22.13,60.06,509.53,54,maturity,0.0,False
2023-02-24 11:30:00,crop_rice,29.06,,13.37,57.46,1053.88,54,flowering,0.0,False
2023-02-24 12:00:00,crop_rice,32.12,,37.51,52.06,1505.38,54,maturity,0.0,False
2023-02-24 13:00:00,crop_rice,62.19,,27.55,89.37,256.62,54,flowering,0.0,False
2023-02-24 15:00:00,crop_rice,62.1,,22.91,75.3,790.81,54,flowering,0.0,False
2023-02-24 22:00:00,crop_rice,8.93,,23.06,51.6,1587.67,54,maturity,0.0,False
2023-02-24 23:00:00,crop_rice,35.85,,31.01,86.18,1010.65,54,maturity,0.0,False
2023-02-24 23:30:00,crop_rice,54.89,,17.25,30.85,2313.15,54,vegetative,0.0,False
2023-02-25 00:00:00,crop_rice,23.89,,34.89,55.99,1888.41,54,maturity,0.0,False
2023-02-25 00:30:00,crop_rice,37.79,,17.7,92.05,958.21,54,vegetative,0.0,False
2023-02-25 02:00:00,crop_rice,62.62,,15.16,45.39,2019.22,54,flowering,0.0,False
2023-02-25 06:30:00,crop_rice,55.6,,21.02,71.34,1474.23,55,maturity,0.0,False
2023-02-25 11:30:00,crop_rice,64.45,,34.51,31.97,822.23,55,maturity,0.0,False
2023-02-25 14:00:00,crop_rice,37.32,,28.59,79.4,2176.57,55,maturity,0.0,False
2023-02-25 18:00:00,crop_rice,46.9,,34.67,68.89,2167.7,55,maturity,0.0,False
2023-02-25 18:30:00,crop_rice,12.87,,20.68,65.16,638.67,55,flowering,0.0,False
2023-02-25 19:30:00,crop_rice,24.0,,36.42,51.55,1732.31,55,vegetative,0.0,False
2023-02-25 22:30:00,crop_rice,63.24,,32.16,81.17,1566.29,55,vegetative,0.0,False
2023-02-26 01:00:00,crop_rice,24.07,,38.75,77.81,829.96,55,maturity,0.0,False
2023-02-26 04:30:00,crop_rice,53.41,,25.54,60.57,950.32,56,flowering,0.0,False
2023-02-26 05:00:00,crop_rice,44.58,,36.59,68.54,29.58,56,maturity,0.0,False
2023-02-26 06:30:00,crop_rice,14.39,,36.36,30.98,2030.42,56,flowering,0.0,False
2023-02-26 09:00:00,crop_rice,49.94,,39.23,37.87,2154.55,56,maturity,0.0,False
2023-02-26 11:30:00,crop_rice,49.87,,18.37,34.97,871.34,56,maturity,0.0,False
2023-02-26 12:00:00,crop_rice,57.3,,24.92,66.62,1903.52,56,vegetative,0.0,False
2023-02-26 15:30:00,crop_rice,42.71,,40.64,89.5,855.15,56,maturity,0.0,False
2023-02-26 16:30:00,crop_rice,25.5,,39.21,86.72,1980.94,56,vegetative,0.0,False
2023-02-26 23:00:00,crop_rice,45.51,,38.16,37.04,694.43,56,vegetative,0.0,False
2023-02-26 23:30:00,crop_rice,32.66,,16.08,59.57,430.0,56,maturity,0.0,False
2023-02-27 02:00:00,crop_rice,31.42,,27.28,33.29,1210.23,56,maturity,0.0,False
2023-02-27 02:30:00,crop_rice,9.32,,22.72,30.79,380.98,57,flowering,0.0,False
2023-02-27 07:30:00,crop_rice,24.75,,27.54,43.69,1345.67,57,maturity,0.0,False
2023-02-27 14:00:00,crop_rice,17.73,,27.75,86.97,1249.98,57,maturity,0.0,False
2023-02-27 19:00:00,crop_rice,63.4,,38.57,75.19,536.79,57,flowering,0.0,False
2023-02-27 21:00:00,crop_rice,28.2,,25.17,87.31,2121.01,57,vegetative,0.0,False
2023-02-27 21:30:00,crop_rice,50.34,,37.27,79.47,1574.51,57,vegetative,0.0,False
2023-02-27 23:00:00,crop_rice,32.46,,41.63,76.2,1383.87,57,maturity,0.0,False
2023-02-28 00:00:00,crop_rice,21.45,,17.87,35.78,2012.97,57,vegetative,0.0,False
2023-02-28 02:30:00,crop_rice,23.82,,13.42,61.64,182.26,58,flowering,0.0,False
2023-02-28 05:00:00,crop_rice,59.85,,20.51,75.56,1088.07,58,maturity,0.0,False
2023-02-28 11:30:00,crop_rice,48.3,,29.56,56.06,961.1,58,flowering,0.0,False
2023-02-28 15:30:00,crop_rice,15.02,,15.95,55.83,463.1,58,maturity,0.0,False
2023-02-28 19:30:00,crop_rice,32.55,,34.64,44.25,1488.05,58,maturity,0.0,False
2023-03-01 03:30:00,crop_rice,48.77,,26.39,54.48,227.19,59,maturity,0.0,False
2023-03-01 04:00:00,crop_rice,57.07,,41.99,48.43,2159.66,59,maturity,0.0,False
2023-03-01 12:00:00,crop_rice,39.44,,24.21,73.68,1426.64,59,maturity,0.0,False
2023-03-01 14:00:00,crop_rice,61.73,,23.71,26.54,2145.73,59,vegetative,0.0,False
2023-03-01 16:00:00,crop_rice,53.16,,12.13,86.82,1752.32,59,maturity,0.0,False
2023-03-01 21:30:00,crop_rice,40.98,,24.84,70.51,1787.67,59,maturity,0.0,False
2023-03-02 01:30:00,crop_rice,45.33,,36.51,29.11,771.13,59,maturity,0.0,False
2023-03-02 05:30:00,crop_rice,47.57,,27.25,88.36,1612.99,60,maturity,0.0,False
2023-03-02 08:00:00,crop_rice,13.98,,31.88,44.18,2393.48,60,maturity,0.0,False
2023-03-02 19:00:00,crop_rice,23.35,,31.76,54.02,1514.38,60,maturity,0.0,False
2023-03-03 00:00:00,crop_rice,30.54,,13.86,68.67,175.2,60,maturity,0.0,False
2023-03-03 06:00:00,crop_rice,44.73,,26.61,64.87,1820.91,61,maturity,0.0,False
2023-03-03 09:00:00,crop_rice,31.2,,36.28,27.28,85.68,61,vegetative,0.0,False
2023-03-03 10:00:00,crop_rice,32.4,,25.9,54.84,33.55,61,maturity,0.0,False
2023-03-03 12:30:00,crop_rice,28.99,,30.32,61.52,879.59,61,maturity,0.0,False
2023-03-03 13:00:00,crop_rice,58.44,,19.92,73.1,115.82,61,maturity,0.0,False
2023-03-03 14:30:00,crop_rice,61.48,,29.67,45.91,334.61,61,maturity,0.0,False
2023-03-03 18:30:00,crop_rice,53.42,,29.82,81.87,2484.05,61,maturity,0.0,False
2023-03-03 23:00:00,crop_rice,38.73,,40.77,70.25,2354.56,61,maturity,0.0,False
2023-03-03 23:30:00,crop_rice,19.32,,18.2,87.28,2047.62,61,maturity,0.0,False
2023-03-04 04:30:00,crop_rice,35.32,,34.35,31.62,1789.47,62,flowering,0.0,False
2023-03-04 06:30:00,crop_rice,9.88,,29.78,85.32,1674.83,62,maturity,0.0,False
2023-03-04 07:30:00,crop_rice,57.64,,32.15,32.35,810.14,62,flowering,0.0,False
2023-03-04 14:30:00,crop_rice,23.52,,19.64,89.05,2168.79,62,vegetative,0.0,False
2023-03-04 16:30:00,crop_rice,18.2,,18.42,50.64,315.7,62,maturity,0.0,False
2023-03-04 18:30:00,crop_rice,50.51,,21.51,61.12,2484.3,62,flowering,0.0,False
2023-03-04 20:00:00,crop_rice,37.97,,22.8,53.88,2300.78,62,maturity,0.0,False
2023-03-04 20:30:00,crop_rice,58.69,,19.74,76.61,2093.45,62,vegetative,0.0,False
2023-03-05 01:30:00,crop_rice,51.98,,31.44,76.71,1078.37,62,maturity,0.0,False
2023-03-05 02:00:00,crop_rice,56.05,,39.16,43.99,1848.63,62,maturity,0.0,False
2023-03-05 02:30:00,crop_rice,48.52,,16.21,66.63,1326.0,63,vegetative,0.0,False
2023-03-05 12:30:00,crop_rice,61.26,,29.48,29.01,2092.3,63,vegetative,0.0,False
2023-03-05 14:00:00,crop_rice,54.92,,15.98,89.78,2457.22,63,vegetative,0.0,False
2023-03-05 15:00:00,crop_rice,15.48,,34.44,82.21,1199.12,63,maturity,0.0,False
2023-03-05 21:00:00,crop_rice,19.55,,39.38,29.09,476.74,63,maturity,0.0,False
2023-03-05 22:00:00,crop_rice,45.03,,22.78,64.69,1708.73,63,flowering,0.0,False
2023-03-06 01:00:00,crop_rice,11.63,,32.93,39.95,2482.25,63,flowering,0.0,False
2023-03-06 03:30:00,crop_rice,46.63,,14.51,83.06,195.72,64,maturity,0.0,False
2023-03-06 08:30:00,crop_rice,14.33,,22.84,83.26,518.3,64,maturity,0.0,False
2023-03-06 12:30:00,crop_rice,62.2,,18.63,92.29,268.8,64,maturity,0.0,False
2023-03-06 14:00:00,crop_rice,12.36,,28.12,74.97,536.43,64,flowering,0.0,False
2023-03-06 14:30:00,crop_rice,41.07,,28.69,55.06,2263.36,64,maturity,0.0,False
2023-03-06 17:00:00,crop_rice,14.37,,40.04,48.46,2039.9,64,maturity,0.0,False
2023-03-06 18:30:00,crop_rice,17.09,,15.53,64.23,1502.85,64,maturity,0.0,False
2023-03-07 02:30:00,crop_rice,18.35,,22.47,55.37,2027.23,65,vegetative,0.0,False
2023-03-07 04:30:00,crop_rice,49.25,,12.32,71.08,230.45,65,vegetative,0.0,False
2023-03-07 06:30:00,crop_rice,36.76,,17.72,56.07,2458.76,65,maturity,0.0,False
2023-03-07 07:30:00,crop_rice,50.68,,12.26,62.44,722.76,65,flowering,0.0,False
2023-03-07 08:30:00,crop_rice,58.32,,14.14,35.99,893.8,65,vegetative,0.0,False
2023-03-07 09:00:00,crop_rice,20.98,,22.78,58.24,1200.88,65,maturity,0.0,False
2023-03-07 16:30:00,crop_rice,17.49,,13.33,36.95,37.87,65,maturity,0.0,False
2023-03-07 22:00:00,crop_rice,46.88,,12.16,45.18,995.18,65,maturity,0.0,False
2023-03-08 02:00:00,crop_rice,18.19,,14.21,69.15,1628.68,65,flowering,0.0,False
2023-03-08 04:00:00,crop_rice,23.75,,23.7,70.22,1095.25,66,maturity,0.0,False
2023-03-08 18:30:00,crop_rice,26.27,,26.38,67.59,1299.48,66,maturity,0.0,False
2023-03-08 20:30:00,crop_rice,52.81,,22.9,88.15,521.09,66,flowering,0.0,False
2023-03-09 01:00:00,crop_rice,13.66,,36.41,89.05,692.5,66,flowering,0.0,False
2023-03-09 03:00:00,crop_rice,55.41,,20.08,63.65,740.81,67,maturity,0.0,False
2023-03-09 12:00:00,crop_rice,41.78,,40.95,86.12,1271.98,67,flowering,0.0,False
2023-03-09 18:00:00,crop_rice,46.27,,13.69,38.07,830.54,67,maturity,0.0,False
2023-03-09 23:30:00,crop_rice,61.55,,17.6,62.57,83.49,67,vegetative,0.0,False
2023-03-10 00:00:00,crop_rice,39.27,,37.53,39.03,684.14,67,maturity,0.0,False
2023-03-10 00:30:00,crop_rice,52.91,,31.81,71.96,1555.24,67,flowering,0.0,False
2023-03-10 10:30:00,crop_rice,39.46,,17.64,72.11,2196.25,68,vegetative,0.0,False
2023-03-10 18:00:00,crop_rice,44.26,,14.45,81.59,1087.48,68,vegetative,0.0,False
2023-03-10 19:30:00,crop_rice,57.61,,25.14,92.69,1840.96,68,maturity,0.0,False
2023-03-10 22:30:00,crop_rice,24.38,,29.46,69.28,1622.18,68,flowering,0.0,False
2023-03-11 00:00:00,crop_rice,34.68,,14.07,70.88,352.59,68,vegetative,0.0,False
2023-03-11 02:00:00,crop_rice,11.17,,37.04,71.12,1732.87,68,flowering,0.0,False
2023-03-11 04:30:00,crop_rice,47.47,,15.69,72.73,1807.4,69,flowering,0.0,False
2023-03-11 11:00:00,crop_rice,30.14,,38.47,38.36,57.79,69,maturity,0.0,False
2023-03-11 15:30:00,crop_rice,51.75,,20.35,68.13,1639.54,69,maturity,0.0,False
2023-03-11 21:30:00,crop_rice,43.78,,26.73,88.87,215.87,69,maturity,0.0,False
2023-03-11 22:00:00,crop_rice,16.24,,25.75,55.59,1990.73,69,vegetative,0.0,False
2023-03-12 00:30:00,crop_rice,43.92,,26.64,43.34,156.39,69,maturity,0.0,False
2023-03-12 04:00:00,crop_rice,27.04,,19.41,64.71,1698.51,70,maturity,0.0,False
2023-03-12 06:00:00,crop_rice,44.25,,16.27,78.49,175.45,70,flowering,0.0,False
2023-03-12 07:30:00,crop_rice,64.38,,32.59,44.99,727.1,70,flowering,0.0,False
2023-03-12 10:30:00,crop_rice,20.43,,39.94,79.78,2362.34,70,flowering,0.0,False
2023-03-12 12:30:00,crop_rice,51.44,,20.12,53.22,764.46,70,maturity,0.0,False
2023-03-13 00:00:00,crop_rice,27.72,,37.19,84.61,2086.33,70,maturity,0.0,False
2023-03-13 07:30:00,crop_rice,47.14,,22.14,61.25,2213.5,71,maturity,0.0,False
2023-03-13 08:00:00,crop_rice,20.56,,14.45,84.53,375.53,71,maturity,0.0,False
2023-03-13 08:30:00,crop_rice,30.46,,28.21,25.0,1565.27,71,vegetative,0.0,False
2023-03-13 10:00:00,crop_rice,29.37,,40.99,36.41,1586.96,71,flowering,0.0,False
2023-03-13 13:00:00,crop_rice,50.17,,30.3,26.88,2367.42,71,vegetative,0.0,False
2023-03-13 13:30:00,crop_rice,8.55,,38.88,94.29,1269.96,71,vegetative,0.0,False
2023-03-13 18:00:00,crop_rice,48.91,,23.11,86.65,2212.9,71,flowering,0.0,False
2023-03-13 19:30:00,crop_rice,33.2,,22.83,59.1,1455.77,71,maturity,0.0,False
2023-03-13 21:30:00,crop_rice,39.86,,21.04,49.1,354.84,71,maturity,0.0,False
2023-03-13 23:30:00,crop_rice,18.55,,37.3,44.22,1329.64,71,maturity,0.0,False
2023-03-14 02:30:00,crop_rice,53.93,,16.97,45.73,649.86,72,maturity,0.0,False
2023-03-14 04:00:00,crop_rice,29.32,,14.46,29.85,650.71,72,maturity,0.0,False
2023-03-14 05:00:00,crop_rice,40.4,,14.2,25.09,911.42,72,flowering,0.0,False
2023-03-14 07:00:00,crop_rice,37.5,,41.28,28.36,254.78,72,maturity,0.0,False
2023-03-14 09:00:00,crop_rice,59.61,,17.14,72.33,192.11,72,flowering,0.0,False
2023-03-14 09:30:00,crop_rice,40.84,,33.32,41.63,1380.42,72,maturity,0.0,False
2023-03-14 21:00:00,crop_rice,15.41,,36.88,27.65,2164.05,72,vegetative,0.0,False
2023-03-14 22:30:00,crop_rice,29.24,,22.36,29.29,2105.13,72,flowering,0.0,False
2023-03-15 00:00:00,crop_rice,43.77,,39.76,45.76,437.02,72,flowering,0.0,False
2023-03-15 01:00:00,crop_rice,39.25,,26.87,73.79,1709.05,72,vegetative,0.0,False
2023-03-15 01:30:00,crop_rice,38.75,,18.39,48.74,2307.83,72,flowering,0.0,False
2023-03-15 05:30:00,crop_rice,29.39,,24.97,74.33,55.28,73,maturity,0.0,False
2023-03-15 06:30:00,crop_rice,30.53,,29.53,35.0,2391.43,73,maturity,0.0,False
2023-03-15 08:30:00,crop_rice,26.91,,18.11,77.56,2268.82,73,vegetative,0.0,False
2023-03-15 10:00:00,crop_rice,25.86,,16.38,64.03,599.06,73,maturity,0.0,False
2023-03-15 12:00:00,crop_rice,37.58,,16.84,84.08,1804.5,73,maturity,0.0,False
2023-03-15 12:30:00,crop_rice,46.33,,34.25,85.99,1388.73,73,maturity,0.0,False
2023-03-15 15:30:00,crop_rice,37.14,,15.23,86.43,1847.35,73,vegetative,0.0,False
2023-03-15 18:00:00,crop_rice,52.46,,16.3,33.07,2219.99,73,maturity,0.0,False
2023-03-15 22:00:00,crop_rice,56.76,,24.65,66.5,2292.96,73,flowering,0.0,False
2023-03-16 01:00:00,crop_rice,28.62,,24.21,25.99,1302.79,73,maturity,0.0,False
2023-03-16 04:00:00,crop_rice,52.47,,28.31,89.83,2413.34,74,vegetative,0.0,False
2023-03-16 05:30:00,crop_rice,29.3,,13.07,52.18,1300.58,74,maturity,0.0,False
2023-03-16 06:30:00,crop_rice,58.23,,16.88,67.04,1576.51,74,vegetative,0.0,False
2023-03-16 08:00:00,crop_rice,45.18,,23.0,58.92,592.12,74,maturity,0.0,False
2023-03-16 10:00:00,crop_rice,15.8,,30.03,64.37,1671.53,74,maturity,0.0,False
2023-03-16 11:00:00,crop_rice,17.13,,22.71,89.3,795.77,74,flowering,0.0,False
2023-03-16 15:00:00,crop_rice,14.48,,15.83,66.32,1201.67,74,maturity,0.0,False
2023-03-16 16:00:00,crop_rice,51.38,,22.43,40.73,1548.12,74,vegetative,0.0,False
2023-03-16 17:00:00,crop_rice,48.99,,38.43,40.87,2479.97,74,flowering,0.0,False
2023-03-16 20:00:00,crop_rice,28.85,,13.58,70.29,123.95,74,maturity,0.0,False
2023-03-16 21:30:00,crop_rice,60.75,,34.53,29.45,1428.31,74,maturity,0.0,False
2023-03-16 22:00:00,crop_rice,11.34,,17.21,39.05,840.67,74,maturity,0.0,False
2023-03-16 23:00:00,crop_rice,47.85,,39.83,88.55,1783.37,74,maturity,0.0,False
2023-03-17 01:30:00,crop_rice,44.63,,15.25,48.24,314.98,74,vegetative,0.0,False
2023-03-17 04:30:00,crop_rice,38.25,,36.54,76.26,1661.24,75,vegetative,0.0,False
2023-03-17 05:30:00,crop_rice,19.84,,30.34,92.9,868.33,75,flowering,0.0,False
2023-03-17 14:30:00,crop_rice,49.41,,25.42,79.42,613.97,75,maturity,0.0,False
2023-03-17 21:30:00,crop_rice,29.74,,16.86,79.85,577.18,75,maturity,0.0,False
2023-03-18 01:30:00,crop_rice,22.86,,16.73,94.78,1129.22,75,maturity,0.0,False
2023-03-18 03:00:00,crop_rice,52.86,,38.39,79.53,1526.58,76,maturity,0.0,False
2023-03-18 04:00:00,crop_rice,55.83,,29.81,26.76,1692.68,76,vegetative,0.0,False
2023-03-18 04:30:00,crop_rice,51.27,,27.06,56.13,2093.61,76,vegetative,0.0,False
2023-03-18 06:00:00,crop_rice,18.92,,24.76,25.89,1565.48,76,vegetative,0.0,False
2023-03-18 12:30:00,crop_rice,56.55,,19.28,32.11,13.09,76,vegetative,0.0,False
2023-03-18 14:30:00,crop_rice,61.98,,30.98,48.71,1122.25,76,flowering,0.0,False
2023-03-18 17:00:00,crop_rice,43.23,,33.47,62.23,1602.91,76,flowering,0.0,False
2023-03-18 18:30:00,crop_rice,14.18,,37.32,35.99,2020.79,76,vegetative,0.0,False
2023-03-18 19:00:00,crop_rice,49.29,,26.29,94.31,453.17,76,maturity,0.0,False
2023-03-18 22:00:00,crop_rice,47.03,,39.14,94.49,1919.25,76,maturity,0.0,False
2023-03-19 01:30:00,crop_rice,50.37,,28.14,93.86,771.9,76,vegetative,0.0,False
2023-03-19 09:00:00,crop_rice,12.42,,20.39,31.7,2055.75,77,maturity,0.0,False
2023-03-19 11:00:00,crop_rice,22.32,,33.09,92.75,387.55,77,vegetative,0.0,False
2023-03-19 12:30:00,crop_rice,53.53,,40.73,42.62,1995.88,77,flowering,0.0,False
2023-03-19 19:00:00,crop_rice,36.5,,26.71,26.27,1380.12,77,vegetative,0.0,False
2023-03-19 21:30:00,crop_rice,30.11,,34.97,65.06,2365.18,77,maturity,0.0,False
2023-03-20 02:00:00,crop_rice,17.61,,24.0,89.62,206.9,77,maturity,0.0,False
2023-03-20 06:00:00,crop_rice,20.75,,25.07,92.95,1750.05,78,vegetative,0.0,False
2023-03-20 06:30:00,crop_rice,23.68,,27.93,28.46,1107.23,78,vegetative,0.0,False
2023-03-20 07:00:00,crop_rice,41.45,,41.65,43.85,1325.91,78,maturity,0.0,False
2023-03-20 12:30:00,crop_rice,56.09,,41.58,47.44,754.49,78,vegetative,0.0,False
2023-03-20 17:30:00,crop_rice,54.86,,22.84,38.39,86.85,78,maturity,0.0,False
2023-03-21 01:00:00,crop_rice,14.55,,35.8,61.01,2469.77,78,flowering,0.0,False
2023-03-21 01:30:00,crop_rice,41.1,,22.91,89.43,1852.6,78,flowering,0.0,False
2023-03-21 02:00:00,crop_rice,47.44,,29.57,86.95,1107.01,78,maturity,0.0,False
2023-03-21 05:30:00,crop_rice,32.07,,38.11,59.29,2199.16,79,maturity,0.0,False
2023-03-21 10:30:00,crop_rice,12.05,,28.65,27.27,1942.45,79,maturity,0.0,False
2023-03-21 12:30:00,crop_rice,15.18,,19.72,79.23,38.72,79,flowering,0.0,False
2023-03-21 14:30:00,crop_rice,23.88,,25.43,34.86,163.49,79,vegetative,0.0,False
2023-03-21 17:00:00,crop_rice,48.22,,19.47,42.69,417.79,79,flowering,0.0,False
2023-03-21 18:00:00,crop_rice,58.03,,21.69,87.51,1998.01,79,maturity,0.0,False
2023-03-21 19:30:00,crop_rice,38.52,,25.86,92.58,2159.73,79,maturity,0.0,False
2023-03-22 02:00:00,crop_rice,44.88,,26.14,84.67,239.9,79,maturity,0.0,False
2023-03-22 02:30:00,crop_rice,57.57,,17.0,77.11,1836.63,80,flowering,0.0,False
2023-03-22 06:30:00,crop_rice,33.73,,27.36,46.48,627.16,80,flowering,0.0,False
2023-03-22 08:30:00,crop_rice,63.64,,28.01,55.6,802.45,80,maturity,0.0,False
2023-03-22 12:30:00,crop_rice,18.63,,19.09,80.71,1863.18,80,maturity,0.0,False
2023-03-22 20:00:00,crop_rice,8.29,,20.38,66.72,2171.27,80,vegetative,0.0,False
2023-03-22 20:30:00,crop_rice,31.29,,22.21,53.64,705.76,80,maturity,0.0,False
2023-03-22 23:30:00,crop_rice,49.86,,19.43,28.77,1133.15,80,maturity,0.0,False
2023-03-23 00:00:00,crop_rice,61.61,,16.05,30.99,358.83,80,flowering,0.0,False
2023-03-23 01:00:00,crop_rice,25.45,,41.63,32.99,1874.16,80,flowering,0.0,False
2023-03-23 01:30:00,crop_rice,34.41,,31.81,43.3,697.21,80,maturity,0.0,False
2023-03-23 02:00:00,crop_rice,36.39,,35.32,70.99,2368.74,80,vegetative,0.0,False
2023-03-23 02:30:00,crop_rice,38.91,,13.95,32.86,2337.98,81,maturity,0.0,False
2023-03-23 04:30:00,crop_rice,40.94,,23.85,38.48,1828.48,81,maturity,0.0,False
2023-03-23 07:00:00,crop_rice,60.55,,18.46,58.16,1907.67,81,flowering,0.0,False
2023-03-23 07:30:00,crop_rice,35.39,,21.73,57.0,357.8,81,flowering,0.0,False
2023-03-23 08:30:00,crop_rice,33.01,,12.0,38.43,157.98,81,maturity,0.0,False
2023-03-23 14:00:00,crop_rice,28.21,,20.61,79.86,1674.03,81,maturity,0.0,False
2023-03-23 15:00:00,crop_rice,36.21,,34.3,49.97,1441.76,81,maturity,0.0,False
2023-03-23 18:30:00,crop_rice,28.16,,15.86,69.1,366.58,81,vegetative,0.0,False
2023-03-23 19:30:00,crop_rice,36.17,,19.03,42.04,2297.61,81,vegetative,0.0,False
2023-03-23 20:00:00,crop_rice,9.63,,27.56,76.88,1399.68,81,maturity,0.0,False
2023-03-23 23:00:00,crop_rice,20.48,,30.21,67.34,1691.54,81,vegetative,0.0,False
2023-03-24 04:00:00,crop_rice,32.85,,40.99,85.96,1859.54,82,vegetative,0.0,False
2023-03-24 06:30:00,crop_rice,36.53,,22.71,43.52,829.26,82,maturity,0.0,False
2023-03-24 10:00:00,crop_rice,32.47,,12.13,37.12,1257.32,82,flowering,0.0,False
2023-03-24 11:30:00,crop_rice,56.5,,34.81,77.39,558.8,82,maturity,0.0,False
2023-03-24 13:30:00,crop_rice,18.91,,31.98,50.81,209.2,82,flowering,0.0,False
2023-03-24 17:30:00,crop_rice,22.12,,31.6,47.58,1625.16,82,flowering,0.0,False
2023-03-24 18:00:00,crop_rice,47.05,,40.35,70.7,2066.02,82,maturity,0.0,False
2023-03-25 01:30:00,crop_rice,16.0,,13.89,31.15,1609.75,82,maturity,0.0,False
2023-03-25 02:30:00,crop_rice,13.54,,13.53,36.28,577.85,83,maturity,0.0,False
2023-03-25 06:30:00,crop_rice,22.78,,23.76,85.32,1051.95,83,vegetative,0.0,False
2023-03-25 09:30:00,crop_rice,12.53,,36.66,51.69,136.2,83,maturity,0.0,False
2023-03-25 11:00:00,crop_rice,49.39,,30.94,32.73,1262.5,83,maturity,0.0,False
2023-03-25 15:30:00,crop_rice,24.42,,18.27,76.54,205.63,83,maturity,0.0,False
2023-03-25 20:30:00,crop_rice,46.6,,17.04,43.75,110.56,83,maturity,0.0,False
2023-03-26 00:00:00,crop_rice,60.84,,26.2,47.5,1087.73,83,maturity,0.0,False
2023-03-26 01:30:00,crop_rice,30.84,,25.63,30.86,608.01,83,flowering,0.0,False
2023-03-26 04:00:00,crop_rice,48.37,,34.11,72.73,1744.32,84,vegetative,0.0,False
2023-03-26 07:30:00,crop_rice,31.27,,37.29,37.11,423.88,84,maturity,0.0,False
2023-03-26 08:00:00,crop_rice,31.3,,12.51,33.96,1113.75,84,vegetative,0.0,False
2023-03-26 13:00:00,crop_rice,14.71,,25.81,44.07,1593.95,84,maturity,0.0,False
2023-03-26 14:30:00,crop_rice,56.06,,28.66,43.66,1281.49,84,maturity,0.0,False
2023-03-26 21:30:00,crop_rice,44.74,,18.08,91.17,2098.67,84,maturity,0.0,False
2023-03-26 22:30:00,crop_rice,14.15,,33.86,77.27,1709.19,84,flowering,0.0,False
2023-03-27 00:00:00,crop_rice,36.86,,26.86,62.04,888.28,84,maturity,0.0,False
2023-03-27 01:00:00,crop_rice,20.28,,22.66,82.76,498.75,84,maturity,0.0,False
2023-03-27 04:30:00,crop_rice,50.8,,26.95,91.94,881.77,85,vegetative,0.0,False
2023-03-27 06:30:00,crop_rice,20.68,,33.2,86.32,2309.37,85,maturity,0.0,False
2023-03-27 07:30:00,crop_rice,23.1,,32.72,89.21,2488.79,85,maturity,0.0,False
2023-03-27 09:30:00,crop_rice,45.39,,13.23,25.62,1369.89,85,maturity,0.0,False
2023-03-27 10:00:00,crop_rice,60.67,,38.89,27.12,2015.6,85,maturity,0.0,False
2023-03-27 11:30:00,crop_rice,27.49,,25.7,78.27,2356.97,85,flowering,0.0,False
2023-03-27 13:00:00,crop_rice,28.19,,19.31,31.19,2130.08,85,maturity,0.0,False
2023-03-27 15:00:00,crop_rice,36.54,,27.51,61.94,1357.33,85,vegetative,0.0,False
2023-03-27 16:30:00,crop_rice,29.67,,34.58,35.07,2209.68,85,flowering,0.0,False
2023-03-27 19:00:00,crop_rice,39.73,,32.39,47.61,2138.07,85,flowering,0.0,False
2023-03-27 19:30:00,crop_rice,56.04,,14.66,83.57,1878.26,85,vegetative,0.0,False
2023-03-27 21:00:00,crop_rice,22.07,,12.48,75.31,180.31,85,flowering,0.0,False
2023-03-27 21:30:00,crop_rice,63.84,,29.98,36.98,1656.35,85,flowering,0.0,False
2023-03-28 00:30:00,crop_rice,24.89,,15.77,37.13,1204.65,85,vegetative,0.0,False
2023-03-28 02:00:00,crop_rice,29.55,,20.27,45.16,393.43,85,vegetative,0.0,False
2023-03-28 05:00:00,crop_rice,59.99,,23.74,66.73,1017.75,86,maturity,0.0,False
2023-03-28 06:00:00,crop_rice,63.34,,22.46,64.33,2064.81,86,maturity,0.0,False
2023-03-28 14:00:00,crop_rice,24.9,,31.58,62.23,57.76,86,maturity,0.0,False
2023-03-28 15:00:00,crop_rice,15.36,,37.99,88.02,1566.25,86,maturity,0.0,False
2023-03-28 19:00:00,crop_rice,9.23,,34.38,49.63,1061.38,86,maturity,0.0,False
2023-03-28 20:30:00,crop_rice,53.15,,19.28,92.34,86.83,86,maturity,0.0,False
2023-03-29 02:00:00,crop_rice,55.25,,19.7,87.08,578.37,86,maturity,0.0,False
2023-03-29 08:00:00,crop_rice,38.85,,31.45,90.34,300.33,87,flowering,0.0,False
2023-03-29 08:30:00,crop_rice,23.47,,20.92,35.74,547.61,87,vegetative,0.0,False
2023-03-29 11:00:00,crop_rice,38.89,,31.95,88.31,1297.3,87,vegetative,0.0,False
2023-03-29 13:00:00,crop_rice,57.33,,25.01,60.07,1566.95,87,vegetative,0.0,False
2023-03-29 13:30:00,crop_rice,10.48,,34.99,72.22,2470.62,87,maturity,0.0,False
2023-03-29 16:00:00,crop_rice,32.05,,14.7,36.19,2124.73,87,flowering,0.0,False
2023-03-29 17:30:00,crop_rice,50.52,,34.77,84.33,899.91,87,maturity,0.0,False
2023-03-29 18:30:00,crop_rice,22.22,,35.78,88.04,1813.88,87,maturity,0.0,False
2023-03-29 20:30:00,crop_rice,28.4,,39.94,70.68,977.91,87,vegetative,0.0,False
2023-03-30 00:30:00,crop_rice,17.38,,35.78,62.36,1547.66,87,vegetative,0.0,False
2023-03-30 04:30:00,crop_rice,40.13,,29.48,67.83,1484.74,88,flowering,0.0,False
2023-03-30 08:30:00,crop_rice,9.0,,20.59,92.95,1328.28,88,maturity,0.0,False
2023-03-30 16:00:00,crop_rice,56.88,,40.11,83.57,1483.67,88,maturity,0.0,False
2023-03-30 16:30:00,crop_rice,10.16,,33.27,47.1,77.27,88,maturity,0.0,False
2023-03-30 17:00:00,crop_rice,16.6,,22.66,70.14,2350.17,88,maturity,0.0,False
2023-03-30 20:00:00,crop_rice,60.16,,26.85,94.83,2158.62,88,maturity,0.0,False
2023-03-30 22:00:00,crop_rice,45.36,,33.88,40.7,960.27,88,maturity,0.0,False
2023-03-31 06:00:00,crop_rice,48.66,,22.19,75.11,1124.16,89,maturity,0.0,False
2023-03-31 07:00:00,crop_rice,44.2,,41.3,75.24,1169.47,89,flowering,0.0,False
2023-03-31 08:00:00,crop_rice,57.82,,19.29,30.87,117.74,89,maturity,0.0,False
2023-03-31 10:30:00,crop_rice,55.26,,15.13,91.12,2072.41,89,maturity,0.0,False
2023-03-31 15:00:00,crop_rice,64.84,,18.59,89.86,829.33,89,flowering,0.0,False
2023-03-31 19:00:00,crop_rice,55.02,,27.94,75.22,228.95,89,maturity,0.0,False
2023-03-31 21:30:00,crop_rice,63.46,,32.85,81.38,2251.44,89,maturity,0.0,False
2023-04-01 01:00:00,crop_rice,30.55,,24.63,35.28,543.81,89,vegetative,0.0,False
2023-04-01 04:30:00,crop_rice,24.32,,17.78,46.36,875.45,90,vegetative,0.0,False
2023-04-01 05:30:00,crop_rice,56.99,,39.66,46.96,876.95,90,vegetative,0.0,False
2023-04-01 08:00:00,crop_rice,37.06,,28.57,29.42,422.66,90,maturity,0.0,False
2023-04-01 14:00:00,crop_rice,46.61,,22.87,68.72,1557.61,90,maturity,0.0,False
2023-04-01 20:00:00,crop_rice,11.31,,26.47,45.31,2426.0,90,maturity,0.0,False
2023-04-01 21:00:00,crop_rice,49.63,,24.08,46.64,2449.42,90,maturity,0.0,False
2023-04-01 23:00:00,crop_rice,62.61,,27.18,54.01,1329.79,90,maturity,0.0,False
2023-04-01 23:30:00,crop_rice,11.64,,32.79,61.08,1211.18,90,maturity,0.0,False
2023-04-02 01:30:00,crop_rice,50.33,,23.78,54.57,2239.18,90,flowering,0.0,False
2023-04-02 07:30:00,crop_rice,39.1,,13.44,94.22,1526.02,91,maturity,0.0,False
2023-04-02 09:30:00,crop_rice,36.94,,21.89,56.35,226.24,91,vegetative,0.0,False
2023-04-02 10:30:00,crop_rice,33.62,,22.94,88.72,2115.02,91,flowering,0.0,False
2023-04-02 14:30:00,crop_rice,51.84,,32.78,67.72,2066.61,91,vegetative,0.0,False
2023-04-02 17:00:00,crop_rice,40.52,,36.11,36.69,1419.57,91,flowering,0.0,False
2023-04-02 22:00:00,crop_rice,37.06,,27.68,34.83,527.53,91,flowering,0.0,False
2023-04-03 01:30:00,crop_rice,46.84,,13.23,39.72,2115.31,91,maturity,0.0,False
2023-04-03 02:00:00,crop_rice,60.7,,26.89,33.6,1836.09,91,flowering,0.0,False
2023-04-03 10:30:00,crop_rice,9.55,,40.08,75.13,1724.0,92,maturity,0.0,False
2023-04-03 14:30:00,crop_rice,32.55,,37.21,68.3,437.16,92,maturity,0.0,False
2023-04-03 19:00:00,crop_rice,40.19,,25.31,48.16,1242.2,92,flowering,0.0,False
2023-04-03 21:00:00,crop_rice,22.32,,21.54,29.8,2051.26,92,maturity,0.0,False
2023-04-03 21:30:00,crop_rice,13.22,,14.82,85.02,2155.27,92,maturity,0.0,False
2023-04-04 03:00:00,crop_rice,13.59,,12.61,65.67,223.85,93,maturity,0.0,False
2023-04-04 07:30:00,crop_rice,57.4,,18.55,93.3,531.1,93,flowering,0.0,False
2023-04-04 11:30:00,crop_rice,18.19,,33.18,93.14,1671.58,93,flowering,0.0,False
2023-04-04 15:00:00,crop_rice,31.0,,22.56,52.62,273.54,93,flowering,0.0,False
2023-04-04 15:30:00,crop_rice,21.81,,35.72,46.53,2458.89,93,maturity,0.0,False
2023-04-04 17:00:00,crop_rice,31.88,,22.61,43.83,1071.3,93,maturity,0.0,False
2023-04-04 20:00:00,crop_rice,28.38,,22.23,34.58,459.02,93,vegetative,0.0,False
2023-04-05 01:00:00,crop_rice,46.83,,34.65,60.28,1044.4,93,vegetative,0.0,False
2023-04-05 02:00:00,crop_rice,56.18,,40.32,81.47,917.32,93,vegetative,0.0,False
2023-04-05 03:30:00,crop_rice,45.94,,30.11,57.33,1012.99,94,maturity,0.0,False
2023-04-05 04:00:00,crop_rice,59.02,,24.8,30.51,1991.58,94,maturity,0.0,False
2023-04-05 05:00:00,crop_rice,31.57,,36.18,30.39,2320.52,94,flowering,0.0,False
2023-04-05 13:00:00,crop_rice,24.07,,16.65,62.64,2018.61,94,vegetative,0.0,False
2023-04-05 14:30:00,crop_rice,40.59,,28.72,87.83,1954.53,94,maturity,0.0,False
2023-04-05 20:30:00,crop_rice,33.35,,35.11,73.31,1238.15,94,maturity,0.0,False
2023-04-05 22:30:00,crop_rice,11.95,,20.1,75.72,336.96,94,vegetative,0.0,False
2023-04-06 01:00:00,crop_rice,16.37,,38.64,88.73,1636.29,94,maturity,0.0,False
2023-04-06 12:30:00,crop_rice,49.92,,37.3,89.61,706.73,95,maturity,0.0,False
2023-04-06 14:00:00,crop_rice,40.6,,26.66,44.47,914.34,95,maturity,0.0,False
2023-04-06 18:30:00,crop_rice,32.57,,25.29,54.56,1898.5,95,vegetative,0.0,False
2023-04-06 22:30:00,crop_rice,28.44,,39.57,36.27,1431.03,95,maturity,0.0,False
2023-04-07 01:30:00,crop_rice,12.47,,40.88,53.51,849.34,95,maturity,0.0,False
2023-04-07 02:30:00,crop_rice,29.14,,15.17,56.95,1907.65,96,vegetative,0.0,False
2023-04-07 03:00:00,crop_rice,50.51,,38.98,94.12,2218.52,96,maturity,0.0,False
2023-04-07 03:30:00,crop_rice,17.85,,38.73,27.44,1527.61,96,maturity,0.0,False
2023-04-07 06:00:00,crop_rice,52.2,,30.19,69.19,1947.09,96,flowering,0.0,False
2023-04-07 08:30:00,crop_rice,24.52,,28.39,82.08,286.15,96,vegetative,0.0,False
2023-04-07 10:00:00,crop_rice,47.12,,30.42,81.86,2152.11,96,maturity,0.0,False
2023-04-07 13:00:00,crop_rice,31.2,,24.21,41.61,1015.77,96,flowering,0.0,False
2023-04-07 14:00:00,crop_rice,18.99,,33.73,27.49,1175.98,96,maturity,0.0,False
2023-04-07 15:30:00,crop_rice,20.95,,31.63,75.92,397.51,96,flowering,0.0,False
2023-04-07 18:30:00,crop_rice,62.24,,12.78,47.15,19.21,96,flowering,0.0,False
2023-04-07 22:00:00,crop_rice,47.4,,34.55,45.84,761.59,96,vegetative,0.0,False
2023-04-07 23:30:00,crop_rice,47.03,,19.77,30.02,1248.35,96,vegetative,0.0,False
2023-04-08 02:00:00,crop_rice,63.46,,39.27,71.86,49.84,96,maturity,0.0,False
2023-04-08 02:30:00,crop_rice,12.31,,24.81,60.52,506.01,97,vegetative,0.0,False
2023-04-08 05:00:00,crop_rice,35.16,,12.53,44.44,378.0,97,vegetative,0.0,False
2023-04-08 06:30:00,crop_rice,56.57,,25.85,76.94,522.42,97,flowering,0.0,False
2023-04-08 07:30:00,crop_rice,46.41,,36.58,74.26,852.76,97,maturity,0.0,False
2023-04-08 10:00:00,crop_rice,47.67,,20.55,32.62,2440.39,97,flowering,0.0,False
2023-04-08 14:00:00,crop_rice,13.47,,17.21,45.31,1922.03,97,flowering,0.0,False
2023-04-08 15:30:00,crop_rice,31.38,,19.44,57.95,380.39,97,maturity,0.0,False
2023-04-08 16:30:00,crop_rice,29.7,,33.67,69.29,1882.73,97,vegetative,0.0,False
2023-04-08 17:00:00,crop_rice,11.63,,39.73,39.66,657.85,97,vegetative,0.0,False
2023-04-08 18:00:00,crop_rice,10.44,,12.43,38.32,1959.67,97,vegetative,0.0,False
2023-04-08 19:30:00,crop_rice,19.61,,40.94,55.92,415.9,97,flowering,0.0,False
2023-04-08 20:00:00,crop_rice,44.85,,34.51,77.84,1881.32,97,flowering,0.0,False
2023-04-08 23:30:00,crop_rice,43.29,,19.1,91.18,425.68,97,maturity,0.0,False
2023-04-09 03:30:00,crop_rice,14.92,,24.14,88.06,1061.06,98,flowering,0.0,False
2023-04-09 10:30:00,crop_rice,47.92,,32.76,34.33,2257.51,98,vegetative,0.0,False
2023-04-09 11:00:00,crop_rice,15.21,,17.18,40.01,1636.95,98,maturity,0.0,False
2023-04-09 19:00:00,crop_rice,38.58,,18.71,74.54,1169.81,98,maturity,0.0,False
2023-04-10 02:30:00,crop_rice,37.73,,37.27,63.14,1125.12,99,flowering,0.0,False
2023-04-10 08:30:00,crop_rice,28.82,,37.58,57.45,982.4,99,flowering,0.0,False
2023-04-10 10:30:00,crop_rice,64.34,,23.57,33.72,1873.57,99,flowering,0.0,False
2023-04-10 14:00:00,crop_rice,13.3,,24.38,89.9,472.67,99,maturity,0.0,False
2023-04-10 14:30:00,crop_rice,43.4,,32.66,72.86,2442.68,99,maturity,0.0,False
2023-04-10 16:30:00,crop_rice,40.97,,38.11,55.08,100.2,99,maturity,0.0,False
2023-04-10 17:00:00,crop_rice,32.31,,34.17,82.96,1347.49,99,flowering,0.0,False
2023-04-10 19:30:00,crop_rice,37.12,,36.45,78.29,111.32,99,vegetative,0.0,False
2023-04-10 22:30:00,crop_rice,19.57,,34.21,83.66,723.68,99,maturity,0.0,False
2023-04-10 23:30:00,crop_rice,27.52,,20.78,68.53,136.08,99,maturity,0.0,False
2023-04-11 05:00:00,crop_rice,19.17,,39.65,27.12,2314.24,100,maturity,0.0,False
2023-04-11 08:30:00,crop_rice,61.03,,26.45,38.47,1448.27,100,flowering,0.0,False
2023-04-11 10:00:00,crop_rice,36.41,,19.44,64.0,2463.0,100,maturity,0.0,False
2023-04-11 11:00:00,crop_rice,61.49,,33.48,57.76,2039.36,100,maturity,0.0,False
2023-04-11 11:30:00,crop_rice,37.09,,21.2,27.72,2074.33,100,maturity,0.0,False
2023-04-11 13:00:00,crop_rice,22.89,,13.98,82.61,1142.39,100,flowering,0.0,False
2023-04-11 15:00:00,crop_rice,55.12,,24.04,62.36,2054.28,100,maturity,0.0,False
2023-04-11 15:30:00,crop_rice,23.45,,27.14,26.41,2284.47,100,vegetative,0.0,False
2023-04-11 17:00:00,crop_rice,26.17,,39.7,29.85,1821.3,100,maturity,0.0,False
2023-04-11 20:00:00,crop_rice,64.47,,30.85,80.57,1428.65,100,maturity,0.0,False
2023-04-11 20:30:00,crop_rice,40.41,,32.76,76.77,62.59,100,flowering,0.0,False
2023-04-11 22:00:00,crop_rice,47.96,,41.45,49.77,2179.21,100,maturity,0.0,False
2023-04-11 22:30:00,crop_rice,10.52,,17.35,50.87,1017.02,100,vegetative,0.0,False
2023-04-12 01:00:00,crop_rice,30.36,,29.86,53.35,1417.19,100,maturity,0.0,False
2023-04-12 07:00:00,crop_rice,19.92,,16.42,48.64,520.57,101,maturity,0.0,False
2023-04-12 07:30:00,crop_rice,64.69,,36.63,30.94,2102.34,101,flowering,0.0,False
2023-04-12 09:00:00,crop_rice,28.58,,28.4,75.38,2019.08,101,vegetative,0.0,False
2023-04-12 14:30:00,crop_rice,28.88,,20.24,33.72,811.91,101,vegetative,0.0,False
2023-04-12 21:00:00,crop_rice,16.84,,22.96,69.6,1641.61,101,flowering,0.0,False
2023-04-12 22:30:00,crop_rice,13.6,,39.42,80.84,1429.41,101,flowering,0.0,False
2023-04-13 01:30:00,crop_rice,26.04,,39.73,84.05,681.65,101,maturity,0.0,False
2023-04-13 03:00:00,crop_rice,15.44,,35.04,44.97,206.06,102,maturity,0.0,False
2023-04-13 04:30:00,crop_rice,32.62,,33.09,93.04,303.39,102,maturity,0.0,False
2023-04-13 05:30:00,crop_rice,48.27,,32.48,28.52,719.1,102,maturity,0.0,False
2023-04-13 09:00:00,crop_rice,12.88,,40.79,76.38,643.77,102,vegetative,0.0,False
2023-04-13 11:30:00,crop_rice,59.42,,34.62,49.42,1648.98,102,vegetative,0.0,False
2023-04-13 17:00:00,crop_rice,23.34,,15.98,73.82,990.27,102,maturity,0.0,False
2023-04-13 20:00:00,crop_rice,48.8,,18.53,60.11,928.6,102,flowering,0.0,False
2023-04-14 00:30:00,crop_rice,38.59,,13.11,42.79,716.48,102,flowering,0.0,False
2023-04-14 06:00:00,crop_rice,52.05,,18.78,64.08,2309.87,103,flowering,0.0,False
2023-04-14 07:30:00,crop_rice,36.62,,24.64,30.7,1357.82,103,maturity,0.0,False
2023-04-14 08:30:00,crop_rice,19.06,,12.68,37.06,259.22,103,vegetative,0.0,False
2023-04-14 09:00:00,crop_rice,47.3,,27.98,75.98,432.18,103,flowering,0.0,False
2023-04-14 18:30:00,crop_rice,34.65,,15.21,56.32,2175.32,103,maturity,0.0,False
2023-04-14 19:30:00,crop_rice,26.65,,37.95,39.24,2304.29,103,flowering,0.0,False
2023-04-15 02:00:00,crop_rice,10.67,,18.79,51.13,2366.54,103,maturity,0.0,False
2023-04-15 03:00:00,crop_rice,33.27,,27.63,53.52,501.16,104,vegetative,0.0,False
2023-04-15 06:00:00,crop_rice,35.48,,24.56,47.32,565.61,104,vegetative,0.0,False
2023-04-15 17:00:00,crop_rice,16.5,,21.61,72.9,677.5,104,flowering,0.0,False
2023-04-15 17:30:00,crop_rice,9.26,,30.6,44.57,696.03,104,maturity,0.0,False
2023-04-15 19:00:00,crop_rice,52.77,,31.47,35.75,1898.25,104,flowering,0.0,False
2023-04-15 23:30:00,crop_rice,10.58,,25.45,57.67,2066.57,104,flowering,0.0,False
2023-04-16 05:00:00,crop_rice,10.48,,23.61,41.2,580.49,105,maturity,0.0,False
2023-04-16 07:30:00,crop_rice,63.05,,35.26,41.78,839.61,105,flowering,0.0,False
2023-04-16 11:30:00,crop_rice,52.06,,14.59,55.87,2435.98,105,maturity,0.0,False
2023-04-16 12:00:00,crop_rice,60.43,,38.63,80.04,605.7,105,maturity,0.0,False
2023-04-16 12:30:00,crop_rice,32.33,,17.25,45.53,2245.53,105,vegetative,0.0,False
2023-04-16 14:00:00,crop_rice,31.7,,23.95,52.93,233.96,105,vegetative,0.0,False
2023-04-17 03:00:00,crop_rice,44.01,,16.85,27.6,1271.77,106,vegetative,0.0,False
2023-04-17 12:00:00,crop_rice,36.46,,27.27,58.32,501.05,106,maturity,0.0,False
2023-04-17 14:00:00,crop_rice,26.87,,28.82,27.11,135.74,106,maturity,0.0,False
2023-04-17 15:30:00,crop_rice,28.37,,18.46,30.88,1516.52,106,flowering,0.0,False
2023-04-17 19:30:00,crop_rice,12.03,,37.24,26.31,1863.04,106,flowering,0.0,False
2023-04-18 00:30:00,crop_rice,18.15,,17.13,50.12,454.46,106,maturity,0.0,False
2023-04-18 07:30:00,crop_rice,11.19,,20.22,60.37,856.0,107,maturity,0.0,False
2023-04-18 09:30:00,crop_rice,18.84,,18.69,60.03,320.35,107,maturity,0.0,False
2023-04-18 10:30:00,crop_rice,42.98,,40.46,81.13,1298.39,107,maturity,0.0,False
2023-04-18 11:00:00,crop_rice,22.17,,21.39,54.4,603.53,107,vegetative,0.0,False
2023-04-18 13:00:00,crop_rice,46.46,,29.0,61.17,64.11,107,flowering,0.0,False
2023-04-18 14:30:00,crop_rice,23.52,,41.11,65.25,1847.37,107,flowering,0.0,False
2023-04-18 16:00:00,crop_rice,34.01,,24.78,46.8,1213.01,107,maturity,0.0,False
2023-04-18 17:30:00,crop_rice,12.11,,19.18,75.23,2109.71,107,maturity,0.0,False
2023-04-18 20:00:00,crop_rice,57.63,,31.63,56.08,346.45,107,flowering,0.0,False
2023-04-18 20:30:00,crop_rice,9.32,,23.47,85.96,1996.21,107,vegetative,0.0,False
2023-04-19 01:30:00,crop_rice,20.71,,25.01,27.91,1040.37,107,maturity,0.0,False
2023-04-19 03:30:00,crop_rice,42.66,,39.36,93.32,2163.57,108,vegetative,0.0,False
2023-04-19 07:30:00,crop_rice,62.32,,19.82,71.85,724.79,108,vegetative,0.0,False
2023-04-19 09:30:00,crop_rice,16.35,,18.58,55.01,2457.91,108,maturity,0.0,False
2023-04-19 13:00:00,crop_rice,20.58,,38.94,59.55,121.77,108,vegetative,0.0,False
2023-04-19 15:30:00,crop_rice,28.88,,17.76,48.26,805.09,108,maturity,0.0,False
2023-04-19 20:30:00,crop_rice,32.17,,24.22,93.25,687.47,108,flowering,0.0,False
2023-04-19 21:00:00,crop_rice,21.0,,14.11,42.35,1114.33,108,flowering,0.0,False
2023-04-19 22:00:00,crop_rice,38.52,,16.52,57.06,2103.23,108,vegetative,0.0,False
2023-04-19 22:30:00,crop_rice,64.45,,39.81,29.34,2047.45,108,flowering,0.0,False
2023-04-20 02:00:00,crop_rice,14.74,,17.17,38.58,2105.05,108,flowering,0.0,False
2023-04-20 10:00:00,crop_rice,54.98,,19.63,58.28,1547.08,109,maturity,0.0,False
2023-04-20 11:00:00,crop_rice,33.09,,23.29,40.15,507.95,109,flowering,0.0,False
2023-04-20 15:00:00,crop_rice,37.77,,20.06,54.25,812.82,109,vegetative,0.0,False
2023-04-20 20:00:00,crop_rice,41.83,,26.46,49.74,630.23,109,flowering,0.0,False
2023-04-21 04:30:00,crop_rice,55.57,,17.57,60.72,911.66,110,maturity,0.0,False
2023-04-21 08:00:00,crop_rice,48.4,,27.35,72.42,2000.22,110,maturity,0.0,False
2023-04-21 08:30:00,crop_rice,38.74,,39.95,78.49,435.76,110,flowering,0.0,False
2023-04-21 09:00:00,crop_rice,56.71,,25.19,90.02,802.24,110,vegetative,0.0,False
2023-04-21 11:30:00,crop_rice,10.29,,18.04,92.01,2472.08,110,flowering,0.0,False
2023-04-21 15:00:00,crop_rice,26.44,,17.88,54.99,547.32,110,flowering,0.0,False
2023-04-21 16:00:00,crop_rice,23.9,,36.19,54.01,1344.41,110,maturity,0.0,False
2023-04-21 18:30:00,crop_rice,47.86,,16.51,73.96,2063.33,110,maturity,0.0,False
2023-04-21 22:00:00,crop_rice,21.91,,38.4,32.59,2457.31,110,flowering,0.0,False
2023-04-21 22:30:00,crop_rice,24.29,,25.31,85.95,445.25,110,maturity,0.0,False
2023-04-21 23:30:00,crop_rice,51.27,,29.45,70.17,1071.06,110,flowering,0.0,False
2023-04-22 07:00:00,crop_rice,33.16,,17.3,82.92,1026.6,111,vegetative,0.0,False
2023-04-22 08:00:00,crop_rice,57.78,,35.76,44.62,2075.77,111,flowering,0.0,False
2023-04-22 12:30:00,crop_rice,42.3,,41.16,84.4,1606.55,111,maturity,0.0,False
2023-04-22 20:00:00,crop_rice,8.14,,22.89,28.94,1523.2,111,maturity,0.0,False
2023-04-22 23:00:00,crop_rice,32.62,,34.58,69.57,248.38,111,flowering,0.0,False
2023-04-23 01:30:00,crop_rice,54.84,,16.64,58.46,779.64,111,maturity,0.0,False
2023-04-23 04:00:00,crop_rice,43.49,,14.32,74.23,1171.28,112,maturity,0.0,False
2023-04-23 05:00:00,crop_rice,60.46,,15.49,72.55,2328.06,112,maturity,0.0,False
2023-04-23 10:30:00,crop_rice,31.76,,19.47,42.9,1778.83,112,maturity,0.0,False
2023-04-23 13:00:00,crop_rice,61.83,,24.02,91.42,500.77,112,vegetative,0.0,False
2023-04-23 15:30:00,crop_rice,40.86,,30.9,85.99,74.82,112,maturity,0.0,False
2023-04-23 17:30:00,crop_rice,49.24,,26.58,55.77,1870.55,112,flowering,0.0,False
2023-04-23 19:00:00,crop_rice,43.57,,24.68,67.12,2265.41,112,maturity,0.0,False
2023-04-23 19:30:00,crop_rice,19.87,,24.03,49.3,1483.96,112,maturity,0.0,False
2023-04-23 22:00:00,crop_rice,31.14,,26.93,41.77,2468.29,112,vegetative,0.0,False
2023-04-23 23:00:00,crop_rice,41.92,,29.02,71.34,844.02,112,maturity,0.0,False
2023-04-23 23:30:00,crop_rice,39.23,,38.45,73.33,2241.04,112,maturity,0.0,False
2023-04-24 00:30:00,crop_rice,38.55,,13.57,45.08,1812.84,112,vegetative,0.0,False
2023-04-24 02:30:00,crop_rice,8.42,,40.74,43.61,696.71,113,maturity,0.0,False
2023-04-24 04:30:00,crop_rice,56.19,,16.53,63.14,1176.53,113,vegetative,0.0,False
2023-04-24 06:30:00,crop_rice,55.53,,15.5,69.54,27.86,113,maturity,0.0,False
2023-04-24 07:00:00,crop_rice,17.45,,41.75,93.0,808.3,113,flowering,0.0,False
2023-04-24 12:00:00,crop_rice,37.0,,14.39,80.86,383.86,113,vegetative,0.0,False
2023-04-24 14:00:00,crop_rice,45.08,,22.2,76.99,764.87,113,maturity,0.0,False
2023-04-24 15:30:00,crop_rice,43.5,,13.59,38.18,526.76,113,vegetative,0.0,False
2023-04-24 16:00:00,crop_rice,16.39,,33.52,78.97,1784.14,113,vegetative,0.0,False
2023-04-24 17:30:00,crop_rice,33.22,,31.91,35.4,1530.24,113,maturity,0.0,False
2023-04-24 18:30:00,crop_rice,15.32,,23.85,73.36,442.29,113,vegetative,0.0,False
2023-04-24 20:00:00,crop_rice,63.84,,25.32,31.11,509.07,113,vegetative,0.0,False
2023-04-24 21:00:00,crop_rice,22.74,,35.28,39.85,1163.04,113,maturity,0.0,False
2023-04-25 01:30:00,crop_rice,53.98,,29.15,89.19,1888.08,113,maturity,0.0,False
2023-04-25 02:00:00,crop_rice,41.4,,25.5,87.45,1065.12,113,flowering,0.0,False
2023-04-25 03:30:00,crop_rice,27.6,,15.28,61.47,2004.16,114,vegetative,0.0,False
2023-04-25 04:30:00,crop_rice,13.01,,24.77,62.0,674.19,114,vegetative,0.0,False
2023-04-25 05:00:00,crop_rice,56.9,,38.15,56.34,25.95,114,vegetative,0.0,False
2023-04-25 05:30:00,crop_rice,35.57,,31.3,66.19,45.57,114,maturity,0.0,False
2023-04-25 06:00:00,crop_rice,55.72,,41.18,89.42,576.05,114,vegetative,0.0,False
2023-04-25 08:30:00,crop_rice,21.09,,36.78,70.31,466.53,114,vegetative,0.0,False
2023-04-25 10:00:00,crop_rice,11.9,,22.21,69.77,374.82,114,vegetative,0.0,False
2023-04-25 10:30:00,crop_rice,41.94,,35.65,57.31,736.61,114,flowering,0.0,False
2023-04-25 13:30:00,crop_rice,24.51,,38.04,70.45,1835.59,114,maturity,0.0,False
2023-04-25 15:00:00,crop_rice,11.68,,37.04,68.89,1343.67,114,flowering,0.0,False
2023-04-25 16:30:00,crop_rice,48.62,,40.74,72.5,1339.93,114,maturity,0.0,False
2023-04-25 17:30:00,crop_rice,18.56,,25.86,33.55,371.8,114,flowering,0.0,False
2023-04-25 20:30:00,crop_rice,45.17,,32.97,34.31,952.73,114,maturity,0.0,False
2023-04-25 22:00:00,crop_rice,25.82,,38.7,87.71,971.02,114,flowering,0.0,False
2023-04-26 01:00:00,crop_rice,15.55,,20.29,70.49,509.27,114,maturity,0.0,False
2023-04-26 07:00:00,crop_rice,32.15,,13.81,77.06,1612.56,115,vegetative,0.0,False
2023-04-26 09:00:00,crop_rice,9.01,,19.04,70.16,1271.56,115,maturity,0.0,False
2023-04-26 11:30:00,crop_rice,9.29,,40.25,76.0,2272.12,115,flowering,0.0,False
2023-04-26 12:30:00,crop_rice,52.25,,41.38,49.94,302.47,115,vegetative,0.0,False
2023-04-26 15:00:00,crop_rice,40.0,,17.39,86.23,654.8,115,maturity,0.0,False
2023-04-26 16:00:00,crop_rice,10.56,,35.98,65.4,2113.37,115,maturity,0.0,False
2023-04-26 18:30:00,crop_rice,46.96,,17.63,39.36,1328.84,115,flowering,0.0,False
2023-04-26 20:00:00,crop_rice,15.96,,41.59,40.15,521.12,115,maturity,0.0,False
2023-04-27 00:00:00,crop_rice,28.63,,31.74,72.82,1808.2,115,maturity,0.0,False
2023-04-27 00:30:00,crop_rice,25.91,,32.48,51.91,557.03,115,flowering,0.0,False
2023-04-27 05:00:00,crop_rice,36.35,,38.93,43.15,1281.4,116,vegetative,0.0,False
2023-04-27 08:00:00,crop_rice,33.77,,17.35,81.74,706.0,116,maturity,0.0,False
2023-04-27 09:00:00,crop_rice,27.68,,29.51,86.58,609.51,116,maturity,0.0,False
2023-04-27 15:00:00,crop_rice,63.05,,32.8,36.04,1757.69,116,flowering,0.0,False
2023-04-27 15:30:00,crop_rice,63.33,,39.28,30.54,1617.85,116,flowering,0.0,False
2023-04-27 18:30:00,crop_rice,48.0,,13.19,53.81,662.1,116,vegetative,0.0,False
2023-04-27 19:00:00,crop_rice,8.94,,18.75,63.53,1698.06,116,maturity,0.0,False
2023-04-27 22:00:00,crop_rice,59.59,,30.09,74.25,1501.71,116,flowering,0.0,False
2023-04-27 23:00:00,crop_rice,30.69,,21.04,65.98,1782.46,116,vegetative,0.0,False
2023-04-28 02:00:00,crop_rice,36.42,,41.56,43.06,2187.04,116,flowering,0.0,False
2023-04-28 04:30:00,crop_rice,9.66,,13.62,75.66,572.24,117,flowering,0.0,False
2023-04-28 09:30:00,crop_rice,30.3,,21.81,62.8,2499.58,117,maturity,0.0,False
2023-04-28 10:30:00,crop_rice,28.01,,33.6,94.54,527.69,117,vegetative,0.0,False
2023-04-28 18:00:00,crop_rice,29.34,,27.23,37.88,525.64,117,maturity,0.0,False
2023-04-28 18:30:00,crop_rice,19.87,,18.25,49.62,1412.02,117,maturity,0.0,False
2023-04-28 19:30:00,crop_rice,54.23,,21.7,48.92,462.97,117,vegetative,0.0,False
2023-04-28 23:30:00,crop_rice,25.67,,15.41,73.78,1728.91,117,maturity,0.0,False
2023-04-29 01:30:00,crop_rice,34.22,,13.52,74.67,99.92,117,maturity,0.0,False
2023-04-29 06:30:00,crop_rice,15.12,,18.07,31.49,1170.81,118,flowering,0.0,False
2023-04-29 09:00:00,crop_rice,35.26,,33.04,77.56,1178.11,118,maturity,0.0,False
2023-04-29 13:30:00,crop_rice,62.0,,12.83,27.24,2334.96,118,maturity,0.0,False
2023-04-29 16:00:00,crop_rice,24.01,,32.74,32.0,1780.96,118,maturity,0.0,False
2023-04-29 16:30:00,crop_rice,45.81,,29.24,67.93,140.71,118,vegetative,0.0,False
2023-04-30 02:30:00,crop_rice,31.08,,13.2,69.48,1440.02,119,flowering,0.0,False
2023-04-30 03:30:00,crop_rice,34.65,,29.34,71.89,2030.62,119,maturity,0.0,False
2023-04-30 04:00:00,crop_rice,55.99,,33.27,44.54,1880.94,119,flowering,0.0,False
2023-04-30 09:00:00,crop_rice,62.21,,13.13,74.56,534.74,119,maturity,0.0,False
2023-04-30 10:00:00,crop_rice,34.9,,26.7,81.64,3.88,119,maturity,0.0,False
2023-04-30 12:30:00,crop_rice,10.09,,33.5,31.92,2321.82,119,flowering,0.0,False
2023-04-30 16:30:00,crop_rice,64.01,,41.05,84.24,1280.83,119,maturity,0.0,False
2023-04-30 18:00:00,crop_rice,30.99,,31.46,69.47,1806.31,119,maturity,0.0,False
2023-04-30 19:30:00,crop_rice,39.92,,36.88,79.09,981.41,119,maturity,0.0,False
2023-05-01 01:00:00,crop_rice,34.77,,24.45,62.47,996.3,119,maturity,0.0,False
2023-05-01 03:30:00,crop_rice,54.83,,40.07,81.76,992.01,120,maturity,0.0,False
2023-05-01 07:00:00,crop_rice,56.03,,27.96,86.3,1046.12,120,flowering,0.0,False
2023-05-01 08:30:00,crop_rice,33.86,,28.06,74.45,573.38,120,maturity,0.0,False
2023-05-01 14:30:00,crop_rice,57.66,,15.57,67.04,2455.44,120,maturity,0.0,False
2023-05-01 15:00:00,crop_rice,11.02,,16.1,56.75,1144.52,120,vegetative,0.0,False
2023-05-01 20:00:00,crop_rice,37.94,,29.84,37.5,150.53,120,maturity,0.0,False
2023-05-02 02:00:00,crop_rice,8.16,,25.46,34.35,1584.81,120,flowering,0.0,False
2023-05-02 05:30:00,crop_rice,19.95,,22.54,79.86,1115.9,121,flowering,0.0,False
2023-05-02 07:30:00,crop_rice,37.15,,28.4,93.08,1078.46,121,vegetative,0.0,False
2023-05-02 08:00:00,crop_rice,43.28,,38.66,53.0,2242.58,121,maturity,0.0,False
2023-05-02 13:00:00,crop_rice,19.9,,23.14,92.72,579.3,121,maturity,0.0,False
2023-05-02 14:30:00,crop_rice,27.61,,31.39,49.56,1844.72,121,maturity,0.0,False
2023-05-02 15:30:00,crop_rice,41.3,,13.16,89.82,2376.71,121,flowering,0.0,False
2023-05-02 16:30:00,crop_rice,58.01,,33.49,76.0,1639.59,121,maturity,0.0,False
2023-05-02 18:30:00,crop_rice,61.61,,34.4,87.88,868.11,121,maturity,0.0,False
2023-05-02 22:30:00,crop_rice,63.26,,14.09,53.28,1133.74,121,flowering,0.0,False
2023-05-03 01:30:00,crop_rice,47.25,,15.5,61.31,15.06,121,maturity,0.0,False
2023-05-03 07:00:00,crop_rice,45.61,,33.39,74.14,72.55,122,maturity,0.0,False
2023-05-03 20:00:00,crop_rice,54.41,,39.31,78.22,997.08,122,maturity,0.0,False
2023-05-03 22:30:00,crop_rice,16.41,,22.36,56.62,202.58,122,maturity,0.0,False
2023-05-04 02:30:00,crop_rice,14.39,,22.65,49.23,1244.22,123,maturity,0.0,False
2023-05-04 03:30:00,crop_rice,64.59,,29.47,31.14,1907.28,123,maturity,0.0,False
2023-05-04 07:00:00,crop_rice,39.81,,16.84,53.71,154.43,123,vegetative,0.0,False
2023-05-04 07:30:00,crop_rice,20.73,,22.8,37.06,1821.5,123,maturity,0.0,False
2023-05-04 08:00:00,crop_rice,61.71,,38.49,67.68,1965.85,123,flowering,0.0,False
2023-05-04 14:30:00,crop_rice,48.89,,15.24,91.52,122.96,123,maturity,0.0,False
2023-05-04 15:00:00,crop_rice,9.08,,25.92,57.73,1471.02,123,vegetative,0.0,False
2023-05-04 16:00:00,crop_rice,28.49,,25.53,48.47,2016.42,123,vegetative,0.0,False
2023-05-04 19:00:00,crop_rice,54.57,,18.69,47.55,394.44,123,vegetative,0.0,False
2023-05-04 19:30:00,crop_rice,45.95,,18.76,79.45,1847.66,123,maturity,0.0,False
2023-05-05 01:00:00,crop_rice,37.64,,27.37,70.47,1024.39,123,maturity,0.0,False
2023-05-05 01:30:00,crop_rice,63.33,,29.88,57.36,2133.33,123,maturity,0.0,False
2023-05-05 02:30:00,crop_rice,61.85,,23.81,86.07,2359.93,124,maturity,0.0,False
2023-05-05 03:00:00,crop_rice,26.04,,33.01,58.26,1583.04,124,vegetative,0.0,False
2023-05-05 09:30:00,crop_rice,47.45,,34.09,56.6,1862.99,124,flowering,0.0,False
2023-05-05 10:00:00,crop_rice,22.33,,36.89,38.53,1207.98,124,maturity,0.0,False
2023-05-05 13:30:00,crop_rice,22.76,,41.35,87.62,1769.53,124,maturity,0.0,False
2023-05-05 18:00:00,crop_rice,46.14,,38.58,84.14,1207.5,124,maturity,0.0,False
2023-05-05 20:00:00,crop_rice,51.47,,18.18,75.0,1955.79,124,maturity,0.0,False
2023-05-05 20:30:00,crop_rice,9.9,,26.96,49.06,2136.65,124,flowering,0.0,False
2023-05-05 23:30:00,crop_rice,32.44,,20.85,84.5,1564.31,124,maturity,0.0,False
2023-05-06 00:00:00,crop_rice,52.03,,12.33,73.67,252.32,124,maturity,0.0,False
2023-05-06 08:30:00,crop_rice,47.05,,41.83,89.42,2456.59,125,maturity,0.0,False
2023-05-06 09:30:00,crop_rice,61.8,,28.1,57.75,1694.42,125,maturity,0.0,False
2023-05-06 13:30:00,crop_rice,41.55,,23.05,61.49,1974.82,125,maturity,0.0,False
2023-05-06 16:30:00,crop_rice,8.84,,31.12,65.19,2097.92,125,vegetative,0.0,False
2023-05-06 22:30:00,crop_rice,51.32,,33.93,42.61,325.72,125,maturity,0.0,False
2023-05-06 23:00:00,crop_rice,30.03,,21.33,27.79,1978.88,125,maturity,0.0,False
2023-05-07 05:30:00,crop_rice,26.23,,12.86,69.84,1664.55,126,flowering,0.0,False
2023-05-07 06:00:00,crop_rice,32.97,,41.6,39.89,485.79,126,maturity,0.0,False
2023-05-07 08:00:00,crop_rice,42.12,,19.33,29.18,2429.74,126,maturity,0.0,False
2023-05-07 09:30:00,crop_rice,28.05,,33.16,52.79,1147.72,126,vegetative,0.0,False
2023-05-07 14:00:00,crop_rice,21.99,,38.21,94.04,693.2,126,maturity,0.0,False
2023-05-07 17:30:00,crop_rice,60.71,,41.74,39.82,412.82,126,maturity,0.0,False
2023-05-07 19:30:00,crop_rice,57.59,,18.63,56.6,1206.63,126,flowering,0.0,False
2023-05-07 22:00:00,crop_rice,19.4,,12.67,65.99,657.16,126,maturity,0.0,False
2023-05-08 01:00:00,crop_rice,35.26,,27.11,69.66,757.73,126,maturity,0.0,False
2023-05-08 01:30:00,crop_rice,44.36,,25.17,75.85,1633.66,126,maturity,0.0,False
2023-05-08 04:00:00,crop_rice,11.76,,13.45,61.66,1524.38,127,flowering,0.0,False
2023-05-08 04:30:00,crop_rice,15.7,,39.51,87.9,2138.29,127,vegetative,0.0,False
2023-05-08 09:30:00,crop_rice,16.59,,26.59,47.84,581.47,127,vegetative,0.0,False
2023-05-08 10:00:00,crop_rice,32.11,,37.38,36.78,2310.77,127,maturity,0.0,False
2023-05-08 14:30:00,crop_rice,56.25,,23.96,75.44,2103.82,127,maturity,0.0,False
2023-05-08 16:30:00,crop_rice,50.09,,22.02,57.74,343.9,127,vegetative,0.0,False
2023-05-08 18:00:00,crop_rice,33.1,,25.1,89.52,1560.59,127,maturity,0.0,False
2023-05-08 21:00:00,crop_rice,17.37,,28.04,88.32,372.78,127,vegetative,0.0,False
2023-05-09 03:30:00,crop_rice,60.92,,33.0,85.67,821.36,128,maturity,0.0,False
2023-05-09 08:00:00,crop_rice,11.72,,32.37,71.22,2194.81,128,flowering,0.0,False
2023-05-09 09:00:00,crop_rice,50.35,,39.48,47.46,1043.45,128,vegetative,0.0,False
2023-05-09 09:30:00,crop_rice,15.77,,31.34,93.16,775.19,128,maturity,0.0,False
2023-05-09 12:00:00,crop_rice,57.37,,25.51,75.41,550.15,128,flowering,0.0,False
2023-05-09 13:30:00,crop_rice,40.75,,17.69,56.47,715.82,128,vegetative,0.0,False
2023-05-09 14:30:00,crop_rice,17.74,,40.89,73.99,2305.59,128,flowering,0.0,False
2023-05-09 16:00:00,crop_rice,10.81,,38.96,76.86,1877.72,128,maturity,0.0,False
2023-05-10 00:30:00,crop_rice,40.02,,25.36,69.7,743.46,128,vegetative,0.0,False
2023-05-10 01:00:00,crop_rice,54.1,,32.49,34.05,2486.29,128,maturity,0.0,False
2023-05-10 06:30:00,crop_rice,13.16,,17.54,63.68,2442.87,129,vegetative,0.0,False
2023-05-10 09:30:00,crop_rice,41.21,,39.02,28.95,1274.59,129,flowering,0.0,False
2023-05-10 10:30:00,crop_rice,54.17,,31.82,31.3,1925.84,129,vegetative,0.0,False
2023-05-10 14:00:00,crop_rice,25.22,,18.52,32.88,1153.64,129,maturity,0.0,False
2023-05-10 16:30:00,crop_rice,62.37,,12.38,89.55,2079.71,129,flowering,0.0,False
2023-05-10 18:30:00,crop_rice,44.91,,19.25,57.51,629.44,129,maturity,0.0,False
2023-05-10 22:00:00,crop_rice,47.32,,17.44,77.69,790.13,129,maturity,0.0,False
2023-05-11 00:30:00,crop_rice,30.25,,15.15,61.07,2265.68,129,maturity,0.0,False
2023-05-11 01:30:00,crop_rice,28.08,,22.17,73.69,1467.62,129,maturity,0.0,False
2023-05-11 02:30:00,crop_rice,62.09,,21.98,35.83,851.45,130,flowering,0.0,False
2023-05-11 07:30:00,crop_rice,13.26,,13.74,92.94,1100.05,130,maturity,0.0,False
2023-05-11 10:30:00,crop_rice,29.25,,20.09,70.71,674.93,130,flowering,0.0,False
2023-05-11 11:00:00,crop_rice,61.12,,31.55,39.67,638.59,130,flowering,0.0,False
2023-05-11 13:30:00,crop_rice,48.61,,16.94,27.71,2251.49,130,maturity,0.0,False
2023-05-11 19:30:00,crop_rice,19.87,,35.25,49.6,1986.74,130,flowering,0.0,False
2023-05-11 20:30:00,crop_rice,48.57,,34.78,75.81,86.03,130,maturity,0.0,False
2023-05-12 03:00:00,crop_rice,53.99,,28.35,82.99,1158.84,131,maturity,0.0,False
2023-05-12 05:00:00,crop_rice,32.72,,40.45,41.12,1408.3,131,flowering,0.0,False
2023-05-12 06:00:00,crop_rice,36.71,,17.31,62.15,924.24,131,maturity,0.0,False
2023-05-12 08:00:00,crop_rice,13.76,,20.29,77.48,1207.57,131,vegetative,0.0,False
2023-05-12 14:00:00,crop_rice,21.23,,33.41,65.08,588.22,131,maturity,0.0,False
2023-05-12 15:30:00,crop_rice,27.66,,12.4,92.1,1105.45,131,flowering,0.0,False
2023-05-12 18:30:00,crop_rice,38.26,,17.17,92.8,147.41,131,maturity,0.0,False
2023-05-12 20:00:00,crop_rice,37.18,,38.42,58.29,2323.99,131,flowering,0.0,False
2023-05-12 22:00:00,crop_rice,21.26,,17.98,28.98,998.6,131,maturity,0.0,False
2023-05-12 22:30:00,crop_rice,45.75,,19.21,47.62,662.73,131,vegetative,0.0,False
2023-05-13 05:00:00,crop_rice,55.28,,30.49,47.73,82.32,132,vegetative,0.0,False
2023-05-13 09:30:00,crop_rice,16.49,,40.43,39.18,2362.92,132,maturity,0.0,False
2023-05-13 15:00:00,crop_rice,39.23,,16.45,49.59,1458.58,132,maturity,0.0,False
2023-05-13 17:00:00,crop_rice,38.14,,15.1,27.88,583.59,132,vegetative,0.0,False
2023-05-14 01:00:00,crop_rice,56.14,,37.6,42.47,400.16,132,maturity,0.0,False
2023-05-14 03:30:00,crop_rice,10.45,,14.92,70.55,2198.91,133,vegetative,0.0,False
2023-05-14 07:30:00,crop_rice,49.21,,40.18,63.05,328.08,133,maturity,0.0,False
2023-05-14 09:30:00,crop_rice,38.13,,41.12,65.06,209.7,133,maturity,0.0,False
2023-05-14 14:00:00,crop_rice,49.77,,21.8,54.45,2225.8,133,vegetative,0.0,False
2023-05-14 17:00:00,crop_rice,14.97,,18.44,55.25,907.81,133,flowering,0.0,False
2023-05-14 17:30:00,crop_rice,38.94,,24.78,56.39,1831.89,133,flowering,0.0,False
2023-05-14 18:00:00,crop_rice,53.06,,30.41,89.09,2115.38,133,vegetative,0.0,False
2023-05-14 18:30:00,crop_rice,19.47,,32.03,33.95,2135.99,133,vegetative,0.0,False
2023-05-14 20:30:00,crop_rice,52.38,,29.0,52.52,30.45,133,vegetative,0.0,False
2023-05-15 00:30:00,crop_rice,28.48,,31.83,47.41,1488.64,133,maturity,0.0,False
2023-05-15 01:00:00,crop_rice,26.55,,38.87,82.37,1353.78,133,maturity,0.0,False
2023-05-15 03:00:00,crop_rice,25.71,,12.34,67.51,1639.81,134,flowering,0.0,False
2023-05-15 04:00:00,crop_rice,35.1,,33.26,43.51,1354.2,134,maturity,0.0,False
2023-05-15 06:30:00,crop_rice,25.13,,37.82,72.27,1871.04,134,vegetative,0.0,False
2023-05-15 10:30:00,crop_rice,55.4,,18.8,54.95,2175.75,134,flowering,0.0,False
2023-05-15 13:00:00,crop_rice,45.77,,34.8,50.46,137.82,134,vegetative,0.0,False
2023-05-15 15:00:00,crop_rice,51.68,,15.5,71.01,2230.79,134,maturity,0.0,False
2023-05-15 16:00:00,crop_rice,22.87,,36.66,88.52,614.21,134,maturity,0.0,False
2023-05-15 18:30:00,crop_rice,32.35,,22.59,83.45,545.65,134,maturity,0.0,False
2023-05-15 19:30:00,crop_rice,11.76,,41.45,46.8,2374.11,134,flowering,0.0,False
2023-05-15 23:00:00,crop_rice,9.2,,33.24,75.43,505.87,134,maturity,0.0,False
2023-05-15 23:30:00,crop_rice,23.56,,35.65,76.61,464.32,134,flowering,0.0,False
2023-05-16 00:30:00,crop_rice,19.28,,31.69,51.75,2264.62,134,maturity,0.0,False
2023-05-16 02:00:00,crop_rice,58.99,,40.64,36.37,310.75,134,maturity,0.0,False
2023-05-16 03:00:00,crop_rice,43.23,,17.08,93.13,1321.84,135,maturity,0.0,False
2023-05-16 03:30:00,crop_rice,11.01,,40.42,61.78,1165.71,135,maturity,0.0,False
2023-05-16 05:30:00,crop_rice,52.42,,30.83,67.33,2316.63,135,maturity,0.0,False
2023-05-16 06:00:00,crop_rice,49.37,,21.73,37.29,1186.15,135,flowering,0.0,False
2023-05-16 09:00:00,crop_rice,18.23,,39.96,56.64,1248.2,135,maturity,0.0,False
2023-05-16 09:30:00,crop_rice,59.58,,19.66,57.44,2203.65,135,maturity,0.0,False
2023-05-16 10:30:00,crop_rice,15.42,,26.11,50.78,1600.36,135,vegetative,0.0,False
2023-05-16 18:30:00,crop_rice,16.02,,29.85,33.12,2150.77,135,flowering,0.0,False
2023-05-16 19:30:00,crop_rice,57.19,,37.5,33.31,447.88,135,vegetative,0.0,False
2023-05-16 22:00:00,crop_rice,40.89,,33.9,68.91,1256.37,135,maturity,0.0,False
2023-05-17 01:30:00,crop_rice,17.09,,41.33,65.52,1985.02,135,vegetative,0.0,False
2023-05-17 10:00:00,crop_rice,39.0,,18.07,63.99,609.88,136,maturity,0.0,False
2023-05-17 10:30:00,crop_rice,46.48,,37.99,91.0,1414.75,136,vegetative,0.0,False
2023-05-17 15:00:00,crop_rice,56.56,,33.39,93.05,2033.54,136,vegetative,0.0,False
2023-05-17 16:00:00,crop_rice,50.64,,14.77,73.15,1823.56,136,vegetative,0.0,False
2023-05-17 17:00:00,crop_rice,32.19,,36.46,75.32,2356.58,136,maturity,0.0,False
2023-05-18 01:30:00,crop_rice,13.17,,27.27,78.35,605.03,136,vegetative,0.0,False
2023-05-18 02:00:00,crop_rice,61.01,,17.37,75.62,1156.39,136,maturity,0.0,False
2023-05-18 06:30:00,crop_rice,18.46,,25.36,27.53,1705.48,137,maturity,0.0,False
2023-05-18 11:00:00,crop_rice,63.65,,30.92,78.65,1930.86,137,maturity,0.0,False
2023-05-18 12:30:00,crop_rice,57.44,,38.75,55.24,2185.75,137,maturity,0.0,False
2023-05-18 17:00:00,crop_rice,47.91,,36.06,89.88,23.57,137,flowering,0.0,False
2023-05-18 18:30:00,crop_rice,57.1,,20.12,45.59,2113.36,137,maturity,0.0,False
2023-05-18 19:30:00,crop_rice,25.99,,22.83,51.62,1175.33,137,vegetative,0.0,False
2023-05-18 20:00:00,crop_rice,28.25,,14.02,63.95,2402.73,137,maturity,0.0,False
2023-05-18 21:00:00,crop_rice,8.9,,15.85,42.62,339.54,137,vegetative,0.0,False
2023-05-19 01:00:00,crop_rice,55.23,,41.55,83.34,1241.47,137,maturity,0.0,False
2023-05-19 03:30:00,crop_rice,49.69,,18.51,74.41,498.09,138,flowering,0.0,False
2023-05-19 12:30:00,crop_rice,49.1,,37.58,91.51,1214.25,138,maturity,0.0,False
2023-05-19 13:30:00,crop_rice,46.23,,34.06,31.66,1995.93,138,maturity,0.0,False
2023-05-19 15:30:00,crop_rice,12.96,,14.4,30.96,782.4,138,flowering,0.0,False
2023-05-19 21:30:00,crop_rice,46.57,,31.56,35.04,802.29,138,vegetative,0.0,False
2023-05-20 06:00:00,crop_rice,18.27,,39.64,48.33,2082.56,139,maturity,0.0,False
2023-05-20 15:30:00,crop_rice,28.7,,38.1,85.19,1140.96,139,flowering,0.0,False
2023-05-20 16:30:00,crop_rice,50.88,,26.64,65.35,371.94,139,vegetative,0.0,False
2023-05-20 17:30:00,crop_rice,25.51,,22.49,60.94,1652.69,139,maturity,0.0,False
2023-05-20 19:30:00,crop_rice,30.43,,41.94,36.48,856.39,139,flowering,0.0,False
2023-05-20 21:30:00,crop_rice,19.79,,19.09,48.23,1606.53,139,maturity,0.0,False
2023-05-21 00:00:00,crop_rice,39.05,,23.81,73.42,1940.56,139,flowering,0.0,False
2023-05-21 03:30:00,crop_rice,59.85,,22.7,77.33,2466.81,140,maturity,0.0,False
2023-05-21 05:30:00,crop_rice,64.39,,17.54,28.92,2030.46,140,flowering,0.0,False
2023-05-21 09:30:00,crop_rice,13.98,,15.33,27.53,70.7,140,maturity,0.0,False
2023-05-21 10:30:00,crop_rice,24.67,,39.34,35.68,653.59,140,maturity,0.0,False
2023-05-21 11:30:00,crop_rice,39.47,,19.56,67.19,921.57,140,vegetative,0.0,False
2023-05-21 14:00:00,crop_rice,13.89,,31.54,85.87,2327.28,140,maturity,0.0,False
2023-05-21 14:30:00,crop_rice,22.86,,27.58,43.22,65.28,140,maturity,0.0,False
2023-05-21 16:30:00,crop_rice,19.16,,34.17,64.1,745.86,140,vegetative,0.0,False
2023-05-21 18:30:00,crop_rice,52.46,,40.73,43.09,1201.28,140,maturity,0.0,False
2023-05-21 23:30:00,crop_rice,52.16,,26.55,93.54,1086.26,140,vegetative,0.0,False
2023-05-22 08:00:00,crop_rice,49.58,,25.44,63.28,2192.11,141,maturity,0.0,False
2023-05-22 12:30:00,crop_rice,55.65,,27.45,75.45,1114.67,141,flowering,0.0,False
2023-05-22 18:30:00,crop_rice,13.91,,39.64,31.22,1173.19,141,maturity,0.0,False
2023-05-22 19:00:00,crop_rice,8.16,,24.36,36.52,675.39,141,maturity,0.0,False
2023-05-22 20:30:00,crop_rice,20.54,,20.62,62.32,542.78,141,vegetative,0.0,False
2023-05-22 23:00:00,crop_rice,42.65,,37.77,83.06,1631.64,141,vegetative,0.0,False
2023-05-23 06:30:00,crop_rice,22.02,,40.79,66.67,1865.97,142,flowering,0.0,False
2023-05-23 08:00:00,crop_rice,28.68,,32.77,65.28,253.14,142,vegetative,0.0,False
2023-05-23 09:30:00,crop_rice,63.57,,40.06,54.93,1546.38,142,vegetative,0.0,False
2023-05-23 10:00:00,crop_rice,47.51,,23.72,34.4,875.07,142,maturity,0.0,False
2023-05-23 10:30:00,crop_rice,31.16,,21.41,28.69,2157.11,142,vegetative,0.0,False
2023-05-23 18:30:00,crop_rice,25.29,,24.45,38.03,2462.63,142,vegetative,0.0,False
2023-05-23 19:30:00,crop_rice,59.08,,20.81,46.55,75.28,142,vegetative,0.0,False
2023-05-24 03:00:00,crop_rice,42.04,,26.51,76.33,2479.86,143,maturity,0.0,False
2023-05-24 06:30:00,crop_rice,53.05,,26.5,74.29,595.35,143,flowering,0.0,False
2023-05-24 07:30:00,crop_rice,16.48,,16.5,60.73,1295.45,143,vegetative,0.0,False
2023-05-24 08:30:00,crop_rice,40.35,,16.0,35.24,226.7,143,maturity,0.0,False
2023-05-24 10:00:00,crop_rice,16.29,,25.1,28.69,283.17,143,vegetative,0.0,False
2023-05-24 11:30:00,crop_rice,47.92,,26.51,66.23,1148.78,143,maturity,0.0,False
2023-05-24 16:30:00,crop_rice,10.36,,23.51,35.72,483.38,143,maturity,0.0,False
2023-05-24 17:00:00,crop_rice,13.8,,36.18,88.79,618.57,143,flowering,0.0,False
2023-05-24 19:30:00,crop_rice,33.41,,23.43,61.51,1559.53,143,maturity,0.0,False
2023-05-24 21:30:00,crop_rice,21.86,,38.05,44.78,777.61,143,flowering,0.0,False
2023-05-24 22:00:00,crop_rice,27.52,,29.04,93.11,840.49,143,vegetative,0.0,False
2023-05-24 22:30:00,crop_rice,53.41,,26.93,44.92,2018.56,143,flowering,0.0,False
2023-05-24 23:30:00,crop_rice,22.45,,15.91,46.03,1332.35,143,vegetative,0.0,False
2023-05-25 01:30:00,crop_rice,33.03,,36.58,68.34,1398.68,143,vegetative,0.0,False
2023-05-25 02:30:00,crop_rice,60.87,,30.14,94.51,1352.21,144,maturity,0.0,False
2023-05-25 03:30:00,crop_rice,33.19,,38.72,74.22,752.09,144,maturity,0.0,False
2023-05-25 05:30:00,crop_rice,12.29,,19.0,78.96,1913.13,144,maturity,0.0,False
2023-05-25 07:00:00,crop_rice,10.79,,25.92,80.69,51.82,144,flowering,0.0,False
2023-05-25 13:00:00,crop_rice,50.56,,36.37,94.9,482.48,144,maturity,0.0,False
2023-05-25 15:30:00,crop_rice,27.77,,27.92,92.32,1553.56,144,flowering,0.0,False
2023-05-25 20:00:00,crop_rice,42.75,,37.87,94.56,1013.21,144,maturity,0.0,False
2023-05-25 21:00:00,crop_rice,41.19,,12.95,38.66,2124.46,144,vegetative,0.0,False
2023-05-25 23:30:00,crop_rice,64.17,,28.37,71.21,1111.53,144,maturity,0.0,False
2023-05-26 00:30:00,crop_rice,32.43,,22.97,43.63,2323.51,144,vegetative,0.0,False
2023-05-26 03:00:00,crop_rice,33.91,,23.51,38.61,1276.71,145,vegetative,0.0,False
2023-05-26 04:00:00,crop_rice,60.27,,21.74,94.56,1970.72,145,flowering,0.0,False
2023-05-26 05:00:00,crop_rice,21.84,,28.21,85.88,1930.94,145,flowering,0.0,False
2023-05-26 05:30:00,crop_rice,42.65,,18.26,30.47,923.39,145,vegetative,0.0,False
2023-05-26 08:00:00,crop_rice,19.42,,28.47,41.09,1353.15,145,maturity,0.0,False
2023-05-26 10:30:00,crop_rice,31.97,,20.06,59.25,2302.08,145,maturity,0.0,False
2023-05-26 12:30:00,crop_rice,60.47,,37.19,33.52,2293.37,145,vegetative,0.0,False
2023-05-26 16:00:00,crop_rice,31.61,,36.55,92.18,649.37,145,flowering,0.0,False
2023-05-26 16:30:00,crop_rice,27.84,,27.55,32.78,891.96,145,vegetative,0.0,False
2023-05-26 17:30:00,crop_rice,34.11,,40.19,41.11,2146.1,145,flowering,0.0,False
2023-05-26 22:30:00,crop_rice,35.02,,31.06,67.5,1152.88,145,maturity,0.0,False
2023-05-27 06:00:00,crop_rice,50.44,,27.97,57.56,1899.19,146,maturity,0.0,False
2023-05-27 07:00:00,crop_rice,35.7,,40.25,45.92,1981.39,146,maturity,0.0,False
2023-05-27 10:00:00,crop_rice,53.44,,14.89,66.82,1093.6,146,maturity,0.0,False
2023-05-27 12:00:00,crop_rice,46.83,,18.37,92.05,493.24,146,maturity,0.0,False
2023-05-27 15:30:00,crop_rice,41.35,,34.0,85.16,2390.86,146,flowering,0.0,False
2023-05-27 18:30:00,crop_rice,16.19,,32.43,91.73,1681.45,146,flowering,0.0,False
2023-05-27 20:30:00,crop_rice,12.33,,30.08,89.12,1462.02,146,maturity,0.0,False
2023-05-27 21:00:00,crop_rice,53.69,,15.8,43.66,1548.52,146,maturity,0.0,False
2023-05-28 00:00:00,crop_rice,24.19,,34.13,30.23,1884.78,146,maturity,0.0,False
2023-05-28 02:30:00,crop_rice,29.57,,38.06,78.74,1003.01,147,maturity,0.0,False
2023-05-28 06:00:00,crop_rice,60.48,,30.02,30.8,2351.41,147,maturity,0.0,False
2023-05-28 07:30:00,crop_rice,57.04,,41.09,77.19,1376.61,147,vegetative,0.0,False
2023-05-28 11:00:00,crop_rice,56.35,,32.61,61.87,1749.88,147,maturity,0.0,False
2023-05-28 12:30:00,crop_rice,43.17,,38.17,63.78,785.6,147,flowering,0.0,False
2023-05-28 18:30:00,crop_rice,23.35,,22.29,53.61,1810.65,147,maturity,0.0,False
2023-05-28 19:00:00,crop_rice,57.14,,37.62,31.89,613.34,147,flowering,0.0,False
2023-05-29 00:00:00,crop_rice,12.69,,13.37,75.56,362.49,147,maturity,0.0,False
2023-05-29 02:00:00,crop_rice,45.23,,13.22,59.18,1471.25,147,flowering,0.0,False
2023-05-29 05:30:00,crop_rice,63.54,,25.66,69.94,916.39,148,maturity,0.0,False
2023-05-29 07:30:00,crop_rice,54.31,,14.13,26.35,1875.14,148,maturity,0.0,False
2023-05-29 09:30:00,crop_rice,52.35,,37.51,64.75,1924.41,148,maturity,0.0,False
2023-05-29 21:30:00,crop_rice,42.29,,37.99,79.08,255.03,148,maturity,0.0,False
2023-05-30 00:30:00,crop_rice,17.41,,29.58,66.83,411.89,148,maturity,0.0,False
2023-05-30 03:30:00,crop_rice,47.79,,38.23,55.97,2483.89,149,flowering,0.0,False
2023-05-30 04:00:00,crop_rice,30.56,,17.45,86.11,433.15,149,maturity,0.0,False
2023-05-30 10:00:00,crop_rice,20.8,,36.78,54.17,1420.87,149,maturity,0.0,False
2023-05-30 11:30:00,crop_rice,44.54,,30.42,89.91,1969.84,149,maturity,0.0,False
2023-05-30 13:00:00,crop_rice,57.34,,32.77,44.54,1864.43,149,maturity,0.0,False
2023-05-30 14:00:00,crop_rice,61.05,,37.33,37.64,918.67,149,vegetative,0.0,False
2023-05-30 15:00:00,crop_rice,27.4,,17.22,61.95,728.66,149,maturity,0.0,False
2023-05-30 19:30:00,crop_rice,18.54,,22.68,75.88,608.34,149,maturity,0.0,False
2023-05-30 20:30:00,crop_rice,23.02,,24.16,39.16,864.83,149,vegetative,0.0,False
2023-05-31 01:00:00,crop_rice,15.18,,33.53,43.39,1137.3,149,vegetative,0.0,False
2023-05-31 01:30:00,crop_rice,55.64,,41.68,86.88,1376.6,149,maturity,0.0,False
2023-05-31 08:00:00,crop_rice,11.34,,23.86,80.33,2113.21,150,vegetative,0.0,False
2023-05-31 10:30:00,crop_rice,50.3,,33.64,44.62,1630.59,150,maturity,0.0,False
2023-05-31 12:00:00,crop_rice,28.0,,24.18,70.5,381.81,150,maturity,0.0,False
2023-05-31 15:00:00,crop_rice,31.76,,29.78,44.24,2496.56,150,maturity,0.0,False
2023-05-31 17:00:00,crop_rice,16.44,,21.33,76.82,423.29,150,flowering,0.0,False
2023-05-31 17:30:00,crop_rice,44.24,,21.16,25.6,1847.48,150,vegetative,0.0,False
2023-06-01 02:00:00,crop_rice,43.03,,13.27,63.0,921.16,150,maturity,0.0,False
2023-06-01 04:00:00,crop_rice,52.74,,32.74,85.25,468.92,151,maturity,0.0,False
2023-06-01 06:00:00,crop_rice,56.4,,17.76,88.49,1152.11,151,maturity,0.0,False
2023-06-01 07:30:00,crop_rice,8.87,,25.76,66.35,822.95,151,flowering,0.0,False
2023-06-01 14:30:00,crop_rice,64.84,,41.73,40.34,1715.04,151,flowering,0.0,False
2023-06-01 17:00:00,crop_rice,58.63,,36.9,30.3,2066.24,151,maturity,0.0,False
2023-06-01 19:00:00,crop_rice,54.99,,23.96,45.65,18.34,151,vegetative,0.0,False
2023-06-01 22:30:00,crop_rice,15.26,,30.62,73.27,2124.92,151,maturity,0.0,False
2023-06-01 23:30:00,crop_rice,17.08,,22.02,61.57,2199.58,151,flowering,0.0,False
2023-06-02 01:00:00,crop_rice,19.62,,36.62,88.06,1654.78,151,maturity,0.0,False
2023-06-02 02:30:00,crop_rice,53.2,,18.88,48.66,2405.91,152,maturity,0.0,False
2023-06-02 06:00:00,crop_rice,63.56,,15.17,45.85,1083.86,152,maturity,0.0,False
2023-06-02 08:30:00,crop_rice,37.3,,35.08,94.19,808.85,152,vegetative,0.0,False
2023-06-02 16:00:00,crop_rice,8.97,,15.11,50.85,823.21,152,flowering,0.0,False
2023-06-02 19:00:00,crop_rice,63.86,,18.05,86.43,1446.51,152,maturity,0.0,False
2023-06-02 20:30:00,crop_rice,17.03,,20.88,26.4,458.89,152,flowering,0.0,False
2023-06-03 00:00:00,crop_rice,22.87,,19.18,29.53,503.35,152,flowering,0.0,False
2023-06-03 04:30:00,crop_rice,59.8,,33.02,75.92,159.52,153,maturity,0.0,False
2023-06-03 12:00:00,crop_rice,58.38,,17.24,59.72,1294.37,153,maturity,0.0,False
2023-06-03 13:00:00,crop_rice,10.29,,26.63,32.13,1445.58,153,maturity,0.0,False
2023-06-03 15:00:00,crop_rice,56.84,,40.12,92.08,957.12,153,maturity,0.0,False
2023-06-03 19:30:00,crop_rice,63.2,,23.45,93.48,538.45,153,vegetative,0.0,False
2023-06-03 22:00:00,crop_rice,61.51,,15.21,72.82,1800.81,153,maturity,0.0,False
2023-06-04 07:30:00,crop_rice,39.55,,34.8,75.85,2232.45,154,maturity,0.0,False
2023-06-04 08:00:00,crop_rice,12.44,,20.76,58.12,816.13,154,maturity,0.0,False
2023-06-04 08:30:00,crop_rice,38.01,,30.74,83.14,1805.71,154,vegetative,0.0,False
2023-06-04 11:00:00,crop_rice,62.19,,21.94,75.28,1098.84,154,maturity,0.0,False
2023-06-04 11:30:00,crop_rice,16.44,,15.89,30.38,2198.91,154,flowering,0.0,False
2023-06-04 12:30:00,crop_rice,44.72,,21.95,27.45,1502.24,154,vegetative,0.0,False
2023-06-04 19:00:00,crop_rice,38.31,,29.92,86.23,22.27,154,maturity,0.0,False
2023-06-04 21:00:00,crop_rice,11.03,,21.3,89.39,1866.46,154,maturity,0.0,False
2023-06-04 22:30:00,crop_rice,64.78,,40.25,73.43,2350.6,154,maturity,0.0,False
2023-06-05 00:00:00,crop_rice,42.37,,15.19,61.26,460.58,154,vegetative,0.0,False
2023-06-05 01:00:00,crop_rice,20.69,,30.37,30.3,22.27,154,vegetative,0.0,False
2023-06-05 05:00:00,crop_rice,24.22,,41.03,43.16,423.07,155,vegetative,0.0,False
2023-06-05 05:30:00,crop_rice,31.94,,16.43,29.79,1477.99,155,flowering,0.0,False
2023-06-05 08:00:00,crop_rice,23.67,,31.4,81.73,1689.81,155,vegetative,0.0,False
2023-06-05 11:30:00,crop_rice,27.23,,12.65,51.42,2429.28,155,maturity,0.0,False
2023-06-05 12:30:00,crop_rice,9.25,,17.42,31.28,2461.62,155,maturity,0.0,False
2023-06-05 22:30:00,crop_rice,45.04,,36.88,70.36,2103.28,155,maturity,0.0,False
2023-06-06 00:00:00,crop_rice,53.39,,29.31,75.48,1269.95,155,maturity,0.0,False
2023-06-06 00:30:00,crop_rice,59.56,,41.34,53.5,1290.53,155,maturity,0.0,False
2023-06-06 04:30:00,crop_rice,63.61,,14.93,88.49,231.47,156,flowering,0.0,False
2023-06-06 11:30:00,crop_rice,28.8,,31.23,93.77,1962.3,156,maturity,0.0,False
2023-06-06 13:30:00,crop_rice,58.12,,18.96,84.48,1555.23,156,flowering,0.0,False
2023-06-06 14:30:00,crop_rice,52.79,,21.37,37.15,2332.5,156,vegetative,0.0,False
2023-06-06 16:00:00,crop_rice,34.02,,22.44,40.76,1183.45,156,flowering,0.0,False
2023-06-06 21:00:00,crop_rice,18.16,,32.04,43.48,810.54,156,flowering,0.0,False
2023-06-06 21:30:00,crop_rice,41.46,,30.12,55.13,1893.67,156,maturity,0.0,False
2023-06-07 00:00:00,crop_rice,26.99,,23.94,41.98,1608.39,156,vegetative,0.0,False
2023-06-07 01:30:00,crop_rice,8.62,,33.06,76.08,384.71,156,flowering,0.0,False
2023-06-07 12:30:00,crop_rice,39.21,,30.95,82.34,1742.35,157,flowering,0.0,False
2023-06-07 15:00:00,crop_rice,10.19,,30.5,39.97,1877.06,157,maturity,0.0,False
2023-06-07 17:30:00,crop_rice,64.1,,22.32,39.9,243.29,157,maturity,0.0,False
2023-06-07 19:00:00,crop_rice,23.89,,20.53,42.54,1338.04,157,vegetative,0.0,False
2023-06-07 20:00:00,crop_rice,27.12,,25.89,51.08,1993.06,157,flowering,0.0,False
2023-06-07 23:30:00,crop_rice,52.28,,17.62,76.32,145.64,157,maturity,0.0,False
2023-06-08 03:30:00,crop_rice,64.78,,31.68,26.34,377.75,158,maturity,0.0,False
2023-06-08 07:00:00,crop_rice,49.37,,38.46,48.5,302.64,158,maturity,0.0,False
2023-06-08 10:30:00,crop_rice,63.63,,17.45,31.17,2201.02,158,maturity,0.0,False
2023-06-08 11:00:00,crop_rice,55.18,,16.54,40.52,259.36,158,maturity,0.0,False
2023-06-08 12:30:00,crop_rice,19.66,,18.23,40.4,1371.21,158,maturity,0.0,False
2023-06-08 13:00:00,crop_rice,36.71,,28.36,57.62,830.3,158,flowering,0.0,False
2023-06-08 14:00:00,crop_rice,52.14,,19.45,32.02,1682.07,158,flowering,0.0,False
2023-06-08 14:30:00,crop_rice,8.03,,39.2,85.34,96.07,158,maturity,0.0,False
2023-06-08 18:30:00,crop_rice,61.61,,23.15,42.84,2491.82,158,vegetative,0.0,False
2023-06-08 20:00:00,crop_rice,11.95,,34.36,89.02,401.79,158,vegetative,0.0,False
2023-06-08 22:00:00,crop_rice,47.34,,35.86,59.62,843.93,158,flowering,0.0,False
2023-06-08 22:30:00,crop_rice,11.48,,29.55,53.58,1918.02,158,maturity,0.0,False
2023-06-09 00:30:00,crop_rice,61.38,,40.92,52.81,1054.39,158,maturity,0.0,False
2023-06-09 06:00:00,crop_rice,49.0,,12.02,49.51,1336.32,159,flowering,0.0,False
2023-06-09 06:30:00,crop_rice,9.14,,31.18,89.18,1166.54,159,maturity,0.0,False
2023-06-09 08:00:00,crop_rice,45.84,,19.73,49.36,2480.3,159,vegetative,0.0,False
2023-06-09 09:00:00,crop_rice,11.4,,14.33,59.55,575.47,159,maturity,0.0,False
2023-06-09 13:30:00,crop_rice,34.04,,18.37,67.84,48.71,159,maturity,0.0,False
2023-06-09 16:30:00,crop_rice,20.3,,29.6,81.61,258.68,159,maturity,0.0,False
2023-06-09 18:30:00,crop_rice,27.77,,35.94,87.83,2467.04,159,vegetative,0.0,False
2023-06-09 19:30:00,crop_rice,52.5,,34.62,86.94,622.62,159,vegetative,0.0,False
2023-06-09 23:30:00,crop_rice,52.38,,39.48,56.06,1259.59,159,maturity,0.0,False
2023-06-10 03:30:00,crop_rice,19.23,,26.1,31.87,669.42,160,vegetative,0.0,False
2023-06-10 12:00:00,crop_rice,51.82,,18.56,69.14,357.75,160,maturity,0.0,False
2023-06-10 16:30:00,crop_rice,60.03,,25.49,65.41,1545.35,160,flowering,0.0,False
2023-06-10 18:30:00,crop_rice,22.54,,22.3,45.43,288.46,160,maturity,0.0,False
2023-06-11 03:30:00,crop_rice,9.57,,22.36,58.63,471.56,161,maturity,0.0,False
2023-06-11 04:30:00,crop_rice,17.66,,29.71,68.24,1301.51,161,flowering,0.0,False
2023-06-11 06:30:00,crop_rice,13.64,,30.73,67.62,1281.35,161,maturity,0.0,False
2023-06-11 07:30:00,crop_rice,42.86,,32.27,75.68,2019.47,161,maturity,0.0,False
2023-06-11 12:30:00,crop_rice,53.47,,28.55,52.56,1786.01,161,flowering,0.0,False
2023-06-11 15:30:00,crop_rice,44.14,,39.06,78.79,281.3,161,flowering,0.0,False
2023-06-12 01:30:00,crop_rice,48.35,,13.32,40.57,153.65,161,flowering,0.0,False
2023-06-12 04:00:00,crop_rice,24.8,,22.19,85.28,1362.84,162,vegetative,0.0,False
2023-06-12 06:30:00,crop_rice,60.82,,23.79,45.87,127.49,162,vegetative,0.0,False
2023-06-12 10:30:00,crop_rice,8.52,,33.55,65.71,2379.85,162,maturity,0.0,False
2023-06-12 11:00:00,crop_rice,53.17,,32.05,33.89,1761.44,162,flowering,0.0,False
2023-06-12 13:30:00,crop_rice,47.06,,34.81,52.77,1981.85,162,flowering,0.0,False
2023-06-12 16:30:00,crop_rice,53.4,,12.93,69.71,113.17,162,vegetative,0.0,False
2023-06-12 20:00:00,crop_rice,34.85,,35.47,52.35,592.02,162,vegetative,0.0,False
2023-06-12 22:30:00,crop_rice,47.32,,35.19,87.68,1867.4,162,flowering,0.0,False
2023-06-12 23:30:00,crop_rice,50.67,,37.82,32.36,75.04,162,maturity,0.0,False
2023-06-13 00:30:00,crop_rice,61.67,,15.77,63.91,525.74,162,maturity,0.0,False
2023-06-13 02:30:00,crop_rice,50.15,,24.9,64.35,844.97,163,flowering,0.0,False
2023-06-13 13:30:00,crop_rice,9.72,,18.48,67.08,1806.88,163,vegetative,0.0,False
2023-06-13 23:00:00,crop_rice,32.83,,26.85,88.38,2053.9,163,maturity,0.0,False
2023-06-13 23:30:00,crop_rice,42.74,,23.92,47.36,2374.99,163,vegetative,0.0,False
2023-06-14 00:00:00,crop_rice,46.53,,18.17,53.53,1298.14,163,flowering,0.0,False
2023-06-14 02:30:00,crop_rice,47.63,,28.63,84.24,2126.15,164,maturity,0.0,False
2023-06-14 04:30:00,crop_rice,47.15,,19.72,66.89,2162.43,164,flowering,0.0,False
2023-06-14 05:30:00,crop_rice,57.47,,32.61,52.74,919.82,164,maturity,0.0,False
2023-06-14 06:30:00,crop_rice,52.41,,13.07,38.47,386.13,164,vegetative,0.0,False
2023-06-14 10:00:00,crop_rice,45.26,,35.69,30.44,110.68,164,flowering,0.0,False
2023-06-14 13:00:00,crop_rice,8.51,,13.29,80.78,353.79,164,maturity,0.0,False
2023-06-14 16:30:00,crop_rice,54.13,,26.12,80.21,85.26,164,vegetative,0.0,False
2023-06-14 19:30:00,crop_rice,27.23,,12.7,32.51,1531.23,164,flowering,0.0,False
2023-06-14 22:00:00,crop_rice,63.61,,12.05,36.38,1447.89,164,flowering,0.0,False
2023-06-15 05:00:00,crop_rice,45.95,,32.51,40.4,44.92,165,flowering,0.0,False
2023-06-15 06:00:00,crop_rice,57.93,,25.77,44.97,1173.06,165,flowering,0.0,False
2023-06-15 08:30:00,crop_rice,53.45,,23.24,41.42,314.25,165,maturity,0.0,False
2023-06-15 16:00:00,crop_rice,44.99,,33.09,46.14,2209.04,165,maturity,0.0,False
2023-06-15 22:30:00,crop_rice,14.07,,17.5,64.01,698.03,165,maturity,0.0,False
2023-06-16 02:00:00,crop_rice,11.44,,29.25,46.77,1979.11,165,maturity,0.0,False
2023-06-16 05:00:00,crop_rice,48.45,,33.87,72.86,1791.82,166,vegetative,0.0,False
2023-06-17 06:30:00,crop_rice,16.1,,29.65,52.11,168.79,167,maturity,0.0,False
2023-06-17 12:00:00,crop_rice,63.04,,22.28,42.83,875.72,167,vegetative,0.0,False
2023-06-17 15:00:00,crop_rice,35.28,,34.21,80.02,2474.68,167,flowering,0.0,False
2023-06-17 16:30:00,crop_rice,61.0,,26.15,25.32,1945.49,167,maturity,0.0,False
2023-06-17 18:30:00,crop_rice,47.26,,31.39,34.58,1035.32,167,maturity,0.0,False
2023-06-18 02:30:00,crop_rice,16.1,,14.87,80.98,1072.91,168,maturity,0.0,False
2023-06-18 04:00:00,crop_rice,30.79,,19.23,52.73,1722.81,168,maturity,0.0,False
2023-06-18 16:30:00,crop_rice,48.15,,41.09,59.11,476.16,168,maturity,0.0,False
2023-06-18 19:30:00,crop_rice,16.73,,34.83,92.4,862.12,168,vegetative,0.0,False
2023-06-18 20:30:00,crop_rice,45.39,,34.67,62.2,2249.45,168,maturity,0.0,False
2023-06-18 23:00:00,crop_rice,14.97,,20.29,53.26,719.5,168,vegetative,0.0,False
2023-06-19 17:30:00,crop_rice,30.99,,34.36,26.02,1330.9,169,maturity,0.0,False
2023-06-19 18:00:00,crop_rice,63.61,,18.24,65.29,1434.5,169,maturity,0.0,False
2023-06-19 18:30:00,crop_rice,42.64,,12.41,76.94,976.04,169,maturity,0.0,False
2023-06-20 00:30:00,crop_rice,26.02,,33.91,28.34,604.69,169,maturity,0.0,False
2023-06-20 02:00:00,crop_rice,53.08,,27.09,48.95,816.81,169,vegetative,0.0,False
2023-06-20 02:30:00,crop_rice,61.4,,30.07,54.72,429.6,170,flowering,0.0,False
2023-06-20 04:00:00,crop_rice,17.56,,32.93,59.52,1868.71,170,vegetative,0.0,False
2023-06-20 09:30:00,crop_rice,34.39,,28.0,35.72,2422.11,170,maturity,0.0,False
2023-06-20 15:00:00,crop_rice,50.05,,34.71,38.39,2208.97,170,maturity,0.0,False
2023-06-20 17:30:00,crop_rice,20.82,,34.92,33.63,2064.73,170,maturity,0.0,False
2023-06-20 18:30:00,crop_rice,49.53,,19.09,91.1,1089.1,170,vegetative,0.0,False
2023-06-20 20:30:00,crop_rice,35.19,,38.08,50.57,2295.47,170,vegetative,0.0,False
2023-06-21 00:30:00,crop_rice,46.7,,33.4,38.73,1967.72,170,maturity,0.0,False
2023-06-21 16:00:00,crop_rice,45.72,,17.31,91.36,1529.32,171,maturity,0.0,False
2023-06-21 19:30:00,crop_rice,35.54,,26.81,94.86,125.6,171,maturity,0.0,False
2023-06-21 20:00:00,crop_rice,59.79,,25.5,33.15,865.03,171,vegetative,0.0,False
2023-06-21 23:00:00,crop_rice,12.2,,41.36,62.18,659.77,171,vegetative,0.0,False
2023-06-22 03:00:00,crop_rice,34.33,,23.36,80.34,2389.96,172,flowering,0.0,False
2023-06-22 04:00:00,crop_rice,50.47,,22.35,87.74,1945.76,172,vegetative,0.0,False
2023-06-22 06:00:00,crop_rice,39.49,,39.31,37.74,232.17,172,flowering,0.0,False
2023-06-22 13:30:00,crop_rice,21.72,,16.26,79.97,1831.62,172,maturity,0.0,False
2023-06-22 15:00:00,crop_rice,15.03,,22.09,33.4,2330.03,172,maturity,0.0,False
2023-06-22 15:30:00,crop_rice,34.64,,33.47,89.33,2400.51,172,maturity,0.0,False
2023-06-22 16:00:00,crop_rice,62.07,,19.0,87.92,1275.72,172,maturity,0.0,False
2023-06-22 17:30:00,crop_rice,22.62,,14.76,59.45,1680.85,172,maturity,0.0,False
2023-06-22 19:00:00,crop_rice,60.48,,41.68,29.11,761.71,172,maturity,0.0,False
2023-06-22 20:00:00,crop_rice,44.46,,13.65,47.5,1090.83,172,flowering,0.0,False
2023-06-22 23:30:00,crop_rice,63.22,,24.39,25.22,2213.03,172,vegetative,0.0,False
2023-06-23 09:30:00,crop_rice,47.31,,21.1,89.09,379.03,173,maturity,0.0,False
2023-06-23 14:00:00,crop_rice,50.18,,33.19,51.52,1221.45,173,maturity,0.0,False
2023-06-23 17:30:00,crop_rice,37.17,,35.8,70.04,834.8,173,vegetative,0.0,False
2023-06-23 18:00:00,crop_rice,11.13,,18.09,38.29,1601.13,173,maturity,0.0,False
2023-06-23 19:00:00,crop_rice,59.33,,15.82,72.99,342.21,173,flowering,0.0,False
2023-06-23 22:00:00,crop_rice,26.01,,20.52,87.61,2178.79,173,flowering,0.0,False
2023-06-24 02:30:00,crop_rice,8.09,,29.54,57.6,440.99,174,maturity,0.0,False
2023-06-24 05:30:00,crop_rice,63.39,,23.97,75.73,1977.19,174,maturity,0.0,False
2023-06-24 06:30:00,crop_rice,40.31,,19.83,61.61,1040.6,174,maturity,0.0,False
2023-06-24 08:30:00,crop_rice,42.88,,29.24,73.52,2401.36,174,maturity,0.0,False
2023-06-24 12:30:00,crop_rice,51.71,,26.7,40.7,272.74,174,maturity,0.0,False
2023-06-24 13:00:00,crop_rice,41.34,,13.0,44.47,2085.65,174,maturity,0.0,False
2023-06-24 13:30:00,crop_rice,12.91,,20.58,65.32,1565.09,174,vegetative,0.0,False
2023-06-24 14:00:00,crop_rice,56.37,,22.7,79.69,1276.55,174,maturity,0.0,False
2023-06-24 16:00:00,crop_rice,60.47,,31.01,86.21,2358.69,174,maturity,0.0,False
2023-06-24 17:00:00,crop_rice,14.89,,41.06,68.22,2192.7,174,flowering,0.0,False
2023-06-24 17:30:00,crop_rice,64.3,,17.44,50.05,30.28,174,vegetative,0.0,False
2023-06-24 18:00:00,crop_rice,35.79,,20.27,47.53,2291.2,174,flowering,0.0,False
2023-06-24 22:00:00,crop_rice,30.89,,36.38,85.91,2384.12,174,maturity,0.0,False
2023-06-24 23:30:00,crop_rice,17.54,,41.64,50.85,1287.7,174,maturity,0.0,False
2023-06-25 10:30:00,crop_rice,12.1,,25.81,59.76,1134.1,175,maturity,0.0,False
2023-06-25 11:00:00,crop_rice,32.1,,36.24,25.77,1943.53,175,maturity,0.0,False
2023-06-25 13:30:00,crop_rice,38.05,,29.66,92.72,1296.36,175,maturity,0.0,False
2023-06-25 15:00:00,crop_rice,59.31,,12.55,51.71,2459.95,175,maturity,0.0,False
2023-06-25 20:30:00,crop_rice,55.14,,31.34,28.24,399.38,175,maturity,0.0,False
2023-06-26 00:30:00,crop_rice,18.38,,12.3,61.77,1527.23,175,flowering,0.0,False
2023-06-26 01:00:00,crop_rice,11.2,,41.6,33.14,2011.32,175,vegetative,0.0,False
2023-06-26 03:30:00,crop_rice,26.72,,25.93,57.63,1945.77,176,maturity,0.0,False
2023-06-26 05:30:00,crop_rice,51.94,,21.5,72.42,1321.56,176,maturity,0.0,False
2023-06-26 06:30:00,crop_rice,22.21,,24.82,94.06,593.95,176,maturity,0.0,False
2023-06-26 09:00:00,crop_rice,49.38,,28.38,71.6,1707.19,176,flowering,0.0,False
2023-06-26 10:00:00,crop_rice,58.41,,23.46,82.55,2243.39,176,maturity,0.0,False
2023-06-26 10:30:00,crop_rice,22.37,,17.13,46.31,2034.24,176,maturity,0.0,False
2023-06-26 13:30:00,crop_rice,57.42,,40.62,76.1,1416.08,176,flowering,0.0,False
2023-06-26 14:00:00,crop_rice,25.68,,41.48,93.27,57.5,176,maturity,0.0,False
2023-06-26 21:00:00,crop_rice,51.26,,41.6,77.11,582.28,176,maturity,0.0,False
2023-06-26 23:00:00,crop_rice,64.13,,39.99,64.17,631.29,176,vegetative,0.0,False
2023-06-27 05:30:00,crop_rice,47.51,,39.56,41.08,1631.97,177,maturity,0.0,False
2023-06-27 07:00:00,crop_rice,10.53,,16.59,54.01,643.12,177,flowering,0.0,False
2023-06-27 19:00:00,crop_rice,14.21,,39.24,92.86,1853.39,177,maturity,0.0,False
2023-06-27 21:00:00,crop_rice,8.26,,28.33,60.08,2141.91,177,vegetative,0.0,False
2023-06-28 01:00:00,crop_rice,40.68,,34.03,37.27,1623.08,177,maturity,0.0,False
2023-06-28 01:30:00,crop_rice,63.15,,29.51,60.24,616.27,177,vegetative,0.0,False
2023-06-28 04:00:00,crop_rice,29.19,,13.68,56.53,461.88,178,maturity,0.0,False
2023-06-28 05:00:00,crop_rice,19.92,,37.33,44.34,1752.84,178,vegetative,0.0,False
2023-06-28 09:30:00,crop_rice,60.09,,41.31,88.11,1930.86,178,vegetative,0.0,False
2023-06-28 12:00:00,crop_rice,46.75,,37.17,62.77,1422.27,178,maturity,0.0,False
2023-06-28 13:30:00,crop_rice,40.73,,23.07,67.81,16.73,178,vegetative,0.0,False
2023-06-28 14:30:00,crop_rice,33.83,,14.72,55.75,2236.89,178,vegetative,0.0,False
2023-06-28 21:00:00,crop_rice,36.23,,17.64,28.75,2032.46,178,flowering,0.0,False
2023-06-28 22:00:00,crop_rice,59.11,,12.96,25.34,1401.81,178,maturity,0.0,False
2023-06-29 12:00:00,crop_rice,19.69,,31.58,30.48,2004.77,179,maturity,0.0,False
2023-06-29 13:30:00,crop_rice,54.21,,15.11,43.4,1504.18,179,vegetative,0.0,False
2023-06-29 16:00:00,crop_rice,27.92,,21.08,55.64,2314.56,179,vegetative,0.0,False
2023-06-29 16:30:00,crop_rice,46.75,,23.59,29.44,2060.59,179,maturity,0.0,False
2023-06-29 17:00:00,crop_rice,48.06,,41.23,54.81,1598.96,179,maturity,0.0,False
2023-06-29 17:30:00,crop_rice,63.01,,12.47,84.24,475.76,179,maturity,0.0,False
2023-06-29 21:30:00,crop_rice,28.89,,41.48,47.14,759.03,179,vegetative,0.0,False
2023-06-29 22:00:00,crop_rice,63.87,,31.41,81.48,1073.1,179,maturity,0.0,False
2023-06-29 22:30:00,crop_rice,38.91,,30.81,76.28,291.43,179,flowering,0.0,False
2023-06-30 00:00:00,crop_rice,16.08,,19.76,67.61,435.81,179,maturity,0.0,False
2023-06-30 00:30:00,crop_rice,33.82,,19.89,43.95,2167.43,179,flowering,0.0,False
2023-06-30 04:00:00,crop_rice,34.97,,20.69,33.44,1183.59,180,flowering,0.0,False
2023-06-30 04:30:00,crop_rice,24.31,,32.67,25.58,1332.16,180,flowering,0.0,False
2023-06-30 05:00:00,crop_rice,58.96,,15.17,31.23,1533.07,180,vegetative,0.0,False
2023-06-30 06:00:00,crop_rice,34.15,,31.32,53.03,2369.35,180,maturity,0.0,False
2023-06-30 10:30:00,crop_rice,9.68,,23.4,83.86,1098.25,180,maturity,0.0,False
2023-06-30 12:00:00,crop_rice,43.36,,28.72,35.53,1726.08,180,maturity,0.0,False
2023-06-30 13:00:00,crop_rice,37.46,,18.61,33.41,2152.57,180,maturity,0.0,False
2023-06-30 16:00:00,crop_rice,47.6,,34.77,73.4,831.46,180,maturity,0.0,False
2023-06-30 19:00:00,crop_rice,57.75,,14.4,71.91,770.36,180,flowering,0.0,False
2023-07-01 01:00:00,crop_rice,29.2,,12.03,36.67,470.89,180,flowering,0.0,False
2023-07-01 06:30:00,crop_rice,25.16,,22.45,89.93,1586.38,181,flowering,0.0,False
2023-07-01 21:00:00,crop_rice,59.05,,20.16,50.49,747.17,181,maturity,0.0,False
2023-07-01 21:30:00,crop_rice,26.49,,36.18,90.31,220.03,181,maturity,0.0,False
2023-07-02 01:00:00,crop_rice,31.23,,41.74,83.52,990.79,181,flowering,0.0,False
2023-07-02 06:30:00,crop_rice,41.45,,32.87,37.04,1079.78,182,maturity,0.0,False
2023-07-02 07:00:00,crop_rice,55.91,,17.76,50.69,1244.57,182,vegetative,0.0,False
2023-07-02 09:00:00,crop_rice,11.83,,39.19,48.67,966.92,182,vegetative,0.0,False
2023-07-02 10:30:00,crop_rice,10.48,,33.38,72.88,1000.55,182,vegetative,0.0,False
2023-07-02 11:30:00,crop_rice,11.42,,27.72,47.6,436.54,182,maturity,0.0,False
2023-07-02 14:30:00,crop_rice,47.15,,12.25,31.63,74.66,182,maturity,0.0,False
2023-07-02 15:30:00,crop_rice,30.06,,35.08,58.04,2355.53,182,vegetative,0.0,False
2023-07-02 16:30:00,crop_rice,27.39,,35.62,79.19,1527.82,182,maturity,0.0,False
2023-07-03 00:30:00,crop_rice,63.57,,12.88,50.46,871.78,182,flowering,0.0,False
2023-07-03 09:00:00,crop_rice,25.43,,23.87,60.66,529.79,183,maturity,0.0,False
2023-07-03 10:00:00,crop_rice,26.96,,37.03,28.41,1752.22,183,flowering,0.0,False
2023-07-03 10:30:00,crop_rice,49.36,,27.03,43.1,351.06,183,vegetative,0.0,False
2023-07-03 20:30:00,crop_rice,55.16,,27.26,32.72,2136.07,183,vegetative,0.0,False
2023-07-03 22:00:00,crop_rice,51.32,,26.17,60.18,1351.95,183,maturity,0.0,False
2023-07-03 22:30:00,crop_rice,63.83,,17.69,61.88,1562.15,183,maturity,0.0,False
2023-07-04 02:00:00,crop_rice,25.65,,41.4,27.77,865.79,183,vegetative,0.0,False
2023-07-04 03:00:00,crop_rice,54.85,,23.01,36.96,2104.62,184,maturity,0.0,False
2023-07-04 06:00:00,crop_rice,26.35,,38.85,91.01,1831.73,184,maturity,0.0,False
2023-07-04 16:30:00,crop_rice,25.05,,25.99,55.3,868.58,184,flowering,0.0,False
2023-07-04 17:00:00,crop_rice,15.69,,37.71,35.92,1050.98,184,maturity,0.0,False
2023-07-04 17:30:00,crop_rice,32.09,,41.83,43.38,1135.33,184,maturity,0.0,False
2023-07-04 22:30:00,crop_rice,49.37,,20.66,33.9,2252.81,184,flowering,0.0,False
2023-07-05 01:00:00,crop_rice,29.92,,21.55,50.96,403.13,184,vegetative,0.0,False
2023-07-05 02:30:00,crop_rice,58.38,,37.0,54.57,965.61,185,maturity,0.0,False
2023-07-05 03:00:00,crop_rice,27.51,,30.63,32.54,1642.84,185,vegetative,0.0,False
2023-07-05 06:30:00,crop_rice,25.57,,35.53,77.22,1948.88,185,maturity,0.0,False
2023-07-05 14:30:00,crop_rice,50.48,,32.09,45.28,967.95,185,vegetative,0.0,False
2023-07-05 20:30:00,crop_rice,9.2,,19.95,47.22,132.1,185,vegetative,0.0,False
2023-07-05 21:30:00,crop_rice,58.74,,25.36,45.34,443.77,185,maturity,0.0,False
2023-07-05 23:00:00,crop_rice,22.46,,20.52,28.89,1452.87,185,vegetative,0.0,False
2023-07-06 00:00:00,crop_rice,13.69,,16.13,79.61,154.5,185,maturity,0.0,False
2023-07-06 01:00:00,crop_rice,12.94,,34.91,73.27,7.63,185,flowering,0.0,False
2023-07-06 04:30:00,crop_rice,31.34,,26.5,39.9,575.66,186,flowering,0.0,False
2023-07-06 09:00:00,crop_rice,39.49,,19.27,91.16,2115.28,186,flowering,0.0,False
2023-07-06 09:30:00,crop_rice,52.66,,19.14,45.77,305.13,186,flowering,0.0,False
2023-07-06 10:00:00,crop_rice,47.76,,27.27,38.5,2303.99,186,vegetative,0.0,False
2023-07-06 12:00:00,crop_rice,35.09,,29.18,49.98,427.46,186,maturity,0.0,False
2023-07-06 14:30:00,crop_rice,18.61,,18.39,30.16,1300.76,186,flowering,0.0,False
2023-07-06 16:00:00,crop_rice,43.35,,22.74,57.44,199.93,186,vegetative,0.0,False
2023-07-06 18:30:00,crop_rice,35.81,,34.77,55.85,770.89,186,maturity,0.0,False
2023-07-06 19:00:00,crop_rice,20.82,,32.04,92.35,1030.07,186,vegetative,0.0,False
2023-07-06 20:00:00,crop_rice,46.52,,41.49,87.0,1023.68,186,maturity,0.0,False
2023-07-06 20:30:00,crop_rice,20.23,,17.32,60.5,2242.6,186,vegetative,0.0,False
2023-07-07 04:30:00,crop_rice,28.3,,40.86,35.9,2045.39,187,maturity,0.0,False
2023-07-07 05:00:00,crop_rice,23.02,,18.06,44.69,1152.74,187,maturity,0.0,False
2023-07-07 08:30:00,crop_rice,62.87,,13.19,90.26,655.18,187,flowering,0.0,False
2023-07-07 09:00:00,crop_rice,16.81,,12.15,66.83,422.99,187,flowering,0.0,False
2023-07-07 12:30:00,crop_rice,34.65,,31.91,26.45,1813.28,187,maturity,0.0,False
2023-07-07 14:00:00,crop_rice,63.88,,21.42,26.08,2365.6,187,flowering,0.0,False
2023-07-07 15:00:00,crop_rice,42.98,,21.86,81.48,2088.37,187,flowering,0.0,False
2023-07-07 22:30:00,crop_rice,30.37,,33.03,62.8,868.71,187,vegetative,0.0,False
2023-07-08 01:30:00,crop_rice,14.45,,36.34,72.26,2149.14,187,maturity,0.0,False
2023-07-08 04:00:00,crop_rice,16.27,,34.84,41.28,107.98,188,vegetative,0.0,False
2023-07-08 04:30:00,crop_rice,32.0,,28.29,40.56,2351.34,188,maturity,0.0,False
2023-07-08 09:00:00,crop_rice,64.88,,41.32,42.03,1533.72,188,flowering,0.0,False
2023-07-08 10:00:00,crop_rice,29.39,,39.59,57.46,546.29,188,vegetative,0.0,False
2023-07-08 14:00:00,crop_rice,36.99,,36.12,61.3,1248.83,188,vegetative,0.0,False
2023-07-08 18:30:00,crop_rice,50.75,,12.89,65.69,1211.42,188,flowering,0.0,False
2023-07-08 21:30:00,crop_rice,27.35,,30.85,91.91,1477.76,188,maturity,0.0,False
2023-07-09 02:30:00,crop_rice,22.75,,23.75,86.89,1893.36,189,flowering,0.0,False
2023-07-09 04:30:00,crop_rice,15.52,,40.88,87.36,2385.24,189,maturity,0.0,False
2023-07-09 05:00:00,crop_rice,10.01,,33.88,74.0,622.55,189,maturity,0.0,False
2023-07-09 11:30:00,crop_rice,51.43,,35.58,82.08,453.11,189,vegetative,0.0,False
2023-07-09 12:00:00,crop_rice,37.4,,37.47,32.06,1322.47,189,vegetative,0.0,False
2023-07-09 17:00:00,crop_rice,54.06,,12.74,76.58,1484.14,189,flowering,0.0,False
2023-07-10 02:00:00,crop_rice,17.09,,30.61,54.89,884.86,189,maturity,0.0,False
2023-07-10 14:00:00,crop_rice,15.36,,17.06,79.0,1493.02,190,maturity,0.0,False
2023-07-10 17:30:00,crop_rice,26.93,,35.49,33.35,137.69,190,maturity,0.0,False
2023-07-10 23:30:00,crop_rice,53.01,,16.75,44.52,368.67,190,maturity,0.0,False
2023-07-11 05:30:00,crop_rice,37.57,,35.89,52.32,479.12,191,vegetative,0.0,False
2023-07-11 13:30:00,crop_rice,32.64,,19.88,81.67,1892.84,191,maturity,0.0,False
2023-07-11 14:00:00,crop_rice,45.93,,19.89,90.8,1395.41,191,vegetative,0.0,False
2023-07-11 18:30:00,crop_rice,42.85,,26.65,33.31,1092.72,191,vegetative,0.0,False
2023-07-11 19:00:00,crop_rice,14.08,,17.66,44.09,2436.48,191,vegetative,0.0,False
2023-07-11 20:00:00,crop_rice,12.2,,39.55,25.77,310.03,191,flowering,0.0,False
2023-07-11 23:00:00,crop_rice,58.64,,21.31,63.62,691.98,191,maturity,0.0,False
2023-07-12 00:00:00,crop_rice,42.56,,31.71,41.96,604.67,191,maturity,0.0,False
2023-07-12 01:00:00,crop_rice,56.89,,25.42,65.71,2175.0,191,flowering,0.0,False
2023-07-12 03:00:00,crop_rice,25.23,,39.43,91.61,779.74,192,maturity,0.0,False
2023-07-12 07:30:00,crop_rice,30.79,,13.21,54.0,8.19,192,maturity,0.0,False
2023-07-12 10:00:00,crop_rice,51.56,,40.02,58.37,1966.46,192,maturity,0.0,False
2023-07-12 17:30:00,crop_rice,62.83,,37.89,82.79,1091.16,192,maturity,0.0,False
2023-07-12 18:30:00,crop_rice,59.37,,12.27,82.94,1762.07,192,maturity,0.0,False
2023-07-12 20:30:00,crop_rice,12.83,,23.87,86.82,1445.75,192,flowering,0.0,False
2023-07-13 00:00:00,crop_rice,59.8,,17.18,71.02,1321.21,192,flowering,0.0,False
2023-07-13 01:00:00,crop_rice,64.3,,36.97,82.21,1821.98,192,flowering,0.0,False
2023-07-13 05:00:00,crop_rice,32.69,,36.14,30.83,1261.06,193,flowering,0.0,False
2023-07-13 05:30:00,crop_rice,50.75,,35.6,29.71,1987.72,193,maturity,0.0,False
2023-07-13 06:00:00,crop_rice,34.15,,17.99,73.89,2261.26,193,vegetative,0.0,False
2023-07-13 16:00:00,crop_rice,39.42,,36.99,54.77,18.59,193,maturity,0.0,False
2023-07-13 17:00:00,crop_rice,46.06,,14.8,40.71,668.33,193,maturity,0.0,False
2023-07-13 19:00:00,crop_rice,57.84,,16.09,74.46,440.89,193,maturity,0.0,False
2023-07-13 21:30:00,crop_rice,38.32,,15.13,32.78,1930.9,193,maturity,0.0,False
2023-07-14 01:30:00,crop_rice,27.94,,14.19,36.95,1917.02,193,maturity,0.0,False
2023-07-14 03:30:00,crop_rice,45.62,,26.48,45.43,1143.59,194,vegetative,0.0,False
2023-07-14 19:00:00,crop_rice,17.85,,22.22,27.19,616.23,194,vegetative,0.0,False
2023-07-14 21:30:00,crop_rice,63.77,,37.82,84.38,828.16,194,flowering,0.0,False
2023-07-14 22:00:00,crop_rice,48.88,,14.81,32.62,881.12,194,maturity,0.0,False
2023-07-14 23:30:00,crop_rice,38.44,,29.13,42.58,2330.3,194,maturity,0.0,False
2023-07-15 01:30:00,crop_rice,20.06,,19.91,66.08,552.58,194,maturity,0.0,False
2023-07-15 04:30:00,crop_rice,41.05,,24.7,66.83,1239.78,195,vegetative,0.0,False
2023-07-15 09:00:00,crop_rice,8.88,,25.18,60.82,847.1,195,flowering,0.0,False
2023-07-15 11:00:00,crop_rice,34.58,,26.53,38.43,1240.78,195,maturity,0.0,False
2023-07-15 12:00:00,crop_rice,50.97,,36.16,76.81,1231.81,195,flowering,0.0,False
2023-07-15 18:00:00,crop_rice,15.83,,30.3,63.94,1625.27,195,maturity,0.0,False
2023-07-15 22:00:00,crop_rice,53.77,,37.83,54.78,571.51,195,flowering,0.0,False
2023-07-16 06:30:00,crop_rice,53.88,,21.01,57.07,1216.6,196,maturity,0.0,False
2023-07-16 10:00:00,crop_rice,49.33,,28.98,26.1,1624.58,196,maturity,0.0,False
2023-07-16 16:00:00,crop_rice,22.69,,16.48,28.31,1645.6,196,flowering,0.0,False
2023-07-16 17:00:00,crop_rice,15.16,,40.28,68.94,2481.95,196,maturity,0.0,False
2023-07-16 22:30:00,crop_rice,31.03,,41.28,47.04,1100.92,196,flowering,0.0,False
2023-07-17 00:30:00,crop_rice,30.52,,35.92,57.33,1943.71,196,maturity,0.0,False
2023-07-17 03:00:00,crop_rice,27.49,,35.82,34.22,289.1,197,maturity,0.0,False
2023-07-17 06:00:00,crop_rice,44.66,,41.49,38.57,1379.74,197,maturity,0.0,False
2023-07-17 07:00:00,crop_rice,29.13,,15.4,60.37,1079.13,197,maturity,0.0,False
2023-07-17 07:30:00,crop_rice,57.92,,20.81,53.57,83.86,197,maturity,0.0,False
2023-07-17 12:00:00,crop_rice,60.18,,35.4,35.76,304.46,197,maturity,0.0,False
2023-07-17 14:30:00,crop_rice,61.51,,34.12,48.38,576.58,197,maturity,0.0,False
2023-07-17 16:00:00,crop_rice,22.72,,14.35,63.55,1111.85,197,vegetative,0.0,False
2023-07-17 18:00:00,crop_rice,9.95,,19.94,87.96,2379.39,197,flowering,0.0,False
2023-07-17 21:30:00,crop_rice,47.47,,27.28,89.42,2365.71,197,vegetative,0.0,False
2023-07-17 23:30:00,crop_rice,57.27,,26.02,59.1,582.0,197,vegetative,0.0,False
2023-07-18 00:00:00,crop_rice,62.52,,29.48,47.74,1438.46,197,flowering,0.0,False
2023-07-18 02:30:00,crop_rice,41.27,,36.68,90.47,1975.26,198,maturity,0.0,False
2023-07-18 03:30:00,crop_rice,45.2,,33.63,61.91,2259.71,198,vegetative,0.0,False
2023-07-18 08:00:00,crop_rice,53.96,,12.2,87.69,1918.25,198,vegetative,0.0,False
2023-07-18 12:00:00,crop_rice,16.39,,17.66,50.65,279.51,198,maturity,0.0,False
2023-07-18 21:00:00,crop_rice,30.92,,36.0,75.75,77.14,198,maturity,0.0,False
2023-07-18 22:00:00,crop_rice,61.26,,41.41,74.95,1560.19,198,maturity,0.0,False
2023-07-19 04:00:00,crop_rice,41.42,,35.69,86.09,970.03,199,flowering,0.0,False
2023-07-19 06:30:00,crop_rice,19.55,,31.05,63.97,1767.14,199,maturity,0.0,False
2023-07-19 11:00:00,crop_rice,43.27,,25.62,93.51,1985.08,199,maturity,0.0,False
2023-07-19 11:30:00,crop_rice,59.27,,28.41,55.75,672.62,199,flowering,0.0,False
2023-07-19 14:00:00,crop_rice,36.73,,22.65,49.35,1114.14,199,maturity,0.0,False
2023-07-19 15:00:00,crop_rice,30.37,,17.24,83.66,1987.2,199,vegetative,0.0,False
2023-07-19 18:00:00,crop_rice,39.73,,16.69,81.3,188.24,199,maturity,0.0,False
2023-07-19 18:30:00,crop_rice,55.59,,23.52,91.99,1162.0,199,vegetative,0.0,False
2023-07-20 01:30:00,crop_rice,58.1,,39.93,63.18,2461.04,199,vegetative,0.0,False
2023-07-20 07:30:00,crop_rice,41.36,,18.24,81.63,803.98,200,vegetative,0.0,False
2023-07-20 13:30:00,crop_rice,18.78,,39.94,58.63,541.2,200,maturity,0.0,False
2023-07-20 19:30:00,crop_rice,57.74,,29.58,45.36,1808.19,200,flowering,0.0,False
2023-07-21 00:30:00,crop_rice,14.44,,20.89,38.55,266.6,200,maturity,0.0,False
2023-07-21 01:30:00,crop_rice,18.14,,24.99,91.75,1359.1,200,maturity,0.0,False
2023-07-21 02:30:00,crop_rice,43.13,,38.97,30.93,791.01,201,flowering,0.0,False
2023-07-21 09:00:00,crop_rice,36.5,,37.7,38.69,248.63,201,maturity,0.0,False
2023-07-21 10:30:00,crop_rice,57.24,,27.47,92.97,460.44,201,flowering,0.0,False
2023-07-21 13:30:00,crop_rice,32.37,,35.88,27.71,2253.56,201,vegetative,0.0,False
2023-07-21 15:00:00,crop_rice,52.09,,30.85,71.96,2067.61,201,flowering,0.0,False
2023-07-21 15:30:00,crop_rice,50.06,,38.46,87.49,2031.21,201,vegetative,0.0,False
2023-07-21 20:30:00,crop_rice,56.52,,26.07,80.0,934.41,201,vegetative,0.0,False
2023-07-22 00:00:00,crop_rice,46.06,,19.44,89.32,2287.31,201,flowering,0.0,False
2023-07-22 01:00:00,crop_rice,54.18,,17.09,72.81,327.41,201,flowering,0.0,False
2023-07-22 05:00:00,crop_rice,49.64,,27.77,61.74,1342.69,202,flowering,0.0,False
2023-07-22 07:00:00,crop_rice,33.58,,33.0,36.53,828.43,202,maturity,0.0,False
2023-07-22 07:30:00,crop_rice,14.91,,13.73,80.54,1960.01,202,vegetative,0.0,False
2023-07-22 22:00:00,crop_rice,24.41,,35.74,68.92,316.91,202,maturity,0.0,False
2023-07-22 22:30:00,crop_rice,21.73,,18.54,29.26,140.92,202,maturity,0.0,False
2023-07-23 02:30:00,crop_rice,62.94,,36.16,82.21,2445.22,203,vegetative,0.0,False
2023-07-23 05:00:00,crop_rice,49.21,,36.17,84.63,2178.24,203,flowering,0.0,False
2023-07-23 07:00:00,crop_rice,12.39,,29.62,75.11,653.21,203,flowering,0.0,False
2023-07-23 09:30:00,crop_rice,31.58,,32.74,53.3,265.95,203,vegetative,0.0,False
2023-07-23 12:00:00,crop_rice,28.1,,18.73,47.1,2305.37,203,maturity,0.0,False
2023-07-23 16:00:00,crop_rice,49.74,,40.99,92.74,1153.81,203,maturity,0.0,False
2023-07-23 16:30:00,crop_rice,34.26,,35.78,51.1,1724.27,203,vegetative,0.0,False
2023-07-23 22:30:00,crop_rice,17.26,,13.03,65.04,1290.19,203,vegetative,0.0,False
2023-07-23 23:00:00,crop_rice,22.33,,14.85,74.94,573.0,203,flowering,0.0,False
2023-07-24 06:00:00,crop_rice,43.52,,28.1,82.59,298.12,204,vegetative,0.0,False
2023-07-24 10:30:00,crop_rice,30.04,,37.54,50.86,1111.2,204,maturity,0.0,False
2023-07-24 12:30:00,crop_rice,23.56,,29.78,42.32,2218.73,204,vegetative,0.0,False
2023-07-24 14:00:00,crop_rice,28.16,,30.52,43.37,1441.59,204,maturity,0.0,False
2023-07-24 15:30:00,crop_rice,25.2,,24.43,33.87,755.35,204,flowering,0.0,False
2023-07-24 20:00:00,crop_rice,57.61,,16.38,46.87,856.14,204,vegetative,0.0,False
2023-07-25 08:30:00,crop_rice,14.06,,19.62,77.74,1309.23,205,maturity,0.0,False
2023-07-25 10:00:00,crop_rice,13.91,,27.95,58.03,1466.05,205,maturity,0.0,False
2023-07-25 10:30:00,crop_rice,37.62,,14.98,65.33,2212.66,205,flowering,0.0,False
2023-07-25 16:00:00,crop_rice,13.11,,23.68,54.33,740.04,205,maturity,0.0,False
2023-07-25 18:00:00,crop_rice,63.93,,34.56,52.82,2268.84,205,maturity,0.0,False
2023-07-25 21:30:00,crop_rice,27.21,,24.35,37.13,1332.7,205,flowering,0.0,False
2023-07-25 23:00:00,crop_rice,21.1,,29.92,45.03,1339.8,205,vegetative,0.0,False
2023-07-26 04:00:00,crop_rice,40.43,,31.58,39.69,1370.9,206,maturity,0.0,False
2023-07-26 17:00:00,crop_rice,14.41,,20.27,66.32,484.29,206,vegetative,0.0,False
2023-07-26 21:00:00,crop_rice,39.74,,23.74,81.67,2294.7,206,maturity,0.0,False
2023-07-26 22:00:00,crop_rice,23.19,,28.11,66.03,120.85,206,maturity,0.0,False
2023-07-27 01:00:00,crop_rice,17.69,,28.92,63.44,2448.5,206,maturity,0.0,False
2023-07-27 02:00:00,crop_rice,14.8,,37.7,47.95,1603.93,206,vegetative,0.0,False
2023-07-27 03:30:00,crop_rice,63.34,,35.48,73.91,1213.45,207,vegetative,0.0,False
2023-07-27 04:00:00,crop_rice,28.36,,38.12,74.7,588.47,207,maturity,0.0,False
2023-07-27 08:00:00,crop_rice,19.45,,24.18,66.39,318.07,207,flowering,0.0,False
2023-07-27 09:00:00,crop_rice,35.98,,38.85,25.27,1477.33,207,vegetative,0.0,False
2023-07-27 10:30:00,crop_rice,63.56,,41.31,55.6,590.51,207,flowering,0.0,False
2023-07-27 16:00:00,crop_rice,29.44,,23.34,30.73,1494.0,207,maturity,0.0,False
2023-07-27 23:30:00,crop_rice,36.64,,12.72,82.07,2291.36,207,maturity,0.0,False
2023-07-28 01:00:00,crop_rice,49.48,,19.64,55.26,1941.71,207,maturity,0.0,False
2023-07-28 04:00:00,crop_rice,60.2,,30.38,69.83,1825.9,208,maturity,0.0,False
2023-07-28 04:30:00,crop_rice,18.8,,26.93,44.84,1674.52,208,maturity,0.0,False
2023-01-01 06:00:00,crop_sugarcane,64.11,,40.91,89.85,2457.89,0,flowering,0.0,False
2023-01-01 11:30:00,crop_sugarcane,52.07,,18.85,65.13,2129.04,0,vegetative,0.0,False
2023-01-01 12:30:00,crop_sugarcane,58.23,,35.74,54.14,1568.65,0,maturity,0.0,False
2023-01-01 14:00:00,crop_sugarcane,35.79,,16.48,60.51,500.72,0,vegetative,0.0,False
2023-01-01 15:00:00,crop_sugarcane,44.79,,38.96,41.47,1444.73,0,maturity,0.0,False
2023-01-01 17:00:00,crop_sugarcane,42.72,,16.96,59.5,2103.75,0,vegetative,0.0,False
2023-01-01 18:00:00,crop_sugarcane,29.88,,18.98,38.16,1982.56,0,maturity,0.0,False
2023-01-01 20:00:00,crop_sugarcane,38.48,,36.76,43.14,1993.42,0,flowering,0.0,False
2023-01-02 00:30:00,crop_sugarcane,36.25,,41.89,65.55,230.01,0,maturity,0.0,False
2023-01-02 05:00:00,crop_sugarcane,21.47,,16.04,59.6,1479.48,0,flowering,0.0,False
2023-01-02 13:30:00,crop_sugarcane,37.81,,15.03,54.94,1267.0,1,maturity,0.0,False
2023-01-02 22:00:00,crop_sugarcane,34.05,,16.55,52.61,2277.85,1,maturity,0.0,False
2023-01-02 23:30:00,crop_sugarcane,36.0,,15.58,94.32,1226.78,1,maturity,0.0,False
2023-01-03 01:30:00,crop_sugarcane,9.52,,36.33,85.77,1158.81,1,vegetative,0.0,False
2023-01-03 04:30:00,crop_sugarcane,58.32,,25.65,46.29,1126.07,1,flowering,0.0,False
2023-01-03 05:00:00,crop_sugarcane,11.99,,15.83,61.54,1198.01,1,flowering,0.0,False
2023-01-03 06:30:00,crop_sugarcane,16.38,,17.25,46.09,159.81,2,maturity,0.0,False
2023-01-03 07:00:00,crop_sugarcane,51.63,,26.5,44.9,1846.83,2,flowering,0.0,False
2023-01-03 10:00:00,crop_sugarcane,46.22,,32.42,39.12,115.82,2,vegetative,0.0,False
2023-01-03 10:30:00,crop_sugarcane,58.98,,35.13,77.31,2482.65,2,flowering,0.0,False
2023-01-03 12:00:00,crop_sugarcane,40.44,,21.91,39.01,1670.56,2,maturity,0.0,False
2023-01-03 13:00:00,crop_sugarcane,37.27,,19.12,39.56,2315.91,2,vegetative,0.0,False
2023-01-03 14:00:00,crop_sugarcane,18.9,,32.88,52.06,1439.84,2,maturity,0.0,False
2023-01-03 15:30:00,crop_sugarcane,34.69,,19.99,33.19,1325.17,2,maturity,0.0,False
2023-01-03 19:00:00,crop_sugarcane,51.93,,39.03,57.09,705.76,2,maturity,0.0,False
2023-01-03 23:30:00,crop_sugarcane,31.84,,41.76,54.96,1405.61,2,maturity,0.0,False
2023-01-04 03:00:00,crop_sugarcane,48.17,,24.46,28.49,1199.13,2,flowering,0.0,False
2023-01-04 05:30:00,crop_sugarcane,46.79,,33.57,60.19,34.54,2,vegetative,0.0,False
2023-01-04 09:00:00,crop_sugarcane,33.61,,17.49,33.25,1216.88,3,maturity,0.0,False
2023-01-04 10:00:00,crop_sugarcane,25.02,,31.41,58.44,1177.52,3,flowering,0.0,False
2023-01-04 11:00:00,crop_sugarcane,10.7,,34.11,70.51,1292.18,3,vegetative,0.0,False
2023-01-04 12:00:00,crop_sugarcane,41.17,,38.2,51.77,248.37,3,maturity,0.0,False
2023-01-04 13:00:00,crop_sugarcane,17.65,,25.16,87.15,2186.04,3,maturity,0.0,False
2023-01-04 17:00:00,crop_sugarcane,37.85,,32.64,32.64,2050.27,3,vegetative,0.0,False
2023-01-05 01:00:00,crop_sugarcane,22.17,,36.15,54.25,489.29,3,flowering,0.0,False
2023-01-05 09:30:00,crop_sugarcane,38.52,,27.71,50.56,1624.35,4,vegetative,0.0,False
2023-01-05 12:00:00,crop_sugarcane,57.06,,20.1,50.68,568.85,4,vegetative,0.0,False
2023-01-05 21:00:00,crop_sugarcane,13.9,,16.47,81.05,176.71,4,vegetative,0.0,False
2023-01-05 21:30:00,crop_sugarcane,34.1,,39.12,60.57,471.98,4,maturity,0.0,False
2023-01-05 23:30:00,crop_sugarcane,8.99,,41.89,57.15,413.14,4,maturity,0.0,False
2023-01-06 02:00:00,crop_sugarcane,16.88,,30.15,61.05,1347.07,4,maturity,0.0,False
2023-01-06 05:30:00,crop_sugarcane,37.47,,38.34,37.68,100.51,4,maturity,0.0,False
2023-01-06 07:00:00,crop_sugarcane,44.55,,35.2,65.5,2183.68,5,vegetative,0.0,False
2023-01-06 10:00:00,crop_sugarcane,46.13,,27.78,71.78,1935.63,5,flowering,0.0,False
2023-01-06 10:30:00,crop_sugarcane,55.44,,17.21,74.31,1848.0,5,maturity,0.0,False
2023-01-06 11:30:00,crop_sugarcane,34.56,,22.63,55.7,2476.97,5,maturity,0.0,False
2023-01-06 14:00:00,crop_sugarcane,21.33,,41.58,45.17,1479.59,5,maturity,0.0,False
2023-01-06 17:30:00,crop_sugarcane,35.7,,39.93,56.12,257.78,5,vegetative,0.0,False
2023-01-06 18:00:00,crop_sugarcane,31.2,,28.2,64.04,2110.28,5,maturity,0.0,False
2023-01-06 23:30:00,crop_sugarcane,58.77,,22.44,28.29,759.76,5,vegetative,0.0,False
2023-01-07 05:00:00,crop_sugarcane,43.65,,21.08,92.05,466.79,5,maturity,0.0,False
2023-01-07 07:30:00,crop_sugarcane,29.77,,18.28,88.92,1956.35,6,maturity,0.0,False
2023-01-07 08:00:00,crop_sugarcane,45.27,,19.62,41.06,1974.69,6,maturity,0.0,False
2023-01-07 09:30:00,crop_sugarcane,61.08,,36.52,68.97,216.02,6,maturity,0.0,False
2023-01-07 13:30:00,crop_sugarcane,55.78,,37.13,85.75,1617.93,6,maturity,0.0,False
2023-01-08 00:30:00,crop_sugarcane,23.3,,15.69,36.7,125.32,6,maturity,0.0,False
2023-01-08 10:30:00,crop_sugarcane,60.84,,18.58,37.99,606.6,7,maturity,0.0,False
2023-01-08 13:00:00,crop_sugarcane,15.77,,30.32,65.32,864.36,7,vegetative,0.0,False
2023-01-08 13:30:00,crop_sugarcane,12.7,,25.67,66.01,1214.67,7,flowering,0.0,False
2023-01-08 16:00:00,crop_sugarcane,8.23,,31.49,77.85,791.02,7,flowering,0.0,False
2023-01-08 17:00:00,crop_sugarcane,18.65,,12.47,44.12,934.44,7,vegetative,0.0,False
2023-01-08 20:00:00,crop_sugarcane,56.0,,30.33,93.46,100.97,7,flowering,0.0,False
2023-01-09 05:00:00,crop_sugarcane,60.46,,12.14,60.9,2156.96,7,maturity,0.0,False
2023-01-09 07:30:00,crop_sugarcane,47.01,,39.15,63.23,570.67,8,flowering,0.0,False
2023-01-09 08:00:00,crop_sugarcane,43.5,,12.62,26.76,1038.48,8,flowering,0.0,False
2023-01-09 08:30:00,crop_sugarcane,16.71,,31.79,38.82,61.66,8,maturity,0.0,False
2023-01-09 11:00:00,crop_sugarcane,49.83,,23.19,64.28,2086.97,8,maturity,0.0,False
2023-01-09 19:30:00,crop_sugarcane,48.44,,17.36,72.73,81.58,8,vegetative,0.0,False
2023-01-09 20:00:00,crop_sugarcane,61.3,,32.35,71.76,559.57,8,vegetative,0.0,False
2023-01-09 21:00:00,crop_sugarcane,42.85,,15.21,76.59,1833.25,8,maturity,0.0,False
2023-01-10 02:30:00,crop_sugarcane,9.99,,38.37,63.16,2483.03,8,maturity,0.0,False
2023-01-10 11:30:00,crop_sugarcane,35.19,,38.21,70.26,651.74,9,flowering,0.0,False
2023-01-10 14:00:00,crop_sugarcane,17.66,,21.55,61.99,1890.18,9,maturity,0.0,False
2023-01-10 15:00:00,crop_sugarcane,29.03,,14.43,29.14,302.66,9,maturity,0.0,False
2023-01-10 22:30:00,crop_sugarcane,39.15,,28.0,94.31,994.31,9,vegetative,0.0,False
2023-01-11 01:30:00,crop_sugarcane,49.19,,35.68,69.17,252.3,9,vegetative,0.0,False
2023-01-11 02:00:00,crop_sugarcane,49.17,,15.85,52.92,1574.74,9,vegetative,0.0,False
2023-01-11 04:00:00,crop_sugarcane,27.57,,30.39,80.72,2402.73,9,maturity,0.0,False
2023-01-11 07:00:00,crop_sugarcane,30.23,,36.41,90.38,1458.26,10,flowering,0.0,False
2023-01-11 09:30:00,crop_sugarcane,56.81,,34.42,50.0,1481.77,10,vegetative,0.0,False
2023-01-11 11:00:00,crop_sugarcane,28.77,,35.83,62.18,528.4,10,vegetative,0.0,False
2023-01-11 14:00:00,crop_sugarcane,35.29,,19.34,86.64,2098.22,10,maturity,0.0,False
2023-01-11 14:30:00,crop_sugarcane,18.61,,31.32,82.28,1181.37,10,vegetative,0.0,False
2023-01-11 15:30:00,crop_sugarcane,52.35,,29.47,51.72,2238.71,10,maturity,0.0,False
2023-01-11 16:30:00,crop_sugarcane,49.29,,18.34,49.22,340.06,10,maturity,0.0,False
2023-01-11 17:30:00,crop_sugarcane,12.93,,31.11,25.9,56.77,10,vegetative,0.0,False
2023-01-11 19:30:00,crop_sugarcane,42.72,,32.31,56.81,58.98,10,maturity,0.0,False
2023-01-11 20:30:00,crop_sugarcane,64.41,,20.3,82.8,1535.33,10,vegetative,0.0,False
2023-01-12 01:30:00,crop_sugarcane,45.38,,36.81,90.36,1105.2,10,flowering,0.0,False
2023-01-12 03:30:00,crop_sugarcane,59.43,,15.92,69.1,1145.12,10,flowering,0.0,False
2023-01-12 07:30:00,crop_sugarcane,50.42,,40.27,33.22,799.89,11,vegetative,0.0,False
2023-01-12 12:00:00,crop_sugarcane,13.81,,13.33,55.51,634.28,11,flowering,0.0,False
2023-01-12 15:30:00,crop_sugarcane,59.74,,14.62,59.87,110.71,11,vegetative,0.0,False
2023-01-12 19:00:00,crop_sugarcane,37.35,,24.66,47.17,1549.08,11,flowering,0.0,False
2023-01-12 21:30:00,crop_sugarcane,40.52,,37.89,75.47,896.05,11,flowering,0.0,False
2023-01-13 00:00:00,crop_sugarcane,34.41,,37.48,78.37,280.99,11,maturity,0.0,False
2023-01-13 04:30:00,crop_sugarcane,24.46,,17.56,87.48,981.84,11,maturity,0.0,False
2023-01-13 05:00:00,crop_sugarcane,19.85,,38.78,31.65,1483.21,11,maturity,0.0,False
2023-01-13 06:30:00,crop_sugarcane,9.81,,32.31,35.14,678.03,12,flowering,0.0,False
2023-01-13 08:00:00,crop_sugarcane,48.38,,25.82,94.71,823.95,12,maturity,0.0,False
2023-01-13 15:30:00,crop_sugarcane,47.09,,15.2,89.78,1191.29,12,maturity,0.0,False
2023-01-13 16:00:00,crop_sugarcane,46.82,,20.14,40.35,1718.33,12,vegetative,0.0,False
2023-01-13 21:00:00,crop_sugarcane,65.0,,21.27,92.72,1097.07,12,maturity,0.0,False
2023-01-13 23:00:00,crop_sugarcane,53.91,,35.84,25.98,2299.13,12,flowering,0.0,False
2023-01-14 10:30:00,crop_sugarcane,61.53,,27.3,85.46,996.83,13,vegetative,0.0,False
2023-01-14 12:00:00,crop_sugarcane,19.13,,24.36,69.14,1721.45,13,vegetative,0.0,False
2023-01-14 13:30:00,crop_sugarcane,21.51,,38.26,31.8,1036.23,13,flowering,0.0,False
2023-01-14 17:30:00,crop_sugarcane,29.45,,29.0,59.03,416.1,13,vegetative,0.0,False
2023-01-14 19:00:00,crop_sugarcane,35.92,,21.36,58.91,2250.6,13,flowering,0.0,False
2023-01-14 21:00:00,crop_sugarcane,39.02,,41.26,77.42,2374.96,13,vegetative,0.0,False
2023-01-15 00:30:00,crop_sugarcane,54.7,,24.19,55.16,1718.28,13,vegetative,0.0,False
2023-01-15 01:00:00,crop_sugarcane,59.93,,40.34,54.17,2209.85,13,flowering,0.0,False
2023-01-15 03:30:00,crop_sugarcane,26.28,,19.54,60.65,975.53,13,vegetative,0.0,False
2023-01-15 12:30:00,crop_sugarcane,48.33,,16.09,31.17,398.98,14,vegetative,0.0,False
2023-01-15 13:00:00,crop_sugarcane,43.45,,15.73,42.06,1553.94,14,maturity,0.0,False
2023-01-15 20:30:00,crop_sugarcane,56.73,,16.84,73.93,1361.26,14,flowering,0.0,False
2023-01-15 21:30:00,crop_sugarcane,58.29,,40.89,54.36,1981.49,14,vegetative,0.0,False
2023-01-15 22:30:00,crop_sugarcane,51.2,,39.57,45.0,2470.24,14,maturity,0.0,False
2023-01-16 02:00:00,crop_sugarcane,60.56,,29.33,85.16,814.82,14,vegetative,0.0,False
2023-01-16 02:30:00,crop_sugarcane,10.91,,15.2,64.23,1780.33,14,maturity,0.0,False
2023-01-16 03:30:00,crop_sugarcane,49.21,,31.14,86.14,1074.72,14,vegetative,0.0,False
2023-01-16 04:00:00,crop_sugarcane,30.42,,15.0,26.9,1439.77,14,maturity,0.0,False
2023-01-16 05:00:00,crop_sugarcane,51.27,,27.32,49.01,1604.51,14,maturity,0.0,False
2023-01-16 08:00:00,crop_sugarcane,22.65,,12.06,93.62,1647.76,15,maturity,0.0,False
2023-01-16 09:00:00,crop_sugarcane,27.36,,18.67,49.44,260.84,15,flowering,0.0,False
2023-01-16 10:30:00,crop_sugarcane,48.62,,26.43,79.78,2049.28,15,maturity,0.0,False
2023-01-16 12:00:00,crop_sugarcane,34.88,,17.68,61.72,1072.55,15,maturity,0.0,False
2023-01-16 13:00:00,crop_sugarcane,44.54,,31.26,69.07,817.76,15,maturity,0.0,False
2023-01-16 17:30:00,crop_sugarcane,55.7,,35.45,51.04,1134.49,15,maturity,0.0,False
2023-01-16 19:30:00,crop_sugarcane,8.92,,35.88,39.18,127.25,15,maturity,0.0,False
2023-01-16 21:00:00,crop_sugarcane,39.45,,26.53,65.5,811.95,15,vegetative,0.0,False
2023-01-16 21:30:00,crop_sugarcane,11.65,,14.52,50.85,1734.09,15,vegetative,0.0,False
2023-01-16 22:00:00,crop_sugarcane,15.76,,23.15,26.01,469.17,15,maturity,0.0,False
2023-01-17 05:00:00,crop_sugarcane,9.89,,21.22,70.72,2120.55,15,maturity,0.0,False
2023-01-17 13:30:00,crop_sugarcane,20.0,,30.21,59.96,296.13,16,flowering,0.0,False
2023-01-17 19:00:00,crop_sugarcane,16.04,,32.08,84.07,1010.61,16,maturity,0.0,False
2023-01-17 19:30:00,crop_sugarcane,54.8,,16.73,34.3,1699.38,16,vegetative,0.0,False
2023-01-17 23:30:00,crop_sugarcane,46.74,,37.57,44.73,988.49,16,maturity,0.0,False
2023-01-18 00:30:00,crop_sugarcane,61.31,,40.23,32.22,677.29,16,maturity,0.0,False
2023-01-18 01:00:00,crop_sugarcane,11.7,,36.16,57.79,991.58,16,maturity,0.0,False
2023-01-18 04:30:00,crop_sugarcane,23.58,,28.9,27.82,281.74,16,vegetative,0.0,False
2023-01-18 07:00:00,crop_sugarcane,49.65,,22.63,46.63,616.97,17,maturity,0.0,False
2023-01-18 08:00:00,crop_sugarcane,33.79,,33.56,78.25,1309.8,17,flowering,0.0,False
2023-01-18 09:00:00,crop_sugarcane,53.75,,31.85,36.01,1916.23,17,maturity,0.0,False
2023-01-18 10:30:00,crop_sugarcane,36.24,,27.37,56.67,1421.95,17,maturity,0.0,False
2023-01-18 13:30:00,crop_sugarcane,28.84,,20.37,44.51,1023.53,17,vegetative,0.0,False
2023-01-18 14:30:00,crop_sugarcane,41.58,,22.16,68.21,1191.88,17,flowering,0.0,False
2023-01-18 16:00:00,crop_sugarcane,16.54,,39.88,45.66,137.52,17,maturity,0.0,False
2023-01-18 19:30:00,crop_sugarcane,24.61,,36.3,43.07,2021.87,17,vegetative,0.0,False
2023-01-18 22:00:00,crop_sugarcane,12.82,,27.04,49.32,1023.91,17,maturity,0.0,False
2023-01-19 01:00:00,crop_sugarcane,53.59,,15.39,31.16,66.24,17,maturity,0.0,False
2023-01-19 02:00:00,crop_sugarcane,57.84,,16.32,92.93,1970.21,17,maturity,0.0,False
2023-01-19 06:30:00,crop_sugarcane,8.55,,21.12,41.56,1786.14,18,maturity,0.0,False
2023-01-19 08:00:00,crop_sugarcane,9.9,,12.79,67.15,2462.76,18,maturity,0.0,False
2023-01-19 08:30:00,crop_sugarcane,36.66,,15.17,50.04,1488.45,18,maturity,0.0,False
2023-01-19 11:00:00,crop_sugarcane,47.19,,28.08,31.08,1816.67,18,vegetative,0.0,False
2023-01-19 15:30:00,crop_sugarcane,30.67,,29.99,85.88,2218.59,18,maturity,0.0,False
2023-01-19 16:00:00,crop_sugarcane,46.78,,14.57,79.49,1946.12,18,vegetative,0.0,False
2023-01-19 16:30:00,crop_sugarcane,58.78,,23.34,61.47,504.31,18,maturity,0.0,False
2023-01-19 17:30:00,crop_sugarcane,12.08,,25.57,71.66,1591.97,18,flowering,0.0,False
2023-01-19 19:00:00,crop_sugarcane,23.1,,18.09,34.12,1313.74,18,flowering,0.0,False
2023-01-19 23:00:00,crop_sugarcane,61.18,,26.33,90.85,760.06,18,flowering,0.0,False
2023-01-20 01:00:00,crop_sugarcane,55.67,,15.79,78.54,1771.3,18,maturity,0.0,False
2023-01-20 02:00:00,crop_sugarcane,22.98,,23.4,35.25,1717.69,18,flowering,0.0,False
2023-01-20 03:00:00,crop_sugarcane,54.86,,23.68,50.25,1960.4,18,maturity,0.0,False
2023-01-20 03:30:00,crop_sugarcane,52.38,,13.46,94.57,711.08,18,vegetative,0.0,False
2023-01-20 05:30:00,crop_sugarcane,32.16,,23.97,66.6,2472.42,18,maturity,0.0,False
2023-01-20 07:00:00,crop_sugarcane,16.81,,15.63,28.58,758.69,19,vegetative,0.0,False
2023-01-20 07:30:00,crop_sugarcane,57.1,,12.51,49.19,248.59,19,flowering,0.0,False
2023-01-20 10:30:00,crop_sugarcane,9.46,,13.53,61.77,1407.77,19,flowering,0.0,False
2023-01-20 13:00:00,crop_sugarcane,22.38,,25.55,41.59,1923.08,19,maturity,0.0,False
2023-01-20 17:30:00,crop_sugarcane,46.71,,15.07,62.74,1402.66,19,vegetative,0.0,False
2023-01-20 23:30:00,crop_sugarcane,11.39,,23.54,40.03,1362.0,19,vegetative,0.0,False
2023-01-21 01:30:00,crop_sugarcane,23.12,,39.44,46.04,505.9,19,maturity,0.0,False
2023-01-21 04:30:00,crop_sugarcane,48.98,,16.08,37.1,2329.18,19,maturity,0.0,False
2023-01-21 07:30:00,crop_sugarcane,56.77,,36.46,78.41,747.9,20,flowering,0.0,False
2023-01-21 09:00:00,crop_sugarcane,18.12,,16.97,84.42,2476.0,20,flowering,0.0,False
2023-01-21 10:00:00,crop_sugarcane,45.48,,20.82,71.32,710.83,20,vegetative,0.0,False
2023-01-21 13:00:00,crop_sugarcane,63.86,,27.47,87.69,16.15,20,flowering,0.0,False
2023-01-21 13:30:00,crop_sugarcane,26.22,,39.38,63.19,281.05,20,flowering,0.0,False
2023-01-21 14:00:00,crop_sugarcane,50.42,,36.85,68.9,2211.98,20,maturity,0.0,False
2023-01-21 14:30:00,crop_sugarcane,38.32,,28.46,73.21,2456.67,20,flowering,0.0,False
2023-01-21 18:00:00,crop_sugarcane,40.64,,19.94,69.98,2496.05,20,maturity,0.0,False
2023-01-22 03:00:00,crop_sugarcane,19.85,,32.55,62.1,1365.66,20,vegetative,0.0,False
2023-01-22 03:30:00,crop_sugarcane,39.05,,23.11,56.59,1282.88,20,vegetative,0.0,False
2023-01-22 05:00:00,crop_sugarcane,64.62,,41.03,58.68,402.91,20,vegetative,0.0,False
2023-01-22 08:00:00,crop_sugarcane,54.11,,12.08,36.71,1784.39,21,flowering,0.0,False
2023-01-22 09:30:00,crop_sugarcane,50.51,,30.97,75.81,354.9,21,flowering,0.0,False
2023-01-22 10:00:00,crop_sugarcane,22.45,,14.79,33.33,896.21,21,vegetative,0.0,False
2023-01-22 12:30:00,crop_sugarcane,31.82,,40.3,87.22,29.6,21,flowering,0.0,False
2023-01-22 19:00:00,crop_sugarcane,60.57,,38.72,52.15,124.37,21,flowering,0.0,False
2023-01-22 20:30:00,crop_sugarcane,51.57,,21.6,46.0,2164.04,21,flowering,0.0,False
2023-01-23 03:00:00,crop_sugarcane,14.92,,18.53,73.7,239.57,21,maturity,0.0,False
2023-01-23 08:30:00,crop_sugarcane,57.91,,17.94,60.94,850.06,22,flowering,0.0,False
2023-01-23 11:00:00,crop_sugarcane,52.37,,33.87,65.8,789.83,22,flowering,0.0,False
2023-01-23 12:30:00,crop_sugarcane,22.13,,41.65,73.84,1721.66,22,flowering,0.0,False
2023-01-23 14:30:00,crop_sugarcane,55.71,,13.47,39.3,552.01,22,maturity,0.0,False
2023-01-23 21:00:00,crop_sugarcane,34.9,,33.71,36.35,468.91,22,vegetative,0.0,False
2023-01-23 22:30:00,crop_sugarcane,10.55,,20.65,37.2,1706.04,22,maturity,0.0,False
2023-01-23 23:00:00,crop_sugarcane,38.9,,41.61,43.8,643.43,22,vegetative,0.0,False
2023-01-24 16:30:00,crop_sugarcane,44.53,,39.36,68.47,2149.35,23,maturity,0.0,False
2023-01-24 18:00:00,crop_sugarcane,33.76,,14.54,72.57,1135.23,23,vegetative,0.0,False
2023-01-24 21:00:00,crop_sugarcane,52.76,,30.58,44.11,2093.8,23,maturity,0.0,False
2023-01-24 22:00:00,crop_sugarcane,28.22,,30.85,77.79,858.26,23,maturity,0.0,False
2023-01-24 23:30:00,crop_sugarcane,39.8,,38.54,38.41,2144.5,23,maturity,0.0,False
2023-01-25 01:00:00,crop_sugarcane,41.32,,41.87,59.81,157.36,23,flowering,0.0,False
2023-01-25 01:30:00,crop_sugarcane,33.06,,15.15,26.73,795.12,23,maturity,0.0,False
2023-01-25 03:00:00,crop_sugarcane,22.4,,16.23,26.38,1560.15,23,flowering,0.0,False
2023-01-25 15:00:00,crop_sugarcane,33.63,,26.31,46.92,2128.13,24,maturity,0.0,False
2023-01-25 16:00:00,crop_sugarcane,16.03,,34.66,38.25,154.05,24,flowering,0.0,False
2023-01-26 01:00:00,crop_sugarcane,20.9,,39.99,31.09,438.31,24,flowering,0.0,False
2023-01-26 01:30:00,crop_sugarcane,63.6,,40.16,80.9,1729.92,24,maturity,0.0,False
2023-01-26 03:30:00,crop_sugarcane,24.5,,33.25,46.05,1465.96,24,vegetative,0.0,False
2023-01-26 05:30:00,crop_sugarcane,13.79,,13.14,87.01,2084.89,24,maturity,0.0,False
2023-01-26 14:30:00,crop_sugarcane,54.89,,22.37,58.29,281.76,25,maturity,0.0,False
2023-01-26 17:00:00,crop_sugarcane,48.73,,40.57,49.85,254.92,25,maturity,0.0,False
2023-01-26 17:30:00,crop_sugarcane,39.64,,36.57,43.11,1552.99,25,flowering,0.0,False
2023-01-26 20:00:00,crop_sugarcane,36.56,,19.89,87.53,1551.56,25,maturity,0.0,False
2023-01-26 21:00:00,crop_sugarcane,25.26,,15.77,33.96,210.99,25,maturity,0.0,False
2023-01-26 21:30:00,crop_sugarcane,19.42,,22.75,74.9,1311.99,25,maturity,0.0,False
2023-01-26 22:00:00,crop_sugarcane,38.93,,26.44,45.25,766.61,25,maturity,0.0,False
2023-01-26 22:30:00,crop_sugarcane,33.09,,30.01,59.4,178.28,25,maturity,0.0,False
2023-01-27 03:30:00,crop_sugarcane,64.79,,23.42,81.61,1202.9,25,maturity,0.0,False
2023-01-27 11:30:00,crop_sugarcane,49.88,,41.22,85.32,47.78,26,maturity,0.0,False
2023-01-27 14:30:00,crop_sugarcane,38.33,,27.04,48.9,1696.12,26,maturity,0.0,False
2023-01-27 15:00:00,crop_sugarcane,18.06,,37.49,30.5,1569.7,26,vegetative,0.0,False
2023-01-27 16:00:00,crop_sugarcane,24.62,,30.87,85.02,580.95,26,vegetative,0.0,False
2023-01-27 17:30:00,crop_sugarcane,34.44,,41.34,32.15,1635.84,26,maturity,0.0,False
2023-01-27 20:30:00,crop_sugarcane,8.99,,14.32,93.96,1110.2,26,maturity,0.0,False
2023-01-28 00:00:00,crop_sugarcane,21.47,,26.86,42.25,2384.95,26,maturity,0.0,False
2023-01-28 00:30:00,crop_sugarcane,59.78,,36.06,80.65,2215.89,26,vegetative,0.0,False
2023-01-28 01:30:00,crop_sugarcane,45.4,,20.09,91.5,672.48,26,maturity,0.0,False
2023-01-28 06:00:00,crop_sugarcane,29.01,,13.17,36.83,2297.86,27,vegetative,0.0,False
2023-01-28 07:00:00,crop_sugarcane,43.84,,40.66,54.68,1777.9,27,maturity,0.0,False
2023-01-28 07:30:00,crop_sugarcane,60.13,,21.21,29.25,1073.44,27,flowering,0.0,False
2023-01-28 17:30:00,crop_sugarcane,44.31,,26.38,46.23,2124.43,27,vegetative,0.0,False
2023-01-28 23:00:00,crop_sugarcane,50.85,,22.23,66.72,2215.12,27,vegetative,0.0,False
2023-01-28 23:30:00,crop_sugarcane,50.58,,21.39,25.0,794.94,27,vegetative,0.0,False
2023-01-29 01:30:00,crop_sugarcane,8.91,,33.32,85.23,1995.11,27,maturity,0.0,False
2023-01-29 02:30:00,crop_sugarcane,15.05,,34.91,77.85,2068.18,27,maturity,0.0,False
2023-01-29 03:30:00,crop_sugarcane,51.06,,14.62,41.16,275.2,27,maturity,0.0,False
2023-01-29 07:00:00,crop_sugarcane,27.91,,36.39,94.98,1676.25,28,maturity,0.0,False
2023-01-29 08:30:00,crop_sugarcane,22.85,,27.43,44.63,1048.61,28,vegetative,0.0,False
2023-01-29 10:30:00,crop_sugarcane,30.25,,19.73,45.25,1032.26,28,maturity,0.0,False
2023-01-29 11:30:00,crop_sugarcane,22.5,,38.39,93.77,2296.07,28,maturity,0.0,False
2023-01-29 16:30:00,crop_sugarcane,35.46,,25.46,74.98,241.88,28,flowering,0.0,False
2023-01-29 19:30:00,crop_sugarcane,37.43,,37.94,35.69,226.85,28,maturity,0.0,False
2023-01-30 00:00:00,crop_sugarcane,43.16,,40.06,57.28,1755.97,28,maturity,0.0,False
2023-01-30 01:00:00,crop_sugarcane,31.54,,36.11,82.55,1357.77,28,maturity,0.0,False
2023-01-30 02:30:00,crop_sugarcane,63.51,,34.67,79.74,1486.95,28,flowering,0.0,False
2023-01-30 03:30:00,crop_sugarcane,62.21,,16.26,25.18,2013.03,28,maturity,0.0,False
2023-01-30 04:30:00,crop_sugarcane,53.36,,34.75,53.73,531.56,28,maturity,0.0,False
2023-01-30 18:00:00,crop_sugarcane,33.3,,13.63,81.77,1339.21,29,maturity,0.0,False
2023-01-30 18:30:00,crop_sugarcane,42.03,,18.35,30.76,1842.67,29,flowering,0.0,False
2023-01-31 05:00:00,crop_sugarcane,56.26,,20.46,70.06,961.99,29,maturity,0.0,False
2023-01-31 11:00:00,crop_sugarcane,17.67,,20.33,28.08,1936.15,30,vegetative,0.0,False
2023-01-31 16:00:00,crop_sugarcane,24.24,,19.3,69.84,1695.14,30,flowering,0.0,False
2023-01-31 17:00:00,crop_sugarcane,54.49,,29.43,84.78,2201.81,30,maturity,0.0,False
2023-01-31 22:00:00,crop_sugarcane,29.79,,15.84,83.46,746.07,30,maturity,0.0,False
2023-01-31 23:00:00,crop_sugarcane,63.08,,17.28,57.84,2004.22,30,maturity,0.0,False
2023-02-01 01:00:00,crop_sugarcane,9.76,,28.74,56.83,175.88,30,flowering,0.0,False
2023-02-01 02:30:00,crop_sugarcane,26.03,,19.01,47.36,16.19,30,vegetative,0.0,False
2023-02-01 03:30:00,crop_sugarcane,32.66,,38.06,35.79,1875.48,30,maturity,0.0,False
2023-02-01 05:00:00,crop_sugarcane,24.88,,20.07,38.13,2241.57,30,maturity,0.0,False
2023-02-01 09:00:00,crop_sugarcane,41.75,,25.68,58.59,788.32,31,maturity,0.0,False
2023-02-01 11:00:00,crop_sugarcane,58.15,,20.44,67.92,2439.23,31,maturity,0.0,False
2023-02-01 15:00:00,crop_sugarcane,49.02,,35.23,60.76,747.5,31,maturity,0.0,False
2023-02-01 19:30:00,crop_sugarcane,46.77,,37.95,28.25,712.0,31,vegetative,0.0,False
2023-02-01 21:30:00,crop_sugarcane,43.98,,13.6,79.77,285.58,31,maturity,0.0,False
2023-02-01 22:30:00,crop_sugarcane,17.17,,32.06,75.64,719.78,31,vegetative,0.0,False
2023-02-02 06:30:00,crop_sugarcane,13.21,,17.4,53.77,1068.25,32,maturity,0.0,False
2023-02-02 08:00:00,crop_sugarcane,16.87,,12.59,46.8,1067.91,32,maturity,0.0,False
2023-02-02 14:30:00,crop_sugarcane,59.78,,16.72,77.74,2305.06,32,maturity,0.0,False
2023-02-02 15:00:00,crop_sugarcane,37.86,,29.18,86.29,1099.97,32,maturity,0.0,False
2023-02-02 15:30:00,crop_sugarcane,42.66,,18.83,76.02,1022.72,32,maturity,0.0,False
2023-02-03 00:00:00,crop_sugarcane,29.34,,23.67,41.3,2270.09,32,maturity,0.0,False
2023-02-03 04:00:00,crop_sugarcane,45.23,,33.0,60.17,2312.12,32,maturity,0.0,False
2023-02-03 04:30:00,crop_sugarcane,32.89,,17.82,51.35,1775.44,32,maturity,0.0,False
2023-02-03 08:00:00,crop_sugarcane,30.97,,38.19,71.98,1263.19,33,flowering,0.0,False
2023-02-03 09:00:00,crop_sugarcane,46.99,,35.39,51.6,2045.25,33,maturity,0.0,False
2023-02-03 09:30:00,crop_sugarcane,62.91,,23.02,80.03,1929.26,33,maturity,0.0,False
2023-02-03 15:30:00,crop_sugarcane,27.14,,25.7,44.65,740.65,33,maturity,0.0,False
2023-02-03 16:00:00,crop_sugarcane,18.37,,23.35,70.51,1527.61,33,maturity,0.0,False
2023-02-04 00:30:00,crop_sugarcane,13.47,,25.07,39.79,2319.7,33,vegetative,0.0,False
2023-02-04 01:30:00,crop_sugarcane,37.34,,31.63,64.57,1746.55,33,maturity,0.0,False
2023-02-04 04:30:00,crop_sugarcane,24.53,,19.87,83.63,1067.97,33,flowering,0.0,False
2023-02-04 08:00:00,crop_sugarcane,16.01,,30.75,56.7,2412.23,34,maturity,0.0,False
2023-02-04 09:30:00,crop_sugarcane,9.18,,13.3,53.1,1974.67,34,maturity,0.0,False
2023-02-04 14:00:00,crop_sugarcane,51.01,,17.16,40.42,1346.73,34,vegetative,0.0,False
2023-02-04 14:30:00,crop_sugarcane,16.3,,24.68,73.1,986.67,34,maturity,0.0,False
2023-02-04 17:00:00,crop_sugarcane,43.77,,12.97,86.02,70.92,34,maturity,0.0,False
2023-02-04 17:30:00,crop_sugarcane,59.35,,12.87,86.44,350.69,34,maturity,0.0,False
2023-02-05 02:00:00,crop_sugarcane,23.33,,17.31,92.19,2116.7,34,flowering,0.0,False
2023-02-05 14:30:00,crop_sugarcane,35.43,,16.39,31.85,450.87,35,maturity,0.0,False
2023-02-05 17:00:00,crop_sugarcane,62.47,,38.7,67.27,1349.92,35,flowering,0.0,False
2023-02-05 19:30:00,crop_sugarcane,33.15,,29.23,53.63,667.83,35,maturity,0.0,False
2023-02-05 20:30:00,crop_sugarcane,29.33,,23.64,89.92,217.46,35,flowering,0.0,False
2023-02-05 21:00:00,crop_sugarcane,43.38,,38.72,81.84,241.55,35,flowering,0.0,False
2023-02-06 00:00:00,crop_sugarcane,52.99,,41.12,72.22,1737.63,35,vegetative,0.0,False
2023-02-06 03:00:00,crop_sugarcane,56.97,,18.94,86.63,2129.5,35,maturity,0.0,False
2023-02-06 03:30:00,crop_sugarcane,60.27,,22.21,78.52,592.44,35,flowering,0.0,False
2023-02-06 04:00:00,crop_sugarcane,36.52,,15.9,67.08,2197.38,35,flowering,0.0,False
2023-02-06 04:30:00,crop_sugarcane,39.09,,18.74,73.9,275.03,35,maturity,0.0,False
2023-02-06 06:30:00,crop_sugarcane,59.59,,34.28,81.25,1159.44,36,flowering,0.0,False
2023-02-06 09:30:00,crop_sugarcane,14.34,,31.36,68.75,884.25,36,flowering,0.0,False
2023-02-06 13:30:00,crop_sugarcane,44.13,,34.07,75.54,1331.98,36,maturity,0.0,False
2023-02-06 15:00:00,crop_sugarcane,37.6,,20.6,75.79,661.35,36,vegetative,0.0,False
2023-02-06 17:00:00,crop_sugarcane,18.1,,16.89,68.94,899.75,36,maturity,0.0,False
2023-02-06 21:00:00,crop_sugarcane,56.79,,30.81,83.57,48.09,36,flowering,0.0,False
2023-02-07 00:30:00,crop_sugarcane,59.77,,12.67,33.22,1874.55,36,maturity,0.0,False
2023-02-07 02:00:00,crop_sugarcane,30.14,,26.18,66.23,1426.27,36,maturity,0.0,False
2023-02-07 03:30:00,crop_sugarcane,36.41,,32.24,94.55,1165.7,36,vegetative,0.0,False
2023-02-07 06:00:00,crop_sugarcane,58.06,,20.82,84.67,905.26,37,maturity,0.0,False
2023-02-07 08:30:00,crop_sugarcane,48.23,,32.16,65.71,832.34,37,maturity,0.0,False
2023-02-07 11:00:00,crop_sugarcane,10.6,,32.01,38.03,349.87,37,vegetative,0.0,False
2023-02-07 12:00:00,crop_sugarcane,38.82,,25.34,78.32,828.13,37,vegetative,0.0,False
2023-02-07 17:00:00,crop_sugarcane,46.86,,32.39,43.36,1989.1,37,flowering,0.0,False
2023-02-08 04:00:00,crop_sugarcane,40.68,,37.32,32.83,1600.81,37,flowering,0.0,False
2023-02-08 04:30:00,crop_sugarcane,55.79,,24.18,27.92,1130.92,37,flowering,0.0,False
2023-02-08 05:00:00,crop_sugarcane,49.17,,22.7,67.78,1288.13,37,vegetative,0.0,False
2023-02-08 05:30:00,crop_sugarcane,15.48,,31.76,46.94,2113.78,37,vegetative,0.0,False
2023-02-08 10:00:00,crop_sugarcane,44.11,,12.81,31.18,1549.22,38,maturity,0.0,False
2023-02-08 10:30:00,crop_sugarcane,46.68,,32.41,74.91,1642.58,38,vegetative,0.0,False
2023-02-08 15:30:00,crop_sugarcane,64.65,,14.38,80.92,1085.32,38,maturity,0.0,False
2023-02-08 20:30:00,crop_sugarcane,44.1,,16.32,92.22,328.15,38,vegetative,0.0,False
2023-02-08 23:00:00,crop_sugarcane,46.21,,20.86,65.53,838.89,38,vegetative,0.0,False
2023-02-09 01:00:00,crop_sugarcane,37.7,,34.84,70.61,142.74,38,vegetative,0.0,False
2023-02-09 09:00:00,crop_sugarcane,42.85,,12.49,25.35,339.56,39,maturity,0.0,False
2023-02-09 11:30:00,crop_sugarcane,45.72,,31.32,83.08,368.96,39,vegetative,0.0,False
2023-02-09 13:30:00,crop_sugarcane,57.17,,15.65,60.22,537.05,39,vegetative,0.0,False
2023-02-09 14:00:00,crop_sugarcane,24.28,,18.32,56.91,1916.39,39,flowering,0.0,False
2023-02-09 19:30:00,crop_sugarcane,45.88,,20.69,91.04,1372.4,39,maturity,0.0,False
2023-02-09 22:30:00,crop_sugarcane,26.9,,35.58,81.7,981.34,39,maturity,0.0,False
2023-02-10 02:00:00,crop_sugarcane,32.23,,26.31,40.33,1942.84,39,vegetative,0.0,False
2023-02-10 08:30:00,crop_sugarcane,22.76,,22.33,91.12,105.11,40,vegetative,0.0,False
2023-02-10 09:00:00,crop_sugarcane,57.91,,17.49,38.07,643.24,40,maturity,0.0,False
2023-02-10 09:30:00,crop_sugarcane,37.36,,19.58,88.0,438.26,40,maturity,0.0,False
2023-02-10 12:00:00,crop_sugarcane,18.63,,16.36,28.25,1648.01,40,maturity,0.0,False
2023-02-10 13:30:00,crop_sugarcane,61.55,,20.93,82.85,203.63,40,vegetative,0.0,False
2023-02-10 15:00:00,crop_sugarcane,62.62,,16.07,28.9,590.07,40,maturity,0.0,False
2023-02-10 21:30:00,crop_sugarcane,45.72,,25.83,56.34,2396.1,40,maturity,0.0,False
2023-02-11 01:00:00,crop_sugarcane,24.8,,34.29,48.89,1416.57,40,maturity,0.0,False
2023-02-11 01:30:00,crop_sugarcane,53.71,,26.89,26.58,1363.04,40,maturity,0.0,False
2023-02-11 02:00:00,crop_sugarcane,47.71,,14.13,87.7,1260.96,40,vegetative,0.0,False
2023-02-11 03:00:00,crop_sugarcane,17.43,,12.72,67.08,2420.14,40,maturity,0.0,False
2023-02-11 04:30:00,crop_sugarcane,59.5,,31.34,31.08,1209.76,40,maturity,0.0,False
2023-02-11 05:30:00,crop_sugarcane,45.4,,16.56,70.25,1038.91,40,vegetative,0.0,False
2023-02-11 06:30:00,crop_sugarcane,28.23,,31.51,89.36,2238.2,41,vegetative,0.0,False
2023-02-11 09:00:00,crop_sugarcane,24.91,,31.66,86.2,1084.4,41,maturity,0.0,False
2023-02-11 12:00:00,crop_sugarcane,39.25,,37.04,41.09,386.59,41,flowering,0.0,False
2023-02-11 12:30:00,crop_sugarcane,13.3,,14.93,74.34,860.31,41,vegetative,0.0,False
2023-02-11 15:30:00,crop_sugarcane,15.8,,25.16,35.17,1881.38,41,maturity,0.0,False
2023-02-11 22:30:00,crop_sugarcane,14.6,,35.03,57.55,1810.71,41,maturity,0.0,False
2023-02-12 03:30:00,crop_sugarcane,9.24,,15.1,90.74,1005.65,41,maturity,0.0,False
2023-02-12 04:30:00,crop_sugarcane,26.07,,35.65,57.93,295.48,41,flowering,0.0,False
2023-02-12 06:30:00,crop_sugarcane,26.52,,39.25,41.3,1296.84,42,maturity,0.0,False
2023-02-12 09:00:00,crop_sugarcane,35.56,,26.68,77.55,668.4,42,maturity,0.0,False
2023-02-12 10:00:00,crop_sugarcane,14.0,,19.71,31.71,1100.55,42,maturity,0.0,False
2023-02-12 13:30:00,crop_sugarcane,48.97,,34.74,94.0,4.81,42,maturity,0.0,False
2023-02-12 14:30:00,crop_sugarcane,40.68,,34.98,32.98,2067.01,42,maturity,0.0,False
2023-02-12 17:00:00,crop_sugarcane,40.65,,35.47,47.02,1324.25,42,vegetative,0.0,False
2023-02-12 20:30:00,crop_sugarcane,61.18,,28.8,43.38,782.76,42,maturity,0.0,False
2023-02-12 21:00:00,crop_sugarcane,49.03,,25.9,54.77,1285.85,42,maturity,0.0,False
2023-02-13 00:30:00,crop_sugarcane,40.02,,26.37,65.09,1910.84,42,maturity,0.0,False
2023-02-13 04:00:00,crop_sugarcane,43.08,,27.24,37.0,2146.56,42,flowering,0.0,False
2023-02-13 07:00:00,crop_sugarcane,50.14,,40.78,49.3,54.59,43,maturity,0.0,False
2023-02-13 08:30:00,crop_sugarcane,44.64,,24.32,82.21,2201.44,43,maturity,0.0,False
2023-02-13 10:00:00,crop_sugarcane,40.41,,22.99,89.33,2089.68,43,maturity,0.0,False
2023-02-13 11:00:00,crop_sugarcane,53.28,,16.58,92.92,1176.13,43,maturity,0.0,False
2023-02-13 13:30:00,crop_sugarcane,46.93,,26.66,76.13,755.91,43,flowering,0.0,False
2023-02-13 19:00:00,crop_sugarcane,44.06,,15.42,60.43,1885.87,43,flowering,0.0,False
2023-02-13 21:00:00,crop_sugarcane,49.41,,12.27,91.37,63.55,43,flowering,0.0,False
2023-02-13 22:30:00,crop_sugarcane,55.24,,17.47,73.52,1159.92,43,flowering,0.0,False
2023-02-13 23:00:00,crop_sugarcane,50.52,,12.85,37.3,814.25,43,vegetative,0.0,False
2023-02-14 09:00:00,crop_sugarcane,51.9,,22.91,88.93,1139.27,44,flowering,0.0,False
2023-02-14 17:00:00,crop_sugarcane,49.78,,22.13,49.36,2278.8,44,maturity,0.0,False
2023-02-14 23:30:00,crop_sugarcane,24.78,,16.93,54.85,58.59,44,vegetative,0.0,False
2023-02-15 00:30:00,crop_sugarcane,44.14,,35.21,71.51,715.74,44,maturity,0.0,False
2023-02-15 01:30:00,crop_sugarcane,60.17,,40.9,40.51,1442.23,44,maturity,0.0,False
2023-02-15 03:30:00,crop_sugarcane,63.4,,36.64,86.9,1255.45,44,vegetative,0.0,False
2023-02-15 06:00:00,crop_sugarcane,8.24,,13.24,34.66,1723.72,45,maturity,0.0,False
2023-02-15 07:00:00,crop_sugarcane,8.23,,31.23,69.8,255.66,45,vegetative,0.0,False
2023-02-15 09:00:00,crop_sugarcane,51.42,,34.23,33.73,961.49,45,maturity,0.0,False
2023-02-15 11:00:00,crop_sugarcane,34.31,,34.74,88.77,2115.25,45,maturity,0.0,False
2023-02-15 12:30:00,crop_sugarcane,20.14,,34.85,42.12,520.88,45,maturity,0.0,False
2023-02-15 15:00:00,crop_sugarcane,18.74,,22.57,60.42,1518.09,45,maturity,0.0,False
2023-02-15 17:30:00,crop_sugarcane,31.08,,36.15,79.33,1671.27,45,flowering,0.0,False
2023-02-15 22:00:00,crop_sugarcane,13.6,,13.68,81.65,1690.68,45,maturity,0.0,False
2023-02-16 03:00:00,crop_sugarcane,47.59,,15.46,71.29,1085.21,45,maturity,0.0,False
2023-02-16 09:00:00,crop_sugarcane,40.39,,17.71,54.51,2288.59,46,flowering,0.0,False
2023-02-16 10:00:00,crop_sugarcane,37.96,,38.08,89.19,481.84,46,flowering,0.0,False
2023-02-16 13:30:00,crop_sugarcane,45.82,,24.09,30.16,1451.93,46,maturity,0.0,False
2023-02-16 21:30:00,crop_sugarcane,41.89,,22.67,78.31,130.92,46,flowering,0.0,False
2023-02-17 01:00:00,crop_sugarcane,54.16,,21.79,55.67,677.51,46,maturity,0.0,False
2023-02-17 08:00:00,crop_sugarcane,37.82,,29.19,59.49,318.58,47,vegetative,0.0,False
2023-02-17 13:30:00,crop_sugarcane,53.23,,18.56,66.4,2155.14,47,maturity,0.0,False
2023-02-17 14:30:00,crop_sugarcane,36.61,,26.11,35.64,351.79,47,maturity,0.0,False
2023-02-18 01:30:00,crop_sugarcane,53.36,,26.29,88.31,813.97,47,maturity,0.0,False
2023-02-18 03:30:00,crop_sugarcane,41.94,,26.75,86.77,1.85,47,maturity,0.0,False
2023-02-18 05:00:00,crop_sugarcane,37.04,,24.4,82.42,1687.03,47,vegetative,0.0,False
2023-02-18 08:30:00,crop_sugarcane,8.2,,28.89,58.18,2303.42,48,flowering,0.0,False
2023-02-18 12:00:00,crop_sugarcane,52.81,,15.74,35.45,1747.02,48,maturity,0.0,False
2023-02-18 13:00:00,crop_sugarcane,49.78,,39.1,47.49,1665.02,48,flowering,0.0,False
2023-02-18 16:30:00,crop_sugarcane,23.02,,39.96,27.25,509.31,48,flowering,0.0,False
2023-02-18 19:30:00,crop_sugarcane,22.63,,17.68,71.35,2154.9,48,maturity,0.0,False
2023-02-18 23:00:00,crop_sugarcane,52.52,,16.16,88.85,1222.81,48,vegetative,0.0,False
2023-02-18 23:30:00,crop_sugarcane,49.08,,18.91,42.06,1268.01,48,vegetative,0.0,False
2023-02-19 00:00:00,crop_sugarcane,45.38,,29.76,73.65,1629.67,48,maturity,0.0,False
2023-02-19 02:30:00,crop_sugarcane,20.99,,40.87,73.03,1248.42,48,flowering,0.0,False
2023-02-19 03:30:00,crop_sugarcane,44.38,,32.87,83.6,129.58,48,vegetative,0.0,False
2023-02-19 06:00:00,crop_sugarcane,53.31,,33.94,55.07,2126.24,49,flowering,0.0,False
2023-02-19 17:00:00,crop_sugarcane,43.48,,36.39,35.51,615.1,49,maturity,0.0,False
2023-02-19 17:30:00,crop_sugarcane,35.13,,29.53,30.33,1613.26,49,flowering,0.0,False
2023-02-19 19:00:00,crop_sugarcane,50.96,,24.51,61.63,484.04,49,maturity,0.0,False
2023-02-19 21:00:00,crop_sugarcane,31.26,,13.34,43.01,255.73,49,vegetative,0.0,False
2023-02-19 21:30:00,crop_sugarcane,63.96,,23.4,58.7,2027.84,49,maturity,0.0,False
2023-02-19 23:00:00,crop_sugarcane,17.18,,15.42,57.59,95.46,49,maturity,0.0,False
2023-02-19 23:30:00,crop_sugarcane,63.89,,40.0,40.79,700.46,49,flowering,0.0,False
2023-02-20 00:30:00,crop_sugarcane,50.94,,39.71,69.68,1308.64,49,maturity,0.0,False
2023-02-20 01:00:00,crop_sugarcane,11.75,,36.51,53.33,254.34,49,flowering,0.0,False
2023-02-20 01:30:00,crop_sugarcane,51.51,,17.75,32.82,2174.32,49,vegetative,0.0,False
2023-02-20 02:30:00,crop_sugarcane,46.29,,37.84,47.19,390.25,49,maturity,0.0,False
2023-02-20 04:30:00,crop_sugarcane,34.88,,26.19,62.63,382.5,49,vegetative,0.0,False
2023-02-20 05:30:00,crop_sugarcane,27.9,,27.5,30.71,1848.69,49,flowering,0.0,False
2023-02-20 08:00:00,crop_sugarcane,38.23,,37.19,73.08,2434.91,50,maturity,0.0,False
2023-02-20 11:00:00,crop_sugarcane,24.85,,41.74,52.89,1194.33,50,maturity,0.0,False
2023-02-20 13:30:00,crop_sugarcane,9.5,,35.88,76.18,245.92,50,maturity,0.0,False
2023-02-20 14:00:00,crop_sugarcane,64.43,,16.84,75.78,1834.89,50,vegetative,0.0,False
2023-02-20 14:30:00,crop_sugarcane,23.9,,27.97,84.41,661.36,50,vegetative,0.0,False
2023-02-20 21:30:00,crop_sugarcane,16.37,,18.4,50.77,2296.5,50,flowering,0.0,False
2023-02-21 05:00:00,crop_sugarcane,11.7,,16.18,92.89,2041.37,50,vegetative,0.0,False
2023-02-21 09:30:00,crop_sugarcane,9.09,,27.99,54.26,1916.38,51,maturity,0.0,False
2023-02-21 14:00:00,crop_sugarcane,28.52,,30.99,78.68,2442.78,51,vegetative,0.0,False
2023-02-21 14:30:00,crop_sugarcane,58.7,,14.48,26.31,1146.05,51,maturity,0.0,False
2023-02-21 16:30:00,crop_sugarcane,58.86,,31.41,77.46,1479.79,51,vegetative,0.0,False
2023-02-21 20:00:00,crop_sugarcane,56.48,,15.35,57.73,971.53,51,maturity,0.0,False
2023-02-21 22:00:00,crop_sugarcane,60.55,,20.44,85.13,1162.62,51,maturity,0.0,False
2023-02-22 00:30:00,crop_sugarcane,42.47,,36.69,39.27,1109.22,51,flowering,0.0,False
2023-02-22 02:00:00,crop_sugarcane,21.71,,13.5,39.44,2340.86,51,maturity,0.0,False
2023-02-22 03:30:00,crop_sugarcane,12.37,,30.62,76.98,83.53,51,maturity,0.0,False
2023-02-22 04:00:00,crop_sugarcane,42.74,,28.24,49.58,9.88,51,maturity,0.0,False
2023-02-22 04:30:00,crop_sugarcane,46.86,,17.24,42.36,2345.25,51,vegetative,0.0,False
2023-02-22 08:00:00,crop_sugarcane,12.29,,29.02,26.56,2034.04,52,vegetative,0.0,False
2023-02-22 12:00:00,crop_sugarcane,39.99,,40.64,34.08,835.44,52,maturity,0.0,False
2023-02-22 13:00:00,crop_sugarcane,31.37,,40.63,82.3,808.84,52,vegetative,0.0,False
2023-02-22 14:00:00,crop_sugarcane,18.56,,39.45,25.45,2193.13,52,vegetative,0.0,False
2023-02-22 20:30:00,crop_sugarcane,56.45,,15.7,57.12,745.46,52,maturity,0.0,False
2023-02-22 21:00:00,crop_sugarcane,62.06,,31.24,72.22,1416.56,52,maturity,0.0,False
2023-02-22 22:30:00,crop_sugarcane,52.41,,25.06,60.63,1042.99,52,flowering,0.0,False
2023-02-23 05:00:00,crop_sugarcane,60.51,,20.02,43.32,1077.09,52,vegetative,0.0,False
2023-02-23 06:30:00,crop_sugarcane,16.78,,31.91,87.05,2204.49,53,flowering,0.0,False
2023-02-23 16:00:00,crop_sugarcane,9.58,,18.15,42.36,1032.53,53,maturity,0.0,False
2023-02-23 17:30:00,crop_sugarcane,49.67,,35.33,49.86,1123.79,53,maturity,0.0,False
2023-02-23 20:30:00,crop_sugarcane,23.12,,18.89,48.02,1942.11,53,maturity,0.0,False
2023-02-24 03:30:00,crop_sugarcane,52.27,,22.53,75.4,780.86,53,vegetative,0.0,False
2023-02-24 04:30:00,crop_sugarcane,45.52,,39.38,60.61,2177.88,53,flowering,0.0,False
2023-02-24 08:00:00,crop_sugarcane,32.04,,29.06,69.79,2439.63,54,vegetative,0.0,False
2023-02-24 10:00:00,crop_sugarcane,51.12,,40.5,47.01,1576.92,54,maturity,0.0,False
2023-02-24 12:30:00,crop_sugarcane,40.14,,38.6,45.44,1647.38,54,vegetative,0.0,False
2023-02-24 16:00:00,crop_sugarcane,35.6,,19.78,37.33,1115.06,54,flowering,0.0,False
2023-02-24 17:30:00,crop_sugarcane,39.67,,17.24,94.78,637.46,54,maturity,0.0,False
2023-02-25 03:00:00,crop_sugarcane,12.47,,13.88,25.84,1410.7,54,maturity,0.0,False
2023-02-25 07:30:00,crop_sugarcane,48.44,,34.63,85.31,88.66,55,maturity,0.0,False
2023-02-25 09:00:00,crop_sugarcane,12.62,,22.48,42.24,449.03,55,flowering,0.0,False
2023-02-25 09:30:00,crop_sugarcane,60.11,,18.5,25.47,1360.59,55,maturity,0.0,False
2023-02-25 11:00:00,crop_sugarcane,63.48,,41.28,49.29,1446.97,55,maturity,0.0,False
2023-02-25 15:00:00,crop_sugarcane,9.07,,17.79,37.18,1895.59,55,vegetative,0.0,False
2023-02-26 01:30:00,crop_sugarcane,24.41,,34.97,58.62,1705.68,55,flowering,0.0,False
2023-02-26 04:00:00,crop_sugarcane,15.11,,29.17,30.56,1550.71,55,maturity,0.0,False
2023-02-26 06:00:00,crop_sugarcane,52.74,,38.25,62.11,580.79,56,flowering,0.0,False
2023-02-26 20:30:00,crop_sugarcane,43.02,,17.25,81.75,1357.37,56,vegetative,0.0,False
2023-02-26 21:00:00,crop_sugarcane,35.37,,30.27,26.44,816.12,56,maturity,0.0,False
2023-02-26 22:00:00,crop_sugarcane,18.28,,19.33,41.99,1120.52,56,vegetative,0.0,False
2023-02-27 03:30:00,crop_sugarcane,56.17,,29.11,63.24,1196.33,56,vegetative,0.0,False
2023-02-27 11:30:00,crop_sugarcane,17.31,,15.64,59.58,1297.82,57,maturity,0.0,False
2023-02-27 12:00:00,crop_sugarcane,44.52,,36.91,46.91,181.68,57,vegetative,0.0,False
2023-02-27 14:30:00,crop_sugarcane,25.75,,29.76,45.81,1730.35,57,maturity,0.0,False
2023-02-27 23:30:00,crop_sugarcane,9.0,,26.87,77.76,1402.0,57,vegetative,0.0,False
2023-02-28 01:00:00,crop_sugarcane,14.38,,37.62,25.61,1373.26,57,vegetative,0.0,False
2023-02-28 06:30:00,crop_sugarcane,42.81,,37.82,82.12,1528.63,58,flowering,0.0,False
2023-02-28 07:00:00,crop_sugarcane,26.16,,34.18,70.8,972.86,58,vegetative,0.0,False
2023-02-28 09:00:00,crop_sugarcane,23.16,,41.56,91.91,983.49,58,maturity,0.0,False
2023-02-28 09:30:00,crop_sugarcane,20.9,,35.88,84.28,2416.15,58,maturity,0.0,False
2023-02-28 14:30:00,crop_sugarcane,23.34,,41.88,74.24,457.48,58,maturity,0.0,False
2023-02-28 15:00:00,crop_sugarcane,42.6,,40.68,26.23,2127.02,58,vegetative,0.0,False
2023-03-01 01:00:00,crop_sugarcane,32.43,,39.52,84.71,1696.19,58,maturity,0.0,False
2023-03-01 01:30:00,crop_sugarcane,21.33,,40.87,44.42,349.17,58,maturity,0.0,False
2023-03-01 02:00:00,crop_sugarcane,11.06,,33.85,58.03,2008.63,58,maturity,0.0,False
2023-03-01 07:00:00,crop_sugarcane,34.88,,12.82,89.25,1940.09,59,maturity,0.0,False
2023-03-01 08:00:00,crop_sugarcane,28.28,,18.55,53.86,96.46,59,maturity,0.0,False
2023-03-01 09:00:00,crop_sugarcane,50.55,,31.77,26.05,2385.91,59,maturity,0.0,False
2023-03-01 11:00:00,crop_sugarcane,13.13,,34.71,65.32,2312.91,59,flowering,0.0,False
2023-03-01 13:00:00,crop_sugarcane,31.18,,17.14,61.14,1504.28,59,maturity,0.0,False
2023-03-01 14:30:00,crop_sugarcane,17.49,,20.6,86.36,1376.11,59,vegetative,0.0,False
2023-03-01 15:00:00,crop_sugarcane,24.67,,31.47,35.41,2307.09,59,maturity,0.0,False
2023-03-01 18:00:00,crop_sugarcane,37.31,,37.53,31.25,2372.58,59,maturity,0.0,False
2023-03-01 22:00:00,crop_sugarcane,21.54,,21.11,28.95,1920.66,59,maturity,0.0,False
2023-03-01 23:30:00,crop_sugarcane,31.9,,31.38,40.79,2126.39,59,maturity,0.0,False
2023-03-02 01:00:00,crop_sugarcane,35.44,,27.48,30.71,356.35,59,flowering,0.0,False
2023-03-02 08:30:00,crop_sugarcane,57.71,,40.01,51.8,1280.58,60,maturity,0.0,False
2023-03-02 10:30:00,crop_sugarcane,29.7,,32.49,29.8,2352.15,60,flowering,0.0,False
2023-03-02 17:00:00,crop_sugarcane,14.06,,24.73,41.19,1825.4,60,flowering,0.0,False
2023-03-02 17:30:00,crop_sugarcane,20.02,,13.65,52.68,1661.22,60,maturity,0.0,False
2023-03-03 02:00:00,crop_sugarcane,40.61,,21.76,51.6,355.25,60,vegetative,0.0,False
2023-03-03 10:30:00,crop_sugarcane,23.02,,40.86,51.21,1397.7,61,maturity,0.0,False
2023-03-03 15:00:00,crop_sugarcane,12.37,,32.93,77.98,313.32,61,maturity,0.0,False
2023-03-03 15:30:00,crop_sugarcane,62.79,,30.41,57.82,884.19,61,flowering,0.0,False
2023-03-03 16:30:00,crop_sugarcane,8.52,,24.48,52.79,824.46,61,maturity,0.0,False
2023-03-03 17:30:00,crop_sugarcane,28.46,,37.97,75.16,49.88,61,flowering,0.0,False
2023-03-03 18:00:00,crop_sugarcane,38.73,,37.97,82.98,2076.36,61,vegetative,0.0,False
2023-03-03 19:00:00,crop_sugarcane,56.02,,20.04,59.05,1091.01,61,maturity,0.0,False
2023-03-04 01:30:00,crop_sugarcane,53.57,,22.57,73.76,1762.31,61,flowering,0.0,False
2023-03-04 03:00:00,crop_sugarcane,49.26,,16.66,88.04,1313.62,61,flowering,0.0,False
2023-03-04 03:30:00,crop_sugarcane,18.65,,25.8,31.07,895.93,61,flowering,0.0,False
2023-03-04 08:00:00,crop_sugarcane,9.04,,17.26,33.89,806.23,62,flowering,0.0,False
2023-03-04 11:00:00,crop_sugarcane,47.45,,14.62,94.93,742.22,62,flowering,0.0,False
2023-03-04 11:30:00,crop_sugarcane,54.83,,22.11,85.5,769.8,62,maturity,0.0,False
2023-03-04 13:30:00,crop_sugarcane,48.85,,30.48,64.92,14.81,62,flowering,0.0,False
2023-03-04 15:00:00,crop_sugarcane,27.5,,20.98,84.09,1144.57,62,maturity,0.0,False
2023-03-04 16:00:00,crop_sugarcane,40.98,,40.96,90.55,2322.59,62,vegetative,0.0,False
2023-03-04 19:00:00,crop_sugarcane,19.86,,32.01,65.58,1779.2,62,flowering,0.0,False
2023-03-05 04:30:00,crop_sugarcane,22.43,,39.77,94.56,2104.07,62,maturity,0.0,False
2023-03-05 11:30:00,crop_sugarcane,15.9,,32.33,34.09,2071.47,63,maturity,0.0,False
2023-03-05 13:00:00,crop_sugarcane,16.42,,34.95,47.35,1514.14,63,flowering,0.0,False
2023-03-05 16:00:00,crop_sugarcane,58.68,,18.72,57.74,1163.07,63,vegetative,0.0,False
2023-03-05 16:30:00,crop_sugarcane,32.26,,32.9,28.77,1248.97,63,maturity,0.0,False
2023-03-05 17:30:00,crop_sugarcane,33.24,,17.1,41.43,1098.24,63,vegetative,0.0,False
2023-03-05 21:30:00,crop_sugarcane,46.05,,31.76,41.44,2055.85,63,vegetative,0.0,False
2023-03-06 00:30:00,crop_sugarcane,57.52,,18.7,69.2,906.47,63,flowering,0.0,False
2023-03-06 01:30:00,crop_sugarcane,56.22,,35.33,66.66,344.71,63,maturity,0.0,False
2023-03-06 04:00:00,crop_sugarcane,26.71,,36.14,30.37,725.09,63,flowering,0.0,False
2023-03-06 09:00:00,crop_sugarcane,63.35,,29.17,61.36,528.68,64,vegetative,0.0,False
2023-03-06 09:30:00,crop_sugarcane,40.71,,40.45,74.35,152.73,64,flowering,0.0,False
2023-03-06 10:30:00,crop_sugarcane,28.11,,22.74,56.64,2263.8,64,maturity,0.0,False
2023-03-06 11:00:00,crop_sugarcane,39.18,,16.87,59.59,10.08,64,maturity,0.0,False
2023-03-06 12:00:00,crop_sugarcane,10.02,,36.02,52.05,2198.33,64,maturity,0.0,False
2023-03-06 16:30:00,crop_sugarcane,43.5,,36.07,63.29,1355.46,64,vegetative,0.0,False
2023-03-06 19:30:00,crop_sugarcane,12.86,,12.83,30.05,1915.52,64,maturity,0.0,False
2023-03-06 20:00:00,crop_sugarcane,10.65,,35.83,68.45,2076.7,64,vegetative,0.0,False
2023-03-06 21:30:00,crop_sugarcane,13.44,,22.65,41.39,1946.38,64,vegetative,0.0,False
2023-03-06 22:30:00,crop_sugarcane,60.16,,13.47,80.12,798.74,64,maturity,0.0,False
2023-03-06 23:00:00,crop_sugarcane,49.28,,34.36,58.56,790.57,64,maturity,0.0,False
2023-03-07 02:00:00,crop_sugarcane,28.83,,28.09,35.06,402.9,64,maturity,0.0,False
2023-03-07 03:30:00,crop_sugarcane,64.71,,31.67,27.64,1137.86,64,maturity,0.0,False
2023-03-07 11:30:00,crop_sugarcane,25.37,,12.27,77.84,1348.75,65,flowering,0.0,False
2023-03-07 14:00:00,crop_sugarcane,43.88,,18.04,28.05,2145.1,65,flowering,0.0,False
2023-03-07 14:30:00,crop_sugarcane,45.63,,34.65,69.32,229.54,65,vegetative,0.0,False
2023-03-07 15:00:00,crop_sugarcane,49.82,,26.22,28.3,1815.11,65,vegetative,0.0,False
2023-03-07 15:30:00,crop_sugarcane,59.14,,26.39,38.41,583.02,65,maturity,0.0,False
2023-03-07 17:30:00,crop_sugarcane,32.63,,21.81,76.44,1847.78,65,flowering,0.0,False
2023-03-07 19:30:00,crop_sugarcane,52.45,,12.02,56.34,1234.78,65,vegetative,0.0,False
2023-03-07 20:00:00,crop_sugarcane,46.24,,40.77,29.78,1489.13,65,flowering,0.0,False
2023-03-07 20:30:00,crop_sugarcane,49.71,,17.23,76.15,1180.46,65,maturity,0.0,False
2023-03-08 02:30:00,crop_sugarcane,12.69,,12.96,31.29,1740.13,65,maturity,0.0,False
2023-03-08 05:00:00,crop_sugarcane,45.63,,17.71,68.2,2385.02,65,flowering,0.0,False
2023-03-08 09:00:00,crop_sugarcane,11.74,,32.03,35.07,249.33,66,vegetative,0.0,False
2023-03-08 15:00:00,crop_sugarcane,46.23,,34.66,64.57,632.05,66,vegetative,0.0,False
2023-03-08 16:30:00,crop_sugarcane,43.49,,13.7,50.46,1246.64,66,flowering,0.0,False
2023-03-08 17:30:00,crop_sugarcane,54.7,,12.54,28.39,1304.85,66,maturity,0.0,False
2023-03-08 20:00:00,crop_sugarcane,39.37,,31.41,44.81,1335.48,66,maturity,0.0,False
2023-03-08 23:00:00,crop_sugarcane,47.25,,33.67,49.67,182.15,66,maturity,0.0,False
2023-03-08 23:30:00,crop_sugarcane,26.59,,20.81,33.12,2253.77,66,flowering,0.0,False
2023-03-09 01:30:00,crop_sugarcane,48.0,,32.74,85.57,1314.23,66,flowering,0.0,False
2023-03-09 06:30:00,crop_sugarcane,21.01,,29.11,33.52,1962.35,67,vegetative,0.0,False
2023-03-09 07:00:00,crop_sugarcane,18.97,,17.8,73.58,2356.04,67,vegetative,0.0,False
2023-03-09 09:00:00,crop_sugarcane,13.97,,21.52,64.6,289.14,67,maturity,0.0,False
2023-03-09 10:30:00,crop_sugarcane,17.48,,18.85,87.58,968.35,67,vegetative,0.0,False
2023-03-09 14:30:00,crop_sugarcane,45.6,,36.19,29.78,2328.99,67,flowering,0.0,False
2023-03-10 01:00:00,crop_sugarcane,45.53,,12.21,81.22,1219.81,67,vegetative,0.0,False
2023-03-10 02:30:00,crop_sugarcane,44.64,,38.64,61.37,754.53,67,vegetative,0.0,False
2023-03-10 04:30:00,crop_sugarcane,52.59,,20.44,71.04,1059.2,67,vegetative,0.0,False
2023-03-10 08:00:00,crop_sugarcane,62.3,,20.22,35.55,1040.13,68,maturity,0.0,False
2023-03-10 17:00:00,crop_sugarcane,16.42,,21.61,68.68,617.52,68,vegetative,0.0,False
2023-03-10 20:30:00,crop_sugarcane,45.31,,30.94,37.12,2247.95,68,flowering,0.0,False
2023-03-10 23:00:00,crop_sugarcane,28.71,,41.0,53.17,766.75,68,flowering,0.0,False
2023-03-11 07:30:00,crop_sugarcane,17.79,,34.88,87.73,1373.75,69,maturity,0.0,False
2023-03-11 08:00:00,crop_sugarcane,13.94,,19.13,72.63,380.57,69,flowering,0.0,False
2023-03-11 09:30:00,crop_sugarcane,36.55,,38.14,60.04,551.6,69,maturity,0.0,False
2023-03-11 11:30:00,crop_sugarcane,62.72,,19.1,50.71,596.2,69,maturity,0.0,False
2023-03-11 12:00:00,crop_sugarcane,51.78,,16.11,81.39,1492.01,69,flowering,0.0,False
2023-03-11 13:30:00,crop_sugarcane,39.01,,26.02,40.85,956.32,69,maturity,0.0,False
2023-03-11 14:00:00,crop_sugarcane,42.94,,36.6,44.75,933.56,69,maturity,0.0,False
2023-03-11 16:30:00,crop_sugarcane,56.7,,34.19,26.62,2293.94,69,maturity,0.0,False
2023-03-11 20:30:00,crop_sugarcane,60.81,,22.23,56.19,2339.32,69,maturity,0.0,False
2023-03-11 23:30:00,crop_sugarcane,15.3,,13.29,44.52,256.11,69,maturity,0.0,False
2023-03-12 00:00:00,crop_sugarcane,8.69,,12.42,33.05,105.82,69,vegetative,0.0,False
2023-03-12 03:00:00,crop_sugarcane,61.68,,35.67,49.4,1145.23,69,vegetative,0.0,False
2023-03-12 04:30:00,crop_sugarcane,55.87,,29.05,90.51,989.86,69,maturity,0.0,False
2023-03-12 07:00:00,crop_sugarcane,19.8,,27.84,36.87,499.78,70,maturity,0.0,False
2023-03-12 09:30:00,crop_sugarcane,44.98,,16.88,51.13,2054.06,70,maturity,0.0,False
2023-03-12 11:00:00,crop_sugarcane,62.8,,18.97,73.87,1880.1,70,maturity,0.0,False
2023-03-12 17:00:00,crop_sugarcane,14.54,,27.62,80.93,1998.46,70,flowering,0.0,False
2023-03-12 19:30:00,crop_sugarcane,8.55,,12.01,65.61,1328.76,70,maturity,0.0,False
2023-03-12 23:30:00,crop_sugarcane,55.95,,25.36,37.34,1183.09,70,maturity,0.0,False
2023-03-13 00:30:00,crop_sugarcane,43.23,,30.84,66.75,345.45,70,vegetative,0.0,False
2023-03-13 01:30:00,crop_sugarcane,63.13,,34.28,54.92,1951.91,70,flowering,0.0,False
2023-03-13 04:30:00,crop_sugarcane,55.37,,33.32,67.46,2189.75,70,flowering,0.0,False
2023-03-13 05:00:00,crop_sugarcane,48.4,,19.08,42.42,902.03,70,flowering,0.0,False
2023-03-13 06:00:00,crop_sugarcane,40.56,,20.54,93.8,802.16,71,maturity,0.0,False
2023-03-13 06:30:00,crop_sugarcane,12.85,,17.99,34.06,1837.42,71,flowering,0.0,False
2023-03-13 09:00:00,crop_sugarcane,42.11,,12.59,34.56,2489.9,71,maturity,0.0,False
2023-03-13 16:30:00,crop_sugarcane,16.77,,23.06,77.7,942.84,71,maturity,0.0,False
2023-03-13 22:00:00,crop_sugarcane,45.83,,16.58,26.88,52.29,71,flowering,0.0,False
2023-03-14 00:00:00,crop_sugarcane,20.85,,20.89,65.99,999.3,71,vegetative,0.0,False
2023-03-14 01:30:00,crop_sugarcane,36.47,,14.09,45.28,941.66,71,flowering,0.0,False
2023-03-14 03:30:00,crop_sugarcane,15.72,,36.72,91.44,2337.49,71,maturity,0.0,False
2023-03-14 08:30:00,crop_sugarcane,32.7,,29.61,59.68,169.94,72,maturity,0.0,False
2023-03-14 17:00:00,crop_sugarcane,58.29,,20.81,83.59,2264.52,72,vegetative,0.0,False
2023-03-14 17:30:00,crop_sugarcane,16.43,,16.25,59.56,530.82,72,flowering,0.0,False
2023-03-14 19:00:00,crop_sugarcane,37.46,,34.86,28.58,1602.88,72,flowering,0.0,False
2023-03-14 20:00:00,crop_sugarcane,64.41,,27.44,26.76,1141.95,72,flowering,0.0,False
2023-03-14 22:00:00,crop_sugarcane,46.83,,14.8,56.55,2264.81,72,vegetative,0.0,False
2023-03-15 16:30:00,crop_sugarcane,58.98,,32.31,28.15,322.29,73,maturity,0.0,False
2023-03-15 23:00:00,crop_sugarcane,58.27,,13.42,64.78,483.31,73,vegetative,0.0,False
2023-03-16 02:00:00,crop_sugarcane,14.34,,20.7,60.8,1209.76,73,vegetative,0.0,False
2023-03-16 03:00:00,crop_sugarcane,46.86,,40.94,37.03,1707.15,73,flowering,0.0,False
2023-03-16 06:00:00,crop_sugarcane,15.91,,34.85,51.83,777.51,74,flowering,0.0,False
2023-03-16 14:00:00,crop_sugarcane,26.25,,14.48,74.04,684.16,74,maturity,0.0,False
2023-03-16 16:30:00,crop_sugarcane,18.62,,37.24,88.73,1393.63,74,flowering,0.0,False
2023-03-16 22:30:00,crop_sugarcane,8.66,,15.92,70.0,2325.87,74,maturity,0.0,False
2023-03-17 00:30:00,crop_sugarcane,39.17,,14.85,82.66,1459.32,74,maturity,0.0,False
2023-03-17 01:00:00,crop_sugarcane,13.84,,37.55,92.66,1593.82,74,maturity,0.0,False
2023-03-17 09:30:00,crop_sugarcane,20.54,,40.07,45.59,2065.09,75,vegetative,0.0,False
2023-03-17 17:30:00,crop_sugarcane,39.4,,22.62,79.16,1750.88,75,maturity,0.0,False
2023-03-17 20:30:00,crop_sugarcane,53.8,,39.02,94.01,959.73,75,flowering,0.0,False
2023-03-18 03:30:00,crop_sugarcane,43.55,,21.32,67.06,1192.66,75,maturity,0.0,False
2023-03-18 08:30:00,crop_sugarcane,38.79,,17.78,63.42,1488.65,76,maturity,0.0,False
2023-03-18 10:30:00,crop_sugarcane,63.08,,33.43,89.79,348.36,76,maturity,0.0,False
2023-03-18 13:30:00,crop_sugarcane,36.83,,17.59,77.16,2345.03,76,maturity,0.0,False
2023-03-18 14:00:00,crop_sugarcane,63.06,,15.97,55.75,1314.35,76,vegetative,0.0,False
2023-03-18 15:30:00,crop_sugarcane,53.48,,16.7,31.56,18.83,76,maturity,0.0,False
2023-03-18 20:30:00,crop_sugarcane,28.35,,19.7,78.86,2252.63,76,vegetative,0.0,False
2023-03-18 23:30:00,crop_sugarcane,30.68,,27.6,84.36,709.64,76,flowering,0.0,False
2023-03-19 03:00:00,crop_sugarcane,26.69,,28.38,64.69,867.5,76,maturity,0.0,False
2023-03-19 08:30:00,crop_sugarcane,54.23,,31.43,57.89,900.79,77,flowering,0.0,False
2023-03-19 12:00:00,crop_sugarcane,60.79,,13.4,50.62,261.01,77,vegetative,0.0,False
2023-03-19 13:30:00,crop_sugarcane,53.97,,21.74,46.17,1305.79,77,maturity,0.0,False
2023-03-19 14:30:00,crop_sugarcane,24.41,,37.38,33.14,2124.81,77,vegetative,0.0,False
2023-03-19 20:00:00,crop_sugarcane,33.88,,36.09,61.52,2288.37,77,flowering,0.0,False
2023-03-19 23:00:00,crop_sugarcane,45.78,,22.44,75.54,1331.54,77,flowering,0.0,False
2023-03-20 01:00:00,crop_sugarcane,8.22,,34.79,75.87,911.07,77,maturity,0.0,False
2023-03-20 02:30:00,crop_sugarcane,51.17,,41.57,43.34,1368.99,77,maturity,0.0,False
2023-03-20 04:00:00,crop_sugarcane,24.81,,20.24,26.3,2196.12,77,flowering,0.0,False
2023-03-20 08:00:00,crop_sugarcane,9.0,,18.49,78.38,2493.38,78,maturity,0.0,False
2023-03-20 10:00:00,crop_sugarcane,58.4,,36.18,50.9,1546.79,78,vegetative,0.0,False
2023-03-20 16:00:00,crop_sugarcane,19.79,,41.56,91.09,449.68,78,vegetative,0.0,False
2023-03-21 00:00:00,crop_sugarcane,49.97,,38.99,82.1,1945.5,78,vegetative,0.0,False
2023-03-21 02:30:00,crop_sugarcane,58.74,,24.1,81.3,381.57,78,flowering,0.0,False
2023-03-21 03:30:00,crop_sugarcane,63.75,,33.83,87.14,2215.65,78,maturity,0.0,False
2023-03-21 13:30:00,crop_sugarcane,14.05,,19.68,74.7,2080.76,79,maturity,0.0,False
2023-03-21 17:30:00,crop_sugarcane,55.24,,21.43,34.55,677.94,79,flowering,0.0,False
2023-03-21 20:30:00,crop_sugarcane,58.16,,41.88,37.47,961.94,79,flowering,0.0,False
2023-03-21 23:00:00,crop_sugarcane,62.02,,17.52,56.63,1638.57,79,vegetative,0.0,False
2023-03-22 00:30:00,crop_sugarcane,62.37,,34.45,87.95,1466.93,79,maturity,0.0,False
2023-03-22 10:30:00,crop_sugarcane,41.02,,18.23,90.72,1225.9,80,flowering,0.0,False
2023-03-22 12:00:00,crop_sugarcane,50.51,,24.99,70.25,2483.93,80,maturity,0.0,False
2023-03-22 15:00:00,crop_sugarcane,9.31,,30.14,75.88,888.29,80,maturity,0.0,False
2023-03-22 17:00:00,crop_sugarcane,58.64,,33.66,83.12,2337.21,80,flowering,0.0,False
2023-03-22 17:30:00,crop_sugarcane,59.84,,22.61,51.99,310.34,80,flowering,0.0,False
2023-03-22 19:00:00,crop_sugarcane,24.96,,17.5,89.9,508.8,80,maturity,0.0,False
2023-03-22 21:00:00,crop_sugarcane,43.9,,39.63,55.07,745.88,80,flowering,0.0,False
2023-03-22 22:30:00,crop_sugarcane,48.85,,22.05,33.56,1936.05,80,vegetative,0.0,False
2023-03-23 03:30:00,crop_sugarcane,46.03,,30.01,58.42,2462.51,80,flowering,0.0,False
2023-03-23 06:00:00,crop_sugarcane,28.3,,16.58,48.01,2299.63,81,maturity,0.0,False
2023-03-23 10:30:00,crop_sugarcane,22.24,,29.75,28.51,823.13,81,maturity,0.0,False
2023-03-23 17:30:00,crop_sugarcane,10.66,,34.62,67.76,357.75,81,flowering,0.0,False
2023-03-23 18:00:00,crop_sugarcane,22.28,,27.12,43.81,2050.35,81,vegetative,0.0,False
2023-03-23 21:30:00,crop_sugarcane,60.54,,20.65,79.89,1768.33,81,vegetative,0.0,False
2023-03-23 22:30:00,crop_sugarcane,48.41,,22.9,30.03,823.7,81,maturity,0.0,False
2023-03-23 23:30:00,crop_sugarcane,51.38,,35.21,42.92,1827.24,81,vegetative,0.0,False
2023-03-24 02:00:00,crop_sugarcane,46.71,,35.32,82.22,2125.19,81,maturity,0.0,False
2023-03-24 04:30:00,crop_sugarcane,64.17,,38.6,53.28,1849.9,81,maturity,0.0,False
2023-03-24 08:30:00,crop_sugarcane,47.4,,23.34,31.66,2422.87,82,vegetative,0.0,False
2023-03-24 09:00:00,crop_sugarcane,22.76,,24.96,66.16,2229.81,82,maturity,0.0,False
2023-03-24 10:30:00,crop_sugarcane,54.41,,20.13,26.38,2209.31,82,maturity,0.0,False
2023-03-24 20:00:00,crop_sugarcane,44.71,,19.65,89.11,758.68,82,flowering,0.0,False
2023-03-24 23:00:00,crop_sugarcane,15.02,,15.27,31.69,1503.39,82,maturity,0.0,False
2023-03-24 23:30:00,crop_sugarcane,29.32,,29.6,54.45,2001.19,82,vegetative,0.0,False
2023-03-25 02:00:00,crop_sugarcane,32.51,,38.0,59.14,2208.53,82,maturity,0.0,False
2023-03-25 16:00:00,crop_sugarcane,8.53,,35.28,87.94,861.24,83,maturity,0.0,False
2023-03-25 18:30:00,crop_sugarcane,59.1,,28.91,32.77,1442.29,83,maturity,0.0,False
2023-03-25 20:00:00,crop_sugarcane,27.71,,14.71,64.66,1840.0,83,vegetative,0.0,False
2023-03-25 22:30:00,crop_sugarcane,8.12,,22.69,78.58,725.99,83,flowering,0.0,False
2023-03-26 05:30:00,crop_sugarcane,37.09,,33.29,90.84,460.84,83,maturity,0.0,False
2023-03-26 06:30:00,crop_sugarcane,15.81,,19.39,68.06,1495.98,84,vegetative,0.0,False
2023-03-26 08:30:00,crop_sugarcane,26.1,,18.11,43.18,1416.9,84,flowering,0.0,False
2023-03-26 12:00:00,crop_sugarcane,46.4,,33.02,50.01,1477.27,84,maturity,0.0,False
2023-03-26 13:30:00,crop_sugarcane,60.22,,24.77,46.61,465.33,84,flowering,0.0,False
2023-03-26 14:00:00,crop_sugarcane,43.91,,33.16,77.79,994.25,84,vegetative,0.0,False
2023-03-26 15:00:00,crop_sugarcane,59.2,,38.11,81.05,1309.36,84,maturity,0.0,False
2023-03-26 17:30:00,crop_sugarcane,18.76,,24.67,69.44,1128.37,84,maturity,0.0,False
2023-03-26 19:00:00,crop_sugarcane,17.5,,12.03,32.05,1056.01,84,vegetative,0.0,False
2023-03-27 02:00:00,crop_sugarcane,60.66,,17.58,48.29,2401.47,84,vegetative,0.0,False
2023-03-27 06:00:00,crop_sugarcane,15.86,,18.58,91.01,1301.82,85,flowering,0.0,False
2023-03-27 09:00:00,crop_sugarcane,14.16,,12.98,60.16,1381.34,85,maturity,0.0,False
2023-03-27 16:00:00,crop_sugarcane,38.74,,36.93,49.57,2118.54,85,flowering,0.0,False
2023-03-27 17:30:00,crop_sugarcane,34.44,,31.67,72.85,301.1,85,maturity,0.0,False
2023-03-27 18:00:00,crop_sugarcane,23.73,,38.5,58.47,728.94,85,flowering,0.0,False
2023-03-27 20:00:00,crop_sugarcane,16.71,,34.47,94.96,1138.98,85,maturity,0.0,False
2023-03-28 04:30:00,crop_sugarcane,10.91,,37.97,85.13,1319.34,85,vegetative,0.0,False
2023-03-28 06:30:00,crop_sugarcane,48.84,,15.74,72.27,2060.69,86,maturity,0.0,False
2023-03-28 08:30:00,crop_sugarcane,18.79,,40.89,82.74,1718.43,86,flowering,0.0,False
2023-03-28 10:00:00,crop_sugarcane,17.86,,26.93,77.47,1734.29,86,flowering,0.0,False
2023-03-28 16:00:00,crop_sugarcane,44.61,,12.35,93.49,208.1,86,maturity,0.0,False
2023-03-28 17:30:00,crop_sugarcane,14.97,,18.9,58.92,110.2,86,flowering,0.0,False
2023-03-28 18:30:00,crop_sugarcane,52.69,,26.28,55.85,269.29,86,vegetative,0.0,False
2023-03-28 19:30:00,crop_sugarcane,29.86,,16.95,62.81,676.03,86,flowering,0.0,False
2023-03-29 00:30:00,crop_sugarcane,11.04,,19.26,39.06,1520.11,86,vegetative,0.0,False
2023-03-29 05:00:00,crop_sugarcane,54.31,,20.83,59.54,332.27,86,vegetative,0.0,False
2023-03-29 15:00:00,crop_sugarcane,62.33,,22.58,45.98,1153.65,87,vegetative,0.0,False
2023-03-29 15:30:00,crop_sugarcane,64.17,,12.11,64.4,23.71,87,vegetative,0.0,False
2023-03-29 16:30:00,crop_sugarcane,62.17,,15.8,75.21,1122.5,87,maturity,0.0,False
2023-03-29 18:00:00,crop_sugarcane,44.64,,27.31,89.47,1081.64,87,maturity,0.0,False
2023-03-29 21:00:00,crop_sugarcane,43.68,,29.08,74.84,847.4,87,vegetative,0.0,False
2023-03-29 22:00:00,crop_sugarcane,19.75,,38.07,94.86,385.97,87,vegetative,0.0,False
2023-03-29 23:00:00,crop_sugarcane,50.93,,31.68,67.5,1452.84,87,flowering,0.0,False
2023-03-29 23:30:00,crop_sugarcane,62.83,,15.39,62.17,528.35,87,flowering,0.0,False
2023-03-30 06:30:00,crop_sugarcane,15.92,,38.04,86.1,2409.87,88,maturity,0.0,False
2023-03-30 07:00:00,crop_sugarcane,60.14,,24.86,29.95,1725.27,88,maturity,0.0,False
2023-03-30 09:30:00,crop_sugarcane,43.87,,23.27,63.37,1081.17,88,vegetative,0.0,False
2023-03-30 10:00:00,crop_sugarcane,64.7,,39.28,78.67,1483.78,88,maturity,0.0,False
2023-03-30 10:30:00,crop_sugarcane,64.78,,28.92,94.79,464.89,88,flowering,0.0,False
2023-03-30 17:30:00,crop_sugarcane,15.13,,30.0,86.14,1194.88,88,maturity,0.0,False
2023-03-30 21:30:00,crop_sugarcane,50.85,,25.62,57.84,922.17,88,maturity,0.0,False
2023-03-30 23:00:00,crop_sugarcane,36.19,,30.85,37.41,114.15,88,maturity,0.0,False
2023-03-30 23:30:00,crop_sugarcane,64.51,,18.07,87.09,1038.46,88,flowering,0.0,False
2023-03-31 03:30:00,crop_sugarcane,31.25,,24.3,68.44,596.12,88,maturity,0.0,False
2023-03-31 05:00:00,crop_sugarcane,42.15,,12.38,85.29,2365.43,88,maturity,0.0,False
2023-03-31 12:30:00,crop_sugarcane,41.09,,16.1,48.11,1303.63,89,vegetative,0.0,False
2023-03-31 17:30:00,crop_sugarcane,17.15,,30.42,27.01,221.1,89,flowering,0.0,False
2023-04-01 00:30:00,crop_sugarcane,62.94,,34.17,50.48,912.71,89,flowering,0.0,False
2023-04-01 04:00:00,crop_sugarcane,12.31,,13.57,34.63,88.42,89,flowering,0.0,False
2023-04-01 09:30:00,crop_sugarcane,35.6,,39.97,57.45,1422.95,90,flowering,0.0,False
2023-04-01 11:00:00,crop_sugarcane,53.67,,29.43,51.63,2295.05,90,maturity,0.0,False
2023-04-01 14:30:00,crop_sugarcane,64.84,,41.68,87.14,877.35,90,flowering,0.0,False
2023-04-01 15:00:00,crop_sugarcane,9.74,,16.49,54.19,2213.79,90,maturity,0.0,False
2023-04-01 18:00:00,crop_sugarcane,50.01,,15.05,29.02,640.81,90,flowering,0.0,False
2023-04-01 19:30:00,crop_sugarcane,13.02,,12.48,79.99,1743.77,90,flowering,0.0,False
2023-04-02 02:00:00,crop_sugarcane,26.86,,14.03,59.78,2214.67,90,maturity,0.0,False
2023-04-02 06:30:00,crop_sugarcane,8.73,,27.98,48.33,1397.1,91,flowering,0.0,False
2023-04-02 07:00:00,crop_sugarcane,59.39,,21.26,82.73,1722.04,91,maturity,0.0,False
2023-04-02 11:30:00,crop_sugarcane,52.92,,37.67,50.09,2102.16,91,maturity,0.0,False
2023-04-02 14:00:00,crop_sugarcane,52.79,,16.82,40.19,231.04,91,maturity,0.0,False
2023-04-02 16:30:00,crop_sugarcane,36.5,,19.79,43.0,2298.45,91,vegetative,0.0,False
2023-04-02 21:00:00,crop_sugarcane,40.4,,13.38,49.53,2224.52,91,maturity,0.0,False
2023-04-03 04:30:00,crop_sugarcane,34.05,,29.02,64.19,1107.78,91,maturity,0.0,False
2023-04-03 06:00:00,crop_sugarcane,29.03,,34.4,44.03,2343.13,92,maturity,0.0,False
2023-04-03 11:00:00,crop_sugarcane,48.48,,37.01,45.81,2064.72,92,vegetative,0.0,False
2023-04-03 16:00:00,crop_sugarcane,18.95,,28.93,62.19,2029.79,92,flowering,0.0,False
2023-04-03 17:00:00,crop_sugarcane,29.89,,31.39,56.59,1807.88,92,maturity,0.0,False
2023-04-03 18:00:00,crop_sugarcane,33.08,,35.02,37.5,355.92,92,maturity,0.0,False
2023-04-03 18:30:00,crop_sugarcane,30.37,,15.32,52.12,1415.13,92,vegetative,0.0,False
2023-04-04 01:30:00,crop_sugarcane,30.76,,35.71,65.97,713.87,92,maturity,0.0,False
2023-04-04 02:30:00,crop_sugarcane,31.11,,22.76,65.28,2143.42,92,maturity,0.0,False
2023-04-04 03:30:00,crop_sugarcane,63.6,,30.5,90.28,1320.93,92,maturity,0.0,False
2023-04-04 05:30:00,crop_sugarcane,12.26,,21.18,60.74,39.07,92,maturity,0.0,False
2023-04-04 06:30:00,crop_sugarcane,10.56,,26.83,28.47,1214.23,93,flowering,0.0,False
2023-04-04 07:00:00,crop_sugarcane,24.67,,34.3,58.06,1290.28,93,flowering,0.0,False
2023-04-04 08:30:00,crop_sugarcane,15.05,,16.68,82.17,1618.01,93,flowering,0.0,False
2023-04-04 10:30:00,crop_sugarcane,23.94,,19.99,49.43,259.41,93,maturity,0.0,False
2023-04-04 12:30:00,crop_sugarcane,21.66,,33.77,69.83,781.16,93,flowering,0.0,False
2023-04-04 13:00:00,crop_sugarcane,61.14,,32.89,63.95,1396.89,93,maturity,0.0,False
2023-04-04 14:00:00,crop_sugarcane,54.44,,39.48,27.88,274.84,93,flowering,0.0,False
2023-04-04 16:00:00,crop_sugarcane,58.77,,32.88,93.99,589.12,93,maturity,0.0,False
2023-04-04 18:00:00,crop_sugarcane,17.44,,27.38,54.05,1245.23,93,flowering,0.0,False
2023-04-04 21:30:00,crop_sugarcane,58.69,,33.27,59.83,909.8,93,maturity,0.0,False
2023-04-04 22:30:00,crop_sugarcane,49.0,,32.96,43.68,1676.37,93,vegetative,0.0,False
2023-04-05 06:00:00,crop_sugarcane,50.06,,25.74,46.42,1590.19,94,maturity,0.0,False
2023-04-05 07:30:00,crop_sugarcane,24.61,,13.88,25.28,1774.63,94,maturity,0.0,False
2023-04-05 08:00:00,crop_sugarcane,60.73,,23.8,44.93,2171.19,94,maturity,0.0,False
2023-04-05 08:30:00,crop_sugarcane,39.46,,30.44,26.22,2135.95,94,maturity,0.0,False
2023-04-05 10:30:00,crop_sugarcane,57.85,,30.83,81.29,1912.16,94,maturity,0.0,False
2023-04-05 13:30:00,crop_sugarcane,20.49,,34.93,91.82,2094.72,94,maturity,0.0,False
2023-04-05 14:00:00,crop_sugarcane,60.79,,20.68,91.34,881.67,94,flowering,0.0,False
2023-04-05 15:30:00,crop_sugarcane,19.0,,18.2,39.55,582.41,94,vegetative,0.0,False
2023-04-05 16:00:00,crop_sugarcane,64.93,,20.96,88.07,120.59,94,maturity,0.0,False
2023-04-05 21:00:00,crop_sugarcane,61.1,,26.43,77.92,808.12,94,maturity,0.0,False
2023-04-06 02:30:00,crop_sugarcane,58.84,,20.4,45.07,102.98,94,maturity,0.0,False
2023-04-06 04:00:00,crop_sugarcane,12.72,,39.03,37.34,864.82,94,maturity,0.0,False
2023-04-06 04:30:00,crop_sugarcane,41.69,,15.7,38.19,770.11,94,maturity,0.0,False
2023-04-06 05:30:00,crop_sugarcane,63.74,,30.33,81.16,434.27,94,vegetative,0.0,False
2023-04-06 07:00:00,crop_sugarcane,52.18,,30.89,31.59,1184.93,95,flowering,0.0,False
2023-04-06 08:00:00,crop_sugarcane,40.05,,14.76,66.42,2034.35,95,maturity,0.0,False
2023-04-06 09:30:00,crop_sugarcane,20.87,,26.18,74.23,2330.99,95,maturity,0.0,False
2023-04-06 15:00:00,crop_sugarcane,50.87,,23.11,38.76,2490.62,95,maturity,0.0,False
2023-04-06 20:30:00,crop_sugarcane,11.33,,24.3,94.89,1878.51,95,maturity,0.0,False
2023-04-06 21:00:00,crop_sugarcane,39.12,,26.05,39.01,1022.63,95,vegetative,0.0,False
2023-04-06 21:30:00,crop_sugarcane,47.92,,15.71,42.07,129.44,95,flowering,0.0,False
2023-04-07 00:30:00,crop_sugarcane,42.1,,20.85,86.23,1746.67,95,maturity,0.0,False
2023-04-07 01:00:00,crop_sugarcane,11.02,,17.45,83.78,36.88,95,maturity,0.0,False
2023-04-07 02:00:00,crop_sugarcane,9.18,,39.62,60.95,1944.63,95,maturity,0.0,False
2023-04-07 04:00:00,crop_sugarcane,42.53,,31.03,51.72,2355.49,95,flowering,0.0,False
2023-04-07 04:30:00,crop_sugarcane,24.46,,27.89,92.79,1394.28,95,maturity,0.0,False
2023-04-07 10:30:00,crop_sugarcane,45.19,,34.09,56.51,2248.37,96,maturity,0.0,False
2023-04-07 11:30:00,crop_sugarcane,13.71,,19.39,55.09,1522.14,96,vegetative,0.0,False
2023-04-07 13:30:00,crop_sugarcane,41.56,,27.92,58.84,155.86,96,vegetative,0.0,False
2023-04-07 18:00:00,crop_sugarcane,47.3,,33.1,64.06,1975.82,96,maturity,0.0,False
2023-04-07 20:30:00,crop_sugarcane,16.33,,27.64,38.15,1997.42,96,flowering,0.0,False
2023-04-07 21:30:00,crop_sugarcane,35.49,,18.9,72.33,1156.85,96,vegetative,0.0,False
2023-04-07 23:00:00,crop_sugarcane,38.49,,36.44,42.84,1351.56,96,maturity,0.0,False
2023-04-08 01:00:00,crop_sugarcane,57.56,,19.99,39.97,325.67,96,maturity,0.0,False
2023-04-08 03:30:00,crop_sugarcane,29.7,,16.79,86.84,165.05,96,maturity,0.0,False
2023-04-08 11:00:00,crop_sugarcane,9.06,,23.34,40.35,1458.19,97,vegetative,0.0,False
2023-04-08 13:00:00,crop_sugarcane,43.14,,23.38,60.35,1465.67,97,vegetative,0.0,False
2023-04-08 17:30:00,crop_sugarcane,11.75,,13.05,59.21,1988.49,97,flowering,0.0,False
2023-04-08 19:00:00,crop_sugarcane,48.95,,32.54,47.46,182.7,97,maturity,0.0,False
2023-04-08 22:00:00,crop_sugarcane,47.04,,32.66,89.51,188.67,97,flowering,0.0,False
2023-04-09 02:00:00,crop_sugarcane,12.34,,13.14,56.59,1119.63,97,vegetative,0.0,False
2023-04-09 03:00:00,crop_sugarcane,26.74,,20.59,75.77,1745.89,97,vegetative,0.0,False
2023-04-09 04:00:00,crop_sugarcane,34.58,,14.28,57.54,585.57,97,vegetative,0.0,False
2023-04-09 06:00:00,crop_sugarcane,9.38,,28.89,33.27,1731.69,98,maturity,0.0,False
2023-04-09 11:30:00,crop_sugarcane,11.03,,28.51,25.57,1061.07,98,maturity,0.0,False
2023-04-09 12:30:00,crop_sugarcane,45.96,,39.83,73.9,1223.92,98,vegetative,0.0,False
2023-04-09 13:00:00,crop_sugarcane,36.42,,14.01,68.35,1325.41,98,flowering,0.0,False
2023-04-09 19:30:00,crop_sugarcane,33.84,,27.09,63.28,635.28,98,maturity,0.0,False
2023-04-09 21:30:00,crop_sugarcane,48.42,,33.03,40.23,894.73,98,maturity,0.0,False
2023-04-10 01:00:00,crop_sugarcane,64.06,,19.29,82.09,663.59,98,flowering,0.0,False
2023-04-10 03:30:00,crop_sugarcane,25.97,,26.04,78.14,2200.58,98,flowering,0.0,False
2023-04-10 18:30:00,crop_sugarcane,42.85,,37.88,41.43,2166.82,99,maturity,0.0,False
2023-04-10 21:30:00,crop_sugarcane,54.07,,24.23,82.69,2241.06,99,vegetative,0.0,False
2023-04-11 01:00:00,crop_sugarcane,35.71,,12.16,56.35,401.4,99,flowering,0.0,False
2023-04-11 06:00:00,crop_sugarcane,59.14,,13.76,35.27,1476.4,100,maturity,0.0,False
2023-04-11 08:00:00,crop_sugarcane,52.2,,17.7,53.29,1079.72,100,vegetative,0.0,False
2023-04-11 10:30:00,crop_sugarcane,30.6,,12.88,28.99,1235.0,100,maturity,0.0,False
2023-04-11 18:30:00,crop_sugarcane,30.11,,34.93,78.62,2010.55,100,maturity,0.0,False
2023-04-11 19:00:00,crop_sugarcane,17.1,,15.77,33.86,2102.82,100,vegetative,0.0,False
2023-04-11 19:30:00,crop_sugarcane,58.65,,24.55,63.9,635.79,100,maturity,0.0,False
2023-04-11 21:00:00,crop_sugarcane,52.16,,33.99,90.51,1994.39,100,flowering,0.0,False
2023-04-12 01:30:00,crop_sugarcane,21.74,,28.15,87.68,900.07,100,flowering,0.0,False
2023-04-12 03:30:00,crop_sugarcane,53.37,,40.07,29.52,1797.89,100,vegetative,0.0,False
2023-04-12 09:30:00,crop_sugarcane,39.11,,29.26,60.4,157.38,101,flowering,0.0,False
2023-04-12 10:00:00,crop_sugarcane,45.27,,33.15,32.57,535.28,101,maturity,0.0,False
2023-04-12 16:30:00,crop_sugarcane,51.62,,25.89,38.13,600.16,101,vegetative,0.0,False
2023-04-12 17:30:00,crop_sugarcane,17.85,,14.29,32.42,584.33,101,flowering,0.0,False
2023-04-12 20:30:00,crop_sugarcane,56.5,,25.14,80.27,501.07,101,flowering,0.0,False
2023-04-13 10:30:00,crop_sugarcane,20.44,,37.08,61.22,900.21,102,vegetative,0.0,False
2023-04-13 12:30:00,crop_sugarcane,28.22,,15.86,71.29,1454.85,102,maturity,0.0,False
2023-04-13 15:00:00,crop_sugarcane,62.31,,26.92,71.14,587.23,102,flowering,0.0,False
2023-04-13 17:30:00,crop_sugarcane,50.99,,24.12,80.79,647.9,102,maturity,0.0,False
2023-04-13 20:30:00,crop_sugarcane,54.29,,29.89,35.58,1386.81,102,vegetative,0.0,False
2023-04-13 21:30:00,crop_sugarcane,17.56,,33.77,46.1,2403.34,102,vegetative,0.0,False
2023-04-13 23:30:00,crop_sugarcane,54.91,,37.57,41.96,125.68,102,flowering,0.0,False
2023-04-14 01:30:00,crop_sugarcane,17.29,,19.42,91.03,1796.85,102,flowering,0.0,False
2023-04-14 02:30:00,crop_sugarcane,34.42,,41.58,32.32,1470.32,102,vegetative,0.0,False
2023-04-14 03:30:00,crop_sugarcane,62.31,,33.24,37.34,1570.91,102,flowering,0.0,False
2023-04-14 05:30:00,crop_sugarcane,64.8,,29.16,38.94,1238.72,102,flowering,0.0,False
2023-04-14 10:30:00,crop_sugarcane,12.92,,25.07,74.4,1292.26,103,maturity,0.0,False
2023-04-14 15:00:00,crop_sugarcane,51.51,,17.28,31.5,1665.84,103,maturity,0.0,False
2023-04-14 21:30:00,crop_sugarcane,53.02,,26.06,92.79,953.66,103,vegetative,0.0,False
2023-04-14 22:30:00,crop_sugarcane,62.08,,34.24,34.01,1764.78,103,maturity,0.0,False
2023-04-15 00:00:00,crop_sugarcane,13.1,,28.79,46.07,353.27,103,maturity,0.0,False
2023-04-15 01:00:00,crop_sugarcane,59.36,,24.84,79.54,577.65,103,flowering,0.0,False
2023-04-15 04:00:00,crop_sugarcane,49.61,,37.42,76.91,106.65,103,maturity,0.0,False
2023-04-15 04:30:00,crop_sugarcane,18.52,,26.84,86.68,2071.26,103,maturity,0.0,False
2023-04-15 08:00:00,crop_sugarcane,48.45,,23.21,39.19,2058.94,104,vegetative,0.0,False
2023-04-15 08:30:00,crop_sugarcane,21.13,,22.03,86.28,1551.25,104,vegetative,0.0,False
2023-04-15 11:00:00,crop_sugarcane,27.49,,15.13,56.8,1718.18,104,vegetative,0.0,False
2023-04-15 12:00:00,crop_sugarcane,50.28,,21.69,75.32,1222.09,104,maturity,0.0,False
2023-04-15 14:30:00,crop_sugarcane,26.23,,33.95,57.54,718.56,104,maturity,0.0,False
2023-04-15 15:30:00,crop_sugarcane,46.36,,32.05,43.08,329.2,104,maturity,0.0,False
2023-04-15 16:00:00,crop_sugarcane,38.26,,16.75,60.49,91.99,104,vegetative,0.0,False
2023-04-15 21:30:00,crop_sugarcane,54.33,,23.86,66.35,712.58,104,flowering,0.0,False
2023-04-16 00:00:00,crop_sugarcane,19.5,,32.43,40.3,898.47,104,maturity,0.0,False
2023-04-16 00:30:00,crop_sugarcane,50.87,,33.02,91.03,1053.68,104,maturity,0.0,False
2023-04-16 01:00:00,crop_sugarcane,48.43,,12.83,57.8,9.59,104,vegetative,0.0,False
2023-04-16 03:00:00,crop_sugarcane,25.88,,20.94,93.55,347.62,104,flowering,0.0,False
2023-04-16 03:30:00,crop_sugarcane,19.16,,24.63,46.28,1196.92,104,maturity,0.0,False
2023-04-16 04:00:00,crop_sugarcane,37.42,,33.31,93.45,1671.17,104,vegetative,0.0,False
2023-04-16 06:30:00,crop_sugarcane,32.25,,36.96,41.58,852.09,105,vegetative,0.0,False
2023-04-16 07:00:00,crop_sugarcane,50.41,,30.29,73.79,1318.98,105,maturity,0.0,False
2023-04-16 15:30:00,crop_sugarcane,16.72,,14.47,51.14,1680.21,105,flowering,0.0,False
2023-04-16 18:00:00,crop_sugarcane,17.42,,14.42,48.5,1216.35,105,flowering,0.0,False
2023-04-17 00:30:00,crop_sugarcane,36.48,,37.94,75.68,398.16,105,flowering,0.0,False
2023-04-17 04:30:00,crop_sugarcane,42.04,,38.08,54.54,867.79,105,vegetative,0.0,False
2023-04-17 06:30:00,crop_sugarcane,11.05,,17.12,90.04,1146.33,106,maturity,0.0,False
2023-04-17 08:00:00,crop_sugarcane,43.7,,26.1,88.02,143.28,106,maturity,0.0,False
2023-04-17 10:00:00,crop_sugarcane,45.17,,33.01,83.38,2041.22,106,maturity,0.0,False
2023-04-17 12:30:00,crop_sugarcane,48.01,,24.55,79.62,442.04,106,maturity,0.0,False
2023-04-17 15:00:00,crop_sugarcane,12.45,,16.83,92.09,816.45,106,vegetative,0.0,False
2023-04-17 16:30:00,crop_sugarcane,62.33,,13.69,47.76,914.52,106,maturity,0.0,False
2023-04-17 18:00:00,crop_sugarcane,42.58,,22.74,33.75,1119.63,106,maturity,0.0,False
2023-04-17 21:30:00,crop_sugarcane,10.84,,14.11,67.0,1378.57,106,maturity,0.0,False
2023-04-18 01:00:00,crop_sugarcane,52.14,,31.76,86.17,1862.01,106,vegetative,0.0,False
2023-04-18 02:30:00,crop_sugarcane,17.91,,26.32,39.72,1606.13,106,flowering,0.0,False
2023-04-18 03:30:00,crop_sugarcane,47.22,,23.59,38.98,1134.08,106,flowering,0.0,False
2023-04-18 04:00:00,crop_sugarcane,45.16,,30.04,27.65,361.36,106,vegetative,0.0,False
2023-04-18 05:30:00,crop_sugarcane,21.03,,30.09,91.64,1564.11,106,maturity,0.0,False
2023-04-18 10:00:00,crop_sugarcane,34.15,,14.89,92.47,2137.53,107,maturity,0.0,False
2023-04-18 15:30:00,crop_sugarcane,54.01,,33.22,25.71,69.34,107,vegetative,0.0,False
2023-04-18 22:00:00,crop_sugarcane,61.1,,30.68,83.64,2192.32,107,maturity,0.0,False
2023-04-18 22:30:00,crop_sugarcane,46.16,,28.7,78.96,137.59,107,maturity,0.0,False
2023-04-18 23:00:00,crop_sugarcane,59.99,,38.57,27.63,1693.39,107,flowering,0.0,False
2023-04-19 12:30:00,crop_sugarcane,18.95,,29.97,51.29,839.19,108,maturity,0.0,False
2023-04-19 14:30:00,crop_sugarcane,27.69,,37.96,26.14,847.22,108,maturity,0.0,False
2023-04-19 18:30:00,crop_sugarcane,57.15,,18.62,38.81,330.65,108,maturity,0.0,False
2023-04-20 02:30:00,crop_sugarcane,58.01,,26.05,53.11,637.69,108,vegetative,0.0,False
2023-04-20 05:00:00,crop_sugarcane,61.45,,29.9,67.07,1061.21,108,vegetative,0.0,False
2023-04-20 11:30:00,crop_sugarcane,43.08,,31.81,29.23,715.5,109,maturity,0.0,False
2023-04-20 14:00:00,crop_sugarcane,55.85,,25.82,46.64,811.66,109,maturity,0.0,False
2023-04-20 17:30:00,crop_sugarcane,28.18,,30.97,30.11,1369.83,109,maturity,0.0,False
2023-04-20 20:30:00,crop_sugarcane,64.85,,19.07,43.3,1498.67,109,vegetative,0.0,False
2023-04-20 21:30:00,crop_sugarcane,23.6,,19.15,40.36,43.5,109,flowering,0.0,False
2023-04-20 23:00:00,crop_sugarcane,56.07,,24.92,85.48,1434.13,109,vegetative,0.0,False
2023-04-21 05:30:00,crop_sugarcane,54.39,,36.04,71.37,1324.32,109,maturity,0.0,False
2023-04-21 06:00:00,crop_sugarcane,37.55,,38.17,51.56,889.83,110,maturity,0.0,False
2023-04-21 07:30:00,crop_sugarcane,16.93,,32.4,85.11,1292.82,110,vegetative,0.0,False
2023-04-21 12:00:00,crop_sugarcane,42.75,,15.04,62.94,1769.78,110,maturity,0.0,False
2023-04-21 13:00:00,crop_sugarcane,29.02,,20.21,39.69,1162.76,110,maturity,0.0,False
2023-04-21 20:00:00,crop_sugarcane,42.66,,16.67,62.29,2206.52,110,maturity,0.0,False
2023-04-21 21:00:00,crop_sugarcane,29.79,,17.15,57.6,868.73,110,maturity,0.0,False
2023-04-21 23:00:00,crop_sugarcane,14.98,,16.71,69.84,745.38,110,flowering,0.0,False
2023-04-22 04:00:00,crop_sugarcane,51.21,,18.69,51.93,1418.54,110,flowering,0.0,False
2023-04-22 04:30:00,crop_sugarcane,9.92,,26.77,82.36,2062.17,110,maturity,0.0,False
2023-04-22 07:30:00,crop_sugarcane,11.59,,28.71,40.1,2440.96,111,maturity,0.0,False
2023-04-22 10:30:00,crop_sugarcane,38.22,,14.76,78.77,1265.3,111,maturity,0.0,False
2023-04-22 22:00:00,crop_sugarcane,53.03,,39.02,73.84,516.54,111,vegetative,0.0,False
2023-04-22 22:30:00,crop_sugarcane,33.01,,18.73,74.73,625.79,111,vegetative,0.0,False
2023-04-23 01:00:00,crop_sugarcane,25.58,,15.94,85.28,1720.0,111,maturity,0.0,False
2023-04-23 08:00:00,crop_sugarcane,23.52,,12.98,82.39,1694.09,112,maturity,0.0,False
2023-04-23 14:00:00,crop_sugarcane,32.04,,14.95,73.69,356.91,112,vegetative,0.0,False
2023-04-23 15:00:00,crop_sugarcane,60.36,,30.09,57.23,2285.0,112,maturity,0.0,False
2023-04-23 16:30:00,crop_sugarcane,31.77,,30.54,32.36,604.39,112,maturity,0.0,False
2023-04-23 18:30:00,crop_sugarcane,36.58,,12.23,88.39,578.12,112,flowering,0.0,False
2023-04-23 20:30:00,crop_sugarcane,62.05,,30.36,34.63,2116.6,112,maturity,0.0,False
2023-04-24 09:00:00,crop_sugarcane,24.09,,16.21,63.39,1901.07,113,vegetative,0.0,False
2023-04-24 16:30:00,crop_sugarcane,38.99,,16.2,72.14,1560.01,113,flowering,0.0,False
2023-04-24 19:00:00,crop_sugarcane,28.49,,12.65,25.18,1819.38,113,flowering,0.0,False
2023-04-24 19:30:00,crop_sugarcane,11.62,,36.33,47.23,1025.38,113,maturity,0.0,False
2023-04-24 21:30:00,crop_sugarcane,58.8,,26.95,43.53,1584.84,113,maturity,0.0,False
2023-04-24 22:00:00,crop_sugarcane,35.51,,41.98,30.48,181.35,113,vegetative,0.0,False
2023-04-25 03:00:00,crop_sugarcane,19.43,,13.07,45.19,108.6,113,vegetative,0.0,False
2023-04-25 04:00:00,crop_sugarcane,56.18,,15.76,26.86,485.69,113,maturity,0.0,False
2023-04-25 07:30:00,crop_sugarcane,50.84,,21.43,55.09,1924.68,114,vegetative,0.0,False
2023-04-25 09:00:00,crop_sugarcane,63.45,,16.88,91.59,2447.66,114,flowering,0.0,False
2023-04-25 09:30:00,crop_sugarcane,12.82,,18.42,85.41,580.48,114,flowering,0.0,False
2023-04-25 11:30:00,crop_sugarcane,62.77,,19.95,80.1,311.08,114,maturity,0.0,False
2023-04-25 12:00:00,crop_sugarcane,31.08,,17.05,40.28,1846.55,114,maturity,0.0,False
2023-04-25 14:30:00,crop_sugarcane,35.84,,41.04,73.7,2048.37,114,maturity,0.0,False
2023-04-25 18:00:00,crop_sugarcane,19.75,,21.7,25.61,421.75,114,flowering,0.0,False
2023-04-25 18:30:00,crop_sugarcane,22.31,,29.53,36.56,1479.55,114,vegetative,0.0,False
2023-04-26 01:30:00,crop_sugarcane,51.64,,38.14,81.76,812.38,114,vegetative,0.0,False
2023-04-26 03:00:00,crop_sugarcane,63.68,,39.97,41.43,701.91,114,maturity,0.0,False
2023-04-26 05:00:00,crop_sugarcane,22.03,,33.58,60.82,1122.77,114,maturity,0.0,False
2023-04-26 06:00:00,crop_sugarcane,31.94,,24.62,88.14,656.14,115,vegetative,0.0,False
2023-04-26 09:30:00,crop_sugarcane,50.72,,25.64,83.82,758.74,115,maturity,0.0,False
2023-04-26 10:00:00,crop_sugarcane,44.52,,21.45,60.38,1783.83,115,maturity,0.0,False
2023-04-26 18:00:00,crop_sugarcane,31.02,,35.01,50.95,700.42,115,maturity,0.0,False
2023-04-26 19:30:00,crop_sugarcane,15.58,,38.36,58.18,1983.18,115,flowering,0.0,False
2023-04-26 21:00:00,crop_sugarcane,38.86,,12.75,86.12,909.24,115,vegetative,0.0,False
2023-04-27 02:30:00,crop_sugarcane,41.98,,32.69,85.32,1582.69,115,maturity,0.0,False
2023-04-27 03:00:00,crop_sugarcane,61.72,,26.04,80.2,728.16,115,vegetative,0.0,False
2023-04-27 06:30:00,crop_sugarcane,20.81,,31.65,29.84,342.35,116,maturity,0.0,False
2023-04-27 10:00:00,crop_sugarcane,57.04,,27.89,88.4,1744.68,116,vegetative,0.0,False
2023-04-27 13:30:00,crop_sugarcane,18.18,,18.34,79.91,2377.44,116,maturity,0.0,False
2023-04-27 17:30:00,crop_sugarcane,47.29,,12.58,65.79,1295.01,116,maturity,0.0,False
2023-04-27 20:30:00,crop_sugarcane,44.8,,27.35,38.97,2495.77,116,maturity,0.0,False
2023-04-27 23:30:00,crop_sugarcane,14.86,,39.97,49.95,703.05,116,vegetative,0.0,False
2023-04-28 01:30:00,crop_sugarcane,34.89,,28.28,48.18,1523.81,116,flowering,0.0,False
2023-04-28 07:00:00,crop_sugarcane,54.47,,21.53,44.62,1310.16,117,maturity,0.0,False
2023-04-28 07:30:00,crop_sugarcane,47.02,,37.08,70.89,2044.68,117,maturity,0.0,False
2023-04-28 08:00:00,crop_sugarcane,56.14,,18.35,38.33,1611.61,117,maturity,0.0,False
2023-04-28 08:30:00,crop_sugarcane,42.23,,17.99,69.04,2117.87,117,flowering,0.0,False
2023-04-28 12:00:00,crop_sugarcane,27.05,,19.91,89.3,1519.6,117,flowering,0.0,False
2023-04-28 13:30:00,crop_sugarcane,14.79,,33.04,69.64,2143.25,117,maturity,0.0,False
2023-04-28 15:00:00,crop_sugarcane,11.61,,37.84,44.26,2047.93,117,maturity,0.0,False
2023-04-28 16:30:00,crop_sugarcane,47.65,,32.38,52.57,1900.84,117,maturity,0.0,False
2023-04-28 20:00:00,crop_sugarcane,15.9,,36.16,65.36,1463.75,117,maturity,0.0,False
2023-04-28 20:30:00,crop_sugarcane,35.75,,23.32,46.7,1586.61,117,maturity,0.0,False
2023-04-28 22:00:00,crop_sugarcane,49.86,,34.91,39.04,1373.89,117,maturity,0.0,False
2023-04-29 01:00:00,crop_sugarcane,58.16,,34.67,86.12,206.43,117,maturity,0.0,False
2023-04-29 03:00:00,crop_sugarcane,12.43,,31.5,38.43,2306.92,117,maturity,0.0,False
2023-04-29 04:00:00,crop_sugarcane,41.86,,21.77,37.78,1794.58,117,maturity,0.0,False
2023-04-29 04:30:00,crop_sugarcane,24.37,,28.7,60.68,143.96,117,vegetative,0.0,False
2023-04-29 07:00:00,crop_sugarcane,31.08,,28.51,71.63,1630.78,118,maturity,0.0,False
2023-04-29 10:00:00,crop_sugarcane,23.67,,36.98,70.52,2055.94,118,vegetative,0.0,False
2023-04-29 11:00:00,crop_sugarcane,37.01,,40.94,85.07,342.83,118,vegetative,0.0,False
2023-04-29 12:00:00,crop_sugarcane,55.32,,30.7,34.49,202.84,118,maturity,0.0,False
2023-04-29 20:30:00,crop_sugarcane,63.94,,25.93,35.86,45.69,118,maturity,0.0,False
2023-04-29 21:00:00,crop_sugarcane,52.16,,27.55,50.61,48.37,118,maturity,0.0,False
2023-04-29 22:00:00,crop_sugarcane,38.27,,37.0,53.61,1848.1,118,flowering,0.0,False
2023-04-30 03:00:00,crop_sugarcane,53.86,,19.77,34.59,2103.58,118,flowering,0.0,False
2023-04-30 13:00:00,crop_sugarcane,22.84,,25.26,93.6,2252.01,119,vegetative,0.0,False
2023-04-30 13:30:00,crop_sugarcane,20.15,,29.94,32.69,131.46,119,maturity,0.0,False
2023-04-30 14:30:00,crop_sugarcane,42.14,,38.93,71.23,968.08,119,flowering,0.0,False
2023-04-30 15:00:00,crop_sugarcane,51.53,,40.69,90.19,2323.49,119,flowering,0.0,False
2023-04-30 15:30:00,crop_sugarcane,62.54,,33.92,47.62,2110.51,119,vegetative,0.0,False
2023-04-30 16:00:00,crop_sugarcane,44.71,,28.2,48.24,119.4,119,maturity,0.0,False
2023-04-30 18:30:00,crop_sugarcane,34.84,,36.28,42.05,924.31,119,maturity,0.0,False
2023-04-30 19:00:00,crop_sugarcane,59.04,,24.99,75.96,685.14,119,maturity,0.0,False
2023-04-30 21:00:00,crop_sugarcane,36.83,,26.48,36.05,2284.88,119,maturity,0.0,False
2023-05-01 00:00:00,crop_sugarcane,29.49,,21.81,33.32,1354.75,119,flowering,0.0,False
2023-05-01 02:30:00,crop_sugarcane,21.42,,34.82,25.46,1515.05,119,flowering,0.0,False
2023-05-01 04:30:00,crop_sugarcane,15.8,,22.88,57.0,1982.01,119,maturity,0.0,False
2023-05-01 13:30:00,crop_sugarcane,52.51,,23.77,36.62,691.78,120,flowering,0.0,False
2023-05-01 16:30:00,crop_sugarcane,25.97,,12.02,63.14,1238.41,120,vegetative,0.0,False
2023-05-01 18:30:00,crop_sugarcane,28.96,,16.98,80.71,592.7,120,maturity,0.0,False
2023-05-01 19:30:00,crop_sugarcane,42.35,,41.52,68.61,1968.04,120,maturity,0.0,False
2023-05-01 22:00:00,crop_sugarcane,38.68,,33.12,90.8,2351.27,120,maturity,0.0,False
2023-05-01 22:30:00,crop_sugarcane,18.16,,30.97,54.57,649.61,120,maturity,0.0,False
2023-05-02 03:00:00,crop_sugarcane,15.91,,24.35,74.69,1943.15,120,vegetative,0.0,False
2023-05-02 06:30:00,crop_sugarcane,11.08,,18.12,70.18,708.72,121,maturity,0.0,False
2023-05-02 09:00:00,crop_sugarcane,63.1,,26.62,57.47,904.55,121,vegetative,0.0,False
2023-05-02 11:00:00,crop_sugarcane,58.22,,26.35,76.89,1800.7,121,maturity,0.0,False
2023-05-02 12:30:00,crop_sugarcane,47.98,,31.1,63.45,231.7,121,flowering,0.0,False
2023-05-03 00:00:00,crop_sugarcane,37.38,,33.14,63.68,390.98,121,flowering,0.0,False
2023-05-03 06:30:00,crop_sugarcane,37.13,,18.53,92.23,2477.89,122,maturity,0.0,False
2023-05-03 09:30:00,crop_sugarcane,26.52,,23.93,57.73,1496.55,122,maturity,0.0,False
2023-05-03 14:00:00,crop_sugarcane,58.28,,25.68,37.67,2306.93,122,vegetative,0.0,False
2023-05-03 21:30:00,crop_sugarcane,36.71,,38.28,51.67,1208.87,122,vegetative,0.0,False
2023-05-04 04:00:00,crop_sugarcane,50.0,,30.65,37.53,82.9,122,maturity,0.0,False
2023-05-04 04:30:00,crop_sugarcane,8.95,,25.12,58.91,1913.04,122,flowering,0.0,False
2023-05-04 06:30:00,crop_sugarcane,49.02,,33.22,46.3,1367.03,123,maturity,0.0,False
2023-05-04 09:00:00,crop_sugarcane,21.5,,40.66,52.15,1097.65,123,maturity,0.0,False
2023-05-04 10:30:00,crop_sugarcane,58.59,,13.06,55.88,2204.97,123,vegetative,0.0,False
2023-05-04 13:00:00,crop_sugarcane,43.86,,17.2,52.53,1005.26,123,maturity,0.0,False
2023-05-05 02:00:00,crop_sugarcane,47.65,,24.55,53.41,408.12,123,maturity,0.0,False
2023-05-05 03:30:00,crop_sugarcane,27.03,,40.49,51.27,1978.39,123,vegetative,0.0,False
2023-05-05 06:00:00,crop_sugarcane,60.81,,30.99,29.56,1219.84,124,flowering,0.0,False
2023-05-05 06:30:00,crop_sugarcane,27.2,,25.93,62.9,1455.2,124,vegetative,0.0,False
2023-05-05 07:30:00,crop_sugarcane,35.52,,29.64,37.14,2157.97,124,vegetative,0.0,False
2023-05-05 10:30:00,crop_sugarcane,59.85,,14.05,77.89,869.41,124,vegetative,0.0,False
2023-05-05 12:00:00,crop_sugarcane,13.82,,26.79,94.62,1031.3,124,vegetative,0.0,False
2023-05-05 21:30:00,crop_sugarcane,16.61,,25.03,64.19,2033.48,124,maturity,0.0,False
2023-05-06 01:00:00,crop_sugarcane,52.97,,29.32,40.81,2474.3,124,flowering,0.0,False
2023-05-06 02:00:00,crop_sugarcane,18.92,,28.13,38.77,2237.6,124,maturity,0.0,False
2023-05-06 02:30:00,crop_sugarcane,39.44,,37.31,51.54,1160.49,124,flowering,0.0,False
2023-05-06 03:00:00,crop_sugarcane,61.98,,21.51,69.01,355.26,124,maturity,0.0,False
2023-05-06 05:00:00,crop_sugarcane,44.55,,39.74,57.24,1624.17,124,maturity,0.0,False
2023-05-06 05:30:00,crop_sugarcane,30.74,,34.11,72.21,1061.21,124,maturity,0.0,False
2023-05-06 06:30:00,crop_sugarcane,12.1,,37.95,71.56,801.76,125,maturity,0.0,False
2023-05-06 08:00:00,crop_sugarcane,43.72,,24.79,65.68,1369.49,125,maturity,0.0,False
2023-05-06 11:30:00,crop_sugarcane,20.7,,35.83,30.15,847.08,125,flowering,0.0,False
2023-05-06 12:00:00,crop_sugarcane,56.24,,35.46,56.63,2424.51,125,maturity,0.0,False
2023-05-06 14:00:00,crop_sugarcane,22.7,,13.2,76.41,700.15,125,maturity,0.0,False
2023-05-06 21:00:00,crop_sugarcane,64.22,,32.63,30.84,290.71,125,vegetative,0.0,False
2023-05-06 21:30:00,crop_sugarcane,64.99,,20.54,52.1,455.99,125,maturity,0.0,False
2023-05-07 02:00:00,crop_sugarcane,39.8,,39.77,58.0,189.81,125,flowering,0.0,False
2023-05-07 02:30:00,crop_sugarcane,34.59,,30.3,69.84,462.86,125,maturity,0.0,False
2023-05-07 08:30:00,crop_sugarcane,41.07,,18.74,79.1,1444.87,126,maturity,0.0,False
2023-05-07 09:00:00,crop_sugarcane,44.28,,31.29,67.43,1687.07,126,vegetative,0.0,False
2023-05-07 10:00:00,crop_sugarcane,26.0,,12.22,93.82,2144.63,126,maturity,0.0,False
2023-05-07 13:30:00,crop_sugarcane,9.11,,33.4,53.11,94.25,126,maturity,0.0,False
2023-05-07 17:00:00,crop_sugarcane,25.41,,26.81,83.7,1043.86,126,maturity,0.0,False
2023-05-08 00:30:00,crop_sugarcane,11.28,,17.33,79.66,1534.58,126,flowering,0.0,False
2023-05-08 02:30:00,crop_sugarcane,11.33,,26.09,74.48,1631.18,126,maturity,0.0,False
2023-05-08 09:00:00,crop_sugarcane,8.37,,16.13,88.21,2360.48,127,maturity,0.0,False
2023-05-08 15:30:00,crop_sugarcane,53.23,,28.32,52.75,1782.04,127,maturity,0.0,False
2023-05-08 20:00:00,crop_sugarcane,63.41,,36.88,64.43,1571.19,127,maturity,0.0,False
2023-05-09 02:00:00,crop_sugarcane,63.54,,33.29,69.6,1358.52,127,maturity,0.0,False
2023-05-09 02:30:00,crop_sugarcane,23.45,,33.66,84.41,689.89,127,maturity,0.0,False
2023-05-09 18:00:00,crop_sugarcane,16.78,,24.11,85.93,171.29,128,flowering,0.0,False
2023-05-10 05:30:00,crop_sugarcane,41.31,,25.77,28.42,501.85,128,flowering,0.0,False
2023-05-10 08:00:00,crop_sugarcane,17.83,,20.58,68.7,1031.38,129,maturity,0.0,False
2023-05-10 14:30:00,crop_sugarcane,50.79,,31.59,55.64,1538.35,129,flowering,0.0,False
2023-05-10 16:00:00,crop_sugarcane,22.28,,15.66,62.08,851.43,129,maturity,0.0,False
2023-05-10 17:00:00,crop_sugarcane,33.7,,24.18,92.88,1333.72,129,maturity,0.0,False
2023-05-10 20:00:00,crop_sugarcane,50.2,,39.37,88.99,109.82,129,maturity,0.0,False
2023-05-11 01:00:00,crop_sugarcane,8.64,,21.2,93.54,1026.12,129,flowering,0.0,False
2023-05-11 03:30:00,crop_sugarcane,18.31,,35.18,51.42,1887.8,129,maturity,0.0,False
2023-05-11 04:00:00,crop_sugarcane,18.55,,18.15,57.54,2321.24,129,maturity,0.0,False
2023-05-11 06:00:00,crop_sugarcane,15.25,,25.32,42.38,602.97,130,maturity,0.0,False
2023-05-11 06:30:00,crop_sugarcane,38.66,,23.12,35.05,1676.62,130,maturity,0.0,False
2023-05-11 09:30:00,crop_sugarcane,63.82,,15.49,49.29,456.69,130,maturity,0.0,False
2023-05-11 12:30:00,crop_sugarcane,47.84,,19.42,61.46,1243.21,130,maturity,0.0,False
2023-05-11 16:00:00,crop_sugarcane,44.13,,41.43,68.21,432.31,130,maturity,0.0,False
2023-05-11 16:30:00,crop_sugarcane,41.65,,28.22,42.95,1660.38,130,maturity,0.0,False
2023-05-11 17:30:00,crop_sugarcane,9.49,,39.83,33.54,17.4,130,maturity,0.0,False
2023-05-12 01:00:00,crop_sugarcane,62.54,,19.43,39.94,1967.86,130,maturity,0.0,False
2023-05-12 04:30:00,crop_sugarcane,31.62,,15.71,73.01,1531.76,130,maturity,0.0,False
2023-05-12 07:00:00,crop_sugarcane,54.7,,35.61,49.95,1917.76,131,maturity,0.0,False
2023-05-12 08:30:00,crop_sugarcane,53.58,,25.46,64.33,956.4,131,maturity,0.0,False
2023-05-12 14:30:00,crop_sugarcane,17.53,,25.65,49.33,2129.3,131,maturity,0.0,False
2023-05-13 00:30:00,crop_sugarcane,9.27,,41.87,45.39,177.3,131,vegetative,0.0,False
2023-05-13 04:30:00,crop_sugarcane,44.47,,31.04,91.72,1582.83,131,vegetative,0.0,False
2023-05-13 05:30:00,crop_sugarcane,64.89,,14.41,44.69,2473.41,131,maturity,0.0,False
2023-05-13 10:00:00,crop_sugarcane,49.99,,31.55,25.82,143.01,132,maturity,0.0,False
2023-05-13 12:30:00,crop_sugarcane,26.87,,39.33,50.25,338.39,132,vegetative,0.0,False
2023-05-13 15:30:00,crop_sugarcane,52.09,,37.35,63.95,1998.88,132,vegetative,0.0,False
2023-05-13 19:30:00,crop_sugarcane,44.43,,22.59,74.76,623.95,132,maturity,0.0,False
2023-05-14 09:00:00,crop_sugarcane,13.38,,20.15,81.3,2032.3,133,vegetative,0.0,False
2023-05-14 13:30:00,crop_sugarcane,26.54,,34.28,28.55,464.07,133,flowering,0.0,False
2023-05-14 16:00:00,crop_sugarcane,9.11,,37.82,39.7,1130.7,133,vegetative,0.0,False
2023-05-14 16:30:00,crop_sugarcane,64.83,,37.05,30.57,1174.04,133,maturity,0.0,False
2023-05-14 19:30:00,crop_sugarcane,42.62,,32.78,47.38,1903.42,133,maturity,0.0,False
2023-05-14 22:30:00,crop_sugarcane,31.39,,38.23,83.74,1855.99,133,vegetative,0.0,False
2023-05-14 23:00:00,crop_sugarcane,60.46,,19.22,35.41,211.71,133,maturity,0.0,False
2023-05-15 03:30:00,crop_sugarcane,18.84,,37.73,70.11,2295.88,133,maturity,0.0,False
2023-05-15 05:30:00,crop_sugarcane,37.55,,32.16,67.95,1886.53,133,maturity,0.0,False
2023-05-15 07:00:00,crop_sugarcane,59.57,,26.43,56.06,1858.24,134,vegetative,0.0,False
2023-05-15 10:00:00,crop_sugarcane,13.94,,37.84,89.55,2419.3,134,maturity,0.0,False
2023-05-15 11:00:00,crop_sugarcane,46.88,,38.36,35.47,1943.4,134,maturity,0.0,False
2023-05-15 12:00:00,crop_sugarcane,15.62,,24.95,70.47,896.3,134,maturity,0.0,False
2023-05-15 12:30:00,crop_sugarcane,44.23,,41.17,50.61,1370.31,134,flowering,0.0,False
2023-05-15 20:00:00,crop_sugarcane,44.97,,37.83,42.58,1808.68,134,maturity,0.0,False
2023-05-16 00:00:00,crop_sugarcane,33.6,,28.67,39.51,1533.33,134,maturity,0.0,False
2023-05-16 01:30:00,crop_sugarcane,48.91,,33.6,76.81,303.77,134,maturity,0.0,False
2023-05-16 02:30:00,crop_sugarcane,61.4,,38.24,52.02,2334.22,134,vegetative,0.0,False
2023-05-16 08:00:00,crop_sugarcane,22.92,,24.97,77.14,2409.57,135,maturity,0.0,False
2023-05-16 08:30:00,crop_sugarcane,60.71,,28.8,59.32,1939.0,135,flowering,0.0,False
2023-05-16 15:00:00,crop_sugarcane,11.39,,36.16,36.82,1785.05,135,maturity,0.0,False
2023-05-16 16:30:00,crop_sugarcane,29.22,,21.17,50.54,1197.56,135,maturity,0.0,False
2023-05-16 17:00:00,crop_sugarcane,42.22,,27.21,27.68,2362.28,135,flowering,0.0,False
2023-05-16 19:00:00,crop_sugarcane,15.03,,33.61,26.31,775.55,135,flowering,0.0,False
2023-05-16 20:00:00,crop_sugarcane,9.8,,15.35,73.08,526.35,135,maturity,0.0,False
2023-05-16 21:00:00,crop_sugarcane,19.32,,28.25,28.41,189.34,135,maturity,0.0,False
2023-05-17 01:00:00,crop_sugarcane,30.49,,30.67,68.78,1643.87,135,maturity,0.0,False
2023-05-17 03:00:00,crop_sugarcane,14.3,,12.37,77.88,2.18,135,maturity,0.0,False
2023-05-17 06:30:00,crop_sugarcane,35.86,,21.73,63.91,344.73,136,flowering,0.0,False
2023-05-17 08:30:00,crop_sugarcane,56.25,,17.6,65.12,1869.34,136,flowering,0.0,False
2023-05-17 11:30:00,crop_sugarcane,28.26,,40.54,55.76,1238.91,136,maturity,0.0,False
2023-05-17 13:30:00,crop_sugarcane,24.0,,36.34,37.4,1664.58,136,flowering,0.0,False
2023-05-17 16:30:00,crop_sugarcane,17.99,,32.78,73.67,83.62,136,maturity,0.0,False
2023-05-17 17:30:00,crop_sugarcane,14.55,,13.23,32.07,1658.4,136,maturity,0.0,False
2023-05-17 18:00:00,crop_sugarcane,15.9,,20.91,45.2,406.43,136,maturity,0.0,False
2023-05-17 21:30:00,crop_sugarcane,9.1,,38.25,37.11,2076.28,136,maturity,0.0,False
2023-05-17 23:00:00,crop_sugarcane,63.86,,19.25,57.13,71.9,136,flowering,0.0,False
2023-05-18 02:30:00,crop_sugarcane,43.66,,41.78,29.29,1532.7,136,maturity,0.0,False
2023-05-18 06:00:00,crop_sugarcane,41.27,,37.37,80.94,2224.57,137,flowering,0.0,False
2023-05-18 22:00:00,crop_sugarcane,13.45,,13.96,70.93,1237.92,137,flowering,0.0,False
2023-05-18 23:00:00,crop_sugarcane,56.27,,39.24,91.55,243.58,137,maturity,0.0,False
2023-05-18 23:30:00,crop_sugarcane,40.55,,19.45,40.42,1145.67,137,maturity,0.0,False
2023-05-19 00:00:00,crop_sugarcane,44.12,,26.57,79.52,1924.18,137,vegetative,0.0,False
2023-05-19 02:30:00,crop_sugarcane,60.02,,22.37,59.4,1838.17,137,maturity,0.0,False
2023-05-19 04:00:00,crop_sugarcane,49.84,,16.81,83.26,2194.31,137,flowering,0.0,False
2023-05-19 04:30:00,crop_sugarcane,14.01,,19.31,52.26,734.14,137,maturity,0.0,False
2023-05-19 05:00:00,crop_sugarcane,23.44,,14.14,52.77,514.85,137,maturity,0.0,False
2023-05-19 05:30:00,crop_sugarcane,11.81,,20.34,39.27,222.51,137,vegetative,0.0,False
2023-05-19 10:00:00,crop_sugarcane,20.49,,38.24,92.22,167.35,138,vegetative,0.0,False
2023-05-19 11:00:00,crop_sugarcane,56.29,,38.94,39.12,2270.36,138,maturity,0.0,False
2023-05-19 14:30:00,crop_sugarcane,20.47,,35.15,74.21,526.7,138,vegetative,0.0,False
2023-05-19 16:00:00,crop_sugarcane,35.9,,20.78,50.78,1113.15,138,flowering,0.0,False
2023-05-19 18:00:00,crop_sugarcane,17.05,,22.71,50.84,510.1,138,maturity,0.0,False
2023-05-19 19:30:00,crop_sugarcane,51.7,,20.6,76.57,2134.46,138,vegetative,0.0,False
2023-05-20 00:00:00,crop_sugarcane,46.11,,26.33,93.24,2296.11,138,maturity,0.0,False
2023-05-20 02:30:00,crop_sugarcane,34.58,,41.32,65.55,853.15,138,vegetative,0.0,False
2023-05-20 03:00:00,crop_sugarcane,52.21,,20.55,94.45,1003.04,138,flowering,0.0,False
2023-05-20 03:30:00,crop_sugarcane,11.47,,13.51,91.93,1298.23,138,maturity,0.0,False
2023-05-20 05:00:00,crop_sugarcane,45.67,,32.44,78.0,1090.2,138,flowering,0.0,False
2023-05-20 10:00:00,crop_sugarcane,24.22,,12.41,94.18,1146.58,139,maturity,0.0,False
2023-05-20 11:30:00,crop_sugarcane,63.35,,37.08,92.7,749.52,139,maturity,0.0,False
2023-05-20 14:30:00,crop_sugarcane,63.98,,31.44,86.66,1131.68,139,maturity,0.0,False
2023-05-20 16:00:00,crop_sugarcane,52.16,,29.01,31.71,1302.69,139,maturity,0.0,False
2023-05-20 21:00:00,crop_sugarcane,52.58,,27.93,28.88,1151.5,139,maturity,0.0,False
2023-05-20 22:30:00,crop_sugarcane,36.11,,25.72,78.02,1895.07,139,vegetative,0.0,False
2023-05-21 01:30:00,crop_sugarcane,51.8,,14.35,77.8,1857.54,139,vegetative,0.0,False
2023-05-21 04:30:00,crop_sugarcane,10.59,,18.61,26.46,559.51,139,maturity,0.0,False
2023-05-21 07:30:00,crop_sugarcane,34.2,,15.81,47.15,851.48,140,flowering,0.0,False
2023-05-21 08:00:00,crop_sugarcane,26.89,,24.61,28.86,2091.03,140,maturity,0.0,False
2023-05-21 09:00:00,crop_sugarcane,21.1,,17.34,67.61,727.1,140,vegetative,0.0,False
2023-05-21 19:30:00,crop_sugarcane,28.8,,24.24,67.03,840.17,140,maturity,0.0,False
2023-05-21 21:30:00,crop_sugarcane,28.25,,33.4,38.88,1932.76,140,flowering,0.0,False
2023-05-22 02:00:00,crop_sugarcane,48.34,,12.05,57.36,1402.94,140,maturity,0.0,False
2023-05-22 04:00:00,crop_sugarcane,64.08,,35.51,60.04,1323.44,140,vegetative,0.0,False
2023-05-22 04:30:00,crop_sugarcane,37.81,,36.19,67.65,2430.83,140,flowering,0.0,False
2023-05-22 07:00:00,crop_sugarcane,64.8,,32.1,70.42,260.78,141,maturity,0.0,False
2023-05-22 09:00:00,crop_sugarcane,41.67,,18.82,68.13,2195.33,141,flowering,0.0,False
2023-05-22 11:00:00,crop_sugarcane,46.14,,27.76,45.38,1191.36,141,maturity,0.0,False
2023-05-22 13:30:00,crop_sugarcane,38.72,,14.02,60.75,290.44,141,vegetative,0.0,False
2023-05-22 17:30:00,crop_sugarcane,58.55,,28.6,40.52,1923.3,141,vegetative,0.0,False
2023-05-22 19:30:00,crop_sugarcane,25.9,,15.18,28.48,1509.07,141,vegetative,0.0,False
2023-05-22 20:00:00,crop_sugarcane,16.4,,18.41,69.88,1101.77,141,vegetative,0.0,False
2023-05-22 22:30:00,crop_sugarcane,9.8,,37.16,53.11,1304.89,141,maturity,0.0,False
2023-05-23 01:00:00,crop_sugarcane,64.92,,15.12,36.45,1349.09,141,flowering,0.0,False
2023-05-23 02:30:00,crop_sugarcane,53.34,,38.05,79.98,682.34,141,flowering,0.0,False
2023-05-23 11:30:00,crop_sugarcane,35.85,,40.69,70.18,1597.58,142,maturity,0.0,False
2023-05-23 12:30:00,crop_sugarcane,55.21,,33.27,81.73,1317.94,142,vegetative,0.0,False
2023-05-23 13:00:00,crop_sugarcane,34.51,,36.44,45.63,968.72,142,maturity,0.0,False
2023-05-23 16:30:00,crop_sugarcane,38.18,,12.26,50.96,2119.11,142,maturity,0.0,False
2023-05-23 17:00:00,crop_sugarcane,10.56,,23.12,64.1,1734.02,142,maturity,0.0,False
2023-05-23 21:00:00,crop_sugarcane,37.33,,18.1,31.08,1698.46,142,flowering,0.0,False
2023-05-23 22:00:00,crop_sugarcane,45.14,,18.62,74.8,108.38,142,maturity,0.0,False
2023-05-24 03:30:00,crop_sugarcane,47.51,,23.49,74.32,1312.88,142,flowering,0.0,False
2023-05-24 09:30:00,crop_sugarcane,43.75,,25.17,27.46,1265.12,143,flowering,0.0,False
2023-05-24 12:30:00,crop_sugarcane,18.29,,33.05,69.28,719.54,143,maturity,0.0,False
2023-05-24 13:00:00,crop_sugarcane,62.24,,23.75,59.28,848.32,143,maturity,0.0,False
2023-05-24 14:00:00,crop_sugarcane,64.07,,22.15,26.06,1309.31,143,flowering,0.0,False
2023-05-25 08:00:00,crop_sugarcane,35.54,,36.17,44.97,1757.76,144,maturity,0.0,False
2023-05-25 09:30:00,crop_sugarcane,58.5,,16.53,44.18,1787.77,144,maturity,0.0,False
2023-05-25 10:30:00,crop_sugarcane,47.21,,26.79,58.67,2080.47,144,vegetative,0.0,False
2023-05-25 12:00:00,crop_sugarcane,35.91,,38.24,35.36,1217.0,144,maturity,0.0,False
2023-05-25 12:30:00,crop_sugarcane,13.09,,31.64,40.06,1942.81,144,vegetative,0.0,False
2023-05-25 15:00:00,crop_sugarcane,51.98,,12.74,84.6,747.16,144,maturity,0.0,False
2023-05-25 18:30:00,crop_sugarcane,45.89,,30.3,40.78,327.69,144,maturity,0.0,False
2023-05-25 21:30:00,crop_sugarcane,17.75,,15.67,27.94,1440.17,144,maturity,0.0,False
2023-05-25 22:30:00,crop_sugarcane,46.85,,26.77,58.81,318.8,144,maturity,0.0,False
2023-05-26 03:30:00,crop_sugarcane,52.81,,30.68,41.61,1002.26,144,maturity,0.0,False
2023-05-26 09:30:00,crop_sugarcane,15.71,,13.46,91.17,935.96,145,vegetative,0.0,False
2023-05-26 11:00:00,crop_sugarcane,41.61,,24.23,32.35,861.51,145,maturity,0.0,False
2023-05-26 11:30:00,crop_sugarcane,42.42,,28.13,27.28,934.35,145,maturity,0.0,False
2023-05-26 12:00:00,crop_sugarcane,24.64,,34.73,57.75,2272.62,145,maturity,0.0,False
2023-05-26 13:00:00,crop_sugarcane,60.16,,32.81,69.12,657.27,145,maturity,0.0,False
2023-05-26 14:00:00,crop_sugarcane,32.75,,19.93,27.22,2.77,145,maturity,0.0,False
2023-05-26 18:00:00,crop_sugarcane,47.13,,20.83,94.73,1607.11,145,flowering,0.0,False
2023-05-26 19:30:00,crop_sugarcane,29.36,,24.39,84.33,1087.52,145,flowering,0.0,False
2023-05-26 22:00:00,crop_sugarcane,43.91,,28.01,49.44,1459.28,145,maturity,0.0,False
2023-05-26 23:30:00,crop_sugarcane,59.7,,14.81,77.22,2011.39,145,maturity,0.0,False
2023-05-27 04:30:00,crop_sugarcane,32.97,,28.91,90.89,269.96,145,vegetative,0.0,False
2023-05-27 05:00:00,crop_sugarcane,62.72,,12.17,33.35,2221.52,145,maturity,0.0,False
2023-05-27 06:30:00,crop_sugarcane,31.88,,25.55,58.47,2057.5,146,vegetative,0.0,False
2023-05-27 09:30:00,crop_sugarcane,38.14,,40.64,30.21,2335.75,146,vegetative,0.0,False
2023-05-27 11:00:00,crop_sugarcane,11.15,,28.29,70.47,1962.29,146,vegetative,0.0,False
2023-05-27 11:30:00,crop_sugarcane,41.73,,32.17,57.82,1968.53,146,maturity,0.0,False
2023-05-27 22:30:00,crop_sugarcane,60.21,,32.75,59.69,295.46,146,flowering,0.0,False
2023-05-27 23:00:00,crop_sugarcane,41.4,,39.99,72.67,280.7,146,flowering,0.0,False
2023-05-28 02:00:00,crop_sugarcane,34.22,,35.18,64.98,399.21,146,vegetative,0.0,False
2023-05-28 14:00:00,crop_sugarcane,21.89,,30.1,25.95,1789.45,147,flowering,0.0,False
2023-05-28 14:30:00,crop_sugarcane,43.57,,20.79,32.57,1546.51,147,maturity,0.0,False
2023-05-28 15:30:00,crop_sugarcane,59.9,,35.57,25.33,148.16,147,maturity,0.0,False
2023-05-28 17:30:00,crop_sugarcane,52.99,,12.34,47.89,2189.71,147,vegetative,0.0,False
2023-05-28 18:00:00,crop_sugarcane,32.22,,25.92,79.82,241.37,147,maturity,0.0,False
2023-05-28 22:00:00,crop_sugarcane,9.93,,16.78,74.18,613.36,147,maturity,0.0,False
2023-05-28 22:30:00,crop_sugarcane,54.2,,35.11,37.99,703.65,147,flowering,0.0,False
2023-05-29 00:30:00,crop_sugarcane,29.39,,27.0,46.5,670.51,147,flowering,0.0,False
2023-05-29 07:00:00,crop_sugarcane,62.87,,19.36,52.13,521.72,148,vegetative,0.0,False
2023-05-29 08:30:00,crop_sugarcane,8.86,,30.31,79.95,2125.25,148,flowering,0.0,False
2023-05-29 15:30:00,crop_sugarcane,25.54,,41.99,91.52,2007.57,148,vegetative,0.0,False
2023-05-29 17:00:00,crop_sugarcane,44.5,,13.33,59.75,1627.95,148,maturity,0.0,False
2023-05-29 18:30:00,crop_sugarcane,24.98,,12.36,68.46,2086.97,148,vegetative,0.0,False
2023-05-29 20:00:00,crop_sugarcane,63.38,,27.52,45.73,1041.79,148,maturity,0.0,False
2023-05-29 22:00:00,crop_sugarcane,52.19,,18.39,48.24,1862.02,148,flowering,0.0,False
2023-05-29 22:30:00,crop_sugarcane,33.96,,13.95,73.28,805.73,148,maturity,0.0,False
2023-05-29 23:00:00,crop_sugarcane,43.91,,19.49,79.13,2254.78,148,maturity,0.0,False
2023-05-30 00:00:00,crop_sugarcane,62.75,,29.62,86.14,1734.65,148,flowering,0.0,False
2023-05-30 10:30:00,crop_sugarcane,11.07,,35.4,67.86,1784.74,149,flowering,0.0,False
2023-05-30 12:30:00,crop_sugarcane,10.71,,35.08,47.17,791.01,149,vegetative,0.0,False
2023-05-30 13:30:00,crop_sugarcane,17.68,,14.71,50.51,2366.65,149,flowering,0.0,False
2023-05-30 16:00:00,crop_sugarcane,57.98,,17.5,31.59,1116.07,149,maturity,0.0,False
2023-05-30 18:30:00,crop_sugarcane,47.48,,22.17,56.47,545.3,149,maturity,0.0,False
2023-05-30 22:00:00,crop_sugarcane,14.61,,22.83,26.5,2406.79,149,flowering,0.0,False
2023-05-30 22:30:00,crop_sugarcane,30.08,,24.97,39.26,1060.03,149,maturity,0.0,False
2023-05-31 02:00:00,crop_sugarcane,45.5,,29.9,47.38,717.65,149,maturity,0.0,False
2023-05-31 02:30:00,crop_sugarcane,11.68,,13.19,49.48,1156.26,149,vegetative,0.0,False
2023-05-31 20:30:00,crop_sugarcane,23.76,,37.39,90.45,1331.92,150,maturity,0.0,False
2023-05-31 22:00:00,crop_sugarcane,52.76,,37.53,39.07,1102.0,150,maturity,0.0,False
2023-06-01 09:00:00,crop_sugarcane,45.1,,31.68,60.07,1389.11,151,maturity,0.0,False
2023-06-01 10:00:00,crop_sugarcane,32.75,,38.75,47.53,1476.79,151,maturity,0.0,False
2023-06-02 03:00:00,crop_sugarcane,35.86,,33.42,66.73,1931.41,151,maturity,0.0,False
2023-06-02 03:30:00,crop_sugarcane,49.7,,38.82,68.94,657.48,151,maturity,0.0,False
2023-06-02 06:30:00,crop_sugarcane,44.95,,22.43,31.11,910.63,152,maturity,0.0,False
2023-06-02 10:30:00,crop_sugarcane,32.79,,26.73,31.78,1171.66,152,flowering,0.0,False
2023-06-02 11:00:00,crop_sugarcane,45.19,,15.18,83.29,1319.24,152,maturity,0.0,False
2023-06-02 11:30:00,crop_sugarcane,19.68,,29.26,25.02,82.93,152,flowering,0.0,False
2023-06-02 17:30:00,crop_sugarcane,17.93,,39.39,62.99,884.72,152,maturity,0.0,False
2023-06-02 20:00:00,crop_sugarcane,59.26,,18.03,93.39,241.84,152,maturity,0.0,False
2023-06-03 01:30:00,crop_sugarcane,33.09,,35.93,40.48,800.12,152,maturity,0.0,False
2023-06-03 05:00:00,crop_sugarcane,50.16,,33.44,39.33,1498.88,152,vegetative,0.0,False
2023-06-03 05:30:00,crop_sugarcane,14.1,,41.49,30.03,1212.39,152,vegetative,0.0,False
2023-06-03 06:00:00,crop_sugarcane,32.97,,17.46,63.65,2267.32,153,vegetative,0.0,False
2023-06-03 06:30:00,crop_sugarcane,15.49,,26.42,77.54,908.05,153,flowering,0.0,False
2023-06-03 08:00:00,crop_sugarcane,41.36,,38.29,73.7,1803.73,153,flowering,0.0,False
2023-06-03 09:30:00,crop_sugarcane,51.07,,38.1,35.7,2370.21,153,maturity,0.0,False
2023-06-03 10:30:00,crop_sugarcane,34.56,,38.14,35.4,2312.56,153,maturity,0.0,False
2023-06-03 17:00:00,crop_sugarcane,57.91,,30.5,27.57,1424.73,153,maturity,0.0,False
2023-06-03 18:00:00,crop_sugarcane,34.11,,35.6,72.56,1289.13,153,maturity,0.0,False
2023-06-03 18:30:00,crop_sugarcane,33.08,,13.91,82.37,1566.54,153,maturity,0.0,False
2023-06-03 23:00:00,crop_sugarcane,8.33,,25.25,50.88,265.01,153,maturity,0.0,False
2023-06-03 23:30:00,crop_sugarcane,36.78,,15.77,32.84,1740.84,153,maturity,0.0,False
2023-06-04 03:00:00,crop_sugarcane,63.65,,20.41,65.69,89.12,153,vegetative,0.0,False
2023-06-04 04:30:00,crop_sugarcane,10.67,,36.31,59.17,568.94,153,flowering,0.0,False
2023-06-04 13:30:00,crop_sugarcane,37.37,,16.87,66.5,2380.63,154,flowering,0.0,False
2023-06-04 14:30:00,crop_sugarcane,61.56,,36.1,83.83,339.01,154,vegetative,0.0,False
2023-06-04 17:30:00,crop_sugarcane,43.0,,22.0,85.9,762.38,154,maturity,0.0,False
2023-06-05 02:00:00,crop_sugarcane,59.54,,30.14,37.43,1145.4,154,maturity,0.0,False
2023-06-05 04:30:00,crop_sugarcane,50.75,,41.24,75.01,816.32,154,maturity,0.0,False
2023-06-05 07:00:00,crop_sugarcane,51.97,,17.85,89.05,336.75,155,vegetative,0.0,False
2023-06-05 09:30:00,crop_sugarcane,63.32,,13.81,26.56,1784.78,155,flowering,0.0,False
2023-06-05 11:00:00,crop_sugarcane,54.35,,34.78,50.84,972.21,155,vegetative,0.0,False
2023-06-05 12:00:00,crop_sugarcane,62.95,,30.73,69.79,205.99,155,maturity,0.0,False
2023-06-05 15:00:00,crop_sugarcane,40.05,,12.82,40.81,2037.88,155,vegetative,0.0,False
2023-06-05 19:00:00,crop_sugarcane,46.63,,33.51,78.0,1845.96,155,flowering,0.0,False
2023-06-05 20:00:00,crop_sugarcane,46.78,,33.16,82.33,1847.88,155,vegetative,0.0,False
2023-06-06 01:30:00,crop_sugarcane,24.54,,37.47,87.1,1060.25,155,maturity,0.0,False
2023-06-06 03:00:00,crop_sugarcane,32.19,,29.76,28.68,1761.86,155,vegetative,0.0,False
2023-06-06 04:00:00,crop_sugarcane,57.46,,18.77,89.74,1543.68,155,flowering,0.0,False
2023-06-06 07:00:00,crop_sugarcane,22.11,,26.0,68.38,1998.18,156,maturity,0.0,False
2023-06-06 08:00:00,crop_sugarcane,28.57,,28.16,83.67,2338.38,156,flowering,0.0,False
2023-06-06 12:00:00,crop_sugarcane,64.03,,27.84,63.72,1569.5,156,flowering,0.0,False
2023-06-06 17:30:00,crop_sugarcane,30.93,,35.67,57.9,124.46,156,vegetative,0.0,False
2023-06-06 19:00:00,crop_sugarcane,45.59,,17.77,34.59,1543.17,156,maturity,0.0,False
2023-06-07 10:30:00,crop_sugarcane,43.92,,33.17,76.41,1118.89,157,flowering,0.0,False
2023-06-07 16:30:00,crop_sugarcane,32.94,,19.29,52.98,759.04,157,flowering,0.0,False
2023-06-07 19:30:00,crop_sugarcane,26.34,,28.23,32.43,1518.52,157,maturity,0.0,False
2023-06-08 02:00:00,crop_sugarcane,21.18,,40.22,80.22,353.83,157,maturity,0.0,False
2023-06-08 06:30:00,crop_sugarcane,54.66,,30.73,85.0,43.22,158,vegetative,0.0,False
2023-06-08 21:30:00,crop_sugarcane,26.66,,24.66,91.62,1015.39,158,flowering,0.0,False
2023-06-09 01:30:00,crop_sugarcane,30.76,,32.27,42.47,375.67,158,maturity,0.0,False
2023-06-09 02:00:00,crop_sugarcane,50.52,,37.91,85.61,2014.21,158,maturity,0.0,False
2023-06-09 04:30:00,crop_sugarcane,39.46,,19.13,69.3,2306.27,158,maturity,0.0,False
2023-06-09 05:00:00,crop_sugarcane,20.04,,29.59,44.05,1528.62,158,maturity,0.0,False
2023-06-09 09:30:00,crop_sugarcane,34.91,,28.16,79.21,525.52,159,vegetative,0.0,False
2023-06-09 17:00:00,crop_sugarcane,50.97,,20.44,29.19,732.5,159,vegetative,0.0,False
2023-06-09 19:00:00,crop_sugarcane,63.3,,12.49,29.54,1638.14,159,flowering,0.0,False
2023-06-09 20:00:00,crop_sugarcane,24.11,,37.58,72.14,1410.68,159,vegetative,0.0,False
2023-06-09 20:30:00,crop_sugarcane,40.14,,30.15,63.8,2014.12,159,flowering,0.0,False
2023-06-09 21:30:00,crop_sugarcane,35.93,,35.29,73.19,12.68,159,vegetative,0.0,False
2023-06-09 22:30:00,crop_sugarcane,23.92,,36.41,75.84,1133.04,159,maturity,0.0,False
2023-06-10 00:30:00,crop_sugarcane,16.85,,27.89,89.33,860.04,159,flowering,0.0,False
2023-06-10 01:00:00,crop_sugarcane,54.9,,12.94,89.79,287.02,159,flowering,0.0,False
2023-06-10 02:00:00,crop_sugarcane,32.36,,40.17,69.15,2052.63,159,flowering,0.0,False
2023-06-10 06:00:00,crop_sugarcane,52.88,,34.29,72.91,1505.98,160,maturity,0.0,False
2023-06-10 06:30:00,crop_sugarcane,57.99,,32.16,73.81,805.91,160,vegetative,0.0,False
2023-06-10 08:30:00,crop_sugarcane,61.01,,24.08,69.45,1427.64,160,flowering,0.0,False
2023-06-10 12:30:00,crop_sugarcane,29.81,,15.72,47.44,698.51,160,flowering,0.0,False
2023-06-10 17:30:00,crop_sugarcane,12.55,,31.14,43.19,1775.2,160,flowering,0.0,False
2023-06-10 21:30:00,crop_sugarcane,27.3,,35.39,68.93,1506.56,160,vegetative,0.0,False
2023-06-10 22:30:00,crop_sugarcane,55.11,,34.77,33.59,1729.89,160,flowering,0.0,False
2023-06-10 23:30:00,crop_sugarcane,12.88,,35.33,87.54,581.31,160,maturity,0.0,False
2023-06-11 03:00:00,crop_sugarcane,50.11,,34.49,68.69,1776.62,160,vegetative,0.0,False
2023-06-11 05:00:00,crop_sugarcane,8.06,,14.21,64.72,2049.91,160,vegetative,0.0,False
2023-06-11 08:00:00,crop_sugarcane,34.98,,14.86,81.27,306.29,161,vegetative,0.0,False
2023-06-11 11:30:00,crop_sugarcane,60.24,,23.71,35.8,1214.34,161,vegetative,0.0,False
2023-06-11 18:00:00,crop_sugarcane,61.91,,24.59,26.6,663.3,161,vegetative,0.0,False
2023-06-11 18:30:00,crop_sugarcane,38.63,,22.66,48.36,1691.05,161,maturity,0.0,False
2023-06-11 19:00:00,crop_sugarcane,8.39,,32.92,91.58,1491.64,161,maturity,0.0,False
2023-06-11 21:30:00,crop_sugarcane,30.82,,35.17,28.77,760.63,161,flowering,0.0,False
2023-06-11 23:30:00,crop_sugarcane,59.46,,13.03,74.45,2232.38,161,flowering,0.0,False
2023-06-12 02:30:00,crop_sugarcane,13.85,,18.08,74.58,631.51,161,maturity,0.0,False
2023-06-12 04:30:00,crop_sugarcane,22.92,,33.71,83.36,1133.13,161,vegetative,0.0,False
2023-06-12 07:30:00,crop_sugarcane,49.49,,24.59,61.46,504.62,162,maturity,0.0,False
2023-06-12 08:00:00,crop_sugarcane,31.6,,12.29,42.59,2363.26,162,vegetative,0.0,False
2023-06-12 10:00:00,crop_sugarcane,33.76,,19.08,66.74,1803.24,162,maturity,0.0,False
2023-06-12 17:30:00,crop_sugarcane,17.32,,30.89,65.33,1574.38,162,maturity,0.0,False
2023-06-12 22:00:00,crop_sugarcane,17.09,,31.56,83.72,678.58,162,vegetative,0.0,False
2023-06-13 08:00:00,crop_sugarcane,63.39,,25.54,92.97,1007.21,163,vegetative,0.0,False
2023-06-13 09:30:00,crop_sugarcane,54.69,,14.73,88.8,1508.31,163,maturity,0.0,False
2023-06-13 10:30:00,crop_sugarcane,22.79,,18.73,42.73,899.47,163,maturity,0.0,False
2023-06-13 13:00:00,crop_sugarcane,48.69,,40.48,78.03,2111.57,163,flowering,0.0,False
2023-06-13 14:30:00,crop_sugarcane,42.69,,16.0,63.75,292.44,163,vegetative,0.0,False
2023-06-13 15:30:00,crop_sugarcane,52.18,,29.13,72.75,2355.99,163,flowering,0.0,False
2023-06-13 16:00:00,crop_sugarcane,45.14,,13.75,49.93,1738.4,163,flowering,0.0,False
2023-06-13 22:00:00,crop_sugarcane,55.1,,35.06,53.11,2328.33,163,flowering,0.0,False
2023-06-14 00:30:00,crop_sugarcane,47.66,,19.36,80.51,1925.43,163,maturity,0.0,False
2023-06-14 02:00:00,crop_sugarcane,13.37,,23.71,33.22,1382.47,163,vegetative,0.0,False
2023-06-14 03:30:00,crop_sugarcane,64.63,,29.44,89.4,55.25,163,maturity,0.0,False
2023-06-14 09:00:00,crop_sugarcane,52.21,,34.31,49.3,1696.85,164,maturity,0.0,False
2023-06-14 09:30:00,crop_sugarcane,15.1,,30.07,61.85,1336.43,164,vegetative,0.0,False
2023-06-14 14:30:00,crop_sugarcane,45.58,,33.29,49.9,1165.93,164,vegetative,0.0,False
2023-06-14 18:00:00,crop_sugarcane,52.89,,19.5,72.72,64.01,164,maturity,0.0,False
2023-06-14 20:30:00,crop_sugarcane,31.39,,34.57,86.51,2331.03,164,flowering,0.0,False
2023-06-14 22:30:00,crop_sugarcane,61.45,,18.56,70.24,286.34,164,flowering,0.0,False
2023-06-15 00:00:00,crop_sugarcane,55.28,,31.37,49.36,990.47,164,maturity,0.0,False
2023-06-15 03:30:00,crop_sugarcane,36.28,,29.47,27.76,2254.43,164,flowering,0.0,False
2023-06-15 08:00:00,crop_sugarcane,15.49,,14.74,75.66,2222.58,165,maturity,0.0,False
2023-06-15 13:30:00,crop_sugarcane,20.27,,37.83,46.2,874.1,165,maturity,0.0,False
2023-06-15 15:30:00,crop_sugarcane,38.54,,23.03,38.98,905.11,165,vegetative,0.0,False
2023-06-15 16:30:00,crop_sugarcane,27.83,,26.85,92.07,2063.45,165,vegetative,0.0,False
2023-06-15 17:30:00,crop_sugarcane,35.09,,20.54,42.81,1602.55,165,vegetative,0.0,False
2023-06-15 18:00:00,crop_sugarcane,20.25,,39.04,65.61,1725.24,165,flowering,0.0,False
2023-06-15 20:30:00,crop_sugarcane,62.82,,17.07,54.84,283.18,165,vegetative,0.0,False
2023-06-16 00:30:00,crop_sugarcane,31.07,,32.05,34.15,1502.57,165,maturity,0.0,False
2023-06-16 01:00:00,crop_sugarcane,38.7,,33.43,46.03,388.08,165,maturity,0.0,False
2023-06-16 03:00:00,crop_sugarcane,48.87,,17.0,89.75,394.16,165,flowering,0.0,False
2023-06-16 09:30:00,crop_sugarcane,11.34,,12.4,83.39,885.4,166,vegetative,0.0,False
2023-06-16 13:00:00,crop_sugarcane,28.0,,20.7,61.91,1726.66,166,flowering,0.0,False
2023-06-16 14:00:00,crop_sugarcane,56.22,,17.55,46.54,103.99,166,flowering,0.0,False
2023-06-16 18:00:00,crop_sugarcane,49.9,,39.68,59.17,2013.23,166,maturity,0.0,False
2023-06-16 18:30:00,crop_sugarcane,13.4,,30.7,35.67,351.02,166,maturity,0.0,False
2023-06-16 19:00:00,crop_sugarcane,24.91,,15.18,49.6,956.7,166,maturity,0.0,False
2023-06-17 01:30:00,crop_sugarcane,45.11,,23.91,91.97,626.13,166,flowering,0.0,False
2023-06-17 02:00:00,crop_sugarcane,49.77,,39.07,57.94,938.26,166,maturity,0.0,False
2023-06-17 03:30:00,crop_sugarcane,20.61,,39.85,60.38,2111.57,166,maturity,0.0,False
2023-06-17 04:30:00,crop_sugarcane,51.52,,27.06,75.44,1507.69,166,maturity,0.0,False
2023-06-17 05:30:00,crop_sugarcane,45.76,,33.31,68.22,2379.48,166,maturity,0.0,False
2023-06-17 14:00:00,crop_sugarcane,38.77,,14.28,56.47,1814.24,167,maturity,0.0,False
2023-06-17 16:00:00,crop_sugarcane,30.84,,35.33,75.03,397.56,167,maturity,0.0,False
2023-06-17 20:00:00,crop_sugarcane,59.62,,26.6,87.69,1892.59,167,flowering,0.0,False
2023-06-17 22:00:00,crop_sugarcane,37.54,,39.77,29.73,1593.18,167,vegetative,0.0,False
2023-06-18 02:00:00,crop_sugarcane,58.21,,20.81,51.04,1173.99,167,maturity,0.0,False
2023-06-18 05:30:00,crop_sugarcane,49.36,,24.43,78.48,1805.34,167,flowering,0.0,False
2023-06-18 06:30:00,crop_sugarcane,41.8,,18.43,46.69,1172.31,168,vegetative,0.0,False
2023-06-18 07:00:00,crop_sugarcane,51.36,,17.69,69.87,1973.36,168,maturity,0.0,False
2023-06-18 08:30:00,crop_sugarcane,52.99,,17.72,35.42,856.19,168,maturity,0.0,False
2023-06-18 10:00:00,crop_sugarcane,40.9,,30.0,32.54,1635.24,168,maturity,0.0,False
2023-06-18 12:00:00,crop_sugarcane,55.61,,41.68,36.05,1075.6,168,maturity,0.0,False
2023-06-18 20:00:00,crop_sugarcane,30.56,,40.67,38.33,149.6,168,maturity,0.0,False
2023-06-19 00:30:00,crop_sugarcane,56.87,,22.22,54.99,594.83,168,vegetative,0.0,False
2023-06-19 02:30:00,crop_sugarcane,44.97,,39.49,63.41,2307.03,168,vegetative,0.0,False
2023-06-19 06:30:00,crop_sugarcane,27.97,,23.64,72.16,1991.17,169,maturity,0.0,False
2023-06-19 09:00:00,crop_sugarcane,55.86,,40.92,33.66,1022.48,169,maturity,0.0,False
2023-06-19 09:30:00,crop_sugarcane,22.4,,24.48,64.05,2434.96,169,vegetative,0.0,False
2023-06-19 11:00:00,crop_sugarcane,63.35,,34.98,44.58,2462.23,169,maturity,0.0,False
2023-06-19 11:30:00,crop_sugarcane,39.32,,14.8,27.26,2238.64,169,maturity,0.0,False
2023-06-19 22:00:00,crop_sugarcane,36.92,,38.53,32.72,2171.0,169,maturity,0.0,False
2023-06-19 23:30:00,crop_sugarcane,18.09,,36.0,48.72,2146.34,169,vegetative,0.0,False
2023-06-20 04:30:00,crop_sugarcane,43.72,,34.0,82.04,575.99,169,maturity,0.0,False
2023-06-20 11:30:00,crop_sugarcane,18.15,,13.26,52.42,1113.8,170,maturity,0.0,False
2023-06-20 12:00:00,crop_sugarcane,12.42,,39.7,70.39,996.63,170,vegetative,0.0,False
2023-06-20 12:30:00,crop_sugarcane,43.23,,37.91,91.79,1364.03,170,vegetative,0.0,False
2023-06-20 14:30:00,crop_sugarcane,34.08,,36.1,61.44,275.35,170,flowering,0.0,False
2023-06-20 15:30:00,crop_sugarcane,16.99,,41.8,83.31,341.75,170,vegetative,0.0,False
2023-06-20 19:00:00,crop_sugarcane,42.83,,36.07,73.41,2279.02,170,flowering,0.0,False
2023-06-20 20:00:00,crop_sugarcane,44.35,,18.1,55.69,1546.33,170,flowering,0.0,False
2023-06-20 23:00:00,crop_sugarcane,20.63,,32.86,32.05,2212.11,170,maturity,0.0,False
2023-06-21 08:00:00,crop_sugarcane,20.76,,25.82,27.81,1117.14,171,flowering,0.0,False
2023-06-21 08:30:00,crop_sugarcane,61.32,,38.37,41.87,716.98,171,vegetative,0.0,False
2023-06-21 11:30:00,crop_sugarcane,18.64,,20.49,76.6,1159.54,171,maturity,0.0,False
2023-06-21 12:30:00,crop_sugarcane,29.09,,39.03,93.75,2183.15,171,maturity,0.0,False
2023-06-21 18:00:00,crop_sugarcane,45.71,,27.49,54.1,1107.5,171,flowering,0.0,False
2023-06-21 20:30:00,crop_sugarcane,26.39,,34.44,44.97,1277.36,171,maturity,0.0,False
2023-06-21 23:30:00,crop_sugarcane,58.13,,25.0,87.73,263.5,171,maturity,0.0,False
2023-06-22 03:30:00,crop_sugarcane,18.3,,30.5,74.14,2376.38,171,maturity,0.0,False
2023-06-22 04:30:00,crop_sugarcane,14.73,,26.23,63.46,1789.87,171,vegetative,0.0,False
2023-06-22 08:30:00,crop_sugarcane,53.46,,34.1,31.46,480.2,172,maturity,0.0,False
2023-06-22 10:30:00,crop_sugarcane,50.53,,33.83,31.32,434.05,172,vegetative,0.0,False
2023-06-22 11:30:00,crop_sugarcane,38.81,,19.71,66.71,2201.7,172,maturity,0.0,False
2023-06-22 12:30:00,crop_sugarcane,26.94,,22.27,75.28,1309.64,172,flowering,0.0,False
2023-06-22 18:00:00,crop_sugarcane,40.54,,23.6,33.04,531.09,172,maturity,0.0,False
2023-06-22 18:30:00,crop_sugarcane,56.1,,38.08,28.58,319.78,172,maturity,0.0,False
2023-06-22 19:30:00,crop_sugarcane,35.69,,23.07,64.81,1662.23,172,maturity,0.0,False
2023-06-22 21:30:00,crop_sugarcane,23.89,,31.67,88.49,2034.3,172,vegetative,0.0,False
2023-06-23 03:00:00,crop_sugarcane,11.17,,25.52,82.05,2271.64,172,maturity,0.0,False
2023-06-23 06:00:00,crop_sugarcane,46.94,,13.04,45.59,1962.99,173,maturity,0.0,False
2023-06-23 10:30:00,crop_sugarcane,18.87,,32.32,56.51,744.15,173,maturity,0.0,False
2023-06-23 13:00:00,crop_sugarcane,30.59,,29.22,62.48,1259.2,173,maturity,0.0,False
2023-06-23 13:30:00,crop_sugarcane,47.34,,27.7,45.84,153.35,173,vegetative,0.0,False
2023-06-23 15:00:00,crop_sugarcane,63.25,,17.17,80.36,307.0,173,vegetative,0.0,False
2023-06-23 15:30:00,crop_sugarcane,62.47,,15.99,35.29,2256.29,173,flowering,0.0,False
2023-06-23 20:00:00,crop_sugarcane,52.82,,19.87,88.42,1196.57,173,vegetative,0.0,False
2023-06-23 20:30:00,crop_sugarcane,17.12,,28.48,78.84,375.71,173,maturity,0.0,False
2023-06-23 23:30:00,crop_sugarcane,39.96,,15.75,81.7,2044.83,173,flowering,0.0,False
2023-06-24 01:00:00,crop_sugarcane,13.44,,20.17,75.0,1967.51,173,flowering,0.0,False
2023-06-24 07:30:00,crop_sugarcane,8.82,,17.1,33.6,1970.56,174,flowering,0.0,False
2023-06-24 11:30:00,crop_sugarcane,38.79,,12.08,70.34,1602.27,174,maturity,0.0,False
2023-06-24 15:00:00,crop_sugarcane,60.53,,25.03,83.57,1861.17,174,maturity,0.0,False
2023-06-24 15:30:00,crop_sugarcane,60.25,,35.68,41.87,744.09,174,vegetative,0.0,False
2023-06-24 19:00:00,crop_sugarcane,51.87,,17.7,59.94,310.45,174,maturity,0.0,False
2023-06-24 20:30:00,crop_sugarcane,55.73,,31.12,56.45,1199.45,174,vegetative,0.0,False
2023-06-25 00:00:00,crop_sugarcane,33.79,,40.94,35.44,2486.75,174,maturity,0.0,False
2023-06-25 00:30:00,crop_sugarcane,37.11,,27.27,47.5,832.05,174,flowering,0.0,False
2023-06-25 09:30:00,crop_sugarcane,40.01,,32.12,94.68,43.17,175,maturity,0.0,False
2023-06-25 15:30:00,crop_sugarcane,36.32,,13.4,54.54,1398.53,175,flowering,0.0,False
2023-06-25 20:00:00,crop_sugarcane,63.34,,39.58,56.41,1240.36,175,vegetative,0.0,False
2023-06-25 22:00:00,crop_sugarcane,56.75,,15.01,84.0,2141.53,175,vegetative,0.0,False
2023-06-26 06:00:00,crop_sugarcane,53.85,,40.42,41.36,1047.38,176,flowering,0.0,False
2023-06-26 09:30:00,crop_sugarcane,29.66,,34.58,68.68,2462.29,176,maturity,0.0,False
2023-06-26 12:30:00,crop_sugarcane,37.9,,32.86,58.06,1179.85,176,vegetative,0.0,False
2023-06-26 13:00:00,crop_sugarcane,29.29,,24.18,68.29,356.39,176,maturity,0.0,False
2023-06-26 15:30:00,crop_sugarcane,52.75,,24.23,79.65,692.23,176,maturity,0.0,False
2023-06-26 16:00:00,crop_sugarcane,9.75,,22.67,53.64,1049.91,176,maturity,0.0,False
2023-06-26 17:30:00,crop_sugarcane,60.93,,24.3,74.64,56.84,176,flowering,0.0,False
2023-06-27 00:00:00,crop_sugarcane,48.72,,20.64,79.92,2261.97,176,maturity,0.0,False
2023-06-27 00:30:00,crop_sugarcane,38.44,,26.06,63.73,836.34,176,maturity,0.0,False
2023-06-27 03:30:00,crop_sugarcane,52.24,,21.74,37.56,2368.6,176,maturity,0.0,False
2023-06-27 04:00:00,crop_sugarcane,11.83,,40.46,41.69,1503.79,176,flowering,0.0,False
2023-06-27 08:30:00,crop_sugarcane,20.05,,30.27,83.42,2344.47,177,vegetative,0.0,False
2023-06-27 10:00:00,crop_sugarcane,41.4,,12.5,43.65,837.91,177,flowering,0.0,False
2023-06-27 12:30:00,crop_sugarcane,56.87,,39.72,29.31,1005.31,177,flowering,0.0,False
2023-06-27 14:00:00,crop_sugarcane,13.46,,31.71,89.98,999.4,177,vegetative,0.0,False
2023-06-27 15:00:00,crop_sugarcane,41.52,,27.92,70.42,616.9,177,flowering,0.0,False
2023-06-27 19:30:00,crop_sugarcane,21.57,,24.47,27.82,1878.93,177,maturity,0.0,False
2023-06-27 20:00:00,crop_sugarcane,21.39,,14.69,36.91,973.97,177,flowering,0.0,False
2023-06-28 00:30:00,crop_sugarcane,32.74,,23.38,87.68,1891.27,177,flowering,0.0,False
2023-06-28 04:30:00,crop_sugarcane,17.39,,40.83,62.12,1606.4,177,maturity,0.0,False
2023-06-28 08:00:00,crop_sugarcane,64.28,,35.91,93.23,934.61,178,maturity,0.0,False
2023-06-28 10:30:00,crop_sugarcane,46.07,,24.01,90.26,74.53,178,vegetative,0.0,False
2023-06-28 12:30:00,crop_sugarcane,24.87,,32.91,70.14,1559.0,178,vegetative,0.0,False
2023-06-28 17:30:00,crop_sugarcane,37.53,,20.77,27.02,1531.32,178,maturity,0.0,False
2023-06-28 20:00:00,crop_sugarcane,43.24,,12.51,88.98,2059.29,178,vegetative,0.0,False
2023-06-28 20:30:00,crop_sugarcane,12.99,,19.65,91.34,148.87,178,vegetative,0.0,False
2023-06-29 00:00:00,crop_sugarcane,27.38,,16.12,40.93,1673.72,178,maturity,0.0,False
2023-06-29 00:30:00,crop_sugarcane,11.7,,18.07,89.21,1643.84,178,flowering,0.0,False
2023-06-29 01:00:00,crop_sugarcane,36.81,,24.48,73.18,1372.19,178,vegetative,0.0,False
2023-06-29 01:30:00,crop_sugarcane,42.29,,29.51,68.18,78.61,178,vegetative,0.0,False
2023-06-29 03:00:00,crop_sugarcane,19.82,,40.21,77.21,2219.33,178,flowering,0.0,False
2023-06-29 09:00:00,crop_sugarcane,9.14,,22.48,25.29,959.76,179,vegetative,0.0,False
2023-06-29 09:30:00,crop_sugarcane,44.83,,15.5,55.85,1716.45,179,vegetative,0.0,False
2023-06-29 15:30:00,crop_sugarcane,12.11,,36.77,62.57,1881.21,179,flowering,0.0,False
2023-06-29 18:00:00,crop_sugarcane,33.86,,33.64,32.05,1485.13,179,maturity,0.0,False
2023-06-29 19:00:00,crop_sugarcane,38.73,,13.92,46.6,580.27,179,maturity,0.0,False
2023-06-29 23:00:00,crop_sugarcane,21.82,,36.18,57.8,63.83,179,maturity,0.0,False
2023-06-30 02:30:00,crop_sugarcane,46.2,,26.99,47.04,1422.22,179,vegetative,0.0,False
2023-06-30 03:00:00,crop_sugarcane,51.31,,24.1,63.68,69.71,179,vegetative,0.0,False
2023-06-30 06:30:00,crop_sugarcane,41.52,,14.48,52.28,638.48,180,maturity,0.0,False
2023-06-30 15:30:00,crop_sugarcane,52.58,,26.94,92.27,913.95,180,maturity,0.0,False
2023-06-30 22:30:00,crop_sugarcane,23.76,,16.41,71.75,166.34,180,vegetative,0.0,False
2023-07-01 00:00:00,crop_sugarcane,11.27,,38.2,77.22,615.34,180,maturity,0.0,False
2023-07-01 03:30:00,crop_sugarcane,36.03,,26.89,81.39,463.66,180,vegetative,0.0,False
2023-07-01 12:00:00,crop_sugarcane,35.85,,22.14,63.83,1207.75,181,vegetative,0.0,False
2023-07-01 12:30:00,crop_sugarcane,39.37,,41.58,46.25,1630.76,181,maturity,0.0,False
2023-07-01 13:00:00,crop_sugarcane,47.58,,37.76,72.2,988.18,181,maturity,0.0,False
2023-07-01 13:30:00,crop_sugarcane,63.19,,38.86,54.32,160.46,181,flowering,0.0,False
2023-07-01 17:00:00,crop_sugarcane,22.67,,28.41,82.7,1787.85,181,vegetative,0.0,False
2023-07-01 19:30:00,crop_sugarcane,12.22,,20.5,43.8,177.38,181,vegetative,0.0,False
2023-07-01 20:00:00,crop_sugarcane,28.68,,26.63,37.78,512.23,181,flowering,0.0,False
2023-07-01 22:00:00,crop_sugarcane,29.62,,36.32,57.22,1205.15,181,flowering,0.0,False
2023-07-02 02:00:00,crop_sugarcane,36.99,,39.42,25.96,838.9,181,maturity,0.0,False
2023-07-02 02:30:00,crop_sugarcane,23.83,,31.27,59.81,289.32,181,flowering,0.0,False
2023-07-02 03:00:00,crop_sugarcane,25.27,,28.97,89.81,198.1,181,maturity,0.0,False
2023-07-02 05:30:00,crop_sugarcane,58.64,,28.84,55.49,950.73,181,flowering,0.0,False
2023-07-02 10:00:00,crop_sugarcane,25.61,,14.76,74.23,1759.99,182,maturity,0.0,False
2023-07-02 15:00:00,crop_sugarcane,56.98,,25.06,30.82,1808.92,182,vegetative,0.0,False
2023-07-02 17:30:00,crop_sugarcane,26.79,,34.5,88.89,1415.0,182,maturity,0.0,False
2023-07-02 21:30:00,crop_sugarcane,39.79,,20.3,42.36,1935.7,182,maturity,0.0,False
2023-07-03 01:00:00,crop_sugarcane,45.89,,37.83,56.27,376.18,182,flowering,0.0,False
2023-07-03 03:00:00,crop_sugarcane,17.39,,38.06,78.63,1860.75,182,flowering,0.0,False
2023-07-03 05:00:00,crop_sugarcane,18.97,,18.02,60.01,2093.7,182,maturity,0.0,False
2023-07-03 05:30:00,crop_sugarcane,54.85,,24.73,80.08,2470.05,182,maturity,0.0,False
2023-07-03 07:00:00,crop_sugarcane,52.02,,36.44,36.24,2247.65,183,maturity,0.0,False
2023-07-03 09:30:00,crop_sugarcane,41.9,,16.31,88.13,347.64,183,maturity,0.0,False
2023-07-03 14:00:00,crop_sugarcane,36.89,,13.04,43.23,1843.23,183,maturity,0.0,False
2023-07-03 15:30:00,crop_sugarcane,61.95,,33.01,90.94,79.57,183,maturity,0.0,False
2023-07-03 16:00:00,crop_sugarcane,27.54,,17.66,30.36,257.13,183,maturity,0.0,False
2023-07-04 04:00:00,crop_sugarcane,59.31,,16.77,34.66,616.76,183,maturity,0.0,False
2023-07-04 05:00:00,crop_sugarcane,55.89,,19.75,59.68,370.86,183,flowering,0.0,False
2023-07-04 06:30:00,crop_sugarcane,25.03,,18.1,84.84,415.4,184,maturity,0.0,False
2023-07-04 09:30:00,crop_sugarcane,15.92,,31.23,63.25,2210.0,184,maturity,0.0,False
2023-07-04 10:00:00,crop_sugarcane,34.72,,34.28,53.88,1730.27,184,vegetative,0.0,False
2023-07-04 11:00:00,crop_sugarcane,17.05,,30.31,63.92,1747.0,184,flowering,0.0,False
2023-07-04 14:00:00,crop_sugarcane,8.96,,35.46,34.82,702.67,184,maturity,0.0,False
2023-07-04 19:30:00,crop_sugarcane,56.56,,16.23,41.85,2356.0,184,flowering,0.0,False
2023-07-05 00:30:00,crop_sugarcane,46.93,,16.18,73.56,178.85,184,maturity,0.0,False
2023-07-05 08:00:00,crop_sugarcane,42.59,,17.78,57.37,49.47,185,flowering,0.0,False
2023-07-05 08:30:00,crop_sugarcane,45.45,,32.35,78.31,1859.4,185,vegetative,0.0,False
2023-07-05 09:00:00,crop_sugarcane,40.96,,19.85,77.73,152.64,185,vegetative,0.0,False
2023-07-05 13:00:00,crop_sugarcane,37.97,,13.26,37.17,8.95,185,flowering,0.0,False
2023-07-05 14:00:00,crop_sugarcane,40.78,,19.39,67.09,486.52,185,maturity,0.0,False
2023-07-05 17:00:00,crop_sugarcane,22.58,,13.36,38.24,579.46,185,maturity,0.0,False
2023-07-06 03:30:00,crop_sugarcane,25.57,,14.51,64.49,2028.54,185,vegetative,0.0,False
2023-07-06 05:30:00,crop_sugarcane,23.69,,15.52,81.14,362.37,185,maturity,0.0,False
2023-07-06 07:30:00,crop_sugarcane,10.23,,32.9,32.6,1753.82,186,vegetative,0.0,False
2023-07-06 08:30:00,crop_sugarcane,51.28,,14.7,90.71,529.29,186,maturity,0.0,False
2023-07-06 11:30:00,crop_sugarcane,52.93,,33.98,31.45,1994.91,186,flowering,0.0,False
2023-07-07 03:00:00,crop_sugarcane,50.04,,36.78,42.24,1010.29,186,flowering,0.0,False
2023-07-07 05:30:00,crop_sugarcane,42.96,,40.59,39.49,1115.89,186,vegetative,0.0,False
2023-07-07 06:30:00,crop_sugarcane,25.62,,13.98,70.36,1250.3,187,maturity,0.0,False
2023-07-07 07:00:00,crop_sugarcane,19.82,,27.64,57.79,1964.03,187,maturity,0.0,False
2023-07-07 11:30:00,crop_sugarcane,44.24,,31.75,60.67,1412.11,187,vegetative,0.0,False
2023-07-07 12:00:00,crop_sugarcane,47.08,,12.23,36.02,1746.71,187,flowering,0.0,False
2023-07-07 14:30:00,crop_sugarcane,32.57,,30.78,32.66,924.63,187,maturity,0.0,False
2023-07-07 16:30:00,crop_sugarcane,12.41,,22.35,51.62,919.04,187,vegetative,0.0,False
2023-07-08 03:00:00,crop_sugarcane,62.57,,24.18,26.7,1953.99,187,maturity,0.0,False
2023-07-08 05:00:00,crop_sugarcane,10.83,,17.43,47.94,1586.37,187,vegetative,0.0,False
2023-07-08 06:00:00,crop_sugarcane,12.42,,29.03,90.46,307.74,188,flowering,0.0,False
2023-07-08 13:00:00,crop_sugarcane,17.15,,20.17,47.19,2035.16,188,maturity,0.0,False
2023-07-08 19:00:00,crop_sugarcane,45.11,,28.67,28.25,942.17,188,maturity,0.0,False
2023-07-08 22:00:00,crop_sugarcane,61.74,,32.06,50.61,356.33,188,vegetative,0.0,False
2023-07-09 00:30:00,crop_sugarcane,11.56,,41.35,60.9,704.83,188,flowering,0.0,False
2023-07-09 07:00:00,crop_sugarcane,13.8,,20.21,59.0,376.86,189,vegetative,0.0,False
2023-07-09 12:30:00,crop_sugarcane,60.92,,23.93,31.85,1921.28,189,maturity,0.0,False
2023-07-09 13:30:00,crop_sugarcane,21.7,,36.25,49.95,179.53,189,flowering,0.0,False
2023-07-09 14:00:00,crop_sugarcane,42.99,,34.79,62.29,1842.26,189,maturity,0.0,False
2023-07-09 15:00:00,crop_sugarcane,10.65,,15.99,84.72,791.04,189,flowering,0.0,False
2023-07-09 15:30:00,crop_sugarcane,42.64,,32.72,34.96,2481.99,189,flowering,0.0,False
2023-07-09 18:30:00,crop_sugarcane,44.27,,32.61,27.0,28.24,189,vegetative,0.0,False
2023-07-09 21:00:00,crop_sugarcane,24.99,,21.7,82.75,1916.24,189,maturity,0.0,False
2023-07-09 22:30:00,crop_sugarcane,39.85,,37.37,28.74,1044.93,189,flowering,0.0,False
2023-07-10 10:30:00,crop_sugarcane,60.0,,36.41,84.43,2293.66,190,maturity,0.0,False
2023-07-10 18:00:00,crop_sugarcane,40.96,,31.32,57.22,1581.49,190,flowering,0.0,False
2023-07-10 18:30:00,crop_sugarcane,13.59,,25.13,53.19,664.91,190,flowering,0.0,False
2023-07-11 02:30:00,crop_sugarcane,34.72,,23.22,85.53,2293.39,190,maturity,0.0,False
2023-07-11 03:30:00,crop_sugarcane,61.18,,15.51,45.59,857.27,190,flowering,0.0,False
2023-07-11 08:30:00,crop_sugarcane,64.66,,25.84,30.22,1236.04,191,maturity,0.0,False
2023-07-11 10:00:00,crop_sugarcane,55.95,,12.92,85.71,2270.1,191,flowering,0.0,False
2023-07-11 15:30:00,crop_sugarcane,62.31,,37.92,85.74,350.85,191,maturity,0.0,False
2023-07-11 16:00:00,crop_sugarcane,53.17,,24.43,65.58,1820.5,191,maturity,0.0,False
2023-07-11 16:30:00,crop_sugarcane,16.5,,25.36,81.08,1942.45,191,flowering,0.0,False
2023-07-11 17:30:00,crop_sugarcane,50.0,,26.35,81.32,15.1,191,vegetative,0.0,False
2023-07-11 21:30:00,crop_sugarcane,57.84,,32.71,86.27,1623.13,191,flowering,0.0,False
2023-07-12 04:30:00,crop_sugarcane,17.34,,14.2,37.1,1360.1,191,maturity,0.0,False
2023-07-12 09:30:00,crop_sugarcane,62.82,,37.06,28.39,2284.5,192,maturity,0.0,False
2023-07-12 10:30:00,crop_sugarcane,26.23,,35.06,69.66,1259.91,192,flowering,0.0,False
2023-07-12 12:00:00,crop_sugarcane,33.96,,27.67,37.41,2009.27,192,maturity,0.0,False
2023-07-12 13:00:00,crop_sugarcane,31.41,,20.59,68.79,1686.59,192,maturity,0.0,False
2023-07-12 15:30:00,crop_sugarcane,51.42,,24.01,70.86,2199.36,192,flowering,0.0,False
2023-07-12 16:30:00,crop_sugarcane,48.86,,27.55,35.69,274.09,192,flowering,0.0,False
2023-07-12 17:00:00,crop_sugarcane,40.95,,41.59,28.21,1434.37,192,maturity,0.0,False
2023-07-12 21:30:00,crop_sugarcane,14.1,,31.89,64.71,1668.67,192,vegetative,0.0,False
2023-07-12 22:00:00,crop_sugarcane,40.1,,22.41,67.58,1313.58,192,vegetative,0.0,False
2023-07-12 23:00:00,crop_sugarcane,32.5,,21.09,39.11,2155.81,192,maturity,0.0,False
2023-07-13 01:30:00,crop_sugarcane,41.79,,30.81,55.4,1056.03,192,maturity,0.0,False
2023-07-13 02:30:00,crop_sugarcane,18.83,,31.86,32.56,1652.01,192,vegetative,0.0,False
2023-07-13 04:00:00,crop_sugarcane,35.38,,37.27,94.92,2267.86,192,maturity,0.0,False
2023-07-13 06:30:00,crop_sugarcane,17.32,,25.61,45.24,1399.6,193,maturity,0.0,False
2023-07-13 09:30:00,crop_sugarcane,11.54,,13.41,76.62,119.29,193,maturity,0.0,False
2023-07-13 11:30:00,crop_sugarcane,39.79,,23.9,84.39,323.53,193,maturity,0.0,False
2023-07-13 12:00:00,crop_sugarcane,27.72,,36.39,71.52,489.83,193,maturity,0.0,False
2023-07-13 18:00:00,crop_sugarcane,63.44,,17.48,38.77,395.98,193,maturity,0.0,False
2023-07-13 20:00:00,crop_sugarcane,38.22,,22.14,50.91,123.02,193,maturity,0.0,False
2023-07-13 21:00:00,crop_sugarcane,13.37,,33.29,48.01,418.8,193,maturity,0.0,False
2023-07-14 16:00:00,crop_sugarcane,46.2,,15.12,83.48,377.58,194,maturity,0.0,False
2023-07-14 20:00:00,crop_sugarcane,53.55,,33.37,56.34,1415.13,194,maturity,0.0,False
2023-07-14 20:30:00,crop_sugarcane,16.97,,24.91,37.45,1009.21,194,flowering,0.0,False
2023-07-14 21:00:00,crop_sugarcane,18.63,,17.8,41.75,130.33,194,maturity,0.0,False
2023-07-15 04:00:00,crop_sugarcane,9.39,,33.31,57.7,240.38,194,maturity,0.0,False
2023-07-15 07:00:00,crop_sugarcane,60.99,,27.82,57.15,1291.52,195,maturity,0.0,False
2023-07-15 15:00:00,crop_sugarcane,54.98,,27.96,85.57,2413.33,195,flowering,0.0,False
2023-07-15 17:30:00,crop_sugarcane,8.32,,14.0,30.99,1459.54,195,flowering,0.0,False
2023-07-15 18:30:00,crop_sugarcane,33.04,,23.37,84.87,1336.51,195,maturity,0.0,False
2023-07-15 20:00:00,crop_sugarcane,53.92,,21.32,27.62,421.14,195,vegetative,0.0,False
2023-07-16 14:30:00,crop_sugarcane,41.64,,32.34,58.67,2060.45,196,maturity,0.0,False
2023-07-16 15:30:00,crop_sugarcane,30.92,,25.97,60.71,1064.8,196,flowering,0.0,False
2023-07-16 19:00:00,crop_sugarcane,33.05,,34.8,58.88,2139.92,196,maturity,0.0,False
2023-07-16 23:30:00,crop_sugarcane,9.69,,28.58,31.44,1134.52,196,vegetative,0.0,False
2023-07-17 05:30:00,crop_sugarcane,12.66,,27.68,62.89,570.57,196,maturity,0.0,False
2023-07-17 10:30:00,crop_sugarcane,54.4,,28.0,69.53,1042.6,197,maturity,0.0,False
2023-07-17 13:30:00,crop_sugarcane,28.61,,30.15,43.39,2216.09,197,maturity,0.0,False
2023-07-17 15:30:00,crop_sugarcane,57.24,,38.32,47.96,2212.67,197,vegetative,0.0,False
2023-07-17 22:30:00,crop_sugarcane,58.88,,38.79,62.31,2432.24,197,flowering,0.0,False
2023-07-17 23:00:00,crop_sugarcane,46.07,,16.44,41.37,1632.6,197,maturity,0.0,False
2023-07-18 01:00:00,crop_sugarcane,13.51,,16.51,88.8,646.63,197,flowering,0.0,False
2023-07-18 03:00:00,crop_sugarcane,28.86,,19.04,81.35,673.73,197,vegetative,0.0,False
2023-07-18 05:00:00,crop_sugarcane,35.82,,17.5,28.12,142.24,197,maturity,0.0,False
2023-07-18 09:00:00,crop_sugarcane,54.29,,33.72,67.71,1446.81,198,vegetative,0.0,False
2023-07-18 17:30:00,crop_sugarcane,51.58,,12.04,72.87,941.09,198,vegetative,0.0,False
2023-07-18 18:00:00,crop_sugarcane,28.77,,36.39,36.38,1122.74,198,maturity,0.0,False
2023-07-18 19:30:00,crop_sugarcane,46.75,,20.98,35.91,1045.22,198,maturity,0.0,False
2023-07-18 20:30:00,crop_sugarcane,53.34,,32.36,67.59,1598.14,198,maturity,0.0,False
2023-07-18 21:30:00,crop_sugarcane,45.92,,37.39,69.52,493.91,198,vegetative,0.0,False
2023-07-18 23:00:00,crop_sugarcane,8.63,,35.09,83.51,663.16,198,maturity,0.0,False
2023-07-19 00:00:00,crop_sugarcane,44.84,,20.63,80.74,1174.47,198,flowering,0.0,False
2023-07-19 00:30:00,crop_sugarcane,24.7,,23.78,65.28,1318.12,198,maturity,0.0,False
2023-07-19 01:00:00,crop_sugarcane,36.18,,17.3,94.59,831.53,198,maturity,0.0,False
2023-07-19 04:30:00,crop_sugarcane,57.8,,12.25,54.58,228.78,198,vegetative,0.0,False
2023-07-19 08:30:00,crop_sugarcane,20.72,,13.49,40.43,1560.63,199,vegetative,0.0,False
2023-07-19 09:30:00,crop_sugarcane,23.44,,22.62,27.06,173.22,199,maturity,0.0,False
2023-07-19 16:30:00,crop_sugarcane,48.24,,22.77,81.16,2101.95,199,vegetative,0.0,False
2023-07-19 23:30:00,crop_sugarcane,15.29,,21.47,32.76,2106.81,199,maturity,0.0,False
2023-07-20 02:00:00,crop_sugarcane,59.01,,24.95,41.72,1617.35,199,maturity,0.0,False
2023-07-20 06:00:00,crop_sugarcane,38.3,,17.95,45.05,361.99,200,flowering,0.0,False
2023-07-20 08:00:00,crop_sugarcane,18.13,,22.91,69.79,1291.63,200,flowering,0.0,False
2023-07-20 09:30:00,crop_sugarcane,32.37,,31.05,92.17,737.26,200,vegetative,0.0,False
2023-07-20 10:30:00,crop_sugarcane,54.45,,15.7,91.95,847.9,200,vegetative,0.0,False
2023-07-20 15:30:00,crop_sugarcane,60.82,,30.21,91.62,1551.64,200,maturity,0.0,False
2023-07-20 17:00:00,crop_sugarcane,25.27,,33.94,59.57,1180.35,200,maturity,0.0,False
2023-07-21 14:00:00,crop_sugarcane,35.62,,30.33,63.69,913.26,201,flowering,0.0,False
2023-07-21 14:30:00,crop_sugarcane,47.15,,27.96,34.74,1814.69,201,vegetative,0.0,False
2023-07-22 03:30:00,crop_sugarcane,50.85,,40.49,93.31,2099.98,201,vegetative,0.0,False
2023-07-22 05:30:00,crop_sugarcane,49.28,,15.35,35.19,657.42,201,flowering,0.0,False
2023-07-22 13:30:00,crop_sugarcane,31.07,,35.6,35.95,2470.12,202,vegetative,0.0,False
2023-07-22 20:00:00,crop_sugarcane,37.26,,14.11,63.97,2113.89,202,maturity,0.0,False
2023-07-22 21:00:00,crop_sugarcane,63.38,,19.19,69.38,1318.76,202,maturity,0.0,False
2023-07-22 21:30:00,crop_sugarcane,45.33,,22.37,88.13,1153.23,202,vegetative,0.0,False
2023-07-22 23:30:00,crop_sugarcane,51.12,,13.74,61.7,466.32,202,maturity,0.0,False
2023-07-23 03:00:00,crop_sugarcane,41.47,,24.96,62.15,139.26,202,maturity,0.0,False
2023-07-23 06:00:00,crop_sugarcane,19.44,,22.18,62.44,1260.92,203,vegetative,0.0,False
2023-07-23 13:30:00,crop_sugarcane,8.41,,28.81,68.11,1648.27,203,flowering,0.0,False
2023-07-23 15:00:00,crop_sugarcane,10.54,,27.91,77.69,367.66,203,maturity,0.0,False
2023-07-23 17:00:00,crop_sugarcane,46.58,,34.73,90.84,2087.82,203,vegetative,0.0,False
2023-07-23 19:30:00,crop_sugarcane,19.38,,23.13,53.58,1215.81,203,maturity,0.0,False
2023-07-23 21:30:00,crop_sugarcane,52.14,,15.99,86.95,342.74,203,maturity,0.0,False
2023-07-23 22:00:00,crop_sugarcane,28.94,,39.56,32.74,1042.57,203,maturity,0.0,False
2023-07-24 03:00:00,crop_sugarcane,46.18,,41.83,50.48,1261.71,203,maturity,0.0,False
2023-07-24 07:00:00,crop_sugarcane,38.94,,36.35,85.8,715.83,204,flowering,0.0,False
2023-07-24 12:00:00,crop_sugarcane,42.13,,31.89,44.77,845.05,204,maturity,0.0,False
2023-07-24 17:00:00,crop_sugarcane,32.58,,13.19,90.5,2321.0,204,maturity,0.0,False
2023-07-25 00:30:00,crop_sugarcane,21.8,,25.36,75.0,1386.81,204,maturity,0.0,False
2023-07-25 03:00:00,crop_sugarcane,56.9,,23.42,88.64,502.92,204,flowering,0.0,False
2023-07-25 08:00:00,crop_sugarcane,54.47,,34.49,67.86,856.9,205,maturity,0.0,False
2023-07-25 11:00:00,crop_sugarcane,40.92,,35.84,76.08,372.05,205,maturity,0.0,False
2023-07-25 11:30:00,crop_sugarcane,50.32,,13.7,84.56,358.74,205,maturity,0.0,False
2023-07-25 12:30:00,crop_sugarcane,24.72,,37.85,44.46,1419.95,205,vegetative,0.0,False
2023-07-25 13:30:00,crop_sugarcane,64.04,,14.6,71.58,367.24,205,maturity,0.0,False
2023-07-25 17:00:00,crop_sugarcane,11.29,,12.59,62.16,1207.2,205,maturity,0.0,False
2023-07-25 21:00:00,crop_sugarcane,15.39,,37.09,83.2,462.51,205,vegetative,0.0,False
2023-07-26 00:00:00,crop_sugarcane,63.2,,32.5,60.88,1328.87,205,vegetative,0.0,False
2023-07-26 02:30:00,crop_sugarcane,41.91,,34.47,87.19,900.75,205,flowering,0.0,False
2023-07-26 03:30:00,crop_sugarcane,30.87,,26.29,86.93,102.46,205,maturity,0.0,False
2023-07-26 05:00:00,crop_sugarcane,14.79,,18.97,47.23,2252.55,205,maturity,0.0,False
2023-07-26 08:30:00,crop_sugarcane,51.84,,30.2,83.23,945.44,206,maturity,0.0,False
2023-07-26 14:00:00,crop_sugarcane,43.21,,26.45,66.3,2013.73,206,flowering,0.0,False
2023-07-26 15:00:00,crop_sugarcane,50.2,,26.16,58.86,1847.51,206,flowering,0.0,False
2023-07-26 19:00:00,crop_sugarcane,25.62,,17.01,80.13,2256.36,206,vegetative,0.0,False
2023-07-26 20:00:00,crop_sugarcane,39.85,,30.07,48.34,1727.27,206,maturity,0.0,False
2023-07-26 20:30:00,crop_sugarcane,21.69,,20.46,93.23,2375.12,206,vegetative,0.0,False
2023-07-26 23:30:00,crop_sugarcane,54.77,,33.68,50.44,2317.34,206,vegetative,0.0,False
2023-07-27 02:30:00,crop_sugarcane,17.18,,17.54,71.33,1523.45,206,maturity,0.0,False
2023-07-27 03:00:00,crop_sugarcane,38.39,,16.74,35.72,851.14,206,vegetative,0.0,False
2023-07-27 06:00:00,crop_sugarcane,18.33,,33.11,77.44,2376.96,207,maturity,0.0,False
2023-07-27 07:00:00,crop_sugarcane,11.2,,41.19,61.14,1764.08,207,flowering,0.0,False
2023-07-27 07:30:00,crop_sugarcane,62.05,,38.44,39.92,492.32,207,vegetative,0.0,False
2023-07-27 12:00:00,crop_sugarcane,13.02,,21.93,47.66,395.02,207,vegetative,0.0,False
2023-07-27 16:30:00,crop_sugarcane,25.33,,32.64,48.73,635.1,207,maturity,0.0,False
2023-07-27 19:00:00,crop_sugarcane,58.58,,14.95,42.96,320.5,207,flowering,0.0,False
2023-07-27 20:30:00,crop_sugarcane,40.09,,15.67,37.12,1515.15,207,vegetative,0.0,False
2023-07-27 23:00:00,crop_sugarcane,45.79,,16.99,58.25,1796.51,207,maturity,0.0,False
2023-07-28 02:30:00,crop_sugarcane,60.45,,17.66,36.53,461.79,207,maturity,0.0,False
2023-07-28 05:30:00,crop_sugarcane,26.67,,27.61,52.2,1075.12,207,maturity,0.0,False
2023-07-28 07:00:00,crop_sugarcane,44.33,,31.5,64.83,2397.01,208,maturity,0.0,False
2023-01-01 00:00:00,crop_wheat,36.48,,21.9,31.19,1167.7,0,vegetative,0.0,False
2023-01-01 01:30:00,crop_wheat,12.75,,37.22,43.32,306.26,0,maturity,0.0,False
2023-01-01 03:30:00,crop_wheat,40.23,,35.6,79.1,833.33,0,vegetative,0.0,False
2023-01-01 06:30:00,crop_wheat,34.71,,13.75,87.34,443.45,0,maturity,0.0,False
2023-01-01 19:00:00,crop_wheat,57.52,,31.32,55.68,469.77,0,maturity,0.0,False
2023-01-02 01:30:00,crop_wheat,52.22,,28.11,77.46,2150.02,1,maturity,0.0,False
2023-01-02 07:30:00,crop_wheat,21.67,,15.15,52.99,799.42,1,vegetative,0.0,False
2023-01-02 09:00:00,crop_wheat,9.66,,37.23,56.22,1284.53,1,flowering,0.0,False
2023-01-02 09:30:00,crop_wheat,43.21,,24.34,64.51,2141.87,1,maturity,0.0,False
2023-01-02 10:00:00,crop_wheat,16.02,,16.25,94.66,527.51,1,maturity,0.0,False
2023-01-02 10:30:00,crop_wheat,61.87,,15.24,78.08,1927.36,1,flowering,0.0,False
2023-01-02 13:00:00,crop_wheat,61.11,,21.63,82.57,1541.91,1,flowering,0.0,False
2023-01-02 16:00:00,crop_wheat,46.19,,34.57,79.26,327.11,1,maturity,0.0,False
2023-01-02 16:30:00,crop_wheat,34.78,,13.58,76.53,1787.43,1,vegetative,0.0,False
2023-01-02 20:30:00,crop_wheat,27.54,,38.73,82.76,2289.1,1,flowering,0.0,False
2023-01-03 01:00:00,crop_wheat,46.16,,38.69,66.06,124.58,2,maturity,0.0,False
2023-01-03 05:30:00,crop_wheat,31.89,,13.0,45.98,1715.06,2,flowering,0.0,False
2023-01-03 13:30:00,crop_wheat,42.74,,37.21,36.68,1566.68,2,maturity,0.0,False
2023-01-03 19:30:00,crop_wheat,14.29,,12.91,94.05,128.81,2,maturity,0.0,False
2023-01-03 22:00:00,crop_wheat,48.51,,18.0,88.84,1404.51,2,maturity,0.0,False
2023-01-04 00:30:00,crop_wheat,64.97,,17.69,44.7,205.29,3,maturity,0.0,False
2023-01-04 11:30:00,crop_wheat,19.17,,23.25,91.7,325.17,3,vegetative,0.0,False
2023-01-04 12:30:00,crop_wheat,52.81,,28.32,68.94,775.05,3,maturity,0.0,False
2023-01-04 13:30:00,crop_wheat,14.19,,36.31,53.29,1971.3,3,vegetative,0.0,False
2023-01-04 14:00:00,crop_wheat,50.71,,19.31,58.44,2397.87,3,vegetative,0.0,False
2023-01-04 14:30:00,crop_wheat,25.39,,37.81,89.61,1150.49,3,vegetative,0.0,False
2023-01-04 15:00:00,crop_wheat,62.24,,28.16,63.52,781.1,3,flowering,0.0,False
2023-01-04 19:00:00,crop_wheat,52.16,,25.32,63.37,277.48,3,maturity,0.0,False
2023-01-04 20:00:00,crop_wheat,8.6,,35.44,84.3,169.75,3,maturity,0.0,False
2023-01-05 05:00:00,crop_wheat,32.74,,38.47,47.14,1454.33,4,flowering,0.0,False
2023-01-05 13:00:00,crop_wheat,21.71,,26.88,77.93,993.85,4,maturity,0.0,False
2023-01-05 23:00:00,crop_wheat,33.0,,19.1,75.54,1924.6,4,vegetative,0.0,False
2023-01-06 02:30:00,crop_wheat,18.79,,25.72,69.61,2327.95,5,maturity,0.0,False
2023-01-06 03:30:00,crop_wheat,22.87,,14.76,30.83,909.19,5,maturity,0.0,False
2023-01-06 04:00:00,crop_wheat,53.56,,18.85,25.75,1013.1,5,maturity,0.0,False
2023-01-06 06:00:00,crop_wheat,19.21,,35.81,93.74,1781.81,5,maturity,0.0,False
2023-01-06 12:00:00,crop_wheat,44.29,,39.22,62.85,849.92,5,maturity,0.0,False
2023-01-06 13:30:00,crop_wheat,43.15,,38.97,55.53,2443.19,5,maturity,0.0,False
2023-01-07 00:30:00,crop_wheat,64.88,,37.89,36.24,760.59,6,maturity,0.0,False
2023-01-07 01:00:00,crop_wheat,27.86,,38.2,73.36,1768.89,6,maturity,0.0,False
2023-01-07 01:30:00,crop_wheat,55.48,,23.95,92.32,1313.04,6,maturity,0.0,False
2023-01-07 04:00:00,crop_wheat,59.32,,25.6,35.85,2129.34,6,flowering,0.0,False
2023-01-07 06:30:00,crop_wheat,35.29,,27.35,31.32,1751.03,6,flowering,0.0,False
2023-01-07 11:00:00,crop_wheat,64.62,,25.39,87.46,668.83,6,maturity,0.0,False
2023-01-07 12:30:00,crop_wheat,8.71,,29.69,53.92,985.43,6,flowering,0.0,False
2023-01-07 19:30:00,crop_wheat,17.61,,31.47,82.31,1255.9,6,maturity,0.0,False
2023-01-07 21:30:00,crop_wheat,61.42,,33.36,25.76,85.69,6,vegetative,0.0,False
2023-01-08 00:00:00,crop_wheat,9.89,,12.74,47.07,271.11,7,maturity,0.0,False
2023-01-08 05:30:00,crop_wheat,40.16,,29.77,75.47,258.75,7,flowering,0.0,False
2023-01-08 06:30:00,crop_wheat,43.47,,32.62,60.12,1315.51,7,maturity,0.0,False
2023-01-08 08:00:00,crop_wheat,44.72,,22.23,38.9,592.53,7,flowering,0.0,False
2023-01-08 09:30:00,crop_wheat,51.62,,16.84,58.04,1535.56,7,maturity,0.0,False
2023-01-08 11:30:00,crop_wheat,26.19,,17.22,33.11,506.65,7,vegetative,0.0,False
2023-01-08 12:00:00,crop_wheat,58.57,,36.34,40.7,2336.25,7,maturity,0.0,False
2023-01-08 12:30:00,crop_wheat,10.81,,24.26,94.69,409.87,7,maturity,0.0,False
2023-01-08 14:30:00,crop_wheat,8.6,,13.05,61.7,2145.21,7,maturity,0.0,False
2023-01-08 20:30:00,crop_wheat,49.06,,35.57,72.54,373.47,7,vegetative,0.0,False
2023-01-09 02:30:00,crop_wheat,59.18,,19.59,43.47,300.2,8,maturity,0.0,False
2023-01-09 12:30:00,crop_wheat,25.67,,16.46,28.51,2406.79,8,flowering,0.0,False
2023-01-09 14:00:00,crop_wheat,58.33,,39.48,29.83,29.26,8,maturity,0.0,False
2023-01-10 00:00:00,crop_wheat,41.94,,25.16,78.92,1432.21,9,flowering,0.0,False
2023-01-10 01:00:00,crop_wheat,33.38,,30.48,55.39,1255.22,9,vegetative,0.0,False
2023-01-10 05:30:00,crop_wheat,42.04,,41.07,34.83,1938.46,9,flowering,0.0,False
2023-01-10 07:00:00,crop_wheat,34.67,,15.1,52.12,1767.08,9,maturity,0.0,False
2023-01-10 07:30:00,crop_wheat,25.75,,16.8,53.84,1343.4,9,maturity,0.0,False
2023-01-10 09:30:00,crop_wheat,21.56,,35.76,38.47,647.35,9,maturity,0.0,False
2023-01-10 10:30:00,crop_wheat,36.55,,39.56,62.06,1139.89,9,flowering,0.0,False
2023-01-10 11:00:00,crop_wheat,19.07,,24.78,74.57,1311.24,9,maturity,0.0,False
2023-01-10 18:00:00,crop_wheat,50.23,,39.16,39.32,310.19,9,vegetative,0.0,False
2023-01-10 20:30:00,crop_wheat,11.96,,40.65,46.43,2433.92,9,maturity,0.0,False
2023-01-11 05:00:00,crop_wheat,36.42,,40.23,30.99,481.17,10,vegetative,0.0,False
2023-01-11 10:30:00,crop_wheat,47.24,,29.11,39.83,1044.95,10,maturity,0.0,False
2023-01-11 11:30:00,crop_wheat,61.5,,33.15,77.22,1561.67,10,maturity,0.0,False
2023-01-11 12:30:00,crop_wheat,56.13,,16.64,53.55,2083.86,10,maturity,0.0,False
2023-01-11 18:30:00,crop_wheat,29.34,,28.18,46.05,1970.75,10,maturity,0.0,False
2023-01-11 21:00:00,crop_wheat,28.74,,13.63,46.09,2000.12,10,maturity,0.0,False
2023-01-11 23:00:00,crop_wheat,53.46,,12.53,57.87,174.83,10,flowering,0.0,False
2023-01-12 02:00:00,crop_wheat,59.94,,13.24,70.5,390.81,11,flowering,0.0,False
2023-01-12 02:30:00,crop_wheat,13.31,,32.67,56.04,1081.77,11,maturity,0.0,False
2023-01-12 06:00:00,crop_wheat,31.7,,37.08,53.41,591.23,11,vegetative,0.0,False
2023-01-12 08:00:00,crop_wheat,50.53,,13.72,42.32,1114.28,11,flowering,0.0,False
2023-01-12 09:00:00,crop_wheat,44.69,,28.64,42.71,868.68,11,maturity,0.0,False
2023-01-12 11:00:00,crop_wheat,35.99,,14.96,65.82,2371.4,11,flowering,0.0,False
2023-01-12 15:00:00,crop_wheat,60.44,,18.84,59.94,1368.85,11,maturity,0.0,False
2023-01-12 16:00:00,crop_wheat,38.05,,30.09,79.26,2085.34,11,flowering,0.0,False
2023-01-12 22:00:00,crop_wheat,58.07,,34.58,48.4,1231.38,11,maturity,0.0,False
2023-01-13 01:30:00,crop_wheat,50.82,,23.82,88.24,345.64,12,vegetative,0.0,False
2023-01-13 02:30:00,crop_wheat,30.7,,39.38,77.74,1721.2,12,vegetative,0.0,False
2023-01-13 08:30:00,crop_wheat,45.64,,20.23,44.05,1418.85,12,flowering,0.0,False
2023-01-13 19:00:00,crop_wheat,57.68,,33.38,57.54,2207.37,12,vegetative,0.0,False
2023-01-14 00:00:00,crop_wheat,34.4,,24.86,35.78,179.49,13,maturity,0.0,False
2023-01-14 01:30:00,crop_wheat,57.94,,35.41,32.96,1961.15,13,maturity,0.0,False
2023-01-14 04:30:00,crop_wheat,46.65,,27.13,70.3,1551.71,13,maturity,0.0,False
2023-01-14 07:00:00,crop_wheat,55.56,,13.5,40.83,108.56,13,maturity,0.0,False
2023-01-14 07:30:00,crop_wheat,50.89,,33.94,71.67,1971.04,13,maturity,0.0,False
2023-01-14 11:00:00,crop_wheat,54.13,,28.92,79.34,1269.14,13,vegetative,0.0,False
2023-01-14 14:00:00,crop_wheat,52.13,,31.34,74.98,1596.28,13,vegetative,0.0,False
2023-01-14 17:00:00,crop_wheat,21.95,,28.51,92.68,589.84,13,maturity,0.0,False
2023-01-15 02:00:00,crop_wheat,25.39,,29.59,35.0,1258.51,14,flowering,0.0,False
2023-01-15 03:00:00,crop_wheat,60.14,,27.55,26.03,642.9,14,maturity,0.0,False
2023-01-15 11:00:00,crop_wheat,24.26,,23.99,60.28,310.18,14,maturity,0.0,False
2023-01-15 11:30:00,crop_wheat,37.66,,21.22,44.23,1633.19,14,vegetative,0.0,False
2023-01-15 12:00:00,crop_wheat,56.58,,38.57,46.34,1791.79,14,vegetative,0.0,False
2023-01-15 15:30:00,crop_wheat,9.63,,13.4,72.41,2306.96,14,maturity,0.0,False
2023-01-15 19:00:00,crop_wheat,12.45,,31.13,68.97,837.39,14,vegetative,0.0,False
2023-01-15 21:00:00,crop_wheat,8.02,,14.05,58.26,1387.28,14,maturity,0.0,False
2023-01-15 23:30:00,crop_wheat,50.08,,22.27,53.92,247.54,14,maturity,0.0,False
2023-01-16 00:00:00,crop_wheat,30.9,,15.69,69.19,860.04,15,vegetative,0.0,False
2023-01-16 11:00:00,crop_wheat,60.31,,35.2,85.24,2390.17,15,vegetative,0.0,False
2023-01-16 18:00:00,crop_wheat,45.91,,22.03,66.37,461.18,15,vegetative,0.0,False
2023-01-16 18:30:00,crop_wheat,23.21,,31.98,47.63,2470.36,15,vegetative,0.0,False
2023-01-16 22:30:00,crop_wheat,18.32,,24.73,33.51,319.9,15,maturity,0.0,False
2023-01-17 01:00:00,crop_wheat,29.15,,29.05,25.78,386.81,16,flowering,0.0,False
2023-01-17 04:00:00,crop_wheat,60.26,,24.36,65.15,657.49,16,flowering,0.0,False
2023-01-17 06:30:00,crop_wheat,46.91,,34.8,40.15,887.65,16,vegetative,0.0,False
2023-01-17 08:30:00,crop_wheat,32.88,,30.67,51.05,1828.25,16,maturity,0.0,False
2023-01-17 13:00:00,crop_wheat,16.96,,30.42,75.47,1180.28,16,maturity,0.0,False
2023-01-17 17:30:00,crop_wheat,33.74,,26.4,43.24,194.19,16,flowering,0.0,False
2023-01-17 22:00:00,crop_wheat,42.67,,28.18,25.68,2052.61,16,flowering,0.0,False
2023-01-17 22:30:00,crop_wheat,48.78,,39.34,38.8,2329.83,16,flowering,0.0,False
2023-01-18 02:30:00,crop_wheat,57.48,,40.11,85.73,2035.7,17,maturity,0.0,False
2023-01-18 06:00:00,crop_wheat,22.71,,13.86,25.15,2047.21,17,flowering,0.0,False
2023-01-18 06:30:00,crop_wheat,12.16,,13.42,42.47,1273.34,17,maturity,0.0,False
2023-01-18 11:00:00,crop_wheat,61.66,,36.51,33.11,830.02,17,maturity,0.0,False
2023-01-18 12:30:00,crop_wheat,61.23,,37.45,35.39,1233.39,17,maturity,0.0,False
2023-01-18 15:30:00,crop_wheat,52.09,,38.2,67.7,1758.01,17,maturity,0.0,False
2023-01-18 23:00:00,crop_wheat,41.52,,33.19,27.93,1852.17,17,maturity,0.0,False
2023-01-19 03:30:00,crop_wheat,10.0,,30.75,44.96,453.9,18,flowering,0.0,False
2023-01-19 05:00:00,crop_wheat,34.18,,15.97,55.86,784.66,18,maturity,0.0,False
2023-01-19 07:30:00,crop_wheat,20.73,,14.42,41.42,2155.23,18,vegetative,0.0,False
2023-01-19 12:30:00,crop_wheat,61.23,,34.65,64.38,2230.34,18,vegetative,0.0,False
2023-01-20 06:00:00,crop_wheat,8.83,,14.58,75.14,890.22,19,vegetative,0.0,False
2023-01-20 10:00:00,crop_wheat,58.64,,24.03,84.29,168.61,19,vegetative,0.0,False
2023-01-20 14:00:00,crop_wheat,32.85,,15.48,35.6,851.66,19,maturity,0.0,False
2023-01-20 18:00:00,crop_wheat,36.02,,35.15,37.75,1342.34,19,maturity,0.0,False
2023-01-21 02:00:00,crop_wheat,46.05,,28.59,25.19,1111.62,20,vegetative,0.0,False
2023-01-21 12:30:00,crop_wheat,26.89,,32.07,49.74,900.44,20,vegetative,0.0,False
2023-01-21 16:30:00,crop_wheat,40.59,,33.41,49.6,1017.13,20,flowering,0.0,False
2023-01-21 18:30:00,crop_wheat,48.88,,15.47,74.62,1564.86,20,flowering,0.0,False
2023-01-21 19:00:00,crop_wheat,50.47,,37.49,77.97,850.0,20,maturity,0.0,False
2023-01-21 19:30:00,crop_wheat,59.58,,32.74,67.91,1560.45,20,maturity,0.0,False
2023-01-21 21:00:00,crop_wheat,34.92,,17.91,75.94,502.82,20,maturity,0.0,False
2023-01-21 22:30:00,crop_wheat,20.66,,16.45,88.33,1848.91,20,vegetative,0.0,False
2023-01-22 06:00:00,crop_wheat,35.9,,13.4,71.8,1890.76,21,maturity,0.0,False
2023-01-22 11:00:00,crop_wheat,34.21,,30.51,90.98,2182.44,21,maturity,0.0,False
2023-01-22 11:30:00,crop_wheat,19.98,,40.2,50.91,806.45,21,vegetative,0.0,False
2023-01-22 14:30:00,crop_wheat,54.16,,20.45,70.45,184.94,21,flowering,0.0,False
2023-01-22 23:00:00,crop_wheat,55.94,,29.68,56.94,1207.49,21,vegetative,0.0,False
2023-01-23 00:00:00,crop_wheat,28.18,,41.48,59.23,451.37,22,vegetative,0.0,False
2023-01-23 05:00:00,crop_wheat,12.22,,19.8,41.89,1993.29,22,vegetative,0.0,False
2023-01-23 09:30:00,crop_wheat,18.04,,25.41,26.43,1646.55,22,maturity,0.0,False
2023-01-23 10:00:00,crop_wheat,23.1,,26.1,38.91,1642.29,22,vegetative,0.0,False
2023-01-23 10:30:00,crop_wheat,12.35,,31.33,36.31,562.25,22,flowering,0.0,False
2023-01-23 16:30:00,crop_wheat,61.93,,25.37,73.03,2067.9,22,vegetative,0.0,False
2023-01-24 07:00:00,crop_wheat,24.93,,26.77,83.92,484.2,23,vegetative,0.0,False
2023-01-24 07:30:00,crop_wheat,21.34,,20.55,69.42,1658.99,23,maturity,0.0,False
2023-01-24 10:00:00,crop_wheat,36.88,,28.34,84.37,2265.66,23,maturity,0.0,False
2023-01-24 13:00:00,crop_wheat,50.54,,12.58,76.79,1272.06,23,vegetative,0.0,False
2023-01-24 16:00:00,crop_wheat,32.6,,15.28,88.92,1112.85,23,flowering,0.0,False
2023-01-24 17:00:00,crop_wheat,61.85,,21.91,94.32,1082.86,23,vegetative,0.0,False
2023-01-24 17:30:00,crop_wheat,14.41,,34.0,42.2,1027.85,23,vegetative,0.0,False
2023-01-24 19:00:00,crop_wheat,58.96,,32.38,45.9,1467.06,23,maturity,0.0,False
2023-01-24 23:00:00,crop_wheat,63.62,,28.28,28.5,508.47,23,flowering,0.0,False
2023-01-25 04:00:00,crop_wheat,38.9,,22.62,29.99,656.68,24,vegetative,0.0,False
2023-01-25 05:00:00,crop_wheat,42.69,,18.4,74.1,641.85,24,vegetative,0.0,False
2023-01-25 07:30:00,crop_wheat,64.3,,36.27,30.02,1978.58,24,maturity,0.0,False
2023-01-25 09:00:00,crop_wheat,10.87,,20.25,93.31,1779.04,24,maturity,0.0,False
2023-01-25 18:00:00,crop_wheat,46.25,,32.12,67.08,1210.71,24,maturity,0.0,False
2023-01-25 19:00:00,crop_wheat,39.89,,30.27,83.65,315.34,24,maturity,0.0,False
2023-01-25 20:00:00,crop_wheat,61.12,,34.13,46.3,936.55,24,maturity,0.0,False
2023-01-25 22:00:00,crop_wheat,48.48,,39.92,32.71,2176.44,24,maturity,0.0,False
2023-01-25 22:30:00,crop_wheat,11.2,,30.97,70.71,524.0,24,maturity,0.0,False
2023-01-26 03:00:00,crop_wheat,61.38,,38.77,94.94,1682.38,25,maturity,0.0,False
2023-01-26 10:00:00,crop_wheat,57.02,,20.36,89.35,2200.85,25,vegetative,0.0,False
2023-01-26 10:30:00,crop_wheat,28.5,,21.39,30.95,1815.7,25,flowering,0.0,False
2023-01-26 18:30:00,crop_wheat,61.13,,30.89,91.0,417.92,25,maturity,0.0,False
2023-01-26 23:00:00,crop_wheat,30.24,,21.15,46.02,496.27,25,maturity,0.0,False
2023-01-26 23:30:00,crop_wheat,46.34,,35.77,30.88,1547.14,25,maturity,0.0,False
2023-01-27 01:30:00,crop_wheat,31.47,,36.42,41.77,268.81,26,maturity,0.0,False
2023-01-27 02:00:00,crop_wheat,13.52,,30.73,55.1,940.15,26,maturity,0.0,False
2023-01-27 07:00:00,crop_wheat,60.64,,34.41,81.82,1375.78,26,flowering,0.0,False
2023-01-27 19:30:00,crop_wheat,43.49,,20.7,80.85,2440.01,26,maturity,0.0,False
2023-01-27 21:00:00,crop_wheat,26.26,,15.33,82.75,1342.98,26,flowering,0.0,False
2023-01-27 21:30:00,crop_wheat,19.16,,18.5,48.5,270.93,26,maturity,0.0,False
2023-01-28 04:00:00,crop_wheat,44.17,,19.19,47.46,236.37,27,vegetative,0.0,False
2023-01-28 04:30:00,crop_wheat,41.69,,28.48,55.26,1515.56,27,vegetative,0.0,False
2023-01-28 05:00:00,crop_wheat,24.73,,15.45,92.57,918.65,27,maturity,0.0,False
2023-01-28 08:30:00,crop_wheat,21.89,,25.44,64.19,1752.09,27,maturity,0.0,False
2023-01-28 20:00:00,crop_wheat,27.65,,39.53,88.9,750.61,27,maturity,0.0,False
2023-01-28 21:00:00,crop_wheat,38.95,,16.98,65.47,473.43,27,vegetative,0.0,False
2023-01-29 00:00:00,crop_wheat,27.67,,24.94,42.68,2114.49,28,vegetative,0.0,False
2023-01-29 00:30:00,crop_wheat,37.77,,32.71,36.35,846.96,28,flowering,0.0,False
2023-01-29 04:00:00,crop_wheat,8.54,,26.71,44.23,2185.68,28,maturity,0.0,False
2023-01-29 07:30:00,crop_wheat,56.08,,40.05,57.14,286.16,28,maturity,0.0,False
2023-01-29 08:00:00,crop_wheat,28.59,,30.36,66.25,1863.65,28,vegetative,0.0,False
2023-01-29 09:00:00,crop_wheat,56.88,,30.58,67.26,1407.77,28,maturity,0.0,False
2023-01-29 11:00:00,crop_wheat,45.31,,31.08,44.69,1823.89,28,flowering,0.0,False
2023-01-29 12:00:00,crop_wheat,32.62,,29.01,34.29,725.75,28,flowering,0.0,False
2023-01-29 12:30:00,crop_wheat,11.23,,27.08,81.87,1556.81,28,maturity,0.0,False
2023-01-29 17:30:00,crop_wheat,62.09,,21.32,90.63,639.42,28,maturity,0.0,False
2023-01-29 20:00:00,crop_wheat,57.77,,38.81,53.47,423.84,28,maturity,0.0,False
2023-01-29 20:30:00,crop_wheat,19.72,,27.98,57.04,136.04,28,maturity,0.0,False
2023-01-29 22:30:00,crop_wheat,9.0,,18.33,81.54,2262.23,28,vegetative,0.0,False
2023-01-30 07:30:00,crop_wheat,19.36,,27.15,53.03,263.62,29,vegetative,0.0,False
2023-01-30 09:30:00,crop_wheat,45.16,,34.38,36.05,1586.73,29,maturity,0.0,False
2023-01-30 10:00:00,crop_wheat,48.36,,32.99,93.73,1229.17,29,maturity,0.0,False
2023-01-30 15:00:00,crop_wheat,21.97,,27.22,34.51,597.97,29,maturity,0.0,False
2023-01-30 15:30:00,crop_wheat,48.74,,39.08,47.68,64.39,29,maturity,0.0,False
2023-01-30 17:30:00,crop_wheat,42.13,,13.43,84.84,2238.63,29,flowering,0.0,False
2023-01-30 22:30:00,crop_wheat,48.13,,37.92,92.51,992.54,29,maturity,0.0,False
2023-01-31 00:00:00,crop_wheat,30.51,,20.19,55.51,1582.25,30,flowering,0.0,False
2023-01-31 01:00:00,crop_wheat,16.94,,17.35,46.28,2480.96,30,maturity,0.0,False
2023-01-31 01:30:00,crop_wheat,47.48,,13.31,56.18,2343.56,30,flowering,0.0,False
2023-01-31 02:00:00,crop_wheat,13.31,,35.9,43.28,1910.38,30,flowering,0.0,False
2023-01-31 03:00:00,crop_wheat,55.12,,19.39,25.83,88.58,30,maturity,0.0,False
2023-01-31 04:00:00,crop_wheat,59.68,,35.0,79.01,1659.29,30,maturity,0.0,False
2023-01-31 09:00:00,crop_wheat,22.01,,38.96,79.32,1665.17,30,flowering,0.0,False
2023-01-31 10:00:00,crop_wheat,10.46,,35.0,51.14,1805.42,30,flowering,0.0,False
2023-01-31 16:30:00,crop_wheat,29.55,,38.99,65.8,77.79,30,vegetative,0.0,False
2023-01-31 17:30:00,crop_wheat,18.21,,26.85,27.21,1711.93,30,flowering,0.0,False
2023-01-31 19:00:00,crop_wheat,32.19,,40.57,56.24,715.94,30,flowering,0.0,False
2023-01-31 19:30:00,crop_wheat,38.93,,28.88,30.37,682.2,30,flowering,0.0,False
2023-01-31 21:00:00,crop_wheat,10.24,,20.04,66.35,276.65,30,maturity,0.0,False
2023-02-01 00:30:00,crop_wheat,25.23,,18.78,63.45,1505.22,31,vegetative,0.0,False
2023-02-01 04:00:00,crop_wheat,27.27,,33.7,69.49,470.29,31,maturity,0.0,False
2023-02-01 09:30:00,crop_wheat,27.99,,33.75,66.55,2200.35,31,vegetative,0.0,False
2023-02-01 12:00:00,crop_wheat,43.64,,17.11,85.77,1757.65,31,vegetative,0.0,False
2023-02-01 13:00:00,crop_wheat,57.74,,25.57,66.05,1502.18,31,vegetative,0.0,False
2023-02-01 14:00:00,crop_wheat,35.4,,36.61,44.99,1748.91,31,maturity,0.0,False
2023-02-01 16:30:00,crop_wheat,52.87,,28.11,46.19,2036.08,31,flowering,0.0,False
2023-02-01 23:00:00,crop_wheat,31.33,,17.59,53.2,1658.71,31,maturity,0.0,False
2023-02-02 01:00:00,crop_wheat,42.96,,23.4,93.59,349.07,32,maturity,0.0,False
2023-02-02 01:30:00,crop_wheat,54.38,,21.82,42.07,1933.76,32,maturity,0.0,False
2023-02-02 02:00:00,crop_wheat,9.5,,14.77,69.47,2023.86,32,maturity,0.0,False
2023-02-02 04:00:00,crop_wheat,45.13,,39.52,74.51,902.4,32,vegetative,0.0,False
2023-02-02 05:00:00,crop_wheat,64.54,,30.86,83.53,1888.86,32,maturity,0.0,False
2023-02-02 10:30:00,crop_wheat,38.42,,23.52,49.88,593.99,32,maturity,0.0,False
2023-02-02 14:00:00,crop_wheat,59.47,,39.43,39.08,1921.79,32,maturity,0.0,False
2023-02-02 17:00:00,crop_wheat,26.5,,33.29,82.91,1395.23,32,flowering,0.0,False
2023-02-02 20:00:00,crop_wheat,49.66,,40.34,88.53,1808.34,32,flowering,0.0,False
2023-02-02 21:30:00,crop_wheat,36.78,,28.08,60.75,746.71,32,maturity,0.0,False
2023-02-02 22:30:00,crop_wheat,38.95,,35.61,70.05,1527.91,32,vegetative,0.0,False
2023-02-02 23:00:00,crop_wheat,46.0,,40.05,80.33,2025.25,32,vegetative,0.0,False
2023-02-03 13:30:00,crop_wheat,37.98,,35.09,45.21,1753.24,33,maturity,0.0,False
2023-02-03 16:30:00,crop_wheat,26.46,,21.95,33.24,81.56,33,maturity,0.0,False
2023-02-03 18:30:00,crop_wheat,54.44,,37.45,68.55,357.48,33,vegetative,0.0,False
2023-02-03 20:00:00,crop_wheat,35.55,,36.54,86.3,1711.98,33,vegetative,0.0,False
2023-02-03 20:30:00,crop_wheat,40.71,,18.64,61.09,1482.85,33,vegetative,0.0,False
2023-02-04 02:00:00,crop_wheat,55.13,,22.87,47.29,2314.02,34,maturity,0.0,False
2023-02-04 02:30:00,crop_wheat,12.34,,26.72,30.39,871.92,34,flowering,0.0,False
2023-02-04 06:00:00,crop_wheat,36.41,,37.57,72.89,246.13,34,maturity,0.0,False
2023-02-04 07:00:00,crop_wheat,61.99,,18.73,69.35,427.95,34,maturity,0.0,False
2023-02-04 11:30:00,crop_wheat,37.15,,32.3,70.07,324.51,34,vegetative,0.0,False
2023-02-04 12:00:00,crop_wheat,40.22,,34.53,88.26,352.06,34,flowering,0.0,False
2023-02-04 12:30:00,crop_wheat,8.34,,23.37,77.59,1992.33,34,vegetative,0.0,False
2023-02-04 21:30:00,crop_wheat,32.13,,19.24,50.07,52.42,34,vegetative,0.0,False
2023-02-05 00:30:00,crop_wheat,43.7,,15.96,35.47,397.72,35,maturity,0.0,False
2023-02-05 01:30:00,crop_wheat,58.44,,14.58,35.44,1947.43,35,flowering,0.0,False
2023-02-05 03:30:00,crop_wheat,40.9,,32.94,32.86,2199.61,35,flowering,0.0,False
2023-02-05 04:00:00,crop_wheat,39.05,,24.34,51.96,179.71,35,maturity,0.0,False
2023-02-05 05:00:00,crop_wheat,48.9,,18.48,92.82,1157.96,35,flowering,0.0,False
2023-02-05 05:30:00,crop_wheat,26.04,,39.93,58.09,169.34,35,maturity,0.0,False
2023-02-05 06:30:00,crop_wheat,17.99,,28.79,38.68,1398.46,35,maturity,0.0,False
2023-02-05 09:30:00,crop_wheat,12.55,,19.19,75.49,1332.17,35,flowering,0.0,False
2023-02-05 14:00:00,crop_wheat,42.54,,12.21,71.37,1913.37,35,maturity,0.0,False
2023-02-05 16:00:00,crop_wheat,36.12,,41.49,26.84,966.23,35,vegetative,0.0,False
2023-02-05 16:30:00,crop_wheat,60.22,,38.62,63.59,65.75,35,flowering,0.0,False
2023-02-05 18:00:00,crop_wheat,22.96,,26.26,52.0,270.82,35,maturity,0.0,False
2023-02-05 18:30:00,crop_wheat,21.25,,41.81,82.31,74.1,35,flowering,0.0,False
2023-02-05 22:00:00,crop_wheat,49.93,,34.76,43.62,1380.57,35,maturity,0.0,False
2023-02-06 01:30:00,crop_wheat,11.0,,26.62,70.89,11.02,36,flowering,0.0,False
2023-02-06 02:30:00,crop_wheat,44.39,,13.33,41.52,1073.44,36,flowering,0.0,False
2023-02-06 14:00:00,crop_wheat,32.35,,38.65,91.18,2135.99,36,maturity,0.0,False
2023-02-06 16:00:00,crop_wheat,11.55,,37.27,94.96,1931.47,36,flowering,0.0,False
2023-02-06 16:30:00,crop_wheat,60.56,,17.43,80.65,708.34,36,vegetative,0.0,False
2023-02-06 20:30:00,crop_wheat,40.17,,33.17,92.54,1149.76,36,maturity,0.0,False
2023-02-06 22:00:00,crop_wheat,44.98,,18.82,34.96,720.84,36,vegetative,0.0,False
2023-02-07 04:00:00,crop_wheat,36.18,,21.15,55.39,1615.86,37,vegetative,0.0,False
2023-02-07 04:30:00,crop_wheat,41.54,,21.44,46.83,158.91,37,vegetative,0.0,False
2023-02-07 07:00:00,crop_wheat,41.27,,22.73,93.04,843.83,37,maturity,0.0,False
2023-02-07 09:00:00,crop_wheat,27.15,,38.69,57.62,974.0,37,maturity,0.0,False
2023-02-07 10:00:00,crop_wheat,16.17,,37.87,29.58,939.13,37,flowering,0.0,False
2023-02-07 13:30:00,crop_wheat,53.12,,12.6,68.56,2218.63,37,maturity,0.0,False
2023-02-07 14:00:00,crop_wheat,58.31,,28.65,68.47,1130.91,37,maturity,0.0,False
2023-02-07 15:00:00,crop_wheat,33.03,,25.83,71.04,1514.4,37,maturity,0.0,False
2023-02-07 19:00:00,crop_wheat,41.34,,28.26,26.89,1719.11,37,flowering,0.0,False
2023-02-07 19:30:00,crop_wheat,8.69,,20.25,79.81,1217.1,37,maturity,0.0,False
2023-02-08 00:00:00,crop_wheat,37.13,,34.86,82.75,1614.44,38,flowering,0.0,False
2023-02-08 03:30:00,crop_wheat,9.65,,33.78,53.47,2486.92,38,vegetative,0.0,False
2023-02-08 11:30:00,crop_wheat,45.76,,39.73,54.6,2016.54,38,flowering,0.0,False
2023-02-08 12:30:00,crop_wheat,29.43,,30.75,80.58,1250.81,38,vegetative,0.0,False
2023-02-08 13:00:00,crop_wheat,59.13,,35.09,91.94,1607.11,38,flowering,0.0,False
2023-02-08 16:30:00,crop_wheat,9.96,,20.4,81.73,2111.86,38,vegetative,0.0,False
2023-02-09 02:00:00,crop_wheat,13.21,,23.58,48.59,2220.56,39,vegetative,0.0,False
2023-02-09 05:00:00,crop_wheat,50.4,,23.57,65.26,183.64,39,maturity,0.0,False
2023-02-09 06:30:00,crop_wheat,32.36,,30.95,25.84,167.37,39,maturity,0.0,False
2023-02-09 08:30:00,crop_wheat,21.12,,38.48,88.37,755.7,39,maturity,0.0,False
2023-02-09 10:30:00,crop_wheat,55.31,,13.52,89.83,604.35,39,flowering,0.0,False
2023-02-09 11:00:00,crop_wheat,48.13,,24.53,71.01,637.5,39,maturity,0.0,False
2023-02-09 15:30:00,crop_wheat,28.28,,19.06,41.15,2151.03,39,vegetative,0.0,False
2023-02-09 18:30:00,crop_wheat,10.16,,19.15,87.21,1027.59,39,vegetative,0.0,False
2023-02-09 22:00:00,crop_wheat,33.69,,18.34,32.05,503.87,39,maturity,0.0,False
2023-02-10 01:30:00,crop_wheat,49.44,,33.59,49.53,2095.13,40,vegetative,0.0,False
2023-02-10 03:30:00,crop_wheat,23.24,,37.45,35.2,504.66,40,maturity,0.0,False
2023-02-10 07:00:00,crop_wheat,17.5,,35.93,79.58,1045.79,40,vegetative,0.0,False
2023-02-10 07:30:00,crop_wheat,33.84,,30.54,85.17,585.93,40,vegetative,0.0,False
2023-02-10 10:00:00,crop_wheat,49.57,,33.52,61.75,2326.61,40,vegetative,0.0,False
2023-02-10 10:30:00,crop_wheat,10.04,,23.28,36.64,942.77,40,vegetative,0.0,False
2023-02-10 11:00:00,crop_wheat,28.81,,32.62,70.9,1461.18,40,flowering,0.0,False
2023-02-10 18:00:00,crop_wheat,17.28,,31.02,94.22,545.1,40,maturity,0.0,False
2023-02-10 19:00:00,crop_wheat,58.71,,21.95,25.09,718.1,40,maturity,0.0,False
2023-02-10 20:30:00,crop_wheat,51.67,,39.4,62.37,2281.15,40,maturity,0.0,False
2023-02-11 08:00:00,crop_wheat,24.79,,38.48,38.26,2094.61,41,maturity,0.0,False
2023-02-11 13:00:00,crop_wheat,29.52,,39.42,78.89,2336.06,41,maturity,0.0,False
2023-02-11 19:30:00,crop_wheat,29.73,,17.76,27.29,234.97,41,maturity,0.0,False
2023-02-11 20:00:00,crop_wheat,61.17,,20.55,38.49,1538.38,41,vegetative,0.0,False
2023-02-12 00:30:00,crop_wheat,13.32,,34.75,83.84,487.52,42,maturity,0.0,False
2023-02-12 01:00:00,crop_wheat,48.33,,15.77,81.18,629.05,42,vegetative,0.0,False
2023-02-12 01:30:00,crop_wheat,49.84,,39.8,45.7,1819.58,42,maturity,0.0,False
2023-02-12 08:00:00,crop_wheat,27.32,,15.66,33.82,555.82,42,maturity,0.0,False
2023-02-12 12:00:00,crop_wheat,37.06,,15.17,31.76,1468.64,42,flowering,0.0,False
2023-02-12 16:00:00,crop_wheat,37.99,,39.45,77.06,348.4,42,vegetative,0.0,False
2023-02-13 02:00:00,crop_wheat,50.62,,13.77,38.22,824.76,43,vegetative,0.0,False
2023-02-13 05:00:00,crop_wheat,40.5,,28.27,30.31,1892.11,43,maturity,0.0,False
2023-02-13 12:00:00,crop_wheat,38.16,,23.49,72.9,1100.26,43,maturity,0.0,False
2023-02-13 12:30:00,crop_wheat,62.75,,17.98,66.88,2116.76,43,maturity,0.0,False
2023-02-13 17:30:00,crop_wheat,10.04,,19.84,58.04,2392.96,43,maturity,0.0,False
2023-02-13 18:30:00,crop_wheat,56.43,,15.17,57.15,1716.07,43,vegetative,0.0,False
2023-02-14 03:00:00,crop_wheat,38.99,,33.07,93.77,1073.93,44,flowering,0.0,False
2023-02-14 04:30:00,crop_wheat,38.06,,36.67,86.24,2337.94,44,maturity,0.0,False
2023-02-14 06:30:00,crop_wheat,40.71,,35.31,93.48,1509.61,44,vegetative,0.0,False
2023-02-14 08:30:00,crop_wheat,54.07,,38.73,41.84,376.93,44,maturity,0.0,False
2023-02-14 10:00:00,crop_wheat,43.12,,37.4,64.62,2143.47,44,maturity,0.0,False
2023-02-14 12:30:00,crop_wheat,47.84,,33.19,60.42,1403.09,44,flowering,0.0,False
2023-02-14 15:00:00,crop_wheat,42.0,,21.71,37.47,1913.38,44,maturity,0.0,False
2023-02-14 16:00:00,crop_wheat,56.41,,16.99,26.93,293.12,44,maturity,0.0,False
2023-02-14 16:30:00,crop_wheat,46.18,,30.84,47.06,554.77,44,flowering,0.0,False
2023-02-14 23:00:00,crop_wheat,47.73,,15.52,52.27,1656.96,44,maturity,0.0,False
2023-02-15 01:00:00,crop_wheat,41.58,,19.14,84.59,913.72,45,maturity,0.0,False
2023-02-15 03:00:00,crop_wheat,46.04,,31.7,47.19,1184.59,45,vegetative,0.0,False
2023-02-15 04:30:00,crop_wheat,23.44,,24.06,91.76,776.17,45,maturity,0.0,False
2023-02-15 05:00:00,crop_wheat,32.36,,30.74,47.49,1812.0,45,maturity,0.0,False
2023-02-15 05:30:00,crop_wheat,21.59,,23.95,27.61,573.91,45,maturity,0.0,False
2023-02-15 08:30:00,crop_wheat,25.82,,21.62,80.68,1902.55,45,vegetative,0.0,False
2023-02-15 14:00:00,crop_wheat,8.05,,38.25,81.77,2190.76,45,flowering,0.0,False
2023-02-15 16:00:00,crop_wheat,28.09,,34.03,44.63,1577.08,45,maturity,0.0,False
2023-02-15 19:30:00,crop_wheat,53.06,,27.32,53.64,547.58,45,maturity,0.0,False
2023-02-16 01:00:00,crop_wheat,50.8,,30.5,75.77,1163.21,46,vegetative,0.0,False
2023-02-16 02:30:00,crop_wheat,12.58,,31.09,37.9,544.26,46,flowering,0.0,False
2023-02-16 03:30:00,crop_wheat,29.76,,32.54,33.94,1262.82,46,vegetative,0.0,False
2023-02-16 04:30:00,crop_wheat,57.14,,37.85,61.72,1754.86,46,vegetative,0.0,False
2023-02-16 06:00:00,crop_wheat,9.75,,29.55,83.75,505.36,46,flowering,0.0,False
2023-02-16 07:00:00,crop_wheat,60.62,,26.35,49.23,789.43,46,vegetative,0.0,False
2023-02-16 10:30:00,crop_wheat,13.19,,34.95,90.81,389.29,46,maturity,0.0,False
2023-02-16 12:30:00,crop_wheat,51.39,,24.38,32.0,310.2,46,maturity,0.0,False
2023-02-16 15:00:00,crop_wheat,52.24,,22.98,61.45,2062.93,46,vegetative,0.0,False
2023-02-17 01:30:00,crop_wheat,50.82,,21.06,54.83,347.96,47,vegetative,0.0,False
2023-02-17 02:30:00,crop_wheat,30.18,,15.52,35.2,269.64,47,flowering,0.0,False
2023-02-17 03:30:00,crop_wheat,30.05,,35.38,66.5,1666.97,47,vegetative,0.0,False
2023-02-17 04:00:00,crop_wheat,59.23,,23.73,29.63,599.07,47,vegetative,0.0,False
2023-02-17 09:00:00,crop_wheat,22.12,,33.85,73.23,1670.27,47,flowering,0.0,False
2023-02-17 10:00:00,crop_wheat,37.4,,19.26,70.98,1695.03,47,maturity,0.0,False
2023-02-17 18:30:00,crop_wheat,58.34,,25.26,49.17,1160.86,47,flowering,0.0,False
2023-02-17 21:00:00,crop_wheat,42.29,,16.72,40.59,1907.1,47,flowering,0.0,False
2023-02-17 23:30:00,crop_wheat,13.12,,41.77,46.23,402.99,47,maturity,0.0,False
2023-02-18 11:00:00,crop_wheat,39.35,,41.39,86.06,1583.87,48,flowering,0.0,False
2023-02-18 16:00:00,crop_wheat,8.42,,38.54,81.25,2167.85,48,flowering,0.0,False
2023-02-18 17:30:00,crop_wheat,8.8,,12.55,77.92,1162.19,48,maturity,0.0,False
2023-02-18 21:30:00,crop_wheat,47.75,,15.83,64.86,1355.64,48,maturity,0.0,False
2023-02-19 03:00:00,crop_wheat,53.91,,37.25,54.72,97.21,49,vegetative,0.0,False
2023-02-19 04:00:00,crop_wheat,40.23,,33.62,79.12,671.22,49,maturity,0.0,False
2023-02-19 07:00:00,crop_wheat,49.44,,18.75,41.25,41.6,49,maturity,0.0,False
2023-02-19 09:00:00,crop_wheat,19.62,,24.66,26.92,1955.38,49,flowering,0.0,False
2023-02-19 13:00:00,crop_wheat,63.04,,13.26,89.88,75.44,49,vegetative,0.0,False
2023-02-19 16:30:00,crop_wheat,52.0,,16.34,75.19,278.74,49,maturity,0.0,False
2023-02-19 19:30:00,crop_wheat,57.33,,20.76,71.37,1594.03,49,vegetative,0.0,False
2023-02-19 20:00:00,crop_wheat,58.08,,32.18,75.35,492.33,49,flowering,0.0,False
2023-02-20 00:00:00,crop_wheat,48.13,,28.46,87.27,345.71,50,maturity,0.0,False
2023-02-20 10:30:00,crop_wheat,18.19,,29.14,44.65,2428.93,50,flowering,0.0,False
2023-02-20 15:30:00,crop_wheat,64.77,,38.77,78.16,1671.64,50,maturity,0.0,False
2023-02-20 19:00:00,crop_wheat,33.01,,14.43,93.29,947.96,50,vegetative,0.0,False
2023-02-20 20:00:00,crop_wheat,38.48,,23.77,93.78,883.06,50,maturity,0.0,False
2023-02-20 23:30:00,crop_wheat,37.22,,40.34,80.18,573.69,50,maturity,0.0,False
2023-02-21 01:00:00,crop_wheat,64.0,,17.07,60.54,139.31,51,vegetative,0.0,False
2023-02-21 03:00:00,crop_wheat,26.15,,15.84,87.88,1523.05,51,maturity,0.0,False
2023-02-21 06:30:00,crop_wheat,21.11,,16.89,26.29,1651.56,51,flowering,0.0,False
2023-02-21 10:30:00,crop_wheat,28.93,,21.48,91.27,2182.09,51,maturity,0.0,False
2023-02-21 11:00:00,crop_wheat,52.38,,30.06,73.94,838.83,51,maturity,0.0,False
2023-02-21 11:30:00,crop_wheat,26.56,,28.17,83.81,2277.24,51,maturity,0.0,False
2023-02-21 12:00:00,crop_wheat,35.08,,23.86,63.04,2060.67,51,vegetative,0.0,False
2023-02-21 13:30:00,crop_wheat,9.25,,17.24,30.05,1250.29,51,maturity,0.0,False
2023-02-21 15:30:00,crop_wheat,16.29,,14.85,48.23,732.84,51,flowering,0.0,False
2023-02-21 21:00:00,crop_wheat,60.99,,12.61,69.35,2090.47,51,vegetative,0.0,False
2023-02-22 05:30:00,crop_wheat,47.57,,21.83,92.14,128.46,52,vegetative,0.0,False
2023-02-22 15:00:00,crop_wheat,49.17,,22.77,35.75,1558.86,52,vegetative,0.0,False
2023-02-22 17:30:00,crop_wheat,30.47,,39.1,32.28,619.74,52,vegetative,0.0,False
2023-02-22 18:00:00,crop_wheat,34.69,,35.98,31.79,1868.68,52,flowering,0.0,False
2023-02-22 19:30:00,crop_wheat,59.04,,26.94,44.9,1973.67,52,vegetative,0.0,False
2023-02-22 23:30:00,crop_wheat,64.63,,16.79,92.23,1327.33,52,vegetative,0.0,False
2023-02-23 01:30:00,crop_wheat,36.16,,41.57,42.09,2366.75,53,vegetative,0.0,False
2023-02-23 05:30:00,crop_wheat,22.35,,34.49,44.31,52.51,53,maturity,0.0,False
2023-02-23 14:30:00,crop_wheat,14.21,,22.24,33.83,423.86,53,maturity,0.0,False
2023-02-23 15:30:00,crop_wheat,52.89,,13.42,77.0,52.45,53,maturity,0.0,False
2023-02-23 16:30:00,crop_wheat,11.24,,25.33,50.82,825.97,53,flowering,0.0,False
2023-02-23 19:00:00,crop_wheat,14.02,,33.89,27.07,1553.79,53,vegetative,0.0,False
2023-02-24 00:30:00,crop_wheat,17.05,,29.21,31.52,781.74,54,vegetative,0.0,False
2023-02-24 06:00:00,crop_wheat,9.07,,38.01,80.31,1796.29,54,maturity,0.0,False
2023-02-24 09:00:00,crop_wheat,10.58,,19.65,86.6,851.76,54,vegetative,0.0,False
2023-02-24 21:00:00,crop_wheat,33.98,,24.51,25.11,914.43,54,vegetative,0.0,False
2023-02-25 01:30:00,crop_wheat,13.97,,40.72,34.27,1647.53,55,flowering,0.0,False
2023-02-25 04:30:00,crop_wheat,64.71,,30.92,74.29,439.42,55,flowering,0.0,False
2023-02-25 05:00:00,crop_wheat,25.24,,17.79,59.93,2130.35,55,vegetative,0.0,False
2023-02-25 08:30:00,crop_wheat,60.38,,16.46,44.83,60.44,55,vegetative,0.0,False
2023-02-25 10:30:00,crop_wheat,33.54,,20.63,47.2,164.83,55,vegetative,0.0,False
2023-02-25 12:30:00,crop_wheat,15.25,,20.32,82.84,2382.27,55,maturity,0.0,False
2023-02-25 14:30:00,crop_wheat,40.46,,20.56,70.97,1517.64,55,maturity,0.0,False
2023-02-25 17:00:00,crop_wheat,40.5,,15.22,63.04,2031.51,55,vegetative,0.0,False
2023-02-25 20:00:00,crop_wheat,36.9,,21.89,47.11,1064.48,55,maturity,0.0,False
2023-02-25 22:00:00,crop_wheat,41.7,,17.39,72.76,83.61,55,vegetative,0.0,False
2023-02-26 03:00:00,crop_wheat,11.59,,30.67,29.19,2422.87,56,maturity,0.0,False
2023-02-26 05:30:00,crop_wheat,57.86,,22.32,51.63,229.1,56,maturity,0.0,False
2023-02-26 08:30:00,crop_wheat,63.42,,28.46,55.33,367.56,56,flowering,0.0,False
2023-02-26 09:30:00,crop_wheat,8.88,,18.47,61.61,948.09,56,maturity,0.0,False
2023-02-26 10:30:00,crop_wheat,13.75,,36.48,53.95,1563.82,56,flowering,0.0,False
2023-02-26 12:30:00,crop_wheat,38.57,,14.93,82.96,48.11,56,flowering,0.0,False
2023-02-26 13:00:00,crop_wheat,24.48,,16.11,64.29,1557.75,56,maturity,0.0,False
2023-02-26 15:00:00,crop_wheat,21.85,,21.44,83.66,2346.48,56,vegetative,0.0,False
2023-02-26 21:30:00,crop_wheat,42.14,,23.26,48.61,1476.52,56,maturity,0.0,False
2023-02-27 01:00:00,crop_wheat,27.02,,30.63,75.93,1409.01,57,maturity,0.0,False
2023-02-27 01:30:00,crop_wheat,25.31,,36.86,87.46,2352.67,57,flowering,0.0,False
2023-02-27 04:00:00,crop_wheat,28.21,,28.6,31.99,1914.95,57,maturity,0.0,False
2023-02-27 06:00:00,crop_wheat,15.22,,36.17,50.05,1754.94,57,maturity,0.0,False
2023-02-27 10:00:00,crop_wheat,49.32,,24.01,26.95,1644.92,57,maturity,0.0,False
2023-02-27 11:00:00,crop_wheat,14.83,,18.7,84.18,725.65,57,maturity,0.0,False
2023-02-27 20:00:00,crop_wheat,55.54,,29.52,75.54,1441.31,57,vegetative,0.0,False
2023-02-27 22:00:00,crop_wheat,12.45,,36.55,87.87,466.6,57,maturity,0.0,False
2023-02-27 22:30:00,crop_wheat,40.34,,39.24,36.71,630.16,57,flowering,0.0,False
2023-02-28 00:30:00,crop_wheat,24.23,,25.83,88.67,896.46,58,vegetative,0.0,False
2023-02-28 01:30:00,crop_wheat,44.0,,37.08,55.42,1456.34,58,maturity,0.0,False
2023-02-28 06:00:00,crop_wheat,33.55,,15.04,54.22,2298.21,58,flowering,0.0,False
2023-02-28 08:00:00,crop_wheat,63.37,,30.88,40.88,2324.61,58,flowering,0.0,False
2023-02-28 16:00:00,crop_wheat,34.88,,21.98,60.78,1652.95,58,maturity,0.0,False
2023-02-28 16:30:00,crop_wheat,43.76,,23.72,83.97,295.9,58,maturity,0.0,False
2023-02-28 17:00:00,crop_wheat,56.38,,20.9,89.6,1483.9,58,flowering,0.0,False
2023-02-28 18:30:00,crop_wheat,21.39,,40.68,48.61,2141.4,58,maturity,0.0,False
2023-02-28 21:00:00,crop_wheat,20.41,,32.52,94.3,2458.36,58,vegetative,0.0,False
2023-03-01 00:00:00,crop_wheat,8.57,,13.15,83.62,1918.59,59,flowering,0.0,False
2023-03-01 04:30:00,crop_wheat,8.55,,38.08,80.1,82.5,59,maturity,0.0,False
2023-03-01 12:30:00,crop_wheat,47.93,,31.95,50.23,2199.56,59,vegetative,0.0,False
2023-03-01 16:30:00,crop_wheat,11.54,,39.07,40.49,428.19,59,maturity,0.0,False
2023-03-01 18:30:00,crop_wheat,31.16,,29.2,54.65,42.48,59,maturity,0.0,False
2023-03-01 20:30:00,crop_wheat,23.92,,18.87,31.57,1229.76,59,maturity,0.0,False
2023-03-02 00:30:00,crop_wheat,54.03,,18.79,66.84,2167.35,60,flowering,0.0,False
2023-03-02 03:30:00,crop_wheat,38.01,,41.95,53.93,1120.24,60,maturity,0.0,False
2023-03-02 05:00:00,crop_wheat,28.19,,22.05,41.84,268.3,60,vegetative,0.0,False
2023-03-02 06:30:00,crop_wheat,43.66,,34.82,28.76,1122.1,60,maturity,0.0,False
2023-03-02 07:30:00,crop_wheat,46.74,,21.73,82.4,2150.64,60,vegetative,0.0,False
2023-03-02 09:30:00,crop_wheat,29.95,,22.59,69.33,1816.99,60,maturity,0.0,False
2023-03-02 21:00:00,crop_wheat,39.96,,18.65,35.85,599.1,60,maturity,0.0,False
2023-03-02 23:00:00,crop_wheat,17.49,,38.55,30.76,2152.79,60,flowering,0.0,False
2023-03-03 01:00:00,crop_wheat,51.03,,13.85,27.96,285.68,61,maturity,0.0,False
2023-03-03 07:00:00,crop_wheat,43.23,,30.01,89.68,1022.8,61,maturity,0.0,False
2023-03-03 08:00:00,crop_wheat,30.47,,29.95,55.97,2084.01,61,maturity,0.0,False
2023-03-03 13:30:00,crop_wheat,51.05,,34.71,26.57,431.04,61,maturity,0.0,False
2023-03-03 14:00:00,crop_wheat,26.43,,32.94,63.21,1676.73,61,maturity,0.0,False
2023-03-03 21:30:00,crop_wheat,44.55,,17.65,85.12,2211.74,61,flowering,0.0,False
2023-03-04 00:00:00,crop_wheat,38.75,,25.97,85.27,228.41,62,maturity,0.0,False
2023-03-04 02:00:00,crop_wheat,34.33,,21.59,67.62,31.13,62,flowering,0.0,False
2023-03-04 07:00:00,crop_wheat,24.88,,31.15,42.6,1765.93,62,maturity,0.0,False
2023-03-04 09:00:00,crop_wheat,49.49,,19.38,55.0,1354.8,62,vegetative,0.0,False
2023-03-04 12:00:00,crop_wheat,44.8,,32.6,69.49,1613.5,62,flowering,0.0,False
2023-03-04 12:30:00,crop_wheat,30.94,,24.38,90.79,1082.87,62,flowering,0.0,False
2023-03-04 13:00:00,crop_wheat,34.9,,20.41,94.38,335.87,62,maturity,0.0,False
2023-03-04 17:00:00,crop_wheat,45.83,,31.63,47.55,1119.04,62,flowering,0.0,False
2023-03-04 18:00:00,crop_wheat,54.94,,25.86,47.4,2103.84,62,maturity,0.0,False
2023-03-05 01:00:00,crop_wheat,33.82,,33.71,81.28,2128.32,63,flowering,0.0,False
2023-03-05 03:30:00,crop_wheat,43.67,,22.25,61.9,1291.67,63,maturity,0.0,False
2023-03-05 08:00:00,crop_wheat,39.19,,18.44,46.8,1055.02,63,vegetative,0.0,False
2023-03-05 08:30:00,crop_wheat,58.25,,16.24,69.29,2004.93,63,vegetative,0.0,False
2023-03-05 13:30:00,crop_wheat,54.15,,24.47,29.83,2025.52,63,maturity,0.0,False
2023-03-05 18:30:00,crop_wheat,58.85,,16.83,64.67,107.92,63,vegetative,0.0,False
2023-03-05 23:00:00,crop_wheat,55.36,,27.09,81.94,1992.42,63,maturity,0.0,False
2023-03-05 23:30:00,crop_wheat,61.49,,13.01,72.57,2473.11,63,maturity,0.0,False
2023-03-06 05:00:00,crop_wheat,46.86,,16.75,41.1,2055.52,64,flowering,0.0,False
2023-03-06 05:30:00,crop_wheat,59.97,,33.56,40.07,1769.61,64,maturity,0.0,False
2023-03-06 06:00:00,crop_wheat,55.05,,21.94,91.07,2286.32,64,maturity,0.0,False
2023-03-06 15:00:00,crop_wheat,15.85,,31.44,43.15,2010.04,64,maturity,0.0,False
2023-03-06 16:00:00,crop_wheat,29.64,,40.18,86.71,2076.5,64,maturity,0.0,False
2023-03-06 17:30:00,crop_wheat,25.86,,36.62,72.01,1544.16,64,vegetative,0.0,False
2023-03-07 00:30:00,crop_wheat,63.44,,20.9,40.73,2403.5,65,flowering,0.0,False
2023-03-07 01:30:00,crop_wheat,42.68,,13.79,68.21,1246.11,65,maturity,0.0,False
2023-03-07 09:30:00,crop_wheat,59.07,,25.2,82.67,466.65,65,flowering,0.0,False
2023-03-07 21:00:00,crop_wheat,54.27,,19.46,51.29,1621.61,65,flowering,0.0,False
2023-03-07 23:00:00,crop_wheat,64.07,,13.08,76.99,549.03,65,maturity,0.0,False
2023-03-07 23:30:00,crop_wheat,40.44,,15.62,35.17,303.45,65,maturity,0.0,False
2023-03-08 00:00:00,crop_wheat,19.56,,19.2,61.45,598.5,66,flowering,0.0,False
2023-03-08 00:30:00,crop_wheat,24.69,,25.16,26.13,516.48,66,flowering,0.0,False
2023-03-08 01:30:00,crop_wheat,60.71,,15.14,50.86,952.63,66,maturity,0.0,False
2023-03-08 04:30:00,crop_wheat,29.51,,34.92,32.6,1184.4,66,maturity,0.0,False
2023-03-08 05:30:00,crop_wheat,26.81,,13.94,34.43,1421.56,66,vegetative,0.0,False
2023-03-08 06:30:00,crop_wheat,14.13,,36.66,54.15,1441.78,66,vegetative,0.0,False
2023-03-08 08:30:00,crop_wheat,14.44,,15.29,87.4,1054.06,66,vegetative,0.0,False
2023-03-08 10:30:00,crop_wheat,60.09,,30.15,81.2,1411.93,66,maturity,0.0,False
2023-03-08 11:30:00,crop_wheat,46.22,,29.0,94.85,1334.28,66,flowering,0.0,False
2023-03-08 13:00:00,crop_wheat,40.76,,27.09,29.88,1310.25,66,maturity,0.0,False
2023-03-08 14:00:00,crop_wheat,51.82,,30.23,70.24,2207.92,66,maturity,0.0,False
2023-03-08 15:30:00,crop_wheat,33.6,,33.87,92.63,644.49,66,flowering,0.0,False
2023-03-08 18:00:00,crop_wheat,10.53,,36.1,56.7,1132.79,66,maturity,0.0,False
2023-03-08 19:00:00,crop_wheat,40.6,,36.54,75.03,744.13,66,vegetative,0.0,False
2023-03-09 00:00:00,crop_wheat,42.97,,20.36,63.61,790.78,67,flowering,0.0,False
2023-03-09 02:00:00,crop_wheat,28.98,,39.72,58.27,2430.83,67,maturity,0.0,False
2023-03-09 02:30:00,crop_wheat,46.27,,16.69,29.74,1526.94,67,vegetative,0.0,False
2023-03-09 04:30:00,crop_wheat,35.72,,21.84,29.73,1112.97,67,flowering,0.0,False
2023-03-09 06:00:00,crop_wheat,52.73,,20.58,37.23,367.03,67,flowering,0.0,False
2023-03-09 08:30:00,crop_wheat,26.19,,40.58,87.58,23.97,67,maturity,0.0,False
2023-03-09 11:30:00,crop_wheat,25.95,,32.85,61.49,410.15,67,maturity,0.0,False
2023-03-09 15:00:00,crop_wheat,13.62,,26.07,62.45,1100.94,67,vegetative,0.0,False
2023-03-09 17:00:00,crop_wheat,17.81,,32.06,46.08,1611.12,67,flowering,0.0,False
2023-03-09 17:30:00,crop_wheat,11.83,,32.02,61.15,1925.37,67,maturity,0.0,False
2023-03-09 19:00:00,crop_wheat,55.37,,14.64,54.82,1127.75,67,maturity,0.0,False
2023-03-09 19:30:00,crop_wheat,13.64,,40.7,61.89,425.51,67,maturity,0.0,False
2023-03-09 21:00:00,crop_wheat,51.65,,30.45,44.51,1083.96,67,vegetative,0.0,False
2023-03-09 22:00:00,crop_wheat,31.28,,12.02,51.68,2122.06,67,maturity,0.0,False
2023-03-10 01:30:00,crop_wheat,37.31,,37.65,78.1,737.68,68,vegetative,0.0,False
2023-03-10 03:30:00,crop_wheat,31.62,,32.96,74.57,459.27,68,maturity,0.0,False
2023-03-10 04:00:00,crop_wheat,43.86,,35.62,65.0,1484.53,68,flowering,0.0,False
2023-03-10 05:00:00,crop_wheat,47.05,,22.69,36.8,1907.59,68,vegetative,0.0,False
2023-03-10 05:30:00,crop_wheat,46.28,,27.29,26.4,504.05,68,maturity,0.0,False
2023-03-10 08:30:00,crop_wheat,23.05,,31.21,50.01,2475.21,68,vegetative,0.0,False
2023-03-10 09:00:00,crop_wheat,13.0,,25.06,75.84,1484.66,68,vegetative,0.0,False
2023-03-10 12:30:00,crop_wheat,15.5,,18.62,74.82,440.75,68,flowering,0.0,False
2023-03-10 16:00:00,crop_wheat,11.38,,23.62,69.7,2359.58,68,maturity,0.0,False
2023-03-10 20:00:00,crop_wheat,31.92,,23.95,65.96,992.06,68,flowering,0.0,False
2023-03-10 21:00:00,crop_wheat,36.73,,30.86,68.9,813.93,68,maturity,0.0,False
2023-03-10 21:30:00,crop_wheat,49.46,,24.4,27.96,1307.8,68,maturity,0.0,False
2023-03-11 01:30:00,crop_wheat,53.41,,21.19,57.44,2100.74,69,maturity,0.0,False
2023-03-11 04:00:00,crop_wheat,21.52,,15.75,33.01,487.46,69,vegetative,0.0,False
2023-03-11 05:00:00,crop_wheat,52.45,,19.36,33.48,459.21,69,vegetative,0.0,False
2023-03-11 10:30:00,crop_wheat,32.63,,21.5,61.92,2169.48,69,vegetative,0.0,False
2023-03-11 16:00:00,crop_wheat,36.79,,35.79,59.98,2108.19,69,maturity,0.0,False
2023-03-11 19:00:00,crop_wheat,23.26,,24.11,77.41,1475.63,69,maturity,0.0,False
2023-03-12 01:30:00,crop_wheat,14.0,,20.26,63.01,587.04,70,vegetative,0.0,False
2023-03-12 08:30:00,crop_wheat,41.57,,19.17,47.14,2471.35,70,maturity,0.0,False
2023-03-12 10:00:00,crop_wheat,11.33,,32.35,32.97,1842.99,70,maturity,0.0,False
2023-03-12 12:00:00,crop_wheat,29.57,,41.39,93.68,1503.4,70,flowering,0.0,False
2023-03-12 15:30:00,crop_wheat,62.53,,25.54,36.73,2406.64,70,vegetative,0.0,False
2023-03-13 05:30:00,crop_wheat,62.88,,23.92,76.43,876.51,71,flowering,0.0,False
2023-03-13 11:00:00,crop_wheat,61.62,,19.81,34.78,2248.87,71,vegetative,0.0,False
2023-03-13 12:00:00,crop_wheat,8.07,,39.15,85.77,234.81,71,vegetative,0.0,False
2023-03-13 12:30:00,crop_wheat,51.64,,29.61,27.42,1615.02,71,flowering,0.0,False
2023-03-13 14:00:00,crop_wheat,29.07,,39.32,72.13,1144.27,71,flowering,0.0,False
2023-03-13 14:30:00,crop_wheat,42.58,,36.85,34.85,2159.87,71,maturity,0.0,False
2023-03-13 15:00:00,crop_wheat,33.81,,35.2,46.47,1061.49,71,vegetative,0.0,False
2023-03-13 15:30:00,crop_wheat,52.35,,38.32,93.95,1702.32,71,flowering,0.0,False
2023-03-13 16:00:00,crop_wheat,32.25,,38.28,40.91,971.61,71,maturity,0.0,False
2023-03-13 17:00:00,crop_wheat,63.66,,41.2,41.88,469.52,71,flowering,0.0,False
2023-03-13 20:30:00,crop_wheat,33.65,,16.44,26.98,1419.39,71,vegetative,0.0,False
2023-03-13 21:00:00,crop_wheat,16.96,,39.23,53.75,1170.26,71,vegetative,0.0,False
2023-03-13 22:30:00,crop_wheat,11.56,,37.74,49.88,116.03,71,maturity,0.0,False
2023-03-14 01:00:00,crop_wheat,34.72,,18.57,32.47,1630.49,72,maturity,0.0,False
2023-03-14 03:00:00,crop_wheat,43.17,,40.32,68.69,918.15,72,maturity,0.0,False
2023-03-14 05:30:00,crop_wheat,14.19,,21.89,25.07,1177.99,72,maturity,0.0,False
2023-03-14 07:30:00,crop_wheat,56.07,,17.09,75.55,2111.79,72,maturity,0.0,False
2023-03-14 12:30:00,crop_wheat,64.47,,37.16,81.98,94.59,72,maturity,0.0,False
2023-03-14 15:30:00,crop_wheat,25.43,,21.33,25.42,1557.45,72,maturity,0.0,False
2023-03-14 16:00:00,crop_wheat,52.12,,34.58,57.54,425.36,72,flowering,0.0,False
2023-03-14 16:30:00,crop_wheat,33.86,,12.37,30.21,635.1,72,maturity,0.0,False
2023-03-15 04:30:00,crop_wheat,59.67,,27.44,75.93,1906.27,73,flowering,0.0,False
2023-03-15 05:00:00,crop_wheat,54.85,,29.96,93.39,1647.86,73,maturity,0.0,False
2023-03-15 07:30:00,crop_wheat,27.55,,37.89,76.28,1929.07,73,flowering,0.0,False
2023-03-15 09:30:00,crop_wheat,62.46,,33.5,79.22,1579.71,73,flowering,0.0,False
2023-03-15 10:30:00,crop_wheat,59.44,,37.28,67.18,143.81,73,maturity,0.0,False
2023-03-15 11:30:00,crop_wheat,18.89,,35.98,75.41,169.11,73,flowering,0.0,False
2023-03-15 13:00:00,crop_wheat,10.53,,16.44,27.06,2050.06,73,flowering,0.0,False
2023-03-15 17:00:00,crop_wheat,24.7,,14.84,55.14,967.66,73,maturity,0.0,False
2023-03-15 21:00:00,crop_wheat,34.41,,40.84,53.82,103.29,73,maturity,0.0,False
2023-03-16 00:30:00,crop_wheat,35.94,,33.9,56.38,1927.63,74,vegetative,0.0,False
2023-03-16 02:30:00,crop_wheat,41.64,,22.38,77.57,779.14,74,maturity,0.0,False
2023-03-16 05:00:00,crop_wheat,14.66,,23.73,49.21,1581.2,74,maturity,0.0,False
2023-03-16 08:30:00,crop_wheat,36.9,,30.98,36.03,919.15,74,maturity,0.0,False
2023-03-16 09:00:00,crop_wheat,16.55,,34.93,91.4,1459.12,74,flowering,0.0,False
2023-03-16 13:30:00,crop_wheat,25.94,,15.23,43.36,1678.84,74,vegetative,0.0,False
2023-03-16 21:00:00,crop_wheat,50.06,,19.56,73.45,1362.48,74,flowering,0.0,False
2023-03-17 03:00:00,crop_wheat,55.54,,24.0,53.02,2461.15,75,maturity,0.0,False
2023-03-17 06:00:00,crop_wheat,42.46,,41.6,57.32,2484.81,75,flowering,0.0,False
2023-03-17 10:00:00,crop_wheat,42.66,,18.42,78.57,1889.19,75,maturity,0.0,False
2023-03-17 13:30:00,crop_wheat,20.09,,31.96,81.71,226.95,75,flowering,0.0,False
2023-03-17 14:00:00,crop_wheat,63.61,,35.31,68.74,1694.93,75,vegetative,0.0,False
2023-03-17 20:00:00,crop_wheat,56.48,,21.64,67.94,1964.09,75,maturity,0.0,False
2023-03-17 23:00:00,crop_wheat,22.04,,35.61,83.41,503.84,75,maturity,0.0,False
2023-03-18 02:00:00,crop_wheat,62.52,,25.64,88.24,727.07,76,flowering,0.0,False
2023-03-18 05:00:00,crop_wheat,42.13,,15.9,35.48,2357.41,76,flowering,0.0,False
2023-03-18 06:30:00,crop_wheat,61.77,,27.17,86.12,1456.0,76,vegetative,0.0,False
2023-03-18 07:30:00,crop_wheat,38.12,,17.75,30.11,2239.72,76,maturity,0.0,False
2023-03-18 19:30:00,crop_wheat,16.08,,14.87,26.8,1659.8,76,maturity,0.0,False
2023-03-19 17:00:00,crop_wheat,56.31,,29.87,36.91,1153.31,77,flowering,0.0,False
2023-03-19 19:30:00,crop_wheat,58.68,,37.95,64.05,893.22,77,maturity,0.0,False
2023-03-19 20:30:00,crop_wheat,23.8,,26.88,28.0,22.35,77,vegetative,0.0,False
2023-03-19 22:30:00,crop_wheat,26.75,,18.61,62.08,1559.64,77,flowering,0.0,False
2023-03-19 23:30:00,crop_wheat,64.72,,16.92,61.75,993.4,77,maturity,0.0,False
2023-03-20 01:30:00,crop_wheat,28.76,,13.0,88.82,1476.3,78,maturity,0.0,False
2023-03-20 07:30:00,crop_wheat,45.6,,21.88,67.62,320.99,78,vegetative,0.0,False
2023-03-20 09:00:00,crop_wheat,32.57,,27.73,86.87,1001.57,78,vegetative,0.0,False
2023-03-20 11:00:00,crop_wheat,43.68,,24.4,75.07,1920.97,78,maturity,0.0,False
2023-03-20 11:30:00,crop_wheat,27.27,,31.77,46.56,874.17,78,maturity,0.0,False
2023-03-20 12:00:00,crop_wheat,47.94,,35.2,46.3,2444.26,78,flowering,0.0,False
2023-03-20 13:30:00,crop_wheat,52.71,,22.37,88.67,1751.67,78,maturity,0.0,False
2023-03-20 15:00:00,crop_wheat,25.79,,28.45,52.44,540.27,78,flowering,0.0,False
2023-03-20 17:00:00,crop_wheat,53.86,,15.54,28.21,554.0,78,maturity,0.0,False
2023-03-20 18:30:00,crop_wheat,18.97,,37.48,92.13,1034.38,78,maturity,0.0,False
2023-03-20 21:00:00,crop_wheat,16.22,,19.68,78.69,1671.25,78,vegetative,0.0,False
2023-03-20 23:30:00,crop_wheat,52.3,,41.09,50.48,761.08,78,flowering,0.0,False
2023-03-21 03:00:00,crop_wheat,57.82,,22.11,26.51,119.68,79,vegetative,0.0,False
2023-03-21 04:30:00,crop_wheat,55.35,,23.42,71.46,1874.91,79,flowering,0.0,False
2023-03-21 05:00:00,crop_wheat,32.36,,23.02,45.92,1240.83,79,maturity,0.0,False
2023-03-21 08:00:00,crop_wheat,11.2,,40.44,76.53,1932.64,79,flowering,0.0,False
2023-03-21 08:30:00,crop_wheat,54.49,,38.97,73.04,2371.29,79,vegetative,0.0,False
2023-03-21 09:00:00,crop_wheat,43.35,,24.54,60.92,2325.33,79,maturity,0.0,False
2023-03-21 12:00:00,crop_wheat,22.92,,16.02,39.72,1711.42,79,maturity,0.0,False
2023-03-21 15:30:00,crop_wheat,59.22,,18.97,42.66,890.23,79,vegetative,0.0,False
2023-03-21 16:30:00,crop_wheat,43.23,,21.54,61.49,211.88,79,vegetative,0.0,False
2023-03-21 18:30:00,crop_wheat,44.63,,40.66,73.45,1729.37,79,vegetative,0.0,False
2023-03-21 22:00:00,crop_wheat,10.29,,21.41,84.1,1610.87,79,flowering,0.0,False
2023-03-21 23:30:00,crop_wheat,22.23,,32.56,69.56,1799.02,79,maturity,0.0,False
2023-03-22 01:30:00,crop_wheat,40.13,,24.11,67.47,1971.87,80,flowering,0.0,False
2023-03-22 05:00:00,crop_wheat,63.6,,24.76,46.77,1344.74,80,maturity,0.0,False
2023-03-22 07:00:00,crop_wheat,29.94,,14.71,47.65,1097.02,80,flowering,0.0,False
2023-03-22 08:00:00,crop_wheat,17.15,,18.13,91.87,371.2,80,maturity,0.0,False
2023-03-22 11:00:00,crop_wheat,11.34,,13.11,91.85,1453.52,80,maturity,0.0,False
2023-03-22 13:30:00,crop_wheat,53.2,,23.59,51.2,680.37,80,flowering,0.0,False
2023-03-22 14:00:00,crop_wheat,13.32,,32.08,69.96,1621.03,80,vegetative,0.0,False
2023-03-22 14:30:00,crop_wheat,32.94,,31.2,87.88,807.12,80,maturity,0.0,False
2023-03-22 23:00:00,crop_wheat,27.96,,22.38,29.41,1491.98,80,flowering,0.0,False
2023-03-23 00:30:00,crop_wheat,13.31,,13.03,73.76,2314.97,81,maturity,0.0,False
2023-03-23 04:00:00,crop_wheat,44.77,,33.71,92.41,468.12,81,maturity,0.0,False
2023-03-23 06:30:00,crop_wheat,35.99,,34.62,65.07,1340.24,81,maturity,0.0,False
2023-03-23 11:00:00,crop_wheat,34.51,,24.25,62.06,1282.32,81,maturity,0.0,False
2023-03-23 12:00:00,crop_wheat,64.99,,32.47,93.15,1611.82,81,vegetative,0.0,False
2023-03-23 14:30:00,crop_wheat,54.34,,32.31,61.72,2118.38,81,vegetative,0.0,False
2023-03-24 01:00:00,crop_wheat,9.93,,41.56,71.95,1743.11,82,maturity,0.0,False
2023-03-24 03:00:00,crop_wheat,31.4,,15.67,29.78,365.69,82,maturity,0.0,False
2023-03-24 06:00:00,crop_wheat,41.12,,21.58,63.69,38.3,82,maturity,0.0,False
2023-03-24 11:00:00,crop_wheat,30.16,,26.96,54.57,746.04,82,maturity,0.0,False
2023-03-24 12:30:00,crop_wheat,16.04,,23.55,28.59,132.99,82,maturity,0.0,False
2023-03-24 15:30:00,crop_wheat,20.08,,27.89,81.66,1341.69,82,maturity,0.0,False
2023-03-24 19:30:00,crop_wheat,58.23,,33.01,81.75,1014.88,82,flowering,0.0,False
2023-03-24 20:30:00,crop_wheat,48.64,,21.72,25.67,651.72,82,maturity,0.0,False
2023-03-24 22:00:00,crop_wheat,57.33,,36.88,79.32,2413.44,82,maturity,0.0,False
2023-03-25 00:00:00,crop_wheat,45.7,,31.01,60.98,36.84,83,vegetative,0.0,False
2023-03-25 01:00:00,crop_wheat,57.04,,37.79,79.56,731.15,83,maturity,0.0,False
2023-03-25 04:30:00,crop_wheat,38.04,,36.1,30.25,1748.77,83,maturity,0.0,False
2023-03-25 05:00:00,crop_wheat,56.44,,32.58,60.72,1370.07,83,vegetative,0.0,False
2023-03-25 06:00:00,crop_wheat,20.97,,39.66,74.93,1751.44,83,maturity,0.0,False
2023-03-25 10:00:00,crop_wheat,51.32,,37.48,73.09,201.06,83,maturity,0.0,False
2023-03-25 10:30:00,crop_wheat,33.35,,16.33,70.18,430.72,83,maturity,0.0,False
2023-03-25 14:30:00,crop_wheat,12.41,,16.58,81.36,661.55,83,maturity,0.0,False
2023-03-25 15:00:00,crop_wheat,8.69,,17.85,52.92,2093.92,83,maturity,0.0,False
2023-03-25 17:00:00,crop_wheat,31.91,,28.89,41.9,1575.61,83,vegetative,0.0,False
2023-03-25 18:00:00,crop_wheat,13.94,,33.84,54.29,960.92,83,vegetative,0.0,False
2023-03-25 23:30:00,crop_wheat,39.63,,28.41,72.87,1441.31,83,flowering,0.0,False
2023-03-26 04:30:00,crop_wheat,26.83,,30.67,56.27,1583.29,84,vegetative,0.0,False
2023-03-26 09:30:00,crop_wheat,8.25,,28.57,92.55,1373.56,84,flowering,0.0,False
2023-03-26 10:00:00,crop_wheat,63.3,,14.59,79.63,1451.5,84,maturity,0.0,False
2023-03-26 16:00:00,crop_wheat,10.77,,29.23,66.66,1306.04,84,flowering,0.0,False
2023-03-26 17:00:00,crop_wheat,11.79,,37.08,30.55,1169.93,84,vegetative,0.0,False
2023-03-26 18:00:00,crop_wheat,31.4,,33.57,60.81,2003.96,84,maturity,0.0,False
2023-03-26 20:30:00,crop_wheat,34.66,,23.96,48.72,814.99,84,flowering,0.0,False
2023-03-27 03:00:00,crop_wheat,14.04,,37.0,80.24,1115.96,85,maturity,0.0,False
2023-03-27 04:00:00,crop_wheat,53.17,,33.64,71.59,2078.03,85,maturity,0.0,False
2023-03-27 05:30:00,crop_wheat,53.54,,36.67,74.09,308.34,85,maturity,0.0,False
2023-03-27 12:00:00,crop_wheat,34.2,,25.79,91.48,2057.46,85,flowering,0.0,False
2023-03-27 12:30:00,crop_wheat,24.36,,28.02,56.68,1802.77,85,maturity,0.0,False
2023-03-27 13:30:00,crop_wheat,9.65,,34.01,68.86,1343.16,85,vegetative,0.0,False
2023-03-27 20:30:00,crop_wheat,9.87,,30.85,46.85,1814.94,85,flowering,0.0,False
2023-03-27 22:00:00,crop_wheat,55.24,,16.39,76.97,20.03,85,vegetative,0.0,False
2023-03-28 01:30:00,crop_wheat,44.37,,12.03,29.29,865.08,86,vegetative,0.0,False
2023-03-28 02:30:00,crop_wheat,43.7,,30.55,64.41,548.43,86,vegetative,0.0,False
2023-03-28 03:00:00,crop_wheat,25.38,,30.05,85.09,489.01,86,maturity,0.0,False
2023-03-28 12:30:00,crop_wheat,23.33,,24.93,69.74,2448.34,86,vegetative,0.0,False
2023-03-28 13:00:00,crop_wheat,62.64,,29.87,89.58,1759.08,86,maturity,0.0,False
2023-03-28 14:30:00,crop_wheat,19.26,,40.16,27.68,1198.5,86,maturity,0.0,False
2023-03-28 23:00:00,crop_wheat,18.52,,31.83,32.91,2487.87,86,flowering,0.0,False
2023-03-29 05:30:00,crop_wheat,40.7,,25.02,58.04,1424.81,87,vegetative,0.0,False
2023-03-29 12:00:00,crop_wheat,9.27,,29.07,29.7,11.41,87,vegetative,0.0,False
2023-03-29 14:00:00,crop_wheat,32.45,,35.01,55.9,1172.66,87,vegetative,0.0,False
2023-03-29 20:00:00,crop_wheat,57.68,,27.0,50.0,2436.67,87,maturity,0.0,False
2023-03-29 22:30:00,crop_wheat,64.54,,14.14,32.53,1895.07,87,maturity,0.0,False
2023-03-30 02:30:00,crop_wheat,49.79,,26.5,61.7,952.61,88,vegetative,0.0,False
2023-03-30 05:00:00,crop_wheat,49.41,,24.79,58.48,255.88,88,maturity,0.0,False
2023-03-30 07:30:00,crop_wheat,60.94,,24.64,63.09,122.88,88,maturity,0.0,False
2023-03-30 09:00:00,crop_wheat,38.61,,26.75,76.78,2291.94,88,maturity,0.0,False
2023-03-30 12:30:00,crop_wheat,42.92,,38.03,80.05,1088.65,88,maturity,0.0,False
2023-03-30 14:00:00,crop_wheat,26.22,,19.17,47.57,1745.33,88,maturity,0.0,False
2023-03-30 20:30:00,crop_wheat,58.28,,33.96,81.59,1344.43,88,maturity,0.0,False
2023-03-31 00:30:00,crop_wheat,21.36,,22.33,52.99,1965.95,89,maturity,0.0,False
2023-03-31 01:30:00,crop_wheat,33.64,,35.25,58.72,2315.43,89,vegetative,0.0,False
2023-03-31 04:30:00,crop_wheat,63.03,,15.51,46.9,1465.54,89,maturity,0.0,False
2023-03-31 05:30:00,crop_wheat,44.23,,24.83,25.84,1882.19,89,maturity,0.0,False
2023-03-31 08:30:00,crop_wheat,49.73,,22.12,93.74,2164.06,89,vegetative,0.0,False
2023-03-31 10:00:00,crop_wheat,53.74,,22.56,54.42,382.65,89,maturity,0.0,False
2023-03-31 18:00:00,crop_wheat,59.07,,18.01,48.32,1615.51,89,flowering,0.0,False
2023-04-01 03:00:00,crop_wheat,8.78,,40.13,92.06,1224.02,90,maturity,0.0,False
2023-04-01 03:30:00,crop_wheat,39.12,,39.37,50.12,1608.82,90,maturity,0.0,False
2023-04-01 06:00:00,crop_wheat,41.69,,24.91,51.84,1939.39,90,vegetative,0.0,False
2023-04-01 07:00:00,crop_wheat,47.24,,31.3,43.24,93.53,90,maturity,0.0,False
2023-04-01 07:30:00,crop_wheat,63.35,,17.84,58.48,2138.3,90,vegetative,0.0,False
2023-04-01 12:00:00,crop_wheat,18.89,,35.34,47.43,956.1,90,maturity,0.0,False
2023-04-01 20:30:00,crop_wheat,56.57,,30.77,81.33,1140.1,90,maturity,0.0,False
2023-04-01 21:30:00,crop_wheat,47.82,,14.03,33.49,311.53,90,vegetative,0.0,False
2023-04-02 03:00:00,crop_wheat,48.34,,28.15,34.79,2177.55,91,maturity,0.0,False
2023-04-02 10:00:00,crop_wheat,31.7,,40.15,87.52,2138.36,91,maturity,0.0,False
2023-04-02 11:00:00,crop_wheat,59.02,,39.44,44.09,14.2,91,maturity,0.0,False
2023-04-02 17:30:00,crop_wheat,48.64,,24.16,77.47,1817.32,91,vegetative,0.0,False
2023-04-02 19:00:00,crop_wheat,16.37,,24.04,73.95,1141.85,91,maturity,0.0,False
2023-04-02 20:30:00,crop_wheat,27.5,,19.56,38.2,2361.75,91,flowering,0.0,False
2023-04-03 00:00:00,crop_wheat,24.2,,13.13,71.59,1866.86,92,flowering,0.0,False
2023-04-03 03:00:00,crop_wheat,57.96,,17.73,38.17,1746.66,92,maturity,0.0,False
2023-04-03 05:30:00,crop_wheat,33.27,,34.94,84.56,3.42,92,maturity,0.0,False
2023-04-03 09:00:00,crop_wheat,33.95,,19.53,93.08,2004.78,92,maturity,0.0,False
2023-04-03 09:30:00,crop_wheat,52.16,,20.76,78.29,1815.98,92,vegetative,0.0,False
2023-04-03 12:00:00,crop_wheat,37.29,,28.92,84.85,2172.57,92,vegetative,0.0,False
2023-04-03 13:00:00,crop_wheat,17.29,,31.49,25.15,1318.64,92,vegetative,0.0,False
2023-04-03 19:30:00,crop_wheat,21.78,,41.94,94.64,1486.26,92,flowering,0.0,False
2023-04-04 00:30:00,crop_wheat,24.08,,21.25,39.51,794.55,93,vegetative,0.0,False
2023-04-04 04:30:00,crop_wheat,27.43,,23.92,27.66,946.2,93,maturity,0.0,False
2023-04-04 05:00:00,crop_wheat,26.2,,17.5,53.96,1493.82,93,maturity,0.0,False
2023-04-04 16:30:00,crop_wheat,60.13,,29.23,30.97,1326.38,93,maturity,0.0,False
2023-04-04 19:30:00,crop_wheat,29.97,,35.42,89.42,713.25,93,maturity,0.0,False
2023-04-04 23:00:00,crop_wheat,39.28,,27.94,34.96,1093.55,93,vegetative,0.0,False
2023-04-05 05:30:00,crop_wheat,28.61,,17.73,28.39,1271.7,94,maturity,0.0,False
2023-04-05 09:30:00,crop_wheat,20.22,,39.63,72.98,1539.63,94,maturity,0.0,False
2023-04-05 11:30:00,crop_wheat,37.2,,35.62,50.61,2079.86,94,flowering,0.0,False
2023-04-05 15:00:00,crop_wheat,13.97,,30.25,39.16,2373.02,94,vegetative,0.0,False
2023-04-05 18:00:00,crop_wheat,58.48,,27.48,78.36,316.99,94,vegetative,0.0,False
2023-04-05 18:30:00,crop_wheat,51.04,,33.41,26.84,1869.01,94,maturity,0.0,False
2023-04-05 19:30:00,crop_wheat,8.61,,14.09,85.0,2193.8,94,maturity,0.0,False
2023-04-06 06:30:00,crop_wheat,33.93,,28.27,30.02,1500.68,95,vegetative,0.0,False
2023-04-06 07:30:00,crop_wheat,19.0,,40.88,56.41,1894.49,95,flowering,0.0,False
2023-04-06 11:00:00,crop_wheat,50.81,,12.67,90.22,2176.02,95,maturity,0.0,False
2023-04-06 11:30:00,crop_wheat,37.37,,34.94,42.83,1698.71,95,flowering,0.0,False
2023-04-06 15:30:00,crop_wheat,16.88,,14.44,68.55,144.62,95,vegetative,0.0,False
2023-04-06 18:00:00,crop_wheat,64.88,,21.01,26.44,2305.47,95,flowering,0.0,False
2023-04-06 19:30:00,crop_wheat,47.52,,21.27,86.8,1583.84,95,vegetative,0.0,False
2023-04-07 00:00:00,crop_wheat,47.3,,34.78,93.83,1085.99,96,maturity,0.0,False
2023-04-07 07:00:00,crop_wheat,24.22,,32.66,45.62,1151.9,96,vegetative,0.0,False
2023-04-07 09:30:00,crop_wheat,46.43,,14.17,30.11,397.44,96,flowering,0.0,False
2023-04-07 15:00:00,crop_wheat,31.11,,15.17,82.6,1373.63,96,maturity,0.0,False
2023-04-07 17:00:00,crop_wheat,38.25,,13.06,26.83,574.63,96,vegetative,0.0,False
2023-04-08 04:30:00,crop_wheat,43.86,,15.3,64.04,968.32,97,maturity,0.0,False
2023-04-08 08:00:00,crop_wheat,45.86,,26.14,42.72,1602.52,97,maturity,0.0,False
2023-04-08 09:00:00,crop_wheat,19.57,,30.89,78.14,2305.97,97,maturity,0.0,False
2023-04-08 09:30:00,crop_wheat,32.41,,15.29,92.18,1025.32,97,maturity,0.0,False
2023-04-08 20:30:00,crop_wheat,47.16,,29.19,71.17,2117.49,97,maturity,0.0,False
2023-04-08 21:30:00,crop_wheat,42.23,,18.92,29.97,410.55,97,vegetative,0.0,False
2023-04-09 09:30:00,crop_wheat,32.89,,32.42,45.11,1742.42,98,flowering,0.0,False
2023-04-09 10:00:00,crop_wheat,23.34,,25.59,30.76,1475.82,98,maturity,0.0,False
2023-04-09 12:00:00,crop_wheat,51.76,,30.54,28.31,2113.97,98,vegetative,0.0,False
2023-04-09 20:30:00,crop_wheat,47.69,,18.36,61.83,1034.6,98,vegetative,0.0,False
2023-04-10 00:00:00,crop_wheat,10.99,,36.65,28.61,520.36,99,maturity,0.0,False
2023-04-10 07:30:00,crop_wheat,13.72,,27.43,76.26,1820.94,99,maturity,0.0,False
2023-04-10 09:30:00,crop_wheat,60.84,,12.79,30.7,2402.96,99,flowering,0.0,False
2023-04-10 12:00:00,crop_wheat,30.2,,28.54,89.62,1487.7,99,maturity,0.0,False
2023-04-10 13:30:00,crop_wheat,43.49,,32.51,50.09,1638.35,99,flowering,0.0,False
2023-04-10 16:00:00,crop_wheat,39.5,,23.64,27.77,1783.89,99,maturity,0.0,False
2023-04-10 17:30:00,crop_wheat,12.12,,40.05,53.6,2231.71,99,flowering,0.0,False
2023-04-10 22:00:00,crop_wheat,50.69,,27.81,47.72,1871.45,99,flowering,0.0,False
2023-04-11 02:30:00,crop_wheat,51.97,,36.68,58.76,1970.07,100,maturity,0.0,False
2023-04-11 12:00:00,crop_wheat,34.64,,32.94,49.8,2453.78,100,flowering,0.0,False
2023-04-11 14:00:00,crop_wheat,61.13,,29.01,87.79,913.64,100,maturity,0.0,False
2023-04-11 14:30:00,crop_wheat,46.68,,39.55,34.84,1519.1,100,maturity,0.0,False
2023-04-11 16:00:00,crop_wheat,39.0,,34.5,82.79,1309.6,100,maturity,0.0,False
2023-04-12 00:30:00,crop_wheat,25.44,,28.78,61.97,986.04,101,maturity,0.0,False
2023-04-12 02:00:00,crop_wheat,11.68,,13.28,43.51,447.57,101,flowering,0.0,False
2023-04-12 02:30:00,crop_wheat,38.2,,32.44,48.42,1015.23,101,maturity,0.0,False
2023-04-12 03:00:00,crop_wheat,23.58,,22.75,91.68,360.61,101,vegetative,0.0,False
2023-04-12 04:00:00,crop_wheat,8.46,,17.6,79.64,428.76,101,vegetative,0.0,False
2023-04-12 05:30:00,crop_wheat,48.82,,26.32,31.34,2362.67,101,vegetative,0.0,False
2023-04-12 11:00:00,crop_wheat,48.18,,20.22,47.4,1308.93,101,maturity,0.0,False
2023-04-12 13:00:00,crop_wheat,22.86,,24.96,56.03,871.21,101,flowering,0.0,False
2023-04-12 15:30:00,crop_wheat,11.59,,20.42,83.59,1647.67,101,vegetative,0.0,False
2023-04-12 17:00:00,crop_wheat,49.66,,12.79,60.05,1233.01,101,maturity,0.0,False
2023-04-12 19:30:00,crop_wheat,50.62,,21.74,91.15,1328.06,101,maturity,0.0,False
2023-04-12 23:00:00,crop_wheat,14.58,,27.48,78.38,1323.31,101,maturity,0.0,False
2023-04-13 07:30:00,crop_wheat,13.84,,22.0,51.08,2480.82,102,vegetative,0.0,False
2023-04-13 13:00:00,crop_wheat,41.04,,12.11,30.4,127.21,102,vegetative,0.0,False
2023-04-14 00:00:00,crop_wheat,32.84,,17.3,71.18,573.72,103,maturity,0.0,False
2023-04-14 02:00:00,crop_wheat,35.48,,23.9,69.33,113.31,103,flowering,0.0,False
2023-04-14 11:30:00,crop_wheat,23.57,,17.91,89.19,1955.66,103,maturity,0.0,False
2023-04-14 20:00:00,crop_wheat,27.36,,29.62,69.34,556.51,103,flowering,0.0,False
2023-04-14 20:30:00,crop_wheat,59.05,,25.28,48.36,1852.48,103,maturity,0.0,False
2023-04-14 21:00:00,crop_wheat,32.27,,29.35,81.9,1063.64,103,maturity,0.0,False
2023-04-14 23:00:00,crop_wheat,40.75,,27.99,47.09,438.38,103,vegetative,0.0,False
2023-04-15 06:30:00,crop_wheat,50.1,,29.84,73.79,2100.21,104,vegetative,0.0,False
2023-04-15 07:30:00,crop_wheat,14.64,,30.95,59.05,1887.97,104,maturity,0.0,False
2023-04-15 15:00:00,crop_wheat,26.61,,28.5,37.0,587.09,104,maturity,0.0,False
2023-04-15 18:30:00,crop_wheat,14.13,,21.64,53.43,1479.04,104,vegetative,0.0,False
2023-04-15 20:30:00,crop_wheat,29.98,,31.84,61.52,347.47,104,maturity,0.0,False
2023-04-15 22:30:00,crop_wheat,21.44,,29.28,33.81,476.16,104,vegetative,0.0,False
2023-04-16 06:00:00,crop_wheat,40.63,,19.74,53.83,72.51,105,maturity,0.0,False
2023-04-16 10:00:00,crop_wheat,32.97,,21.98,85.03,247.17,105,maturity,0.0,False
2023-04-16 13:00:00,crop_wheat,24.72,,41.4,48.41,1847.54,105,flowering,0.0,False
2023-04-16 16:30:00,crop_wheat,47.38,,13.28,32.1,2265.86,105,maturity,0.0,False
2023-04-16 18:30:00,crop_wheat,31.64,,16.85,41.58,1017.65,105,maturity,0.0,False
2023-04-16 19:30:00,crop_wheat,31.53,,41.84,85.33,1068.15,105,flowering,0.0,False
2023-04-16 20:30:00,crop_wheat,36.91,,27.46,34.16,711.07,105,flowering,0.0,False
2023-04-17 02:00:00,crop_wheat,49.48,,36.99,61.84,2177.48,106,vegetative,0.0,False
2023-04-17 02:30:00,crop_wheat,31.34,,34.71,55.41,1406.9,106,flowering,0.0,False
2023-04-17 11:00:00,crop_wheat,61.18,,15.08,80.8,286.87,106,vegetative,0.0,False
2023-04-17 11:30:00,crop_wheat,55.35,,16.72,85.75,120.75,106,maturity,0.0,False
2023-04-17 14:30:00,crop_wheat,34.34,,38.5,89.07,2150.69,106,maturity,0.0,False
2023-04-17 16:00:00,crop_wheat,47.66,,32.12,62.28,30.01,106,maturity,0.0,False
2023-04-17 17:30:00,crop_wheat,39.68,,21.43,56.55,413.65,106,maturity,0.0,False
2023-04-17 18:30:00,crop_wheat,18.59,,24.17,37.65,1337.72,106,vegetative,0.0,False
2023-04-17 19:00:00,crop_wheat,47.63,,22.49,65.42,382.32,106,maturity,0.0,False
2023-04-17 22:00:00,crop_wheat,55.42,,33.4,74.57,2472.25,106,flowering,0.0,False
2023-04-17 23:30:00,crop_wheat,12.26,,17.95,94.77,148.33,106,maturity,0.0,False
2023-04-18 03:00:00,crop_wheat,36.09,,24.12,50.77,1509.79,107,vegetative,0.0,False
2023-04-18 05:00:00,crop_wheat,60.71,,18.78,80.24,1193.31,107,flowering,0.0,False
2023-04-18 07:00:00,crop_wheat,12.44,,12.67,78.89,2016.27,107,maturity,0.0,False
2023-04-18 19:00:00,crop_wheat,29.91,,29.17,66.01,388.32,107,maturity,0.0,False
2023-04-18 21:00:00,crop_wheat,26.0,,38.61,52.54,2257.61,107,vegetative,0.0,False
2023-04-19 00:00:00,crop_wheat,36.33,,14.02,47.03,691.86,108,flowering,0.0,False
2023-04-19 06:00:00,crop_wheat,38.42,,13.02,50.37,1254.93,108,maturity,0.0,False
2023-04-19 06:30:00,crop_wheat,14.01,,21.99,86.9,185.92,108,maturity,0.0,False
2023-04-19 09:00:00,crop_wheat,35.79,,14.7,36.16,1626.18,108,flowering,0.0,False
2023-04-19 12:00:00,crop_wheat,42.09,,31.83,84.49,2053.11,108,flowering,0.0,False
2023-04-19 14:00:00,crop_wheat,21.72,,18.44,59.21,875.53,108,maturity,0.0,False
2023-04-19 16:30:00,crop_wheat,33.05,,37.69,29.54,1011.28,108,flowering,0.0,False
2023-04-19 18:00:00,crop_wheat,21.67,,40.83,52.88,1386.2,108,vegetative,0.0,False
2023-04-19 20:00:00,crop_wheat,45.14,,35.66,41.72,1644.71,108,vegetative,0.0,False
2023-04-20 00:30:00,crop_wheat,51.83,,37.88,61.58,2130.99,109,flowering,0.0,False
2023-04-20 01:30:00,crop_wheat,8.82,,37.69,77.65,1570.62,109,flowering,0.0,False
2023-04-20 04:30:00,crop_wheat,53.19,,39.3,62.13,1732.22,109,maturity,0.0,False
2023-04-20 05:30:00,crop_wheat,52.41,,33.49,76.25,52.16,109,maturity,0.0,False
2023-04-20 12:30:00,crop_wheat,62.05,,13.37,45.54,150.44,109,maturity,0.0,False
2023-04-20 14:30:00,crop_wheat,57.35,,26.46,67.03,1194.91,109,vegetative,0.0,False
2023-04-20 17:00:00,crop_wheat,42.02,,14.11,85.94,1083.36,109,flowering,0.0,False
2023-04-20 18:00:00,crop_wheat,34.46,,34.55,27.11,1958.45,109,maturity,0.0,False
2023-04-20 19:00:00,crop_wheat,31.07,,16.79,37.1,2028.8,109,maturity,0.0,False
2023-04-21 00:00:00,crop_wheat,21.12,,29.17,47.45,1515.88,110,flowering,0.0,False
2023-04-21 04:00:00,crop_wheat,31.97,,32.22,64.64,30.68,110,vegetative,0.0,False
2023-04-21 16:30:00,crop_wheat,62.1,,23.13,81.25,51.68,110,maturity,0.0,False
2023-04-21 19:30:00,crop_wheat,64.14,,14.87,31.98,933.63,110,maturity,0.0,False
2023-04-21 20:30:00,crop_wheat,36.54,,37.39,25.74,2318.98,110,vegetative,0.0,False
2023-04-22 00:30:00,crop_wheat,42.72,,24.82,53.93,680.11,111,maturity,0.0,False
2023-04-22 02:00:00,crop_wheat,51.63,,21.79,66.1,1715.71,111,maturity,0.0,False
2023-04-22 08:30:00,crop_wheat,40.41,,13.14,30.84,40.3,111,maturity,0.0,False
2023-04-22 10:00:00,crop_wheat,61.97,,19.32,62.56,1215.66,111,maturity,0.0,False
2023-04-22 11:30:00,crop_wheat,27.96,,17.06,47.78,314.16,111,vegetative,0.0,False
2023-04-22 12:00:00,crop_wheat,23.43,,16.5,41.61,1057.62,111,maturity,0.0,False
2023-04-22 16:00:00,crop_wheat,64.05,,28.65,62.45,2459.36,111,maturity,0.0,False
2023-04-22 18:00:00,crop_wheat,15.63,,27.05,65.36,1147.04,111,maturity,0.0,False
2023-04-22 19:00:00,crop_wheat,61.34,,17.54,33.49,892.97,111,maturity,0.0,False
2023-04-23 02:30:00,crop_wheat,25.13,,36.5,69.43,1353.47,112,maturity,0.0,False
2023-04-23 03:00:00,crop_wheat,24.82,,17.69,35.55,2165.75,112,flowering,0.0,False
2023-04-23 06:00:00,crop_wheat,60.44,,14.86,57.57,1952.15,112,maturity,0.0,False
2023-04-23 07:00:00,crop_wheat,27.53,,39.63,41.05,817.31,112,flowering,0.0,False
2023-04-23 12:30:00,crop_wheat,27.9,,31.35,50.96,1652.36,112,maturity,0.0,False
2023-04-23 22:30:00,crop_wheat,54.08,,29.77,59.87,2130.99,112,vegetative,0.0,False
2023-04-24 05:30:00,crop_wheat,42.74,,21.41,48.57,2001.26,113,flowering,0.0,False
2023-04-24 07:30:00,crop_wheat,11.03,,40.81,54.98,2391.7,113,maturity,0.0,False
2023-04-24 09:30:00,crop_wheat,46.22,,29.86,27.53,287.33,113,flowering,0.0,False
2023-04-24 10:30:00,crop_wheat,46.57,,23.35,36.99,744.39,113,maturity,0.0,False
2023-04-24 12:30:00,crop_wheat,60.55,,15.1,57.51,903.65,113,maturity,0.0,False
2023-04-24 15:00:00,crop_wheat,43.63,,38.58,54.74,741.74,113,maturity,0.0,False
2023-04-24 18:00:00,crop_wheat,37.85,,36.13,71.82,12.5,113,maturity,0.0,False
2023-04-24 22:30:00,crop_wheat,15.73,,25.86,58.87,2048.37,113,maturity,0.0,False
2023-04-24 23:00:00,crop_wheat,29.9,,32.9,27.31,145.69,113,maturity,0.0,False
2023-04-25 00:00:00,crop_wheat,19.41,,27.54,26.85,1776.18,114,maturity,0.0,False
2023-04-25 06:30:00,crop_wheat,26.13,,13.2,44.22,2182.17,114,maturity,0.0,False
2023-04-25 07:00:00,crop_wheat,27.31,,33.66,69.74,1952.06,114,maturity,0.0,False
2023-04-25 12:30:00,crop_wheat,9.44,,15.29,66.14,928.82,114,vegetative,0.0,False
2023-04-25 13:00:00,crop_wheat,42.37,,16.49,60.35,1421.04,114,maturity,0.0,False
2023-04-25 19:30:00,crop_wheat,45.46,,29.25,78.79,964.71,114,maturity,0.0,False
2023-04-25 21:00:00,crop_wheat,42.58,,14.62,54.12,944.97,114,maturity,0.0,False
2023-04-26 04:30:00,crop_wheat,36.27,,38.76,79.09,1118.22,115,vegetative,0.0,False
2023-04-26 06:30:00,crop_wheat,19.74,,20.2,77.47,53.11,115,vegetative,0.0,False
2023-04-26 08:00:00,crop_wheat,12.04,,15.66,58.01,1190.95,115,vegetative,0.0,False
2023-04-26 11:00:00,crop_wheat,62.99,,41.35,71.4,1842.2,115,flowering,0.0,False
2023-04-26 12:00:00,crop_wheat,41.63,,30.67,56.38,281.79,115,maturity,0.0,False
2023-04-26 13:00:00,crop_wheat,52.91,,24.02,41.76,386.51,115,maturity,0.0,False
2023-04-26 16:30:00,crop_wheat,40.03,,29.86,35.22,400.54,115,maturity,0.0,False
2023-04-26 17:30:00,crop_wheat,52.05,,30.34,67.15,848.5,115,maturity,0.0,False
2023-04-26 21:30:00,crop_wheat,53.26,,24.57,79.53,369.31,115,maturity,0.0,False
2023-04-26 22:00:00,crop_wheat,42.79,,31.81,28.87,229.49,115,vegetative,0.0,False
2023-04-27 04:00:00,crop_wheat,52.63,,19.39,73.93,2167.63,116,vegetative,0.0,False
2023-04-27 07:30:00,crop_wheat,20.75,,17.09,35.46,621.71,116,maturity,0.0,False
2023-04-27 08:30:00,crop_wheat,58.45,,26.78,67.99,514.08,116,maturity,0.0,False
2023-04-27 09:30:00,crop_wheat,29.34,,39.13,29.42,562.78,116,maturity,0.0,False
2023-04-27 11:30:00,crop_wheat,57.07,,33.4,35.93,1500.97,116,flowering,0.0,False
2023-04-27 12:00:00,crop_wheat,35.96,,31.46,35.18,2045.27,116,maturity,0.0,False
2023-04-27 21:30:00,crop_wheat,36.54,,22.88,60.61,1211.03,116,maturity,0.0,False
2023-04-27 22:30:00,crop_wheat,44.0,,36.47,46.57,1646.69,116,maturity,0.0,False
2023-04-28 00:00:00,crop_wheat,24.74,,18.4,45.79,1217.58,117,maturity,0.0,False
2023-04-28 03:30:00,crop_wheat,47.54,,32.47,39.13,1914.71,117,flowering,0.0,False
2023-04-28 05:00:00,crop_wheat,61.07,,19.53,87.08,157.28,117,flowering,0.0,False
2023-04-28 05:30:00,crop_wheat,62.1,,17.29,63.85,1869.64,117,maturity,0.0,False
2023-04-28 06:30:00,crop_wheat,61.79,,37.57,85.46,1373.46,117,flowering,0.0,False
2023-04-28 11:30:00,crop_wheat,13.31,,28.98,48.22,850.34,117,vegetative,0.0,False
2023-04-28 13:00:00,crop_wheat,10.94,,31.46,62.95,535.41,117,vegetative,0.0,False
2023-04-28 17:30:00,crop_wheat,44.76,,18.54,38.73,2220.93,117,maturity,0.0,False
2023-04-29 00:30:00,crop_wheat,56.37,,36.62,80.68,2357.72,118,vegetative,0.0,False
2023-04-29 02:00:00,crop_wheat,43.56,,26.77,32.14,310.77,118,maturity,0.0,False
2023-04-29 02:30:00,crop_wheat,29.48,,37.57,25.21,1956.11,118,maturity,0.0,False
2023-04-29 08:00:00,crop_wheat,23.54,,23.24,71.64,2232.17,118,vegetative,0.0,False
2023-04-29 15:00:00,crop_wheat,47.46,,27.15,77.84,2159.88,118,flowering,0.0,False
2023-04-29 18:30:00,crop_wheat,26.76,,31.25,66.17,1160.41,118,vegetative,0.0,False
2023-04-29 19:00:00,crop_wheat,31.2,,33.85,79.43,1904.71,118,maturity,0.0,False
2023-04-29 19:30:00,crop_wheat,59.66,,27.6,94.08,2034.49,118,vegetative,0.0,False
2023-04-30 01:30:00,crop_wheat,50.39,,36.16,88.8,2353.17,119,vegetative,0.0,False
2023-04-30 05:00:00,crop_wheat,62.59,,41.03,33.69,973.52,119,maturity,0.0,False
2023-04-30 06:00:00,crop_wheat,10.18,,26.02,92.75,2342.74,119,maturity,0.0,False
2023-04-30 07:00:00,crop_wheat,50.88,,19.22,79.43,442.79,119,maturity,0.0,False
2023-04-30 08:30:00,crop_wheat,36.63,,19.24,85.89,1034.0,119,vegetative,0.0,False
2023-04-30 09:30:00,crop_wheat,36.79,,37.51,65.46,1977.89,119,vegetative,0.0,False
2023-04-30 14:00:00,crop_wheat,57.44,,36.49,71.33,319.85,119,vegetative,0.0,False
2023-04-30 21:30:00,crop_wheat,17.24,,32.54,65.93,2293.45,119,vegetative,0.0,False
2023-05-01 00:30:00,crop_wheat,12.96,,35.31,80.83,599.91,120,maturity,0.0,False
2023-05-01 02:00:00,crop_wheat,28.54,,24.04,36.15,1832.93,120,vegetative,0.0,False
2023-05-01 03:00:00,crop_wheat,61.09,,27.76,92.73,2041.96,120,vegetative,0.0,False
2023-05-01 06:00:00,crop_wheat,43.13,,35.18,81.2,2214.97,120,flowering,0.0,False
2023-05-01 07:30:00,crop_wheat,64.6,,21.41,66.25,457.44,120,maturity,0.0,False
2023-05-01 09:00:00,crop_wheat,48.57,,41.63,29.74,611.73,120,flowering,0.0,False
2023-05-01 09:30:00,crop_wheat,61.42,,18.44,38.69,926.65,120,vegetative,0.0,False
2023-05-01 11:30:00,crop_wheat,51.01,,27.31,51.56,623.85,120,maturity,0.0,False
2023-05-01 12:00:00,crop_wheat,47.27,,23.54,43.26,1404.01,120,vegetative,0.0,False
2023-05-01 14:00:00,crop_wheat,20.47,,14.21,38.25,217.0,120,vegetative,0.0,False
2023-05-01 15:30:00,crop_wheat,52.59,,22.41,75.27,982.62,120,maturity,0.0,False
2023-05-01 19:00:00,crop_wheat,47.1,,17.85,48.03,1319.28,120,vegetative,0.0,False
2023-05-01 20:30:00,crop_wheat,58.75,,34.88,80.37,1294.6,120,flowering,0.0,False
2023-05-01 21:00:00,crop_wheat,8.18,,36.58,44.69,998.41,120,flowering,0.0,False
2023-05-02 15:00:00,crop_wheat,51.35,,23.23,81.68,1319.04,121,maturity,0.0,False
2023-05-02 22:00:00,crop_wheat,10.33,,30.38,78.93,298.95,121,maturity,0.0,False
2023-05-02 23:00:00,crop_wheat,60.36,,24.83,50.4,513.36,121,maturity,0.0,False
2023-05-03 02:00:00,crop_wheat,23.85,,30.26,94.21,2174.77,122,maturity,0.0,False
2023-05-03 03:00:00,crop_wheat,32.45,,21.11,61.36,1469.17,122,vegetative,0.0,False
2023-05-03 04:30:00,crop_wheat,13.11,,17.33,70.22,1840.41,122,maturity,0.0,False
2023-05-03 10:00:00,crop_wheat,61.14,,34.61,54.25,2231.45,122,flowering,0.0,False
2023-05-03 12:30:00,crop_wheat,43.82,,17.07,78.91,1743.55,122,flowering,0.0,False
2023-05-03 13:30:00,crop_wheat,36.58,,36.17,40.23,2134.91,122,maturity,0.0,False
2023-05-03 15:00:00,crop_wheat,60.57,,27.56,25.09,995.24,122,maturity,0.0,False
2023-05-03 18:00:00,crop_wheat,18.03,,33.51,63.62,122.99,122,vegetative,0.0,False
2023-05-03 18:30:00,crop_wheat,60.33,,21.32,74.26,1270.06,122,vegetative,0.0,False
2023-05-03 20:30:00,crop_wheat,14.03,,32.29,82.81,1305.64,122,vegetative,0.0,False
2023-05-03 23:30:00,crop_wheat,48.54,,13.52,94.81,703.41,122,maturity,0.0,False
2023-05-04 08:30:00,crop_wheat,47.71,,24.71,28.12,1154.73,123,vegetative,0.0,False
2023-05-04 09:30:00,crop_wheat,26.37,,26.65,87.64,629.81,123,maturity,0.0,False
2023-05-04 10:00:00,crop_wheat,60.55,,37.85,54.38,1610.41,123,maturity,0.0,False
2023-05-04 11:00:00,crop_wheat,31.09,,25.02,29.76,1639.92,123,vegetative,0.0,False
2023-05-04 11:30:00,crop_wheat,10.18,,33.01,67.38,1928.31,123,maturity,0.0,False
2023-05-04 16:30:00,crop_wheat,16.83,,38.12,51.17,2407.55,123,maturity,0.0,False
2023-05-04 20:00:00,crop_wheat,49.91,,20.4,46.59,1745.9,123,flowering,0.0,False
2023-05-04 21:00:00,crop_wheat,64.6,,16.9,50.59,2361.09,123,flowering,0.0,False
2023-05-04 22:30:00,crop_wheat,24.47,,16.0,58.45,732.55,123,vegetative,0.0,False
2023-05-04 23:00:00,crop_wheat,63.59,,41.04,41.42,563.41,123,maturity,0.0,False
2023-05-04 23:30:00,crop_wheat,64.33,,24.81,93.71,2089.35,123,maturity,0.0,False
2023-05-05 00:00:00,crop_wheat,53.31,,24.11,42.27,1628.4,124,vegetative,0.0,False
2023-05-05 14:00:00,crop_wheat,60.45,,40.09,41.18,1523.98,124,maturity,0.0,False
2023-05-05 14:30:00,crop_wheat,53.92,,20.43,89.79,2479.75,124,vegetative,0.0,False
2023-05-05 15:30:00,crop_wheat,51.85,,24.94,83.93,284.35,124,vegetative,0.0,False
2023-05-05 17:00:00,crop_wheat,55.04,,35.25,65.2,1526.55,124,flowering,0.0,False
2023-05-05 17:30:00,crop_wheat,39.2,,37.41,38.29,490.29,124,maturity,0.0,False
2023-05-05 19:00:00,crop_wheat,47.77,,35.66,76.3,1145.1,124,maturity,0.0,False
2023-05-05 21:00:00,crop_wheat,33.95,,37.33,90.72,695.12,124,flowering,0.0,False
2023-05-05 23:00:00,crop_wheat,33.88,,26.69,76.68,579.37,124,vegetative,0.0,False
2023-05-06 00:30:00,crop_wheat,35.43,,30.32,44.42,1479.09,125,maturity,0.0,False
2023-05-06 04:00:00,crop_wheat,10.46,,32.4,51.28,122.57,125,vegetative,0.0,False
2023-05-06 09:00:00,crop_wheat,15.08,,15.73,92.47,868.18,125,maturity,0.0,False
2023-05-06 14:30:00,crop_wheat,47.32,,31.13,87.73,292.63,125,flowering,0.0,False
2023-05-06 15:00:00,crop_wheat,25.61,,22.88,63.02,60.92,125,flowering,0.0,False
2023-05-06 20:00:00,crop_wheat,48.3,,30.46,83.74,1102.04,125,maturity,0.0,False
2023-05-06 20:30:00,crop_wheat,40.97,,20.94,66.88,447.39,125,maturity,0.0,False
2023-05-07 00:30:00,crop_wheat,9.33,,33.08,88.33,936.63,126,vegetative,0.0,False
2023-05-07 04:00:00,crop_wheat,62.73,,37.31,25.18,887.05,126,maturity,0.0,False
2023-05-07 10:30:00,crop_wheat,42.86,,25.51,25.71,1128.72,126,vegetative,0.0,False
2023-05-07 15:00:00,crop_wheat,11.48,,14.25,89.21,795.83,126,vegetative,0.0,False
2023-05-07 18:30:00,crop_wheat,12.13,,36.18,28.05,1582.61,126,maturity,0.0,False
2023-05-07 22:30:00,crop_wheat,34.77,,38.53,91.94,840.63,126,maturity,0.0,False
2023-05-07 23:30:00,crop_wheat,8.57,,25.83,82.35,1697.46,126,vegetative,0.0,False
2023-05-08 03:00:00,crop_wheat,31.86,,26.95,44.38,202.85,127,maturity,0.0,False
2023-05-08 06:30:00,crop_wheat,38.51,,21.57,85.4,1264.76,127,vegetative,0.0,False
2023-05-08 08:00:00,crop_wheat,44.63,,19.66,70.71,2194.46,127,vegetative,0.0,False
2023-05-08 08:30:00,crop_wheat,12.2,,14.64,38.26,1506.79,127,flowering,0.0,False
2023-05-08 10:30:00,crop_wheat,53.73,,15.02,47.34,554.13,127,maturity,0.0,False
2023-05-08 11:00:00,crop_wheat,24.06,,32.32,92.28,1316.04,127,vegetative,0.0,False
2023-05-08 15:00:00,crop_wheat,27.3,,19.31,62.99,2047.55,127,flowering,0.0,False
2023-05-08 17:00:00,crop_wheat,62.06,,38.5,33.44,239.22,127,maturity,0.0,False
2023-05-08 19:00:00,crop_wheat,48.0,,19.51,36.05,2266.11,127,vegetative,0.0,False
2023-05-08 20:30:00,crop_wheat,43.07,,41.55,75.92,899.86,127,maturity,0.0,False
2023-05-08 22:30:00,crop_wheat,12.54,,38.31,94.68,1361.56,127,maturity,0.0,False
2023-05-09 00:30:00,crop_wheat,47.15,,30.62,72.48,1644.58,128,vegetative,0.0,False
2023-05-09 08:30:00,crop_wheat,12.44,,40.57,71.96,765.07,128,flowering,0.0,False
2023-05-09 10:30:00,crop_wheat,26.51,,40.52,68.47,2499.69,128,vegetative,0.0,False
2023-05-09 11:00:00,crop_wheat,34.07,,41.52,85.63,1206.93,128,maturity,0.0,False
2023-05-09 11:30:00,crop_wheat,20.29,,15.1,87.38,1962.06,128,vegetative,0.0,False
2023-05-09 14:00:00,crop_wheat,15.06,,28.13,54.76,561.75,128,flowering,0.0,False
2023-05-09 15:30:00,crop_wheat,49.36,,39.37,61.03,148.19,128,flowering,0.0,False
2023-05-09 17:00:00,crop_wheat,31.49,,23.33,31.81,1125.46,128,vegetative,0.0,False
2023-05-09 17:30:00,crop_wheat,25.51,,26.72,84.61,278.89,128,vegetative,0.0,False
2023-05-09 18:30:00,crop_wheat,55.87,,40.43,43.65,1151.11,128,maturity,0.0,False
2023-05-09 22:30:00,crop_wheat,61.22,,14.66,36.51,2014.65,128,maturity,0.0,False
2023-05-10 02:30:00,crop_wheat,51.18,,20.16,57.02,422.65,129,vegetative,0.0,False
2023-05-10 06:00:00,crop_wheat,20.15,,28.0,74.24,84.74,129,maturity,0.0,False
2023-05-10 07:00:00,crop_wheat,47.88,,28.02,55.4,1882.78,129,maturity,0.0,False
2023-05-10 10:00:00,crop_wheat,48.24,,40.05,79.37,506.2,129,vegetative,0.0,False
2023-05-10 12:00:00,crop_wheat,46.91,,30.05,92.98,2148.64,129,flowering,0.0,False
2023-05-10 13:30:00,crop_wheat,57.69,,17.05,87.11,1013.34,129,vegetative,0.0,False
2023-05-10 17:30:00,crop_wheat,15.4,,18.98,43.18,1518.51,129,vegetative,0.0,False
2023-05-10 19:00:00,crop_wheat,32.95,,31.92,63.27,849.48,129,maturity,0.0,False
2023-05-10 19:30:00,crop_wheat,13.39,,31.16,62.22,1163.42,129,vegetative,0.0,False
2023-05-10 21:00:00,crop_wheat,49.35,,16.95,33.59,2259.28,129,maturity,0.0,False
2023-05-10 21:30:00,crop_wheat,19.53,,34.55,49.16,1654.2,129,vegetative,0.0,False
2023-05-11 00:00:00,crop_wheat,55.61,,25.93,48.59,1522.3,130,flowering,0.0,False
2023-05-11 05:00:00,crop_wheat,52.97,,36.95,88.15,1872.07,130,maturity,0.0,False
2023-05-11 10:00:00,crop_wheat,15.09,,31.07,85.45,1210.36,130,maturity,0.0,False
2023-05-11 17:00:00,crop_wheat,45.16,,19.14,86.77,52.54,130,maturity,0.0,False
2023-05-11 21:00:00,crop_wheat,42.56,,28.88,82.21,94.9,130,flowering,0.0,False
2023-05-11 21:30:00,crop_wheat,56.21,,26.16,57.37,2136.96,130,vegetative,0.0,False
2023-05-11 22:30:00,crop_wheat,59.99,,35.16,69.25,2206.85,130,maturity,0.0,False
2023-05-12 09:00:00,crop_wheat,14.85,,32.81,69.89,1593.56,131,flowering,0.0,False
2023-05-12 12:00:00,crop_wheat,64.39,,12.16,72.99,1046.81,131,vegetative,0.0,False
2023-05-12 13:00:00,crop_wheat,42.94,,24.5,44.71,2138.42,131,maturity,0.0,False
2023-05-12 19:00:00,crop_wheat,63.23,,21.35,72.75,2048.55,131,vegetative,0.0,False
2023-05-12 23:00:00,crop_wheat,36.56,,15.11,45.69,1123.24,131,maturity,0.0,False
2023-05-13 00:00:00,crop_wheat,47.11,,19.43,58.22,758.79,132,maturity,0.0,False
2023-05-13 01:30:00,crop_wheat,38.36,,12.62,29.99,741.71,132,vegetative,0.0,False
2023-05-13 02:00:00,crop_wheat,18.89,,38.87,71.36,1475.77,132,maturity,0.0,False
2023-05-13 04:00:00,crop_wheat,25.24,,19.82,57.61,1883.29,132,flowering,0.0,False
2023-05-13 11:00:00,crop_wheat,11.57,,19.46,74.16,864.74,132,flowering,0.0,False
2023-05-13 11:30:00,crop_wheat,57.87,,32.05,48.4,98.28,132,flowering,0.0,False
2023-05-13 13:00:00,crop_wheat,27.61,,15.89,37.69,2134.36,132,maturity,0.0,False
2023-05-13 14:00:00,crop_wheat,33.96,,13.98,62.07,1852.91,132,maturity,0.0,False
2023-05-13 16:00:00,crop_wheat,46.44,,39.75,38.31,1415.45,132,maturity,0.0,False
2023-05-13 16:30:00,crop_wheat,24.78,,32.08,81.59,766.38,132,maturity,0.0,False
2023-05-13 18:00:00,crop_wheat,11.89,,40.93,52.42,2097.03,132,maturity,0.0,False
2023-05-13 20:00:00,crop_wheat,20.05,,41.97,39.3,1084.38,132,maturity,0.0,False
2023-05-13 21:00:00,crop_wheat,44.84,,13.43,54.88,179.7,132,vegetative,0.0,False
2023-05-14 08:00:00,crop_wheat,38.28,,28.36,78.69,1121.69,133,flowering,0.0,False
2023-05-14 10:30:00,crop_wheat,63.44,,38.62,61.86,106.62,133,maturity,0.0,False
2023-05-14 12:30:00,crop_wheat,27.77,,25.74,47.38,1013.8,133,maturity,0.0,False
2023-05-14 14:30:00,crop_wheat,49.98,,13.05,30.24,1207.22,133,vegetative,0.0,False
2023-05-14 21:00:00,crop_wheat,25.06,,31.89,54.96,688.65,133,maturity,0.0,False
2023-05-14 22:00:00,crop_wheat,39.82,,17.01,78.6,2024.47,133,maturity,0.0,False
2023-05-15 01:30:00,crop_wheat,23.25,,12.29,94.78,1697.28,134,flowering,0.0,False
2023-05-15 11:30:00,crop_wheat,9.84,,23.22,34.91,1713.79,134,vegetative,0.0,False
2023-05-15 14:30:00,crop_wheat,45.59,,28.18,35.18,1821.6,134,maturity,0.0,False
2023-05-15 17:00:00,crop_wheat,9.04,,28.77,56.35,1464.58,134,vegetative,0.0,False
2023-05-15 21:00:00,crop_wheat,39.46,,12.37,63.81,557.35,134,vegetative,0.0,False
2023-05-15 22:00:00,crop_wheat,26.14,,25.56,42.75,708.66,134,vegetative,0.0,False
2023-05-16 07:00:00,crop_wheat,50.07,,15.79,30.81,1454.16,135,vegetative,0.0,False
2023-05-16 13:00:00,crop_wheat,58.43,,28.25,58.85,1035.1,135,maturity,0.0,False
2023-05-17 06:00:00,crop_wheat,49.39,,12.11,64.15,115.94,136,flowering,0.0,False
2023-05-17 07:00:00,crop_wheat,57.02,,40.54,65.16,2330.73,136,flowering,0.0,False
2023-05-17 08:00:00,crop_wheat,59.87,,28.36,49.47,1899.97,136,maturity,0.0,False
2023-05-17 12:30:00,crop_wheat,22.68,,25.71,38.08,1255.74,136,maturity,0.0,False
2023-05-17 14:30:00,crop_wheat,26.35,,30.63,59.16,1248.8,136,flowering,0.0,False
2023-05-17 15:30:00,crop_wheat,29.72,,36.16,36.91,545.75,136,flowering,0.0,False
2023-05-18 03:30:00,crop_wheat,40.07,,41.56,90.19,892.92,137,flowering,0.0,False
2023-05-18 04:30:00,crop_wheat,9.0,,28.27,54.24,1599.4,137,maturity,0.0,False
2023-05-18 05:30:00,crop_wheat,44.96,,32.86,59.65,1093.56,137,vegetative,0.0,False
2023-05-18 07:30:00,crop_wheat,11.22,,36.08,31.37,292.84,137,flowering,0.0,False
2023-05-18 10:00:00,crop_wheat,56.47,,23.01,50.63,1324.95,137,maturity,0.0,False
2023-05-18 12:00:00,crop_wheat,62.52,,13.99,90.17,337.43,137,vegetative,0.0,False
2023-05-18 18:00:00,crop_wheat,13.0,,27.73,43.09,1810.88,137,maturity,0.0,False
2023-05-19 07:00:00,crop_wheat,58.19,,28.63,35.89,1242.45,138,maturity,0.0,False
2023-05-19 08:30:00,crop_wheat,42.05,,37.29,47.78,101.68,138,flowering,0.0,False
2023-05-19 09:30:00,crop_wheat,36.34,,39.37,51.92,469.11,138,flowering,0.0,False
2023-05-19 11:30:00,crop_wheat,9.5,,30.84,77.68,775.21,138,flowering,0.0,False
2023-05-19 16:30:00,crop_wheat,8.57,,40.2,59.46,2018.51,138,maturity,0.0,False
2023-05-19 22:30:00,crop_wheat,28.53,,38.1,64.69,2086.72,138,maturity,0.0,False
2023-05-20 01:30:00,crop_wheat,58.78,,39.16,44.49,1396.91,139,flowering,0.0,False
2023-05-20 05:30:00,crop_wheat,8.74,,39.02,86.38,493.49,139,flowering,0.0,False
2023-05-20 06:30:00,crop_wheat,27.5,,30.21,40.37,1077.58,139,maturity,0.0,False
2023-05-20 08:00:00,crop_wheat,45.14,,29.38,90.86,224.37,139,maturity,0.0,False
2023-05-20 08:30:00,crop_wheat,24.93,,39.82,35.93,2400.57,139,maturity,0.0,False
2023-05-20 09:00:00,crop_wheat,60.99,,39.5,57.03,2487.88,139,flowering,0.0,False
2023-05-20 12:00:00,crop_wheat,37.49,,30.11,89.92,1465.07,139,vegetative,0.0,False
2023-05-20 17:00:00,crop_wheat,59.37,,34.06,48.07,1986.87,139,flowering,0.0,False
2023-05-21 02:00:00,crop_wheat,30.8,,28.19,79.83,737.43,140,maturity,0.0,False
2023-05-21 05:00:00,crop_wheat,55.8,,13.22,76.79,346.64,140,maturity,0.0,False
2023-05-21 06:30:00,crop_wheat,63.27,,12.09,34.53,2379.18,140,maturity,0.0,False
2023-05-21 07:00:00,crop_wheat,39.2,,13.32,92.82,1619.2,140,vegetative,0.0,False
2023-05-21 12:00:00,crop_wheat,24.69,,21.71,37.4,1441.68,140,maturity,0.0,False
2023-05-21 13:30:00,crop_wheat,33.14,,27.92,69.67,333.29,140,maturity,0.0,False
2023-05-21 18:00:00,crop_wheat,55.85,,35.27,60.11,1102.51,140,maturity,0.0,False
2023-05-21 20:30:00,crop_wheat,30.35,,30.28,63.74,1467.29,140,flowering,0.0,False
2023-05-21 21:00:00,crop_wheat,37.99,,38.33,74.43,1387.02,140,maturity,0.0,False
2023-05-21 23:00:00,crop_wheat,64.86,,14.76,94.48,1804.49,140,vegetative,0.0,False
2023-05-22 01:00:00,crop_wheat,28.33,,33.49,90.6,1252.14,141,maturity,0.0,False
2023-05-22 01:30:00,crop_wheat,64.18,,24.64,94.91,192.97,141,maturity,0.0,False
2023-05-22 12:00:00,crop_wheat,23.14,,32.6,76.8,2368.24,141,flowering,0.0,False
2023-05-22 13:00:00,crop_wheat,59.51,,16.43,48.6,1285.9,141,maturity,0.0,False
2023-05-22 15:30:00,crop_wheat,31.6,,37.0,82.35,1441.33,141,maturity,0.0,False
2023-05-22 16:00:00,crop_wheat,42.11,,13.72,90.58,1713.21,141,maturity,0.0,False
2023-05-23 01:30:00,crop_wheat,61.83,,24.0,75.44,2140.54,142,maturity,0.0,False
2023-05-23 04:30:00,crop_wheat,26.34,,20.07,77.96,1981.31,142,maturity,0.0,False
2023-05-23 06:00:00,crop_wheat,50.7,,33.78,61.1,702.8,142,vegetative,0.0,False
2023-05-23 07:00:00,crop_wheat,26.34,,37.5,92.25,2310.54,142,maturity,0.0,False
2023-05-23 12:00:00,crop_wheat,31.76,,13.52,85.68,682.71,142,vegetative,0.0,False
2023-05-23 13:30:00,crop_wheat,24.85,,35.66,28.22,2449.34,142,vegetative,0.0,False
2023-05-23 14:30:00,crop_wheat,56.7,,39.62,47.03,2440.23,142,vegetative,0.0,False
2023-05-23 15:30:00,crop_wheat,46.07,,19.35,64.14,1919.85,142,vegetative,0.0,False
2023-05-23 18:00:00,crop_wheat,42.94,,33.74,71.71,1651.77,142,flowering,0.0,False
2023-05-23 22:30:00,crop_wheat,42.74,,29.37,45.06,1924.42,142,vegetative,0.0,False
2023-05-23 23:30:00,crop_wheat,60.81,,22.29,63.99,560.35,142,flowering,0.0,False
2023-05-24 01:00:00,crop_wheat,37.03,,16.14,45.79,2283.92,143,maturity,0.0,False
2023-05-24 02:30:00,crop_wheat,18.39,,35.16,70.07,1705.13,143,maturity,0.0,False
2023-05-24 04:00:00,crop_wheat,34.7,,32.88,48.01,134.41,143,flowering,0.0,False
2023-05-24 09:00:00,crop_wheat,60.58,,15.15,58.42,894.52,143,maturity,0.0,False
2023-05-24 15:30:00,crop_wheat,49.89,,23.23,71.12,311.86,143,maturity,0.0,False
2023-05-24 20:30:00,crop_wheat,45.21,,23.79,68.51,1040.32,143,vegetative,0.0,False
2023-05-25 00:00:00,crop_wheat,54.62,,37.71,47.89,2241.03,144,maturity,0.0,False
2023-05-25 00:30:00,crop_wheat,11.12,,26.5,33.95,1841.71,144,maturity,0.0,False
2023-05-25 01:00:00,crop_wheat,47.85,,16.09,74.57,138.25,144,maturity,0.0,False
2023-05-25 04:00:00,crop_wheat,16.61,,38.78,64.0,163.7,144,flowering,0.0,False
2023-05-25 05:00:00,crop_wheat,34.26,,34.49,26.4,1827.0,144,flowering,0.0,False
2023-05-25 07:30:00,crop_wheat,59.46,,38.74,62.4,1936.97,144,maturity,0.0,False
2023-05-25 11:30:00,crop_wheat,19.97,,33.96,77.48,1194.47,144,maturity,0.0,False
2023-05-25 19:00:00,crop_wheat,40.0,,23.58,52.1,1541.45,144,flowering,0.0,False
2023-05-25 23:00:00,crop_wheat,47.86,,25.09,75.16,1783.31,144,flowering,0.0,False
2023-05-26 00:00:00,crop_wheat,12.29,,32.51,87.36,916.67,145,maturity,0.0,False
2023-05-26 01:30:00,crop_wheat,43.93,,23.84,88.95,489.02,145,maturity,0.0,False
2023-05-26 07:00:00,crop_wheat,44.61,,26.43,87.93,310.5,145,maturity,0.0,False
2023-05-26 07:30:00,crop_wheat,58.56,,33.6,37.33,2129.8,145,maturity,0.0,False
2023-05-26 08:30:00,crop_wheat,22.03,,34.39,62.14,2121.36,145,flowering,0.0,False
2023-05-26 10:00:00,crop_wheat,18.89,,13.68,50.35,253.9,145,maturity,0.0,False
2023-05-26 18:30:00,crop_wheat,50.29,,39.44,45.59,2072.37,145,vegetative,0.0,False
2023-05-26 19:00:00,crop_wheat,52.4,,36.39,52.15,2151.2,145,flowering,0.0,False
2023-05-26 21:30:00,crop_wheat,53.25,,19.49,71.43,1994.74,145,maturity,0.0,False
2023-05-26 23:00:00,crop_wheat,44.74,,18.8,46.19,2236.53,145,flowering,0.0,False
2023-05-27 08:30:00,crop_wheat,13.52,,40.08,26.32,2464.72,146,maturity,0.0,False
2023-05-27 13:30:00,crop_wheat,48.61,,24.67,52.09,378.58,146,maturity,0.0,False
2023-05-27 16:00:00,crop_wheat,49.34,,27.54,28.01,1392.6,146,flowering,0.0,False
2023-05-27 17:30:00,crop_wheat,32.46,,17.34,82.81,1676.13,146,maturity,0.0,False
2023-05-27 19:00:00,crop_wheat,17.27,,19.12,31.69,1848.82,146,maturity,0.0,False
2023-05-27 20:00:00,crop_wheat,58.78,,23.5,65.18,960.23,146,maturity,0.0,False
2023-05-28 03:30:00,crop_wheat,47.11,,31.33,90.8,1020.04,147,maturity,0.0,False
2023-05-28 07:00:00,crop_wheat,25.32,,30.15,45.67,1202.24,147,maturity,0.0,False
2023-05-28 08:30:00,crop_wheat,8.2,,41.55,42.1,1844.21,147,flowering,0.0,False
2023-05-28 09:00:00,crop_wheat,57.64,,34.3,89.02,1241.09,147,maturity,0.0,False
2023-05-28 11:30:00,crop_wheat,27.26,,32.06,55.85,1536.09,147,maturity,0.0,False
2023-05-28 13:00:00,crop_wheat,38.06,,18.83,29.3,2195.09,147,flowering,0.0,False
2023-05-28 16:00:00,crop_wheat,36.02,,21.64,46.31,1072.93,147,maturity,0.0,False
2023-05-28 16:30:00,crop_wheat,37.17,,22.75,56.45,2326.25,147,maturity,0.0,False
2023-05-28 19:30:00,crop_wheat,42.02,,35.74,31.92,1311.24,147,vegetative,0.0,False
2023-05-28 20:30:00,crop_wheat,42.82,,37.94,29.05,1780.83,147,maturity,0.0,False
2023-05-28 23:00:00,crop_wheat,15.35,,21.58,66.51,448.69,147,flowering,0.0,False
2023-05-29 04:30:00,crop_wheat,53.74,,15.91,47.41,2302.09,148,maturity,0.0,False
2023-05-29 06:00:00,crop_wheat,59.2,,28.56,35.94,290.32,148,maturity,0.0,False
2023-05-29 06:30:00,crop_wheat,26.09,,22.12,85.69,630.58,148,maturity,0.0,False
2023-05-29 08:00:00,crop_wheat,55.72,,37.94,46.38,1370.27,148,flowering,0.0,False
2023-05-29 09:00:00,crop_wheat,62.39,,41.48,85.16,1224.25,148,maturity,0.0,False
2023-05-29 10:00:00,crop_wheat,51.77,,38.09,45.59,808.56,148,vegetative,0.0,False
2023-05-29 13:30:00,crop_wheat,12.98,,26.17,65.75,517.84,148,flowering,0.0,False
2023-05-29 14:00:00,crop_wheat,31.77,,16.97,39.53,1869.59,148,flowering,0.0,False
2023-05-29 14:30:00,crop_wheat,29.41,,23.2,31.24,676.82,148,maturity,0.0,False
2023-05-29 15:00:00,crop_wheat,27.94,,41.65,31.65,977.55,148,maturity,0.0,False
2023-05-29 16:30:00,crop_wheat,17.86,,38.64,78.61,728.75,148,maturity,0.0,False
2023-05-29 20:30:00,crop_wheat,27.9,,12.13,32.72,1796.85,148,flowering,0.0,False
2023-05-29 23:30:00,crop_wheat,48.84,,36.83,82.16,695.54,148,vegetative,0.0,False
2023-05-30 04:30:00,crop_wheat,15.19,,35.05,74.65,767.86,149,maturity,0.0,False
2023-05-30 06:30:00,crop_wheat,61.33,,39.47,75.77,1057.63,149,maturity,0.0,False
2023-05-30 14:30:00,crop_wheat,35.28,,17.38,71.89,1944.1,149,vegetative,0.0,False
2023-05-30 15:30:00,crop_wheat,50.28,,34.01,79.14,438.92,149,maturity,0.0,False
2023-05-31 04:00:00,crop_wheat,40.95,,22.01,62.48,1504.44,150,vegetative,0.0,False
2023-05-31 08:30:00,crop_wheat,50.17,,36.95,32.51,724.98,150,vegetative,0.0,False
2023-05-31 13:00:00,crop_wheat,57.21,,34.64,87.23,811.51,150,flowering,0.0,False
2023-05-31 16:00:00,crop_wheat,18.44,,24.84,62.63,706.56,150,maturity,0.0,False
2023-05-31 18:30:00,crop_wheat,59.98,,28.73,75.12,1452.15,150,maturity,0.0,False
2023-05-31 21:00:00,crop_wheat,60.58,,13.32,61.53,207.13,150,maturity,0.0,False
2023-05-31 23:30:00,crop_wheat,54.81,,39.6,93.23,1588.79,150,flowering,0.0,False
2023-06-01 00:00:00,crop_wheat,57.11,,14.44,58.19,386.06,151,flowering,0.0,False
2023-06-01 03:00:00,crop_wheat,14.12,,34.05,75.1,1080.0,151,flowering,0.0,False
2023-06-01 08:30:00,crop_wheat,39.36,,34.23,67.09,1815.84,151,vegetative,0.0,False
2023-06-01 14:00:00,crop_wheat,24.96,,41.5,25.24,1677.22,151,maturity,0.0,False
2023-06-01 16:30:00,crop_wheat,31.7,,21.59,44.64,928.07,151,flowering,0.0,False
2023-06-01 18:00:00,crop_wheat,54.94,,35.14,27.71,1036.87,151,vegetative,0.0,False
2023-06-01 20:30:00,crop_wheat,30.07,,23.06,31.34,1798.67,151,maturity,0.0,False
2023-06-02 09:30:00,crop_wheat,21.41,,37.38,40.41,2396.08,152,vegetative,0.0,False
2023-06-02 13:00:00,crop_wheat,19.13,,37.13,89.54,2416.82,152,maturity,0.0,False
2023-06-02 13:30:00,crop_wheat,44.28,,32.31,85.52,1421.86,152,vegetative,0.0,False
2023-06-02 14:30:00,crop_wheat,40.21,,36.74,79.46,1067.03,152,maturity,0.0,False
2023-06-02 18:30:00,crop_wheat,51.92,,20.11,72.59,1532.05,152,maturity,0.0,False
2023-06-02 19:30:00,crop_wheat,62.21,,28.81,79.37,1379.24,152,maturity,0.0,False
2023-06-02 21:00:00,crop_wheat,60.13,,37.12,39.55,277.07,152,flowering,0.0,False
2023-06-02 22:30:00,crop_wheat,30.49,,26.47,43.72,486.3,152,maturity,0.0,False
2023-06-03 01:00:00,crop_wheat,16.05,,12.53,79.91,362.24,153,vegetative,0.0,False
2023-06-03 03:00:00,crop_wheat,14.08,,33.84,72.31,1419.68,153,maturity,0.0,False
2023-06-03 14:00:00,crop_wheat,35.89,,29.76,35.47,464.21,153,maturity,0.0,False
2023-06-03 14:30:00,crop_wheat,57.51,,37.62,81.14,536.55,153,maturity,0.0,False
2023-06-03 15:30:00,crop_wheat,54.5,,14.6,81.56,1086.39,153,vegetative,0.0,False
2023-06-03 22:30:00,crop_wheat,8.62,,30.94,67.11,2027.57,153,vegetative,0.0,False
2023-06-04 01:00:00,crop_wheat,36.19,,22.37,65.65,1200.45,154,flowering,0.0,False
2023-06-04 05:00:00,crop_wheat,38.67,,31.78,82.49,2.28,154,vegetative,0.0,False
2023-06-04 09:30:00,crop_wheat,12.63,,36.36,46.21,2022.6,154,maturity,0.0,False
2023-06-04 14:00:00,crop_wheat,9.35,,41.58,57.45,336.31,154,flowering,0.0,False
2023-06-04 16:00:00,crop_wheat,9.19,,16.07,84.86,54.21,154,maturity,0.0,False
2023-06-04 17:00:00,crop_wheat,42.74,,13.79,83.39,708.97,154,maturity,0.0,False
2023-06-04 21:30:00,crop_wheat,59.31,,22.13,53.36,1803.83,154,maturity,0.0,False
2023-06-04 23:30:00,crop_wheat,58.07,,38.1,66.37,2153.94,154,vegetative,0.0,False
2023-06-05 09:00:00,crop_wheat,45.24,,21.47,48.15,617.24,155,flowering,0.0,False
2023-06-05 10:00:00,crop_wheat,41.07,,40.7,88.81,1330.1,155,maturity,0.0,False
2023-06-05 10:30:00,crop_wheat,54.81,,36.11,74.48,2109.6,155,maturity,0.0,False
2023-06-05 13:30:00,crop_wheat,63.04,,30.63,84.31,2166.15,155,maturity,0.0,False
2023-06-05 17:00:00,crop_wheat,54.51,,14.34,67.37,962.41,155,flowering,0.0,False
2023-06-05 18:30:00,crop_wheat,32.55,,36.65,53.57,2052.24,155,vegetative,0.0,False
2023-06-05 21:00:00,crop_wheat,53.35,,14.68,81.09,1333.08,155,vegetative,0.0,False
2023-06-05 21:30:00,crop_wheat,10.1,,23.96,35.9,2097.37,155,vegetative,0.0,False
2023-06-05 22:00:00,crop_wheat,46.08,,14.32,27.11,2073.94,155,flowering,0.0,False
2023-06-05 23:30:00,crop_wheat,48.66,,29.61,63.55,459.53,155,maturity,0.0,False
2023-06-06 05:00:00,crop_wheat,62.28,,25.08,87.54,2328.47,156,vegetative,0.0,False
2023-06-06 05:30:00,crop_wheat,26.54,,31.53,86.82,1089.83,156,vegetative,0.0,False
2023-06-06 06:30:00,crop_wheat,14.24,,35.22,64.04,1667.75,156,maturity,0.0,False
2023-06-06 10:30:00,crop_wheat,25.37,,15.16,38.49,1437.96,156,flowering,0.0,False
2023-06-06 17:00:00,crop_wheat,23.58,,30.57,58.6,1096.71,156,flowering,0.0,False
2023-06-06 19:30:00,crop_wheat,48.81,,39.35,44.61,1029.5,156,flowering,0.0,False
2023-06-06 20:00:00,crop_wheat,45.27,,24.42,48.36,810.97,156,vegetative,0.0,False
2023-06-07 02:00:00,crop_wheat,57.6,,29.03,83.8,726.68,157,maturity,0.0,False
2023-06-07 08:00:00,crop_wheat,50.36,,32.38,89.07,2117.21,157,vegetative,0.0,False
2023-06-07 15:30:00,crop_wheat,9.54,,12.1,80.02,851.07,157,vegetative,0.0,False
2023-06-07 21:00:00,crop_wheat,35.0,,19.9,25.5,562.54,157,maturity,0.0,False
2023-06-07 21:30:00,crop_wheat,37.51,,14.76,87.1,2180.78,157,maturity,0.0,False
2023-06-07 22:00:00,crop_wheat,41.74,,28.23,84.59,2077.9,157,maturity,0.0,False
2023-06-08 04:30:00,crop_wheat,20.53,,38.65,30.4,1031.47,158,flowering,0.0,False
2023-06-08 09:30:00,crop_wheat,52.44,,29.2,80.73,1822.31,158,maturity,0.0,False
2023-06-08 15:00:00,crop_wheat,36.79,,32.91,59.79,2238.46,158,maturity,0.0,False
2023-06-08 15:30:00,crop_wheat,21.41,,21.21,71.23,365.66,158,flowering,0.0,False
2023-06-08 16:00:00,crop_wheat,57.87,,38.32,82.08,1537.86,158,flowering,0.0,False
2023-06-08 17:00:00,crop_wheat,45.99,,29.67,91.8,182.32,158,maturity,0.0,False
2023-06-08 19:00:00,crop_wheat,21.71,,19.47,53.56,171.95,158,vegetative,0.0,False
2023-06-09 02:30:00,crop_wheat,15.64,,13.58,90.32,1992.53,159,maturity,0.0,False
2023-06-09 03:00:00,crop_wheat,25.9,,39.37,43.75,1476.03,159,vegetative,0.0,False
2023-06-09 04:00:00,crop_wheat,33.93,,13.71,39.05,2471.26,159,vegetative,0.0,False
2023-06-09 07:00:00,crop_wheat,63.48,,25.6,56.68,1200.56,159,flowering,0.0,False
2023-06-09 10:00:00,crop_wheat,37.46,,22.98,91.71,2082.14,159,maturity,0.0,False
2023-06-09 12:00:00,crop_wheat,19.92,,15.16,82.6,2134.2,159,maturity,0.0,False
2023-06-09 15:00:00,crop_wheat,50.29,,26.83,26.53,2167.17,159,maturity,0.0,False
2023-06-09 16:00:00,crop_wheat,56.44,,38.76,73.85,273.22,159,maturity,0.0,False
2023-06-10 00:00:00,crop_wheat,57.82,,39.64,39.33,1008.77,160,maturity,0.0,False
2023-06-10 01:30:00,crop_wheat,22.52,,12.57,39.84,1249.61,160,flowering,0.0,False
2023-06-10 09:00:00,crop_wheat,30.6,,23.24,26.19,1928.09,160,vegetative,0.0,False
2023-06-10 10:30:00,crop_wheat,48.77,,27.24,35.36,1005.27,160,maturity,0.0,False
2023-06-10 14:30:00,crop_wheat,22.16,,15.93,78.67,2251.95,160,maturity,0.0,False
2023-06-10 18:00:00,crop_wheat,21.97,,30.24,28.74,341.76,160,vegetative,0.0,False
2023-06-10 21:00:00,crop_wheat,38.98,,40.24,58.48,2052.53,160,maturity,0.0,False
2023-06-11 04:00:00,crop_wheat,39.62,,25.96,74.38,1516.11,161,vegetative,0.0,False
2023-06-11 05:30:00,crop_wheat,57.54,,33.34,91.98,2355.75,161,maturity,0.0,False
2023-06-11 07:00:00,crop_wheat,45.85,,33.71,62.71,1277.62,161,maturity,0.0,False
2023-06-11 08:30:00,crop_wheat,31.9,,35.48,45.67,383.28,161,flowering,0.0,False
2023-06-11 12:00:00,crop_wheat,56.44,,29.26,35.23,1159.29,161,vegetative,0.0,False
2023-06-11 14:30:00,crop_wheat,64.02,,13.99,87.17,1080.2,161,vegetative,0.0,False
2023-06-11 17:30:00,crop_wheat,55.99,,37.69,29.81,375.4,161,flowering,0.0,False
2023-06-11 20:00:00,crop_wheat,39.04,,22.12,40.59,2359.26,161,maturity,0.0,False
2023-06-11 21:00:00,crop_wheat,33.72,,17.0,41.36,153.52,161,maturity,0.0,False
2023-06-11 22:30:00,crop_wheat,28.47,,17.07,64.14,76.81,161,maturity,0.0,False
2023-06-12 00:00:00,crop_wheat,36.47,,20.73,34.22,1006.36,162,vegetative,0.0,False
2023-06-12 00:30:00,crop_wheat,33.48,,25.46,59.99,755.36,162,maturity,0.0,False
2023-06-12 05:30:00,crop_wheat,62.41,,18.59,75.61,63.78,162,maturity,0.0,False
2023-06-12 06:00:00,crop_wheat,47.09,,13.85,39.92,1894.15,162,maturity,0.0,False
2023-06-12 08:30:00,crop_wheat,26.51,,16.65,70.97,1806.23,162,vegetative,0.0,False
2023-06-12 12:00:00,crop_wheat,8.56,,23.13,87.26,1540.76,162,maturity,0.0,False
2023-06-12 15:30:00,crop_wheat,24.57,,34.23,82.39,851.47,162,flowering,0.0,False
2023-06-12 21:30:00,crop_wheat,59.69,,17.48,89.09,1308.98,162,maturity,0.0,False
2023-06-12 23:00:00,crop_wheat,41.85,,38.51,45.81,395.63,162,flowering,0.0,False
2023-06-13 01:00:00,crop_wheat,43.4,,39.29,46.39,998.09,163,vegetative,0.0,False
2023-06-13 04:30:00,crop_wheat,45.49,,24.11,90.02,1281.39,163,maturity,0.0,False
2023-06-13 06:30:00,crop_wheat,18.86,,20.49,35.68,81.53,163,flowering,0.0,False
2023-06-13 07:30:00,crop_wheat,13.6,,28.62,69.11,328.74,163,maturity,0.0,False
2023-06-13 11:00:00,crop_wheat,56.42,,15.73,59.37,914.39,163,vegetative,0.0,False
2023-06-13 11:30:00,crop_wheat,19.1,,39.76,87.77,219.96,163,vegetative,0.0,False
2023-06-13 12:00:00,crop_wheat,31.56,,33.0,25.77,872.62,163,vegetative,0.0,False
2023-06-13 15:00:00,crop_wheat,28.37,,33.84,68.35,1827.45,163,maturity,0.0,False
2023-06-13 19:00:00,crop_wheat,26.6,,32.3,43.82,1491.73,163,maturity,0.0,False
2023-06-13 20:30:00,crop_wheat,39.17,,22.57,56.91,355.65,163,vegetative,0.0,False
2023-06-13 21:30:00,crop_wheat,40.8,,31.43,88.01,312.31,163,flowering,0.0,False
2023-06-14 07:00:00,crop_wheat,42.91,,28.12,68.05,874.53,164,vegetative,0.0,False
2023-06-14 08:30:00,crop_wheat,48.39,,20.51,31.84,1452.24,164,maturity,0.0,False
2023-06-14 11:00:00,crop_wheat,51.34,,39.26,59.41,2491.38,164,maturity,0.0,False
2023-06-14 11:30:00,crop_wheat,21.7,,29.8,64.29,569.56,164,vegetative,0.0,False
2023-06-14 15:30:00,crop_wheat,63.25,,32.06,93.17,1574.5,164,maturity,0.0,False
2023-06-14 16:00:00,crop_wheat,21.45,,13.2,47.44,2106.97,164,vegetative,0.0,False
2023-06-15 02:30:00,crop_wheat,32.76,,29.52,89.44,1603.08,165,vegetative,0.0,False
2023-06-15 03:00:00,crop_wheat,17.65,,28.25,56.69,2039.01,165,vegetative,0.0,False
2023-06-15 05:30:00,crop_wheat,11.79,,15.21,31.96,1297.22,165,vegetative,0.0,False
2023-06-15 07:30:00,crop_wheat,58.24,,15.24,35.22,2266.39,165,flowering,0.0,False
2023-06-15 10:30:00,crop_wheat,41.38,,16.08,79.09,2004.17,165,flowering,0.0,False
2023-06-15 11:30:00,crop_wheat,44.33,,16.38,67.51,943.12,165,flowering,0.0,False
2023-06-15 12:00:00,crop_wheat,28.94,,12.74,91.58,814.22,165,flowering,0.0,False
2023-06-15 18:30:00,crop_wheat,24.2,,27.35,93.65,811.25,165,maturity,0.0,False
2023-06-15 19:30:00,crop_wheat,25.33,,24.07,32.99,264.79,165,vegetative,0.0,False
2023-06-15 20:00:00,crop_wheat,26.28,,32.31,77.37,1614.85,165,flowering,0.0,False
2023-06-16 01:30:00,crop_wheat,56.09,,27.17,58.46,2045.9,166,flowering,0.0,False
2023-06-16 04:30:00,crop_wheat,23.74,,36.27,88.51,640.15,166,flowering,0.0,False
2023-06-16 05:30:00,crop_wheat,51.51,,26.59,27.28,647.29,166,vegetative,0.0,False
2023-06-16 07:30:00,crop_wheat,13.61,,29.94,92.52,96.65,166,vegetative,0.0,False
2023-06-16 09:00:00,crop_wheat,22.39,,30.78,64.96,899.45,166,maturity,0.0,False
2023-06-16 12:00:00,crop_wheat,8.21,,12.09,30.09,140.22,166,maturity,0.0,False
2023-06-16 12:30:00,crop_wheat,14.26,,35.01,26.5,289.0,166,vegetative,0.0,False
2023-06-16 17:00:00,crop_wheat,24.03,,32.69,74.91,924.56,166,vegetative,0.0,False
2023-06-16 21:30:00,crop_wheat,38.02,,22.75,29.47,1114.68,166,vegetative,0.0,False
2023-06-16 23:00:00,crop_wheat,17.08,,24.29,51.06,928.07,166,flowering,0.0,False
2023-06-17 00:00:00,crop_wheat,52.74,,14.75,76.52,919.62,167,flowering,0.0,False
2023-06-17 03:00:00,crop_wheat,23.79,,27.1,83.94,632.04,167,vegetative,0.0,False
2023-06-17 04:00:00,crop_wheat,29.65,,27.05,89.63,712.77,167,vegetative,0.0,False
2023-06-17 05:00:00,crop_wheat,48.68,,22.89,55.14,2427.44,167,maturity,0.0,False
2023-06-17 06:00:00,crop_wheat,8.36,,23.77,36.9,1086.58,167,flowering,0.0,False
2023-06-17 07:30:00,crop_wheat,23.5,,27.86,66.3,317.29,167,vegetative,0.0,False
2023-06-17 08:30:00,crop_wheat,31.39,,24.41,77.05,1831.58,167,maturity,0.0,False
2023-06-17 10:30:00,crop_wheat,40.73,,32.8,80.47,1167.5,167,maturity,0.0,False
2023-06-17 11:00:00,crop_wheat,13.11,,21.25,29.54,824.05,167,maturity,0.0,False
2023-06-17 12:30:00,crop_wheat,19.53,,41.5,70.31,1001.99,167,maturity,0.0,False
2023-06-17 18:00:00,crop_wheat,41.38,,31.27,57.81,1352.68,167,flowering,0.0,False
2023-06-17 21:30:00,crop_wheat,15.0,,14.59,77.81,450.41,167,maturity,0.0,False
2023-06-17 23:00:00,crop_wheat,27.06,,12.24,85.1,1797.11,167,maturity,0.0,False
2023-06-18 00:30:00,crop_wheat,16.27,,28.61,76.75,2325.71,168,maturity,0.0,False
2023-06-18 01:00:00,crop_wheat,39.14,,30.47,83.08,770.11,168,flowering,0.0,False
2023-06-18 04:30:00,crop_wheat,51.6,,36.89,92.79,266.91,168,maturity,0.0,False
2023-06-18 12:30:00,crop_wheat,37.26,,20.45,74.78,330.28,168,maturity,0.0,False
2023-06-18 13:00:00,crop_wheat,49.67,,27.86,46.06,1598.12,168,maturity,0.0,False
2023-06-18 13:30:00,crop_wheat,9.08,,17.19,43.01,1744.19,168,maturity,0.0,False
2023-06-18 14:00:00,crop_wheat,34.48,,25.19,28.52,910.58,168,maturity,0.0,False
2023-06-18 15:00:00,crop_wheat,20.79,,21.22,52.41,184.18,168,maturity,0.0,False
2023-06-18 15:30:00,crop_wheat,9.8,,20.1,29.32,1239.77,168,maturity,0.0,False
2023-06-18 18:00:00,crop_wheat,46.18,,30.88,61.07,670.21,168,maturity,0.0,False
2023-06-18 18:30:00,crop_wheat,22.5,,31.82,53.23,553.83,168,flowering,0.0,False
2023-06-18 19:00:00,crop_wheat,50.86,,34.64,91.83,2374.61,168,flowering,0.0,False
2023-06-18 22:00:00,crop_wheat,49.14,,31.73,72.95,918.37,168,maturity,0.0,False
2023-06-18 23:30:00,crop_wheat,20.36,,21.4,81.45,1656.92,168,flowering,0.0,False
2023-06-19 01:30:00,crop_wheat,12.33,,19.43,83.22,1980.69,169,flowering,0.0,False
2023-06-19 02:00:00,crop_wheat,38.6,,27.5,51.17,2410.56,169,vegetative,0.0,False
2023-06-19 03:30:00,crop_wheat,44.7,,18.68,83.58,1476.36,169,vegetative,0.0,False
2023-06-19 04:30:00,crop_wheat,28.49,,38.31,82.41,10.94,169,vegetative,0.0,False
2023-06-19 06:00:00,crop_wheat,8.68,,20.62,34.51,1846.92,169,maturity,0.0,False
2023-06-19 07:30:00,crop_wheat,26.32,,21.72,79.22,2490.2,169,maturity,0.0,False
2023-06-19 08:00:00,crop_wheat,43.81,,16.14,29.56,1198.14,169,vegetative,0.0,False
2023-06-19 08:30:00,crop_wheat,58.99,,20.46,60.93,1403.36,169,vegetative,0.0,False
2023-06-19 12:30:00,crop_wheat,55.92,,30.48,85.93,299.7,169,vegetative,0.0,False
2023-06-19 13:30:00,crop_wheat,59.26,,32.0,87.51,2212.97,169,maturity,0.0,False
2023-06-19 15:00:00,crop_wheat,36.78,,17.75,73.86,1925.08,169,flowering,0.0,False
2023-06-19 22:30:00,crop_wheat,35.41,,26.34,32.25,871.41,169,flowering,0.0,False
2023-06-20 05:00:00,crop_wheat,52.02,,36.24,85.01,1817.06,170,maturity,0.0,False
2023-06-20 07:30:00,crop_wheat,25.83,,26.66,29.4,1825.68,170,flowering,0.0,False
2023-06-20 17:00:00,crop_wheat,30.75,,29.2,65.43,1408.36,170,maturity,0.0,False
2023-06-20 21:30:00,crop_wheat,24.49,,15.28,71.23,1360.02,170,maturity,0.0,False
2023-06-20 22:00:00,crop_wheat,49.39,,22.53,61.3,2352.76,170,maturity,0.0,False
2023-06-21 01:00:00,crop_wheat,16.31,,29.97,78.18,2325.04,171,maturity,0.0,False
2023-06-21 03:00:00,crop_wheat,36.48,,33.85,86.33,829.06,171,vegetative,0.0,False
2023-06-21 05:00:00,crop_wheat,8.26,,19.15,29.48,1855.55,171,vegetative,0.0,False
2023-06-21 06:30:00,crop_wheat,27.48,,22.32,36.53,1255.45,171,vegetative,0.0,False
2023-06-21 07:00:00,crop_wheat,13.37,,26.92,85.54,2259.73,171,flowering,0.0,False
2023-06-21 07:30:00,crop_wheat,20.56,,25.41,47.1,1414.46,171,vegetative,0.0,False
2023-06-21 09:00:00,crop_wheat,32.65,,27.16,60.38,265.61,171,maturity,0.0,False
2023-06-21 14:00:00,crop_wheat,34.12,,35.3,44.98,417.36,171,maturity,0.0,False
2023-06-21 14:30:00,crop_wheat,49.11,,14.12,75.85,727.57,171,maturity,0.0,False
2023-06-21 15:00:00,crop_wheat,32.7,,28.91,32.78,309.09,171,vegetative,0.0,False
2023-06-21 16:30:00,crop_wheat,31.4,,13.87,56.77,2158.78,171,maturity,0.0,False
2023-06-21 17:30:00,crop_wheat,63.13,,13.45,59.7,383.09,171,flowering,0.0,False
2023-06-21 18:30:00,crop_wheat,59.58,,18.75,56.32,2430.16,171,flowering,0.0,False
2023-06-21 19:00:00,crop_wheat,18.19,,23.51,57.43,584.49,171,maturity,0.0,False
2023-06-22 00:00:00,crop_wheat,22.36,,25.67,49.15,191.62,172,maturity,0.0,False
2023-06-22 02:00:00,crop_wheat,63.74,,41.83,27.82,2084.75,172,flowering,0.0,False
2023-06-22 05:30:00,crop_wheat,19.2,,27.24,62.04,227.92,172,maturity,0.0,False
2023-06-22 06:30:00,crop_wheat,57.77,,13.29,60.86,1840.65,172,maturity,0.0,False
2023-06-22 09:30:00,crop_wheat,12.14,,24.2,80.16,1758.18,172,vegetative,0.0,False
2023-06-22 11:00:00,crop_wheat,41.73,,39.96,77.24,1844.71,172,vegetative,0.0,False
2023-06-22 14:00:00,crop_wheat,59.39,,25.73,75.49,15.7,172,vegetative,0.0,False
2023-06-22 16:30:00,crop_wheat,31.86,,32.55,88.02,1400.23,172,maturity,0.0,False
2023-06-22 17:00:00,crop_wheat,57.21,,26.88,50.23,1.64,172,flowering,0.0,False
2023-06-22 20:30:00,crop_wheat,8.17,,15.91,65.57,872.65,172,flowering,0.0,False
2023-06-22 22:30:00,crop_wheat,23.94,,23.74,75.3,1111.88,172,maturity,0.0,False
2023-06-23 01:30:00,crop_wheat,16.73,,25.99,80.59,2250.47,173,maturity,0.0,False
2023-06-23 08:00:00,crop_wheat,43.39,,16.84,83.5,1612.39,173,vegetative,0.0,False
2023-06-23 12:00:00,crop_wheat,43.97,,13.0,91.68,2126.11,173,vegetative,0.0,False
2023-06-23 12:30:00,crop_wheat,31.84,,39.07,45.84,1179.16,173,maturity,0.0,False
2023-06-24 03:30:00,crop_wheat,64.82,,20.62,27.5,988.05,174,maturity,0.0,False
2023-06-24 05:00:00,crop_wheat,20.92,,13.96,36.59,1102.65,174,flowering,0.0,False
2023-06-24 07:00:00,crop_wheat,21.5,,19.96,53.98,1629.18,174,maturity,0.0,False
2023-06-24 09:30:00,crop_wheat,64.64,,30.23,78.57,2287.7,174,maturity,0.0,False
2023-06-24 10:30:00,crop_wheat,48.51,,23.69,94.59,251.01,174,maturity,0.0,False
2023-06-25 01:00:00,crop_wheat,38.31,,14.88,72.75,353.03,175,flowering,0.0,False
2023-06-25 02:30:00,crop_wheat,21.15,,32.08,26.24,2147.87,175,flowering,0.0,False
2023-06-25 03:30:00,crop_wheat,53.45,,33.56,44.17,460.37,175,flowering,0.0,False
2023-06-25 04:00:00,crop_wheat,26.2,,23.02,72.88,1960.9,175,maturity,0.0,False
2023-06-25 06:30:00,crop_wheat,59.94,,24.04,43.86,387.89,175,flowering,0.0,False
2023-06-25 08:00:00,crop_wheat,56.68,,29.7,66.94,249.37,175,flowering,0.0,False
2023-06-25 11:30:00,crop_wheat,53.07,,27.71,66.43,219.32,175,maturity,0.0,False
2023-06-25 12:00:00,crop_wheat,53.88,,41.61,47.77,1705.93,175,maturity,0.0,False
2023-06-25 16:00:00,crop_wheat,51.24,,40.77,28.89,1883.85,175,flowering,0.0,False
2023-06-25 17:30:00,crop_wheat,46.43,,29.83,57.79,161.09,175,maturity,0.0,False
2023-06-25 18:30:00,crop_wheat,26.57,,29.38,57.77,1265.34,175,flowering,0.0,False
2023-06-25 19:00:00,crop_wheat,11.68,,21.07,51.29,880.76,175,maturity,0.0,False
2023-06-25 23:30:00,crop_wheat,31.16,,21.46,81.79,1883.88,175,maturity,0.0,False
2023-06-26 00:00:00,crop_wheat,54.63,,28.44,33.95,110.27,176,maturity,0.0,False
2023-06-26 02:00:00,crop_wheat,8.22,,22.84,61.44,1353.88,176,vegetative,0.0,False
2023-06-26 02:30:00,crop_wheat,63.68,,41.49,81.7,1328.04,176,maturity,0.0,False
2023-06-26 05:00:00,crop_wheat,21.99,,18.58,61.65,1083.37,176,flowering,0.0,False
2023-06-26 08:00:00,crop_wheat,19.44,,32.5,74.91,740.72,176,maturity,0.0,False
2023-06-26 12:00:00,crop_wheat,58.02,,24.62,71.87,631.9,176,maturity,0.0,False
2023-06-26 18:00:00,crop_wheat,24.33,,16.54,72.18,572.47,176,maturity,0.0,False
2023-06-26 23:30:00,crop_wheat,20.29,,35.31,60.09,1052.17,176,maturity,0.0,False
2023-06-27 01:00:00,crop_wheat,54.56,,14.03,85.06,1639.37,177,vegetative,0.0,False
2023-06-27 02:30:00,crop_wheat,61.02,,31.55,36.47,2202.53,177,vegetative,0.0,False
2023-06-27 05:00:00,crop_wheat,63.54,,26.9,70.87,1809.33,177,vegetative,0.0,False
2023-06-27 06:30:00,crop_wheat,28.92,,32.77,31.95,27.73,177,maturity,0.0,False
2023-06-27 10:30:00,crop_wheat,21.68,,12.36,76.53,1561.57,177,maturity,0.0,False
2023-06-27 13:00:00,crop_wheat,60.85,,32.73,69.36,2489.45,177,maturity,0.0,False
2023-06-27 13:30:00,crop_wheat,13.27,,31.44,26.55,425.23,177,flowering,0.0,False
2023-06-27 16:00:00,crop_wheat,26.61,,21.17,47.49,910.7,177,flowering,0.0,False
2023-06-27 18:00:00,crop_wheat,21.23,,18.04,81.68,279.89,177,maturity,0.0,False
2023-06-28 00:00:00,crop_wheat,58.93,,37.32,73.9,312.56,178,flowering,0.0,False
2023-06-28 11:30:00,crop_wheat,30.25,,16.02,93.31,1675.21,178,flowering,0.0,False
2023-06-28 16:00:00,crop_wheat,22.46,,36.52,92.83,74.08,178,maturity,0.0,False
2023-06-28 18:00:00,crop_wheat,13.47,,40.04,79.07,1603.6,178,maturity,0.0,False
2023-06-28 19:30:00,crop_wheat,32.95,,22.97,51.78,2248.68,178,vegetative,0.0,False
2023-06-28 21:30:00,crop_wheat,61.06,,16.07,33.64,1058.71,178,maturity,0.0,False
2023-06-29 02:00:00,crop_wheat,8.33,,21.67,79.93,403.75,179,flowering,0.0,False
2023-06-29 02:30:00,crop_wheat,13.45,,16.24,73.53,400.67,179,maturity,0.0,False
2023-06-29 10:30:00,crop_wheat,14.29,,22.98,81.83,754.08,179,maturity,0.0,False
2023-06-29 11:30:00,crop_wheat,60.17,,40.05,44.26,2397.63,179,maturity,0.0,False
2023-06-29 13:00:00,crop_wheat,34.28,,12.29,42.92,2211.0,179,vegetative,0.0,False
2023-06-29 20:30:00,crop_wheat,39.06,,38.34,29.88,1575.85,179,maturity,0.0,False
2023-06-30 01:30:00,crop_wheat,33.37,,30.52,51.36,292.79,180,vegetative,0.0,False
2023-06-30 05:30:00,crop_wheat,18.33,,15.4,27.53,236.13,180,maturity,0.0,False
2023-06-30 09:00:00,crop_wheat,53.15,,41.31,40.0,2472.19,180,maturity,0.0,False
2023-06-30 09:30:00,crop_wheat,38.1,,30.96,53.4,2129.5,180,maturity,0.0,False
2023-06-30 12:30:00,crop_wheat,56.82,,14.07,38.59,360.84,180,maturity,0.0,False
2023-06-30 17:30:00,crop_wheat,32.35,,12.43,71.55,1263.22,180,vegetative,0.0,False
2023-06-30 19:30:00,crop_wheat,10.42,,26.56,47.18,704.78,180,maturity,0.0,False
2023-06-30 20:00:00,crop_wheat,63.74,,39.74,79.11,1261.12,180,maturity,0.0,False
2023-06-30 21:00:00,crop_wheat,42.08,,35.47,51.34,279.53,180,vegetative,0.0,False
2023-06-30 21:30:00,crop_wheat,26.9,,29.41,87.7,2007.72,180,vegetative,0.0,False
2023-07-01 04:00:00,crop_wheat,52.28,,37.03,78.77,1043.6,181,maturity,0.0,False
2023-07-01 07:30:00,crop_wheat,24.02,,40.39,62.13,313.64,181,vegetative,0.0,False
2023-07-01 09:30:00,crop_wheat,63.55,,17.38,49.18,2321.29,181,flowering,0.0,False
2023-07-01 11:00:00,crop_wheat,33.32,,20.84,72.61,485.65,181,maturity,0.0,False
2023-07-01 11:30:00,crop_wheat,64.64,,34.77,52.38,523.15,181,maturity,0.0,False
2023-07-01 16:00:00,crop_wheat,44.73,,12.36,31.72,645.12,181,flowering,0.0,False
2023-07-01 17:30:00,crop_wheat,58.62,,28.99,75.62,159.97,181,vegetative,0.0,False
2023-07-01 19:00:00,crop_wheat,30.66,,17.94,89.37,566.31,181,flowering,0.0,False
2023-07-01 22:30:00,crop_wheat,52.63,,20.22,36.46,1771.22,181,maturity,0.0,False
2023-07-02 00:00:00,crop_wheat,62.36,,17.72,61.3,1632.67,182,maturity,0.0,False
2023-07-02 00:30:00,crop_wheat,53.35,,36.18,52.01,1298.6,182,maturity,0.0,False
2023-07-02 04:00:00,crop_wheat,16.26,,19.07,43.64,1667.66,182,flowering,0.0,False
2023-07-02 05:00:00,crop_wheat,11.6,,25.27,79.29,2030.66,182,vegetative,0.0,False
2023-07-02 09:30:00,crop_wheat,16.05,,32.45,26.26,1120.75,182,maturity,0.0,False
2023-07-02 20:30:00,crop_wheat,27.8,,29.04,60.82,1658.26,182,maturity,0.0,False
2023-07-03 01:30:00,crop_wheat,33.79,,26.28,85.54,1129.33,183,maturity,0.0,False
2023-07-03 02:00:00,crop_wheat,16.98,,35.45,47.39,2203.51,183,flowering,0.0,False
2023-07-03 08:00:00,crop_wheat,25.56,,19.54,53.7,2319.37,183,flowering,0.0,False
2023-07-03 08:30:00,crop_wheat,30.01,,15.2,75.35,1929.78,183,vegetative,0.0,False
2023-07-03 11:30:00,crop_wheat,16.31,,16.52,77.09,1114.57,183,maturity,0.0,False
2023-07-03 14:30:00,crop_wheat,51.01,,13.07,37.79,532.56,183,flowering,0.0,False
2023-07-03 18:30:00,crop_wheat,50.57,,14.48,64.8,299.88,183,maturity,0.0,False
2023-07-03 23:00:00,crop_wheat,32.57,,13.34,79.48,2224.5,183,flowering,0.0,False
2023-07-04 00:30:00,crop_wheat,10.65,,28.88,71.47,2301.25,184,flowering,0.0,False
2023-07-04 07:00:00,crop_wheat,25.39,,23.3,47.01,2070.08,184,maturity,0.0,False
2023-07-04 08:30:00,crop_wheat,26.79,,20.79,77.93,338.14,184,flowering,0.0,False
2023-07-04 09:00:00,crop_wheat,41.78,,21.8,54.96,1699.15,184,maturity,0.0,False
2023-07-04 10:30:00,crop_wheat,64.93,,27.32,78.4,792.21,184,maturity,0.0,False
2023-07-04 11:30:00,crop_wheat,62.01,,36.4,82.94,1274.86,184,maturity,0.0,False
2023-07-04 14:30:00,crop_wheat,49.31,,29.2,43.44,1408.85,184,flowering,0.0,False
2023-07-04 15:30:00,crop_wheat,18.15,,25.46,91.52,99.4,184,vegetative,0.0,False
2023-07-04 21:00:00,crop_wheat,49.3,,23.85,50.14,1703.37,184,vegetative,0.0,False
2023-07-04 23:00:00,crop_wheat,46.96,,18.8,59.85,2325.56,184,vegetative,0.0,False
2023-07-05 02:00:00,crop_wheat,17.25,,13.1,61.32,1328.35,185,maturity,0.0,False
2023-07-05 05:00:00,crop_wheat,54.48,,37.23,64.87,1868.2,185,flowering,0.0,False
2023-07-05 05:30:00,crop_wheat,32.55,,39.22,39.92,2072.12,185,maturity,0.0,False
2023-07-05 07:30:00,crop_wheat,30.12,,20.87,58.65,1558.01,185,vegetative,0.0,False
2023-07-05 10:30:00,crop_wheat,61.1,,35.76,68.25,455.0,185,maturity,0.0,False
2023-07-05 12:30:00,crop_wheat,15.79,,39.45,84.81,1341.94,185,flowering,0.0,False
2023-07-05 15:30:00,crop_wheat,58.06,,39.77,38.59,362.15,185,maturity,0.0,False
2023-07-05 16:00:00,crop_wheat,14.75,,27.26,49.99,2316.68,185,vegetative,0.0,False
2023-07-05 18:30:00,crop_wheat,39.54,,28.15,81.69,2281.68,185,vegetative,0.0,False
2023-07-05 20:00:00,crop_wheat,49.78,,14.36,90.32,2323.14,185,maturity,0.0,False
2023-07-06 02:00:00,crop_wheat,10.6,,19.54,77.49,1612.14,186,maturity,0.0,False
2023-07-06 02:30:00,crop_wheat,52.54,,21.99,37.04,295.07,186,flowering,0.0,False
2023-07-06 06:00:00,crop_wheat,53.47,,16.0,88.76,956.77,186,vegetative,0.0,False
2023-07-06 10:30:00,crop_wheat,59.73,,25.56,35.46,540.18,186,maturity,0.0,False
2023-07-06 12:30:00,crop_wheat,25.56,,29.73,26.19,401.01,186,vegetative,0.0,False
2023-07-06 13:00:00,crop_wheat,36.9,,37.27,43.16,211.32,186,flowering,0.0,False
2023-07-06 14:00:00,crop_wheat,42.79,,12.37,56.29,1647.77,186,flowering,0.0,False
2023-07-06 17:30:00,crop_wheat,19.98,,28.59,54.34,898.55,186,maturity,0.0,False
2023-07-06 21:00:00,crop_wheat,64.41,,35.15,71.79,1003.03,186,maturity,0.0,False
2023-07-06 23:30:00,crop_wheat,54.76,,20.07,26.09,2173.52,186,maturity,0.0,False
2023-07-07 01:30:00,crop_wheat,56.13,,30.52,47.54,570.49,187,flowering,0.0,False
2023-07-07 10:00:00,crop_wheat,32.42,,25.91,72.28,2085.18,187,maturity,0.0,False
2023-07-07 17:30:00,crop_wheat,54.65,,39.67,43.12,769.02,187,maturity,0.0,False
2023-07-07 18:00:00,crop_wheat,8.97,,29.49,29.33,1065.68,187,vegetative,0.0,False
2023-07-07 18:30:00,crop_wheat,41.18,,12.3,86.71,2474.07,187,maturity,0.0,False
2023-07-07 20:30:00,crop_wheat,52.02,,15.47,25.5,1166.62,187,maturity,0.0,False
2023-07-07 21:00:00,crop_wheat,22.54,,39.25,77.77,209.43,187,maturity,0.0,False
2023-07-07 23:30:00,crop_wheat,43.25,,22.11,73.74,2180.55,187,maturity,0.0,False
2023-07-08 00:00:00,crop_wheat,31.14,,16.6,45.69,111.08,188,maturity,0.0,False
2023-07-08 02:00:00,crop_wheat,19.84,,21.92,38.27,2153.71,188,maturity,0.0,False
2023-07-08 05:30:00,crop_wheat,45.33,,20.07,28.81,418.84,188,flowering,0.0,False
2023-07-08 06:30:00,crop_wheat,11.31,,32.78,33.34,1404.93,188,maturity,0.0,False
2023-07-08 07:00:00,crop_wheat,35.66,,27.24,74.14,147.09,188,vegetative,0.0,False
2023-07-08 10:30:00,crop_wheat,29.99,,19.43,56.99,1114.57,188,vegetative,0.0,False
2023-07-08 12:30:00,crop_wheat,23.44,,40.88,77.41,2175.28,188,flowering,0.0,False
2023-07-08 16:00:00,crop_wheat,38.94,,39.43,77.94,956.3,188,vegetative,0.0,False
2023-07-08 16:30:00,crop_wheat,11.62,,31.92,68.97,1739.31,188,maturity,0.0,False
2023-07-08 19:30:00,crop_wheat,49.74,,12.96,35.93,612.63,188,maturity,0.0,False
2023-07-09 00:00:00,crop_wheat,35.22,,30.53,72.2,89.31,189,maturity,0.0,False
2023-07-09 01:30:00,crop_wheat,12.49,,30.59,29.62,750.88,189,vegetative,0.0,False
2023-07-09 02:00:00,crop_wheat,18.0,,28.91,45.51,379.75,189,maturity,0.0,False
2023-07-09 17:30:00,crop_wheat,39.47,,36.79,48.94,886.42,189,maturity,0.0,False
2023-07-09 19:30:00,crop_wheat,22.19,,25.21,51.25,800.33,189,vegetative,0.0,False
2023-07-09 22:00:00,crop_wheat,20.02,,21.44,66.75,1643.09,189,vegetative,0.0,False
2023-07-09 23:30:00,crop_wheat,42.7,,25.48,40.2,766.71,189,maturity,0.0,False
2023-07-10 03:30:00,crop_wheat,9.06,,38.5,45.09,1638.44,190,vegetative,0.0,False
2023-07-10 05:00:00,crop_wheat,27.94,,23.6,58.2,2133.02,190,maturity,0.0,False
2023-07-10 06:00:00,crop_wheat,13.48,,20.57,76.84,187.59,190,maturity,0.0,False
2023-07-10 07:30:00,crop_wheat,23.59,,35.72,43.66,1168.11,190,vegetative,0.0,False
2023-07-10 08:00:00,crop_wheat,40.54,,33.54,60.92,2488.84,190,vegetative,0.0,False
2023-07-10 08:30:00,crop_wheat,41.79,,18.42,25.94,2392.69,190,vegetative,0.0,False
2023-07-10 12:00:00,crop_wheat,17.22,,33.46,28.88,2089.15,190,flowering,0.0,False
2023-07-10 13:00:00,crop_wheat,48.63,,26.33,79.88,1753.12,190,maturity,0.0,False
2023-07-10 15:00:00,crop_wheat,41.36,,34.62,94.34,1363.17,190,maturity,0.0,False
2023-07-10 19:00:00,crop_wheat,61.31,,19.79,72.21,1671.13,190,maturity,0.0,False
2023-07-10 22:30:00,crop_wheat,12.95,,28.86,36.38,1584.49,190,vegetative,0.0,False
2023-07-11 00:30:00,crop_wheat,42.68,,13.41,64.4,716.72,191,vegetative,0.0,False
2023-07-11 04:00:00,crop_wheat,41.97,,19.4,88.37,72.09,191,flowering,0.0,False
2023-07-11 04:30:00,crop_wheat,56.86,,12.14,94.82,1658.06,191,maturity,0.0,False
2023-07-11 05:00:00,crop_wheat,57.18,,22.53,80.84,861.78,191,maturity,0.0,False
2023-07-11 06:30:00,crop_wheat,44.46,,31.3,50.49,490.07,191,maturity,0.0,False
2023-07-11 09:00:00,crop_wheat,10.77,,17.75,27.95,1383.31,191,flowering,0.0,False
2023-07-11 11:30:00,crop_wheat,48.33,,18.58,85.33,916.38,191,maturity,0.0,False
2023-07-11 17:00:00,crop_wheat,63.95,,27.72,93.12,896.61,191,vegetative,0.0,False
2023-07-11 22:00:00,crop_wheat,49.33,,24.14,28.57,579.96,191,vegetative,0.0,False
2023-07-12 00:30:00,crop_wheat,17.63,,32.74,37.9,1754.45,192,maturity,0.0,False
2023-07-12 04:00:00,crop_wheat,35.87,,14.37,82.96,723.78,192,maturity,0.0,False
2023-07-12 05:00:00,crop_wheat,46.12,,24.08,71.88,52.7,192,maturity,0.0,False
2023-07-12 07:00:00,crop_wheat,19.39,,37.3,36.16,2338.83,192,vegetative,0.0,False
2023-07-12 11:00:00,crop_wheat,62.24,,36.14,31.69,1196.31,192,maturity,0.0,False
2023-07-12 15:00:00,crop_wheat,38.1,,23.91,46.65,670.7,192,flowering,0.0,False
2023-07-12 20:00:00,crop_wheat,45.31,,31.58,31.67,66.5,192,maturity,0.0,False
2023-07-13 00:30:00,crop_wheat,34.08,,12.08,94.89,794.53,193,maturity,0.0,False
2023-07-13 02:00:00,crop_wheat,17.15,,29.12,77.03,288.59,193,maturity,0.0,False
2023-07-13 03:00:00,crop_wheat,48.82,,31.61,54.05,27.66,193,vegetative,0.0,False
2023-07-13 19:30:00,crop_wheat,8.06,,19.87,76.72,818.38,193,flowering,0.0,False
2023-07-13 20:30:00,crop_wheat,20.23,,34.63,89.54,488.41,193,maturity,0.0,False
2023-07-13 22:00:00,crop_wheat,50.57,,41.31,91.17,423.94,193,maturity,0.0,False
2023-07-13 23:00:00,crop_wheat,46.2,,16.9,93.0,1270.46,193,flowering,0.0,False
2023-07-14 00:30:00,crop_wheat,24.54,,33.95,32.7,2252.64,194,vegetative,0.0,False
2023-07-14 02:00:00,crop_wheat,44.83,,24.65,29.81,408.55,194,vegetative,0.0,False
2023-07-14 03:00:00,crop_wheat,13.28,,21.14,64.02,71.1,194,flowering,0.0,False
2023-07-14 04:00:00,crop_wheat,39.14,,17.78,92.27,1053.15,194,flowering,0.0,False
2023-07-14 05:00:00,crop_wheat,16.69,,22.77,81.23,1102.33,194,flowering,0.0,False
2023-07-14 08:00:00,crop_wheat,46.21,,15.47,45.88,570.16,194,vegetative,0.0,False
2023-07-14 08:30:00,crop_wheat,21.74,,19.58,40.37,2264.13,194,flowering,0.0,False
2023-07-14 09:00:00,crop_wheat,25.97,,12.74,70.02,1352.03,194,maturity,0.0,False
2023-07-14 09:30:00,crop_wheat,19.16,,22.52,33.63,204.66,194,vegetative,0.0,False
2023-07-14 10:30:00,crop_wheat,44.97,,38.76,79.11,1907.26,194,vegetative,0.0,False
2023-07-14 11:30:00,crop_wheat,46.07,,21.01,70.56,599.66,194,maturity,0.0,False
2023-07-14 15:30:00,crop_wheat,33.09,,13.3,43.31,1018.67,194,maturity,0.0,False
2023-07-15 01:00:00,crop_wheat,55.41,,37.25,63.37,422.21,195,flowering,0.0,False
2023-07-15 02:30:00,crop_wheat,10.29,,12.05,56.25,1107.13,195,maturity,0.0,False
2023-07-15 03:00:00,crop_wheat,11.93,,40.2,44.97,1806.31,195,maturity,0.0,False
2023-07-15 03:30:00,crop_wheat,48.67,,40.45,51.87,1898.31,195,maturity,0.0,False
2023-07-15 10:30:00,crop_wheat,56.92,,38.34,56.92,1163.18,195,maturity,0.0,False
2023-07-15 13:00:00,crop_wheat,44.63,,41.23,56.39,2023.26,195,maturity,0.0,False
2023-07-15 13:30:00,crop_wheat,61.49,,22.37,59.95,2269.7,195,maturity,0.0,False
2023-07-15 20:30:00,crop_wheat,12.08,,41.12,68.48,1649.04,195,flowering,0.0,False
2023-07-16 00:00:00,crop_wheat,31.38,,14.82,44.66,457.31,196,maturity,0.0,False
2023-07-16 02:30:00,crop_wheat,38.44,,16.58,72.79,634.85,196,flowering,0.0,False
2023-07-16 03:30:00,crop_wheat,23.73,,24.77,39.85,446.04,196,maturity,0.0,False
2023-07-16 05:00:00,crop_wheat,61.76,,12.3,91.95,2445.49,196,vegetative,0.0,False
2023-07-16 07:00:00,crop_wheat,49.66,,26.5,26.89,1542.95,196,flowering,0.0,False
2023-07-16 11:00:00,crop_wheat,43.06,,26.96,48.68,231.75,196,vegetative,0.0,False
2023-07-16 13:30:00,crop_wheat,13.49,,23.2,61.69,2448.8,196,flowering,0.0,False
2023-07-16 23:00:00,crop_wheat,39.65,,25.48,80.53,260.72,196,flowering,0.0,False
2023-07-17 02:00:00,crop_wheat,48.61,,14.93,64.41,250.68,197,flowering,0.0,False
2023-07-17 09:00:00,crop_wheat,59.54,,35.58,68.24,2051.37,197,maturity,0.0,False
2023-07-17 19:30:00,crop_wheat,51.75,,37.53,26.68,1666.05,197,flowering,0.0,False
2023-07-18 02:00:00,crop_wheat,57.37,,12.2,83.73,1573.0,198,flowering,0.0,False
2023-07-18 07:00:00,crop_wheat,55.87,,39.41,78.68,2151.72,198,maturity,0.0,False
2023-07-18 09:30:00,crop_wheat,60.61,,35.5,61.62,559.95,198,maturity,0.0,False
2023-07-18 12:30:00,crop_wheat,63.04,,36.55,83.27,1716.75,198,maturity,0.0,False
2023-07-18 14:00:00,crop_wheat,34.51,,37.66,41.0,981.27,198,maturity,0.0,False
2023-07-18 14:30:00,crop_wheat,45.67,,32.49,69.25,1415.61,198,maturity,0.0,False
2023-07-18 17:00:00,crop_wheat,17.78,,18.58,60.4,175.28,198,flowering,0.0,False
2023-07-18 20:00:00,crop_wheat,24.72,,36.86,43.89,560.83,198,maturity,0.0,False
2023-07-18 23:30:00,crop_wheat,51.91,,34.02,82.87,1707.62,198,maturity,0.0,False
2023-07-19 01:30:00,crop_wheat,10.39,,39.4,27.74,2460.68,199,maturity,0.0,False
2023-07-19 05:00:00,crop_wheat,25.6,,25.88,90.23,89.0,199,flowering,0.0,False
2023-07-19 08:00:00,crop_wheat,64.04,,32.22,45.71,794.38,199,maturity,0.0,False
2023-07-19 10:00:00,crop_wheat,30.67,,26.96,78.53,1771.13,199,maturity,0.0,False
2023-07-19 10:30:00,crop_wheat,33.14,,22.87,59.06,1789.71,199,maturity,0.0,False
2023-07-19 12:00:00,crop_wheat,26.83,,15.85,84.03,1041.3,199,maturity,0.0,False
2023-07-19 13:00:00,crop_wheat,13.33,,36.98,26.57,771.45,199,vegetative,0.0,False
2023-07-19 13:30:00,crop_wheat,10.39,,25.79,32.37,2421.27,199,maturity,0.0,False
2023-07-19 15:30:00,crop_wheat,59.12,,19.2,50.67,1111.32,199,vegetative,0.0,False
2023-07-20 05:00:00,crop_wheat,45.02,,38.95,52.3,654.77,200,flowering,0.0,False
2023-07-20 05:30:00,crop_wheat,23.82,,25.04,65.47,1218.46,200,vegetative,0.0,False
2023-07-20 12:00:00,crop_wheat,16.8,,31.51,75.29,1201.59,200,maturity,0.0,False
2023-07-20 13:00:00,crop_wheat,35.49,,21.45,74.75,229.61,200,vegetative,0.0,False
2023-07-20 14:00:00,crop_wheat,61.43,,37.86,73.06,1301.82,200,flowering,0.0,False
2023-07-20 21:30:00,crop_wheat,41.91,,30.43,56.51,709.38,200,maturity,0.0,False
2023-07-20 22:30:00,crop_wheat,56.11,,32.56,92.93,1307.04,200,maturity,0.0,False
2023-07-21 00:00:00,crop_wheat,43.6,,17.49,61.52,2233.57,201,flowering,0.0,False
2023-07-21 02:00:00,crop_wheat,17.86,,13.78,87.88,2041.72,201,vegetative,0.0,False
2023-07-21 03:30:00,crop_wheat,18.03,,24.11,92.29,2058.99,201,vegetative,0.0,False
2023-07-21 06:30:00,crop_wheat,63.81,,13.29,70.06,2424.26,201,maturity,0.0,False
2023-07-21 08:30:00,crop_wheat,32.84,,36.36,28.2,2339.4,201,maturity,0.0,False
2023-07-21 11:30:00,crop_wheat,33.07,,33.85,85.13,119.58,201,maturity,0.0,False
2023-07-21 12:30:00,crop_wheat,42.6,,38.2,27.98,2020.54,201,maturity,0.0,False
2023-07-21 19:00:00,crop_wheat,33.78,,33.42,55.68,982.64,201,vegetative,0.0,False
2023-07-21 22:30:00,crop_wheat,14.21,,37.39,35.11,1299.62,201,vegetative,0.0,False
2023-07-22 02:00:00,crop_wheat,52.66,,26.4,82.75,1607.3,202,flowering,0.0,False
2023-07-22 04:00:00,crop_wheat,45.74,,27.28,31.5,862.86,202,flowering,0.0,False
2023-07-22 09:00:00,crop_wheat,29.91,,35.05,80.89,1657.76,202,maturity,0.0,False
2023-07-22 10:00:00,crop_wheat,29.82,,28.54,65.01,1085.05,202,maturity,0.0,False
2023-07-22 11:00:00,crop_wheat,38.94,,40.68,67.51,404.51,202,maturity,0.0,False
2023-07-22 12:00:00,crop_wheat,34.78,,23.23,42.56,1769.17,202,maturity,0.0,False
2023-07-22 14:30:00,crop_wheat,10.35,,21.91,31.8,560.29,202,maturity,0.0,False
2023-07-22 18:00:00,crop_wheat,36.45,,30.03,31.59,1125.88,202,flowering,0.0,False
2023-07-22 19:30:00,crop_wheat,14.49,,17.96,69.11,1417.28,202,maturity,0.0,False
2023-07-22 20:30:00,crop_wheat,37.7,,15.74,55.84,1746.61,202,vegetative,0.0,False
2023-07-22 23:00:00,crop_wheat,15.31,,32.1,64.93,2381.94,202,maturity,0.0,False
2023-07-23 03:30:00,crop_wheat,25.33,,19.66,29.75,999.62,203,vegetative,0.0,False
2023-07-23 06:30:00,crop_wheat,17.03,,25.77,66.39,2306.13,203,vegetative,0.0,False
2023-07-23 08:30:00,crop_wheat,27.62,,32.57,84.01,197.32,203,maturity,0.0,False
2023-07-23 09:00:00,crop_wheat,23.99,,22.38,84.44,1192.06,203,maturity,0.0,False
2023-07-23 10:00:00,crop_wheat,48.7,,23.69,34.16,563.99,203,vegetative,0.0,False
2023-07-23 12:30:00,crop_wheat,63.89,,36.87,43.41,2215.04,203,vegetative,0.0,False
2023-07-23 18:30:00,crop_wheat,42.01,,12.88,61.23,117.43,203,maturity,0.0,False
2023-07-23 21:00:00,crop_wheat,33.43,,36.86,27.94,1321.91,203,maturity,0.0,False
2023-07-24 00:30:00,crop_wheat,34.81,,40.18,66.56,1463.8,204,flowering,0.0,False
2023-07-24 01:00:00,crop_wheat,48.39,,25.85,52.66,501.1,204,maturity,0.0,False
2023-07-24 01:30:00,crop_wheat,31.72,,39.78,47.78,2195.57,204,maturity,0.0,False
2023-07-24 04:00:00,crop_wheat,36.95,,12.04,91.5,2423.53,204,maturity,0.0,False
2023-07-24 09:00:00,crop_wheat,11.19,,32.25,53.35,294.58,204,maturity,0.0,False
2023-07-24 13:30:00,crop_wheat,31.27,,34.97,39.15,448.74,204,vegetative,0.0,False
2023-07-24 16:00:00,crop_wheat,45.67,,23.14,60.78,799.92,204,vegetative,0.0,False
2023-07-24 19:00:00,crop_wheat,9.38,,26.92,53.14,1653.95,204,maturity,0.0,False
2023-07-24 19:30:00,crop_wheat,38.85,,17.41,82.41,1906.66,204,maturity,0.0,False
2023-07-24 22:00:00,crop_wheat,45.49,,36.12,53.12,1439.05,204,vegetative,0.0,False
2023-07-25 01:00:00,crop_wheat,57.57,,37.92,77.42,1920.35,205,maturity,0.0,False
2023-07-25 04:00:00,crop_wheat,8.19,,16.06,61.72,2369.37,205,flowering,0.0,False
2023-07-25 04:30:00,crop_wheat,24.03,,41.04,64.17,342.91,205,maturity,0.0,False
2023-07-25 05:00:00,crop_wheat,60.1,,13.02,69.86,2196.9,205,maturity,0.0,False
2023-07-25 12:00:00,crop_wheat,21.39,,12.28,33.91,2116.88,205,vegetative,0.0,False
2023-07-25 15:00:00,crop_wheat,48.72,,28.19,27.32,1747.09,205,vegetative,0.0,False
2023-07-25 18:30:00,crop_wheat,14.0,,35.72,77.63,180.06,205,flowering,0.0,False
2023-07-25 19:00:00,crop_wheat,40.06,,39.35,76.53,469.46,205,maturity,0.0,False
2023-07-25 19:30:00,crop_wheat,8.35,,18.87,79.03,778.07,205,vegetative,0.0,False
2023-07-26 01:00:00,crop_wheat,49.03,,17.88,85.95,156.26,206,maturity,0.0,False
2023-07-26 03:00:00,crop_wheat,15.49,,32.0,39.39,1176.57,206,vegetative,0.0,False
2023-07-26 10:00:00,crop_wheat,35.8,,33.71,25.38,402.2,206,maturity,0.0,False
2023-07-26 14:30:00,crop_wheat,58.12,,26.97,94.87,2085.38,206,flowering,0.0,False
2023-07-26 16:00:00,crop_wheat,64.11,,19.6,32.91,1044.79,206,maturity,0.0,False
2023-07-26 17:30:00,crop_wheat,64.58,,30.3,33.69,1545.62,206,vegetative,0.0,False
2023-07-26 18:30:00,crop_wheat,39.34,,37.11,38.72,2010.81,206,maturity,0.0,False
2023-07-27 00:00:00,crop_wheat,49.32,,26.5,46.44,1872.22,207,maturity,0.0,False
2023-07-27 10:00:00,crop_wheat,46.05,,40.41,58.2,1302.88,207,maturity,0.0,False
2023-07-27 11:00:00,crop_wheat,42.57,,18.52,93.76,2281.72,207,flowering,0.0,False
2023-07-27 21:00:00,crop_wheat,36.64,,27.07,49.1,1460.66,207,flowering,0.0,False
2023-07-27 22:00:00,crop_wheat,40.75,,26.88,76.98,637.61,207,vegetative,0.0,False
2023-07-28 00:30:00,crop_wheat,55.11,,28.66,64.01,636.77,208,vegetative,0.0,False
